# Blender 4.2.2 LTS
# www.blender.org
mtllib orion3.mtl
o Orion_Spacecraft_(1)
v 1.034121 4.316134 0.142590
v 1.033893 4.310651 0.151961
v 1.037231 4.313899 0.156129
v 1.037466 4.319531 0.146504
v 1.029263 4.323146 0.146411
v 1.028622 4.317913 0.155917
v 1.032220 4.302782 0.161328
v 1.035513 4.305817 0.165750
v 1.031712 4.321312 0.160168
v 1.032370 4.326687 0.150404
v 1.026565 4.310277 0.165411
v 1.021423 4.315631 0.073797
v 1.023821 4.319607 0.075827
v 1.025599 4.327602 0.121900
v 1.018266 4.327019 0.075827
v 1.021892 4.298205 0.174880
v 1.023513 4.323879 0.122306
v 0.973949 4.235425 0.131936
v 0.987319 4.235425 0.184071
v 1.012408 4.277975 0.184305
v 1.018659 4.319730 -0.001116
v 1.016261 4.315753 -0.001116
v 1.029598 4.313468 0.169919
v 1.031056 4.293211 0.175363
v 1.027881 4.290509 0.170687
v 1.200912 4.640477 0.087837
v 1.211903 4.640477 0.130697
v 1.015716 4.323133 0.073797
v 1.016381 4.327589 0.061246
v 1.013078 4.327200 -0.000000
v 1.013102 4.327143 -0.001116
v 1.024799 4.301070 0.179645
v 1.021561 4.272285 0.184962
v 1.018636 4.270134 0.180033
v 1.253688 4.640477 0.118316
v 1.322726 4.640477 0.097859
v 1.314497 4.640477 0.065768
v 1.243739 4.640477 0.079516
v 0.963980 4.235425 0.066287
v 1.194275 4.640477 0.044131
v 1.015079 4.280279 0.189318
v 1.015489 4.281210 0.188897
v 0.889587 4.054321 0.184595
v 0.890144 4.057921 0.179676
v 1.267483 4.640477 0.155976
v 1.334136 4.640477 0.129008
v 1.309527 4.640477 0.033043
v 1.237730 4.640477 0.039950
v 1.322726 4.660625 0.097859
v 1.314497 4.660625 0.065768
v 1.010798 4.323110 -0.001116
v 1.010775 4.323168 -0.000000
v 1.014116 4.323606 0.061464
v 1.023821 4.319607 -0.078059
v 1.021423 4.315631 -0.076028
v 1.014078 4.323540 -0.061467
v 1.015968 4.322982 -0.076028
v 1.192056 4.640477 -0.000000
v 0.956908 4.222986 0.066968
v 0.966979 4.222986 0.133290
v 0.883637 4.061994 0.188776
v 0.981268 4.222986 0.189010
v 0.875459 4.036232 0.174930
v 0.876388 4.040309 0.170266
v 0.979984 4.222986 0.184003
v 0.884445 4.065443 0.183774
v 1.284991 4.640477 0.192135
v 1.348616 4.640477 0.158915
v 1.227141 4.640477 0.172299
v 1.187518 4.565541 0.188110
v 1.187889 4.566109 0.188181
v 1.334136 4.660625 0.129008
v 1.307865 4.640477 -0.000000
v 1.235721 4.640477 -0.000000
v 1.309527 4.660625 0.033043
v 1.317457 4.667995 0.099420
v 1.309097 4.667995 0.066817
v 0.985164 4.277448 0.010143
v 0.985182 4.278020 0.003983
v 1.037466 4.319531 -0.148736
v 1.034121 4.316134 -0.144821
v 1.016344 4.327525 -0.061249
v 1.018517 4.326867 -0.078059
v 1.194275 4.640477 -0.044131
v 0.842591 4.027829 0.077966
v 0.853484 4.028941 0.145348
v 0.856859 4.032233 0.154686
v 0.959708 4.229205 0.051996
v 0.962214 4.233633 0.051531
v 1.013347 4.235425 0.258802
v 1.121431 4.440200 0.215070
v 1.128706 4.456957 0.207205
v 0.988603 4.235425 0.189078
v 1.014077 4.278627 0.189316
v 0.869982 4.043618 0.178955
v 0.866369 4.026464 0.165280
v 0.867539 4.030799 0.160870
v 0.871150 4.047552 0.174212
v 1.141575 4.483752 0.198007
v 1.306042 4.640477 0.226443
v 1.366028 4.640477 0.187291
v 1.246481 4.640477 0.212241
v 1.218336 4.607406 0.197227
v 1.232008 4.622217 0.206155
v 1.348616 4.660625 0.158915
v 1.203314 4.588281 0.191134
v 1.329049 4.667995 0.131066
v 1.309527 4.640477 -0.033043
v 1.237730 4.640477 -0.039950
v 1.307865 4.660625 -0.000000
v 1.304048 4.667995 0.033570
v 1.312996 4.675366 0.100742
v 1.304524 4.675366 0.067705
v 0.857053 4.032370 0.155119
v 0.862767 4.037760 0.164662
v 0.984057 4.274651 -0.019899
v 0.982778 4.271935 -0.025321
v 1.023413 4.323702 -0.122325
v 1.029660 4.322906 -0.148511
v 0.978825 4.264008 -0.036768
v 0.980111 4.266543 -0.033533
v 0.963980 4.235425 -0.066287
v 0.938436 4.194185 0.036766
v 0.939741 4.196249 0.038565
v 0.990458 4.235425 0.196314
v 0.983658 4.222986 0.198329
v 0.735218 3.781909 0.271945
v 0.861372 4.033561 0.169146
v 0.860018 4.021219 0.155637
v 0.861355 4.025693 0.151481
v 1.156044 4.511491 0.191614
v 1.330435 4.640477 0.258570
v 1.386203 4.640477 0.213863
v 1.253273 4.633339 0.231050
v 1.260049 4.629680 0.246060
v 1.269736 4.640477 0.250139
v 1.366028 4.660625 0.187291
v 1.241163 4.629922 0.215018
v 1.343761 4.667995 0.161450
v 1.203314 4.372492 0.191134
v 1.187518 4.372492 0.188110
v 1.171558 4.539107 0.188272
v 1.324742 4.675366 0.132809
v 1.314497 4.640477 -0.065768
v 1.243738 4.640477 -0.079516
v 1.309527 4.660625 -0.033043
v 1.302359 4.667995 -0.000000
v 1.299408 4.675366 0.034017
v 1.312996 4.708945 0.100742
v 1.304524 4.708945 0.067705
v 1.025498 4.327423 -0.121920
v 1.032767 4.326447 -0.152504
v 1.200912 4.640477 -0.087837
v 1.037231 4.313899 -0.158360
v 1.033893 4.310651 -0.154192
v 0.959708 4.229205 -0.051998
v 0.962603 4.234318 -0.051472
v 0.973949 4.235425 -0.131936
v 0.856617 4.022973 0.142096
v 0.842220 4.027554 0.073797
v 0.844432 4.022159 0.073797
v 0.838201 4.027032 -0.000000
v 0.929065 4.180538 0.010143
v 0.928155 4.179721 0.001618
v 1.117931 4.431752 0.218855
v 1.006782 4.222986 0.261458
v 0.766925 3.781909 0.358506
v 0.855503 4.028024 0.159344
v 0.855151 4.018425 0.145998
v 1.141575 4.372491 0.198007
v 1.156044 4.372492 0.191614
v 1.128706 4.372491 0.207205
v 1.357934 4.640477 0.288207
v 1.408948 4.640477 0.238376
v 1.264594 4.603099 0.278341
v 1.296681 4.640477 0.285628
v 1.263872 4.619517 0.262028
v 1.386203 4.660625 0.213863
v 1.243805 4.631535 0.217576
v 1.262203 4.624619 0.255056
v 1.253273 4.372492 0.231050
v 1.260049 4.372492 0.246060
v 1.361450 4.667995 0.190279
v 1.243805 4.372492 0.217576
v 1.232008 4.372492 0.206155
v 1.218336 4.372491 0.197227
v 1.339649 4.675366 0.163597
v 1.171558 4.372492 0.188272
v 1.324742 4.708945 0.132809
v 1.322726 4.640477 -0.097859
v 1.253688 4.640477 -0.118316
v 1.314497 4.660625 -0.065768
v 1.304048 4.667995 -0.033570
v 1.297698 4.675366 -0.000000
v 1.299408 4.708945 0.034017
v 1.347976 4.708945 0.086127
v 1.340376 4.708945 0.056489
v 1.029019 4.317673 -0.158018
v 1.026962 4.310037 -0.167511
v 1.022289 4.297966 -0.176981
v 1.012806 4.277735 -0.186405
v 0.987857 4.235425 -0.186173
v 0.928883 4.180376 -0.008422
v 0.842302 4.027504 -0.076029
v 0.927985 4.179570 -0.000001
v 0.966979 4.222986 -0.133290
v 0.956908 4.222986 -0.066967
v 0.838223 4.026974 -0.001116
v 0.839271 4.022281 -0.001116
v 1.105181 4.399117 0.235066
v 1.036129 4.222986 0.322069
v 1.042397 4.235425 0.318797
v 0.732524 3.781909 0.273292
v 0.764231 3.781909 0.359853
v 0.807165 3.781909 0.441614
v 0.851561 4.024670 0.149400
v 0.853694 4.026751 0.155301
v 0.842034 4.018182 0.075827
v 1.178984 4.372492 0.241454
v 1.163958 4.372492 0.248090
v 1.117931 4.372491 0.218855
v 1.149678 4.372492 0.255612
v 1.388275 4.640477 0.315068
v 1.434043 4.640477 0.260593
v 1.237708 4.504642 0.334811
v 1.327058 4.640477 0.318367
v 1.244529 4.522387 0.327436
v 1.408948 4.660625 0.238376
v 1.262189 4.582580 0.294373
v 1.263872 4.372492 0.262028
v 1.264594 4.372491 0.278341
v 1.381947 4.667995 0.217275
v 1.256470 4.372491 0.253397
v 1.245352 4.372492 0.228792
v 1.357574 4.675366 0.192809
v 1.235049 4.372492 0.228161
v 1.339649 4.708945 0.163597
v 1.222762 4.372492 0.229182
v 1.208962 4.372492 0.231814
v 1.194180 4.372492 0.235958
v 1.358514 4.708945 0.114894
v 1.211903 4.640477 -0.130697
v 1.334136 4.640477 -0.129008
v 1.267483 4.640477 -0.155976
v 1.322726 4.660625 -0.097859
v 1.309096 4.667995 -0.066817
v 1.299408 4.675366 -0.034017
v 1.297698 4.708945 -0.000000
v 1.335787 4.708945 0.026266
v 1.347976 4.684489 0.086127
v 1.340376 4.684489 0.056489
v 1.032109 4.321072 -0.162268
v 1.035513 4.305817 -0.167981
v 1.032220 4.302782 -0.163559
v 0.980523 4.222986 -0.186105
v 1.098813 4.377014 0.250729
v 1.105181 4.372491 0.235066
v 1.107790 4.372492 0.275164
v 1.098137 4.372492 0.255230
v 1.071417 4.222986 0.379578
v 1.077326 4.235425 0.375722
v 0.610081 3.554365 0.309024
v 0.607387 3.554365 0.310371
v 0.804472 3.781909 0.442961
v 0.643418 3.554365 0.408735
v 0.855552 3.781909 0.520470
v 0.712349 3.781909 0.182765
v 1.202664 4.372491 0.293808
v 1.187637 4.372491 0.300445
v 1.172441 4.372491 0.305940
v 1.135144 4.372492 0.264615
v 1.421165 4.640477 0.338895
v 1.461246 4.640477 0.280301
v 1.163427 4.235425 0.478203
v 1.213769 4.235425 0.522773
v 1.360574 4.640477 0.348039
v 1.434043 4.660625 0.260593
v 1.224838 4.476850 0.344009
v 1.248483 4.532520 0.323161
v 1.405055 4.667995 0.242179
v 1.256749 4.558749 0.309507
v 1.262189 4.372491 0.294373
v 1.378344 4.675366 0.220164
v 1.250077 4.372491 0.261401
v 1.357574 4.708945 0.192809
v 1.371887 4.708945 0.142514
v 1.241114 4.372492 0.269766
v 1.229926 4.372492 0.278168
v 1.216943 4.372492 0.286287
v 1.358514 4.684489 0.114894
v 1.348616 4.640477 -0.158915
v 1.284991 4.640477 -0.192135
v 1.334136 4.660625 -0.129008
v 1.317457 4.667995 -0.099420
v 1.304524 4.675366 -0.067705
v 1.299408 4.708945 -0.034017
v 1.334252 4.708945 -0.004250
v 1.335787 4.684489 0.026266
v 1.395306 4.684489 0.073566
v 1.388885 4.684489 0.048527
v 1.031056 4.293211 -0.177594
v 1.027880 4.290509 -0.172918
v 1.029995 4.313228 -0.172019
v 0.842476 4.027632 -0.077977
v 0.853725 4.028796 -0.147500
v 0.856617 4.022973 -0.144328
v 0.844432 4.022159 -0.076029
v 0.856357 4.031363 -0.154784
v 0.884839 4.065205 -0.185875
v 0.871544 4.047314 -0.176313
v 0.863161 4.037522 -0.166763
v 0.857447 4.032131 -0.157220
v 1.018636 4.270134 -0.182264
v 0.836872 4.018305 -0.001116
v 1.098813 4.372492 0.250729
v 1.120531 4.372492 0.274970
v 1.111457 4.372492 0.282739
v 1.132084 4.372491 0.316356
v 1.111645 4.372492 0.283046
v 1.112306 4.222986 0.433432
v 1.117799 4.235425 0.429028
v 0.646112 3.554365 0.407388
v 0.584094 3.554365 0.207685
v 0.852858 3.781909 0.521817
v 0.689145 3.554365 0.503175
v 1.014445 4.008233 0.511566
v 1.054505 4.103892 0.472113
v 0.840140 4.023645 0.078202
v 0.839939 4.023507 0.075827
v 0.698539 3.781909 0.091825
v 1.224838 4.372491 0.344009
v 1.210369 4.372491 0.350402
v 1.194856 4.372491 0.353744
v 1.154555 4.372491 0.311854
v 1.456287 4.640477 0.359459
v 1.490296 4.640477 0.297309
v 1.396906 4.640477 0.374360
v 1.279653 4.250688 0.562308
v 1.461246 4.660625 0.280301
v 1.158402 4.222986 0.483112
v 1.209261 4.222986 0.528139
v 1.222647 4.472838 0.344978
v 1.430550 4.667995 0.264751
v 1.237708 4.372491 0.334811
v 1.248483 4.372491 0.323161
v 1.401758 4.675366 0.245399
v 1.256749 4.372491 0.309507
v 1.378344 4.708945 0.220164
v 1.387967 4.708945 0.168721
v 1.371887 4.684489 0.142514
v 1.404209 4.684489 0.097869
v 1.170868 4.537694 -0.188728
v 1.186826 4.564226 -0.188396
v 1.187192 4.564790 -0.188463
v 1.227141 4.640477 -0.172299
v 1.246481 4.640477 -0.212241
v 1.231505 4.621563 -0.205967
v 1.217738 4.606491 -0.197185
v 1.366028 4.640477 -0.187291
v 1.306042 4.640477 -0.226443
v 1.348616 4.660625 -0.158915
v 1.329049 4.667995 -0.131066
v 1.312996 4.675366 -0.100742
v 1.304524 4.708945 -0.067705
v 1.335787 4.708945 -0.034767
v 1.334252 4.684489 -0.004250
v 1.385008 4.684489 0.022994
v 1.395306 4.669749 0.073566
v 1.388885 4.669749 0.048527
v 1.021561 4.272285 -0.187193
v 1.025196 4.300830 -0.181745
v 0.861355 4.025693 -0.153712
v 0.890144 4.057921 -0.181907
v 1.138561 4.372492 0.315737
v 1.142436 4.372491 0.333226
v 1.064403 4.118462 0.471103
v 1.065119 4.119278 0.471259
v 1.158248 4.372491 0.354052
v 1.174412 4.392666 0.356463
v 0.691839 3.554365 0.501828
v 0.587703 3.513674 0.315655
v 0.624506 3.513674 0.416129
v 0.561158 3.513674 0.212141
v 0.568401 3.554365 0.104345
v 0.744129 3.554365 0.592782
v 0.746823 3.554365 0.591435
v 1.060188 4.112929 0.470885
v 1.027812 3.999125 0.500082
v 1.089712 4.071999 0.442971
v 0.911617 3.781909 0.594313
v 1.014329 4.007650 0.511975
v 1.210369 4.449758 0.350402
v 1.194856 4.424350 0.353744
v 1.174412 4.372491 0.356463
v 1.493304 4.640477 0.376561
v 1.520912 4.640477 0.311454
v 1.490296 4.660625 0.297309
v 1.296310 4.250688 0.571246
v 1.338892 4.250688 0.594094
v 1.435704 4.640477 0.397075
v 1.458187 4.667995 0.284773
v 1.118018 4.125958 0.522558
v 1.165273 4.124907 0.565210
v 1.273921 4.235276 0.569056
v 1.272827 4.232333 0.570344
v 1.427592 4.675366 0.268271
v 1.401758 4.708945 0.245399
v 1.406600 4.708945 0.193262
v 1.387967 4.684489 0.168721
v 1.415507 4.684489 0.121203
v 1.404209 4.669749 0.097869
v 1.155391 4.510037 -0.192235
v 1.186826 4.372492 -0.188396
v 1.170868 4.372491 -0.188728
v 1.202652 4.587142 -0.191252
v 1.202652 4.372491 -0.191252
v 1.241093 4.629783 -0.215054
v 1.269736 4.640477 -0.250139
v 1.259968 4.630009 -0.245571
v 1.253034 4.633362 -0.230635
v 1.386203 4.640477 -0.213863
v 1.330435 4.640477 -0.258570
v 1.366028 4.660625 -0.187291
v 1.343760 4.667995 -0.161450
v 1.324742 4.675366 -0.132809
v 1.312996 4.708945 -0.100742
v 1.340376 4.708945 -0.064990
v 1.335787 4.684489 -0.034767
v 1.383712 4.684489 -0.002787
v 1.385008 4.669749 0.022994
v 1.432672 4.669749 0.063649
v 1.427183 4.669749 0.042241
v 0.889587 4.054321 -0.186826
v 1.019066 4.287754 -0.187837
v 1.015629 4.279947 -0.191368
v 0.855151 4.018425 -0.148229
v 0.860018 4.021219 -0.157868
v 0.842034 4.018182 -0.078059
v 1.156730 4.372491 0.352052
v 1.068169 4.122507 0.471784
v 1.116335 4.125901 0.520793
v 1.071064 4.124352 0.473328
v 0.671215 3.513674 0.512596
v 0.587992 3.506433 0.315569
v 0.624786 3.506433 0.416016
v 0.561455 3.506433 0.212083
v 0.545129 3.513674 0.106584
v 0.563154 3.554365 -0.000000
v 0.693921 3.781909 -0.000000
v 0.810533 3.554365 0.675347
v 1.012922 3.999457 0.517465
v 0.835845 4.023029 -0.000000
v 1.531859 4.640477 0.390036
v 1.552801 4.640477 0.322599
v 1.476594 4.640477 0.415967
v 1.400816 4.250688 0.619845
v 1.520912 4.660625 0.311454
v 1.487700 4.667995 0.302052
v 1.292687 4.249652 0.569963
v 1.455597 4.675366 0.288559
v 1.166884 4.123084 0.568049
v 1.427592 4.708945 0.268271
v 1.427606 4.708945 0.215900
v 1.406600 4.684489 0.193262
v 1.429092 4.684489 0.143343
v 1.415507 4.669749 0.121203
v 1.440284 4.669749 0.084428
v 1.140990 4.482319 -0.198781
v 1.155391 4.372491 -0.192235
v 1.213425 4.372492 -0.221808
v 1.200554 4.372492 -0.227295
v 1.231505 4.372492 -0.205967
v 1.217738 4.372491 -0.197185
v 1.243423 4.631249 -0.217262
v 1.262326 4.624878 -0.254975
v 1.259968 4.372492 -0.245571
v 1.253034 4.372491 -0.230635
v 1.408948 4.640477 -0.238376
v 1.357934 4.640477 -0.288207
v 1.386203 4.660625 -0.213863
v 1.361450 4.667995 -0.190279
v 1.339649 4.675366 -0.163597
v 1.324742 4.708945 -0.132809
v 1.347976 4.708945 -0.094628
v 1.340376 4.684489 -0.064990
v 1.385008 4.684489 -0.028568
v 1.383712 4.669749 -0.002787
v 1.423867 4.669749 0.020411
v 1.432672 4.653138 0.063649
v 1.427183 4.653138 0.042241
v 0.875459 4.036232 -0.177162
v 0.876388 4.040309 -0.172497
v 0.851802 4.024525 -0.151552
v 0.855897 4.027786 -0.161446
v 0.853192 4.025881 -0.155399
v 0.867539 4.030799 -0.163101
v 0.866369 4.026464 -0.167511
v 0.835867 4.022973 -0.001116
v 0.840022 4.023457 -0.078059
v 1.103100 4.083001 0.439135
v 1.107757 4.086105 0.439096
v 1.097540 4.078835 0.440007
v 1.111008 4.087554 0.440354
v 1.155151 4.089717 0.488764
v 0.727378 3.513674 0.604126
v 0.671482 3.506433 0.512457
v 0.589903 3.497217 0.315003
v 0.626631 3.497217 0.415270
v 0.563413 3.497217 0.211703
v 0.545430 3.506433 0.106555
v 0.539768 3.513674 -0.000000
v 0.651470 3.706119 -0.021971
v 0.649209 3.702112 -0.022801
v 0.792456 3.513674 0.689838
v 1.024201 3.992495 0.507671
v 1.012870 3.994184 0.521917
v 1.571580 4.640477 0.399755
v 1.585654 4.640477 0.330638
v 1.552801 4.660625 0.322599
v 1.464773 4.250688 0.639380
v 1.519183 4.640477 0.430852
v 1.518806 4.667995 0.316423
v 1.337746 4.246073 0.596427
v 1.398973 4.241209 0.624803
v 1.485503 4.675366 0.306068
v 1.333422 4.233938 0.602549
v 1.455597 4.708945 0.288559
v 1.167594 4.119083 0.571778
v 1.199293 4.091879 0.537175
v 1.167246 4.110468 0.578147
v 1.166499 4.104701 0.581729
v 1.450782 4.708945 0.236419
v 1.427606 4.684489 0.215900
v 1.444833 4.684489 0.164076
v 1.429092 4.669749 0.143343
v 1.449943 4.669749 0.104378
v 1.440284 4.653138 0.084428
v 1.128219 4.455605 -0.208115
v 1.140990 4.372491 -0.198781
v 1.187032 4.372492 -0.234480
v 1.225150 4.372491 -0.218228
v 1.239396 4.372492 -0.257993
v 1.230216 4.372492 -0.268628
v 1.243423 4.372492 -0.217262
v 1.263961 4.620209 -0.261498
v 1.263961 4.372492 -0.261498
v 1.264857 4.604044 -0.277803
v 1.296681 4.640477 -0.285628
v 1.434042 4.640477 -0.260593
v 1.388275 4.640477 -0.315068
v 1.408948 4.660625 -0.238376
v 1.381947 4.667995 -0.217275
v 1.357574 4.675366 -0.192809
v 1.339649 4.708945 -0.163597
v 1.358513 4.708945 -0.123395
v 1.347976 4.684489 -0.094628
v 1.388885 4.684489 -0.054101
v 1.385008 4.669749 -0.028568
v 1.422759 4.669749 -0.001632
v 1.423867 4.653138 0.020411
v 1.506046 4.653138 0.044176
v 1.502384 4.653138 0.029898
v 0.884032 4.061756 -0.190877
v 0.981807 4.222987 -0.191112
v 0.989141 4.235425 -0.191180
v 0.840035 4.023465 -0.078211
v 0.712348 3.781909 -0.182765
v 0.735217 3.781909 -0.271945
v 0.727630 3.506433 0.603962
v 0.673243 3.497217 0.511537
v 0.576240 3.467354 0.319052
v 0.613440 3.467354 0.420607
v 0.549410 3.467354 0.214424
v 0.547417 3.497217 0.106364
v 0.540071 3.506433 -0.000000
v 0.654219 3.710893 -0.022069
v 0.792690 3.506433 0.689651
v 0.865821 3.513674 0.768907
v 0.882357 3.554365 0.752755
v 0.935119 3.781909 0.619642
v 0.938016 3.787288 0.618164
v 1.022858 3.988535 0.513167
v 1.013396 3.990310 0.525797
v 0.698539 3.781909 -0.091824
v 1.612085 4.640477 0.405624
v 1.619156 4.640477 0.335492
v 1.585654 4.660625 0.330638
v 1.530113 4.250688 0.652589
v 1.563061 4.640477 0.441588
v 1.551203 4.667995 0.327746
v 1.462743 4.236143 0.647161
v 1.517021 4.675366 0.320630
v 1.485503 4.708945 0.306068
v 1.395277 4.229024 0.631216
v 1.475905 4.708945 0.254620
v 1.167724 4.113684 0.576077
v 1.200258 4.090637 0.540542
v 1.199818 4.087739 0.545206
v 1.067526 3.986558 0.569609
v 1.111668 3.988721 0.618019
v 1.198475 4.083780 0.550702
v 1.194865 4.077150 0.558291
v 1.176556 3.948306 0.701879
v 1.111673 3.814412 0.749754
v 1.121338 3.810047 0.759852
v 1.205292 3.979187 0.702611
v 1.224463 4.026797 0.683321
v 1.191965 3.948306 0.714559
v 1.322107 4.223031 0.600759
v 1.333499 4.223857 0.607793
v 1.367491 4.222847 0.623955
v 1.393148 4.222161 0.634940
v 1.450782 4.684489 0.236419
v 1.462579 4.684489 0.183201
v 1.444833 4.669749 0.164076
v 1.461559 4.669749 0.123308
v 1.449943 4.653138 0.104378
v 1.511122 4.653138 0.058035
v 1.122207 4.441670 -0.214756
v 1.013347 4.235425 -0.258801
v 1.128219 4.372491 -0.208115
v 1.173378 4.372491 -0.243085
v 1.219236 4.372492 -0.279357
v 1.235279 4.372491 -0.216693
v 1.246423 4.372492 -0.247862
v 1.262622 4.372492 -0.293860
v 1.257343 4.372492 -0.309050
v 1.251028 4.372492 -0.238624
v 1.264857 4.372492 -0.277803
v 1.262622 4.583739 -0.293860
v 1.249222 4.533957 -0.322792
v 1.246312 4.526423 -0.326007
v 1.238572 4.506073 -0.334556
v 1.327058 4.640477 -0.318367
v 1.213768 4.235425 -0.522773
v 1.163426 4.235425 -0.478203
v 1.360573 4.640477 -0.348039
v 1.461246 4.640477 -0.280301
v 1.421164 4.640477 -0.338895
v 1.434042 4.660625 -0.260593
v 1.405054 4.667995 -0.242179
v 1.378343 4.675366 -0.220164
v 1.357574 4.708945 -0.192809
v 1.371887 4.708945 -0.151015
v 1.358513 4.684489 -0.123395
v 1.395306 4.684489 -0.079140
v 1.388885 4.669749 -0.054101
v 1.423867 4.669749 -0.023675
v 1.422759 4.653138 -0.001632
v 1.500173 4.653138 0.015338
v 1.506046 4.633005 0.044176
v 1.502384 4.633005 0.029898
v 0.870376 4.043380 -0.181056
v 0.861766 4.033322 -0.171248
v 0.983657 4.222986 -0.198329
v 0.990458 4.235425 -0.196314
v 1.007216 4.266078 -0.191348
v 0.587703 3.513674 -0.315655
v 0.561158 3.513674 -0.212141
v 1.022418 3.985638 0.517831
v 1.023384 3.984396 0.521198
v 0.729290 3.497217 0.602878
v 0.660651 3.467354 0.518112
v 0.575319 3.440737 0.319325
v 0.612551 3.440737 0.420967
v 0.548466 3.440737 0.214607
v 0.533208 3.467354 0.107731
v 0.542067 3.497217 -0.000000
v 0.545430 3.506433 -0.106555
v 0.545129 3.513674 -0.106583
v 0.648805 3.701396 -0.022949
v 0.663594 3.706119 -0.021971
v 0.661334 3.702112 -0.022801
v 0.656946 3.715537 -0.023239
v 0.666343 3.710893 -0.022069
v 0.794233 3.497217 0.688414
v 0.866035 3.506433 0.768698
v 0.971064 3.718596 0.707014
v 0.970078 3.718603 0.706136
v 0.929286 3.771076 0.622400
v 0.932404 3.747069 0.645803
v 0.951576 3.724702 0.685140
v 0.974823 3.781909 0.662433
v 1.014825 3.988614 0.528788
v 0.667530 3.731811 -0.047712
v 0.666837 3.731080 -0.042293
v 1.648268 4.640477 0.407360
v 1.649084 4.640477 0.336928
v 1.607805 4.640477 0.448071
v 1.593676 4.570081 0.484993
v 1.594397 4.571285 0.484431
v 1.619156 4.660625 0.335492
v 1.568759 4.460765 0.541896
v 1.570457 4.489620 0.526169
v 1.531909 4.250688 0.652849
v 1.584580 4.667995 0.335913
v 1.528443 4.230924 0.663287
v 1.549850 4.675366 0.332103
v 1.517021 4.708945 0.320630
v 1.459702 4.223907 0.653804
v 1.502734 4.708945 0.270327
v 1.475905 4.684489 0.254620
v 1.114920 3.990170 0.619277
v 1.119577 3.993273 0.619238
v 1.061520 3.990211 0.577747
v 1.109056 3.989153 0.620652
v 1.060095 3.990163 0.576253
v 1.153376 4.073323 0.594655
v 1.132964 4.004276 0.615402
v 1.126685 4.008872 0.620978
v 1.246346 4.075780 0.660453
v 1.296925 4.173885 0.618830
v 1.316566 4.209643 0.605682
v 1.351551 4.173247 0.565331
v 1.383520 4.172091 0.573636
v 1.393632 4.171726 0.576263
v 1.482159 4.684489 0.200536
v 1.462579 4.669749 0.183201
v 1.475017 4.669749 0.141034
v 1.461559 4.653138 0.123308
v 1.517565 4.653138 0.071341
v 1.511122 4.633005 0.058035
v 1.117569 4.430393 -0.219879
v 1.117569 4.372491 -0.219879
v 1.160118 4.372491 -0.252780
v 1.206879 4.372492 -0.289770
v 1.249222 4.372492 -0.322792
v 1.257343 4.560073 -0.309050
v 1.238572 4.372492 -0.334556
v 1.225801 4.478244 -0.343890
v 1.209260 4.222986 -0.528139
v 1.158401 4.222986 -0.483112
v 1.396905 4.640477 -0.374360
v 1.279652 4.250688 -0.562307
v 1.117799 4.235425 -0.429028
v 1.221649 4.470578 -0.345778
v 1.490295 4.640477 -0.297309
v 1.456287 4.640477 -0.359459
v 1.461246 4.660625 -0.280301
v 1.430550 4.667995 -0.264751
v 1.401758 4.675366 -0.245399
v 1.378343 4.708945 -0.220164
v 1.387967 4.708945 -0.177222
v 1.371887 4.684489 -0.151015
v 1.404209 4.684489 -0.103443
v 1.395306 4.669749 -0.079140
v 1.427182 4.669749 -0.045505
v 1.423867 4.653138 -0.023675
v 1.499434 4.653138 0.000636
v 1.500173 4.633005 0.015338
v 1.517565 4.633005 0.071341
v 1.525312 4.633005 0.083966
v 1.534288 4.633005 0.095788
v 1.544407 4.633005 0.106695
v 1.555573 4.633005 0.116579
v 1.567676 4.633005 0.125348
v 1.580601 4.633005 0.132915
v 1.594223 4.633005 0.139208
v 1.608411 4.633005 0.144167
v 1.623028 4.633005 0.147744
v 1.637933 4.633005 0.149903
v 1.651249 4.633005 0.150542
v 1.652984 4.633005 0.150626
v 1.654720 4.633005 0.150542
v 1.668035 4.633005 0.149903
v 1.682941 4.633005 0.147744
v 1.697558 4.633005 0.144167
v 1.711746 4.633005 0.139208
v 1.725368 4.633005 0.132915
v 1.738293 4.633005 0.125348
v 1.750396 4.633005 0.116579
v 1.761561 4.633005 0.106695
v 1.771680 4.633005 0.095788
v 1.780657 4.633005 0.083966
v 1.788404 4.633005 0.071341
v 1.794846 4.633005 0.058035
v 1.799923 4.633005 0.044176
v 1.803584 4.633005 0.029898
v 1.805795 4.633005 0.015338
v 1.806535 4.633005 0.000636
v 1.805795 4.633005 -0.014065
v 1.803584 4.633005 -0.028625
v 1.799923 4.633005 -0.042903
v 1.794846 4.633005 -0.056762
v 1.788404 4.633005 -0.070068
v 1.780657 4.633005 -0.082693
v 1.771681 4.633005 -0.094516
v 1.761561 4.633005 -0.105422
v 1.750396 4.633005 -0.115307
v 1.738293 4.633005 -0.124075
v 1.725368 4.633005 -0.131642
v 1.711746 4.633005 -0.137936
v 1.697558 4.633005 -0.142894
v 1.682941 4.633005 -0.146471
v 1.668036 4.633005 -0.148631
v 1.652984 4.633005 -0.149353
v 1.637933 4.633005 -0.148631
v 1.623027 4.633005 -0.146471
v 1.608410 4.633005 -0.142894
v 1.594222 4.633005 -0.137936
v 1.580601 4.633005 -0.131642
v 1.567676 4.633005 -0.124075
v 1.555573 4.633005 -0.115307
v 1.544407 4.633005 -0.105422
v 1.534288 4.633005 -0.094516
v 1.525311 4.633005 -0.082693
v 1.517565 4.633005 -0.070068
v 1.511122 4.633005 -0.056762
v 1.506046 4.633005 -0.042903
v 1.502384 4.633005 -0.028625
v 1.500173 4.633005 -0.014065
v 1.499434 4.633005 0.000636
v 0.766924 3.781909 -0.358506
v 1.006781 4.222986 -0.261458
v 0.674681 3.730857 -0.129796
v 0.674148 3.728628 -0.134808
v 0.587992 3.506433 -0.315569
v 0.561455 3.506433 -0.212083
v 0.624506 3.513674 -0.416129
v 0.658973 3.699079 -0.147787
v 0.661807 3.703660 -0.148943
v 0.717419 3.467354 0.610627
v 0.659802 3.440737 0.518555
v 0.581198 3.417532 0.317583
v 0.618227 3.417532 0.418670
v 0.554492 3.417532 0.213436
v 0.532250 3.440737 0.107823
v 0.527790 3.467354 -0.000000
v 0.547417 3.497217 -0.106363
v 0.639779 3.683129 -0.052224
v 0.639620 3.683333 -0.046719
v 0.660929 3.701396 -0.022949
v 0.646326 3.696907 -0.024965
v 0.659547 3.719870 -0.025436
v 0.669070 3.715537 -0.023239
v 0.783197 3.467354 0.697261
v 0.867446 3.497217 0.767319
v 0.946958 3.506433 0.840343
v 0.946766 3.513674 0.840571
v 0.956722 3.718698 0.694240
v 0.986424 3.748504 0.697981
v 0.986358 3.749083 0.697484
v 0.973649 3.718577 0.709317
v 1.004112 3.820336 0.658580
v 1.031040 3.818853 0.683571
v 0.665638 3.729441 -0.037170
v 0.679654 3.731811 -0.047712
v 0.678961 3.731080 -0.042293
v 0.667690 3.731607 -0.053217
v 1.652984 4.640477 0.407586
v 1.652984 4.640477 0.337115
v 1.647775 4.640477 0.449989
v 1.621032 4.605625 0.467653
v 1.636821 4.615307 0.463147
v 1.649084 4.660625 0.336928
v 1.606317 4.590548 0.475144
v 1.618617 4.667995 0.340844
v 1.583671 4.675366 0.340379
v 1.549850 4.708945 0.332103
v 1.526076 4.218634 0.670096
v 1.531010 4.708945 0.283391
v 1.411090 4.221454 0.640774
v 1.454662 4.219736 0.654943
v 1.502734 4.684489 0.270327
v 1.503384 4.684489 0.215912
v 1.125136 3.997440 0.618366
v 1.112133 3.990872 0.622045
v 1.116113 3.994768 0.622548
v 1.098653 3.815130 0.739609
v 1.057805 3.817379 0.708408
v 1.270500 4.124809 0.638956
v 1.224343 4.022089 0.675488
v 1.252490 4.060011 0.651555
v 1.207809 3.981405 0.698200
v 1.482159 4.669749 0.200536
v 1.490190 4.669749 0.157386
v 1.475017 4.653138 0.141034
v 1.525312 4.653138 0.083966
v 1.147761 4.372491 -0.263192
v 1.193619 4.372492 -0.299465
v 1.225801 4.372491 -0.343890
v 1.044559 3.781909 -0.724173
v 0.974822 3.781909 -0.662433
v 1.274731 4.238600 -0.568079
v 1.112306 4.222986 -0.433432
v 1.435703 4.640477 -0.397075
v 1.337745 4.246073 -0.596427
v 1.520912 4.640477 -0.311454
v 1.493303 4.640477 -0.376561
v 1.490295 4.660625 -0.297309
v 1.458187 4.667995 -0.284773
v 1.427592 4.675366 -0.268271
v 1.401758 4.708945 -0.245399
v 1.406600 4.708945 -0.201762
v 1.387967 4.684489 -0.177222
v 1.415507 4.684489 -0.126777
v 1.404209 4.669749 -0.103443
v 1.432672 4.669749 -0.066913
v 1.427182 4.653138 -0.045505
v 1.500173 4.653138 -0.014065
v 1.502384 4.653138 -0.028625
v 1.506046 4.653138 -0.042903
v 1.511122 4.653138 -0.056762
v 1.517565 4.653138 -0.070068
v 1.525311 4.653138 -0.082693
v 1.534288 4.653138 -0.094516
v 1.544407 4.653138 -0.105422
v 1.555573 4.653138 -0.115307
v 1.567676 4.653138 -0.124075
v 1.580601 4.653138 -0.131642
v 1.594222 4.653138 -0.137936
v 1.608410 4.653138 -0.142894
v 1.623027 4.653138 -0.146471
v 1.637933 4.653138 -0.148631
v 1.652984 4.653138 -0.149353
v 1.668036 4.653138 -0.148631
v 1.682941 4.653138 -0.146471
v 1.697558 4.653138 -0.142894
v 1.711746 4.653138 -0.137936
v 1.725368 4.653138 -0.131642
v 1.738293 4.653138 -0.124075
v 1.750396 4.653138 -0.115307
v 1.761561 4.653138 -0.105422
v 1.771681 4.653138 -0.094516
v 1.780657 4.653138 -0.082693
v 1.788404 4.653138 -0.070068
v 1.794846 4.653138 -0.056762
v 1.799923 4.653138 -0.042903
v 1.803584 4.653138 -0.028625
v 1.805795 4.653138 -0.014065
v 1.806535 4.653138 0.000636
v 1.805795 4.653138 0.015338
v 1.803584 4.653138 0.029898
v 1.799923 4.653138 0.044176
v 1.794846 4.653138 0.058035
v 1.788404 4.653138 0.071341
v 1.780657 4.653138 0.083966
v 1.771680 4.653138 0.095788
v 1.761561 4.653138 0.106695
v 1.750396 4.653138 0.116579
v 1.738293 4.653138 0.125348
v 1.725368 4.653138 0.132915
v 1.711746 4.653138 0.139208
v 1.697558 4.653138 0.144167
v 1.682941 4.653138 0.147744
v 1.668035 4.653138 0.149903
v 1.654720 4.653138 0.150542
v 1.652984 4.653138 0.150626
v 1.651249 4.653138 0.150542
v 1.637933 4.653138 0.149903
v 1.623028 4.653138 0.147744
v 1.608411 4.653138 0.144167
v 1.594223 4.653138 0.139208
v 1.580601 4.653138 0.132915
v 1.567676 4.653138 0.125348
v 1.555573 4.653138 0.116579
v 1.544407 4.653138 0.106695
v 1.534288 4.653138 0.095788
v 0.807165 3.781909 -0.441614
v 1.036129 4.222986 -0.322069
v 1.042396 4.235425 -0.318797
v 1.104992 4.397929 -0.236225
v 0.674659 3.732217 -0.124456
v 0.687618 3.720807 -0.132599
v 0.688106 3.723060 -0.127595
v 0.673084 3.725618 -0.139299
v 0.589903 3.497217 -0.315003
v 0.563413 3.497217 -0.211703
v 0.624785 3.506433 -0.416016
v 0.671215 3.513674 -0.512596
v 0.664583 3.708420 -0.149035
v 0.672548 3.691196 -0.145561
v 0.675394 3.695771 -0.146715
v 0.656189 3.694851 -0.145611
v 0.716618 3.440737 0.611149
v 0.665220 3.417532 0.515726
v 0.598678 3.391597 0.312725
v 0.635103 3.391597 0.412165
v 0.572407 3.391597 0.210278
v 0.538364 3.417532 0.107235
v 0.526827 3.440737 -0.000000
v 0.533208 3.467354 -0.107730
v 0.647582 3.684393 -0.128895
v 0.649174 3.685807 -0.133978
v 0.640472 3.683861 -0.057643
v 0.651744 3.683333 -0.046719
v 0.651904 3.683129 -0.052224
v 0.640000 3.684464 -0.041339
v 0.658451 3.696907 -0.024965
v 0.644129 3.692823 -0.027943
v 0.661921 3.723726 -0.028576
v 0.671671 3.719870 -0.025436
v 0.782453 3.440737 0.697857
v 0.857351 3.467354 0.777180
v 0.948225 3.497217 0.838835
v 0.994342 3.718430 0.727749
v 0.983497 3.718507 0.718089
v 1.034682 3.506433 0.903894
v 1.034514 3.513674 0.904139
v 0.985991 3.752323 0.694708
v 0.987650 3.745183 0.701580
v 0.994242 3.740674 0.688085
v 0.994181 3.741248 0.687583
v 0.976674 3.718556 0.712011
v 0.986369 3.756494 0.691886
v 0.952669 3.810047 0.614495
v 0.989867 3.818649 0.647229
v 0.980417 3.817530 0.638001
v 0.663978 3.726958 -0.032538
v 0.677762 3.729441 -0.037170
v 0.679814 3.731607 -0.053217
v 0.679434 3.730476 -0.058598
v 0.678530 3.728460 -0.063647
v 0.677135 3.725638 -0.068170
v 0.675304 3.722117 -0.071994
v 0.673107 3.718034 -0.074971
v 0.670629 3.713545 -0.076987
v 0.667964 3.708822 -0.077966
v 0.665215 3.704047 -0.077868
v 0.662488 3.699404 -0.076698
v 0.659887 3.695071 -0.074501
v 0.657513 3.691214 -0.071361
v 0.655456 3.687982 -0.067399
v 0.653796 3.685499 -0.062767
v 0.652597 3.683861 -0.057643
v 0.652124 3.684464 -0.041339
v 0.653028 3.686480 -0.036290
v 0.654423 3.689303 -0.031766
v 0.656254 3.692823 -0.027943
v 0.674045 3.723726 -0.028576
v 0.676102 3.726958 -0.032538
v 0.667310 3.730476 -0.058598
v 1.657700 4.640477 0.407360
v 1.656885 4.640477 0.336928
v 1.648052 4.618124 0.462146
v 1.652984 4.619369 0.461706
v 1.652984 4.640477 0.450239
v 1.652984 4.660625 0.337115
v 1.644855 4.617334 0.462431
v 1.649021 4.667995 0.342303
v 1.606464 4.590771 0.475030
v 1.593676 4.372492 0.484993
v 1.606464 4.372491 0.475030
v 1.583160 4.545349 0.497160
v 1.618160 4.675366 0.345376
v 1.568759 4.372491 0.541896
v 1.570457 4.372492 0.526169
v 1.575320 4.518181 0.511064
v 1.532273 4.250688 0.652902
v 1.569687 4.443766 0.551441
v 1.583671 4.708945 0.340379
v 1.560460 4.708945 0.293684
v 1.458604 4.219581 0.656225
v 1.498197 4.217548 0.665265
v 1.593760 4.214962 0.679934
v 1.595439 4.225602 0.673026
v 1.531010 4.684489 0.283391
v 1.435713 4.170205 0.587195
v 1.477793 4.168684 0.598127
v 1.526049 4.684489 0.229182
v 1.503384 4.669749 0.215912
v 1.120672 4.000063 0.622480
v 1.200884 3.781909 0.826203
v 1.236427 3.948306 0.745845
v 1.129587 3.803762 0.770483
v 1.134433 3.800071 0.776255
v 0.990128 3.818680 0.647483
v 1.087779 3.783266 0.754513
v 1.091968 3.783588 0.757317
v 1.044560 3.781909 0.724173
v 1.057403 3.817401 0.708035
v 1.282886 4.097851 0.622132
v 1.242844 3.978346 0.731338
v 1.249532 3.980711 0.722052
v 1.127979 3.804988 0.768251
v 1.341739 4.162994 0.572948
v 1.315532 4.135610 0.593293
v 1.506931 4.669749 0.172207
v 1.490190 4.653138 0.157386
v 1.104992 4.372491 -0.236225
v 1.133697 4.372491 -0.275725
v 1.179965 4.372492 -0.308070
v 1.211401 4.451174 -0.350436
v 1.211400 4.372491 -0.350436
v 0.946766 3.513674 -0.840571
v 0.865820 3.513674 -0.768907
v 1.120155 3.781909 -0.778939
v 0.911617 3.781909 -0.594313
v 1.071417 4.222986 -0.379578
v 1.077326 4.235425 -0.375722
v 1.476593 4.640477 -0.415967
v 1.398972 4.241209 -0.624803
v 1.552800 4.640477 -0.322599
v 1.531858 4.640477 -0.390036
v 1.520912 4.660625 -0.311454
v 1.487700 4.667995 -0.302052
v 1.455597 4.675366 -0.288559
v 1.427592 4.708945 -0.268271
v 1.427606 4.708945 -0.224401
v 1.406600 4.684489 -0.201762
v 1.429092 4.684489 -0.148917
v 1.415507 4.669749 -0.126777
v 1.440284 4.669749 -0.087692
v 1.432672 4.653138 -0.066913
v 1.440284 4.653138 -0.087692
v 1.449943 4.653138 -0.107642
v 1.461559 4.653138 -0.126572
v 1.475017 4.653138 -0.144298
v 1.490190 4.653138 -0.160650
v 1.506930 4.653138 -0.175471
v 1.525077 4.653138 -0.188618
v 1.544456 4.653138 -0.199963
v 1.564880 4.653138 -0.209399
v 1.586152 4.653138 -0.216834
v 1.608068 4.653138 -0.222197
v 1.630417 4.653138 -0.225435
v 1.652984 4.653138 -0.226518
v 1.675552 4.653138 -0.225435
v 1.697900 4.653138 -0.222197
v 1.719816 4.653138 -0.216834
v 1.741089 4.653138 -0.209399
v 1.761513 4.653138 -0.199963
v 1.780891 4.653138 -0.188618
v 1.799038 4.653138 -0.175471
v 1.815779 4.653138 -0.160650
v 1.830951 4.653138 -0.144298
v 1.844410 4.653138 -0.126572
v 1.856025 4.653138 -0.107642
v 1.865685 4.653138 -0.087692
v 1.873296 4.653138 -0.066913
v 1.878786 4.653138 -0.045505
v 1.882101 4.653138 -0.023675
v 1.883210 4.653138 -0.001632
v 1.882101 4.653138 0.020411
v 1.878786 4.653138 0.042241
v 1.873296 4.653138 0.063649
v 1.865685 4.653138 0.084428
v 1.856025 4.653138 0.104378
v 1.844410 4.653138 0.123308
v 1.830951 4.653138 0.141034
v 1.815778 4.653138 0.157386
v 1.799038 4.653138 0.172207
v 1.780891 4.653138 0.185354
v 1.761512 4.653138 0.196700
v 1.741088 4.653138 0.206135
v 1.719816 4.653138 0.213570
v 1.697900 4.653138 0.218933
v 1.675551 4.653138 0.222171
v 1.655587 4.653138 0.223129
v 1.652984 4.653138 0.223254
v 1.650382 4.653138 0.223129
v 1.630418 4.653138 0.222171
v 1.608069 4.653138 0.218933
v 1.586153 4.653138 0.213570
v 1.564880 4.653138 0.206135
v 1.544456 4.653138 0.196700
v 1.525078 4.653138 0.185354
v 1.506931 4.653138 0.172207
v 0.855551 3.781909 -0.520470
v 1.098291 4.372491 -0.255547
v 1.111457 4.372491 -0.282739
v 1.098791 4.376040 -0.251954
v 0.674085 3.732658 -0.118993
v 0.686592 3.717774 -0.137084
v 0.688038 3.724448 -0.122263
v 0.671527 3.721941 -0.143096
v 0.576240 3.467354 -0.319051
v 0.549410 3.467354 -0.214423
v 0.626630 3.497217 -0.415270
v 0.671481 3.506433 -0.512457
v 0.727378 3.513674 -0.604126
v 0.667193 3.713174 -0.148060
v 0.678172 3.700529 -0.146807
v 0.669743 3.686979 -0.143389
v 0.653562 3.691138 -0.142499
v 0.721727 3.417532 0.607815
v 0.681330 3.391597 0.507637
v 0.648888 3.351814 0.297525
v 0.683577 3.351814 0.392229
v 0.623868 3.351814 0.199957
v 0.556543 3.391597 0.105808
v 0.532971 3.417532 -0.000000
v 0.532250 3.440737 -0.107823
v 0.651193 3.688084 -0.138571
v 0.660985 3.676609 -0.126698
v 0.662623 3.677997 -0.131773
v 0.646477 3.683896 -0.123519
v 0.641672 3.685499 -0.062767
v 0.640904 3.686480 -0.036290
v 0.642298 3.689303 -0.031766
v 0.787202 3.417532 0.694051
v 0.856670 3.440737 0.777845
v 0.939168 3.467354 0.849615
v 1.035791 3.497217 0.902272
v 0.980008 3.718532 0.714981
v 0.999132 3.739046 0.716389
v 0.995476 3.739358 0.712916
v 0.997811 3.718405 0.730839
v 1.072261 3.717873 0.788942
v 1.060380 3.717958 0.780275
v 1.128359 3.506433 0.958740
v 1.128217 3.513674 0.959001
v 0.989622 3.742486 0.705366
v 0.995469 3.737352 0.691683
v 0.987541 3.760855 0.689624
v 0.666405 3.728460 -0.063647
v 1.658194 4.640477 0.449989
v 1.653224 4.619387 0.461685
v 1.657916 4.618110 0.462153
v 1.656885 4.660625 0.336928
v 1.693884 4.640477 0.405624
v 1.686812 4.640477 0.335492
v 1.652984 4.667995 0.342493
v 1.636821 4.372492 0.463147
v 1.653224 4.372492 0.461685
v 1.621032 4.372492 0.467653
v 1.648969 4.675366 0.346854
v 1.583160 4.372492 0.497160
v 1.618160 4.708945 0.345376
v 1.575320 4.372492 0.511064
v 1.625089 4.372492 0.531223
v 1.623323 4.372492 0.547554
v 1.590802 4.708945 0.301108
v 1.532546 4.250688 0.652930
v 1.560460 4.684489 0.293684
v 1.525587 4.216142 0.671518
v 1.549937 4.684489 0.240219
v 1.526049 4.669749 0.229182
v 1.525078 4.669749 0.185354
v 1.056061 3.817475 0.706790
v 1.056507 3.817451 0.707204
v 1.056952 3.817426 0.707617
v 1.120156 3.781909 0.778939
v 1.098791 4.372491 -0.251954
v 1.122336 4.372492 -0.287635
v 1.164901 4.372492 -0.316156
v 0.946957 3.506433 -0.840342
v 0.866034 3.506433 -0.768698
v 1.034512 3.513674 -0.904139
v 0.792455 3.513674 -0.689838
v 1.333421 4.233938 -0.602549
v 1.158582 4.372492 -0.354492
v 1.158761 4.372668 -0.354562
v 1.195924 4.425641 -0.353943
v 1.585654 4.640477 -0.330638
v 1.571579 4.640477 -0.399755
v 1.552800 4.660625 -0.322599
v 1.518805 4.667995 -0.316423
v 1.485502 4.675366 -0.306068
v 1.455597 4.708945 -0.288559
v 1.450782 4.708945 -0.244920
v 1.427606 4.684489 -0.224401
v 1.444833 4.684489 -0.169650
v 1.429092 4.669749 -0.148917
v 1.449943 4.669749 -0.107642
v 1.461559 4.669749 -0.126572
v 1.475017 4.669749 -0.144298
v 1.490190 4.669749 -0.160650
v 1.506930 4.669749 -0.175471
v 1.525077 4.669749 -0.188618
v 1.544456 4.669749 -0.199963
v 1.564880 4.669749 -0.209399
v 1.586152 4.669749 -0.216834
v 1.608068 4.669749 -0.222197
v 1.630417 4.669749 -0.225435
v 1.652984 4.669749 -0.226518
v 1.675552 4.669749 -0.225435
v 1.697900 4.669749 -0.222197
v 1.719816 4.669749 -0.216834
v 1.741089 4.669749 -0.209399
v 1.761513 4.669749 -0.199963
v 1.780891 4.669749 -0.188618
v 1.799038 4.669749 -0.175471
v 1.815779 4.669749 -0.160650
v 1.830951 4.669749 -0.144298
v 1.844410 4.669749 -0.126572
v 1.856025 4.669749 -0.107642
v 1.865685 4.669749 -0.087692
v 1.873296 4.669749 -0.066913
v 1.878786 4.669749 -0.045505
v 1.882101 4.669749 -0.023675
v 1.883210 4.669749 -0.001632
v 1.882101 4.669749 0.020411
v 1.878786 4.669749 0.042241
v 1.873296 4.669749 0.063649
v 1.865685 4.669749 0.084428
v 1.856025 4.669749 0.104378
v 1.844410 4.669749 0.123308
v 1.830951 4.669749 0.141034
v 1.815778 4.669749 0.157386
v 1.799038 4.669749 0.172207
v 1.780891 4.669749 0.185354
v 1.761512 4.669749 0.196700
v 1.741088 4.669749 0.206135
v 1.719816 4.669749 0.213570
v 1.697900 4.669749 0.218933
v 1.675551 4.669749 0.222171
v 1.655587 4.669749 0.223129
v 1.652984 4.669749 0.223254
v 1.650382 4.669749 0.223129
v 1.630418 4.669749 0.222171
v 1.608069 4.669749 0.218933
v 1.586153 4.669749 0.213570
v 1.564880 4.669749 0.206135
v 1.544456 4.669749 0.196700
v 1.118106 4.372491 -0.293575
v 1.138530 4.372492 -0.326862
v 0.672981 3.732162 -0.113617
v 0.687416 3.724917 -0.116808
v 0.685068 3.714078 -0.140876
v 0.669538 3.717739 -0.146054
v 0.575319 3.440737 -0.319324
v 0.548466 3.440737 -0.214607
v 0.613440 3.467354 -0.420607
v 0.673242 3.497217 -0.511537
v 0.727629 3.506433 -0.603962
v 0.680775 3.705287 -0.145833
v 0.667088 3.683283 -0.140282
v 0.736915 3.391597 0.598224
v 0.727603 3.351814 0.483155
v 0.774518 3.311028 0.260300
v 0.804868 3.311028 0.343154
v 0.752629 3.311028 0.174938
v 0.608759 3.351814 0.100462
v 0.551237 3.391597 0.000323
v 0.538364 3.417532 -0.107234
v 0.664684 3.680251 -0.136359
v 0.659833 3.676141 -0.121330
v 0.659211 3.676609 -0.115875
v 0.659143 3.677997 -0.110543
v 0.659631 3.680251 -0.105538
v 0.660657 3.683283 -0.101054
v 0.662181 3.686979 -0.097261
v 0.664145 3.691196 -0.094307
v 0.666474 3.695771 -0.092304
v 0.669077 3.700529 -0.091330
v 0.671855 3.705287 -0.091422
v 0.674701 3.709862 -0.092577
v 0.677506 3.714078 -0.094749
v 0.680161 3.717774 -0.097856
v 0.682565 3.720807 -0.101778
v 0.684626 3.723060 -0.106365
v 0.686264 3.724448 -0.111440
v 0.683104 3.709862 -0.143830
v 0.645903 3.684337 -0.118057
v 0.651107 3.698976 -0.096388
v 0.643332 3.687982 -0.067399
v 0.801322 3.391597 0.683053
v 0.861014 3.417532 0.773602
v 0.938557 3.440737 0.850342
v 1.027859 3.467354 0.913868
v 1.129301 3.497217 0.957020
v 1.003094 3.739595 0.719481
v 0.992264 3.740520 0.709193
v 1.007261 3.730905 0.706101
v 1.003486 3.731336 0.702777
v 1.001198 3.718381 0.733856
v 1.056618 3.717985 0.777531
v 1.076118 3.738737 0.777172
v 1.072235 3.739275 0.773983
v 1.075994 3.717846 0.791665
v 1.157325 3.506433 0.972122
v 1.157190 3.513674 0.972386
v 0.997474 3.734622 0.695427
v 0.993841 3.744461 0.684772
v 0.994282 3.748569 0.681870
v 0.989464 3.765240 0.688008
v 0.995546 3.752838 0.679491
v 0.662334 3.718605 -0.095308
v 0.665011 3.725638 -0.068170
v 1.661123 4.617255 0.462474
v 1.656947 4.667995 0.342303
v 1.686812 4.660625 0.335492
v 1.685351 4.604959 0.467995
v 1.698164 4.640477 0.448071
v 1.669611 4.614946 0.463322
v 1.734389 4.640477 0.399755
v 1.720314 4.640477 0.330638
v 1.652984 4.675366 0.347047
v 1.647308 4.372492 0.467416
v 1.648969 4.708945 0.346854
v 1.636350 4.372492 0.487174
v 1.631730 4.372492 0.500442
v 1.621742 4.708945 0.305591
v 1.570290 4.432509 0.557641
v 1.570290 4.372491 0.557641
v 1.627928 4.372492 0.515315
v 1.682270 4.372491 0.536893
v 1.680504 4.372491 0.553224
v 1.622698 4.372492 0.563681
v 1.590802 4.684489 0.301108
v 1.533710 4.250688 0.653048
v 1.574818 4.684489 0.248915
v 1.541714 4.215130 0.673704
v 1.549411 4.196310 0.653277
v 1.519873 4.167163 0.609059
v 1.561954 4.165642 0.619991
v 1.652984 4.215387 0.681559
v 1.652984 4.220828 0.678210
v 1.596187 4.250688 0.659423
v 1.535993 4.250688 0.653281
v 1.574450 4.213254 0.679597
v 1.652984 4.212355 0.683453
v 1.549937 4.669749 0.240219
v 1.438722 4.096789 0.657444
v 1.465577 4.096371 0.663893
v 1.411866 4.097207 0.650995
v 1.055636 3.817498 0.706395
v 1.095847 3.783053 0.760510
v 1.096988 3.774043 0.742857
v 1.101089 3.774453 0.745772
v 1.083442 3.782100 0.752204
v 1.322859 4.038962 0.687389
v 1.305252 4.019359 0.702417
v 1.292698 3.999574 0.718052
v 1.341901 4.058542 0.672706
v 1.318666 3.998684 0.725295
v 1.385010 4.097625 0.644546
v 1.405413 4.097307 0.649445
v 1.148626 4.372492 -0.323633
v 1.195924 4.372492 -0.353943
v 0.948224 3.497217 -0.838835
v 0.867446 3.497217 -0.767319
v 1.034680 3.506433 -0.903894
v 0.792689 3.506433 -0.689651
v 1.128215 3.513674 -0.959001
v 1.200883 3.781909 -0.826203
v 1.395276 4.229024 -0.631216
v 1.175509 4.393767 -0.356879
v 1.158761 4.372492 -0.354562
v 1.157363 4.372492 -0.352886
v 1.462742 4.236143 -0.647161
v 1.519182 4.640477 -0.430852
v 1.619155 4.640477 -0.335492
v 1.612084 4.640477 -0.405624
v 1.585654 4.660625 -0.330638
v 1.551202 4.667995 -0.327746
v 1.517021 4.675366 -0.320630
v 1.485502 4.708945 -0.306068
v 1.475905 4.708945 -0.263120
v 1.450782 4.684489 -0.244920
v 1.462579 4.684489 -0.188776
v 1.444833 4.669749 -0.169650
v 1.462579 4.669749 -0.188776
v 1.482159 4.669749 -0.206110
v 1.503384 4.669749 -0.221486
v 1.526049 4.669749 -0.234757
v 1.549937 4.669749 -0.245793
v 1.574817 4.669749 -0.254489
v 1.600451 4.669749 -0.260761
v 1.626590 4.669749 -0.264548
v 1.652984 4.669749 -0.265815
v 1.679379 4.669749 -0.264548
v 1.705518 4.669749 -0.260761
v 1.731151 4.669749 -0.254489
v 1.756032 4.669749 -0.245793
v 1.779919 4.669749 -0.234757
v 1.802585 4.669749 -0.221486
v 1.823810 4.669749 -0.206110
v 1.843389 4.669749 -0.188776
v 1.861135 4.669749 -0.169650
v 1.876877 4.669749 -0.148917
v 1.890462 4.669749 -0.126777
v 1.901760 4.669749 -0.103443
v 1.910662 4.669749 -0.079140
v 1.917083 4.669749 -0.054101
v 1.920960 4.669749 -0.028568
v 1.922257 4.669749 -0.002787
v 1.920960 4.669749 0.022994
v 1.917083 4.669749 0.048527
v 1.910662 4.669749 0.073566
v 1.901760 4.669749 0.097869
v 1.890462 4.669749 0.121203
v 1.876877 4.669749 0.143343
v 1.861135 4.669749 0.164076
v 1.843389 4.669749 0.183201
v 1.823810 4.669749 0.200536
v 1.802585 4.669749 0.215912
v 1.779919 4.669749 0.229182
v 1.756031 4.669749 0.240219
v 1.731151 4.669749 0.248915
v 1.705517 4.669749 0.255187
v 1.679378 4.669749 0.258974
v 1.656028 4.669749 0.260094
v 1.652984 4.669749 0.260240
v 1.649940 4.669749 0.260094
v 1.626590 4.669749 0.258974
v 1.600451 4.669749 0.255187
v 1.574818 4.669749 0.248915
v 1.142436 4.372493 -0.333225
v 0.671389 3.730747 -0.108535
v 0.581198 3.417532 -0.317582
v 0.554491 3.417532 -0.213436
v 0.612550 3.440737 -0.420967
v 0.660651 3.467354 -0.518111
v 0.729289 3.497217 -0.602878
v 0.780541 3.351814 0.569428
v 0.843385 3.311028 0.422704
v 0.978336 3.270242 0.199906
v 1.001644 3.270242 0.263537
v 0.961526 3.270242 0.134350
v 0.739410 3.311028 0.087893
v 0.603706 3.351814 -0.000000
v 0.556543 3.391597 -0.105163
v 0.645882 3.685697 -0.112717
v 0.651025 3.698815 -0.096458
v 0.645388 3.691214 -0.071361
v 0.841881 3.351814 0.650217
v 0.873931 3.391597 0.761307
v 0.942454 3.417532 0.845703
v 1.027324 3.440737 0.914650
v 1.122570 3.467354 0.969319
v 1.158214 3.497217 0.970378
v 1.007208 3.740984 0.722072
v 1.000181 3.732591 0.699173
v 1.011362 3.731315 0.709017
v 1.004340 3.718358 0.736655
v 1.053056 3.718010 0.774933
v 1.068806 3.740655 0.770536
v 1.080304 3.739060 0.779979
v 1.079676 3.717820 0.794350
v 1.225845 3.781909 0.837735
v 1.227090 3.506433 1.004353
v 1.226974 3.513674 1.004626
v 0.992064 3.769480 0.687101
v 0.997587 3.757105 0.677727
v 0.664374 3.721703 -0.096902
v 0.663180 3.722117 -0.071994
v 1.669611 4.372491 0.463322
v 1.657000 4.675366 0.346854
v 1.687352 4.667995 0.340844
v 1.720314 4.660625 0.330638
v 1.699668 4.590008 0.475437
v 1.685351 4.372492 0.467995
v 1.774110 4.640477 0.390036
v 1.753168 4.640477 0.322599
v 1.652984 4.708945 0.347047
v 1.649382 4.708945 0.306917
v 1.641610 4.372492 0.476023
v 1.680673 4.372492 0.491573
v 1.682356 4.372492 0.505464
v 1.621742 4.684489 0.305591
v 1.574991 4.405592 0.572797
v 1.574991 4.372492 0.572797
v 1.682895 4.372492 0.520766
v 1.736832 4.372491 0.542790
v 1.735134 4.372491 0.558517
v 1.677665 4.372491 0.569132
v 1.623227 4.372492 0.580770
v 1.600451 4.684489 0.255187
v 1.598604 4.250688 0.659539
v 1.599817 4.372492 0.593379
v 1.582523 4.372491 0.591614
v 1.492433 4.095953 0.670342
v 1.439867 4.096698 0.654075
v 1.466723 4.096280 0.660524
v 1.413012 4.097116 0.647626
v 1.011048 3.783321 0.693409
v 1.015013 3.783866 0.696497
v 1.018668 3.783556 0.699973
v 1.104864 3.774022 0.749096
v 1.092719 3.772808 0.740461
v 1.083021 3.781909 0.752036
v 1.362379 4.078100 0.658367
v 1.306398 4.019268 0.699048
v 1.324005 4.038871 0.684020
v 1.293844 3.999483 0.714683
v 1.343047 4.058451 0.669337
v 1.319811 3.998593 0.721926
v 1.262110 3.980491 0.727850
v 1.270638 3.977010 0.746289
v 1.264048 3.948306 0.759743
v 1.326879 3.998403 0.727586
v 1.328025 3.998312 0.724217
v 2.383506 3.753301 0.629886
v 2.371659 3.730854 0.661396
v 2.513513 3.513674 0.689838
v 1.152068 3.781909 0.797623
v 1.098701 3.781909 0.763396
v 1.378845 4.092306 0.648311
v 1.386156 4.097534 0.641177
v 1.406559 4.097216 0.646077
v 1.175509 4.372491 -0.356879
v 0.939167 3.467354 -0.849615
v 0.857350 3.467354 -0.777180
v 1.035790 3.497217 -0.902272
v 0.794233 3.497217 -0.688414
v 1.128358 3.506433 -0.958740
v 1.226972 3.513674 -1.004626
v 1.285964 3.781909 -0.865511
v 1.459700 4.223907 -0.653804
v 1.528441 4.230924 -0.663288
v 1.563060 4.640477 -0.441588
v 1.607804 4.640477 -0.448071
v 1.606299 4.590007 -0.475438
v 1.606128 4.589798 -0.475527
v 1.652984 4.640477 -0.337115
v 1.652984 4.640477 -0.407587
v 1.619155 4.660625 -0.335492
v 1.584579 4.667995 -0.335913
v 1.549849 4.675366 -0.332103
v 1.517021 4.708945 -0.320630
v 1.502734 4.708945 -0.278828
v 1.475905 4.684489 -0.263120
v 1.482159 4.684489 -0.206110
v 1.503384 4.684489 -0.221486
v 1.526049 4.684489 -0.234757
v 1.549937 4.684489 -0.245793
v 1.574817 4.684489 -0.254489
v 1.600451 4.684489 -0.260761
v 1.626590 4.684489 -0.264548
v 1.652984 4.684489 -0.265815
v 1.679379 4.684489 -0.264548
v 1.705518 4.684489 -0.260761
v 1.731151 4.684489 -0.254489
v 1.756032 4.684489 -0.245793
v 1.779919 4.684489 -0.234757
v 1.802585 4.684489 -0.221486
v 1.823810 4.684489 -0.206110
v 1.843389 4.684489 -0.188776
v 1.861135 4.684489 -0.169650
v 1.876877 4.684489 -0.148917
v 1.890462 4.684489 -0.126777
v 1.901760 4.684489 -0.103443
v 1.910662 4.684489 -0.079140
v 1.917083 4.684489 -0.054101
v 1.920960 4.684489 -0.028568
v 1.922257 4.684489 -0.002787
v 1.920960 4.684489 0.022994
v 1.917083 4.684489 0.048527
v 1.910662 4.684489 0.073566
v 1.901760 4.684489 0.097869
v 1.890462 4.684489 0.121203
v 1.876877 4.684489 0.143343
v 1.861135 4.684489 0.164076
v 1.843389 4.684489 0.183201
v 1.823810 4.684489 0.200536
v 1.802585 4.684489 0.215912
v 1.779919 4.684489 0.229182
v 1.756031 4.684489 0.240219
v 1.731151 4.684489 0.248915
v 1.705517 4.684489 0.255187
v 1.679378 4.684489 0.258974
v 1.656028 4.684489 0.260094
v 1.652984 4.684489 0.260240
v 1.649940 4.684489 0.260094
v 1.626590 4.684489 0.258974
v 0.669369 3.728470 -0.103942
v 0.598678 3.391597 -0.312080
v 0.572407 3.391597 -0.209633
v 0.618226 3.417532 -0.418670
v 0.659802 3.440737 -0.518555
v 0.717418 3.467354 -0.610627
v 0.889699 3.311028 0.498182
v 1.031225 3.270242 0.324629
v 1.224744 3.232503 0.126892
v 1.239539 3.232503 0.167283
v 1.214073 3.232503 0.085280
v 0.951374 3.270242 0.067500
v 0.734990 3.311028 -0.000000
v 0.608759 3.351814 -0.100462
v 0.646414 3.687926 -0.107705
v 0.649036 3.694613 -0.099416
v 0.653498 3.703306 -0.094432
v 0.647763 3.695071 -0.074501
v 0.911032 3.351814 0.724744
v 0.943364 3.311028 0.568863
v 0.954043 3.391597 0.832233
v 1.030737 3.417532 0.909660
v 1.122117 3.440737 0.970149
v 1.151856 3.467354 0.982849
v 1.227854 3.497217 1.002551
v 1.015630 3.732549 0.711412
v 1.011317 3.743161 0.724063
v 1.007097 3.718338 0.739110
v 1.049859 3.718033 0.772601
v 1.065963 3.742822 0.766963
v 1.080371 3.731127 0.763686
v 1.077066 3.732382 0.760082
v 1.084634 3.740234 0.782297
v 1.084146 3.730696 0.767009
v 1.088247 3.731106 0.769925
v 1.083127 3.717795 0.796868
v 1.131315 3.717451 0.827607
v 1.152827 3.735845 0.828178
v 1.155321 3.778558 0.801717
v 1.099648 3.717677 0.808919
v 1.090665 3.717741 0.802366
v 1.285966 3.781909 0.865511
v 1.329922 3.506433 1.040294
v 1.329834 3.513674 1.040577
v 0.995240 3.773412 0.686938
v 0.667001 3.725416 -0.100014
v 0.661639 3.717447 -0.094718
v 0.660983 3.718034 -0.074971
v 1.657000 4.708945 0.346854
v 1.687809 4.675366 0.345376
v 1.721388 4.667995 0.335913
v 1.753168 4.660625 0.322599
v 1.699840 4.589811 0.475526
v 1.722908 4.543982 0.497903
v 1.742908 4.640477 0.441588
v 1.712522 4.568880 0.485625
v 1.711800 4.570107 0.485050
v 1.812665 4.640477 0.376561
v 1.785056 4.640477 0.311454
v 1.652984 4.708945 0.307090
v 1.674176 4.372491 0.470089
v 1.649382 4.684489 0.306917
v 1.677911 4.372491 0.479629
v 1.722908 4.372491 0.497903
v 1.730599 4.372491 0.511889
v 1.735301 4.372491 0.527045
v 1.730271 4.372491 0.573622
v 1.673843 4.372491 0.587579
v 1.652614 4.250688 0.661971
v 1.613969 4.372492 0.594058
v 1.583791 4.194900 0.660193
v 1.519289 4.095535 0.676791
v 1.493579 4.095862 0.666973
v 1.463215 4.090823 0.665021
v 1.435789 4.091249 0.658435
v 1.408382 4.091733 0.651799
v 1.006925 3.781940 0.690829
v 1.020103 3.774252 0.681948
v 1.024204 3.774662 0.684864
v 1.108169 3.772766 0.752700
v 1.099268 3.781680 0.763966
v 1.079134 3.780123 0.750466
v 1.088447 3.770796 0.738678
v 1.363525 4.078009 0.654999
v 1.335741 4.018360 0.706532
v 1.379991 4.092215 0.644942
v 1.401559 4.091848 0.650151
v 0.938556 3.440737 -0.850342
v 0.856669 3.440737 -0.777845
v 1.027858 3.467354 -0.913868
v 0.783196 3.467354 -0.697261
v 1.129299 3.497217 -0.957020
v 1.227088 3.506433 -1.004353
v 1.329832 3.513674 -1.040577
v 1.374580 3.781909 -0.896483
v 1.526074 4.218634 -0.670096
v 1.570668 4.486482 -0.527046
v 1.569136 4.457569 -0.542790
v 1.612576 4.596083 -0.472176
v 1.652984 4.640477 -0.450240
v 1.636358 4.614667 -0.463322
v 1.620618 4.604572 -0.467996
v 1.693885 4.640477 -0.405624
v 1.686813 4.640477 -0.335492
v 1.652984 4.660625 -0.337115
v 1.618616 4.667995 -0.340844
v 1.583670 4.675366 -0.340379
v 1.549849 4.708945 -0.332103
v 1.531009 4.708945 -0.291891
v 1.502734 4.684489 -0.278828
v 1.531009 4.684489 -0.291891
v 1.560460 4.684489 -0.302184
v 1.590801 4.684489 -0.309609
v 1.621741 4.684489 -0.314092
v 1.652984 4.684489 -0.315591
v 1.684227 4.684489 -0.314092
v 1.715167 4.684489 -0.309609
v 1.745509 4.684489 -0.302184
v 1.774959 4.684489 -0.291891
v 1.803235 4.684489 -0.278828
v 1.830064 4.684489 -0.263120
v 1.855187 4.684489 -0.244920
v 1.878363 4.684489 -0.224401
v 1.899368 4.684489 -0.201762
v 1.918001 4.684489 -0.177222
v 1.934082 4.684489 -0.151015
v 1.947455 4.684489 -0.123395
v 1.957993 4.684489 -0.094628
v 1.965593 4.684489 -0.064990
v 1.970182 4.684489 -0.034767
v 1.971717 4.684489 -0.004250
v 1.970182 4.684489 0.026266
v 1.965593 4.684489 0.056489
v 1.957992 4.684489 0.086127
v 1.947455 4.684489 0.114894
v 1.934082 4.684489 0.142514
v 1.918001 4.684489 0.168721
v 1.899368 4.684489 0.193262
v 1.878363 4.684489 0.215900
v 1.855187 4.684489 0.236419
v 1.830063 4.684489 0.254620
v 1.803234 4.684489 0.270327
v 1.774959 4.684489 0.283391
v 1.745508 4.684489 0.293684
v 1.715167 4.684489 0.301108
v 1.684226 4.684489 0.305591
v 1.656587 4.684489 0.306917
v 1.652984 4.684489 0.307090
v 0.648887 3.351814 -0.297525
v 0.623868 3.351814 -0.199956
v 0.635103 3.391597 -0.411519
v 0.665220 3.417532 -0.515726
v 0.716618 3.440737 -0.611149
v 1.066794 3.270242 0.382596
v 1.258315 3.232503 0.206062
v 1.435021 3.214812 0.064585
v 1.442551 3.214812 0.085143
v 1.429589 3.214812 0.043405
v 1.207629 3.232503 0.042846
v 0.947979 3.270242 -0.000000
v 0.739410 3.311028 -0.087892
v 0.647479 3.690936 -0.103214
v 0.656162 3.708028 -0.093448
v 0.650363 3.699404 -0.076698
v 0.987328 3.351814 0.792292
v 1.003863 3.311028 0.634066
v 1.108007 3.270242 0.436878
v 1.040886 3.391597 0.895147
v 1.125013 3.417532 0.964856
v 1.151427 3.440737 0.983690
v 1.222390 3.467354 1.015436
v 1.330501 3.497217 1.038428
v 1.019903 3.734561 0.713195
v 1.015262 3.746040 0.725377
v 1.009354 3.718322 0.741121
v 1.021346 3.718237 0.751803
v 1.063814 3.745696 0.763401
v 1.074359 3.734414 0.756336
v 1.092516 3.732340 0.772321
v 1.088942 3.742212 0.784036
v 1.086188 3.717773 0.799100
v 1.088731 3.717755 0.800956
v 1.100112 3.752076 0.785243
v 1.102775 3.756252 0.784257
v 1.312049 3.948306 0.782436
v 1.374582 3.781909 0.896483
v 1.435865 3.506433 1.066216
v 1.435806 3.513674 1.066506
v 0.998870 3.776884 0.687525
v 1.000325 3.761206 0.676645
v 1.003655 3.764984 0.676287
v 0.658911 3.712803 -0.093544
v 0.658504 3.713545 -0.076987
v 1.656587 4.708945 0.306917
v 1.687809 4.708945 0.345376
v 1.722298 4.675366 0.340379
v 1.754766 4.667995 0.327746
v 1.785056 4.660625 0.311454
v 1.699840 4.372491 0.475526
v 1.730599 4.516703 0.511889
v 1.712522 4.372491 0.485625
v 1.786785 4.640477 0.430852
v 1.841195 4.250688 0.639380
v 1.905153 4.250688 0.619845
v 1.829375 4.640477 0.415967
v 1.775855 4.250688 0.652589
v 1.849681 4.640477 0.359459
v 1.815673 4.640477 0.297309
v 1.735301 4.488092 0.527045
v 1.736832 4.459250 0.542790
v 1.735134 4.431004 0.558517
v 1.735985 4.445298 0.550636
v 1.730271 4.404211 0.573622
v 1.717738 4.372491 0.592197
v 1.722821 4.372491 0.591678
v 1.624509 4.372492 0.594532
v 1.651102 4.372492 0.595730
v 1.654867 4.372492 0.595730
v 1.671674 4.372491 0.594973
v 1.604035 4.164121 0.630923
v 1.652984 4.250688 0.661989
v 1.712209 4.214962 0.679934
v 1.710529 4.225602 0.673026
v 1.703894 4.250688 0.659696
v 1.653355 4.250688 0.661971
v 1.652984 4.193853 0.660193
v 1.731519 4.213254 0.679597
v 1.722177 4.194900 0.660193
v 1.546144 4.095117 0.683240
v 1.520434 4.095444 0.673422
v 1.490641 4.090396 0.671607
v 1.453845 4.076247 0.677033
v 1.424896 4.076698 0.670081
v 1.396014 4.077355 0.662944
v 1.021872 3.782401 0.703704
v 1.015834 3.773017 0.679552
v 1.002816 3.779764 0.688839
v 1.027979 3.774230 0.688187
v 1.110876 3.770735 0.756446
v 1.102112 3.779512 0.767539
v 1.075015 3.777417 0.749371
v 1.084334 3.768084 0.737575
v 1.370374 4.057800 0.676118
v 1.388207 4.077512 0.661035
v 1.352885 4.038083 0.691284
v 1.345022 4.018073 0.708899
v 1.315993 3.973466 0.769874
v 1.323200 3.972873 0.772414
v 1.315571 3.976360 0.745931
v 1.363863 3.996788 0.737474
v 1.365009 3.996696 0.734106
v 0.942453 3.417532 -0.845703
v 0.861014 3.417532 -0.773602
v 1.027323 3.440737 -0.914650
v 0.782452 3.440737 -0.697857
v 1.122569 3.467354 -0.969319
v 1.227852 3.497217 -1.002551
v 1.329919 3.506433 -1.040294
v 1.435803 3.513674 -1.066506
v 1.465877 3.781909 -0.918822
v 1.593758 4.213257 -0.679934
v 1.595437 4.225602 -0.673026
v 1.573664 4.504601 -0.517386
v 1.570835 4.429283 -0.558517
v 1.570667 4.372491 -0.527046
v 1.569136 4.372491 -0.542790
v 1.593447 4.567959 -0.485625
v 1.636358 4.372492 -0.463322
v 1.620618 4.372492 -0.467996
v 1.652745 4.619174 -0.461685
v 1.698165 4.640477 -0.448071
v 1.684936 4.605245 -0.467654
v 1.669147 4.615033 -0.463148
v 1.734390 4.640477 -0.399755
v 1.720315 4.640477 -0.330638
v 1.686813 4.660625 -0.335492
v 1.652984 4.667995 -0.342494
v 1.618159 4.675366 -0.345376
v 1.583670 4.708945 -0.340379
v 1.560460 4.708945 -0.302184
v 1.590801 4.708945 -0.309609
v 1.621741 4.708945 -0.314092
v 1.652984 4.708945 -0.315591
v 1.684227 4.708945 -0.314092
v 1.715167 4.708945 -0.309609
v 1.745509 4.708945 -0.302184
v 1.774959 4.708945 -0.291891
v 1.803235 4.708945 -0.278828
v 1.830064 4.708945 -0.263120
v 1.855187 4.708945 -0.244920
v 1.878363 4.708945 -0.224401
v 1.899368 4.708945 -0.201762
v 1.918001 4.708945 -0.177222
v 1.934082 4.708945 -0.151015
v 1.947455 4.708945 -0.123395
v 1.957993 4.708945 -0.094628
v 1.965593 4.708945 -0.064990
v 1.970182 4.708945 -0.034767
v 1.971717 4.708945 -0.004250
v 1.970182 4.708945 0.026266
v 1.965593 4.708945 0.056489
v 1.957992 4.708945 0.086127
v 1.947455 4.708945 0.114894
v 1.934082 4.708945 0.142514
v 1.918001 4.708945 0.168721
v 1.899368 4.708945 0.193262
v 1.878363 4.708945 0.215900
v 1.855187 4.708945 0.236419
v 1.830063 4.708945 0.254620
v 1.803234 4.708945 0.270327
v 1.774959 4.708945 0.283391
v 1.745508 4.708945 0.293684
v 1.715167 4.708945 0.301108
v 1.684226 4.708945 0.305591
v 0.774518 3.311028 -0.260299
v 0.752629 3.311028 -0.174938
v 0.683577 3.351814 -0.392229
v 0.681330 3.391597 -0.506992
v 0.721726 3.417532 -0.607815
v 1.280893 3.232503 0.242857
v 1.452108 3.214812 0.104880
v 1.538087 3.207419 0.034045
v 1.542057 3.207419 0.044882
v 1.535224 3.207419 0.022881
v 1.426310 3.214812 0.021808
v 1.205474 3.232503 -0.000000
v 0.951374 3.270242 -0.067500
v 0.653091 3.704047 -0.077868
v 0.655839 3.708822 -0.077966
v 1.070036 3.351814 0.852210
v 1.070614 3.311028 0.693162
v 1.154470 3.270242 0.486952
v 1.307054 3.232503 0.277313
v 1.133624 3.391597 0.949443
v 1.154163 3.417532 0.978324
v 1.222022 3.440737 1.016305
v 1.326357 3.467354 1.051773
v 1.436254 3.497217 1.064303
v 1.024015 3.737274 0.714298
v 1.018893 3.749513 0.725964
v 1.011035 3.718310 0.742618
v 1.062443 3.749163 0.759987
v 1.072354 3.737143 0.752592
v 1.096788 3.734353 0.774104
v 1.093060 3.744918 0.785131
v 1.096832 3.748248 0.785538
v 1.318410 3.948306 0.784391
v 1.382676 3.948306 0.804381
v 1.465879 3.781909 0.918822
v 1.543899 3.506433 1.081870
v 1.543869 3.513674 1.082164
v 1.007449 3.768293 0.676666
v 1.722298 4.708945 0.340379
v 1.756119 4.675366 0.332103
v 1.787163 4.667995 0.316423
v 1.815673 4.660625 0.297309
v 1.777526 4.230924 0.663287
v 1.843225 4.236143 0.647161
v 1.774003 4.250688 0.652857
v 1.870265 4.640477 0.397075
v 1.967076 4.250688 0.594094
v 1.884804 4.640477 0.338895
v 1.844723 4.640477 0.280301
v 1.772136 4.250688 0.653061
v 1.773338 4.250688 0.652938
v 1.711760 4.250688 0.659222
v 1.769889 4.250688 0.653290
v 1.706151 4.372491 0.593379
v 1.692000 4.372491 0.594058
v 1.707365 4.250688 0.659539
v 1.518072 4.089985 0.678179
v 1.482794 4.075797 0.683985
v 1.440966 4.056214 0.693542
v 1.409924 4.056697 0.686088
v 1.379017 4.057594 0.678263
v 1.022535 3.781909 0.704674
v 1.031284 3.772975 0.691792
v 1.011561 3.771005 0.677769
v 1.071243 3.774086 0.748964
v 1.362020 4.037834 0.693581
v 1.379980 4.016697 0.718100
v 1.104261 3.776639 0.771101
v 0.954042 3.391597 -0.831588
v 0.873930 3.391597 -0.760663
v 1.030736 3.417532 -0.909660
v 0.787201 3.417532 -0.694051
v 1.122115 3.440737 -0.970149
v 1.222388 3.467354 -1.015436
v 1.330499 3.497217 -1.038427
v 1.435862 3.506433 -1.066216
v 1.543866 3.513674 -1.082164
v 1.558976 3.781909 -0.932312
v 1.652984 4.207765 -0.683224
v 1.652984 4.220158 -0.676283
v 1.582856 4.372491 -0.590970
v 1.583974 4.372491 -0.591084
v 1.575369 4.372491 -0.511889
v 1.575369 4.515111 -0.511889
v 1.575697 4.402713 -0.573623
v 1.570835 4.372491 -0.558517
v 1.623073 4.372492 -0.520767
v 1.623699 4.372491 -0.536894
v 1.583061 4.542741 -0.497903
v 1.606128 4.372491 -0.475527
v 1.593447 4.372491 -0.485625
v 1.652745 4.372492 -0.461685
v 1.631793 4.372491 -0.470090
v 1.652984 4.619155 -0.461706
v 1.699653 4.590545 -0.475146
v 1.742909 4.640477 -0.441588
v 1.712293 4.569176 -0.484993
v 1.774111 4.640477 -0.390036
v 1.753168 4.640477 -0.322599
v 1.720315 4.660625 -0.330638
v 1.687353 4.667995 -0.340844
v 1.652984 4.675366 -0.347047
v 1.618159 4.708945 -0.345376
v 1.652984 4.708945 -0.347047
v 1.687810 4.708945 -0.345376
v 1.722299 4.708945 -0.340379
v 1.756120 4.708945 -0.332103
v 1.788948 4.708945 -0.320630
v 1.820466 4.708945 -0.306068
v 1.850372 4.708945 -0.288559
v 1.878377 4.708945 -0.268271
v 1.904211 4.708945 -0.245399
v 1.927625 4.708945 -0.220164
v 1.948395 4.708945 -0.192809
v 1.966319 4.708945 -0.163597
v 1.981227 4.708945 -0.132809
v 1.992973 4.708945 -0.100742
v 2.001444 4.708945 -0.067705
v 2.006560 4.708945 -0.034017
v 2.008271 4.708945 -0.000000
v 2.006560 4.708945 0.034017
v 2.001444 4.708945 0.067705
v 1.992972 4.708945 0.100742
v 1.981227 4.708945 0.132809
v 1.966319 4.708945 0.163597
v 1.948395 4.708945 0.192809
v 1.927625 4.708945 0.220164
v 1.904210 4.708945 0.245399
v 1.878376 4.708945 0.268271
v 1.850371 4.708945 0.288559
v 1.820466 4.708945 0.306068
v 1.788947 4.708945 0.320630
v 1.756119 4.708945 0.332103
v 0.978336 3.270242 -0.199906
v 0.961525 3.270242 -0.134350
v 0.804867 3.311028 -0.343154
v 0.727603 3.351814 -0.483155
v 0.736914 3.391597 -0.597579
v 1.463599 3.214812 0.123608
v 1.547094 3.207419 0.055286
v 1.608431 3.205144 0.013202
v 1.609970 3.205144 0.017404
v 1.607320 3.205144 0.008872
v 1.533495 3.207419 0.011496
v 1.425213 3.214812 -0.000000
v 1.207629 3.232503 -0.042846
v 1.158357 3.351814 0.903920
v 1.142973 3.311028 0.745583
v 1.205733 3.270242 0.532337
v 1.336546 3.232503 0.309098
v 1.476914 3.214812 0.141145
v 1.162298 3.391597 0.962690
v 1.224373 3.417532 1.010761
v 1.326077 3.440737 1.052673
v 1.433469 3.467354 1.077981
v 1.544095 3.497217 1.079929
v 1.027810 3.740582 0.714678
v 1.022069 3.753444 0.725800
v 1.100901 3.737065 0.775207
v 1.104717 3.760617 0.782617
v 1.108025 3.744151 0.775228
v 1.104695 3.740374 0.775586
v 1.392892 3.948306 0.807474
v 1.554068 3.506433 1.082358
v 1.554041 3.513674 1.082652
v 1.788947 4.675366 0.320630
v 1.818268 4.667995 0.302052
v 1.844723 4.660625 0.280301
v 2.008834 4.250688 0.571688
v 2.026316 4.250688 0.562308
v 1.909063 4.640477 0.374360
v 1.917694 4.640477 0.315068
v 1.871926 4.640477 0.260593
v 1.773696 4.250688 0.652902
v 1.709782 4.250688 0.659423
v 1.601116 4.153619 0.640331
v 1.652984 4.372492 0.595820
v 1.779893 4.218634 0.670096
v 1.648891 4.152314 0.687018
v 1.580862 4.157718 0.687018
v 1.593320 4.125569 0.665459
v 1.764254 4.215130 0.673704
v 1.756557 4.196310 0.653277
v 1.657078 4.152314 0.687018
v 1.725106 4.157718 0.687018
v 1.544379 4.089730 0.688061
v 1.547290 4.095026 0.679871
v 1.545524 4.089639 0.684693
v 1.511762 4.075406 0.690883
v 1.472009 4.055731 0.700996
v 1.428088 4.036181 0.710051
v 1.394952 4.036697 0.702094
v 1.033991 3.770944 0.695538
v 1.024511 3.780438 0.707536
v 1.112881 3.768006 0.760190
v 1.114108 3.764683 0.763788
v 1.105632 3.773172 0.774516
v 1.080540 3.764775 0.737195
v 1.067962 3.770259 0.749259
v 1.383755 3.970486 0.792105
v 1.374053 3.974246 0.761124
v 1.401186 3.996207 0.746437
v 1.402331 3.996116 0.743069
v 1.415210 4.016149 0.726560
v 0.987327 3.351814 -0.792292
v 0.911031 3.351814 -0.724745
v 1.040884 3.391597 -0.894502
v 0.801321 3.391597 -0.682409
v 1.125011 3.417532 -0.964856
v 1.222020 3.440737 -1.016304
v 1.326354 3.467354 -1.051773
v 1.436252 3.497217 -1.064303
v 1.543896 3.506433 -1.081870
v 1.652984 3.513674 -1.087401
v 1.652984 3.781909 -0.936823
v 1.710531 4.225602 -0.673026
v 1.712211 4.213257 -0.679934
v 1.636610 4.372491 -0.593573
v 1.599816 4.372491 -0.593379
v 1.633880 4.372491 -0.593559
v 1.590215 4.372491 -0.591988
v 1.575697 4.372491 -0.573623
v 1.623613 4.372492 -0.505464
v 1.625465 4.372491 -0.553225
v 1.678041 4.372492 -0.515316
v 1.680879 4.372492 -0.531224
v 1.583061 4.372492 -0.497903
v 1.628058 4.372491 -0.479629
v 1.658661 4.372492 -0.467417
v 1.669147 4.372492 -0.463148
v 1.684936 4.372492 -0.467654
v 1.693436 4.596484 -0.471957
v 1.699505 4.590759 -0.475030
v 1.699505 4.372492 -0.475030
v 1.712293 4.372492 -0.484993
v 1.722809 4.544126 -0.497161
v 1.786786 4.640477 -0.430852
v 1.843227 4.236143 -0.647161
v 1.777527 4.230924 -0.663288
v 1.812665 4.640477 -0.376561
v 1.785057 4.640477 -0.311454
v 1.753168 4.660625 -0.322599
v 1.721389 4.667995 -0.335913
v 1.687810 4.675366 -0.345376
v 1.722299 4.675366 -0.340379
v 1.756120 4.675366 -0.332103
v 1.788948 4.675366 -0.320630
v 1.820466 4.675366 -0.306068
v 1.850372 4.675366 -0.288559
v 1.878377 4.675366 -0.268271
v 1.904211 4.675366 -0.245399
v 1.927625 4.675366 -0.220164
v 1.948395 4.675366 -0.192809
v 1.966319 4.675366 -0.163597
v 1.981227 4.675366 -0.132809
v 1.992973 4.675366 -0.100742
v 2.001444 4.675366 -0.067705
v 2.006560 4.675366 -0.034017
v 2.008271 4.675366 -0.000000
v 2.006560 4.675366 0.034017
v 2.001444 4.675366 0.067705
v 1.992972 4.675366 0.100742
v 1.981227 4.675366 0.132809
v 1.966319 4.675366 0.163597
v 1.948395 4.675366 0.192809
v 1.927625 4.675366 0.220164
v 1.904210 4.675366 0.245399
v 1.878376 4.675366 0.268271
v 1.850371 4.675366 0.288559
v 1.820466 4.675366 0.306068
v 1.224744 3.232503 -0.126892
v 1.214073 3.232503 -0.085280
v 1.001644 3.270242 -0.263537
v 0.843385 3.311028 -0.422703
v 0.780540 3.351814 -0.569428
v 1.553152 3.207419 0.065158
v 1.611923 3.205144 0.021438
v 1.652984 3.204086 -0.000000
v 1.606650 3.205144 0.004458
v 1.532917 3.207419 -0.000000
v 1.426310 3.214812 -0.021808
v 1.185667 3.351814 0.916537
v 1.220244 3.311028 0.790823
v 1.261304 3.270242 0.572596
v 1.369086 3.232503 0.337907
v 1.491925 3.214812 0.157323
v 1.560171 3.207419 0.074403
v 1.231363 3.391597 0.994598
v 1.327861 3.417532 1.046931
v 1.433281 3.440737 1.078904
v 1.542695 3.467354 1.093808
v 1.554245 3.497217 1.080416
v 1.031139 3.744360 0.714320
v 1.024668 3.757684 0.724894
v 1.061901 3.753092 0.756851
v 1.071127 3.740465 0.748994
v 1.110763 3.748252 0.774146
v 1.112803 3.752519 0.772382
v 1.105865 3.765004 0.780386
v 1.395282 3.970031 0.795853
v 1.446501 3.948306 0.818607
v 1.558979 3.771917 0.937672
v 1.567742 3.771997 0.938085
v 1.652984 3.506433 1.087105
v 1.652984 3.513674 1.087400
v 1.033877 3.748461 0.713238
v 1.035918 3.752728 0.711473
v 1.037183 3.756998 0.709095
v 1.037623 3.761105 0.706193
v 1.037223 3.764892 0.702879
v 1.035996 3.768215 0.699281
v 1.847782 4.667995 0.284773
v 1.871926 4.660625 0.260593
v 1.906996 4.241209 0.624803
v 1.968222 4.246073 0.596427
v 1.846267 4.223907 0.653804
v 2.010656 4.249444 0.571505
v 2.092200 4.235425 0.522773
v 1.945395 4.640477 0.348039
v 1.948034 4.640477 0.288207
v 1.897021 4.640477 0.238376
v 1.652984 4.152048 0.687227
v 1.644738 4.100040 0.725742
v 1.576710 4.105444 0.725742
v 1.582605 4.087018 0.699995
v 1.780381 4.216142 0.671518
v 1.701934 4.164121 0.630923
v 1.744015 4.165642 0.619991
v 1.712649 4.125569 0.665459
v 1.704853 4.153619 0.640331
v 1.539662 4.075342 0.700939
v 1.540808 4.075251 0.697571
v 1.503090 4.055367 0.708345
v 1.461224 4.035666 0.718008
v 1.026483 3.777742 0.711322
v 1.114508 3.760896 0.767101
v 1.106174 3.769243 0.777651
v 1.077210 3.760998 0.737553
v 1.065300 3.766083 0.750245
v 1.438508 3.995626 0.755400
v 1.439654 3.995535 0.752031
v 1.432535 3.972133 0.776316
v 1.450439 4.015600 0.735020
v 0.841880 3.351814 -0.650217
v 1.070613 3.311028 -0.693162
v 1.003863 3.311028 -0.634066
v 1.070035 3.351814 -0.852210
v 1.133622 3.391597 -0.948798
v 1.224371 3.417532 -1.010760
v 1.326075 3.440737 -1.052673
v 1.433466 3.467354 -1.077982
v 1.544092 3.497217 -1.079929
v 1.652984 3.506433 -1.087106
v 1.746992 3.781909 -0.932312
v 1.762102 3.513674 -1.082164
v 1.779894 4.218634 -0.670096
v 1.652984 4.372492 -0.594359
v 1.632125 4.372491 -0.587579
v 1.628304 4.372491 -0.569133
v 1.625296 4.372492 -0.491574
v 1.674238 4.372492 -0.500442
v 1.682645 4.372492 -0.547555
v 1.730649 4.372492 -0.511064
v 1.735512 4.372492 -0.526170
v 1.664358 4.372492 -0.476023
v 1.730649 4.516608 -0.511064
v 1.722809 4.372492 -0.497161
v 1.829375 4.640477 -0.415967
v 1.906997 4.241209 -0.624803
v 1.849682 4.640477 -0.359459
v 1.815673 4.640477 -0.297309
v 1.785057 4.660625 -0.311454
v 1.754766 4.667995 -0.327746
v 1.787164 4.667995 -0.316423
v 1.818269 4.667995 -0.302052
v 1.847782 4.667995 -0.284773
v 1.875419 4.667995 -0.264751
v 1.900914 4.667995 -0.242179
v 1.924021 4.667995 -0.217275
v 1.944519 4.667995 -0.190279
v 1.962208 4.667995 -0.161450
v 1.976920 4.667995 -0.131066
v 1.988512 4.667995 -0.099420
v 1.996872 4.667995 -0.066817
v 2.001921 4.667995 -0.033570
v 2.003609 4.667995 -0.000000
v 2.001921 4.667995 0.033570
v 1.996872 4.667995 0.066817
v 1.988512 4.667995 0.099420
v 1.976920 4.667995 0.131066
v 1.962208 4.667995 0.161450
v 1.944518 4.667995 0.190279
v 1.924021 4.667995 0.217275
v 1.900914 4.667995 0.242179
v 1.875419 4.667995 0.264751
v 1.435021 3.214812 -0.064585
v 1.429589 3.214812 -0.043405
v 1.239539 3.232503 -0.167283
v 1.031225 3.270242 -0.324629
v 0.889699 3.311028 -0.498182
v 1.614272 3.205144 0.025266
v 1.606426 3.205144 -0.000000
v 1.533495 3.207419 -0.011496
v 1.251442 3.351814 0.946925
v 1.244136 3.311028 0.801862
v 1.320647 3.270242 0.607340
v 1.404361 3.232503 0.363462
v 1.508487 3.214812 0.171986
v 1.568084 3.207419 0.082931
v 1.616994 3.205144 0.028851
v 1.333163 3.391597 1.030178
v 1.434480 3.417532 1.073018
v 1.542601 3.440737 1.094744
v 1.552976 3.467354 1.094301
v 1.652984 3.497217 1.085154
v 1.062210 3.757331 0.754116
v 1.114068 3.756789 0.770003
v 1.475551 3.948306 0.824365
v 1.751901 3.506433 1.082358
v 1.751927 3.513674 1.082652
v 1.026592 3.762069 0.723278
v 1.897021 4.660625 0.238376
v 1.910692 4.229024 0.631216
v 1.807771 4.217548 0.665265
v 1.847364 4.219581 0.656225
v 2.142542 4.235425 0.478203
v 1.978910 4.640477 0.318367
v 1.975533 4.640477 0.258570
v 1.919765 4.640477 0.213863
v 1.652984 4.099342 0.725742
v 1.640586 4.047767 0.762313
v 1.572557 4.053172 0.762313
v 1.661230 4.100040 0.725742
v 1.729259 4.105444 0.725742
v 1.534326 4.055475 0.715270
v 1.494418 4.035327 0.725806
v 1.027709 3.774420 0.714920
v 1.074472 3.756896 0.738635
v 1.063357 3.761717 0.751885
v 1.475928 3.995341 0.764097
v 1.477074 3.995250 0.760729
v 1.485746 4.015288 0.743268
v 0.943364 3.311028 -0.568863
v 1.205732 3.270242 -0.532337
v 1.154469 3.270242 -0.486952
v 1.142972 3.311028 -0.745583
v 1.158355 3.351814 -0.903920
v 1.231361 3.391597 -0.993953
v 1.327858 3.417532 -1.046930
v 1.433279 3.440737 -1.078904
v 1.542692 3.467354 -1.093808
v 1.652984 3.497217 -1.085155
v 1.762073 3.506433 -1.081870
v 1.840091 3.781909 -0.918822
v 1.870165 3.513674 -1.066506
v 1.846268 4.223907 -0.653804
v 1.721995 4.372491 -0.591084
v 1.723728 4.372491 -0.590908
v 1.669359 4.372492 -0.593573
v 1.683271 4.372492 -0.563682
v 1.682742 4.372492 -0.580771
v 1.669618 4.372492 -0.487175
v 1.737210 4.372491 -0.541897
v 1.735512 4.488036 -0.526170
v 1.732420 4.506075 -0.516564
v 1.737210 4.459123 -0.541897
v 1.910693 4.229024 -0.631216
v 1.870266 4.640477 -0.397075
v 1.968223 4.246073 -0.596427
v 1.884804 4.640477 -0.338895
v 1.844723 4.640477 -0.280301
v 1.815673 4.660625 -0.297309
v 1.844723 4.660625 -0.280301
v 1.871926 4.660625 -0.260593
v 1.897021 4.660625 -0.238376
v 1.919765 4.660625 -0.213863
v 1.939941 4.660625 -0.187291
v 1.957352 4.660625 -0.158915
v 1.971833 4.660625 -0.129008
v 1.983243 4.660625 -0.097859
v 1.991472 4.660625 -0.065768
v 1.996441 4.660625 -0.033043
v 1.998103 4.660625 -0.000000
v 1.996441 4.660625 0.033043
v 1.991472 4.660625 0.065768
v 1.983243 4.660625 0.097859
v 1.971833 4.660625 0.129008
v 1.957352 4.660625 0.158915
v 1.939940 4.660625 0.187291
v 1.919765 4.660625 0.213863
v 1.538087 3.207419 -0.034045
v 1.535224 3.207419 -0.022881
v 1.442551 3.214812 -0.085143
v 1.258315 3.232503 -0.206062
v 1.066793 3.270242 -0.382596
v 1.606650 3.205144 -0.004458
v 1.348394 3.351814 0.980811
v 1.301682 3.311028 0.828448
v 1.338996 3.270242 0.615817
v 1.442029 3.232503 0.385516
v 1.526441 3.214812 0.184993
v 1.576814 3.207419 0.090660
v 1.620062 3.205144 0.032158
v 1.438043 3.391597 1.055840
v 1.543203 3.417532 1.088772
v 1.552891 3.440737 1.095237
v 1.652984 3.467354 1.099100
v 1.751723 3.497217 1.080416
v 1.070726 3.744253 0.745681
v 1.071167 3.748360 0.742779
v 1.072432 3.752629 0.740400
v 1.444264 3.967517 0.807037
v 1.476595 3.966254 0.814177
v 1.501279 3.948306 0.826920
v 1.538478 3.786476 0.925660
v 1.543816 3.781577 0.929455
v 1.549906 3.778175 0.932468
v 1.567882 3.776731 0.935266
v 1.563387 3.776005 0.935463
v 1.652984 3.781909 0.936822
v 1.762070 3.506433 1.081870
v 1.762099 3.513674 1.082164
v 1.746428 3.617358 1.024627
v 1.027764 3.766430 0.721016
v 1.972547 4.233938 0.602549
v 1.894879 4.221454 0.640774
v 1.851306 4.219736 0.654943
v 1.828176 4.168684 0.598127
v 1.786095 4.167163 0.609059
v 2.033142 4.232333 0.570344
v 2.096708 4.222986 0.528139
v 2.084318 4.470582 0.345776
v 2.080168 4.478244 0.343890
v 2.188169 4.235425 0.429028
v 2.147567 4.222986 0.483112
v 2.067397 4.506073 0.334555
v 2.059659 4.526417 0.326009
v 2.009287 4.640477 0.285628
v 1.999926 4.640477 0.226443
v 1.939940 4.640477 0.187291
v 1.652984 4.047099 0.762313
v 1.636433 3.995494 0.799946
v 1.568405 4.000898 0.799946
v 1.571889 4.048467 0.734531
v 1.533181 4.055566 0.718638
v 1.759824 4.095117 0.683240
v 1.786680 4.095535 0.676791
v 1.813536 4.095953 0.670342
v 1.766306 4.075342 0.700939
v 1.761590 4.089730 0.688061
v 1.723364 4.087018 0.699995
v 1.772788 4.055566 0.718638
v 1.665383 4.047767 0.762313
v 1.733411 4.053172 0.762313
v 1.527845 4.035699 0.732969
v 1.028142 3.770601 0.718194
v 1.513735 3.996238 0.771737
v 1.514881 3.996147 0.768368
v 1.491176 3.970595 0.790993
v 1.521363 4.015924 0.750669
v 1.108007 3.270242 -0.436878
v 1.369086 3.232503 -0.337907
v 1.336546 3.232503 -0.309099
v 1.261303 3.270242 -0.572596
v 1.220243 3.311028 -0.790823
v 1.251440 3.351814 -0.946925
v 1.333161 3.391597 -1.029533
v 1.434477 3.417532 -1.073018
v 1.542598 3.440737 -1.094744
v 1.652984 3.467354 -1.099101
v 1.761877 3.497217 -1.079929
v 1.870106 3.506433 -1.066216
v 1.931388 3.781909 -0.896483
v 1.976137 3.513674 -1.040577
v 1.706153 4.372492 -0.593379
v 1.730977 4.404084 -0.572798
v 1.730977 4.372492 -0.572798
v 1.681555 4.372492 -0.593509
v 1.735679 4.372491 -0.557641
v 1.735679 4.430776 -0.557641
v 2.020005 3.781909 -0.865511
v 1.972548 4.233938 -0.602549
v 1.909064 4.640477 -0.374360
v 2.026317 4.250688 -0.562307
v 1.917694 4.640477 -0.315068
v 1.871926 4.640477 -0.260593
v 1.897021 4.640477 -0.238376
v 1.919765 4.640477 -0.213863
v 1.939941 4.640477 -0.187291
v 1.957352 4.640477 -0.158915
v 1.971833 4.640477 -0.129008
v 1.983243 4.640477 -0.097859
v 1.991472 4.640477 -0.065768
v 1.996441 4.640477 -0.033043
v 1.998103 4.640477 -0.000000
v 1.996441 4.640477 0.033043
v 1.991472 4.640477 0.065768
v 1.983243 4.640477 0.097859
v 1.971833 4.640477 0.129008
v 1.957352 4.640477 0.158915
v 1.608431 3.205144 -0.013202
v 1.607320 3.205144 -0.008872
v 1.542057 3.207419 -0.044882
v 1.452108 3.214812 -0.104880
v 1.280893 3.232503 -0.242857
v 1.448280 3.351814 1.005251
v 1.386504 3.311028 0.858094
v 1.383190 3.270242 0.636234
v 1.453676 3.232503 0.390897
v 1.545613 3.214812 0.196218
v 1.586278 3.207419 0.097516
v 1.623448 3.205144 0.035155
v 1.544994 3.391597 1.071337
v 1.553437 3.417532 1.089263
v 1.652984 3.440737 1.100041
v 1.752992 3.467354 1.094301
v 1.761874 3.497217 1.079929
v 1.504795 3.964830 0.817794
v 1.538478 3.849014 0.888049
v 1.509601 3.948306 0.827818
v 1.534097 3.841821 0.891680
v 1.534097 3.792685 0.921231
v 1.543816 3.757063 0.922946
v 1.538478 3.762721 0.919768
v 1.549906 3.752858 0.925308
v 1.556515 3.776402 0.934584
v 1.559147 3.776372 0.935020
v 1.582958 3.784100 0.931502
v 1.576868 3.779814 0.933797
v 1.741004 3.719628 0.967393
v 1.870104 3.506433 1.066216
v 1.870163 3.513674 1.066506
v 1.756035 3.617326 1.024169
v 1.912821 4.222161 0.634940
v 1.938477 4.222847 0.623955
v 1.972470 4.223857 0.607793
v 1.870256 4.170205 0.587195
v 1.983861 4.223031 0.600759
v 2.193663 4.222986 0.433432
v 2.140695 4.124907 0.565210
v 2.187950 4.125958 0.522558
v 2.056746 4.372492 0.322791
v 2.056746 4.533957 0.322791
v 2.067397 4.372492 0.334555
v 2.036233 4.640477 0.250139
v 2.041112 4.604044 0.277803
v 2.042008 4.620209 0.261498
v 2.020978 4.640477 0.192135
v 1.652984 3.994854 0.799946
v 1.633556 3.959270 0.823288
v 1.565527 3.964674 0.823288
v 1.564834 4.009915 0.769068
v 1.526699 4.035790 0.736338
v 1.758678 4.095026 0.679871
v 1.785534 4.095444 0.673422
v 1.840391 4.096371 0.663893
v 1.812390 4.095862 0.666973
v 1.734079 4.048467 0.734531
v 1.669535 3.995494 0.799946
v 1.737564 4.000898 0.799946
v 1.520217 4.016014 0.754037
v 1.557193 3.971364 0.803604
v 1.307054 3.232503 -0.277313
v 1.508487 3.214812 -0.171986
v 1.491925 3.214812 -0.157323
v 1.404360 3.232503 -0.363462
v 1.320646 3.270242 -0.607340
v 1.301681 3.311028 -0.828448
v 1.348392 3.351814 -0.980811
v 1.438041 3.391597 -1.055195
v 1.543200 3.417532 -1.088772
v 1.652984 3.440737 -1.100042
v 1.763276 3.467354 -1.093808
v 1.869717 3.497217 -1.064303
v 1.976049 3.506433 -1.040294
v 2.078996 3.513674 -1.004626
v 2.105086 3.781909 -0.826203
v 2.031238 4.238600 -0.568079
v 1.945395 4.640477 -0.348039
v 2.092200 4.235425 -0.522773
v 1.948035 4.640477 -0.288207
v 1.975534 4.640477 -0.258570
v 1.999927 4.640477 -0.226443
v 2.020978 4.640477 -0.192135
v 2.038486 4.640477 -0.155976
v 2.052280 4.640477 -0.118316
v 2.062230 4.640477 -0.079516
v 2.068238 4.640477 -0.039950
v 2.070247 4.640477 -0.000000
v 2.068238 4.640477 0.039950
v 2.062230 4.640477 0.079516
v 2.052280 4.640477 0.118316
v 2.038485 4.640477 0.155976
v 1.609970 3.205144 -0.017404
v 1.547094 3.207419 -0.055286
v 1.463599 3.214812 -0.123608
v 1.550136 3.351814 1.020009
v 1.473892 3.311028 0.879476
v 1.448331 3.270242 0.659002
v 1.481729 3.232503 0.403857
v 1.551541 3.214812 0.198956
v 1.596385 3.207419 0.103434
v 1.627118 3.205144 0.037814
v 1.555060 3.391597 1.071820
v 1.652984 3.417532 1.094040
v 1.753078 3.440737 1.095237
v 1.763273 3.467354 1.093808
v 1.869714 3.497217 1.064303
v 1.530842 3.799964 0.916336
v 1.534097 3.769617 0.915895
v 1.556515 3.750268 0.926762
v 1.563387 3.749394 0.927253
v 1.570260 3.777068 0.935124
v 1.570260 3.750268 0.926762
v 1.738227 3.771997 0.938085
v 1.976047 3.506433 1.040294
v 1.976135 3.513674 1.040577
v 1.858092 3.621336 1.007229
v 1.750053 3.719564 0.966965
v 1.912337 4.171726 0.576263
v 2.139469 4.104701 0.581729
v 2.138723 4.110468 0.578147
v 2.094568 4.451174 0.350436
v 2.094568 4.372491 0.350436
v 2.080168 4.372491 0.343890
v 2.234551 4.222986 0.379578
v 2.228643 4.235425 0.375722
v 2.189634 4.125901 0.520793
v 2.234904 4.124352 0.473328
v 2.150818 4.089717 0.488764
v 2.106676 4.091879 0.537175
v 2.139084 4.123084 0.568049
v 2.048625 4.560073 0.309050
v 2.043643 4.624878 0.254976
v 2.046000 4.630009 0.245571
v 2.052935 4.633362 0.230634
v 2.059487 4.640477 0.212241
v 1.652984 3.958650 0.823288
v 1.566332 3.948306 0.833043
v 1.627192 3.948306 0.830184
v 1.760444 4.089639 0.684693
v 1.867247 4.096789 0.657444
v 1.839245 4.096280 0.660524
v 1.765160 4.075251 0.697571
v 1.779270 4.035790 0.736338
v 1.771642 4.055475 0.715270
v 1.672413 3.959270 0.823288
v 1.740441 3.964674 0.823288
v 1.741134 4.009915 0.769068
v 1.476914 3.214812 -0.141145
v 1.576814 3.207419 -0.090660
v 1.568084 3.207419 -0.082931
v 1.526441 3.214812 -0.184993
v 1.442028 3.232503 -0.385516
v 1.383189 3.270242 -0.636234
v 1.386502 3.311028 -0.858094
v 1.448277 3.351814 -1.005251
v 1.544991 3.391597 -1.070692
v 1.652984 3.417532 -1.094041
v 1.763371 3.440737 -1.094744
v 1.872502 3.467354 -1.077982
v 1.975470 3.497217 -1.038427
v 2.078881 3.506433 -1.004353
v 2.177753 3.513674 -0.959001
v 2.185813 3.781909 -0.778939
v 2.096708 4.222986 -0.528139
v 1.978911 4.640477 -0.318367
v 2.142542 4.235425 -0.478203
v 2.009288 4.640477 -0.285628
v 2.061437 4.522392 -0.327434
v 2.068261 4.504642 -0.334812
v 2.041374 4.603099 -0.278342
v 2.036233 4.640477 -0.250139
v 2.042097 4.619517 -0.262028
v 2.059487 4.640477 -0.212241
v 2.052695 4.633338 -0.231050
v 2.045919 4.629679 -0.246060
v 2.078827 4.640477 -0.172299
v 2.087633 4.607406 -0.197227
v 2.073960 4.622217 -0.206156
v 2.094066 4.640477 -0.130697
v 2.118450 4.565541 -0.188111
v 2.118081 4.566108 -0.188181
v 2.273201 4.326447 -0.152504
v 2.105057 4.640477 -0.087837
v 2.280470 4.327423 -0.121920
v 2.111693 4.640477 -0.044131
v 2.289625 4.327525 -0.061249
v 2.287452 4.326867 -0.078059
v 2.113913 4.640477 -0.000000
v 2.292890 4.327200 -0.000000
v 2.292867 4.327143 -0.001116
v 2.289588 4.327589 0.061246
v 2.111693 4.640477 0.044131
v 2.105056 4.640477 0.087837
v 2.280370 4.327602 0.121900
v 2.287703 4.327019 0.075827
v 2.274257 4.321312 0.160168
v 2.273599 4.326687 0.150404
v 2.094066 4.640477 0.130697
v 2.078827 4.640477 0.172299
v 2.118775 4.564792 0.188462
v 2.119143 4.564225 0.188396
v 2.074464 4.621564 0.205967
v 2.088230 4.606492 0.197184
v 1.611923 3.205144 -0.021438
v 1.553152 3.207419 -0.065159
v 1.559724 3.351814 1.020469
v 1.563004 3.311028 0.892388
v 1.515444 3.270242 0.675423
v 1.523078 3.232503 0.418309
v 1.565820 3.214812 0.205553
v 1.599510 3.207419 0.104877
v 1.631037 3.205144 0.040108
v 1.652984 3.391597 1.076519
v 1.752532 3.417532 1.089263
v 1.763368 3.440737 1.094744
v 1.872500 3.467354 1.077981
v 1.975467 3.497217 1.038428
v 1.510672 3.948306 0.827950
v 1.543816 3.855114 0.885229
v 1.530842 3.833810 0.895981
v 1.534097 3.820175 0.887498
v 1.538478 3.827070 0.883626
v 1.528837 3.808034 0.911164
v 1.530842 3.777483 0.911477
v 1.576868 3.752858 0.925308
v 1.582958 3.757063 0.922946
v 1.588296 3.789764 0.928328
v 1.729101 3.779814 0.933797
v 1.723010 3.784100 0.931502
v 1.746990 3.771917 0.937672
v 2.078879 3.506433 1.004353
v 2.078995 3.513674 1.004626
v 1.958174 3.621336 0.982741
v 1.846186 3.727530 0.948761
v 1.922448 4.172091 0.573636
v 1.954417 4.173247 0.565331
v 1.894103 4.097207 0.650995
v 1.989402 4.209643 0.605682
v 2.009044 4.173885 0.618830
v 2.382259 3.771696 0.615872
v 2.394351 3.781909 0.594313
v 2.376702 3.781909 0.613334
v 2.110045 4.425641 0.353942
v 2.269840 4.222986 0.322069
v 2.263572 4.235425 0.318797
v 2.240850 4.119278 0.471259
v 2.241565 4.118462 0.471103
v 2.147386 4.372492 0.354492
v 2.147208 4.372668 0.354562
v 2.194960 4.087554 0.440354
v 2.237800 4.122507 0.471784
v 2.105710 4.090637 0.540542
v 2.138375 4.119083 0.571778
v 2.048625 4.372492 0.309050
v 2.099090 4.372492 0.289769
v 2.112350 4.372492 0.299464
v 2.043346 4.583739 0.293859
v 2.042008 4.372492 0.261498
v 2.046000 4.372492 0.245571
v 2.041112 4.372492 0.277803
v 2.062546 4.631249 0.217262
v 2.052935 4.372491 0.230634
v 1.652984 3.948306 0.829933
v 1.634757 3.948306 0.830306
v 1.628105 3.948306 0.830169
v 1.559525 3.964749 0.823231
v 1.787897 4.089985 0.678179
v 1.866101 4.096698 0.654075
v 1.815328 4.090396 0.671607
v 1.794206 4.075406 0.690883
v 1.802878 4.055367 0.708345
v 1.778124 4.035699 0.732969
v 1.748776 3.971364 0.803604
v 1.560171 3.207419 -0.074403
v 1.623448 3.205144 -0.035155
v 1.620062 3.205144 -0.032158
v 1.586278 3.207419 -0.097517
v 1.545613 3.214812 -0.196218
v 1.481728 3.232503 -0.403857
v 1.448330 3.270242 -0.659002
v 1.473890 3.311028 -0.879476
v 1.550134 3.351814 -1.020010
v 1.652984 3.391597 -1.075875
v 1.762769 3.417532 -1.088772
v 1.872690 3.440737 -1.078904
v 1.979614 3.467354 -1.051773
v 2.078116 3.497217 -1.002551
v 2.177611 3.506433 -0.958740
v 2.271456 3.513674 -0.904139
v 2.261410 3.781909 -0.724173
v 2.147567 4.222986 -0.483112
v 2.057486 4.532520 -0.323162
v 2.043779 4.582580 -0.294374
v 2.042097 4.372492 -0.262028
v 2.041374 4.372491 -0.278342
v 2.043766 4.624619 -0.255056
v 2.062163 4.631535 -0.217576
v 2.052695 4.372492 -0.231050
v 2.045919 4.372491 -0.246060
v 2.064806 4.629921 -0.215018
v 2.102655 4.588281 -0.191134
v 2.273860 4.321072 -0.162268
v 2.282555 4.323702 -0.122325
v 2.276308 4.322906 -0.148511
v 2.295194 4.323168 -0.000000
v 2.291852 4.323606 0.061464
v 2.276370 4.313468 0.169919
v 2.103317 4.587142 0.191251
v 2.064875 4.629784 0.215054
v 1.614272 3.205144 -0.025267
v 1.652984 3.351814 1.024945
v 1.571392 3.311028 0.892790
v 1.583881 3.270242 0.685339
v 1.565679 3.232503 0.428732
v 1.586865 3.214812 0.212909
v 1.607036 3.207419 0.108355
v 1.632248 3.205144 0.040668
v 1.750908 3.391597 1.071820
v 1.762766 3.417532 1.088772
v 1.872687 3.440737 1.078904
v 1.979612 3.467354 1.051773
v 2.078115 3.497217 1.002551
v 1.511898 3.948306 0.828113
v 1.549906 3.859885 0.883327
v 1.528837 3.825289 0.900787
v 1.530842 3.812309 0.891917
v 1.528160 3.816586 0.905914
v 1.588296 3.762722 0.919768
v 1.592677 3.796586 0.924396
v 1.717672 3.789764 0.928328
v 2.148643 3.506433 0.972122
v 2.148778 3.513674 0.972386
v 2.055317 3.621336 0.948789
v 1.958139 3.621336 0.984267
v 1.858057 3.621336 1.008755
v 1.846151 3.727530 0.950287
v 1.840089 3.781909 0.918822
v 1.900556 4.097307 0.649445
v 1.892957 4.097116 0.647626
v 2.035468 4.124809 0.638956
v 2.138245 4.113684 0.576077
v 2.130459 4.393767 0.356879
v 2.110045 4.372492 0.353942
v 2.299187 4.222986 0.261458
v 2.292622 4.235425 0.258802
v 2.498803 3.781909 0.441614
v 2.450417 3.781909 0.520470
v 2.187862 4.372491 0.293575
v 2.167438 4.372492 0.326861
v 2.245780 4.112929 0.470885
v 2.194301 3.988721 0.618019
v 2.238443 3.986558 0.569609
v 2.106150 4.087739 0.545206
v 2.043346 4.372492 0.293859
v 2.075753 4.372492 0.268627
v 2.086732 4.372492 0.279357
v 2.132590 4.372491 0.243084
v 2.145851 4.372491 0.252779
v 2.126004 4.372492 0.308069
v 2.054940 4.372492 0.238624
v 2.059545 4.372492 0.247862
v 2.062546 4.372491 0.217262
v 1.671212 3.948306 0.830306
v 1.629619 3.948306 0.830156
v 1.628931 3.948306 0.830151
v 1.582958 3.857495 0.887160
v 1.576868 3.861598 0.884716
v 1.566298 3.948306 0.833041
v 1.842754 4.090823 0.665021
v 1.870180 4.091249 0.658435
v 1.823175 4.075797 0.683985
v 1.811550 4.035327 0.725806
v 1.833960 4.055731 0.700996
v 1.785752 4.016014 0.754037
v 1.784606 4.015924 0.750669
v 1.739671 3.948306 0.833041
v 1.739637 3.948306 0.833043
v 1.678776 3.948306 0.830184
v 1.616994 3.205144 -0.028851
v 1.627118 3.205144 -0.037814
v 1.596385 3.207419 -0.103434
v 1.565819 3.214812 -0.205553
v 1.523077 3.232503 -0.418309
v 1.515442 3.270242 -0.675423
v 1.563002 3.311028 -0.892388
v 1.652984 3.351814 -1.024945
v 1.760978 3.391597 -1.070692
v 1.871491 3.417532 -1.073018
v 1.979894 3.440737 -1.052673
v 2.083580 3.467354 -1.015436
v 2.176670 3.497217 -0.957020
v 2.271288 3.506433 -0.903894
v 2.359203 3.513674 -0.840571
v 2.331146 3.781909 -0.662433
v 2.188169 4.235425 -0.429028
v 2.193663 4.222986 -0.433432
v 2.083323 4.472834 -0.344979
v 2.081130 4.476850 -0.344010
v 2.049219 4.558749 -0.309507
v 2.043779 4.372491 -0.294374
v 2.062163 4.372492 -0.217577
v 2.087633 4.372491 -0.197227
v 2.073960 4.372492 -0.206156
v 2.134411 4.539107 -0.188273
v 2.276949 4.317673 -0.158018
v 2.275973 4.313228 -0.172019
v 2.290001 4.322982 -0.076028
v 2.345322 4.235425 -0.000000
v 2.341989 4.235425 0.066287
v 2.290252 4.323133 0.073797
v 2.282456 4.323879 0.122306
v 2.276706 4.323146 0.146411
v 2.277346 4.317913 0.155917
v 2.279404 4.310277 0.165411
v 2.281169 4.301070 0.179645
v 2.135101 4.537694 0.188728
v 2.074464 4.372491 0.205967
v 2.088230 4.372491 0.197184
v 1.746245 3.351814 1.020469
v 1.652984 3.311028 0.896706
v 1.590323 3.270242 0.685649
v 1.609120 3.232503 0.435027
v 1.608548 3.214812 0.218214
v 1.618130 3.207419 0.112232
v 1.635167 3.205144 0.042017
v 1.760975 3.391597 1.071337
v 1.871489 3.417532 1.073018
v 1.979891 3.440737 1.052673
v 2.083578 3.467354 1.015436
v 2.147754 3.497217 0.970378
v 1.559037 3.948306 0.832809
v 1.543816 3.832729 0.880448
v 1.528837 3.803773 0.896711
v 1.528837 3.786019 0.906682
v 1.595932 3.804305 0.919858
v 1.592677 3.769617 0.915895
v 1.713291 3.796586 0.924396
v 1.735709 3.777068 0.935124
v 1.738086 3.776731 0.935266
v 1.742581 3.776005 0.935463
v 1.746822 3.776372 0.935020
v 2.177609 3.506433 0.958740
v 2.177752 3.513674 0.959001
v 2.121222 3.621336 0.918341
v 2.055282 3.621336 0.950315
v 1.940423 3.727530 0.927220
v 1.940458 3.727530 0.925695
v 1.931386 3.781909 0.896483
v 1.920958 4.097625 0.644546
v 1.899410 4.097216 0.646077
v 1.897587 4.091733 0.651799
v 2.059623 4.075780 0.660453
v 2.081506 4.026797 0.683321
v 2.130459 4.372491 0.356879
v 2.141068 4.372492 0.316155
v 2.322311 4.222986 0.198329
v 2.315510 4.235425 0.196314
v 2.539044 3.781909 0.358506
v 2.207678 4.372491 0.255547
v 2.194511 4.372491 0.282739
v 2.634754 3.513674 0.512596
v 2.578590 3.513674 0.604126
v 2.251463 4.103892 0.472113
v 2.291524 4.008233 0.511566
v 2.163533 4.372492 0.333226
v 2.147208 4.372492 0.354562
v 2.148605 4.372492 0.352886
v 2.198212 4.086105 0.439096
v 2.282585 3.984396 0.521198
v 2.202869 4.083001 0.439135
v 2.191049 3.990170 0.619277
v 2.186392 3.993273 0.619238
v 2.107493 4.083780 0.550702
v 2.066573 4.372492 0.257992
v 2.105415 4.372491 0.227295
v 2.118937 4.372492 0.234479
v 2.164978 4.372491 0.198780
v 2.177749 4.372491 0.208115
v 2.158208 4.372491 0.263192
v 2.070689 4.372491 0.216692
v 2.080818 4.372491 0.218227
v 1.676350 3.948306 0.830156
v 1.592677 3.845420 0.894600
v 1.595932 3.837942 0.899334
v 1.588296 3.851973 0.890449
v 1.570472 3.864044 0.883260
v 1.565177 3.948306 0.832982
v 1.560040 3.948306 0.832965
v 1.852124 4.076247 0.677033
v 1.881073 4.076698 0.670081
v 1.820223 4.015288 0.743268
v 1.844745 4.035666 0.718008
v 1.865002 4.056214 0.693542
v 1.792233 3.996238 0.771737
v 1.791087 3.996147 0.768368
v 1.740792 3.948306 0.832982
v 1.735709 3.864117 0.883205
v 1.735497 3.864044 0.883260
v 1.677864 3.948306 0.830169
v 1.745929 3.948306 0.832965
v 1.746444 3.964749 0.823231
v 1.631036 3.205144 -0.040108
v 1.607036 3.207419 -0.108355
v 1.586865 3.214812 -0.212909
v 1.565678 3.232503 -0.428733
v 1.583879 3.270242 -0.685340
v 1.652984 3.311028 -0.896706
v 1.755835 3.351814 -1.020010
v 1.867928 3.391597 -1.055195
v 1.978110 3.417532 -1.046930
v 2.083949 3.440737 -1.016304
v 2.183400 3.467354 -0.969319
v 2.270179 3.497217 -0.902272
v 2.359011 3.506433 -0.840342
v 2.440149 3.513674 -0.768907
v 2.394352 3.781909 -0.594313
v 2.228643 4.235425 -0.375722
v 2.234552 4.222986 -0.379578
v 2.095599 4.449758 -0.350403
v 2.081130 4.372491 -0.344010
v 2.095599 4.372491 -0.350403
v 2.057486 4.372491 -0.323162
v 2.068261 4.372491 -0.334812
v 2.049219 4.372492 -0.309507
v 2.049498 4.372491 -0.253397
v 2.055892 4.372491 -0.261402
v 2.060617 4.372492 -0.228792
v 2.102655 4.372492 -0.191134
v 2.070920 4.372492 -0.228162
v 2.118450 4.372492 -0.188110
v 2.134411 4.372492 -0.188273
v 2.149924 4.511490 -0.191614
v 2.279007 4.310037 -0.167511
v 2.280772 4.300830 -0.181745
v 2.291890 4.323540 -0.061467
v 2.332020 4.235425 -0.131936
v 2.341989 4.235425 -0.066287
v 2.295171 4.323110 -0.001116
v 2.352429 4.222986 -0.000000
v 2.349061 4.222986 0.066968
v 2.332019 4.235425 0.131936
v 2.284076 4.298205 0.174880
v 2.293560 4.277975 0.184305
v 2.318650 4.235425 0.184071
v 2.290480 4.281210 0.188897
v 2.103317 4.372491 0.191251
v 2.119143 4.372492 0.188396
v 2.135101 4.372491 0.188728
v 2.150578 4.510037 0.192234
v 1.755832 3.351814 1.020009
v 1.734576 3.311028 0.892790
v 1.652984 3.270242 0.688655
v 1.613209 3.232503 0.435223
v 1.630658 3.214812 0.221417
v 1.629560 3.207419 0.115029
v 1.639469 3.205144 0.043520
v 1.867925 3.391597 1.055840
v 1.978108 3.417532 1.046931
v 2.083947 3.440737 1.016305
v 2.154113 3.467354 0.982849
v 2.176668 3.497217 0.957020
v 1.556515 3.863145 0.882416
v 1.549906 3.836934 0.878086
v 1.556515 3.839523 0.876632
v 1.528160 3.794896 0.901697
v 1.597937 3.812624 0.914887
v 1.595932 3.777483 0.911477
v 1.710036 3.804305 0.919858
v 1.723010 3.757063 0.922946
v 1.717672 3.762722 0.919768
v 1.713291 3.769617 0.915895
v 1.729101 3.752858 0.925308
v 1.735709 3.750268 0.926762
v 1.742581 3.749394 0.927253
v 1.749454 3.776402 0.934584
v 1.749454 3.750268 0.926762
v 2.271287 3.506433 0.903894
v 2.271455 3.513674 0.904139
v 2.148585 3.621336 0.905699
v 2.121187 3.621336 0.919867
v 2.031927 3.727530 0.895239
v 2.031962 3.727530 0.893713
v 1.756062 3.778175 0.932468
v 1.762152 3.781577 0.929455
v 2.020003 3.781909 0.865511
v 1.913077 3.948306 0.807474
v 1.859468 3.948306 0.818607
v 1.964229 4.162994 0.572948
v 1.927123 4.092306 0.648311
v 1.919812 4.097534 0.641177
v 1.904409 4.091848 0.650151
v 1.909954 4.077355 0.662944
v 1.990437 4.135610 0.593293
v 2.023082 4.097851 0.622132
v 2.053479 4.060011 0.651555
v 2.111104 4.077150 0.558291
v 2.247999 3.817820 0.708212
v 2.152593 4.073323 0.594655
v 2.206684 3.818111 0.737936
v 2.179283 4.008872 0.620978
v 2.173004 4.004276 0.615402
v 2.081626 4.022089 0.675488
v 2.098159 3.981405 0.698200
v 2.100676 3.979187 0.702611
v 2.114003 3.948306 0.714559
v 2.129412 3.948306 0.701879
v 2.157342 4.372492 0.323633
v 2.172272 4.372491 0.275725
v 2.324701 4.222986 0.189010
v 2.317366 4.235425 0.189078
v 2.570751 3.781909 0.271945
v 2.291892 4.278627 0.189316
v 2.290890 4.280279 0.189318
v 2.681462 3.513674 0.416129
v 2.207178 4.372491 0.251954
v 2.183632 4.372492 0.287634
v 2.207178 4.376040 0.251954
v 2.634487 3.506433 0.512457
v 2.578339 3.506433 0.603962
v 2.291640 4.007650 0.511975
v 2.216256 4.071999 0.442971
v 2.278157 3.999125 0.500082
v 2.208429 4.078835 0.440007
v 2.283551 3.985638 0.517831
v 2.245873 3.990163 0.576253
v 2.291144 3.988614 0.528788
v 2.283110 3.988535 0.513167
v 2.244449 3.990211 0.577747
v 2.196913 3.989153 0.620652
v 2.193835 3.990872 0.622045
v 2.189856 3.994768 0.622548
v 2.180832 3.997440 0.618366
v 2.092544 4.372492 0.221807
v 2.150578 4.372491 0.192234
v 2.164978 4.482319 0.198780
v 2.177749 4.455605 0.208115
v 2.188400 4.372491 0.219879
v 1.677038 3.948306 0.830151
v 1.713291 3.845420 0.894600
v 1.710036 3.837942 0.899334
v 1.582958 3.832729 0.880448
v 1.588296 3.827070 0.883626
v 1.576868 3.836934 0.878086
v 1.570260 3.864117 0.883205
v 1.570260 3.839523 0.876632
v 1.563387 3.864713 0.882488
v 1.562662 3.864595 0.882519
v 1.896045 4.056697 0.686088
v 1.828895 3.995250 0.760729
v 1.855529 4.015600 0.735020
v 1.877881 4.036181 0.710051
v 1.830041 3.995341 0.764097
v 1.742581 3.864713 0.882488
v 1.729101 3.861598 0.884716
v 1.729101 3.836934 0.878086
v 1.735709 3.839523 0.876632
v 1.723011 3.857495 0.887160
v 1.801173 3.964830 0.817794
v 1.814792 3.970595 0.790993
v 1.746931 3.948306 0.832809
v 1.794070 3.948306 0.828112
v 1.635167 3.205144 -0.042017
v 1.618130 3.207419 -0.112232
v 1.608547 3.214812 -0.218214
v 1.609119 3.232503 -0.435027
v 1.652984 3.270242 -0.688656
v 1.742967 3.311028 -0.892388
v 1.857692 3.351814 -1.005251
v 1.972808 3.391597 -1.029533
v 2.081598 3.417532 -1.010760
v 2.183854 3.440737 -0.970149
v 2.278111 3.467354 -0.913868
v 2.357745 3.497217 -0.838835
v 2.439935 3.506433 -0.768698
v 2.513513 3.513674 -0.689838
v 2.450418 3.781909 -0.520470
v 2.263572 4.235425 -0.318797
v 2.269840 4.222986 -0.322069
v 2.131557 4.392666 -0.356463
v 2.147720 4.372491 -0.354052
v 2.111113 4.424350 -0.353744
v 2.089026 4.372492 -0.286287
v 2.103305 4.372491 -0.293809
v 2.064855 4.372492 -0.269766
v 2.076043 4.372491 -0.278169
v 2.083207 4.372492 -0.229182
v 2.149924 4.372492 -0.191614
v 2.097007 4.372492 -0.231815
v 2.111789 4.372492 -0.235959
v 2.164393 4.483752 -0.198007
v 2.283679 4.297966 -0.176981
v 2.318111 4.235425 -0.186173
v 2.293163 4.277735 -0.186405
v 2.286902 4.287754 -0.187837
v 2.338989 4.222986 -0.133290
v 2.349061 4.222986 -0.066967
v 2.463378 4.027829 0.077966
v 2.463749 4.027554 0.073797
v 2.467768 4.027032 -0.000000
v 2.338989 4.222986 0.133290
v 1.857689 3.351814 1.005251
v 1.742964 3.311028 0.892388
v 1.715646 3.270242 0.685649
v 1.652984 3.232503 0.437132
v 1.632740 3.214812 0.221517
v 1.641215 3.207419 0.116717
v 1.643901 3.205144 0.044605
v 1.972805 3.391597 1.030178
v 2.081596 3.417532 1.010761
v 2.154542 3.440737 0.983690
v 2.183398 3.467354 0.969319
v 2.270178 3.497217 0.902272
v 1.598614 3.821223 0.909676
v 1.597937 3.786019 0.906682
v 1.708032 3.812624 0.914887
v 1.710036 3.777483 0.911477
v 2.359010 3.506433 0.840343
v 2.359202 3.513674 0.840571
v 2.237080 3.621336 0.853887
v 2.119816 3.727530 0.853125
v 2.094042 3.727530 0.865033
v 2.094006 3.727530 0.866558
v 1.756062 3.752858 0.925308
v 1.762152 3.757063 0.922946
v 1.767491 3.786476 0.925660
v 2.080123 3.781909 0.837735
v 1.987559 3.948306 0.784391
v 1.923293 3.948306 0.804381
v 1.830417 3.948306 0.824365
v 1.925977 4.092215 0.644942
v 1.917761 4.077512 0.661035
v 1.926952 4.057594 0.678263
v 1.943589 4.078100 0.658367
v 1.964067 4.058542 0.672706
v 2.248415 3.817817 0.707846
v 2.218189 3.783266 0.754513
v 2.261409 3.781909 0.724173
v 2.214001 3.783588 0.757317
v 2.210122 3.783053 0.760510
v 2.201119 3.818149 0.741984
v 2.178838 3.802486 0.769409
v 2.185812 3.781909 0.778939
v 2.056437 3.980711 0.722052
v 2.063124 3.978346 0.731338
v 2.177375 3.801459 0.771375
v 2.069541 3.948306 0.745845
v 2.200977 4.372491 0.236224
v 2.325985 4.222986 0.184003
v 2.422331 4.061994 0.188776
v 2.718266 3.513674 0.315655
v 2.681183 3.506433 0.416016
v 2.200977 4.397929 0.236224
v 2.632726 3.497217 0.511537
v 2.576679 3.497217 0.602878
v 2.513279 3.506433 0.689651
v 2.189896 3.716511 0.819298
v 2.206723 3.716416 0.809508
v 2.293046 3.999457 0.517465
v 2.281768 3.992495 0.507671
v 2.292572 3.990310 0.525797
v 2.293099 3.994184 0.521917
v 2.275490 3.817627 0.684023
v 2.316399 3.817340 0.648028
v 2.316638 3.817338 0.647771
v 2.185297 4.000063 0.622480
v 2.188400 4.430393 0.219879
v 2.183762 4.441669 0.214756
v 1.717672 3.851973 0.890449
v 1.592677 3.820175 0.887498
v 1.595932 3.812309 0.891917
v 1.597937 3.829772 0.904424
v 1.911016 4.036697 0.702094
v 1.866314 3.995535 0.752031
v 1.890759 4.016149 0.726560
v 1.867460 3.995626 0.755400
v 1.743307 3.864595 0.882519
v 1.742581 3.840398 0.876141
v 1.723011 3.832729 0.880448
v 1.829374 3.966254 0.814177
v 1.861705 3.967517 0.807037
v 1.873434 3.972133 0.776316
v 1.795296 3.948306 0.827950
v 1.639469 3.205144 -0.043520
v 1.629560 3.207419 -0.115029
v 1.630658 3.214812 -0.221418
v 1.652984 3.232503 -0.437132
v 1.722089 3.270242 -0.685340
v 1.832079 3.311028 -0.879476
v 1.957577 3.351814 -0.980811
v 2.074607 3.391597 -0.993953
v 2.180958 3.417532 -0.964856
v 2.278646 3.440737 -0.914650
v 2.366802 3.467354 -0.849615
v 2.438523 3.497217 -0.767319
v 2.513280 3.506433 -0.689651
v 2.578591 3.513674 -0.604126
v 2.498804 3.781909 -0.441614
v 2.292622 4.235425 -0.258801
v 2.299187 4.222986 -0.261458
v 2.173884 4.372491 -0.316356
v 2.194323 4.372491 -0.283047
v 2.149239 4.372491 -0.352053
v 2.111113 4.372491 -0.353744
v 2.118331 4.372491 -0.300445
v 2.126985 4.372492 -0.241454
v 2.164393 4.372491 -0.198007
v 2.177263 4.456957 -0.207205
v 2.290340 4.279947 -0.191368
v 2.325446 4.222986 -0.186105
v 2.452244 4.028796 -0.147500
v 2.449612 4.031363 -0.154784
v 2.463493 4.027632 -0.077977
v 2.463666 4.027504 -0.076029
v 2.467746 4.026974 -0.001116
v 2.449110 4.032233 0.154686
v 2.452484 4.028941 0.145348
v 1.957574 3.351814 0.980811
v 1.832077 3.311028 0.879476
v 1.722088 3.270242 0.685339
v 1.692759 3.232503 0.435223
v 1.652984 3.214812 0.222394
v 1.642312 3.207419 0.116770
v 1.648420 3.205144 0.045259
v 2.074605 3.391597 0.994598
v 2.151805 3.417532 0.978324
v 2.183852 3.440737 0.970149
v 2.278110 3.467354 0.913868
v 2.357744 3.497217 0.838835
v 1.563387 3.840398 0.876141
v 1.598614 3.794896 0.901697
v 1.597937 3.803773 0.896711
v 1.707355 3.821223 0.909676
v 1.708032 3.786019 0.906682
v 2.439934 3.506433 0.768698
v 2.440148 3.513674 0.768907
v 2.246574 3.716187 0.780798
v 2.234006 3.716259 0.789852
v 2.215683 3.716364 0.803053
v 2.213903 3.716374 0.804335
v 2.169630 3.796014 0.779837
v 2.105085 3.781909 0.826203
v 2.157837 3.781909 0.795318
v 1.771872 3.792685 0.921231
v 1.767491 3.762721 0.919768
v 2.041921 3.948306 0.759743
v 1.993920 3.948306 0.782436
v 1.804689 3.948306 0.826920
v 1.910686 3.970031 0.795853
v 1.942443 4.078009 0.654999
v 1.935595 4.057800 0.676118
v 1.943949 4.037834 0.693581
v 1.983109 4.038962 0.687389
v 2.248882 3.817814 0.707436
v 2.000716 4.019359 0.702417
v 2.013271 3.999574 0.718052
v 1.987303 3.998684 0.725295
v 2.179180 3.727530 0.818368
v 2.156847 3.750495 0.816432
v 2.421524 4.065443 0.183774
v 2.435986 4.043618 0.178955
v 2.744810 3.513674 0.212141
v 2.593620 3.781909 0.182765
v 2.717977 3.506433 0.315569
v 2.679338 3.497217 0.415270
v 2.645317 3.467354 0.518112
v 2.588550 3.467354 0.610627
v 2.511736 3.497217 0.688414
v 2.356694 3.809108 0.611639
v 2.358870 3.808322 0.609967
v 2.250238 3.817805 0.706242
v 2.290956 3.783866 0.696497
v 2.294921 3.783321 0.693409
v 2.331146 3.781909 0.662433
v 2.249800 3.817808 0.706628
v 2.249340 3.817811 0.707032
v 1.713291 3.820175 0.887498
v 1.717672 3.827070 0.883626
v 1.708032 3.829772 0.904424
v 1.710036 3.812309 0.891917
v 1.925988 4.016697 0.718100
v 1.903637 3.996116 0.743069
v 1.904783 3.996207 0.746437
v 1.749454 3.839523 0.876632
v 1.749454 3.863145 0.882416
v 1.796368 3.948306 0.827818
v 1.762153 3.855114 0.885229
v 1.756062 3.859885 0.883327
v 1.643901 3.205144 -0.044605
v 1.641215 3.207419 -0.116718
v 1.652984 3.214812 -0.222489
v 1.696850 3.232503 -0.435027
v 1.790526 3.270242 -0.675423
v 1.919467 3.311028 -0.858094
v 2.054528 3.351814 -0.946925
v 2.172347 3.391597 -0.948798
v 2.275233 3.417532 -0.909660
v 2.367413 3.440737 -0.850342
v 2.448618 3.467354 -0.777180
v 2.511736 3.497217 -0.688414
v 2.578339 3.506433 -0.603962
v 2.634754 3.513674 -0.512596
v 2.539044 3.781909 -0.358506
v 2.315511 4.235425 -0.196314
v 2.322311 4.222986 -0.198329
v 2.198179 4.372491 -0.275165
v 2.207831 4.372492 -0.255231
v 2.194512 4.372492 -0.282739
v 2.167407 4.372492 -0.315738
v 2.185438 4.372492 -0.274971
v 2.163533 4.372491 -0.333226
v 2.131557 4.372491 -0.356463
v 2.151413 4.372491 -0.311854
v 2.133527 4.372491 -0.305941
v 2.142011 4.372492 -0.248090
v 2.177263 4.372491 -0.207205
v 2.184536 4.440202 -0.215069
v 2.298753 4.266078 -0.191348
v 2.324162 4.222987 -0.191112
v 2.316827 4.235425 -0.191180
v 2.421129 4.065205 -0.185875
v 2.448522 4.032131 -0.157220
v 2.442808 4.037522 -0.166763
v 2.434424 4.047314 -0.176313
v 2.465828 4.023645 0.078202
v 2.466029 4.023507 0.075827
v 2.470124 4.023029 -0.000000
v 2.054527 3.351814 0.946925
v 1.919465 3.311028 0.858094
v 1.790524 3.270242 0.675423
v 1.696848 3.232503 0.435027
v 1.673229 3.214812 0.221517
v 1.652984 3.207419 0.117232
v 1.648846 3.205144 0.045280
v 2.143670 3.391597 0.962690
v 2.180956 3.417532 0.964856
v 2.278645 3.440737 0.914650
v 2.366801 3.467354 0.849615
v 2.438522 3.497217 0.767319
v 1.707355 3.794896 0.901697
v 2.324059 3.715744 0.718774
v 2.312235 3.715811 0.729192
v 2.250329 3.716166 0.778092
v 2.230293 3.716281 0.792528
v 2.233733 3.739275 0.773983
v 2.229851 3.738737 0.777172
v 0.956122 4.222986 -0.051350
v 0.962156 4.218188 -0.050998
v 0.957326 4.225075 -0.051564
v 1.775127 3.799964 0.916336
v 1.771872 3.769617 0.915895
v 1.982769 3.972873 0.772414
v 1.922214 3.970486 0.792105
v 1.767491 3.849014 0.888049
v 1.771872 3.841821 0.891680
v 1.962921 4.058451 0.669337
v 1.953084 4.038083 0.691284
v 1.960946 4.018073 0.708899
v 1.981964 4.038871 0.684020
v 2.204880 3.774453 0.745772
v 2.208980 3.774043 0.742857
v 2.222527 3.782100 0.752204
v 2.201104 3.774022 0.749096
v 2.043859 3.980491 0.727850
v 2.035331 3.977010 0.746289
v 1.979089 3.998403 0.727586
v 2.434818 4.047552 0.174212
v 2.444597 4.033561 0.169146
v 2.760840 3.513674 0.106584
v 2.607430 3.781909 0.091825
v 2.744514 3.506433 0.212083
v 2.452275 4.026751 0.155301
v 2.450466 4.028024 0.159344
v 2.716066 3.497217 0.315003
v 2.692529 3.467354 0.420607
v 2.646167 3.440737 0.518555
v 2.589350 3.440737 0.611149
v 2.522772 3.467354 0.697261
v 2.356881 3.718580 0.687571
v 2.287301 3.783556 0.699973
v 2.334246 3.817214 0.628901
v 2.370724 3.792896 0.610382
v 1.708032 3.803773 0.896711
v 1.940960 3.996696 0.734106
v 1.931916 3.974246 0.761124
v 1.942106 3.996788 0.737474
v 1.756062 3.836934 0.878086
v 1.775127 3.777483 0.911477
v 1.777131 3.786019 0.906682
v 1.777808 3.794896 0.901697
v 1.777131 3.803773 0.896711
v 1.775127 3.812309 0.891917
v 1.771872 3.820175 0.887498
v 1.767491 3.827070 0.883626
v 1.762153 3.832729 0.880448
v 1.648420 3.205144 -0.045260
v 1.652984 3.207419 -0.117282
v 1.675311 3.214812 -0.221418
v 1.740291 3.232503 -0.428733
v 1.857639 3.270242 -0.659002
v 2.004288 3.311028 -0.828448
v 2.147613 3.351814 -0.903920
v 2.265084 3.391597 -0.894502
v 2.363515 3.417532 -0.845703
v 2.449299 3.440737 -0.777845
v 2.522773 3.467354 -0.697261
v 2.576679 3.497217 -0.602878
v 2.634488 3.506433 -0.512457
v 2.681463 3.513674 -0.416129
v 2.570751 3.781909 -0.271945
v 2.207156 4.372492 -0.250729
v 2.207156 4.377014 -0.250729
v 2.156290 4.372492 -0.255612
v 2.188038 4.431752 -0.218855
v 2.188038 4.372491 -0.218855
v 2.421937 4.061756 -0.190877
v 2.454167 4.024525 -0.151552
v 2.452777 4.025881 -0.155399
v 2.465934 4.023465 -0.078211
v 2.454407 4.024670 0.149400
v 2.470101 4.022973 -0.001116
v 2.612048 3.781909 -0.000000
v 2.120302 3.351814 0.916537
v 2.004286 3.311028 0.828448
v 1.857637 3.270242 0.659002
v 1.740290 3.232503 0.428732
v 1.675310 3.214812 0.221417
v 1.663656 3.207419 0.116770
v 1.652984 3.205144 0.045459
v 2.172345 3.391597 0.949443
v 2.275231 3.417532 0.909660
v 2.367412 3.440737 0.850342
v 2.448618 3.467354 0.777180
v 2.327526 3.715724 0.715721
v 2.308800 3.715831 0.732218
v 2.310493 3.739358 0.712916
v 2.306836 3.739046 0.716389
v 2.253882 3.716146 0.775532
v 2.237162 3.740655 0.770536
v 2.226629 3.716302 0.795167
v 2.225665 3.739060 0.779979
v 2.225598 3.731127 0.763686
v 2.221823 3.730696 0.767009
v 2.203174 3.727530 0.804320
v 2.204787 3.753752 0.784847
v 2.203733 3.755405 0.784457
v 2.205856 3.752076 0.785243
v 2.217610 3.716353 0.801665
v 1.777131 3.808034 0.911164
v 1.989976 3.973466 0.769874
v 1.970227 4.018360 0.706532
v 1.977944 3.998312 0.724217
v 1.999570 4.019268 0.699048
v 2.213249 3.772808 0.740461
v 2.222948 3.781909 0.752036
v 2.207267 3.781909 0.763396
v 2.012125 3.999483 0.714683
v 1.986157 3.998593 0.721926
v 2.443202 4.037760 0.164662
v 2.766200 3.513674 -0.000000
v 2.760539 3.506433 0.106555
v 2.742555 3.497217 0.211703
v 2.448916 4.032370 0.155119
v 2.729728 3.467354 0.319052
v 2.693418 3.440737 0.420967
v 2.640748 3.417532 0.515726
v 2.584242 3.417532 0.607815
v 2.523516 3.440737 0.697857
v 2.281765 3.774662 0.684864
v 2.285866 3.774252 0.681948
v 2.299044 3.781940 0.690829
v 1.990397 3.976360 0.745931
v 1.652984 3.205144 -0.045479
v 1.664754 3.207419 -0.116718
v 1.697421 3.214812 -0.218214
v 1.782891 3.232503 -0.418309
v 1.922780 3.270242 -0.636234
v 2.085726 3.311028 -0.790823
v 2.235934 3.351814 -0.852210
v 2.351927 3.391597 -0.831588
v 2.444955 3.417532 -0.773602
v 2.523517 3.440737 -0.697857
v 2.588550 3.467354 -0.610627
v 2.632726 3.497217 -0.511537
v 2.681183 3.506433 -0.416016
v 2.718266 3.513674 -0.315655
v 2.200788 4.399117 -0.235066
v 2.170825 4.372492 -0.264615
v 2.435592 4.043380 -0.181056
v 2.607430 3.781909 -0.091824
v 2.593620 3.781909 -0.182765
v 2.465946 4.023457 -0.078059
v 2.147611 3.351814 0.903920
v 2.061832 3.311028 0.801862
v 1.922779 3.270242 0.636234
v 1.782890 3.232503 0.418309
v 1.697421 3.214812 0.218214
v 1.664753 3.207419 0.116717
v 1.657123 3.205144 0.045280
v 2.265083 3.391597 0.895147
v 2.363514 3.417532 0.845703
v 2.449299 3.440737 0.777845
v 2.330837 3.715705 0.712803
v 2.313704 3.740520 0.709193
v 2.305443 3.715850 0.735175
v 2.302875 3.739595 0.719481
v 2.257071 3.716127 0.773235
v 2.240005 3.742822 0.766963
v 2.228903 3.732382 0.760082
v 2.223193 3.716321 0.797642
v 2.221334 3.740234 0.782297
v 2.217722 3.731106 0.769925
v 2.197944 3.744151 0.775228
v 2.196845 3.745797 0.774794
v 2.209136 3.748248 0.785538
v 2.220144 3.716339 0.799839
v 2.153730 3.776995 0.800934
v 1.777808 3.816586 0.905914
v 1.775127 3.833810 0.895981
v 2.226835 3.780123 0.750466
v 2.217522 3.770796 0.738678
v 2.206700 3.781680 0.763966
v 2.197800 3.772766 0.752700
v 2.765898 3.506433 -0.000000
v 2.758552 3.497217 0.106364
v 2.756558 3.467354 0.214424
v 2.730649 3.440737 0.319325
v 2.687742 3.417532 0.418670
v 2.624639 3.391597 0.507637
v 2.569054 3.391597 0.598224
v 2.518767 3.417532 0.694051
v 2.353264 3.715576 0.693045
v 2.336406 3.715673 0.707897
v 2.319978 3.752323 0.694708
v 2.319545 3.748504 0.697981
v 2.277990 3.774230 0.688187
v 2.284097 3.782401 0.703704
v 2.290135 3.773017 0.679552
v 2.303153 3.779764 0.688839
v 1.657548 3.205144 -0.045260
v 1.676409 3.207419 -0.115029
v 1.719104 3.214812 -0.212909
v 1.824240 3.232503 -0.403857
v 1.985323 3.270242 -0.607340
v 2.162997 3.311028 -0.745583
v 2.318641 3.351814 -0.792292
v 2.432039 3.391597 -0.760663
v 2.518768 3.417532 -0.694051
v 2.589351 3.440737 -0.611149
v 2.645318 3.467354 -0.518111
v 2.679338 3.497217 -0.415270
v 2.717977 3.506433 -0.315569
v 2.744811 3.513674 -0.212141
v 2.200788 4.372491 -0.235066
v 2.444203 4.033322 -0.171248
v 2.450072 4.027786 -0.161446
v 2.631288 3.730857 -0.129796
v 2.631820 3.728628 -0.134808
v 2.235933 3.351814 0.852210
v 2.085725 3.311028 0.790823
v 1.966973 3.270242 0.615817
v 1.824239 3.232503 0.403857
v 1.719103 3.214812 0.212909
v 1.676409 3.207419 0.115029
v 1.657548 3.205144 0.045259
v 2.351926 3.391597 0.832233
v 2.444954 3.417532 0.773602
v 1.777131 3.825289 0.900787
v 2.333840 3.715688 0.710157
v 2.316347 3.742486 0.705366
v 2.305788 3.732591 0.699173
v 2.302483 3.731336 0.702777
v 2.302329 3.715868 0.737919
v 2.298760 3.740984 0.722072
v 2.298708 3.730905 0.706101
v 2.294607 3.731315 0.709017
v 2.285451 3.715965 0.752789
v 2.242154 3.745696 0.763401
v 2.231609 3.734414 0.756336
v 2.217027 3.742212 0.784036
v 2.213453 3.732340 0.772321
v 2.195761 3.747421 0.774366
v 2.201274 3.740374 0.775586
v 2.212909 3.744918 0.785131
v 2.230954 3.777417 0.749371
v 2.221634 3.768084 0.737575
v 2.203857 3.779512 0.767539
v 2.195093 3.770735 0.756446
v 2.203194 3.756252 0.784257
v 2.654499 3.706119 -0.021971
v 2.651750 3.710893 -0.022069
v 2.657164 3.701396 -0.022949
v 2.760539 3.506433 -0.106555
v 2.760840 3.513674 -0.106583
v 2.763901 3.497217 -0.000000
v 2.772760 3.467354 0.107731
v 2.757503 3.440737 0.214607
v 2.724771 3.417532 0.317583
v 2.670866 3.391597 0.412165
v 2.525428 3.351814 0.569428
v 2.578365 3.351814 0.483155
v 2.504647 3.391597 0.683053
v 2.319600 3.756494 0.691886
v 2.274685 3.772975 0.691792
v 2.283434 3.781909 0.704674
v 2.294407 3.771005 0.677769
v 2.307098 3.776884 0.687525
v 1.662068 3.205144 -0.044605
v 1.687839 3.207419 -0.112232
v 1.740149 3.214812 -0.205553
v 1.863940 3.232503 -0.385516
v 2.044666 3.270242 -0.572596
v 2.235355 3.311028 -0.693162
v 2.394938 3.351814 -0.724745
v 2.504647 3.391597 -0.682409
v 2.584243 3.417532 -0.607815
v 2.646167 3.440737 -0.518555
v 2.692529 3.467354 -0.420607
v 2.716066 3.497217 -0.315003
v 2.744514 3.506433 -0.212083
v 2.644162 3.703660 -0.148943
v 2.646996 3.699079 -0.147787
v 2.617862 3.723060 -0.127595
v 2.618351 3.720807 -0.132599
v 2.631310 3.732217 -0.124456
v 2.632885 3.725618 -0.139299
v 2.639132 3.731080 -0.042293
v 2.638439 3.731811 -0.047712
v 2.318640 3.351814 0.792292
v 2.162996 3.311028 0.745583
v 1.985322 3.270242 0.607340
v 1.852292 3.232503 0.390897
v 1.740149 3.214812 0.205553
v 1.687838 3.207419 0.112232
v 1.662068 3.205144 0.044605
v 2.432038 3.391597 0.761307
v 2.318319 3.745183 0.701580
v 2.308495 3.734622 0.695427
v 2.299596 3.715884 0.740327
v 2.294652 3.743161 0.724063
v 2.290339 3.732549 0.711412
v 2.295689 3.715906 0.743769
v 2.243526 3.749163 0.759987
v 2.233615 3.737143 0.752592
v 2.209180 3.734353 0.774104
v 2.193087 3.768006 0.760190
v 2.191861 3.764683 0.763788
v 2.191460 3.760896 0.767101
v 2.191900 3.756789 0.770003
v 2.193165 3.752519 0.772382
v 2.205068 3.737065 0.775207
v 2.234842 3.740465 0.748994
v 2.235242 3.744253 0.745681
v 2.234802 3.748360 0.742779
v 2.233537 3.752629 0.740400
v 2.231496 3.756896 0.738635
v 2.228759 3.760998 0.737553
v 2.225429 3.764775 0.737195
v 2.234726 3.774086 0.748964
v 2.201708 3.776639 0.771101
v 2.201251 3.760617 0.782617
v 2.195206 3.748252 0.774146
v 2.649023 3.715537 -0.023239
v 2.642375 3.706119 -0.021971
v 2.639626 3.710893 -0.022069
v 2.645040 3.701396 -0.022949
v 2.659642 3.696907 -0.024965
v 2.758552 3.497217 -0.106363
v 2.666189 3.683129 -0.052224
v 2.666349 3.683333 -0.046719
v 2.778179 3.467354 -0.000000
v 2.773718 3.440737 0.107823
v 2.751477 3.417532 0.213436
v 2.707290 3.391597 0.312725
v 2.622391 3.351814 0.392229
v 2.464088 3.351814 0.650217
v 2.416269 3.311028 0.498182
v 2.462584 3.311028 0.422704
v 2.311687 3.748569 0.681870
v 2.312127 3.744461 0.684772
v 2.318428 3.760855 0.689624
v 2.281457 3.780438 0.707536
v 2.271978 3.770944 0.695538
v 2.298520 3.768293 0.676666
v 2.310729 3.773412 0.686938
v 1.666500 3.205144 -0.043520
v 1.698933 3.207419 -0.108355
v 1.760356 3.214812 -0.196218
v 1.901609 3.232503 -0.363462
v 2.100236 3.270242 -0.532337
v 2.302106 3.311028 -0.634066
v 2.464089 3.351814 -0.650217
v 2.569054 3.391597 -0.597579
v 2.640749 3.417532 -0.515726
v 2.693419 3.440737 -0.420967
v 2.729729 3.467354 -0.319051
v 2.742556 3.497217 -0.211703
v 2.641386 3.708420 -0.149035
v 2.649780 3.694851 -0.145611
v 2.630575 3.695771 -0.146715
v 2.633420 3.691196 -0.145561
v 2.619377 3.717774 -0.137084
v 2.617930 3.724448 -0.122263
v 2.631883 3.732658 -0.118993
v 2.634442 3.721941 -0.143096
v 2.640331 3.729441 -0.037170
v 2.638279 3.731607 -0.053217
v 2.627007 3.731080 -0.042293
v 2.626314 3.731811 -0.047712
v 2.394937 3.351814 0.724744
v 2.235355 3.311028 0.693162
v 2.044665 3.270242 0.572596
v 1.863940 3.232503 0.385516
v 1.754427 3.214812 0.198956
v 1.698932 3.207419 0.108355
v 1.666500 3.205144 0.043520
v 2.310500 3.737352 0.691683
v 2.311727 3.740674 0.688085
v 2.310422 3.752838 0.679491
v 2.308382 3.757105 0.677727
v 2.305644 3.761206 0.676645
v 2.302314 3.764984 0.676287
v 2.269973 3.768215 0.699281
v 2.268746 3.764892 0.702879
v 2.268345 3.761105 0.706193
v 2.268786 3.756998 0.709095
v 2.270051 3.752728 0.711473
v 2.272091 3.748461 0.713238
v 2.274829 3.744360 0.714320
v 2.278159 3.740582 0.714678
v 2.281953 3.737274 0.714298
v 2.286066 3.734561 0.713195
v 2.297356 3.715897 0.742300
v 2.290706 3.746040 0.725377
v 2.283900 3.753444 0.725800
v 2.281300 3.757684 0.724894
v 2.200336 3.773172 0.774516
v 2.238006 3.770259 0.749259
v 2.200103 3.765004 0.780386
v 2.646422 3.719870 -0.025436
v 2.636899 3.715537 -0.023239
v 2.647518 3.696907 -0.024965
v 2.661839 3.692823 -0.027943
v 2.656795 3.685807 -0.133978
v 2.658387 3.684393 -0.128895
v 2.772761 3.467354 -0.107730
v 2.654065 3.683129 -0.052224
v 2.654224 3.683333 -0.046719
v 2.665496 3.683861 -0.057643
v 2.665969 3.684464 -0.041339
v 2.779141 3.440737 -0.000000
v 2.767605 3.417532 0.107235
v 2.733562 3.391597 0.210278
v 2.657081 3.351814 0.297525
v 2.501101 3.311028 0.343154
v 2.362604 3.311028 0.568863
v 2.239175 3.270242 0.382596
v 2.274744 3.270242 0.324629
v 2.316504 3.765240 0.688008
v 2.279485 3.777742 0.711322
v 2.313905 3.769480 0.687101
v 1.670802 3.205144 -0.042017
v 1.709584 3.207419 -0.103434
v 1.779528 3.214812 -0.184993
v 1.936882 3.232503 -0.337907
v 2.151499 3.270242 -0.486952
v 2.362605 3.311028 -0.568863
v 2.525428 3.351814 -0.569428
v 2.624639 3.391597 -0.506992
v 2.687743 3.417532 -0.418670
v 2.730650 3.440737 -0.319324
v 2.756559 3.467354 -0.214423
v 2.638776 3.713174 -0.148060
v 2.627797 3.700529 -0.146807
v 2.636225 3.686979 -0.143389
v 2.652407 3.691138 -0.142499
v 2.620901 3.714078 -0.140876
v 2.618553 3.724917 -0.116808
v 2.619705 3.724448 -0.111440
v 2.621343 3.723060 -0.106365
v 2.623404 3.720807 -0.101778
v 2.625808 3.717774 -0.097856
v 2.628463 3.714078 -0.094749
v 2.631268 3.709862 -0.092577
v 2.634114 3.705287 -0.091422
v 2.636892 3.700529 -0.091330
v 2.639495 3.695771 -0.092304
v 2.641823 3.691196 -0.094307
v 2.643787 3.686979 -0.097261
v 2.645312 3.683283 -0.101054
v 2.646338 3.680251 -0.105538
v 2.646826 3.677997 -0.110543
v 2.646758 3.676609 -0.115875
v 2.646136 3.676141 -0.121330
v 2.644984 3.676609 -0.126698
v 2.643346 3.677997 -0.131773
v 2.641285 3.680251 -0.136359
v 2.638880 3.683283 -0.140282
v 2.625194 3.705287 -0.145833
v 2.622865 3.709862 -0.143830
v 2.632988 3.732162 -0.113617
v 2.636431 3.717739 -0.146054
v 2.641991 3.726958 -0.032538
v 2.628207 3.729441 -0.037170
v 2.626155 3.731607 -0.053217
v 2.638659 3.730476 -0.058598
v 2.302105 3.311028 0.634066
v 2.100235 3.270242 0.532337
v 1.901608 3.232503 0.363462
v 1.760355 3.214812 0.196218
v 1.706459 3.207419 0.104877
v 1.670802 3.205144 0.042017
v 2.287076 3.749513 0.725964
v 2.244068 3.753092 0.756851
v 2.199795 3.769243 0.777651
v 2.240669 3.766083 0.750245
v 2.644048 3.723726 -0.028576
v 2.634298 3.719870 -0.025436
v 2.649715 3.692823 -0.027943
v 2.663670 3.689303 -0.031766
v 2.654776 3.688084 -0.138571
v 2.659492 3.683896 -0.123519
v 2.773719 3.440737 -0.107823
v 2.653845 3.684464 -0.041339
v 2.653372 3.683861 -0.057643
v 2.664297 3.685499 -0.062767
v 2.665064 3.686480 -0.036290
v 2.772998 3.417532 -0.000000
v 2.749426 3.391597 0.105808
v 2.682101 3.351814 0.199957
v 2.531450 3.311028 0.260300
v 2.304324 3.270242 0.263537
v 2.197961 3.270242 0.436878
v 2.025076 3.232503 0.242857
v 2.047653 3.232503 0.206062
v 2.278260 3.774420 0.714920
v 1.674932 3.205144 -0.040108
v 1.719690 3.207419 -0.097517
v 1.797481 3.214812 -0.171986
v 1.969422 3.232503 -0.309099
v 2.197961 3.270242 -0.436878
v 2.416270 3.311028 -0.498182
v 2.578366 3.351814 -0.483155
v 2.670866 3.391597 -0.411519
v 2.724771 3.417532 -0.317582
v 2.757503 3.440737 -0.214607
v 2.634580 3.730747 -0.108535
v 2.629867 3.726958 -0.032538
v 2.626534 3.730476 -0.058598
v 2.639563 3.728460 -0.063647
v 2.151499 3.270242 0.486952
v 1.936882 3.232503 0.337907
v 1.779528 3.214812 0.184993
v 1.709584 3.207419 0.103434
v 1.673720 3.205144 0.040668
v 2.243759 3.757331 0.754116
v 2.242611 3.761717 0.751885
v 2.631923 3.723726 -0.028576
v 2.651546 3.689303 -0.031766
v 2.660065 3.684337 -0.118057
v 2.767605 3.417532 -0.107234
v 2.652940 3.686480 -0.036290
v 2.652173 3.685499 -0.062767
v 2.654861 3.698976 -0.096388
v 2.662637 3.687982 -0.067399
v 2.754731 3.391597 0.000323
v 2.697210 3.351814 0.100462
v 2.553340 3.311028 0.174938
v 2.327632 3.270242 0.199906
v 2.066430 3.232503 0.167283
v 1.998915 3.232503 0.277313
v 1.842369 3.214812 0.123608
v 1.853861 3.214812 0.104880
v 2.277827 3.770601 0.718194
v 1.678851 3.205144 -0.037814
v 1.729154 3.207419 -0.090660
v 1.814043 3.214812 -0.157323
v 1.998915 3.232503 -0.277313
v 2.239175 3.270242 -0.382596
v 2.462584 3.311028 -0.422703
v 2.622392 3.351814 -0.392229
v 2.707291 3.391597 -0.312080
v 2.751477 3.417532 -0.213436
v 2.636600 3.728470 -0.103942
v 2.627439 3.728460 -0.063647
v 2.640958 3.725638 -0.068170
v 2.643635 3.718605 -0.095308
v 1.969422 3.232503 0.309098
v 1.797481 3.214812 0.171986
v 1.719690 3.207419 0.097516
v 1.674932 3.205144 0.040108
v 2.279377 3.762069 0.723278
v 2.660087 3.685697 -0.112717
v 2.749426 3.391597 -0.105163
v 2.643481 3.699404 -0.076698
v 2.640754 3.704047 -0.077868
v 2.638005 3.708822 -0.077966
v 2.635340 3.713545 -0.076987
v 2.632861 3.718034 -0.074971
v 2.630664 3.722117 -0.071994
v 2.628834 3.725638 -0.068170
v 2.650513 3.687982 -0.067399
v 2.648456 3.691214 -0.071361
v 2.646082 3.695071 -0.074501
v 2.660580 3.691214 -0.071361
v 2.654944 3.698815 -0.096458
v 2.702262 3.351814 -0.000000
v 2.566559 3.311028 0.087893
v 2.344443 3.270242 0.134350
v 2.081225 3.232503 0.126892
v 1.863418 3.214812 0.085143
v 1.829054 3.214812 0.141145
v 1.752816 3.207419 0.065158
v 1.758874 3.207419 0.055286
v 2.278204 3.766430 0.721016
v 1.682521 3.205144 -0.035155
v 1.737885 3.207419 -0.082931
v 1.829054 3.214812 -0.141145
v 2.025076 3.232503 -0.242857
v 2.274744 3.270242 -0.324629
v 2.501101 3.311028 -0.343154
v 2.657081 3.351814 -0.297525
v 2.733562 3.391597 -0.209633
v 2.638968 3.725416 -0.100014
v 2.641595 3.721703 -0.096902
v 2.642789 3.722117 -0.071994
v 1.814043 3.214812 0.157323
v 1.729154 3.207419 0.090660
v 1.678851 3.205144 0.037814
v 2.659555 3.687926 -0.107705
v 2.697210 3.351814 -0.100462
v 2.658206 3.695071 -0.074501
v 2.652471 3.703306 -0.094432
v 2.656933 3.694613 -0.099416
v 2.570979 3.311028 -0.000000
v 2.354595 3.270242 0.067500
v 2.091896 3.232503 0.085280
v 1.870948 3.214812 0.064585
v 1.763912 3.207419 0.044882
v 1.745797 3.207419 0.074403
v 1.691696 3.205144 0.025266
v 1.694045 3.205144 0.021438
v 1.685906 3.205144 -0.032158
v 1.745798 3.207419 -0.074403
v 1.842369 3.214812 -0.123608
v 2.047653 3.232503 -0.206062
v 2.304325 3.270242 -0.263537
v 2.531451 3.311028 -0.260299
v 2.682101 3.351814 -0.199956
v 2.644330 3.717447 -0.094718
v 2.644986 3.718034 -0.074971
v 1.737885 3.207419 0.082931
v 1.682521 3.205144 0.035155
v 2.658490 3.690936 -0.103214
v 2.566559 3.311028 -0.087892
v 2.655605 3.699404 -0.076698
v 2.649806 3.708028 -0.093448
v 2.357990 3.270242 -0.000000
v 2.098340 3.232503 0.042846
v 1.876379 3.214812 0.043405
v 1.767881 3.207419 0.034045
v 1.695999 3.205144 0.017404
v 1.688975 3.205144 0.028851
v 1.688975 3.205144 -0.028851
v 1.752817 3.207419 -0.065159
v 1.853861 3.214812 -0.104880
v 2.066430 3.232503 -0.167283
v 2.327632 3.270242 -0.199906
v 2.553340 3.311028 -0.174938
v 2.647058 3.712803 -0.093544
v 2.647464 3.713545 -0.076987
v 1.685906 3.205144 0.032158
v 2.354595 3.270242 -0.067500
v 2.652878 3.704047 -0.077868
v 2.650129 3.708822 -0.077966
v 2.100494 3.232503 -0.000000
v 1.879659 3.214812 0.021808
v 1.770744 3.207419 0.022881
v 1.697538 3.205144 0.013202
v 1.691696 3.205144 -0.025267
v 1.758874 3.207419 -0.055286
v 1.863418 3.214812 -0.085143
v 2.081225 3.232503 -0.126892
v 2.344443 3.270242 -0.134350
v 2.098340 3.232503 -0.042846
v 1.880756 3.214812 -0.000000
v 1.772473 3.207419 0.011496
v 1.698648 3.205144 0.008872
v 1.694045 3.205144 -0.021438
v 1.763912 3.207419 -0.044882
v 1.870948 3.214812 -0.064585
v 2.091896 3.232503 -0.085280
v 1.879659 3.214812 -0.021808
v 1.773051 3.207419 -0.000000
v 1.699319 3.205144 0.004458
v 1.695999 3.205144 -0.017404
v 1.767881 3.207419 -0.034045
v 1.876379 3.214812 -0.043405
v 1.772473 3.207419 -0.011496
v 1.699543 3.205144 -0.000000
v 1.697538 3.205144 -0.013202
v 1.770744 3.207419 -0.022881
v 1.699319 3.205144 -0.004458
v 1.698648 3.205144 -0.008872
v 0.981917 4.270114 -0.028889
v 0.991359 4.262868 -0.028889
v 0.987821 4.257456 -0.036768
v 0.993988 4.266891 -0.019899
v 0.984496 4.275755 -0.016093
v 0.976611 4.259809 -0.040447
v 0.983510 4.250860 -0.043235
v 0.995607 4.269367 -0.010145
v 0.985164 4.277448 -0.010145
v 0.974897 4.256562 -0.043235
v 0.985180 4.277824 -0.006177
v 0.972419 4.251996 -0.045840
v 0.978592 4.243335 -0.048040
v 0.985196 4.278347 -0.000546
v 0.996154 4.270204 -0.000001
v 0.985197 4.278398 -0.000001
v 0.970281 4.248061 -0.048040
v 0.985197 4.278398 -0.000000
v 0.967692 4.243397 -0.049549
v 0.973256 4.235170 -0.050998
v 0.995607 4.269367 0.010143
v 0.965153 4.238825 -0.050998
v 0.984724 4.276341 0.013960
v 0.963229 4.235425 -0.051355
v 0.967706 4.226679 -0.051998
v 0.993988 4.266891 0.019898
v 0.984057 4.274651 0.019898
v 0.983195 4.272827 0.023470
v 0.991359 4.262868 0.028887
v 0.981917 4.270114 0.028887
v 0.954094 4.219570 -0.050998
v 0.980630 4.267575 0.032127
v 0.951933 4.215997 -0.049845
v 0.956819 4.210023 -0.048040
v 0.987821 4.257456 0.036766
v 0.978825 4.264008 0.036766
v 0.948481 4.210286 -0.048040
v 0.977107 4.260754 0.039562
v 0.946683 4.207373 -0.046383
v 0.951901 4.202498 -0.043235
v 0.983510 4.250860 0.043233
v 0.974896 4.256562 0.043233
v 0.943193 4.201714 -0.043235
v 0.972748 4.252606 0.045446
v 0.941783 4.199484 -0.041290
v 0.947590 4.195903 -0.036768
v 0.978592 4.243335 0.048038
v 0.970281 4.248061 0.048038
v 0.938436 4.194185 -0.036768
v 0.967717 4.243443 0.049503
v 0.937403 4.192605 -0.034724
v 0.944052 4.190490 -0.028889
v 0.973256 4.235170 0.050997
v 0.965153 4.238825 0.050997
v 0.934396 4.187994 -0.028889
v 0.963229 4.235425 0.051347
v 0.933701 4.186984 -0.026886
v 0.941423 4.186468 -0.019899
v 0.967706 4.226679 0.051996
v 0.931230 4.183383 -0.019899
v 0.956469 4.223586 0.051418
v 0.930819 4.182846 -0.018022
v 0.939804 4.183991 -0.010145
v 0.956123 4.222986 0.051355
v 0.962156 4.218188 0.050997
v 0.954094 4.219570 0.050997
v 0.929065 4.180538 -0.010145
v 0.930420 4.182321 -0.016232
v 0.950549 4.213706 0.049141
v 0.939258 4.183155 -0.000001
v 0.956819 4.210023 0.048038
v 0.948481 4.210286 0.048038
v 0.944886 4.204457 0.044791
v 0.927985 4.179570 -0.000000
v 0.939804 4.183991 0.010143
v 0.951901 4.202498 0.043233
v 0.943193 4.201714 0.043233
v 0.929441 4.181030 0.011859
v 0.941423 4.186468 0.019897
v 0.947590 4.195903 0.036766
v 0.930239 4.182080 0.015447
v 0.931230 4.183383 0.019897
v 0.935339 4.189436 0.030752
v 0.931861 4.184299 0.021714
v 0.944052 4.190490 0.028887
v 0.934396 4.187994 0.028887
v 2.284408 4.272285 -0.187193
v 2.416381 4.054321 -0.186826
v 2.287333 4.270134 -0.182264
v 2.278088 4.290509 -0.172918
v 2.274912 4.293211 -0.177594
v 2.415825 4.057921 -0.181907
v 2.270456 4.305817 -0.167981
v 2.430510 4.036232 -0.177162
v 2.429580 4.040309 -0.172497
v 2.273749 4.302782 -0.163559
v 2.439599 4.026464 -0.167511
v 2.438430 4.030799 -0.163101
v 2.272076 4.310651 -0.154192
v 2.268737 4.313899 -0.158360
v 2.271848 4.316134 -0.144821
v 2.268503 4.319531 -0.148736
v 2.445950 4.021219 -0.157868
v 2.444613 4.025693 -0.153712
v 2.450818 4.018425 -0.148229
v 2.449352 4.022973 -0.144328
v 2.284546 4.315631 -0.076028
v 2.282148 4.319607 -0.078059
v 2.463935 4.018182 -0.078059
v 2.461537 4.022159 -0.076029
v 2.287309 4.319730 -0.001116
v 2.289708 4.315753 -0.001116
v 2.469096 4.018305 -0.001116
v 2.466698 4.022281 -0.001116
v 2.284546 4.315631 0.073797
v 2.282148 4.319607 0.075827
v 2.463935 4.018182 0.075827
v 2.461537 4.022159 0.073797
v 2.271848 4.316134 0.142590
v 2.268503 4.319531 0.146504
v 2.449352 4.022973 0.142096
v 2.450818 4.018425 0.145998
v 2.268737 4.313899 0.156129
v 2.272076 4.310651 0.151961
v 2.445950 4.021219 0.155637
v 2.444613 4.025693 0.151481
v 2.273749 4.302782 0.161328
v 2.270456 4.305817 0.165750
v 2.439599 4.026464 0.165280
v 2.438430 4.030799 0.160870
v 2.430510 4.036232 0.174930
v 2.429580 4.040309 0.170266
v 2.278088 4.290509 0.170687
v 2.274912 4.293211 0.175363
v 2.416381 4.054321 0.184595
v 2.415825 4.057921 0.179676
v 2.284408 4.272285 0.184962
v 2.287333 4.270134 0.180033
v 1.584888 4.208821 0.650149
v 1.652984 4.204582 0.650149
v 1.652984 3.781909 0.936423
v 1.721081 4.208821 0.650149
v 1.652984 3.391597 1.081536
v 1.652984 3.351814 1.024508
v 1.652984 3.417532 1.093573
v 1.652984 3.311028 0.896323
v 1.652984 3.440737 1.099572
v 1.652984 3.270242 0.688362
v 1.652984 3.467354 1.098632
v 1.652984 3.232503 0.436945
v 1.652984 3.497217 1.084691
v 1.652984 3.506433 1.086641
v 1.652984 3.513674 1.086936
v 1.652984 3.204191 0.004539
v 1.665499 3.663391 1.001359
v 1.665499 3.663391 0.984321
v 1.665499 3.688421 0.984321
v 1.665499 3.688421 1.006090
v 1.640469 3.663391 1.001359
v 1.640469 3.663391 0.984321
v 1.640469 3.688421 1.006090
v 1.640469 3.688421 0.984321
v 1.665499 3.663391 -1.001359
v 1.665499 3.688421 -1.006090
v 1.665499 3.688421 -0.984321
v 1.665499 3.663391 -0.984321
v 1.640469 3.663391 -1.001359
v 1.640469 3.688421 -1.006090
v 1.640469 3.663391 -0.984321
v 1.640469 3.688421 -0.984321
v 2.675448 3.663391 -0.012515
v 2.658052 3.663391 -0.012515
v 2.658052 3.688421 -0.012515
v 2.680280 3.688421 -0.012515
v 2.675448 3.663391 0.012515
v 2.658052 3.663391 0.012515
v 2.680280 3.688421 0.012515
v 2.658052 3.688421 0.012515
v 0.630520 3.663391 -0.012515
v 0.625689 3.688421 -0.012515
v 0.647917 3.688421 -0.012515
v 0.647917 3.663391 -0.012515
v 0.630520 3.663391 0.012515
v 0.625689 3.688421 0.012515
v 0.647917 3.663391 0.012515
v 0.647917 3.688421 0.012515
v 1.507645 4.783827 -0.169353
v 1.497593 4.769289 -0.171668
v 1.504146 4.767431 -0.163638
v 1.514216 4.783827 -0.161301
v 1.501073 4.783827 -0.177405
v 1.491039 4.771148 -0.179699
v 1.526495 4.783827 -0.171321
v 1.519923 4.783827 -0.179374
v 1.519215 4.767431 -0.175936
v 1.460689 4.732795 -0.186636
v 1.467189 4.725317 -0.178671
v 1.538773 4.783827 -0.181342
v 1.532201 4.783827 -0.189394
v 1.513351 4.783827 -0.187426
v 1.473689 4.717838 -0.170707
v 1.497198 4.717838 -0.189893
v 1.534284 4.767431 -0.188233
v 1.484198 4.732795 -0.205822
v 1.506108 4.771148 -0.191997
v 1.633376 4.783827 -0.220095
v 1.632035 4.783827 -0.230402
v 1.525629 4.783827 -0.197447
v 1.420306 4.681764 -0.195866
v 1.426734 4.666806 -0.187989
v 1.433162 4.651849 -0.180112
v 1.467901 4.651849 -0.208464
v 1.520707 4.717838 -0.209079
v 1.626004 4.767330 -0.227433
v 1.455045 4.681764 -0.224218
v 1.507707 4.732795 -0.225008
v 1.521176 4.771148 -0.204295
v 1.630693 4.783827 -0.240709
v 1.649092 4.783827 -0.222141
v 1.647750 4.783827 -0.232447
v 1.461473 4.666806 -0.216341
v 1.502640 4.651849 -0.236815
v 1.489784 4.681764 -0.252569
v 1.527730 4.769289 -0.196264
v 1.514207 4.725317 -0.217043
v 1.623329 4.771069 -0.247990
v 1.646409 4.783827 -0.242754
v 1.664807 4.783827 -0.224186
v 1.663466 4.783827 -0.234493
v 1.645314 4.767330 -0.229946
v 1.496212 4.666806 -0.244692
v 1.624667 4.769199 -0.237712
v 1.642638 4.771069 -0.250504
v 1.662124 4.783827 -0.244800
v 1.664623 4.767330 -0.232459
v 1.663285 4.769199 -0.242738
v 1.603891 4.717838 -0.249447
v 1.633981 4.717838 -0.253363
v 1.601237 4.732795 -0.269836
v 1.602564 4.725317 -0.259641
v 1.631327 4.732795 -0.273752
v 1.661948 4.771069 -0.253017
v 1.664071 4.717838 -0.257279
v 1.574405 4.651849 -0.278798
v 1.618870 4.651849 -0.284586
v 1.616246 4.681764 -0.304750
v 1.571781 4.681764 -0.298963
v 1.661418 4.732795 -0.277668
v 1.662744 4.725317 -0.267474
v 1.663335 4.651849 -0.290373
v 1.573093 4.666806 -0.288881
v 1.617558 4.666806 -0.294668
v 1.660711 4.681764 -0.310537
v 1.662023 4.666806 -0.300455
v 1.870319 4.783827 0.050693
v 1.879795 4.769289 0.046619
v 1.869762 4.767431 0.044015
v 1.860259 4.783827 0.048082
v 1.880379 4.783827 0.053303
v 1.889828 4.771148 0.049222
v 1.856278 4.783827 0.063423
v 1.866338 4.783827 0.066033
v 1.908458 4.725317 0.034296
v 1.898507 4.717838 0.031714
v 1.864877 4.767431 0.062842
v 1.852297 4.783827 0.078763
v 1.862358 4.783827 0.081373
v 1.876399 4.783827 0.068644
v 1.918409 4.732795 0.036878
v 1.890886 4.717838 0.061085
v 1.859991 4.767431 0.081668
v 1.910787 4.732795 0.066250
v 1.884943 4.771148 0.068049
v 1.798896 4.783827 0.165940
v 1.806070 4.783827 0.173461
v 1.872418 4.783827 0.083984
v 1.936756 4.651849 0.015346
v 1.925494 4.651849 0.058748
v 1.883264 4.717838 0.090457
v 1.945176 4.681764 0.063856
v 1.956439 4.681764 0.020454
v 1.903166 4.732795 0.095621
v 1.880058 4.771148 0.086875
v 1.813245 4.783827 0.180981
v 1.787429 4.783827 0.176879
v 1.794603 4.783827 0.184400
v 1.946598 4.666806 0.017900
v 1.935335 4.666806 0.061302
v 1.914231 4.651849 0.102151
v 1.893215 4.725317 0.093039
v 1.870025 4.769289 0.084272
v 1.809180 4.767330 0.167502
v 1.933914 4.681764 0.107258
v 1.823488 4.771069 0.182502
v 1.801777 4.783827 0.191921
v 1.775962 4.783827 0.187819
v 1.783136 4.783827 0.195339
v 1.795089 4.767330 0.180943
v 1.924073 4.666806 0.104704
v 1.816334 4.769199 0.175002
v 1.809399 4.771069 0.195943
v 1.790310 4.783827 0.202860
v 1.781000 4.767330 0.194383
v 1.840029 4.717838 0.172187
v 1.818073 4.717838 0.193132
v 1.854221 4.732795 0.187064
v 1.847125 4.725317 0.179626
v 1.832265 4.732795 0.208009
v 1.795309 4.771069 0.209383
v 1.788155 4.769199 0.201883
v 1.796116 4.717838 0.214077
v 1.881161 4.651849 0.178434
v 1.848716 4.651849 0.209384
v 1.862752 4.681764 0.224098
v 1.895196 4.681764 0.193147
v 1.810308 4.732795 0.228954
v 1.816271 4.651849 0.240335
v 1.888179 4.666806 0.185790
v 1.855734 4.666806 0.216741
v 1.830307 4.681764 0.255048
v 1.803212 4.725317 0.221515
v 1.823289 4.666806 0.247692
v 1.663188 4.372492 0.478965
v 1.652984 4.372492 0.477961
v 1.652984 4.379177 0.477961
v 1.663188 4.379177 0.478965
v 1.616002 4.372492 0.493279
v 1.609498 4.372492 0.501205
v 1.609498 4.379177 0.501205
v 1.616002 4.379177 0.493279
v 1.663188 4.372492 0.581558
v 1.672999 4.372492 0.578581
v 1.672999 4.379177 0.578581
v 1.663188 4.379177 0.581558
v 1.672999 4.372492 0.481942
v 1.672999 4.379177 0.481942
v 1.623927 4.372492 0.486775
v 1.623927 4.379177 0.486775
v 1.652984 4.372492 0.582563
v 1.652984 4.379177 0.582563
v 1.682041 4.372492 0.486775
v 1.682041 4.379177 0.486775
v 1.632970 4.372492 0.481942
v 1.632970 4.379177 0.481942
v 1.642781 4.372492 0.581558
v 1.642781 4.379177 0.581558
v 1.689967 4.372492 0.493279
v 1.689967 4.379177 0.493279
v 1.642781 4.372492 0.478965
v 1.642781 4.379177 0.478965
v 1.632969 4.372492 0.578581
v 1.632969 4.379177 0.578581
v 1.696471 4.372492 0.501205
v 1.696471 4.379177 0.501205
v 1.623927 4.372492 0.573748
v 1.623927 4.379177 0.573748
v 1.701304 4.372492 0.510247
v 1.701304 4.379177 0.510247
v 1.616002 4.372492 0.567244
v 1.616002 4.379177 0.567244
v 1.704280 4.372492 0.520058
v 1.704280 4.379177 0.520058
v 1.609497 4.372492 0.559318
v 1.609497 4.379177 0.559318
v 1.705285 4.372492 0.530262
v 1.705285 4.379177 0.530262
v 1.604664 4.372492 0.550276
v 1.604664 4.379177 0.550276
v 1.704280 4.372492 0.540465
v 1.704280 4.379177 0.540465
v 1.601688 4.372492 0.540465
v 1.601688 4.379177 0.540465
v 1.701304 4.372492 0.550276
v 1.701304 4.379177 0.550276
v 1.600683 4.372492 0.530261
v 1.600683 4.379177 0.530261
v 1.696471 4.372492 0.559318
v 1.696471 4.379177 0.559318
v 1.601688 4.372492 0.520058
v 1.601688 4.379177 0.520058
v 1.689967 4.372492 0.567244
v 1.689967 4.379177 0.567244
v 1.604664 4.372492 0.510247
v 1.604664 4.379177 0.510247
v 1.682041 4.372492 0.573748
v 1.682041 4.379177 0.573748
v 1.616458 4.379177 0.545391
v 1.614208 4.379177 0.537975
v 1.691761 4.379177 0.537975
v 1.689511 4.379177 0.545391
v 1.613448 4.379177 0.530261
v 1.685857 4.379177 0.552227
v 1.614208 4.379177 0.522548
v 1.680941 4.379177 0.558218
v 1.616458 4.379177 0.515132
v 1.674949 4.379177 0.563135
v 1.620111 4.379177 0.508296
v 1.668114 4.379177 0.566788
v 1.652984 4.379177 0.490725
v 1.660697 4.379177 0.491485
v 1.625028 4.379177 0.502305
v 1.660697 4.379177 0.569038
v 1.668114 4.379177 0.493735
v 1.631019 4.379177 0.497388
v 1.652984 4.379177 0.569798
v 1.674949 4.379177 0.497388
v 1.637855 4.379177 0.493735
v 1.645271 4.379177 0.569038
v 1.680941 4.379177 0.502305
v 1.645271 4.379177 0.491485
v 1.637854 4.379177 0.566788
v 1.685857 4.379177 0.508296
v 1.631019 4.379177 0.563135
v 1.689511 4.379177 0.515132
v 1.625028 4.379177 0.558218
v 1.691761 4.379177 0.522548
v 1.620111 4.379177 0.552227
v 1.692520 4.379177 0.530262
v 1.614208 4.384747 0.522548
v 1.616458 4.384747 0.515132
v 1.680941 4.384747 0.558218
v 1.674949 4.384747 0.563135
v 1.620111 4.384747 0.508296
v 1.668114 4.384747 0.566788
v 1.652984 4.384747 0.490725
v 1.660697 4.384747 0.491485
v 1.625028 4.384747 0.502305
v 1.660697 4.384747 0.569038
v 1.668114 4.384747 0.493735
v 1.631019 4.384747 0.497388
v 1.652984 4.384747 0.569798
v 1.674949 4.384747 0.497388
v 1.637855 4.384747 0.493735
v 1.645271 4.384747 0.569038
v 1.680941 4.384747 0.502305
v 1.645271 4.384747 0.491485
v 1.637854 4.384747 0.566788
v 1.685857 4.384747 0.508296
v 1.631019 4.384747 0.563135
v 1.689511 4.384747 0.515132
v 1.625028 4.384747 0.558218
v 1.691761 4.384747 0.522548
v 1.620111 4.384747 0.552227
v 1.692520 4.384747 0.530262
v 1.616458 4.384747 0.545391
v 1.691761 4.384747 0.537975
v 1.614208 4.384747 0.537975
v 1.689511 4.384747 0.545391
v 1.613448 4.384747 0.530261
v 1.685857 4.384747 0.552227
v 1.655748 4.384747 0.516367
v 1.658406 4.384747 0.517173
v 1.642967 4.384747 0.520244
v 1.645114 4.384747 0.518482
v 1.655748 4.384747 0.544156
v 1.652984 4.384747 0.544428
v 1.660855 4.384747 0.518483
v 1.647563 4.384747 0.517173
v 1.650221 4.384747 0.544156
v 1.663002 4.384747 0.520244
v 1.650221 4.384747 0.516367
v 1.647563 4.384747 0.543350
v 1.664763 4.384747 0.522391
v 1.652984 4.384747 0.516095
v 1.645114 4.384747 0.542041
v 1.666072 4.384747 0.524840
v 1.642967 4.384747 0.540279
v 1.666879 4.384747 0.527498
v 1.641205 4.384747 0.538132
v 1.667151 4.384747 0.530262
v 1.639896 4.384747 0.535683
v 1.666879 4.384747 0.533025
v 1.639090 4.384747 0.533025
v 1.666072 4.384747 0.535683
v 1.638818 4.384747 0.530262
v 1.664763 4.384747 0.538132
v 1.639090 4.384747 0.527498
v 1.663002 4.384747 0.540279
v 1.639896 4.384747 0.524840
v 1.660855 4.384747 0.542041
v 1.641205 4.384747 0.522391
v 1.658406 4.384747 0.543350
v 1.663002 4.469784 0.520244
v 1.664763 4.469784 0.522391
v 1.650221 4.469784 0.516367
v 1.652984 4.469784 0.516095
v 1.647563 4.469784 0.543350
v 1.645114 4.469784 0.542041
v 1.666072 4.469784 0.524840
v 1.642967 4.469784 0.540279
v 1.666879 4.469784 0.527498
v 1.641205 4.469784 0.538132
v 1.667151 4.469784 0.530262
v 1.639896 4.469784 0.535683
v 1.666879 4.469784 0.533025
v 1.639090 4.469784 0.533025
v 1.666072 4.469784 0.535683
v 1.638818 4.469784 0.530262
v 1.664763 4.469784 0.538132
v 1.639090 4.469784 0.527498
v 1.663002 4.469784 0.540279
v 1.639896 4.469784 0.524840
v 1.660855 4.469784 0.542041
v 1.641205 4.469784 0.522391
v 1.658406 4.469784 0.543350
v 1.655748 4.469784 0.516367
v 1.642967 4.469784 0.520244
v 1.655748 4.469784 0.544156
v 1.658406 4.469784 0.517173
v 1.645114 4.469784 0.518482
v 1.652984 4.469784 0.544428
v 1.660855 4.469784 0.518483
v 1.647563 4.469784 0.517173
v 1.650221 4.469784 0.544156
v 2.072882 4.372492 0.230646
v 2.066910 4.372492 0.238980
v 2.066910 4.379177 0.238980
v 2.072882 4.379177 0.230646
v 2.061685 4.372492 0.278667
v 2.065297 4.372492 0.288263
v 2.065297 4.379177 0.288263
v 2.061685 4.379177 0.278667
v 2.161730 4.372492 0.281942
v 2.164058 4.372492 0.271957
v 2.164058 4.379177 0.271957
v 2.161730 4.379177 0.281942
v 2.080365 4.372492 0.223638
v 2.080365 4.379177 0.223638
v 2.060015 4.372492 0.268551
v 2.060015 4.379177 0.268551
v 2.157498 4.372492 0.291281
v 2.157498 4.379177 0.291281
v 2.089072 4.372492 0.218223
v 2.089072 4.379177 0.218223
v 2.060351 4.372492 0.258304
v 2.060351 4.379177 0.258304
v 2.151526 4.372492 0.299615
v 2.151526 4.379177 0.299615
v 2.098668 4.372492 0.214612
v 2.098668 4.379177 0.214612
v 2.062679 4.372492 0.248319
v 2.062679 4.379177 0.248319
v 2.144043 4.372492 0.306624
v 2.144043 4.379177 0.306624
v 2.108783 4.372492 0.212942
v 2.108783 4.379177 0.212942
v 2.135336 4.372492 0.312038
v 2.135336 4.379177 0.312038
v 2.119031 4.372492 0.213277
v 2.119031 4.379177 0.213277
v 2.125741 4.372492 0.315650
v 2.125741 4.379177 0.315650
v 2.129016 4.372492 0.215605
v 2.129016 4.379177 0.215605
v 2.115625 4.372492 0.317320
v 2.115625 4.379177 0.317320
v 2.138355 4.372492 0.219837
v 2.138355 4.379177 0.219837
v 2.105377 4.372492 0.316984
v 2.105377 4.379177 0.316984
v 2.146689 4.372492 0.225809
v 2.146689 4.379177 0.225809
v 2.095392 4.372492 0.314656
v 2.095392 4.379177 0.314656
v 2.153697 4.372492 0.233292
v 2.153697 4.379177 0.233292
v 2.086054 4.372492 0.310425
v 2.086054 4.379177 0.310425
v 2.159112 4.372492 0.241999
v 2.159112 4.379177 0.241999
v 2.077720 4.372492 0.304453
v 2.077720 4.379177 0.304453
v 2.162723 4.372492 0.251594
v 2.162723 4.379177 0.251594
v 2.070711 4.372492 0.296970
v 2.070711 4.379177 0.296970
v 2.164393 4.372492 0.261710
v 2.164393 4.379177 0.261710
v 2.107044 4.379177 0.304329
v 2.099496 4.379177 0.302569
v 2.138272 4.379177 0.235406
v 2.143570 4.379177 0.241063
v 2.092436 4.379177 0.299370
v 2.147663 4.379177 0.247644
v 2.086136 4.379177 0.294856
v 2.150393 4.379177 0.254898
v 2.080838 4.379177 0.289199
v 2.151656 4.379177 0.262545
v 2.076746 4.379177 0.282617
v 2.151402 4.379177 0.270291
v 2.077965 4.379177 0.245363
v 2.082479 4.379177 0.239063
v 2.074015 4.379177 0.275363
v 2.149642 4.379177 0.277839
v 2.088136 4.379177 0.233765
v 2.072753 4.379177 0.267716
v 2.146443 4.379177 0.284899
v 2.094718 4.379177 0.229672
v 2.073006 4.379177 0.259970
v 2.141929 4.379177 0.291199
v 2.101972 4.379177 0.226942
v 2.074766 4.379177 0.252422
v 2.136272 4.379177 0.296497
v 2.109618 4.379177 0.225679
v 2.129691 4.379177 0.300590
v 2.117365 4.379177 0.225933
v 2.122437 4.379177 0.303320
v 2.124913 4.379177 0.227693
v 2.114790 4.379177 0.304582
v 2.131972 4.379177 0.230891
v 2.086136 4.384747 0.294856
v 2.080838 4.384747 0.289199
v 2.150393 4.384747 0.254898
v 2.151656 4.384747 0.262545
v 2.076746 4.384747 0.282617
v 2.151402 4.384747 0.270291
v 2.077965 4.384747 0.245363
v 2.082479 4.384747 0.239063
v 2.074015 4.384747 0.275363
v 2.149642 4.384747 0.277839
v 2.088136 4.384747 0.233765
v 2.072753 4.384747 0.267716
v 2.146443 4.384747 0.284899
v 2.094718 4.384747 0.229672
v 2.073006 4.384747 0.259970
v 2.141929 4.384747 0.291199
v 2.101972 4.384747 0.226942
v 2.074766 4.384747 0.252422
v 2.136272 4.384747 0.296497
v 2.109618 4.384747 0.225679
v 2.129691 4.384747 0.300590
v 2.117365 4.384747 0.225933
v 2.122437 4.384747 0.303320
v 2.124913 4.384747 0.227693
v 2.114790 4.384747 0.304582
v 2.131972 4.384747 0.230891
v 2.107044 4.384747 0.304329
v 2.138272 4.384747 0.235406
v 2.099496 4.384747 0.302569
v 2.143570 4.384747 0.241063
v 2.092436 4.384747 0.299370
v 2.147663 4.384747 0.247644
v 2.101553 4.384747 0.255790
v 2.103580 4.384747 0.253892
v 2.098521 4.384747 0.268797
v 2.098068 4.384747 0.266057
v 2.125619 4.384747 0.269684
v 2.124473 4.384747 0.272214
v 2.105938 4.384747 0.252425
v 2.098159 4.384747 0.263282
v 2.122855 4.384747 0.274471
v 2.108538 4.384747 0.251447
v 2.098790 4.384747 0.260577
v 2.120828 4.384747 0.276370
v 2.111278 4.384747 0.250995
v 2.099936 4.384747 0.258047
v 2.118470 4.384747 0.277836
v 2.114053 4.384747 0.251085
v 2.115871 4.384747 0.278815
v 2.116758 4.384747 0.251716
v 2.113131 4.384747 0.279267
v 2.119287 4.384747 0.252862
v 2.110355 4.384747 0.279176
v 2.121545 4.384747 0.254480
v 2.107651 4.384747 0.278545
v 2.123443 4.384747 0.256507
v 2.105121 4.384747 0.277399
v 2.124910 4.384747 0.258865
v 2.102864 4.384747 0.275782
v 2.125888 4.384747 0.261464
v 2.100965 4.384747 0.273755
v 2.126340 4.384747 0.264204
v 2.099499 4.384747 0.271396
v 2.126250 4.384747 0.266980
v 2.108538 4.469784 0.251447
v 2.111278 4.469784 0.250995
v 2.098790 4.469784 0.260577
v 2.099936 4.469784 0.258047
v 2.120828 4.469784 0.276370
v 2.118470 4.469784 0.277836
v 2.114053 4.469784 0.251085
v 2.115871 4.469784 0.278815
v 2.116758 4.469784 0.251716
v 2.113131 4.469784 0.279267
v 2.119287 4.469784 0.252862
v 2.110355 4.469784 0.279176
v 2.121545 4.469784 0.254480
v 2.107651 4.469784 0.278545
v 2.123443 4.469784 0.256507
v 2.105121 4.469784 0.277399
v 2.124910 4.469784 0.258865
v 2.102864 4.469784 0.275782
v 2.125888 4.469784 0.261464
v 2.100965 4.469784 0.273755
v 2.126340 4.469784 0.264204
v 2.099499 4.469784 0.271396
v 2.126250 4.469784 0.266980
v 2.101553 4.469784 0.255790
v 2.098521 4.469784 0.268797
v 2.125619 4.469784 0.269684
v 2.103580 4.469784 0.253892
v 2.098068 4.469784 0.266057
v 2.124473 4.469784 0.272214
v 2.105938 4.469784 0.252425
v 2.098159 4.469784 0.263282
v 2.122855 4.469784 0.274471
v 2.062679 4.372492 -0.248319
v 2.066910 4.372492 -0.238980
v 2.066910 4.379177 -0.238980
v 2.062679 4.379177 -0.248319
v 2.098668 4.372492 -0.214612
v 2.108783 4.372492 -0.212942
v 2.108783 4.379177 -0.212942
v 2.098668 4.379177 -0.214612
v 2.151526 4.372492 -0.299615
v 2.144043 4.372492 -0.306624
v 2.144043 4.379177 -0.306624
v 2.151526 4.379177 -0.299615
v 2.060351 4.372492 -0.258304
v 2.060351 4.379177 -0.258304
v 2.089072 4.372492 -0.218223
v 2.089072 4.379177 -0.218223
v 2.157498 4.372492 -0.291281
v 2.157498 4.379177 -0.291281
v 2.060015 4.372492 -0.268551
v 2.060015 4.379177 -0.268551
v 2.080365 4.372492 -0.223638
v 2.080365 4.379177 -0.223638
v 2.161730 4.372492 -0.281942
v 2.161730 4.379177 -0.281942
v 2.061685 4.372492 -0.278667
v 2.061685 4.379177 -0.278667
v 2.072882 4.372492 -0.230646
v 2.072882 4.379177 -0.230646
v 2.164058 4.372492 -0.271957
v 2.164058 4.379177 -0.271957
v 2.065297 4.372492 -0.288263
v 2.065297 4.379177 -0.288263
v 2.164393 4.372492 -0.261710
v 2.164393 4.379177 -0.261710
v 2.070711 4.372492 -0.296970
v 2.070711 4.379177 -0.296970
v 2.162723 4.372492 -0.251594
v 2.162723 4.379177 -0.251594
v 2.077720 4.372492 -0.304453
v 2.077720 4.379177 -0.304453
v 2.159111 4.372492 -0.241999
v 2.159111 4.379177 -0.241999
v 2.086054 4.372492 -0.310425
v 2.086054 4.379177 -0.310425
v 2.153697 4.372492 -0.233292
v 2.153697 4.379177 -0.233292
v 2.095392 4.372492 -0.314656
v 2.095392 4.379177 -0.314656
v 2.146689 4.372492 -0.225809
v 2.146689 4.379177 -0.225809
v 2.105377 4.372492 -0.316984
v 2.105377 4.379177 -0.316984
v 2.138355 4.372492 -0.219837
v 2.138355 4.379177 -0.219837
v 2.115625 4.372492 -0.317320
v 2.115625 4.379177 -0.317320
v 2.129016 4.372492 -0.215605
v 2.129016 4.379177 -0.215605
v 2.125741 4.372492 -0.315650
v 2.125741 4.379177 -0.315650
v 2.119031 4.372492 -0.213277
v 2.119031 4.379177 -0.213277
v 2.135336 4.372492 -0.312038
v 2.135336 4.379177 -0.312038
v 2.143570 4.379177 -0.241063
v 2.138272 4.379177 -0.235406
v 2.099496 4.379177 -0.302569
v 2.107044 4.379177 -0.304329
v 2.131972 4.379177 -0.230891
v 2.114790 4.379177 -0.304582
v 2.124913 4.379177 -0.227693
v 2.122437 4.379177 -0.303320
v 2.117365 4.379177 -0.225933
v 2.129691 4.379177 -0.300590
v 2.109618 4.379177 -0.225679
v 2.136272 4.379177 -0.296497
v 2.077965 4.379177 -0.245363
v 2.074766 4.379177 -0.252422
v 2.101971 4.379177 -0.226942
v 2.141929 4.379177 -0.291199
v 2.073006 4.379177 -0.259970
v 2.094718 4.379177 -0.229672
v 2.146443 4.379177 -0.284899
v 2.072753 4.379177 -0.267717
v 2.088136 4.379177 -0.233765
v 2.149642 4.379177 -0.277839
v 2.074015 4.379177 -0.275364
v 2.082479 4.379177 -0.239063
v 2.151402 4.379177 -0.270291
v 2.076745 4.379177 -0.282617
v 2.151656 4.379177 -0.262545
v 2.080838 4.379177 -0.289199
v 2.150393 4.379177 -0.254898
v 2.086136 4.379177 -0.294856
v 2.147663 4.379177 -0.247644
v 2.092436 4.379177 -0.299370
v 2.124913 4.384747 -0.227693
v 2.117365 4.384747 -0.225933
v 2.122437 4.384747 -0.303320
v 2.129691 4.384747 -0.300590
v 2.109618 4.384747 -0.225679
v 2.136272 4.384747 -0.296497
v 2.077965 4.384747 -0.245363
v 2.074766 4.384747 -0.252422
v 2.101971 4.384747 -0.226942
v 2.141929 4.384747 -0.291199
v 2.073006 4.384747 -0.259970
v 2.094718 4.384747 -0.229672
v 2.146443 4.384747 -0.284899
v 2.072753 4.384747 -0.267717
v 2.088136 4.384747 -0.233765
v 2.149642 4.384747 -0.277839
v 2.074015 4.384747 -0.275364
v 2.082479 4.384747 -0.239063
v 2.151402 4.384747 -0.270291
v 2.076745 4.384747 -0.282617
v 2.151656 4.384747 -0.262545
v 2.080838 4.384747 -0.289199
v 2.150393 4.384747 -0.254898
v 2.086136 4.384747 -0.294856
v 2.147663 4.384747 -0.247644
v 2.092436 4.384747 -0.299370
v 2.143570 4.384747 -0.241063
v 2.099496 4.384747 -0.302569
v 2.138272 4.384747 -0.235406
v 2.107044 4.384747 -0.304329
v 2.131972 4.384747 -0.230891
v 2.114790 4.384747 -0.304582
v 2.098789 4.384747 -0.260577
v 2.098159 4.384747 -0.263282
v 2.108538 4.384747 -0.251447
v 2.105938 4.384747 -0.252425
v 2.122855 4.384747 -0.274471
v 2.124473 4.384747 -0.272214
v 2.098068 4.384747 -0.266057
v 2.103580 4.384747 -0.253892
v 2.125619 4.384747 -0.269684
v 2.098521 4.384747 -0.268797
v 2.101553 4.384747 -0.255790
v 2.126249 4.384747 -0.266980
v 2.099499 4.384747 -0.271397
v 2.099936 4.384747 -0.258048
v 2.126340 4.384747 -0.264204
v 2.100965 4.384747 -0.273755
v 2.125888 4.384747 -0.261464
v 2.102864 4.384747 -0.275782
v 2.124910 4.384747 -0.258865
v 2.105121 4.384747 -0.277399
v 2.123443 4.384747 -0.256507
v 2.107650 4.384747 -0.278546
v 2.121545 4.384747 -0.254480
v 2.110355 4.384747 -0.279176
v 2.119287 4.384747 -0.252862
v 2.113131 4.384747 -0.279267
v 2.116758 4.384747 -0.251716
v 2.115871 4.384747 -0.278815
v 2.114053 4.384747 -0.251086
v 2.118470 4.384747 -0.277836
v 2.111278 4.384747 -0.250995
v 2.120828 4.384747 -0.276370
v 2.098521 4.469784 -0.268797
v 2.099499 4.469784 -0.271397
v 2.101553 4.469784 -0.255790
v 2.099936 4.469784 -0.258048
v 2.126249 4.469784 -0.266980
v 2.126340 4.469784 -0.264204
v 2.100965 4.469784 -0.273755
v 2.125888 4.469784 -0.261464
v 2.102864 4.469784 -0.275782
v 2.124910 4.469784 -0.258865
v 2.105121 4.469784 -0.277399
v 2.123443 4.469784 -0.256507
v 2.107650 4.469784 -0.278546
v 2.121545 4.469784 -0.254480
v 2.110355 4.469784 -0.279176
v 2.119287 4.469784 -0.252862
v 2.113131 4.469784 -0.279267
v 2.116758 4.469784 -0.251716
v 2.115871 4.469784 -0.278815
v 2.114053 4.469784 -0.251086
v 2.118470 4.469784 -0.277836
v 2.111278 4.469784 -0.250995
v 2.120828 4.469784 -0.276370
v 2.098789 4.469784 -0.260577
v 2.108538 4.469784 -0.251447
v 2.122855 4.469784 -0.274471
v 2.098159 4.469784 -0.263282
v 2.105938 4.469784 -0.252425
v 2.124473 4.469784 -0.272214
v 2.098068 4.469784 -0.266057
v 2.103580 4.469784 -0.253892
v 2.125619 4.469784 -0.269684
v 1.642781 4.372492 -0.478965
v 1.652984 4.372492 -0.477961
v 1.652984 4.379177 -0.477961
v 1.642781 4.379177 -0.478965
v 1.689967 4.372492 -0.493279
v 1.696471 4.372492 -0.501205
v 1.696471 4.379177 -0.501205
v 1.689967 4.379177 -0.493279
v 1.642781 4.372492 -0.581558
v 1.632969 4.372492 -0.578581
v 1.632969 4.379177 -0.578581
v 1.642781 4.379177 -0.581558
v 1.632969 4.372492 -0.481942
v 1.632969 4.379177 -0.481942
v 1.682041 4.372492 -0.486775
v 1.682041 4.379177 -0.486775
v 1.652984 4.372492 -0.582563
v 1.652984 4.379177 -0.582563
v 1.623927 4.372492 -0.486775
v 1.623927 4.379177 -0.486775
v 1.672999 4.372492 -0.481942
v 1.672999 4.379177 -0.481942
v 1.663188 4.372492 -0.581558
v 1.663188 4.379177 -0.581558
v 1.616002 4.372492 -0.493279
v 1.616002 4.379177 -0.493279
v 1.663188 4.372492 -0.478965
v 1.663188 4.379177 -0.478965
v 1.672999 4.372492 -0.578581
v 1.672999 4.379177 -0.578581
v 1.609497 4.372492 -0.501205
v 1.609497 4.379177 -0.501205
v 1.682041 4.372492 -0.573748
v 1.682041 4.379177 -0.573748
v 1.604664 4.372492 -0.510247
v 1.604664 4.379177 -0.510247
v 1.689967 4.372492 -0.567244
v 1.689967 4.379177 -0.567244
v 1.601688 4.372492 -0.520058
v 1.601688 4.379177 -0.520058
v 1.696471 4.372492 -0.559318
v 1.696471 4.379177 -0.559318
v 1.600683 4.372492 -0.530262
v 1.600683 4.379177 -0.530262
v 1.701304 4.372492 -0.550276
v 1.701304 4.379177 -0.550276
v 1.601688 4.372492 -0.540465
v 1.601688 4.379177 -0.540465
v 1.704280 4.372492 -0.540465
v 1.704280 4.379177 -0.540465
v 1.604664 4.372492 -0.550276
v 1.604664 4.379177 -0.550276
v 1.705285 4.372492 -0.530261
v 1.705285 4.379177 -0.530261
v 1.609497 4.372492 -0.559318
v 1.609497 4.379177 -0.559318
v 1.704280 4.372492 -0.520058
v 1.704280 4.379177 -0.520058
v 1.616002 4.372492 -0.567244
v 1.616002 4.379177 -0.567244
v 1.701304 4.372492 -0.510247
v 1.701304 4.379177 -0.510247
v 1.623927 4.372492 -0.573748
v 1.623927 4.379177 -0.573748
v 1.689511 4.379177 -0.545391
v 1.691761 4.379177 -0.537975
v 1.614208 4.379177 -0.537975
v 1.616458 4.379177 -0.545391
v 1.692520 4.379177 -0.530261
v 1.620111 4.379177 -0.552227
v 1.691761 4.379177 -0.522548
v 1.625028 4.379177 -0.558218
v 1.689511 4.379177 -0.515132
v 1.631019 4.379177 -0.563135
v 1.685857 4.379177 -0.508296
v 1.637854 4.379177 -0.566788
v 1.652984 4.379177 -0.490725
v 1.645271 4.379177 -0.491485
v 1.680940 4.379177 -0.502305
v 1.645271 4.379177 -0.569038
v 1.637854 4.379177 -0.493735
v 1.674949 4.379177 -0.497388
v 1.652984 4.379177 -0.569798
v 1.631019 4.379177 -0.497388
v 1.668114 4.379177 -0.493735
v 1.660697 4.379177 -0.569038
v 1.625028 4.379177 -0.502305
v 1.660697 4.379177 -0.491485
v 1.668114 4.379177 -0.566788
v 1.620111 4.379177 -0.508296
v 1.674949 4.379177 -0.563135
v 1.616458 4.379177 -0.515132
v 1.680940 4.379177 -0.558218
v 1.614208 4.379177 -0.522548
v 1.685857 4.379177 -0.552227
v 1.613448 4.379177 -0.530262
v 1.691761 4.384747 -0.522548
v 1.689511 4.384747 -0.515132
v 1.625028 4.384747 -0.558218
v 1.631019 4.384747 -0.563135
v 1.685857 4.384747 -0.508296
v 1.637854 4.384747 -0.566788
v 1.652984 4.384747 -0.490725
v 1.645271 4.384747 -0.491485
v 1.680940 4.384747 -0.502305
v 1.645271 4.384747 -0.569038
v 1.637854 4.384747 -0.493735
v 1.674949 4.384747 -0.497388
v 1.652984 4.384747 -0.569798
v 1.631019 4.384747 -0.497388
v 1.668114 4.384747 -0.493735
v 1.660697 4.384747 -0.569038
v 1.625028 4.384747 -0.502305
v 1.660697 4.384747 -0.491485
v 1.668114 4.384747 -0.566788
v 1.620111 4.384747 -0.508296
v 1.674949 4.384747 -0.563135
v 1.616458 4.384747 -0.515132
v 1.680940 4.384747 -0.558218
v 1.614208 4.384747 -0.522548
v 1.685857 4.384747 -0.552227
v 1.613448 4.384747 -0.530262
v 1.689511 4.384747 -0.545391
v 1.614208 4.384747 -0.537975
v 1.691761 4.384747 -0.537975
v 1.616458 4.384747 -0.545391
v 1.692520 4.384747 -0.530261
v 1.620111 4.384747 -0.552227
v 1.650221 4.384747 -0.516367
v 1.647563 4.384747 -0.517173
v 1.663001 4.384747 -0.520244
v 1.660855 4.384747 -0.518482
v 1.650221 4.384747 -0.544156
v 1.652984 4.384747 -0.544428
v 1.645114 4.384747 -0.518483
v 1.658405 4.384747 -0.517173
v 1.655748 4.384747 -0.544156
v 1.642967 4.384747 -0.520244
v 1.655748 4.384747 -0.516367
v 1.658405 4.384747 -0.543350
v 1.641205 4.384747 -0.522391
v 1.652984 4.384747 -0.516095
v 1.660855 4.384747 -0.542041
v 1.639896 4.384747 -0.524840
v 1.663001 4.384747 -0.540279
v 1.639090 4.384747 -0.527498
v 1.664763 4.384747 -0.538132
v 1.638818 4.384747 -0.530262
v 1.666072 4.384747 -0.535683
v 1.639090 4.384747 -0.533025
v 1.666878 4.384747 -0.533025
v 1.639896 4.384747 -0.535683
v 1.667151 4.384747 -0.530262
v 1.641205 4.384747 -0.538132
v 1.666878 4.384747 -0.527498
v 1.642967 4.384747 -0.540279
v 1.666072 4.384747 -0.524840
v 1.645114 4.384747 -0.542041
v 1.664763 4.384747 -0.522391
v 1.647563 4.384747 -0.543350
v 1.642967 4.469784 -0.520244
v 1.641205 4.469784 -0.522391
v 1.655748 4.469784 -0.516367
v 1.652984 4.469784 -0.516095
v 1.658405 4.469784 -0.543350
v 1.660855 4.469784 -0.542041
v 1.639896 4.469784 -0.524840
v 1.663001 4.469784 -0.540279
v 1.639090 4.469784 -0.527498
v 1.664763 4.469784 -0.538132
v 1.638818 4.469784 -0.530262
v 1.666072 4.469784 -0.535683
v 1.639090 4.469784 -0.533025
v 1.666878 4.469784 -0.533025
v 1.639896 4.469784 -0.535683
v 1.667151 4.469784 -0.530262
v 1.641205 4.469784 -0.538132
v 1.666878 4.469784 -0.527498
v 1.642967 4.469784 -0.540279
v 1.666072 4.469784 -0.524840
v 1.645114 4.469784 -0.542041
v 1.664763 4.469784 -0.522391
v 1.647563 4.469784 -0.543350
v 1.650221 4.469784 -0.516367
v 1.663001 4.469784 -0.520244
v 1.650221 4.469784 -0.544156
v 1.647563 4.469784 -0.517173
v 1.660855 4.469784 -0.518482
v 1.652984 4.469784 -0.544428
v 1.645114 4.469784 -0.518483
v 1.658405 4.469784 -0.517173
v 1.655748 4.469784 -0.544156
v 1.233086 4.372492 -0.230646
v 1.239058 4.372492 -0.238980
v 1.239058 4.379177 -0.238980
v 1.233086 4.379177 -0.230646
v 1.244283 4.372492 -0.278667
v 1.240672 4.372492 -0.288263
v 1.240672 4.379177 -0.288263
v 1.244283 4.379177 -0.278667
v 1.144239 4.372492 -0.281942
v 1.141911 4.372492 -0.271957
v 1.141911 4.379177 -0.271957
v 1.144239 4.379177 -0.281942
v 1.225603 4.372492 -0.223637
v 1.225603 4.379177 -0.223637
v 1.245953 4.372492 -0.268551
v 1.245953 4.379177 -0.268551
v 1.148470 4.372492 -0.291281
v 1.148470 4.379177 -0.291281
v 1.216896 4.372492 -0.218223
v 1.216896 4.379177 -0.218223
v 1.245618 4.372492 -0.258304
v 1.245618 4.379177 -0.258304
v 1.154442 4.372492 -0.299615
v 1.154442 4.379177 -0.299615
v 1.207301 4.372492 -0.214612
v 1.207301 4.379177 -0.214612
v 1.243290 4.372492 -0.248319
v 1.243290 4.379177 -0.248319
v 1.161926 4.372492 -0.306624
v 1.161926 4.379177 -0.306624
v 1.197185 4.372492 -0.212942
v 1.197185 4.379177 -0.212942
v 1.170632 4.372492 -0.312038
v 1.170632 4.379177 -0.312038
v 1.186938 4.372492 -0.213277
v 1.186938 4.379177 -0.213277
v 1.180228 4.372492 -0.315650
v 1.180228 4.379177 -0.315650
v 1.176953 4.372492 -0.215605
v 1.176953 4.379177 -0.215605
v 1.190344 4.372492 -0.317320
v 1.190344 4.379177 -0.317320
v 1.167614 4.372492 -0.219837
v 1.167614 4.379177 -0.219837
v 1.200591 4.372492 -0.316984
v 1.200591 4.379177 -0.316984
v 1.159280 4.372492 -0.225809
v 1.159280 4.379177 -0.225809
v 1.210576 4.372492 -0.314656
v 1.210576 4.379177 -0.314656
v 1.152271 4.372492 -0.233292
v 1.152271 4.379177 -0.233292
v 1.219915 4.372492 -0.310425
v 1.219915 4.379177 -0.310425
v 1.146857 4.372492 -0.241999
v 1.146857 4.379177 -0.241999
v 1.228249 4.372492 -0.304453
v 1.228249 4.379177 -0.304453
v 1.143245 4.372492 -0.251594
v 1.143245 4.379177 -0.251594
v 1.235258 4.372492 -0.296969
v 1.235258 4.379177 -0.296969
v 1.141575 4.372492 -0.261710
v 1.141575 4.379177 -0.261710
v 1.198925 4.379177 -0.304329
v 1.206473 4.379177 -0.302569
v 1.167696 4.379177 -0.235406
v 1.162398 4.379177 -0.241062
v 1.213532 4.379177 -0.299370
v 1.158305 4.379177 -0.247644
v 1.219832 4.379177 -0.294855
v 1.155575 4.379177 -0.254898
v 1.225130 4.379177 -0.289199
v 1.154313 4.379177 -0.262545
v 1.229223 4.379177 -0.282617
v 1.154567 4.379177 -0.270291
v 1.228004 4.379177 -0.245363
v 1.223489 4.379177 -0.239063
v 1.231953 4.379177 -0.275363
v 1.156326 4.379177 -0.277839
v 1.217832 4.379177 -0.233764
v 1.233216 4.379177 -0.267716
v 1.159525 4.379177 -0.284899
v 1.211251 4.379177 -0.229672
v 1.232962 4.379177 -0.259970
v 1.164039 4.379177 -0.291199
v 1.203997 4.379177 -0.226942
v 1.231202 4.379177 -0.252422
v 1.169696 4.379177 -0.296497
v 1.196350 4.379177 -0.225679
v 1.176278 4.379177 -0.300590
v 1.188604 4.379177 -0.225933
v 1.183532 4.379177 -0.303320
v 1.181056 4.379177 -0.227693
v 1.191179 4.379177 -0.304582
v 1.173996 4.379177 -0.230891
v 1.219832 4.384747 -0.294855
v 1.225130 4.384747 -0.289199
v 1.155575 4.384747 -0.254898
v 1.154313 4.384747 -0.262545
v 1.229223 4.384747 -0.282617
v 1.154567 4.384747 -0.270291
v 1.228004 4.384747 -0.245363
v 1.223489 4.384747 -0.239063
v 1.231953 4.384747 -0.275363
v 1.156326 4.384747 -0.277839
v 1.217832 4.384747 -0.233764
v 1.233216 4.384747 -0.267716
v 1.159525 4.384747 -0.284899
v 1.211251 4.384747 -0.229672
v 1.232962 4.384747 -0.259970
v 1.164039 4.384747 -0.291199
v 1.203997 4.384747 -0.226942
v 1.231202 4.384747 -0.252422
v 1.169696 4.384747 -0.296497
v 1.196350 4.384747 -0.225679
v 1.176278 4.384747 -0.300590
v 1.188604 4.384747 -0.225933
v 1.183532 4.384747 -0.303320
v 1.181056 4.384747 -0.227693
v 1.191179 4.384747 -0.304582
v 1.173996 4.384747 -0.230891
v 1.198925 4.384747 -0.304329
v 1.167696 4.384747 -0.235406
v 1.206473 4.384747 -0.302569
v 1.162398 4.384747 -0.241062
v 1.213532 4.384747 -0.299370
v 1.158305 4.384747 -0.247644
v 1.204415 4.384747 -0.255790
v 1.202388 4.384747 -0.253892
v 1.207448 4.384747 -0.268797
v 1.207901 4.384747 -0.266057
v 1.180350 4.384747 -0.269684
v 1.181496 4.384747 -0.272214
v 1.200030 4.384747 -0.252425
v 1.207810 4.384747 -0.263282
v 1.183113 4.384747 -0.274471
v 1.197431 4.384747 -0.251447
v 1.207179 4.384747 -0.260577
v 1.185140 4.384747 -0.276370
v 1.194691 4.384747 -0.250994
v 1.206033 4.384747 -0.258047
v 1.187499 4.384747 -0.277836
v 1.191915 4.384747 -0.251085
v 1.190098 4.384747 -0.278814
v 1.189211 4.384747 -0.251716
v 1.192838 4.384747 -0.279267
v 1.186681 4.384747 -0.252862
v 1.195613 4.384747 -0.279176
v 1.184424 4.384747 -0.254480
v 1.198318 4.384747 -0.278545
v 1.182525 4.384747 -0.256507
v 1.200847 4.384747 -0.277399
v 1.181059 4.384747 -0.258865
v 1.203105 4.384747 -0.275782
v 1.180080 4.384747 -0.261464
v 1.205003 4.384747 -0.273755
v 1.179628 4.384747 -0.264204
v 1.206470 4.384747 -0.271396
v 1.179719 4.384747 -0.266980
v 1.197431 4.469784 -0.251447
v 1.194691 4.469784 -0.250994
v 1.207179 4.469784 -0.260577
v 1.206033 4.469784 -0.258047
v 1.185140 4.469784 -0.276370
v 1.187499 4.469784 -0.277836
v 1.191915 4.469784 -0.251085
v 1.190098 4.469784 -0.278814
v 1.189211 4.469784 -0.251716
v 1.192838 4.469784 -0.279267
v 1.186681 4.469784 -0.252862
v 1.195613 4.469784 -0.279176
v 1.184424 4.469784 -0.254480
v 1.198318 4.469784 -0.278545
v 1.182525 4.469784 -0.256507
v 1.200847 4.469784 -0.277399
v 1.181059 4.469784 -0.258865
v 1.203105 4.469784 -0.275782
v 1.180080 4.469784 -0.261464
v 1.205003 4.469784 -0.273755
v 1.179628 4.469784 -0.264204
v 1.206470 4.469784 -0.271396
v 1.179719 4.469784 -0.266980
v 1.204415 4.469784 -0.255790
v 1.207448 4.469784 -0.268797
v 1.180350 4.469784 -0.269684
v 1.202388 4.469784 -0.253892
v 1.207901 4.469784 -0.266057
v 1.181496 4.469784 -0.272214
v 1.200030 4.469784 -0.252425
v 1.207810 4.469784 -0.263282
v 1.183113 4.469784 -0.274471
v 1.243290 4.372492 0.248319
v 1.239058 4.372492 0.238980
v 1.239058 4.379177 0.238980
v 1.243290 4.379177 0.248319
v 1.207301 4.372492 0.214612
v 1.197185 4.372492 0.212942
v 1.197185 4.379177 0.212942
v 1.207301 4.379177 0.214612
v 1.154443 4.372492 0.299615
v 1.161926 4.372492 0.306624
v 1.161926 4.379177 0.306624
v 1.154443 4.379177 0.299615
v 1.245618 4.372492 0.258304
v 1.245618 4.379177 0.258304
v 1.216897 4.372492 0.218224
v 1.216897 4.379177 0.218224
v 1.148470 4.372492 0.291281
v 1.148470 4.379177 0.291281
v 1.245954 4.372492 0.268552
v 1.245954 4.379177 0.268552
v 1.225603 4.372492 0.223638
v 1.225603 4.379177 0.223638
v 1.144239 4.372492 0.281943
v 1.144239 4.379177 0.281943
v 1.244283 4.372492 0.278667
v 1.244283 4.379177 0.278667
v 1.233086 4.372492 0.230647
v 1.233086 4.379177 0.230647
v 1.141911 4.372492 0.271957
v 1.141911 4.379177 0.271957
v 1.240672 4.372492 0.288263
v 1.240672 4.379177 0.288263
v 1.141575 4.372492 0.261710
v 1.141575 4.379177 0.261710
v 1.235258 4.372492 0.296970
v 1.235258 4.379177 0.296970
v 1.143245 4.372492 0.251594
v 1.143245 4.379177 0.251594
v 1.228249 4.372492 0.304453
v 1.228249 4.379177 0.304453
v 1.146857 4.372492 0.241999
v 1.146857 4.379177 0.241999
v 1.219915 4.372492 0.310425
v 1.219915 4.379177 0.310425
v 1.152271 4.372492 0.233292
v 1.152271 4.379177 0.233292
v 1.210576 4.372492 0.314656
v 1.210576 4.379177 0.314656
v 1.159280 4.372492 0.225809
v 1.159280 4.379177 0.225809
v 1.200591 4.372492 0.316985
v 1.200591 4.379177 0.316985
v 1.167614 4.372492 0.219837
v 1.167614 4.379177 0.219837
v 1.190344 4.372492 0.317320
v 1.190344 4.379177 0.317320
v 1.176953 4.372492 0.215606
v 1.176953 4.379177 0.215606
v 1.180228 4.372492 0.315650
v 1.180228 4.379177 0.315650
v 1.186938 4.372492 0.213277
v 1.186938 4.379177 0.213277
v 1.170632 4.372492 0.312038
v 1.170632 4.379177 0.312038
v 1.162398 4.379177 0.241063
v 1.167696 4.379177 0.235406
v 1.206473 4.379177 0.302569
v 1.198925 4.379177 0.304329
v 1.173996 4.379177 0.230892
v 1.191179 4.379177 0.304582
v 1.181056 4.379177 0.227693
v 1.183532 4.379177 0.303320
v 1.188604 4.379177 0.225933
v 1.176278 4.379177 0.300590
v 1.196350 4.379177 0.225679
v 1.169696 4.379177 0.296497
v 1.228004 4.379177 0.245363
v 1.231202 4.379177 0.252422
v 1.203997 4.379177 0.226942
v 1.164040 4.379177 0.291199
v 1.232962 4.379177 0.259970
v 1.211251 4.379177 0.229672
v 1.159525 4.379177 0.284899
v 1.233216 4.379177 0.267717
v 1.217833 4.379177 0.233765
v 1.156327 4.379177 0.277839
v 1.231954 4.379177 0.275364
v 1.223489 4.379177 0.239063
v 1.154567 4.379177 0.270291
v 1.229223 4.379177 0.282617
v 1.154313 4.379177 0.262545
v 1.225131 4.379177 0.289199
v 1.155576 4.379177 0.254898
v 1.219832 4.379177 0.294856
v 1.158306 4.379177 0.247644
v 1.213532 4.379177 0.299370
v 1.181056 4.384747 0.227693
v 1.188604 4.384747 0.225933
v 1.183532 4.384747 0.303320
v 1.176278 4.384747 0.300590
v 1.196350 4.384747 0.225679
v 1.169696 4.384747 0.296497
v 1.228004 4.384747 0.245363
v 1.231202 4.384747 0.252422
v 1.203997 4.384747 0.226942
v 1.164040 4.384747 0.291199
v 1.232962 4.384747 0.259970
v 1.211251 4.384747 0.229672
v 1.159525 4.384747 0.284899
v 1.233216 4.384747 0.267717
v 1.217833 4.384747 0.233765
v 1.156327 4.384747 0.277839
v 1.231954 4.384747 0.275364
v 1.223489 4.384747 0.239063
v 1.154567 4.384747 0.270291
v 1.229223 4.384747 0.282617
v 1.154313 4.384747 0.262545
v 1.225131 4.384747 0.289199
v 1.155576 4.384747 0.254898
v 1.219832 4.384747 0.294856
v 1.158306 4.384747 0.247644
v 1.213532 4.384747 0.299370
v 1.162398 4.384747 0.241063
v 1.206473 4.384747 0.302569
v 1.167696 4.384747 0.235406
v 1.198925 4.384747 0.304329
v 1.173996 4.384747 0.230892
v 1.191179 4.384747 0.304582
v 1.207179 4.384747 0.260577
v 1.207810 4.384747 0.263282
v 1.197431 4.384747 0.251447
v 1.200030 4.384747 0.252425
v 1.183113 4.384747 0.274472
v 1.181496 4.384747 0.272214
v 1.207901 4.384747 0.266057
v 1.202388 4.384747 0.253892
v 1.180350 4.384747 0.269685
v 1.207448 4.384747 0.268797
v 1.204415 4.384747 0.255790
v 1.179719 4.384747 0.266980
v 1.206470 4.384747 0.271397
v 1.206033 4.384747 0.258048
v 1.179628 4.384747 0.264204
v 1.205003 4.384747 0.273755
v 1.180081 4.384747 0.261464
v 1.203105 4.384747 0.275782
v 1.181059 4.384747 0.258865
v 1.200848 4.384747 0.277399
v 1.182525 4.384747 0.256507
v 1.198318 4.384747 0.278546
v 1.184424 4.384747 0.254480
v 1.195614 4.384747 0.279176
v 1.186681 4.384747 0.252862
v 1.192838 4.384747 0.279267
v 1.189211 4.384747 0.251716
v 1.190098 4.384747 0.278815
v 1.191915 4.384747 0.251086
v 1.187499 4.384747 0.277836
v 1.194691 4.384747 0.250995
v 1.185140 4.384747 0.276370
v 1.207448 4.469784 0.268797
v 1.206470 4.469784 0.271397
v 1.204415 4.469784 0.255790
v 1.206033 4.469784 0.258048
v 1.179719 4.469784 0.266980
v 1.179628 4.469784 0.264204
v 1.205003 4.469784 0.273755
v 1.180081 4.469784 0.261464
v 1.203105 4.469784 0.275782
v 1.181059 4.469784 0.258865
v 1.200848 4.469784 0.277399
v 1.182525 4.469784 0.256507
v 1.198318 4.469784 0.278546
v 1.184424 4.469784 0.254480
v 1.195614 4.469784 0.279176
v 1.186681 4.469784 0.252862
v 1.192838 4.469784 0.279267
v 1.189211 4.469784 0.251716
v 1.190098 4.469784 0.278815
v 1.191915 4.469784 0.251086
v 1.187499 4.469784 0.277836
v 1.194691 4.469784 0.250995
v 1.185140 4.469784 0.276370
v 1.207179 4.469784 0.260577
v 1.197431 4.469784 0.251447
v 1.183113 4.469784 0.274472
v 1.207810 4.469784 0.263282
v 1.200030 4.469784 0.252425
v 1.181496 4.469784 0.272214
v 1.207901 4.469784 0.266057
v 1.202388 4.469784 0.253892
v 1.180350 4.469784 0.269685
v 1.261607 3.976503 0.746751
v 1.264929 3.975374 0.749749
v 1.275851 3.963979 0.733354
v 1.272529 3.965108 0.730356
v 1.195091 3.941647 0.726665
v 1.191321 3.939088 0.725932
v 1.202243 3.927693 0.709537
v 1.206013 3.930252 0.710270
v 1.206302 3.963890 0.718673
v 1.206223 3.960077 0.721271
v 1.217145 3.948682 0.704877
v 1.217223 3.952495 0.702279
v 1.257897 3.976863 0.744029
v 1.268819 3.965468 0.727635
v 1.198501 3.944755 0.726776
v 1.209423 3.933361 0.710382
v 1.205590 3.967398 0.715760
v 1.216511 3.956003 0.699366
v 1.253942 3.976439 0.741688
v 1.264864 3.965045 0.725294
v 1.201419 3.948293 0.726261
v 1.212341 3.936899 0.709867
v 1.204113 3.970466 0.712645
v 1.215035 3.959071 0.696250
v 1.249894 3.975250 0.739819
v 1.260816 3.963855 0.723424
v 1.203734 3.952125 0.725139
v 1.214656 3.940731 0.708745
v 1.201930 3.972976 0.709446
v 1.212851 3.961581 0.693052
v 1.245909 3.973338 0.738492
v 1.256830 3.961944 0.722098
v 1.205356 3.956104 0.723455
v 1.216278 3.944709 0.707060
v 1.199123 3.974831 0.706287
v 1.210045 3.963436 0.689892
v 1.242139 3.970780 0.737759
v 1.253060 3.959385 0.721364
v 1.195801 3.975960 0.703289
v 1.206723 3.964566 0.686894
v 1.238729 3.967672 0.737647
v 1.249650 3.956277 0.721253
v 1.192091 3.976320 0.700567
v 1.203013 3.964925 0.684173
v 1.235811 3.964133 0.738163
v 1.246732 3.952739 0.721768
v 1.188136 3.975897 0.698226
v 1.199058 3.964502 0.681832
v 1.233496 3.960301 0.739284
v 1.244418 3.948907 0.722890
v 1.184088 3.974707 0.696357
v 1.195010 3.963312 0.679962
v 1.231874 3.956323 0.740969
v 1.242796 3.944928 0.724574
v 1.180102 3.972795 0.695030
v 1.191024 3.961401 0.678635
v 1.231007 3.952350 0.743152
v 1.241929 3.940955 0.726758
v 1.176332 3.970237 0.694297
v 1.187254 3.958842 0.677902
v 1.230928 3.948537 0.745750
v 1.241850 3.937142 0.729356
v 1.172923 3.967129 0.694185
v 1.183844 3.955734 0.677791
v 1.231640 3.945029 0.748663
v 1.242562 3.933634 0.732269
v 1.170004 3.963590 0.694700
v 1.180926 3.952196 0.678306
v 1.233117 3.941961 0.751779
v 1.244038 3.930566 0.735384
v 1.167690 3.959759 0.695822
v 1.178611 3.948364 0.679428
v 1.235300 3.939451 0.754978
v 1.246222 3.928056 0.738583
v 1.166068 3.955780 0.697507
v 1.176989 3.944385 0.681112
v 1.238107 3.937596 0.758137
v 1.249028 3.926201 0.741742
v 1.165201 3.951807 0.699690
v 1.176122 3.940413 0.683296
v 1.241429 3.936466 0.761135
v 1.252351 3.925072 0.744741
v 1.165122 3.947994 0.702288
v 1.176043 3.936599 0.685894
v 1.245139 3.936107 0.763856
v 1.256060 3.924712 0.747462
v 1.165834 3.944486 0.705201
v 1.176756 3.933091 0.688807
v 1.249094 3.936530 0.766197
v 1.260015 3.925135 0.749803
v 1.167310 3.941418 0.708317
v 1.178232 3.930023 0.691922
v 1.253142 3.937720 0.768067
v 1.264063 3.926325 0.751672
v 1.169494 3.938908 0.711516
v 1.180415 3.927514 0.695121
v 1.257128 3.939631 0.769394
v 1.268049 3.928236 0.752999
v 1.272029 3.960619 0.764733
v 1.271162 3.956647 0.766917
v 1.282084 3.945252 0.750522
v 1.282951 3.949224 0.748339
v 1.172300 3.937053 0.714675
v 1.183222 3.925658 0.698280
v 1.260898 3.942190 0.770127
v 1.271819 3.930795 0.753733
v 1.272108 3.964433 0.762135
v 1.283030 3.953038 0.745741
v 1.175623 3.935924 0.717673
v 1.186544 3.924529 0.701279
v 1.264307 3.945298 0.770238
v 1.275229 3.933903 0.753844
v 1.271396 3.967941 0.759222
v 1.282317 3.956546 0.742828
v 1.179332 3.935564 0.720394
v 1.190254 3.924169 0.704000
v 1.267226 3.948836 0.769723
v 1.278147 3.937441 0.753329
v 1.269919 3.971009 0.756107
v 1.280841 3.959614 0.739712
v 1.183287 3.935987 0.722735
v 1.194209 3.924592 0.706341
v 1.269540 3.952668 0.768601
v 1.280462 3.941273 0.752207
v 1.267736 3.973519 0.752908
v 1.278658 3.962124 0.736513
v 1.187335 3.937177 0.724605
v 1.198257 3.925782 0.708210
v 2.044361 3.976503 0.746751
v 2.033440 3.965108 0.730356
v 2.030118 3.963979 0.733354
v 2.041039 3.975374 0.749749
v 2.110877 3.941647 0.726665
v 2.099956 3.930252 0.710271
v 2.103726 3.927693 0.709537
v 2.114647 3.939088 0.725932
v 2.099667 3.963890 0.718674
v 2.088745 3.952495 0.702279
v 2.088824 3.948682 0.704877
v 2.099746 3.960076 0.721272
v 2.048071 3.976863 0.744029
v 2.037149 3.965468 0.727635
v 2.107467 3.944755 0.726776
v 2.096546 3.933360 0.710382
v 2.100379 3.967398 0.715761
v 2.089458 3.956003 0.699366
v 2.052026 3.976439 0.741689
v 2.041104 3.965045 0.725294
v 2.104549 3.948293 0.726261
v 2.093628 3.936898 0.709867
v 2.101855 3.970466 0.712645
v 2.090934 3.959071 0.696251
v 2.056074 3.975250 0.739819
v 2.045152 3.963855 0.723425
v 2.102235 3.952125 0.725140
v 2.091313 3.940731 0.708745
v 2.104039 3.972975 0.709446
v 2.093117 3.961581 0.693052
v 2.060060 3.973338 0.738492
v 2.049138 3.961944 0.722098
v 2.100613 3.956104 0.723455
v 2.089691 3.944709 0.707061
v 2.106846 3.974831 0.706287
v 2.095924 3.963436 0.689892
v 2.063830 3.970780 0.737759
v 2.052908 3.959385 0.721364
v 2.110168 3.975960 0.703289
v 2.099246 3.964565 0.686894
v 2.067240 3.967671 0.737648
v 2.056318 3.956277 0.721253
v 2.113877 3.976320 0.700567
v 2.102956 3.964925 0.684173
v 2.070158 3.964133 0.738163
v 2.059236 3.952739 0.721768
v 2.117832 3.975897 0.698227
v 2.106911 3.964502 0.681832
v 2.072473 3.960301 0.739284
v 2.061551 3.948907 0.722890
v 2.121881 3.974707 0.696357
v 2.110959 3.963312 0.679963
v 2.074095 3.956323 0.740969
v 2.063173 3.944928 0.724575
v 2.125866 3.972795 0.695030
v 2.114944 3.961401 0.678636
v 2.074962 3.952350 0.743152
v 2.064040 3.940955 0.726758
v 2.129636 3.970237 0.694297
v 2.118715 3.958842 0.677903
v 2.075041 3.948536 0.745750
v 2.064119 3.937142 0.729356
v 2.133046 3.967129 0.694186
v 2.122124 3.955734 0.677791
v 2.074328 3.945029 0.748663
v 2.063406 3.933634 0.732269
v 2.135964 3.963590 0.694701
v 2.125043 3.952196 0.678306
v 2.072852 3.941960 0.751779
v 2.061930 3.930566 0.735385
v 2.138279 3.959759 0.695822
v 2.127357 3.948364 0.679428
v 2.070668 3.939451 0.754978
v 2.059747 3.928056 0.738584
v 2.139901 3.955780 0.697507
v 2.128979 3.944385 0.681113
v 2.067862 3.937596 0.758137
v 2.056940 3.926201 0.741743
v 2.140768 3.951807 0.699690
v 2.129846 3.940413 0.683296
v 2.064540 3.936466 0.761135
v 2.053618 3.925072 0.744741
v 2.140847 3.947994 0.702288
v 2.129925 3.936599 0.685894
v 2.060830 3.936107 0.763857
v 2.049908 3.924712 0.747462
v 2.140135 3.944486 0.705201
v 2.129213 3.933091 0.688807
v 2.056875 3.936530 0.766197
v 2.045953 3.925135 0.749803
v 2.138658 3.941418 0.708317
v 2.127737 3.930023 0.691923
v 2.052827 3.937720 0.768067
v 2.041905 3.926325 0.751673
v 2.136475 3.938908 0.711516
v 2.125553 3.927513 0.695121
v 2.048841 3.939631 0.769394
v 2.037919 3.928236 0.752999
v 2.033939 3.960619 0.764733
v 2.023017 3.949224 0.748339
v 2.023885 3.945252 0.750523
v 2.034806 3.956647 0.766917
v 2.133668 3.937053 0.714675
v 2.122746 3.925658 0.698281
v 2.045071 3.942190 0.770127
v 2.034149 3.930795 0.753733
v 2.033860 3.964433 0.762135
v 2.022939 3.953038 0.745741
v 2.130346 3.935924 0.717673
v 2.119424 3.924529 0.701279
v 2.041661 3.945298 0.770238
v 2.030740 3.933903 0.753844
v 2.034573 3.967941 0.759223
v 2.023651 3.956546 0.742828
v 2.126636 3.935564 0.720394
v 2.115715 3.924169 0.704000
v 2.038743 3.948836 0.769723
v 2.027821 3.937441 0.753329
v 2.036049 3.971009 0.756107
v 2.025127 3.959614 0.739713
v 2.122681 3.935987 0.722735
v 2.111760 3.924592 0.706341
v 2.036428 3.952668 0.768602
v 2.025506 3.941273 0.752207
v 2.038232 3.973518 0.752908
v 2.027311 3.962124 0.736514
v 2.118633 3.937177 0.724605
v 2.107711 3.925782 0.708211
vn -0.0361 0.9784 0.2036
vn -0.0187 0.8140 0.5806
vn -0.9962 0.0272 -0.0828
vn -0.9908 -0.1059 0.0837
vn 0.0630 0.9592 0.2756
vn 0.0195 0.8321 0.5542
vn -0.0763 0.6918 0.7181
vn -0.9740 0.0989 -0.2040
vn -0.9937 0.0782 -0.0804
vn -0.9943 0.0525 0.0929
vn -0.0197 0.7138 0.7000
vn -0.0454 0.9990 -0.0028
vn -0.9870 -0.0817 0.1382
vn -0.9510 -0.2470 0.1862
vn -0.9879 -0.0754 0.1357
vn -0.1007 0.5646 0.8192
vn -0.1041 0.9942 0.0282
vn -0.8510 0.4957 0.1733
vn -0.3869 0.2232 0.8947
vn -0.2159 0.3549 0.9096
vn -0.9986 -0.0532 -0.0008
vn -0.0144 0.9999 -0.0007
vn -0.9742 0.1454 -0.1725
vn -0.9284 0.2023 -0.3116
vn -0.1565 0.5431 0.8249
vn -0.5036 0.8578 0.1026
vn -0.4909 0.8577 0.1526
vn -0.0736 0.9966 0.0359
vn -0.9675 -0.2383 0.0849
vn -0.9982 -0.0558 0.0199
vn -0.9970 -0.0683 -0.0372
vn -0.9364 0.2254 -0.2691
vn -0.8193 0.3630 -0.4438
vn -0.3346 0.3432 0.8776
vn -0.0000 1.0000 -0.0000
vn -0.6642 0.7185 0.2062
vn -0.6815 0.7186 0.1388
vn -0.8640 0.4960 0.0871
vn -0.5112 0.8579 0.0516
vn -0.8801 0.3715 -0.2957
vn -0.8873 0.2048 -0.4133
vn -0.6336 0.5985 -0.4903
vn -0.5421 0.1259 0.8308
vn -0.6404 0.7185 0.2715
vn -0.6919 0.7186 0.0698
vn -0.9054 -0.3179 0.2813
vn -0.9290 -0.3182 0.1892
vn -0.0692 0.9973 -0.0257
vn -0.0811 0.9962 -0.0310
vn -0.2620 0.9643 0.0388
vn -0.9878 -0.0782 -0.1350
vn -0.0395 0.9992 0.0039
vn -0.1415 0.9897 -0.0203
vn -0.0678 0.9971 -0.0345
vn -0.5138 0.8579 -0.0000
vn -0.8607 0.5017 0.0868
vn -0.8478 0.5014 0.1726
vn -0.7301 0.5538 -0.4004
vn -0.7672 0.4614 -0.4456
vn -0.4826 0.7617 -0.4323
vn -0.6749 -0.0021 0.7379
vn -0.3793 0.2223 0.8982
vn -0.4241 0.1087 0.8991
vn -0.6102 0.7185 0.3339
vn -0.4735 0.8576 0.2009
vn -0.5855 0.3011 0.7527
vn -0.5891 0.2921 0.7534
vn -0.8730 -0.3176 0.3703
vn -0.6954 0.7186 -0.0000
vn -0.9432 -0.3183 0.0951
vn -0.7876 -0.5656 0.2445
vn -0.8078 -0.5660 0.1645
vn -0.9847 -0.1533 -0.0830
vn -0.9796 -0.1993 -0.0253
vn -0.9906 -0.0985 -0.0950
vn -0.0210 0.9769 -0.2128
vn -0.9675 -0.2380 -0.0849
vn -0.9889 -0.0670 -0.1326
vn -0.5112 0.8579 -0.0516
vn -0.9895 0.0636 0.1299
vn -0.9513 -0.0905 0.2946
vn -0.9151 -0.0741 0.3965
vn -0.6417 0.3756 -0.6687
vn -0.6560 0.2967 -0.6940
vn -0.8001 0.4947 0.3392
vn -0.0752 0.4490 0.8904
vn -0.1848 0.4124 0.8921
vn -0.7687 0.4557 -0.4488
vn -0.7516 0.4567 -0.4759
vn -0.5590 0.7172 -0.4161
vn -0.3372 0.8730 -0.3524
vn -0.7847 -0.0453 0.6182
vn -0.6292 -0.0339 0.7765
vn -0.2959 0.3714 0.8801
vn -0.5742 0.7184 0.3927
vn -0.4514 0.8574 0.2472
vn -0.7028 0.2797 0.6541
vn -0.7628 0.2789 0.5834
vn -0.8319 -0.3171 0.4554
vn -0.6322 0.2848 0.7206
vn -0.7596 -0.5650 0.3221
vn -0.6919 0.7186 -0.0698
vn -0.9480 -0.3184 -0.0000
vn -0.8201 -0.5663 0.0827
vn -0.9181 -0.2755 0.2850
vn -0.9419 -0.2757 0.1917
vn -0.8513 -0.1142 0.5122
vn -0.7498 -0.0989 0.6543
vn -0.9691 -0.1256 0.2124
vn -0.9474 -0.1327 0.2912
vn -0.1276 0.9915 -0.0239
vn 0.0750 0.9553 -0.2861
vn -0.8927 -0.0210 0.4501
vn -0.9079 -0.0778 0.4119
vn -0.8640 0.4960 -0.0871
vn -0.6005 0.7362 -0.3121
vn -0.5797 0.7156 -0.3897
vn -0.8296 0.4953 0.2576
vn -0.8265 0.5010 0.2567
vn -0.7426 0.6689 0.0323
vn -0.4319 0.8269 -0.3602
vn -0.2047 0.9505 -0.2338
vn -0.8617 -0.0614 0.5037
vn -0.4005 0.3407 0.8506
vn -0.5327 0.7184 0.4475
vn -0.8240 0.2840 0.4903
vn -0.8620 0.2815 0.4215
vn -0.4250 0.8572 0.2909
vn -0.7828 -0.3166 0.5357
vn -0.7683 0.2683 0.5811
vn -0.7242 -0.5643 0.3963
vn -0.2062 0.6857 0.6981
vn -0.0651 0.6854 0.7253
vn -0.4974 0.3178 0.8072
vn -0.8852 -0.2752 0.3752
vn -0.6815 0.7186 -0.1388
vn -0.9432 -0.3183 -0.0951
vn -0.8242 -0.5663 -0.0000
vn -0.9563 -0.2759 0.0964
vn -0.6857 0.6960 0.2129
vn -0.7036 0.6960 0.1433
vn -0.9778 -0.0787 -0.1942
vn -0.9932 0.0591 -0.1005
vn -0.5036 0.8578 -0.1026
vn -0.9964 0.0389 0.0753
vn -0.0133 0.8138 -0.5809
vn -0.6412 0.3769 0.6685
vn -0.6544 0.2979 0.6950
vn -0.8510 0.4957 -0.1733
vn -0.9612 -0.0231 0.2749
vn -0.9956 0.0632 0.0691
vn -0.9898 0.0942 0.1070
vn -0.9881 0.1527 0.0183
vn -0.6425 0.7654 -0.0362
vn -0.6256 0.7801 -0.0073
vn -0.0399 0.4285 0.9027
vn -0.7971 0.5004 0.3380
vn -0.4465 0.8745 0.1892
vn -0.2924 0.9188 -0.2652
vn -0.0129 0.9978 -0.0644
vn 0.3610 0.6848 0.6330
vn 0.2251 0.6849 0.6930
vn 0.4818 0.6849 0.5466
vn -0.4862 0.7183 0.4977
vn -0.9119 0.2799 0.3001
vn -0.3945 0.8570 0.3316
vn -0.8788 0.2777 0.3880
vn -0.7263 -0.3161 0.6104
vn -0.7822 0.2827 0.5553
vn -0.8796 0.2681 0.3930
vn -0.6316 0.6865 0.3602
vn -0.6881 0.6864 0.2353
vn -0.6818 -0.5635 0.4664
vn -0.5528 0.6865 0.4724
vn -0.4539 0.6863 0.5684
vn -0.3372 0.6861 0.6447
vn -0.8436 -0.2748 0.4614
vn 0.0808 0.6851 0.7240
vn -0.6610 0.6960 0.2803
vn -0.6642 0.7185 -0.2063
vn -0.9289 -0.3182 -0.1892
vn -0.8201 -0.5663 -0.0827
vn -0.9612 -0.2759 -0.0000
vn -0.7145 0.6960 0.0720
vn 0.6642 0.7185 -0.2062
vn 0.6815 0.7186 -0.1387
vn 0.0331 0.8318 -0.5540
vn -0.0080 0.7137 -0.7004
vn -0.0916 0.5645 -0.8203
vn -0.2094 0.3549 -0.9112
vn -0.3841 0.2216 -0.8963
vn -0.6243 0.7811 0.0084
vn -0.9946 0.0593 -0.0855
vn -0.5934 0.8049 -0.0055
vn -0.8478 0.5014 -0.1726
vn -0.8607 0.5017 -0.0868
vn -0.9883 0.1462 -0.0427
vn -0.9872 0.1595 -0.0029
vn 0.0085 0.4682 0.8836
vn -0.7598 0.4998 0.4157
vn -0.7627 0.4941 0.4173
vn -0.5946 0.7157 -0.3663
vn -0.4725 0.8582 0.2005
vn -0.4258 0.8743 0.2328
vn -0.1889 0.9651 -0.1812
vn -0.3444 0.9247 -0.1624
vn 0.1381 0.9904 -0.0115
vn 0.5446 0.6982 0.4647
vn -0.4352 0.7183 0.5428
vn -0.9358 0.3470 -0.0619
vn -0.3602 0.8568 0.3690
vn -0.9400 0.3366 -0.0563
vn -0.6630 -0.3156 0.6789
vn -0.9358 0.2864 0.2054
vn -0.7203 0.6862 0.1012
vn -0.7266 0.6860 -0.0381
vn -0.6330 -0.5627 0.5317
vn -0.0001 1.0000 -0.0000
vn -0.7938 -0.2744 0.5428
vn -0.6298 0.6961 0.3446
vn 0.6403 0.7185 -0.2715
vn -0.4909 0.8577 -0.1526
vn -0.6403 0.7185 -0.2715
vn -0.9054 -0.3179 -0.2813
vn -0.8078 -0.5660 -0.1645
vn -0.9564 -0.2759 -0.0964
vn -0.7181 0.6960 -0.0000
vn 0.6919 0.7186 -0.0698
vn 0.6857 0.6960 -0.2129
vn 0.7036 0.6960 -0.1433
vn -0.9936 0.0824 0.0779
vn -0.9746 0.1073 0.1966
vn -0.0710 0.6912 -0.7192
vn -0.3759 0.2202 -0.9001
vn 0.1610 0.5724 0.8040
vn 0.6364 0.6770 0.3697
vn -0.4527 0.8643 0.2192
vn -0.4468 0.8404 0.3067
vn -0.7153 0.4990 0.4892
vn -0.7180 0.4933 0.4911
vn -0.9657 0.2195 -0.1384
vn -0.8770 -0.4132 -0.2454
vn -0.4504 0.8581 0.2466
vn -0.8027 -0.4900 0.3401
vn -0.4863 0.6682 0.5631
vn -0.8473 0.5024 0.1725
vn -0.3803 0.7182 0.5827
vn -0.6085 0.4916 0.6229
vn -0.5537 0.4915 0.6722
vn -0.3227 0.8565 0.4028
vn -0.5935 -0.3150 0.7406
vn -0.9095 0.3804 -0.1679
vn -0.9498 0.3130 0.0021
vn -0.5781 -0.5618 0.5917
vn -0.9490 0.2972 0.1057
vn -0.7058 0.6857 -0.1780
vn -0.7365 -0.2739 0.6185
vn -0.5926 0.6961 0.4053
vn 0.6102 0.7185 -0.3339
vn 0.6610 0.6960 -0.2803
vn -0.6102 0.7185 -0.3339
vn -0.8730 -0.3176 -0.3703
vn -0.7876 -0.5656 -0.2446
vn -0.9419 -0.2757 -0.1917
vn -0.7145 0.6960 -0.0720
vn 0.6954 0.7186 -0.0000
vn 0.7144 0.6960 -0.0720
vn 0.6642 0.7185 -0.2063
vn 0.6815 0.7186 -0.1388
vn -0.9293 0.2077 0.3053
vn -0.1511 0.5420 -0.8267
vn -0.9742 0.1492 0.1696
vn -0.9888 -0.0873 -0.1208
vn -0.9525 -0.0810 -0.2937
vn -0.9617 -0.0133 -0.2737
vn -0.9879 0.1061 -0.1135
vn -0.9166 -0.0640 -0.3947
vn -0.4210 0.1084 -0.9006
vn -0.6292 -0.0332 -0.7765
vn -0.7503 -0.0964 -0.6540
vn -0.8510 -0.1083 -0.5139
vn -0.3313 0.3411 -0.8797
vn 0.1983 0.9801 0.0001
vn 0.7058 0.6814 0.1935
vn -0.4516 0.8572 0.2474
vn -0.4291 0.8640 0.2633
vn -0.4293 0.8639 0.2634
vn -0.6639 0.4982 0.5577
vn -0.6664 0.4925 0.5598
vn -0.7897 -0.5138 0.3351
vn -0.8498 0.4979 0.1730
vn -0.0663 0.7051 0.7060
vn -0.7647 -0.4904 0.4181
vn -0.0365 0.4955 0.8678
vn -0.1196 0.3150 0.9415
vn -0.1415 0.9899 -0.0095
vn 0.0531 0.9959 -0.0731
vn -0.8602 0.5026 0.0867
vn -0.3610 0.6848 -0.6330
vn -0.2251 0.6849 -0.6930
vn -0.1227 0.6982 -0.7053
vn -0.3221 0.7182 0.6168
vn -0.2823 0.8569 0.4313
vn -0.4700 0.4942 0.7313
vn -0.5187 -0.3145 0.7950
vn -0.6063 0.4973 0.6206
vn -0.5528 0.4968 0.6691
vn -0.8721 0.4098 -0.2675
vn -0.5178 -0.5610 0.6459
vn -0.4818 0.6849 -0.5466
vn -0.5819 0.6851 -0.4382
vn -0.6723 -0.2735 0.6879
vn -0.6573 0.6854 -0.3133
vn -0.5497 0.6962 0.4617
vn 0.5742 0.7184 -0.3927
vn 0.6299 0.6961 -0.3446
vn -0.4925 0.3188 -0.8098
vn -0.5811 0.3018 -0.7558
vn -0.5845 0.2934 -0.7565
vn -0.4735 0.8576 -0.2009
vn -0.4514 0.8574 -0.2472
vn -0.7597 0.2786 -0.5876
vn -0.6991 0.2799 -0.6579
vn -0.5742 0.7184 -0.3927
vn -0.8319 -0.3171 -0.4554
vn -0.7596 -0.5650 -0.3221
vn -0.9181 -0.2755 -0.2850
vn -0.7036 0.6960 -0.1433
vn 0.6919 0.7186 0.0698
vn 0.7181 0.6960 -0.0000
vn 0.6919 0.7186 -0.0697
vn -0.8204 0.3669 0.4386
vn -0.9367 0.2285 0.2654
vn -0.8640 -0.0513 -0.5009
vn -0.5422 0.1240 -0.8311
vn -0.2534 0.0958 0.9626
vn -0.2424 0.0326 0.9696
vn -0.5166 0.8193 0.2488
vn -0.7575 0.4880 -0.4337
vn -0.7523 -0.5141 0.4119
vn -0.9282 0.2353 0.2881
vn -0.8949 0.2349 0.3793
vn -0.9524 0.2354 0.1938
vn -0.8627 0.4982 0.0870
vn -0.3471 -0.4163 0.8404
vn -0.4860 0.1992 0.8510
vn -0.1914 0.1772 0.9654
vn 0.1720 0.5939 0.7859
vn 0.0851 0.4367 0.8956
vn -0.6635 0.4991 0.5574
vn 0.0115 0.5675 0.8233
vn -0.8619 0.4026 -0.3084
vn -0.8008 0.4443 -0.4016
vn 0.0058 0.6770 -0.7360
vn -0.2610 0.7181 0.6451
vn -0.4393 -0.3140 0.8417
vn -0.4123 0.4909 0.7675
vn -0.3744 0.4900 0.7872
vn -0.2381 0.8570 0.4571
vn -0.4528 -0.5601 0.6937
vn -0.6728 -0.2603 0.6925
vn -0.7771 -0.0963 0.6220
vn -0.4714 0.4948 0.7301
vn -0.4671 0.4932 0.7339
vn -0.6019 -0.2730 0.7505
vn -0.5016 0.6962 0.5135
vn 0.5326 0.7184 -0.4475
vn 0.5926 0.6961 -0.4053
vn 0.6610 0.6961 -0.2803
vn -0.3951 0.3421 -0.8526
vn -0.0574 0.6854 -0.7259
vn 0.0885 0.6851 -0.7231
vn -0.6280 0.2852 -0.7241
vn -0.1988 0.6857 -0.7002
vn -0.7652 0.2684 -0.5852
vn -0.4250 0.8572 -0.2909
vn -0.8599 0.2817 -0.4256
vn -0.8218 0.2840 -0.4940
vn -0.5327 0.7184 -0.4475
vn -0.7828 -0.3166 -0.5356
vn -0.7242 -0.5643 -0.3963
vn -0.8852 -0.2752 -0.3752
vn -0.6857 0.6960 -0.2129
vn 0.6815 0.7186 0.1387
vn 0.7144 0.6960 0.0720
vn -0.6333 0.5999 0.4890
vn -0.8854 0.2024 0.4183
vn -0.8817 0.3730 0.2890
vn -0.0043 0.9979 0.0651
vn -0.1999 0.9507 0.2371
vn 0.1410 0.9899 0.0159
vn -0.4012 0.8639 0.3046
vn -0.3568 0.0164 0.9340
vn -0.7024 -0.2098 0.6802
vn -0.5925 -0.0796 0.8016
vn -0.8529 0.2346 0.4665
vn -0.9473 -0.1266 0.2941
vn -0.9133 -0.1265 0.3872
vn -0.9720 -0.1268 0.1979
vn -0.9670 0.2356 0.0975
vn -0.8670 0.4983 0.0001
vn -0.8645 0.5027 -0.0000
vn -0.6654 0.4947 0.5590
vn 0.0357 0.6050 0.7954
vn 0.1288 0.9907 -0.0434
vn -0.1977 0.7181 0.6673
vn -0.1932 0.8561 0.4793
vn -0.2961 0.4866 0.8219
vn -0.3561 -0.3136 0.8803
vn -0.3837 -0.5593 0.7348
vn -0.4134 0.4931 0.7655
vn -0.5260 -0.2725 0.8056
vn -0.9327 -0.0275 0.3597
vn -0.4490 0.6963 0.5600
vn 0.4862 0.7183 -0.4977
vn 0.5497 0.6962 -0.4618
vn 0.6298 0.6961 -0.3446
vn -0.2901 0.3732 -0.8812
vn 0.2325 0.6849 -0.6906
vn -0.4479 0.6862 -0.5732
vn -0.3303 0.6860 -0.6483
vn -0.7796 0.2825 -0.5590
vn -0.8773 0.2683 -0.3979
vn -0.6856 0.6864 -0.2426
vn -0.6277 0.6866 -0.3669
vn -0.4862 0.7183 -0.4977
vn -0.7263 -0.3161 -0.6104
vn -0.6819 -0.5635 -0.4664
vn -0.8436 -0.2748 -0.4614
vn -0.6610 0.6960 -0.2803
vn 0.6642 0.7185 0.2062
vn 0.7036 0.6960 0.1433
vn 0.6919 0.7186 0.0697
vn -0.4807 0.7624 0.4332
vn -0.6775 -0.0011 -0.7355
vn -0.1814 0.9661 0.1837
vn -0.2871 0.9179 0.2738
vn -0.2088 0.9524 0.2223
vn -0.7891 -0.0394 -0.6131
vn -0.3327 0.8738 0.3546
vn 0.1526 0.9881 -0.0169
vn 0.0752 0.9963 0.0412
vn -0.1091 0.2529 0.9613
vn -0.2562 0.0927 0.9622
vn -0.0274 0.3262 0.9449
vn -0.5636 -0.0875 0.8214
vn -0.7348 -0.0418 0.6770
vn -0.8025 0.2343 0.5487
vn -0.8703 -0.1262 0.4761
vn -0.9484 0.1171 0.2946
vn -0.9143 0.1169 0.3878
vn -0.9731 0.1172 0.1982
vn -0.9869 -0.1268 0.0995
vn -0.9719 0.2356 -0.0000
vn -0.6025 0.4297 -0.6725
vn -0.5727 0.4631 -0.6764
vn -0.7446 0.2339 0.6253
vn 0.1751 0.7304 0.6602
vn 0.0282 0.6820 0.7308
vn -0.1328 0.7181 0.6832
vn -0.2697 -0.3133 0.9105
vn -0.2153 0.4832 0.8486
vn -0.1466 0.8551 0.4973
vn -0.3111 -0.5587 0.7688
vn -0.3677 0.5054 0.7807
vn -0.2904 0.5002 0.8158
vn -0.4455 -0.2721 0.8529
vn -0.4008 0.4608 0.7919
vn -0.3923 0.6963 0.6010
vn -0.9824 0.0518 0.1796
vn -0.8702 -0.0957 0.4833
vn -0.9849 0.1643 0.0545
vn -0.9582 0.2815 0.0519
vn 0.4352 0.7183 -0.5428
vn 0.5016 0.6962 -0.5135
vn 0.5327 0.7184 -0.4475
vn -0.1790 0.4149 -0.8921
vn 0.3677 0.6848 -0.6291
vn -0.5478 0.6864 -0.4783
vn -0.8767 0.2777 -0.3928
vn -0.7191 0.6863 -0.1089
vn -0.9103 0.2797 -0.3051
vn -0.3945 0.8570 -0.3316
vn -0.4352 0.7183 -0.5428
vn -0.6630 -0.3156 -0.6789
vn -0.6329 -0.5627 -0.5317
vn -0.7938 -0.2744 -0.5427
vn -0.6298 0.6961 -0.3446
vn 0.6403 0.7185 0.2715
vn 0.6857 0.6960 0.2129
vn 0.7145 0.6960 -0.0720
vn -0.7319 0.5530 0.3980
vn -0.7687 0.4624 0.4419
vn -0.7700 0.4565 0.4457
vn 0.0535 0.9973 0.0513
vn -0.8473 0.5024 -0.1725
vn -0.8260 0.5019 -0.2565
vn -0.8189 -0.1260 0.5600
vn -0.8712 0.1167 0.4769
vn -0.9279 0.2368 0.2880
vn -0.8946 0.2365 0.3792
vn -0.9520 0.2371 0.1938
vn -0.9881 0.1172 0.0997
vn -0.9919 -0.1269 -0.0000
vn -0.6333 0.2982 -0.7141
vn -0.7596 -0.1257 0.6381
vn -0.6796 0.2334 0.6954
vn -0.6077 0.4938 0.6220
vn -0.6356 0.4983 0.5897
vn -0.6337 0.5027 0.5880
vn 0.1581 0.8001 0.5786
vn -0.0634 0.7873 0.6133
vn -0.8602 0.5026 -0.0867
vn -0.0667 0.7181 0.6928
vn -0.1811 -0.3130 0.9323
vn -0.1496 0.4805 0.8641
vn -0.0985 0.8541 0.5106
vn -0.2358 -0.5581 0.7956
vn -0.2103 0.4950 0.8430
vn -0.3611 -0.2717 0.8921
vn -0.3322 0.6964 0.6362
vn -0.2859 0.5185 0.8059
vn 0.3803 0.7182 -0.5827
vn -0.9853 0.1332 0.1072
vn -0.9874 0.0608 0.1459
vn -0.9765 0.2152 -0.0122
vn -0.1560 0.9828 0.0987
vn -0.2932 0.9558 0.0202
vn -0.9528 0.2870 -0.0987
vn -0.8926 0.3968 -0.2138
vn -0.5303 0.4976 0.6864
vn -0.5120 0.4987 0.6994
vn -0.5090 0.4977 0.7023
vn -0.3933 0.6272 0.6723
vn 0.3904 0.2037 0.8978
vn -0.5279 0.4857 0.6967
vn -0.2675 0.1011 0.9582
vn -0.4589 -0.2093 0.8635
vn -0.3955 -0.1337 0.9087
vn -0.3337 -0.4124 0.8477
vn 0.4490 0.6963 -0.5600
vn 0.5497 0.6962 -0.4617
vn -0.0693 0.4517 -0.8895
vn -0.8001 0.4948 -0.3392
vn 0.4876 0.6849 -0.5415
vn -0.0001 1.0000 -0.0001
vn -0.7076 0.6857 0.1705
vn -0.6606 0.6854 0.3063
vn 0.0001 1.0000 -0.0000
vn -0.7270 0.6860 0.0303
vn -0.9348 0.2859 -0.2107
vn -0.9500 0.3121 -0.0085
vn -0.9406 0.3354 0.0527
vn -0.9367 0.3455 0.0562
vn -0.3603 0.8568 -0.3690
vn -0.5552 0.4921 -0.6705
vn -0.6085 0.4916 -0.6229
vn -0.3228 0.8570 -0.4017
vn -0.3804 0.7182 -0.5827
vn -0.5935 -0.3150 -0.7406
vn -0.5781 -0.5618 -0.5917
vn -0.7365 -0.2739 -0.6185
vn -0.5926 0.6961 -0.4053
vn 0.6102 0.7185 0.3339
vn 0.6610 0.6960 0.2803
vn 0.7033 0.6963 -0.1433
vn -0.5591 0.7166 0.4171
vn -0.4298 0.8265 0.3634
vn -0.8265 0.5010 -0.2567
vn -0.8296 0.4953 -0.2577
vn -0.7518 0.4562 0.4761
vn -0.9282 0.2353 -0.2881
vn -0.9524 0.2354 -0.1938
vn 0.1489 0.8795 0.4520
vn 0.0225 0.9813 0.1909
vn -0.8197 0.1166 0.5609
vn -0.8525 0.2362 0.4663
vn -0.9492 -0.1104 0.2947
vn -0.9151 -0.1102 0.3879
vn -0.9739 -0.1105 0.1983
vn -0.9666 0.2372 0.0974
vn -0.9931 0.1173 -0.0000
vn -0.9869 -0.1268 -0.0995
vn -0.9670 0.2356 -0.0975
vn -0.5783 0.5424 -0.6094
vn -0.5725 0.3679 -0.7327
vn -0.5728 0.4632 -0.6763
vn -0.6702 0.1537 -0.7261
vn -0.6075 0.2225 -0.7625
vn -0.7603 0.1164 0.6390
vn -0.6933 -0.1254 0.7096
vn -0.5767 0.4929 0.6515
vn -0.6374 0.4938 0.5915
vn -0.6076 0.4938 0.6220
vn -0.6059 0.4982 0.6202
vn -0.2258 0.8856 0.4059
vn -0.8759 -0.4729 -0.0955
vn -0.8595 -0.4385 -0.2627
vn -0.0339 0.7071 0.7063
vn -0.0493 0.8531 0.5193
vn 0.2757 0.2790 0.9198
vn 0.2731 0.2686 0.9237
vn -0.0909 -0.3129 0.9454
vn 0.6234 0.3559 0.6962
vn 0.5458 0.3270 0.7715
vn -0.1260 0.4806 0.8679
vn -0.1583 -0.5577 0.8148
vn -0.1286 0.4893 0.8626
vn -0.2735 -0.2714 0.9228
vn -0.2692 0.6964 0.6653
vn -0.2072 0.5118 0.8338
vn 0.3221 0.7182 -0.6168
vn 0.3923 0.6963 -0.6010
vn -0.5015 0.8520 -0.1502
vn -0.5955 0.7746 -0.2131
vn -0.2541 0.9339 0.2515
vn -0.4332 0.8438 0.3167
vn -0.2625 0.9397 0.2192
vn -0.9296 0.3654 -0.0488
vn -0.7765 0.5632 -0.2824
vn -0.8774 0.4771 -0.0503
vn 0.2748 0.2659 0.9240
vn 0.2244 0.2475 0.9425
vn 0.2350 0.2406 0.9418
vn 0.0787 -0.0031 0.9969
vn -0.2696 -0.0153 0.9629
vn -0.2621 -0.0391 0.9642
vn 0.6611 0.6961 -0.2802
vn -0.0340 0.4312 -0.9016
vn 0.5495 0.6982 -0.4589
vn -0.5866 0.6851 0.4319
vn -0.9486 0.2965 -0.1110
vn -0.4876 0.6849 0.5415
vn -0.9113 0.3784 0.1624
vn -0.5549 0.4956 -0.6682
vn -0.6063 0.4973 -0.6206
vn -0.2811 0.8570 -0.4320
vn -0.4657 0.5094 -0.7237
vn -0.6664 0.4925 -0.5598
vn -0.8740 0.4079 0.2642
vn -0.3221 0.7182 -0.6168
vn -0.5187 -0.3145 -0.7950
vn -0.5178 -0.5610 -0.6459
vn -0.6723 -0.2734 -0.6879
vn -0.5497 0.6962 -0.4618
vn 0.5742 0.7184 0.3927
vn 0.6298 0.6961 0.3446
vn 0.6815 0.7186 0.1388
vn 0.6955 0.7186 -0.0000
vn 0.5926 0.6962 -0.4051
vn 0.5496 0.6962 -0.4618
vn 0.5020 0.6960 -0.5133
vn 0.3322 0.6963 -0.6363
vn 0.2692 0.6964 -0.6652
vn 0.2039 0.6964 -0.6881
vn 0.1369 0.6967 -0.7042
vn 0.0687 0.6964 -0.7144
vn 0.1495 0.6948 -0.7035
vn -0.0000 0.6965 -0.7176
vn -0.0339 0.7071 -0.7063
vn -0.0687 0.6966 -0.7141
vn -0.1369 0.6964 -0.7044
vn -0.2039 0.6964 -0.6881
vn -0.2692 0.6964 -0.6652
vn -0.3322 0.6963 -0.6362
vn -0.3923 0.6963 -0.6010
vn -0.4490 0.6963 -0.5600
vn -0.5020 0.6960 -0.5134
vn -0.5496 0.6962 -0.4618
vn -0.5926 0.6962 -0.4051
vn -0.6299 0.6961 -0.3446
vn -0.6613 0.6958 -0.2802
vn -0.6857 0.6960 -0.2130
vn -0.7144 0.6960 -0.0720
vn -0.7177 0.6963 -0.0000
vn -0.7144 0.6960 0.0720
vn -0.6858 0.6960 0.2129
vn -0.6610 0.6961 0.2802
vn -0.6299 0.6961 0.3446
vn -0.5926 0.6962 0.4051
vn -0.5497 0.6962 0.4618
vn -0.3322 0.6963 0.6362
vn -0.2039 0.6964 0.6880
vn -0.1369 0.6965 0.7044
vn -0.0687 0.6965 0.7143
vn -0.0000 0.6964 0.7177
vn 0.0687 0.6965 0.7142
vn 0.1369 0.6962 0.7047
vn 0.2039 0.6964 0.6881
vn 0.2691 0.6962 0.6655
vn 0.3322 0.6964 0.6361
vn 0.3923 0.6963 0.6010
vn 0.4490 0.6963 0.5600
vn 0.5016 0.6962 0.5135
vn 0.5496 0.6962 0.4618
vn 0.5926 0.6962 0.4051
vn 0.6299 0.6961 0.3446
vn 0.6610 0.6960 0.2806
vn 0.7145 0.6960 0.0720
vn 0.7178 0.6962 -0.0000
vn -0.7966 0.5014 -0.3378
vn -0.7971 0.5005 -0.3380
vn -0.9764 -0.1842 0.1125
vn -0.9637 -0.1293 0.2337
vn -0.9473 -0.1266 -0.2941
vn -0.9720 -0.1268 -0.1979
vn -0.8949 0.2350 -0.3793
vn -0.5971 0.5873 0.5464
vn -0.6657 0.4766 0.5742
vn -0.8022 0.2358 0.5485
vn -0.8720 -0.1100 0.4770
vn -0.8674 -0.4186 0.2692
vn -0.8365 -0.4178 0.3545
vn -0.8896 -0.4193 0.1810
vn -0.9889 -0.1106 0.0997
vn -0.9715 0.2372 -0.0000
vn -0.9881 0.1172 -0.0997
vn -0.5246 0.8513 -0.0020
vn -0.5239 0.8467 -0.0926
vn -0.5438 0.4981 -0.6754
vn -0.5596 0.6350 -0.5327
vn -0.7113 0.0046 -0.7029
vn -0.6476 0.0702 -0.7587
vn -0.7443 0.2353 0.6251
vn -0.6939 0.1162 0.7106
vn -0.6206 -0.1252 0.7740
vn -0.6084 0.2330 0.7586
vn -0.5767 0.4930 0.6514
vn 0.1564 0.7033 0.6934
vn 0.1967 0.6510 0.7332
vn -0.5767 0.4929 0.6514
vn -0.5734 0.5020 0.6475
vn -0.5733 0.5019 0.6476
vn -0.8318 -0.3682 -0.4153
vn -0.8492 -0.5207 -0.0873
vn -0.8341 -0.4913 -0.2506
vn -0.8798 -0.4692 0.0765
vn -0.0000 0.7180 0.6960
vn -0.0245 0.8594 0.5107
vn 0.1345 0.2690 0.9537
vn 0.0492 0.2721 0.9610
vn -0.0455 -0.3097 0.9497
vn 0.3083 0.2649 0.9137
vn -0.0795 -0.5575 0.8264
vn -0.1837 -0.2712 0.9448
vn -0.1271 0.5049 0.8538
vn 0.2610 0.7181 -0.6451
vn -0.3095 -0.1538 0.9384
vn -0.3071 -0.1675 0.9368
vn 0.3322 0.6964 -0.6362
vn -0.6651 0.6984 -0.2643
vn -0.6001 0.7885 0.1347
vn -0.7139 0.7000 -0.0167
vn -0.5113 0.5006 0.6986
vn -0.5410 0.5019 0.6748
vn 0.2414 0.2686 0.9325
vn 0.5947 0.2054 0.7773
vn 0.3485 0.3420 0.8727
vn 0.4386 0.5309 0.7251
vn -0.3677 0.6848 0.6291
vn -0.5426 0.4974 -0.6769
vn -0.6059 0.4982 -0.6202
vn -0.4700 0.5136 -0.7178
vn -0.6639 0.4982 -0.5577
vn -0.2387 0.8559 -0.4587
vn -0.3678 0.5060 -0.7802
vn -0.2610 0.7181 -0.6451
vn -0.4393 -0.3140 -0.8417
vn -0.4528 -0.5601 -0.6937
vn -0.6019 -0.2729 -0.7505
vn -0.5016 0.6962 -0.5135
vn 0.5326 0.7184 0.4475
vn 0.5926 0.6961 0.4053
vn 0.6610 0.6961 0.2803
vn 0.6642 0.7185 0.2063
vn 0.6102 0.7184 0.3339
vn 0.5327 0.7183 0.4475
vn 0.4862 0.7183 0.4977
vn 0.4352 0.7182 0.5429
vn 0.3803 0.7182 0.5827
vn 0.3221 0.7181 0.6169
vn 0.2610 0.7181 0.6451
vn 0.1977 0.7181 0.6673
vn 0.1328 0.7181 0.6832
vn 0.0667 0.7180 0.6928
vn -0.3221 0.7181 0.6169
vn -0.4352 0.7183 0.5429
vn -0.6815 0.7185 0.1387
vn -0.6920 0.7186 0.0698
vn -0.6920 0.7186 -0.0698
vn -0.6815 0.7185 -0.1388
vn -0.6642 0.7185 -0.2062
vn -0.6404 0.7185 -0.2715
vn -0.5327 0.7183 -0.4475
vn -0.4352 0.7182 -0.5429
vn -0.3221 0.7181 -0.6169
vn -0.1978 0.7181 -0.6673
vn -0.1328 0.7181 -0.6832
vn -0.0666 0.7180 -0.6928
vn -0.0340 0.7071 -0.7063
vn -0.0000 0.7181 -0.6959
vn 0.0340 0.7071 -0.7063
vn 0.0666 0.7180 -0.6928
vn 0.1328 0.7181 -0.6832
vn 0.1978 0.7181 -0.6673
vn 0.3221 0.7182 -0.6169
vn 0.3804 0.7182 -0.5827
vn 0.4352 0.7182 -0.5429
vn -0.7594 0.5007 -0.4155
vn -0.7599 0.4998 -0.4158
vn -0.7627 0.4941 -0.4173
vn 0.0144 0.4715 -0.8817
vn -0.9757 -0.2182 -0.0170
vn -0.9495 -0.1840 0.2540
vn -0.9621 -0.2425 0.1245
vn -0.9381 -0.0556 0.3420
vn -0.9484 0.1171 -0.2946
vn -0.9731 0.1172 -0.1982
vn -0.9133 -0.1264 -0.3872
vn -0.8528 0.2347 -0.4665
vn -0.7329 0.3614 0.5764
vn -0.5593 0.5826 0.5897
vn -0.6329 0.4641 0.6197
vn -0.5295 0.6895 0.4942
vn -0.8205 -0.1098 0.5611
vn -0.7975 -0.4169 0.4361
vn -0.6904 -0.6909 0.2146
vn -0.6662 -0.6902 0.2827
vn -0.7079 -0.6914 0.1443
vn -0.9030 -0.4199 0.0909
vn -0.9939 -0.1106 -0.0000
vn -0.9666 0.2372 -0.0974
vn -0.3183 0.9436 0.0908
vn -0.3578 0.9090 0.2137
vn -0.5275 0.8448 0.0899
vn -0.4773 0.8732 -0.0982
vn -0.4779 0.8784 0.0078
vn -0.5255 0.8310 -0.1825
vn -0.5210 0.6096 -0.5974
vn -0.5457 0.7078 -0.4486
vn -0.7542 -0.1389 -0.6417
vn -0.6907 -0.0800 -0.7187
vn -0.7611 -0.1096 0.6393
vn -0.6794 0.2349 0.6952
vn -0.6211 0.1159 0.7751
vn -0.5424 -0.1248 0.8308
vn -0.5317 0.2327 0.8143
vn 0.1671 0.5980 0.7839
vn 0.1226 0.7949 0.5943
vn 0.2466 0.7038 0.6663
vn 0.2261 0.6548 0.7212
vn 0.1544 0.4838 0.8615
vn -0.6337 0.5028 0.5879
vn -0.6336 0.5028 0.5880
vn -0.7956 -0.2660 -0.5443
vn -0.8085 -0.4289 -0.4030
vn -0.8528 -0.5162 0.0795
vn -0.8444 -0.4779 0.2420
vn -0.8248 -0.4077 0.3917
vn -0.7953 -0.3087 0.5217
vn -0.7584 -0.1849 0.6251
vn -0.7164 -0.0431 0.6964
vn -0.6729 0.1095 0.7315
vn -0.6306 0.2636 0.7299
vn -0.5925 0.4102 0.6933
vn -0.5599 0.5409 0.6276
vn -0.5335 0.6505 0.5405
vn -0.5135 0.7367 0.4401
vn -0.4985 0.8003 0.3331
vn -0.4882 0.8435 0.2239
vn -0.4814 0.8689 0.1155
vn -0.4791 0.8540 -0.2030
vn -0.4836 0.8198 -0.3068
vn -0.4920 0.7688 -0.4085
vn -0.5043 0.6994 -0.5064
vn -0.7339 -0.2180 -0.6433
vn -0.7743 -0.3365 -0.5360
vn -0.8707 -0.4275 0.2432
vn 0.0339 0.7071 0.7063
vn 0.0250 0.2462 0.9689
vn 0.0402 0.2591 0.9650
vn -0.0000 0.8526 0.5225
vn -0.0000 -0.3128 0.9498
vn 0.0245 0.2470 0.9687
vn -0.0398 -0.5575 0.8292
vn 0.2238 0.2696 0.9366
vn 0.5014 0.6857 0.5276
vn 0.3897 0.6861 0.6143
vn 0.3695 0.2899 0.8828
vn -0.0922 -0.2711 0.9581
vn 0.7287 0.6849 0.0039
vn 0.7127 0.6849 0.1516
vn 0.4602 0.3055 0.8336
vn -0.1076 0.4787 0.8714
vn 0.6914 0.3817 0.6134
vn 0.1977 0.7181 -0.6673
vn -0.2753 -0.1670 0.9468
vn -0.2276 -0.1662 0.9595
vn -0.0538 0.4390 0.8969
vn -0.0615 0.5125 0.8565
vn 0.2692 0.6964 -0.6653
vn -0.2529 -0.0523 0.9661
vn -0.2575 -0.0609 0.9643
vn -0.7844 0.6172 -0.0615
vn -0.4079 0.4812 0.7759
vn -0.4559 0.4636 0.7598
vn -0.5175 0.4871 0.7035
vn -0.6190 0.2856 0.7316
vn -0.6039 0.5028 0.6184
vn -0.4770 -0.1993 0.8560
vn -0.5861 -0.2119 0.7821
vn -0.5426 0.4974 0.6769
vn -0.5731 0.5019 0.6478
vn 0.3590 0.3629 0.8599
vn -0.3087 0.7874 0.5335
vn -0.1828 0.9070 0.3793
vn 0.3276 0.3461 0.8791
vn 0.3477 0.3440 0.8722
vn 0.6403 0.6770 -0.3629
vn -0.8648 0.4002 0.3033
vn -0.2325 0.6849 0.6905
vn -0.6084 0.2330 -0.7586
vn -0.6796 0.2334 -0.6954
vn -0.4757 0.4952 -0.7270
vn -0.6635 0.4991 -0.5574
vn -0.7153 0.4990 -0.4892
vn -0.7180 0.4933 -0.4911
vn -0.1939 0.8549 -0.4812
vn -0.2905 0.5010 -0.8153
vn -0.1977 0.7181 -0.6673
vn -0.3561 -0.3136 -0.8803
vn -0.3837 -0.5594 -0.7348
vn -0.5261 -0.2725 -0.8056
vn 0.5497 0.6962 0.4618
vn 0.6404 0.7185 0.2715
vn 0.3322 0.6964 0.6362
vn 0.2692 0.6964 0.6653
vn 0.2039 0.6964 0.6880
vn 0.1369 0.6964 0.7044
vn 0.0687 0.6965 0.7143
vn -0.0000 0.6965 0.7176
vn -0.1369 0.6964 0.7044
vn -0.3322 0.6964 -0.6362
vn -0.2692 0.6964 -0.6653
vn -0.2039 0.6964 -0.6880
vn -0.0687 0.6965 -0.7143
vn 0.0339 0.7071 -0.7063
vn 0.0687 0.6965 -0.7143
vn 0.1369 0.6964 -0.7044
vn 0.2039 0.6964 -0.6880
vn -0.7148 0.4999 -0.4889
vn -0.4465 0.8414 -0.3044
vn -0.4514 0.8574 -0.2471
vn 0.1665 0.5775 -0.7992
vn -0.9616 -0.2300 -0.1496
vn -0.9228 -0.1058 0.3704
vn -0.9603 -0.2785 -0.0135
vn -0.9005 0.0339 0.4335
vn -0.9279 0.2368 -0.2880
vn -0.9520 0.2371 -0.1938
vn -0.9143 0.1169 -0.3878
vn -0.8703 -0.1262 -0.4761
vn -0.8025 0.2343 -0.5487
vn -0.7960 0.2465 0.5528
vn -0.7049 0.3410 0.6220
vn -0.4866 0.6918 0.5336
vn -0.4655 0.7794 0.4194
vn -0.7507 -0.4159 0.5133
vn -0.6354 -0.6894 0.3479
vn -0.4412 -0.8869 0.1370
vn -0.4256 -0.8867 0.1805
vn -0.4524 -0.8870 0.0921
vn -0.7184 -0.6919 0.0726
vn -0.9074 -0.4204 -0.0001
vn -0.9889 -0.1106 -0.0997
vn -0.4075 0.8536 0.3246
vn -0.2597 0.9604 0.1013
vn -0.3020 0.9245 0.2327
vn -0.2905 0.9560 -0.0397
vn -0.5329 0.8260 0.1838
vn -0.5294 0.8036 -0.2720
vn -0.5360 0.7632 -0.3608
vn -0.6968 -0.4149 0.5851
vn -0.6947 -0.1094 0.7109
vn -0.6082 0.2344 0.7584
vn -0.5428 0.1157 0.8319
vn -0.5768 0.4930 0.6514
vn -0.2009 0.9600 0.1952
vn -0.0984 0.9530 0.2866
vn -0.5107 0.4921 0.7050
vn -0.4593 -0.1247 0.8795
vn -0.4503 0.2323 0.8621
vn 0.0671 0.8689 0.4904
vn 0.2116 0.7978 0.5646
vn 0.1187 0.3654 0.9233
vn -0.8494 -0.3506 0.3945
vn 0.0245 0.8594 0.5107
vn 0.0240 0.2748 0.9612
vn -0.0305 0.2463 0.9687
vn 0.0455 -0.3097 0.9497
vn 0.0667 0.7181 0.6928
vn -0.0000 -0.5574 0.8302
vn 0.1326 0.6864 0.7151
vn -0.0039 0.6865 0.7271
vn 0.2653 0.6862 0.6773
vn -0.0461 -0.2729 0.9609
vn 0.5956 0.6854 0.4190
vn 0.6674 0.6851 0.2920
vn -0.0894 0.4767 0.8745
vn -0.1896 -0.1605 0.9687
vn -0.5736 0.5019 0.6474
vn -0.4779 0.4919 0.7277
vn 0.7079 0.6814 -0.1860
vn -0.6207 -0.1251 -0.7740
vn -0.6933 -0.1254 -0.7096
vn -0.5317 0.2327 -0.8143
vn -0.7446 0.2339 -0.6252
vn -0.3687 0.5094 -0.7775
vn -0.4647 0.8452 -0.2639
vn -0.6099 0.5975 0.5207
vn -0.8048 0.4413 0.3969
vn -0.2697 -0.3133 -0.9105
vn -0.3111 -0.5587 -0.7688
vn -0.4455 -0.2721 -0.8529
vn 0.4352 0.7183 0.5428
vn 0.5327 0.7184 0.4475
vn 0.3221 0.7182 0.6169
vn 0.2611 0.7181 0.6451
vn 0.1978 0.7181 0.6673
vn -0.1978 0.7181 0.6673
vn -0.6403 0.7185 0.2715
vn -0.6642 0.7185 0.2063
vn -0.0667 0.7181 -0.6928
vn -0.0000 0.7181 -0.6960
vn 0.0667 0.7181 -0.6928
vn -0.4291 0.8640 -0.2633
vn -0.4291 0.8641 -0.2633
vn -0.9346 -0.2189 -0.2805
vn -0.9442 -0.2907 -0.1547
vn -0.8834 -0.0099 0.4685
vn -0.8525 0.1359 0.5048
vn -0.9492 -0.1104 -0.2947
vn -0.9739 -0.1105 -0.1983
vn -0.8946 0.2365 -0.3792
vn -0.8712 0.1167 -0.4769
vn -0.8189 -0.1259 -0.5600
vn -0.7722 0.2177 0.5969
vn -0.4180 0.7874 0.4531
vn -0.5985 -0.6885 0.4096
vn -0.4060 -0.8865 0.2222
vn -0.2339 -0.9695 0.0726
vn -0.2258 -0.9695 0.0958
vn -0.2397 -0.9696 0.0488
vn -0.4593 -0.8871 0.0463
vn -0.7218 -0.6921 0.0002
vn -0.9026 -0.4207 -0.0911
vn -0.3556 0.8661 0.3514
vn -0.2298 0.9725 -0.0377
vn -0.2138 0.9603 -0.1789
vn -0.2122 0.9244 -0.3170
vn -0.2247 0.8661 -0.4466
vn -0.2512 0.7875 -0.5628
vn -0.2907 0.6918 -0.6610
vn -0.3417 0.5826 -0.7375
vn -0.4020 0.4642 -0.7893
vn -0.4693 0.3409 -0.8146
vn -0.5413 0.2177 -0.8122
vn -0.6148 0.0991 -0.7824
vn -0.6877 -0.0098 -0.7259
vn -0.7564 -0.1058 -0.6455
vn -0.8186 -0.1843 -0.5440
vn -0.8720 -0.2425 -0.4253
vn -0.9143 -0.2787 -0.2938
vn -0.8326 0.0993 0.5449
vn -0.2756 0.9457 -0.1724
vn -0.4232 0.5544 -0.7166
vn -0.5411 0.7932 0.2794
vn -0.5559 -0.6876 0.4672
vn -0.6363 -0.4139 0.6510
vn -0.6219 -0.1091 0.7755
vn -0.5315 0.2340 0.8141
vn -0.4596 0.1155 0.8806
vn -0.3109 0.9434 0.1159
vn -0.0077 0.9223 0.3864
vn -0.1217 0.9800 0.1571
vn -0.0151 0.9679 0.2509
vn -0.1489 0.9599 0.2375
vn -0.0464 0.9440 0.3268
vn -0.4161 -0.1247 0.9007
vn -0.4078 0.2338 0.8826
vn 0.1550 0.8750 0.4587
vn 0.2576 0.5968 0.7599
vn 0.2453 0.4806 0.8419
vn 0.0621 0.2478 0.9668
vn 0.2095 0.3601 0.9091
vn -0.7050 0.0690 -0.7059
vn -0.8179 -0.2429 0.5216
vn -0.0275 0.2463 0.9688
vn 0.0398 -0.5575 0.8292
vn 0.0909 -0.3129 0.9454
vn -0.1394 0.2689 0.9530
vn 0.0493 0.8531 0.5193
vn -0.0537 0.2719 0.9608
vn -0.0000 -0.2710 0.9626
vn 0.7028 0.3827 0.5997
vn 0.7143 0.6849 -0.1439
vn 0.1369 0.6965 -0.7044
vn -0.0893 0.4768 0.8745
vn -0.1581 -0.1910 0.9688
vn -0.1673 -0.7572 0.6314
vn -0.2500 -0.0620 0.9663
vn -0.2529 -0.0561 0.9659
vn -0.0000 0.5270 0.8499
vn -0.0000 0.5044 0.8635
vn -0.0657 0.4771 0.8764
vn -0.0892 0.4768 0.8745
vn -0.1250 0.2887 0.9492
vn 0.0988 0.4922 0.8649
vn -0.2208 -0.3894 0.8942
vn -0.2208 -0.3896 0.8941
vn -0.5737 0.5019 0.6473
vn -0.6867 -0.2007 0.6987
vn -0.4846 -0.2450 0.8397
vn -0.6006 -0.2567 0.7573
vn -0.3655 -0.1667 0.9158
vn 0.5230 0.1403 0.8407
vn 0.4997 0.2723 0.8223
vn -0.0666 0.7683 0.6366
vn 0.5243 0.1073 0.8447
vn -0.0804 0.9160 0.3931
vn 0.2491 -0.0298 0.9680
vn -0.2208 -0.3895 0.8942
vn -0.1302 0.6982 0.7040
vn -0.6211 0.1159 -0.7751
vn -0.6939 0.1161 -0.7106
vn -0.5424 -0.1249 -0.8308
vn -0.7596 -0.1257 -0.6381
vn -0.4503 0.2322 -0.8621
vn -0.4021 0.4938 -0.7710
vn -0.2909 0.5072 -0.8113
vn -0.7622 0.4843 0.4295
vn 0.1854 0.6814 0.7081
vn -0.4012 0.8638 -0.3049
vn -0.2104 0.4959 -0.8425
vn -0.1472 0.8539 -0.4993
vn -0.1811 -0.3131 -0.9323
vn -0.2358 -0.5581 -0.7956
vn -0.3611 -0.2717 -0.8921
vn 0.5497 0.6962 0.4617
vn 0.2692 0.6964 0.6652
vn 0.1369 0.6965 0.7044
vn -0.2692 0.6964 0.6652
vn -0.5496 0.6962 0.4617
vn -0.6610 0.6961 0.2803
vn -0.6610 0.6961 -0.2803
vn -0.1369 0.6965 -0.7044
vn -0.4249 0.8572 -0.2909
vn -0.8955 -0.1855 -0.4047
vn -0.8663 -0.4208 -0.2691
vn -0.8889 -0.4208 -0.1811
vn -0.9151 -0.1102 -0.3879
vn -0.8525 0.2362 -0.4663
vn -0.8197 0.1166 -0.5609
vn -0.3824 -0.8862 0.2616
vn -0.2155 -0.9694 0.1179
vn -0.1600 -0.9859 0.0497
vn -0.1545 -0.9858 0.0655
vn -0.1640 -0.9859 0.0334
vn -0.2433 -0.9697 0.0245
vn -0.4617 -0.8871 -0.0000
vn -0.7180 -0.6923 -0.0722
vn -0.2741 0.9129 -0.3025
vn -0.3968 0.5928 -0.7008
vn -0.5534 0.7435 0.3754
vn -0.3552 -0.8858 0.2985
vn -0.5079 -0.6867 0.5201
vn -0.5698 -0.4129 0.7105
vn -0.5434 -0.1089 0.8324
vn -0.4502 0.2336 0.8619
vn -0.4167 0.1142 0.9019
vn -0.4240 0.9042 0.0514
vn 0.0782 0.9324 0.3530
vn -0.2375 0.9685 0.0745
vn -0.5767 0.4930 0.6515
vn 0.0424 0.9053 0.4226
vn -0.2613 0.9522 0.1584
vn -0.3687 0.4767 0.7980
vn -0.3722 -0.1244 0.9198
vn -0.3650 0.2319 0.9017
vn -0.0127 0.1358 0.9907
vn 0.1519 0.2394 0.9590
vn -0.7234 0.0335 -0.6896
vn -0.7791 -0.1110 0.6170
vn -0.1402 0.6865 0.7135
vn 0.0461 -0.2729 0.9609
vn 0.0795 -0.5575 0.8264
vn 0.1811 -0.3130 0.9323
vn -0.2010 0.2586 0.9448
vn -0.2725 0.6862 0.6745
vn 0.7547 0.4219 0.5024
vn 0.6747 0.6982 -0.2393
vn -0.7287 0.6848 -0.0039
vn -0.7127 0.6849 -0.1515
vn -0.0408 0.4771 0.8779
vn -0.0388 0.8556 0.5162
vn 0.0999 0.7607 0.6414
vn -0.2212 -0.3844 0.8963
vn -0.2211 -0.3844 0.8963
vn -0.5314 -0.2014 0.8228
vn -0.6358 -0.2106 0.7425
vn -0.7310 -0.1978 0.6530
vn -0.7072 -0.2443 0.6634
vn -0.3640 -0.2102 0.9074
vn -0.2971 -0.1725 0.9391
vn 0.5093 0.0720 0.8576
vn 0.5626 0.1632 0.8105
vn 0.5372 0.1193 0.8350
vn 0.6122 0.5840 0.5330
vn 0.5252 0.0863 0.8466
vn -0.0722 0.9216 0.3813
vn -0.1417 0.9091 0.3918
vn -0.2327 0.8017 0.5506
vn -0.3879 0.4629 0.7970
vn -0.0714 0.9199 0.3857
vn -0.0677 0.9229 0.3790
vn 0.6374 0.4938 0.5915
vn 0.6374 0.4938 0.5914
vn 0.7446 0.2339 0.6253
vn -0.4447 0.4785 0.7572
vn -0.7357 -0.2178 0.6413
vn 0.4999 0.0324 0.8655
vn 0.1419 -0.3876 0.9108
vn -0.2212 -0.3843 0.8963
vn -0.0020 0.6770 0.7360
vn -0.6082 0.2344 -0.7584
vn -0.6793 0.2349 -0.6952
vn -0.5428 0.1157 -0.8319
vn -0.7603 0.1163 -0.6390
vn -0.4593 -0.1247 -0.8795
vn -0.3650 0.2319 -0.9017
vn -0.3256 0.4944 -0.8059
vn -0.2106 0.5051 -0.8370
vn -0.1284 0.4907 -0.8618
vn -0.0989 0.8529 -0.5127
vn -0.0496 0.8519 -0.5213
vn 0.1862 0.2639 -0.9464
vn 0.1863 0.2700 -0.9447
vn -0.0000 0.7180 -0.6960
vn -0.0909 -0.3129 -0.9454
vn -0.1583 -0.5578 -0.8148
vn -0.2736 -0.2714 -0.9228
vn 0.3221 0.7182 0.6168
vn 0.4352 0.7183 0.5429
vn 0.3804 0.7182 0.5827
vn -0.0000 0.7181 0.6960
vn -0.6815 0.7186 -0.1387
vn -0.5326 0.7184 -0.4475
vn -0.3803 0.7182 -0.5827
vn -0.2611 0.7181 -0.6451
vn -0.1327 0.7181 -0.6832
vn -0.0666 0.7181 -0.6928
vn 0.0666 0.7181 -0.6928
vn -0.8460 -0.1306 -0.5169
vn -0.6894 -0.6921 -0.2139
vn -0.7072 -0.6922 -0.1438
vn -0.8352 -0.4207 -0.3542
vn -0.8720 -0.1100 -0.4770
vn -0.8022 0.2358 -0.5485
vn -0.2031 -0.9692 0.1390
vn -0.1475 -0.9858 0.0807
vn -0.1088 -0.9935 0.0338
vn -0.1050 -0.9935 0.0446
vn -0.1115 -0.9935 0.0227
vn -0.1665 -0.9859 0.0168
vn -0.2444 -0.9697 -0.0000
vn -0.4595 -0.8869 -0.0464
vn -0.2861 0.8588 -0.4249
vn -0.3487 0.6957 -0.6280
vn -0.4788 0.5036 -0.7191
vn -0.5698 0.6746 0.4693
vn -0.3247 -0.8855 0.3324
vn -0.1888 -0.9691 0.1587
vn -0.4552 -0.6857 0.5679
vn -0.4982 -0.4120 0.7629
vn -0.4602 -0.1087 0.8811
vn -0.4077 0.2345 0.8825
vn -0.3725 0.1154 0.9209
vn -0.3582 0.9336 0.0066
vn -0.5353 0.8446 0.0042
vn 0.1142 0.8459 0.5210
vn -0.0150 0.9679 0.2507
vn 0.0785 0.9324 0.3528
vn -0.3787 0.9208 0.0930
vn -0.1214 0.9801 0.1569
vn -0.2377 0.9685 0.0743
vn -0.4401 0.4913 0.7516
vn -0.4401 0.4912 0.7517
vn -0.4758 0.4922 0.7289
vn -0.5106 0.4921 0.7050
vn -0.3291 0.4775 0.8146
vn -0.2820 -0.1243 0.9513
vn -0.2765 0.2317 0.9327
vn -0.1027 0.0340 0.9941
vn -0.7879 -0.0568 -0.6132
vn -0.6897 0.1400 -0.7104
vn -0.7366 0.0365 0.6754
vn 0.0922 -0.2711 0.9581
vn 0.1583 -0.5577 0.8148
vn 0.2697 -0.3133 0.9105
vn -0.2054 0.2698 0.9408
vn -0.3745 0.2906 0.8805
vn 0.0997 0.8535 0.5115
vn -0.2811 0.2796 0.9180
vn -0.2753 0.2696 0.9228
vn -0.0000 1.0000 -0.0001
vn -0.6000 0.6854 0.4126
vn -0.6704 0.6851 0.2849
vn -0.7143 0.6849 0.1440
vn -0.6721 0.6982 -0.2464
vn -0.0410 0.4770 0.8780
vn -0.0232 0.8592 0.5111
vn -0.0607 -0.7168 0.6946
vn -0.2212 -0.3845 0.8962
vn -0.1596 0.6869 0.7090
vn -0.4219 -0.1708 0.8904
vn -0.4847 -0.2450 0.8397
vn -0.6006 -0.2568 0.7572
vn -0.8007 -0.2090 0.5614
vn -0.7750 -0.1750 0.6072
vn -0.2557 -0.1199 0.9593
vn -0.2431 -0.1533 0.9578
vn 0.5086 0.0428 0.8599
vn -0.1604 0.6863 0.7094
vn 0.4977 0.0365 0.8666
vn -0.6219 -0.1091 -0.7755
vn -0.6947 -0.1094 -0.7109
vn -0.5315 0.2340 -0.8141
vn -0.7443 0.2353 -0.6251
vn -0.4596 0.1155 -0.8806
vn -0.3722 -0.1244 -0.9198
vn -0.2765 0.2317 -0.9327
vn -0.2463 0.4953 -0.8331
vn -0.1285 0.5031 -0.8546
vn 0.5656 0.3228 -0.7589
vn 0.6415 0.3504 -0.6824
vn 0.2403 0.2496 -0.9381
vn -0.0000 0.8515 -0.5244
vn 0.0535 0.2696 -0.9615
vn 0.1391 0.2665 -0.9537
vn -0.0000 -0.3129 -0.9498
vn -0.0795 -0.5575 -0.8264
vn -0.1837 -0.2712 -0.9448
vn -0.5497 0.6962 -0.4617
vn -0.4419 -0.8865 -0.1373
vn -0.4529 -0.8868 -0.0923
vn -0.6649 -0.6917 -0.2817
vn -0.7959 -0.4205 -0.4355
vn -0.8205 -0.1098 -0.5610
vn -0.1390 -0.9857 0.0951
vn -0.1003 -0.9934 0.0549
vn -0.0713 -0.9972 0.0222
vn -0.0689 -0.9972 0.0292
vn -0.0731 -0.9972 0.0149
vn -0.1132 -0.9935 0.0114
vn -0.1673 -0.9859 -0.0000
vn -0.2433 -0.9697 -0.0245
vn -0.3113 0.7855 -0.5349
vn -0.5466 0.3814 -0.7455
vn -0.5919 0.5837 0.5558
vn -0.2910 -0.8851 0.3631
vn -0.1727 -0.9690 0.1768
vn -0.1292 -0.9856 0.1086
vn -0.3982 -0.6849 0.6102
vn -0.4220 -0.4112 0.8080
vn -0.4169 -0.1090 0.9024
vn -0.3648 0.2332 0.9014
vn -0.2821 0.1152 0.9524
vn -0.4790 0.8767 -0.0433
vn -0.6408 0.7673 -0.0242
vn -0.5442 0.4930 0.6788
vn 0.1663 0.7685 0.6179
vn 0.1547 0.8751 0.4586
vn -0.3582 0.9336 0.0068
vn -0.4964 0.8670 0.0439
vn -0.5108 0.4921 0.7049
vn -0.8024 0.5967 0.0134
vn -0.8745 0.4831 0.0433
vn -0.3205 0.4629 0.8265
vn -0.2450 0.4839 0.8401
vn -0.1893 -0.1241 0.9740
vn -0.1855 0.2316 0.9550
vn -0.2036 -0.0539 0.9776
vn 0.0743 0.1236 0.9895
vn -0.0198 0.0169 0.9997
vn -0.6180 0.2584 -0.7425
vn -0.6940 0.1892 0.6947
vn 0.1837 -0.2712 0.9448
vn 0.2358 -0.5581 0.7956
vn 0.3561 -0.3136 0.8803
vn -0.3962 0.6860 0.6102
vn -0.4649 0.3065 0.8306
vn -0.5070 0.6857 0.5222
vn 0.1459 0.8545 0.4985
vn 0.2148 0.4838 0.8484
vn 0.2963 0.4872 0.8215
vn 0.1944 0.8555 0.4799
vn 0.1500 0.4813 0.8636
vn -0.5501 0.3283 0.7679
vn -0.6271 0.3576 0.6920
vn -0.7058 0.3849 0.5947
vn -0.6947 0.3838 0.6083
vn -0.7569 0.4247 0.4967
vn 0.0519 0.8593 0.5088
vn -0.0989 0.7626 0.6392
vn 0.0244 -0.9884 -0.1499
vn -0.0237 0.8595 0.5106
vn 0.0237 0.8596 0.5105
vn 0.0230 0.8594 0.5108
vn -0.7498 -0.0321 0.6609
vn -0.0005 0.4771 0.8788
vn 0.0538 0.4389 0.8969
vn 0.0615 0.5125 0.8565
vn 0.0396 0.4770 0.8780
vn 0.0411 0.4769 0.8780
vn 0.4146 -0.7060 0.5742
vn 0.0987 0.4922 0.8649
vn 0.1250 0.2887 0.9492
vn 0.0607 -0.7168 0.6946
vn -0.6975 0.3781 0.6087
vn -0.8138 -0.1644 0.5574
vn -0.3641 -0.2100 0.9074
vn -0.3115 -0.1246 0.9420
vn -0.7072 -0.2445 0.6634
vn -0.8774 -0.1513 0.4553
vn -0.8504 -0.1230 0.5115
vn -0.1500 -0.0499 0.9874
vn -0.1270 -0.0768 0.9889
vn -0.1471 0.8582 0.4917
vn -0.1420 0.8200 0.5544
vn -0.0774 0.8961 0.4371
vn -0.0709 0.9188 0.3884
vn -0.0683 0.9244 0.3752
vn -0.5680 -0.4188 -0.7085
vn -0.6344 -0.4193 -0.6494
vn -0.5434 -0.1089 -0.8324
vn -0.7611 -0.1096 -0.6393
vn -0.4502 0.2336 -0.8619
vn -0.3725 0.1154 -0.9209
vn -0.2820 -0.1243 -0.9513
vn -0.1856 0.2315 -0.9550
vn -0.1651 0.4964 -0.8523
vn -0.0454 0.5014 -0.8640
vn -0.0451 0.4856 -0.8730
vn 0.5655 0.3129 -0.7631
vn 0.7059 0.3873 -0.5930
vn 0.7143 0.6849 -0.1440
vn 0.7287 0.6848 0.0039
vn 0.2806 0.2766 -0.9191
vn 0.1403 0.6864 -0.7136
vn 0.2725 0.6863 -0.6744
vn -0.0245 0.2730 -0.9617
vn 0.0496 0.8519 -0.5213
vn -0.1341 0.2666 -0.9544
vn -0.0489 0.2698 -0.9617
vn 0.0909 -0.3129 -0.9454
vn -0.0000 -0.5574 -0.8302
vn -0.0922 -0.2711 -0.9581
vn -0.4862 0.7183 0.4976
vn -0.6815 0.7186 0.1387
vn -0.2339 -0.9695 -0.0726
vn -0.2397 -0.9696 -0.0488
vn -0.4266 -0.8862 -0.1810
vn -0.6340 -0.6913 -0.3467
vn -0.7490 -0.4201 -0.5123
vn -0.0945 -0.9934 0.0647
vn -0.0657 -0.9972 0.0360
vn -0.0481 -0.9987 0.0149
vn -0.0465 -0.9987 0.0197
vn -0.0493 -0.9987 0.0101
vn -0.0742 -0.9972 0.0075
vn -0.1137 -0.9935 -0.0000
vn -0.1665 -0.9859 -0.0168
vn -0.6200 0.4704 0.6280
vn -0.6545 0.3368 0.6769
vn -0.2547 -0.8848 0.3902
vn -0.1549 -0.9689 0.1932
vn -0.1182 -0.9856 0.1210
vn -0.0879 -0.9934 0.0738
vn -0.3375 -0.6841 0.6466
vn -0.3821 -0.4124 0.8270
vn -0.3730 -0.1085 0.9215
vn -0.2764 0.2329 0.9324
vn -0.1894 0.1151 0.9751
vn -0.5952 0.8001 -0.0745
vn -0.7365 0.6756 -0.0331
vn 0.1972 0.6764 0.7097
vn 0.2115 0.7979 0.5645
vn -0.4788 0.8768 -0.0438
vn -0.6093 0.7928 0.0138
vn -0.7129 0.7013 0.0033
vn -0.2623 0.4670 0.8445
vn -0.2578 0.4775 0.8400
vn -0.1578 0.4948 0.8545
vn -0.0950 -0.1241 0.9877
vn -0.0932 0.2317 0.9683
vn -0.1270 -0.0767 0.9889
vn 0.2736 -0.2714 0.9228
vn 0.3111 -0.5587 0.7688
vn 0.4393 -0.3140 0.8417
vn 0.1286 0.4893 0.8626
vn 0.2104 0.4951 0.8430
vn 0.1255 0.4806 0.8679
vn 0.2377 0.8564 0.4584
vn 0.3737 0.4907 0.7871
vn 0.0893 0.4768 0.8745
vn 0.0894 0.4769 0.8744
vn 0.0890 0.4768 0.8745
vn 0.0892 0.4768 0.8745
vn 0.0388 0.8556 0.5162
vn 0.0237 0.8592 0.5111
vn 0.0409 0.4771 0.8779
vn -0.8512 -0.1702 0.4965
vn -0.8007 -0.2090 0.5615
vn -0.2432 -0.1534 0.9578
vn -0.0523 0.0351 0.9980
vn -0.9085 -0.0517 0.4147
vn -0.4535 -0.6889 -0.5655
vn -0.5062 -0.6896 -0.5180
vn -0.4965 -0.4183 -0.7606
vn -0.6950 -0.4197 -0.5838
vn -0.4602 -0.1087 -0.8811
vn -0.3648 0.2332 -0.9014
vn -0.2821 0.1152 -0.9524
vn -0.1893 -0.1242 -0.9740
vn -0.0932 0.2314 -0.9684
vn -0.0825 0.4977 -0.8634
vn -0.0000 0.5010 -0.8655
vn -0.0000 0.4830 -0.8756
vn 0.0986 0.7643 -0.6373
vn -0.0611 0.8627 -0.5021
vn 0.6704 0.6851 -0.2849
vn 0.4645 0.3033 -0.8320
vn 0.7567 0.4272 -0.4949
vn 0.7127 0.6849 0.1515
vn 0.3740 0.2875 -0.8817
vn 0.3962 0.6860 -0.6102
vn 0.5070 0.6857 -0.5222
vn 0.0039 0.6865 -0.7271
vn -0.0406 0.2571 -0.9655
vn -0.2737 0.2696 -0.9232
vn 0.0989 0.8529 -0.5127
vn -0.2755 0.2762 -0.9208
vn 0.1811 -0.3130 -0.9323
vn 0.0795 -0.5575 -0.8264
vn -0.0000 -0.2710 -0.9626
vn -0.1600 -0.9859 -0.0497
vn -0.1640 -0.9859 -0.0334
vn -0.2258 -0.9695 -0.0958
vn -0.4071 -0.8858 -0.2229
vn -0.5969 -0.6908 -0.4081
vn -0.0620 -0.9972 0.0424
vn -0.0444 -0.9987 0.0243
vn -0.0258 -0.9996 0.0080
vn -0.0249 -0.9996 0.0105
vn -0.0264 -0.9996 0.0054
vn -0.0501 -0.9987 0.0050
vn -0.0746 -0.9972 -0.0000
vn -0.1132 -0.9935 -0.0114
vn -0.2159 -0.8845 0.4136
vn -0.1356 -0.9687 0.2078
vn -0.1060 -0.9855 0.1323
vn -0.0804 -0.9934 0.0823
vn -0.0576 -0.9972 0.0484
vn -0.3053 -0.6858 0.6607
vn -0.3421 -0.4105 0.8453
vn -0.2825 -0.1084 0.9531
vn -0.1856 0.2327 0.9547
vn -0.0951 0.1151 0.9888
vn -0.7025 0.7065 -0.0855
vn -0.8192 0.5730 -0.0233
vn -0.5952 0.8001 -0.0748
vn -0.9263 0.3654 0.0915
vn -0.7966 0.5998 -0.0754
vn -0.7025 0.7066 -0.0852
vn -0.2154 0.4798 0.8505
vn -0.0476 -0.1242 0.9911
vn -0.0467 0.2332 0.9713
vn 0.3611 -0.2717 0.8921
vn 0.3837 -0.5593 0.7348
vn 0.5187 -0.3145 0.7950
vn 0.4122 0.4912 0.7673
vn 0.4702 0.4941 0.7313
vn 0.2823 0.8569 0.4313
vn 0.1072 0.4789 0.8713
vn 0.0655 0.4771 0.8764
vn -0.8688 0.4313 0.2432
vn -0.0606 -0.7168 0.6946
vn 0.0003 0.8526 0.5226
vn 0.1271 0.5049 0.8538
vn 0.0150 0.5722 0.8200
vn 0.4147 -0.7060 0.5741
vn -0.8142 0.4007 0.4201
vn -0.8466 0.4493 0.2853
vn 0.1581 -0.1910 0.9688
vn 0.1673 -0.7572 0.6315
vn 0.0607 -0.7169 0.6946
vn -0.0150 0.5722 0.8200
vn 0.8142 0.4007 0.4201
vn -0.8149 0.5113 0.2729
vn -0.7518 -0.3032 0.5855
vn -0.8078 0.5175 0.2824
vn -0.8774 -0.1518 0.4552
vn -0.8798 -0.1169 0.4607
vn -0.9339 -0.0743 0.3498
vn -0.9686 0.0195 0.2479
vn -0.9465 0.0361 0.3208
vn -0.0199 0.0170 0.9997
vn 0.0336 0.1324 0.9906
vn -0.1416 0.8288 0.5414
vn -0.0851 0.8907 0.4465
vn -0.0774 0.9209 0.3821
vn -0.0762 0.9230 0.3771
vn -0.2923 -0.8840 -0.3648
vn -0.3260 -0.8845 -0.3339
vn -0.3966 -0.6883 -0.6074
vn -0.5541 -0.6902 -0.4653
vn -0.4205 -0.4179 -0.8053
vn -0.3730 -0.1085 -0.9215
vn -0.2764 0.2329 -0.9324
vn -0.1894 0.1151 -0.9751
vn -0.0950 -0.1241 -0.9877
vn -0.0000 0.2314 -0.9729
vn -0.0000 0.4985 -0.8669
vn 0.0451 0.4856 -0.8730
vn 0.0454 0.5014 -0.8640
vn -0.0128 0.8619 -0.5069
vn -0.0395 0.8494 -0.5263
vn -0.0026 0.8593 -0.5115
vn -0.0734 0.8590 -0.5067
vn 0.6721 0.6982 0.2464
vn 0.6000 0.6854 -0.4127
vn -0.1327 0.6866 -0.7149
vn -0.2653 0.6863 -0.6773
vn -0.2349 0.2492 -0.9395
vn -0.2440 0.2686 -0.9318
vn -0.3897 0.6860 -0.6144
vn -0.5014 0.6857 -0.5276
vn -0.3691 0.2868 -0.8840
vn 0.1472 0.8539 -0.4993
vn 0.2104 0.4959 -0.8425
vn 0.1284 0.4907 -0.8618
vn 0.2697 -0.3133 -0.9105
vn 0.1583 -0.5577 -0.8148
vn 0.0922 -0.2711 -0.9581
vn 0.1837 -0.2712 -0.9448
vn 0.2735 -0.2714 -0.9228
vn 0.3611 -0.2717 -0.8921
vn 0.4455 -0.2721 -0.8529
vn 0.5260 -0.2725 -0.8056
vn 0.6019 -0.2730 -0.7505
vn 0.6723 -0.2735 -0.6879
vn 0.7365 -0.2739 -0.6185
vn 0.7938 -0.2744 -0.5428
vn 0.8436 -0.2748 -0.4614
vn 0.8852 -0.2752 -0.3752
vn 0.9181 -0.2755 -0.2850
vn 0.9419 -0.2757 -0.1917
vn 0.9564 -0.2758 -0.0964
vn 0.9612 -0.2759 -0.0000
vn 0.9564 -0.2758 0.0964
vn 0.9419 -0.2757 0.1917
vn 0.9181 -0.2754 0.2850
vn 0.8852 -0.2752 0.3752
vn 0.8436 -0.2748 0.4614
vn 0.7938 -0.2744 0.5427
vn 0.7365 -0.2739 0.6185
vn 0.6723 -0.2734 0.6879
vn 0.6019 -0.2729 0.7505
vn 0.5261 -0.2725 0.8056
vn 0.4455 -0.2721 0.8529
vn -0.1088 -0.9935 -0.0338
vn -0.1115 -0.9935 -0.0227
vn -0.1545 -0.9858 -0.0655
vn -0.2155 -0.9694 -0.1179
vn -0.3836 -0.8854 -0.2626
vn -0.0418 -0.9987 0.0286
vn -0.0238 -0.9996 0.0130
vn -0.0000 -1.0000 -0.0000
vn -0.0268 -0.9996 0.0027
vn -0.0503 -0.9987 -0.0000
vn -0.0742 -0.9972 -0.0075
vn -0.1942 -0.8863 0.4204
vn -0.1150 -0.9686 0.2204
vn -0.0929 -0.9855 0.1423
vn -0.0721 -0.9933 0.0900
vn -0.0527 -0.9972 0.0540
vn -0.0389 -0.9987 0.0327
vn -0.2738 -0.6834 0.6768
vn -0.2592 -0.4099 0.8745
vn -0.1897 -0.1083 0.9759
vn -0.0932 0.2326 0.9681
vn -0.0476 0.1138 0.9924
vn -0.7967 0.5996 -0.0757
vn -0.8859 0.4639 0.0057
vn 0.2061 0.5732 0.7931
vn 0.2458 0.7041 0.6663
vn -0.8739 0.4839 -0.0450
vn -0.9317 0.3633 0.0051
vn -0.9560 0.2487 0.1556
vn -0.0866 0.8864 0.4548
vn -0.1757 0.4901 0.8538
vn -0.0847 0.5023 0.8605
vn -0.0438 0.5022 0.8636
vn -0.4303 -0.1119 0.8957
vn -0.3967 0.2125 0.8930
vn -0.8739 0.4840 -0.0449
vn -0.9674 0.2425 0.0723
vn -0.9799 0.1264 0.1543
vn -0.9684 0.0200 0.2484
vn -0.9339 -0.0745 0.3497
vn 0.4528 -0.5601 0.6937
vn 0.5935 -0.3150 0.7406
vn 0.2902 0.5003 0.8158
vn 0.3677 0.5054 0.7807
vn 0.2072 0.5117 0.8338
vn 0.4132 0.4938 0.7651
vn 0.5533 0.4912 0.6727
vn 0.3227 0.8565 0.4028
vn -0.0000 0.5706 0.8212
vn 0.0471 0.5806 0.8129
vn -0.7569 0.4426 0.4809
vn -0.7938 0.4968 0.3508
vn 0.1896 -0.1605 0.9687
vn 0.7498 -0.0321 0.6609
vn 0.2529 -0.0561 0.9659
vn 0.8466 0.4493 0.2853
vn 0.8688 0.4313 0.2432
vn -0.8133 0.5126 0.2752
vn -0.8078 0.5175 0.2823
vn -0.9302 -0.0466 0.3641
vn -0.9799 0.1265 0.1544
vn -0.9627 0.1374 0.2332
vn 0.1048 0.2387 0.9654
vn -0.0796 0.9205 0.3825
vn -0.0781 0.9236 0.3752
vn -0.0834 0.8867 0.4548
vn -0.3565 -0.8849 -0.2997
vn -0.1549 -0.9689 -0.1932
vn -0.1727 -0.9690 -0.1768
vn -0.2559 -0.8836 -0.3922
vn -0.3361 -0.6877 -0.6435
vn -0.3409 -0.4174 -0.8423
vn -0.2825 -0.1084 -0.9531
vn -0.1856 0.2327 -0.9547
vn -0.0951 0.1151 -0.9888
vn -0.0000 -0.1240 -0.9923
vn 0.0825 0.4977 -0.8634
vn 0.0932 0.2314 -0.9684
vn 0.1285 0.5031 -0.8546
vn -0.0000 0.8515 -0.5243
vn -0.6674 0.6851 -0.2920
vn -0.7127 0.6849 -0.1516
vn -0.4598 0.3023 -0.8350
vn -0.5956 0.6854 -0.4190
vn 0.1939 0.8549 -0.4812
vn 0.2905 0.5010 -0.8153
vn 0.3561 -0.3136 -0.8803
vn 0.2358 -0.5581 -0.7956
vn 0.3111 -0.5587 -0.7688
vn 0.3837 -0.5593 -0.7348
vn 0.4528 -0.5601 -0.6937
vn 0.5178 -0.5610 -0.6459
vn 0.5781 -0.5618 -0.5917
vn 0.6329 -0.5627 -0.5317
vn 0.6819 -0.5635 -0.4664
vn 0.7242 -0.5643 -0.3963
vn 0.7596 -0.5650 -0.3221
vn 0.7876 -0.5656 -0.2446
vn 0.8078 -0.5660 -0.1645
vn 0.8201 -0.5663 -0.0827
vn 0.8242 -0.5664 -0.0000
vn 0.8201 -0.5663 0.0827
vn 0.8078 -0.5660 0.1645
vn 0.7876 -0.5656 0.2446
vn 0.7596 -0.5650 0.3221
vn 0.7242 -0.5643 0.3963
vn 0.6818 -0.5636 0.4664
vn 0.6329 -0.5627 0.5317
vn 0.5781 -0.5618 0.5918
vn 0.5178 -0.5610 0.6459
vn -0.0713 -0.9972 -0.0221
vn -0.0731 -0.9972 -0.0149
vn -0.1050 -0.9935 -0.0446
vn -0.1475 -0.9858 -0.0807
vn -0.2031 -0.9692 -0.1390
vn -0.0224 -0.9996 0.0153
vn -0.0270 -0.9996 -0.0000
vn -0.0501 -0.9987 -0.0050
vn -0.1752 -0.8842 0.4330
vn -0.1038 -0.9689 0.2246
vn -0.0788 -0.9854 0.1509
vn -0.0631 -0.9933 0.0968
vn -0.0473 -0.9971 0.0590
vn -0.0356 -0.9987 0.0364
vn -0.0208 -0.9996 0.0175
vn -0.2075 -0.6829 0.7005
vn -0.1741 -0.4095 0.8956
vn -0.0952 -0.1082 0.9896
vn -0.0466 0.2337 0.9712
vn -0.5331 0.0973 0.8404
vn 0.1929 0.4632 0.8650
vn -0.9675 0.2424 0.0724
vn -0.1276 0.4952 0.8594
vn 0.0476 -0.1242 0.9911
vn 0.0466 0.2333 0.9713
vn -0.9346 0.3519 0.0518
vn 0.6630 -0.3156 0.6789
vn 0.2859 0.5185 0.8059
vn 0.2276 -0.1662 0.9595
vn 0.2716 -0.1599 0.9490
vn 0.6085 0.4916 0.6229
vn 0.3602 0.8568 0.3690
vn -0.0000 0.5801 0.8145
vn 0.0388 0.5767 0.8160
vn -0.6748 0.4805 0.5601
vn -0.0471 0.5806 0.8129
vn 0.7569 0.4426 0.4809
vn -0.8077 0.5175 0.2825
vn -0.9615 0.0382 0.2722
vn 0.1518 0.2394 0.9590
vn 0.1586 0.3503 0.9231
vn -0.0883 0.9192 0.3838
vn -0.0882 0.9255 0.3684
vn -0.1888 -0.9691 -0.1587
vn -0.1060 -0.9855 -0.1323
vn -0.1182 -0.9856 -0.1210
vn -0.1356 -0.9687 -0.2078
vn -0.2170 -0.8832 -0.4158
vn -0.2726 -0.6872 -0.6734
vn -0.2582 -0.4171 -0.8714
vn -0.1897 -0.1083 -0.9759
vn -0.0932 0.2326 -0.9681
vn -0.0000 0.1150 -0.9934
vn 0.0951 -0.1241 -0.9877
vn 0.1651 0.4964 -0.8523
vn 0.1856 0.2315 -0.9550
vn 0.2106 0.5051 -0.8370
vn 0.0610 0.8627 -0.5020
vn -0.0996 0.7623 -0.6395
vn 0.0128 0.8619 -0.5069
vn -0.5613 0.3216 -0.7626
vn -0.5611 0.3117 -0.7668
vn -0.6378 0.3488 -0.6867
vn 0.2909 0.5072 -0.8113
vn 0.2387 0.8559 -0.4587
vn 0.3678 0.5061 -0.7802
vn 0.4393 -0.3140 -0.8417
vn 0.5187 -0.3145 -0.7950
vn 0.5935 -0.3151 -0.7406
vn 0.6630 -0.3156 -0.6789
vn 0.7263 -0.3161 -0.6104
vn 0.7828 -0.3166 -0.5356
vn 0.8319 -0.3171 -0.4554
vn 0.8730 -0.3176 -0.3703
vn 0.9054 -0.3179 -0.2813
vn 0.9290 -0.3182 -0.1892
vn 0.9432 -0.3184 -0.0951
vn 0.9480 -0.3184 -0.0000
vn 0.9432 -0.3184 0.0951
vn 0.9290 -0.3182 0.1892
vn 0.9054 -0.3179 0.2813
vn 0.8730 -0.3176 0.3703
vn 0.8319 -0.3171 0.4554
vn 0.7828 -0.3166 0.5356
vn 0.7263 -0.3161 0.6104
vn -0.0481 -0.9987 -0.0150
vn -0.0493 -0.9987 -0.0100
vn -0.0689 -0.9972 -0.0292
vn -0.1003 -0.9934 -0.0549
vn -0.1390 -0.9857 -0.0951
vn -0.0268 -0.9996 -0.0027
vn -0.1328 -0.8840 0.4483
vn -0.0934 -0.9685 0.2308
vn -0.0713 -0.9855 0.1543
vn -0.0536 -0.9933 0.1026
vn -0.0414 -0.9971 0.0635
vn -0.0319 -0.9987 0.0398
vn -0.0191 -0.9996 0.0195
vn -0.1394 -0.6824 0.7175
vn -0.0874 -0.4092 0.9082
vn -0.0476 -0.1085 0.9930
vn -0.4089 0.2122 0.8876
vn 0.0476 0.1138 0.9924
vn 0.2577 0.5969 0.7598
vn 0.2448 0.4810 0.8419
vn 0.2093 0.3603 0.9091
vn -0.0964 0.8216 0.5619
vn -0.0409 0.8891 0.4559
vn -0.0895 0.4960 0.8637
vn 0.6577 0.7157 0.2349
vn 0.5549 0.8247 0.1093
vn 0.3928 0.9196 0.0050
vn -0.1445 0.9863 0.0795
vn -0.0406 0.9958 -0.0817
vn -0.4411 0.4583 0.7716
vn 0.0950 -0.1241 0.9877
vn 0.0932 0.2317 0.9683
vn 0.0429 0.4895 0.8710
vn -0.9639 0.2411 0.1132
vn 0.3992 0.4594 0.7935
vn 0.3095 -0.1538 0.9384
vn 0.3109 -0.1642 0.9362
vn 0.2580 -0.0615 0.9642
vn 0.2496 -0.0622 0.9663
vn 0.4673 0.4935 0.7335
vn 0.5524 0.4970 0.6692
vn 0.8742 0.4077 -0.2638
vn 0.9113 0.3785 -0.1621
vn 0.6664 0.4925 0.5598
vn 0.6063 0.4973 0.6206
vn 0.9367 0.3455 -0.0563
vn 0.9406 0.3352 -0.0538
vn 0.3945 0.8570 0.3316
vn -0.0000 0.5783 0.8158
vn 0.0334 0.5611 0.8271
vn -0.5923 0.4905 0.6392
vn -0.6958 0.5598 0.4500
vn -0.8112 0.5143 0.2782
vn 0.6975 0.3781 0.6086
vn 0.2208 -0.3896 0.8942
vn 0.2208 -0.3896 0.8941
vn 0.8134 0.5126 0.2752
vn 0.8150 0.5112 0.2728
vn 0.7938 0.4968 0.3508
vn 0.8113 0.5142 0.2781
vn -0.0388 0.5767 0.8160
vn 0.6748 0.4805 0.5601
vn -0.9729 0.1355 0.1875
vn -0.2619 0.8162 0.5150
vn -0.6781 0.7265 0.1119
vn -0.0850 0.8747 0.4771
vn -0.1292 -0.9856 -0.1086
vn -0.0721 -0.9933 -0.0900
vn -0.0804 -0.9934 -0.0823
vn -0.0929 -0.9855 -0.1423
vn -0.1150 -0.9686 -0.2204
vn -0.1761 -0.8829 -0.4354
vn -0.2066 -0.6868 -0.6969
vn -0.1734 -0.4169 -0.8923
vn -0.0952 -0.1082 -0.9896
vn -0.0000 0.2326 -0.9726
vn 0.0951 0.1151 -0.9888
vn 0.1893 -0.1241 -0.9740
vn 0.2463 0.4953 -0.8331
vn 0.2765 0.2317 -0.9327
vn 0.0396 0.8495 -0.5261
vn -0.7546 0.4244 -0.5005
vn -0.6747 0.6982 0.2393
vn 0.0001 1.0000 0.0001
vn -0.7029 0.3851 -0.5980
vn 0.3256 0.4944 -0.8059
vn 0.3687 0.5094 -0.7775
vn 0.2811 0.8570 -0.4320
vn 0.4657 0.5094 -0.7237
vn 0.4352 0.7183 -0.5429
vn -0.0258 -0.9996 -0.0080
vn -0.0264 -0.9996 -0.0054
vn -0.0465 -0.9987 -0.0197
vn -0.0657 -0.9972 -0.0360
vn -0.0945 -0.9934 -0.0647
vn -0.0892 -0.8838 0.4593
vn -0.0708 -0.9684 0.2391
vn -0.0640 -0.9854 0.1581
vn -0.0482 -0.9934 0.1044
vn -0.0351 -0.9971 0.0673
vn -0.0279 -0.9987 0.0428
vn -0.0171 -0.9996 0.0213
vn -0.0700 -0.6822 0.7278
vn -0.0437 -0.4107 0.9107
vn -0.4190 -0.0982 0.9027
vn 0.0466 0.2337 0.9712
vn 0.0951 0.1150 0.9888
vn -0.0657 0.7958 0.6020
vn 0.2973 0.2106 0.9313
vn -0.0998 0.4947 0.8633
vn 0.3953 0.2378 0.8872
vn 0.7060 0.6120 0.3563
vn 0.6147 0.7873 0.0480
vn 0.7146 0.6824 0.1538
vn 0.4598 0.8869 -0.0451
vn 0.1480 0.9870 -0.0629
vn 0.0560 0.9937 -0.0966
vn -0.6399 0.7587 0.1222
vn -0.5020 0.8646 0.0210
vn 0.0443 0.4897 0.8708
vn 0.1893 -0.1242 0.9740
vn 0.1855 0.2316 0.9550
vn 0.0838 0.4902 0.8676
vn 0.3346 -0.4123 0.8474
vn 0.3642 0.3379 0.8679
vn 0.4544 -0.2061 0.8667
vn 0.2529 -0.0523 0.9661
vn 0.2675 0.1011 0.9582
vn 0.6639 0.4982 0.5577
vn 0.7748 -0.0938 0.6252
vn 0.6858 -0.1942 0.7014
vn 0.5866 0.6851 -0.4320
vn 0.9500 0.3120 0.0081
vn 0.4876 0.6849 -0.5414
vn 0.4250 0.8572 0.2909
vn 0.9103 0.2797 0.3051
vn 0.8767 0.2777 0.3927
vn -0.0000 0.5624 0.8269
vn 0.0254 0.5350 0.8445
vn -0.0855 0.6392 0.7642
vn -0.6057 0.5855 0.5388
vn -0.8095 0.5156 0.2808
vn 0.7519 -0.3032 0.5854
vn 0.2212 -0.3844 0.8963
vn 0.2212 -0.3845 0.8962
vn 0.6958 0.5598 0.4500
vn -0.0334 0.5611 0.8271
vn 0.5924 0.4905 0.6392
vn -0.8061 0.5171 0.2877
vn -0.3398 0.7842 0.5191
vn -0.0879 -0.9934 -0.0738
vn -0.0473 -0.9971 -0.0590
vn -0.0527 -0.9972 -0.0540
vn -0.0631 -0.9933 -0.0968
vn -0.0788 -0.9854 -0.1509
vn -0.0934 -0.9685 -0.2308
vn -0.1335 -0.8826 -0.4508
vn -0.1387 -0.6865 -0.7138
vn -0.0871 -0.4167 -0.9049
vn -0.0000 -0.1082 -0.9941
vn 0.0932 0.2326 -0.9681
vn 0.1894 0.1151 -0.9751
vn 0.2820 -0.1243 -0.9513
vn 0.3650 0.2320 -0.9017
vn 0.4021 0.4938 -0.7710
vn 0.4700 0.5136 -0.7178
vn 0.3228 0.8570 -0.4017
vn 0.5552 0.4921 -0.6705
vn -0.0249 -0.9996 -0.0105
vn -0.0444 -0.9987 -0.0243
vn -0.0620 -0.9972 -0.0424
vn -0.0448 -0.8837 0.4659
vn -0.0476 -0.9684 0.2450
vn -0.0485 -0.9853 0.1637
vn -0.0435 -0.9933 0.1075
vn -0.0318 -0.9971 0.0689
vn -0.0237 -0.9987 0.0454
vn -0.0150 -0.9996 0.0229
vn -0.0350 -0.6841 0.7285
vn -0.4140 -0.3724 0.8306
vn 0.0476 -0.1085 0.9930
vn 0.0932 0.2326 0.9681
vn 0.1894 0.1151 0.9751
vn 0.7126 0.5199 0.4710
vn 0.7683 0.5835 0.2631
vn 0.2473 0.9624 -0.1122
vn 0.0023 0.9908 -0.1357
vn -0.2905 0.9550 -0.0593
vn -0.2443 0.9636 -0.1082
vn 0.0438 0.5022 0.8636
vn 0.2820 -0.1243 0.9513
vn 0.2765 0.2317 0.9327
vn -0.3151 0.0531 0.9476
vn 0.0840 0.4901 0.8676
vn 0.2621 -0.0391 0.9642
vn 0.9579 0.2822 0.0519
vn 0.9848 0.1659 0.0508
vn 0.8648 0.4003 -0.3032
vn 0.2324 0.6849 -0.6906
vn 0.7153 0.4990 0.4892
vn 0.7180 0.4933 0.4911
vn 0.7049 -0.2082 0.6780
vn 0.5925 -0.0796 0.8017
vn 0.7372 -0.0441 0.6742
vn 0.8682 -0.0985 0.4864
vn 0.9326 -0.0273 0.3600
vn 0.9486 0.2965 0.1110
vn 0.8776 0.2678 0.3977
vn 0.8599 0.2817 0.4256
vn 0.8218 0.2840 0.4940
vn 0.4514 0.8574 0.2472
vn -0.0000 0.5412 0.8409
vn -0.0021 0.5124 0.8587
vn 0.0268 0.5207 0.8533
vn 0.8078 0.5175 0.2823
vn 0.2208 -0.3894 0.8942
vn 0.8078 0.5174 0.2823
vn 0.8095 0.5156 0.2808
vn -0.0255 0.5350 0.8445
vn 0.0856 0.6393 0.7642
vn 0.6057 0.5855 0.5388
vn -0.0576 -0.9972 -0.0484
vn -0.0319 -0.9987 -0.0398
vn -0.0356 -0.9987 -0.0364
vn -0.0414 -0.9971 -0.0635
vn -0.0536 -0.9933 -0.1026
vn -0.0640 -0.9854 -0.1581
vn -0.0708 -0.9684 -0.2391
vn -0.0897 -0.8824 -0.4619
vn -0.0697 -0.6863 -0.7240
vn -0.0000 -0.4167 -0.9091
vn 0.0952 -0.1082 -0.9896
vn 0.1856 0.2327 -0.9547
vn 0.2821 0.1152 -0.9524
vn 0.3722 -0.1245 -0.9198
vn 0.4503 0.2323 -0.8621
vn 0.4757 0.4952 -0.7270
vn 0.5549 0.4956 -0.6682
vn 0.3602 0.8568 -0.3690
vn 0.6085 0.4916 -0.6229
vn 0.3945 0.8570 -0.3316
vn 0.9398 0.3366 0.0594
vn 0.9358 0.3470 0.0618
vn 0.9119 0.2799 -0.3001
vn 0.4250 0.8572 -0.2909
vn 0.8788 0.2777 -0.3880
vn 0.4514 0.8574 -0.2472
vn 0.8239 0.2839 -0.4904
vn 0.8620 0.2815 -0.4215
vn 0.4735 0.8576 -0.2009
vn 0.7028 0.2797 -0.6541
vn 0.7628 0.2788 -0.5834
vn 0.4909 0.8577 -0.1526
vn 0.5855 0.3011 -0.7527
vn 0.5899 0.2923 -0.7527
vn 0.5115 0.8107 -0.2849
vn 0.5036 0.8578 -0.1026
vn 0.5511 0.8262 -0.1170
vn 0.5112 0.8579 -0.0516
vn 0.5166 0.8537 -0.0663
vn 0.4974 0.8639 -0.0794
vn 0.5138 0.8579 -0.0000
vn 0.5189 0.8546 -0.0184
vn 0.5029 0.8636 -0.0372
vn 0.5564 0.8284 0.0644
vn 0.5112 0.8579 0.0516
vn 0.5036 0.8578 0.1026
vn 0.5155 0.8504 0.1049
vn 0.4967 0.8631 0.0916
vn 0.4816 0.7589 0.4383
vn 0.5112 0.8105 0.2859
vn 0.4909 0.8577 0.1526
vn 0.4735 0.8576 0.2009
vn 0.5852 0.2930 0.7561
vn 0.5810 0.3018 0.7559
vn 0.7598 0.2788 0.5874
vn 0.6991 0.2799 0.6579
vn -0.0238 -0.9996 -0.0130
vn -0.0418 -0.9987 -0.0286
vn -0.0223 -0.8856 0.4638
vn -0.0239 -0.9683 0.2486
vn -0.0326 -0.9853 0.1678
vn -0.0330 -0.9932 0.1113
vn -0.0285 -0.9971 0.0705
vn -0.0213 -0.9987 0.0461
vn -0.0127 -0.9996 0.0243
vn 0.4888 -0.5951 0.6379
vn 0.0437 -0.4107 0.9107
vn 0.0952 -0.1082 0.9896
vn 0.1856 0.2327 0.9547
vn 0.2821 0.1152 0.9524
vn -0.1107 0.4916 0.8638
vn 0.1950 0.1890 0.9624
vn 0.4844 0.2748 0.8306
vn 0.5213 0.2198 0.8246
vn 0.4302 0.1879 0.8830
vn 0.6867 0.4411 0.5778
vn 0.7853 0.4953 0.3715
vn -0.4537 0.8904 -0.0369
vn -0.6076 0.7918 0.0621
vn -0.7184 0.6554 0.2331
vn 0.5031 0.8641 0.0188
vn 0.6397 0.7589 0.1218
vn 0.0848 0.5025 0.8604
vn 0.3722 -0.1244 0.9198
vn 0.3650 0.2319 0.9017
vn 0.2431 -0.5167 0.8210
vn -0.0630 0.7053 0.7061
vn 0.2696 -0.0153 0.9629
vn -0.0787 -0.0031 0.9969
vn -0.2350 0.2406 0.9418
vn -0.2244 0.2475 0.9426
vn 0.6635 0.4991 0.5574
vn 0.6356 0.4983 0.5897
vn 0.8048 0.4413 -0.3970
vn 0.7598 0.4998 0.4158
vn 0.7627 0.4941 0.4173
vn 0.2642 0.0558 0.9629
vn 0.2542 0.0955 0.9624
vn 0.4637 0.8455 0.2649
vn 0.6098 0.5978 -0.5204
vn 0.5636 -0.0874 0.8214
vn 0.3567 0.0162 0.9341
vn 0.9874 0.0608 0.1460
vn 0.9824 0.0518 0.1796
vn 0.6606 0.6854 -0.3063
vn 0.9348 0.2859 0.2107
vn 0.7191 0.6863 0.1089
vn 0.6856 0.6864 0.2426
vn 0.7270 0.6860 -0.0303
vn 0.7796 0.2825 0.5590
vn 0.6277 0.6866 0.3669
vn -0.4796 0.5615 0.6743
vn -0.0037 0.5388 0.8424
vn 0.0162 0.5257 0.8505
vn -0.0296 0.7714 0.6357
vn 0.1596 0.6869 0.7090
vn 0.3398 0.7842 0.5192
vn -0.0389 -0.9987 -0.0327
vn -0.0171 -0.9996 -0.0213
vn -0.0191 -0.9996 -0.0195
vn -0.0279 -0.9987 -0.0428
vn -0.0351 -0.9971 -0.0673
vn -0.0435 -0.9933 -0.1075
vn -0.0485 -0.9853 -0.1637
vn -0.0476 -0.9684 -0.2450
vn -0.0451 -0.8822 -0.4686
vn -0.0000 -0.6862 -0.7274
vn 0.0871 -0.4167 -0.9049
vn 0.1897 -0.1083 -0.9759
vn 0.2764 0.2329 -0.9324
vn 0.3725 0.1153 -0.9209
vn 0.4593 -0.1246 -0.8795
vn 0.5318 0.2327 -0.8143
vn 0.5426 0.4974 -0.6769
vn 0.6063 0.4973 -0.6206
vn 0.9497 0.3130 -0.0025
vn 0.9358 0.2864 -0.2054
vn 0.7203 0.6862 -0.1012
vn 0.7266 0.6860 0.0380
vn 0.8796 0.2680 -0.3931
vn 0.7821 0.2827 -0.5553
vn 0.6316 0.6865 -0.3602
vn 0.6880 0.6865 -0.2353
vn 0.7683 0.2683 -0.5812
vn 0.6321 0.2848 -0.7206
vn 0.4814 0.7589 -0.4386
vn 0.9782 0.0701 -0.1955
vn 0.9683 0.2086 -0.1376
vn 0.9870 0.1601 0.0136
vn 0.9932 0.0710 0.0923
vn 0.5042 0.6907 0.5184
vn 0.6280 0.2852 0.7241
vn 0.7653 0.2685 0.5850
vn -0.0224 -0.9996 -0.0153
vn -0.4123 -0.8051 0.4265
vn -0.0119 -0.9687 0.2481
vn -0.0164 -0.9853 0.1703
vn -0.0222 -0.9932 0.1141
vn -0.0216 -0.9971 0.0730
vn -0.0192 -0.9987 0.0476
vn -0.0115 -0.9996 0.0248
vn 0.0350 -0.6841 0.7285
vn 0.0874 -0.4092 0.9082
vn 0.1897 -0.1083 0.9759
vn 0.2764 0.2329 0.9324
vn 0.3725 0.1153 0.9209
vn -0.1001 0.4959 0.8626
vn 0.0943 0.1760 0.9799
vn 0.5659 0.3204 0.7597
vn 0.6052 0.2568 0.7535
vn 0.6356 0.3751 0.6748
vn -0.7054 0.6874 0.1727
vn -0.7531 0.5626 0.3411
vn 0.7184 0.6554 0.2331
vn 0.4161 -0.1247 0.9007
vn 0.4078 0.2338 0.8826
vn 0.3210 -0.5165 0.7938
vn 0.2472 -0.4935 0.8338
vn -0.4538 -0.4160 0.7881
vn -0.6089 0.6468 0.4593
vn 0.1568 0.4937 0.8554
vn 0.2208 -0.3895 0.8942
vn 0.2211 -0.3844 0.8963
vn -0.2414 0.2686 0.9325
vn 0.9852 0.1331 0.1077
vn 0.7622 0.4843 -0.4295
vn 0.1301 0.6982 -0.7040
vn 0.7971 0.5004 0.3380
vn 0.8001 0.4947 0.3393
vn 0.7594 0.5007 0.4155
vn 0.7148 0.4999 0.4889
vn 0.4291 0.8640 0.2633
vn 0.4290 0.8641 0.2633
vn 0.1914 0.1772 0.9654
vn 0.3043 0.9524 0.0176
vn 0.1549 0.9826 0.1022
vn 0.9765 0.2151 -0.0122
vn 0.7076 0.6857 -0.1704
vn 0.5478 0.6865 0.4782
vn 0.0037 0.5388 0.8424
vn -0.0154 0.5347 0.8449
vn 0.0061 0.5287 0.8488
vn -0.2828 0.1961 0.9389
vn -0.1880 0.1866 0.9643
vn -0.0449 0.5102 0.8589
vn 0.8061 0.5171 0.2877
vn 0.0449 0.5097 0.8592
vn 0.0025 0.5121 0.8589
vn -0.0273 0.5207 0.8533
vn -0.0208 -0.9996 -0.0175
vn -0.0150 -0.9996 -0.0229
vn -0.0237 -0.9987 -0.0454
vn -0.0285 -0.9971 -0.0705
vn -0.0330 -0.9932 -0.1113
vn -0.0326 -0.9853 -0.1678
vn -0.0239 -0.9683 -0.2486
vn -0.0000 -0.8822 -0.4709
vn 0.0697 -0.6863 -0.7240
vn 0.1734 -0.4169 -0.8923
vn 0.2825 -0.1084 -0.9531
vn 0.3648 0.2332 -0.9014
vn 0.4596 0.1155 -0.8806
vn 0.5424 -0.1248 -0.8308
vn 0.6084 0.2330 -0.7586
vn 0.6059 0.4982 -0.6202
vn 0.6664 0.4925 -0.5598
vn 0.6639 0.4982 -0.5577
vn 0.8720 0.4096 0.2680
vn 0.9095 0.3804 0.1679
vn 0.9490 0.2972 -0.1055
vn 0.7058 0.6857 0.1780
vn 0.5528 0.6865 -0.4724
vn 0.3372 0.6861 -0.6447
vn 0.4539 0.6863 -0.5684
vn 0.4974 0.3178 -0.8072
vn 0.9702 0.2403 -0.0304
vn 0.5041 0.6904 -0.5189
vn 0.9788 0.1494 -0.1400
vn 0.8683 0.4961 -0.0000
vn 0.8640 0.4960 0.0871
vn 0.9793 0.1463 0.1402
vn 0.9717 0.1389 0.1910
vn 0.9694 0.2012 0.1405
vn 0.9719 0.2339 0.0252
vn 0.9598 0.2782 -0.0373
vn 0.5369 0.6041 0.5889
vn 0.4925 0.3188 0.8098
vn 0.4478 0.6863 0.5731
vn 0.3304 0.6860 0.6483
vn -0.4122 -0.8051 0.4265
vn 0.0223 -0.8856 0.4638
vn -0.4348 -0.8720 0.2249
vn -0.0082 -0.9853 0.1704
vn -0.0111 -0.9932 0.1158
vn -0.0145 -0.9971 0.0748
vn -0.0146 -0.9987 0.0493
vn -0.0103 -0.9996 0.0255
vn 0.0700 -0.6822 0.7278
vn 0.1741 -0.4095 0.8956
vn 0.2825 -0.1084 0.9531
vn 0.3648 0.2332 0.9014
vn 0.4167 0.1142 0.9019
vn -0.1098 0.5021 0.8578
vn 0.3331 0.1596 0.9293
vn 0.6781 0.3012 0.6704
vn 0.7724 0.4194 0.4769
vn -0.7563 0.4822 0.4421
vn -0.7568 0.5887 0.2841
vn 0.7531 0.5626 0.3411
vn 0.2924 0.9544 -0.0596
vn 0.1544 0.9822 -0.1071
vn 0.0303 0.9964 -0.0795
vn -0.0348 0.9955 0.0876
vn 0.4593 -0.1247 0.8795
vn 0.4503 0.2322 0.8621
vn 0.6621 0.3110 0.6818
vn 0.3265 -0.4934 0.8062
vn 0.1466 0.8565 0.4950
vn 0.1402 0.8699 0.4728
vn 0.2465 0.4822 0.8406
vn -0.2491 -0.0297 0.9680
vn -0.2748 0.2659 0.9240
vn -0.3941 0.2033 0.8963
vn 0.0020 0.6770 -0.7360
vn 0.8265 0.5010 0.2567
vn 0.8296 0.4953 0.2576
vn 0.7966 0.5014 0.3378
vn 0.4465 0.8414 0.3044
vn 0.8529 0.2346 0.4665
vn 0.8025 0.2343 0.5487
vn 0.1196 0.3150 0.9415
vn 0.0376 0.4973 0.8668
vn -0.1855 0.6814 -0.7080
vn 0.4041 0.8627 0.3042
vn 0.2564 0.0927 0.9621
vn -0.0225 0.9813 0.1910
vn 0.1091 0.2533 0.9612
vn 0.5016 0.8520 -0.1502
vn 0.5955 0.7746 -0.2131
vn 0.9528 0.2870 -0.0987
vn -0.4876 0.6849 0.5414
vn 0.0154 0.5348 0.8449
vn -0.4923 0.2434 0.8357
vn -0.5820 0.2635 0.7694
vn -0.3896 0.2146 0.8956
vn -0.2438 -0.0367 0.9691
vn -0.0241 0.5098 0.8600
vn -0.0680 0.5067 0.8594
vn 0.2619 0.8162 0.5150
vn 0.6781 0.7264 0.1119
vn 0.0240 0.5098 0.8599
vn 0.1305 0.1686 0.9770
vn 0.2471 -0.0381 0.9682
vn -0.0163 0.5256 0.8506
vn 0.0681 0.5068 0.8594
vn 0.0294 0.7715 0.6356
vn -0.0127 -0.9996 -0.0243
vn -0.0192 -0.9987 -0.0476
vn -0.0216 -0.9971 -0.0730
vn -0.0222 -0.9932 -0.1141
vn -0.0164 -0.9853 -0.1703
vn -0.0000 -0.9683 -0.2498
vn 0.0451 -0.8822 -0.4686
vn 0.1387 -0.6865 -0.7138
vn 0.2582 -0.4171 -0.8714
vn 0.3730 -0.1085 -0.9215
vn 0.4502 0.2336 -0.8619
vn 0.5428 0.1157 -0.8319
vn 0.6207 -0.1251 -0.7740
vn 0.6796 0.2334 -0.6954
vn 0.6635 0.4991 -0.5574
vn 0.7180 0.4933 -0.4911
vn 0.7153 0.4990 -0.4892
vn 0.8619 0.4026 0.3084
vn 0.5819 0.6851 0.4382
vn 0.6574 0.6854 0.3133
vn 0.2062 0.6857 -0.6981
vn 0.0651 0.6854 -0.7253
vn -0.0808 0.6851 -0.7239
vn 0.4004 0.3407 -0.8506
vn 0.9588 0.2823 0.0317
vn 0.5366 0.6038 -0.5894
vn 0.9932 0.0708 -0.0924
vn 0.8510 0.4957 -0.1733
vn 0.8640 0.4960 -0.0871
vn 0.9877 0.1510 -0.0412
vn 0.9877 0.1509 -0.0412
vn 0.8650 0.5018 -0.0000
vn 0.8607 0.5017 0.0868
vn 0.9793 0.1462 0.1402
vn 0.8510 0.4957 0.1733
vn 0.9371 0.3346 -0.0997
vn 0.8930 0.4237 -0.1520
vn 0.8439 0.4987 -0.1981
vn 0.9371 0.3346 -0.0996
vn 0.5592 0.5345 0.6337
vn 0.1987 0.6857 0.7002
vn 0.0574 0.6854 0.7259
vn -0.0885 0.6851 0.7231
vn 0.3952 0.3421 0.8525
vn 0.0448 -0.8837 0.4659
vn 0.0119 -0.9687 0.2481
vn -0.4422 -0.8837 0.1534
vn -0.0055 -0.9933 0.1153
vn -0.0073 -0.9971 0.0759
vn -0.0098 -0.9987 0.0505
vn -0.0078 -0.9996 0.0264
vn 0.1394 -0.6824 0.7175
vn 0.2592 -0.4099 0.8745
vn 0.3730 -0.1085 0.9215
vn 0.4077 0.2345 0.8825
vn 0.4596 0.1155 0.8806
vn -0.0156 0.1736 0.9847
vn 0.2293 0.1343 0.9640
vn 0.1152 0.1103 0.9872
vn 0.7352 0.3549 0.5774
vn -0.7366 0.4133 0.5353
vn -0.7731 0.4999 0.3904
vn 0.7563 0.4822 0.4422
vn 0.6076 0.7918 0.0621
vn 0.7055 0.6874 0.1727
vn 0.7568 0.5887 0.2841
vn 0.4539 0.8903 -0.0372
vn 0.2442 0.9637 -0.1084
vn -0.0040 0.9906 -0.1367
vn -0.1306 0.9896 -0.0610
vn -0.2456 0.9627 -0.1140
vn 0.5424 -0.1249 0.8308
vn 0.5317 0.2327 0.8143
vn 0.4031 0.4914 0.7720
vn 0.7213 -0.4255 0.5466
vn 0.1934 0.8566 0.4783
vn 0.1850 0.8701 0.4568
vn -0.3808 0.9245 0.0182
vn -0.5558 0.8238 0.1116
vn 0.3291 0.4775 0.8146
vn 0.2173 0.4821 0.8487
vn 0.1730 0.4933 0.8525
vn -0.3276 0.3461 0.8791
vn -0.4999 0.0324 0.8655
vn -0.1420 -0.3877 0.9108
vn -0.3477 0.3440 0.8722
vn -0.3590 0.3629 0.8599
vn -0.3485 0.3420 0.8727
vn 0.8924 0.3970 -0.2144
vn 0.5411 0.5020 0.6747
vn 0.9284 0.3695 -0.0379
vn 0.5094 0.5005 0.7000
vn 0.8786 0.4751 -0.0480
vn 0.7789 0.5596 -0.2831
vn -0.5947 0.2054 0.7773
vn -0.4387 0.5310 0.7250
vn 0.3451 0.6152 0.7089
vn 0.5264 0.4940 0.6921
vn 0.5318 0.4976 0.6853
vn 0.6468 0.3840 0.6589
vn 0.6512 0.3803 0.6568
vn 0.8260 0.5019 0.2565
vn 0.6429 0.3831 0.6633
vn 0.5721 0.4735 0.6697
vn 0.8949 0.2350 0.3793
vn -0.7079 0.6814 0.1860
vn -0.1665 0.5776 0.7992
vn 0.8703 -0.1262 0.4761
vn 0.8189 -0.1259 0.5600
vn -0.0126 0.5655 0.8246
vn -0.0850 0.4368 0.8955
vn -0.1734 0.5945 0.7852
vn 0.0273 0.3261 0.9449
vn -0.1490 0.8795 0.4520
vn 0.2620 0.9398 0.2194
vn 0.2259 0.8856 0.4059
vn -0.1580 0.8002 0.5786
vn 0.2468 0.9363 0.2499
vn 0.4373 0.8459 0.3055
vn 0.6001 0.7885 0.1347
vn 0.7140 0.7000 -0.0167
vn 0.6651 0.6985 -0.2640
vn -0.2325 0.6849 0.6906
vn 0.2900 0.3732 0.8813
vn 0.1789 0.4149 0.8921
vn -0.5495 0.6982 0.4589
vn -0.0062 0.5286 0.8488
vn 0.4850 0.2434 0.8400
vn 0.5719 0.2763 0.7724
vn -0.3533 0.1372 0.9254
vn -0.4533 0.1669 0.8756
vn -0.2431 0.1143 0.9632
vn -0.1303 0.1682 0.9771
vn -0.1250 0.1003 0.9871
vn -0.0362 0.1718 0.9845
vn -0.0154 0.1496 0.9886
vn 0.0882 0.9255 0.3684
vn 0.0883 0.9192 0.3838
vn 0.0364 0.1703 0.9847
vn 0.1858 0.1823 0.9655
vn 0.2430 0.1140 0.9633
vn 0.1253 0.1000 0.9871
vn 0.2828 0.1961 0.9389
vn 0.0634 0.7952 0.6030
vn 0.0854 0.8762 0.4743
vn 0.1092 0.5026 0.8576
vn 0.1003 0.4960 0.8625
vn -0.0103 -0.9996 -0.0255
vn -0.0146 -0.9987 -0.0493
vn -0.0145 -0.9971 -0.0748
vn -0.0111 -0.9932 -0.1158
vn -0.0000 -0.9853 -0.1711
vn 0.0239 -0.9683 -0.2486
vn 0.0897 -0.8824 -0.4619
vn 0.2066 -0.6868 -0.6969
vn 0.3409 -0.4175 -0.8423
vn 0.4602 -0.1087 -0.8811
vn 0.5315 0.2340 -0.8141
vn 0.6211 0.1160 -0.7751
vn 0.6933 -0.1254 -0.7096
vn 0.7446 0.2339 -0.6252
vn 0.7148 0.4999 -0.4889
vn 0.7627 0.4941 -0.4173
vn 0.7599 0.4998 -0.4158
vn 0.7575 0.4880 0.4337
vn 0.5165 0.8193 -0.2488
vn 0.8008 0.4443 0.4016
vn 0.2957 0.3714 -0.8801
vn 0.9369 0.3365 0.0946
vn 0.9588 0.2822 0.0317
vn 0.9702 0.2402 -0.0304
vn 0.9683 0.2085 -0.1376
vn 0.8442 0.4988 0.1963
vn 0.8942 0.4262 0.1368
vn 0.9369 0.3365 0.0947
vn 0.5597 0.5417 -0.6271
vn 0.8478 0.5014 -0.1726
vn 0.8607 0.5017 -0.0868
vn 0.5085 0.8608 0.0230
vn 0.4925 0.8703 0.0004
vn 0.5278 0.8492 -0.0192
vn 0.8478 0.5014 0.1726
vn 0.0892 -0.8838 0.4593
vn 0.0239 -0.9683 0.2486
vn 0.0082 -0.9853 0.1704
vn -0.4398 -0.8920 0.1045
vn -0.0035 -0.9971 0.0761
vn -0.0046 -0.9987 0.0512
vn -0.0053 -0.9996 0.0271
vn 0.2075 -0.6829 0.7005
vn 0.3421 -0.4105 0.8452
vn 0.4169 -0.1090 0.9024
vn 0.4502 0.2336 0.8619
vn 0.5428 0.1157 0.8319
vn -0.6991 0.3546 0.6209
vn -0.7627 0.4220 0.4901
vn 0.7366 0.4133 0.5353
vn 0.7731 0.4998 0.3905
vn 0.6207 -0.1251 0.7740
vn 0.6084 0.2330 0.7586
vn 0.4758 0.4922 0.7290
vn 0.4696 0.6217 0.6268
vn 0.5775 0.7602 0.2977
vn -0.4597 0.8869 -0.0446
vn -0.6147 0.7873 0.0480
vn -0.6577 0.7157 0.2349
vn 0.3687 0.4767 0.7980
vn 0.2635 0.4662 0.8445
vn 0.2568 0.4767 0.8407
vn 0.1276 0.4952 0.8593
vn -0.4982 0.0364 0.8663
vn -0.5094 0.0720 0.8575
vn -0.5243 0.1073 0.8447
vn 0.5732 0.5020 0.6477
vn 0.4771 -0.1992 0.8560
vn 0.5427 0.4974 0.6768
vn 0.5855 -0.2110 0.7827
vn 0.6870 -0.2016 0.6981
vn 0.5126 0.4980 0.6995
vn 0.5310 0.4981 0.6855
vn 0.4807 0.4897 0.7274
vn 0.1828 0.9070 0.3793
vn 0.3149 0.7845 0.5342
vn 0.5092 0.4927 0.7057
vn 0.4514 0.4731 0.7566
vn -0.6403 0.6770 0.3629
vn 0.8409 0.5040 -0.1972
vn 0.6988 0.3381 0.6304
vn 0.9282 0.2353 0.2881
vn 0.8930 0.4237 -0.1521
vn 0.9133 -0.1264 0.3872
vn -0.0144 0.4715 0.8817
vn 0.8712 0.1167 0.4769
vn 0.8197 0.1166 0.5609
vn 0.7596 -0.1257 0.6381
vn 0.4400 0.4914 0.7516
vn 0.4758 0.4922 0.7289
vn -0.0343 0.6038 0.7964
vn -0.1773 0.7282 0.6620
vn 0.0632 0.7873 0.6133
vn -0.0284 0.6818 0.7309
vn 0.5733 0.5019 0.6476
vn 0.6041 0.5029 0.6182
vn 0.6337 0.5029 0.5878
vn 0.7844 0.6172 -0.0615
vn 0.0341 0.4312 0.9016
vn 0.0681 0.4522 0.8893
vn 0.3896 0.2146 0.8956
vn -0.5431 0.2026 0.8149
vn -0.6206 0.2451 0.7448
vn -0.6468 0.3049 0.6991
vn 0.0781 0.9236 0.3753
vn 0.0796 0.9205 0.3825
vn 0.0146 0.1476 0.9889
vn 0.0001 0.0966 0.9953
vn 0.3533 0.1372 0.9254
vn 0.0718 0.8115 0.5800
vn 0.0911 0.8247 0.5582
vn 0.0811 0.8870 0.4545
vn 0.1102 0.4916 0.8638
vn -0.0078 -0.9996 -0.0264
vn -0.0098 -0.9987 -0.0505
vn -0.0073 -0.9971 -0.0759
vn -0.0000 -0.9932 -0.1163
vn 0.0164 -0.9853 -0.1703
vn 0.0476 -0.9684 -0.2450
vn 0.1335 -0.8826 -0.4508
vn 0.2726 -0.6872 -0.6734
vn 0.4205 -0.4179 -0.8053
vn 0.5434 -0.1089 -0.8324
vn 0.6082 0.2344 -0.7584
vn 0.6939 0.1161 -0.7106
vn 0.7597 -0.1256 -0.6381
vn 0.8025 0.2342 -0.5487
vn 0.7594 0.5007 -0.4155
vn 0.8001 0.4947 -0.3392
vn 0.7971 0.5004 -0.3380
vn 0.4291 0.8640 -0.2633
vn 0.4287 0.8640 -0.2640
vn 0.4012 0.8638 -0.3048
vn 0.1226 0.6982 0.7053
vn 0.1848 0.4124 -0.8920
vn 0.5664 0.4673 -0.6788
vn 0.8412 0.5042 0.1952
vn 0.5033 0.8625 0.0534
vn 0.5539 0.8303 0.0612
vn 0.5134 0.8575 -0.0338
vn 0.4927 0.8701 0.0141
vn 0.5103 0.8593 -0.0346
vn 0.5554 0.8295 -0.0596
vn 0.5053 0.8612 -0.0540
vn 0.1328 -0.8840 0.4483
vn 0.0476 -0.9684 0.2450
vn 0.0164 -0.9853 0.1703
vn 0.0055 -0.9933 0.1153
vn -0.0000 -0.9971 0.0763
vn -0.0023 -0.9987 0.0509
vn -0.0027 -0.9996 0.0275
vn 0.2738 -0.6834 0.6768
vn 0.3821 -0.4124 0.8270
vn 0.4602 -0.1087 0.8811
vn 0.5315 0.2340 0.8141
vn 0.6211 0.1159 0.7751
vn -0.0000 0.0965 0.9953
vn -0.7316 0.3542 0.5825
vn -0.6837 0.2955 0.6673
vn 0.6991 0.3546 0.6209
vn 0.7627 0.4220 0.4901
vn 0.6933 -0.1254 0.7096
vn 0.6796 0.2334 0.6954
vn 0.5107 0.4921 0.7050
vn 0.5108 0.4921 0.7049
vn 0.5106 0.4922 0.7050
vn 0.4572 0.4747 0.7521
vn 0.4067 0.4781 0.7785
vn 0.4438 0.4780 0.7580
vn -0.7060 0.6120 0.3564
vn -0.7146 0.6824 0.1538
vn 0.3880 0.4636 0.7966
vn 0.3207 0.4631 0.8263
vn 0.0895 0.4960 0.8637
vn 0.1194 0.8224 0.5562
vn -0.5087 0.0428 0.8599
vn -0.5231 0.1401 0.8407
vn 0.5732 0.5019 0.6477
vn -0.4998 0.2722 0.8223
vn 0.0666 0.7683 0.6366
vn 0.0804 0.9159 0.3932
vn 0.4401 0.4913 0.7516
vn 0.8044 0.5623 -0.1917
vn 0.7870 0.2249 0.5745
vn 0.9524 0.2354 0.1938
vn 0.8473 0.5024 0.1725
vn 0.9473 -0.1266 0.2941
vn 0.9143 0.1169 0.3878
vn 0.8525 0.2362 0.4663
vn 0.8022 0.2358 0.5485
vn 0.7603 0.1164 0.6390
vn 0.6336 0.5028 0.5880
vn 0.6336 0.5027 0.5881
vn 0.6359 -0.2106 0.7425
vn 0.5317 -0.2012 0.8227
vn 0.6059 0.4983 0.6202
vn 0.5733 0.5018 0.6477
vn 0.5431 0.2026 0.8149
vn 0.4532 0.1668 0.8756
vn 0.6468 0.3049 0.6990
vn 0.6203 0.2452 0.7451
vn 0.0762 0.9230 0.3771
vn 0.0774 0.9209 0.3821
vn -0.1152 0.1104 0.9872
vn 0.0100 0.1694 0.9855
vn 0.0997 0.4947 0.8633
vn -0.1950 0.1890 0.9624
vn -0.0930 0.1723 0.9807
vn -0.0053 -0.9996 -0.0271
vn -0.0049 -0.9987 -0.0512
vn -0.0000 -0.9971 -0.0763
vn 0.0111 -0.9932 -0.1158
vn 0.0326 -0.9853 -0.1678
vn 0.0708 -0.9684 -0.2391
vn 0.1761 -0.8829 -0.4354
vn 0.3361 -0.6877 -0.6435
vn 0.4965 -0.4183 -0.7606
vn 0.6219 -0.1091 -0.7755
vn 0.6793 0.2349 -0.6952
vn 0.7603 0.1163 -0.6390
vn 0.8189 -0.1260 -0.5600
vn 0.8528 0.2347 -0.4665
vn 0.7966 0.5014 -0.3378
vn 0.8297 0.4953 -0.2576
vn 0.8265 0.5010 -0.2567
vn 0.4527 0.8642 -0.2194
vn 0.4468 0.8404 -0.3068
vn 0.4510 0.8574 -0.2477
vn 0.4250 0.8572 -0.2908
vn -0.0058 0.6770 0.7360
vn 0.0751 0.4490 -0.8904
vn 0.6428 0.3826 -0.6636
vn 0.6463 0.3836 -0.6597
vn 0.6506 0.3800 -0.6575
vn 0.8053 0.5615 0.1902
vn 0.5701 0.8179 0.0776
vn 0.6388 0.7556 0.1451
vn 0.7105 0.6787 0.1859
vn 0.9649 0.2359 0.1158
vn 0.9702 0.2349 0.0597
vn 0.9586 0.2846 0.0119
vn 0.1752 -0.8842 0.4330
vn 0.0708 -0.9684 0.2391
vn 0.0326 -0.9853 0.1678
vn 0.0111 -0.9932 0.1158
vn 0.0035 -0.9971 0.0761
vn -0.0000 -0.9987 0.0514
vn -0.0013 -0.9996 0.0275
vn 0.3052 -0.6858 0.6607
vn 0.4220 -0.4112 0.8080
vn 0.5434 -0.1089 0.8324
vn 0.6082 0.2344 0.7584
vn 0.6939 0.1161 0.7106
vn 0.7315 0.3544 0.5825
vn 0.5767 0.4929 0.6515
vn 0.5767 0.4929 0.6514
vn 0.5107 0.4921 0.7049
vn 0.5108 0.4921 0.7050
vn 0.0464 0.9440 0.3267
vn 0.1490 0.9599 0.2375
vn -0.6013 0.4219 0.6785
vn -0.5324 0.4856 0.6934
vn -0.6020 0.4205 0.6788
vn -0.7126 0.5199 0.4711
vn -0.7683 0.5835 0.2631
vn 0.1422 0.8205 0.5537
vn 0.1434 0.8284 0.5415
vn -0.2993 0.2107 0.9306
vn -0.3988 0.2337 0.8868
vn -0.5252 0.0862 0.8466
vn -0.5372 0.1192 0.8350
vn 0.6005 -0.2567 0.7573
vn 0.4846 -0.2449 0.8398
vn 0.3656 -0.1668 0.9157
vn 0.7072 -0.2443 0.6635
vn 0.1419 0.9092 0.3916
vn 0.2362 0.7996 0.5521
vn 0.0714 0.9199 0.3857
vn 0.7105 0.6788 -0.1856
vn 0.8479 0.1738 0.5008
vn 0.9670 0.2356 0.0974
vn 0.8602 0.5026 0.0867
vn 0.9720 -0.1268 0.1979
vn 0.9335 0.0934 0.3463
vn 0.8988 0.1472 0.4129
vn 0.9484 0.1170 0.2946
vn 0.8946 0.2365 0.3792
vn 0.8720 -0.1100 0.4770
vn 0.8205 -0.1098 0.5611
vn 0.7443 0.2353 0.6251
vn 0.6076 0.4938 0.6220
vn 0.7303 -0.1968 0.6542
vn 0.6337 0.5028 0.5880
vn 0.6837 0.2955 0.6673
vn 0.0683 0.9244 0.3753
vn 0.0852 0.8908 0.4464
vn 0.0709 0.9187 0.3884
vn -0.2293 0.1344 0.9640
vn -0.7853 0.4953 0.3715
vn -0.7724 0.4193 0.4770
vn -0.7352 0.3549 0.5774
vn -0.6781 0.3012 0.6704
vn -0.6052 0.2567 0.7535
vn -0.5213 0.2198 0.8246
vn -0.4300 0.1881 0.8830
vn -0.3331 0.1596 0.9293
vn -0.0026 -0.9996 -0.0275
vn -0.0000 -0.9987 -0.0515
vn 0.0073 -0.9971 -0.0759
vn 0.0222 -0.9932 -0.1141
vn 0.0485 -0.9853 -0.1637
vn 0.0934 -0.9685 -0.2308
vn 0.2170 -0.8832 -0.4158
vn 0.3966 -0.6883 -0.6074
vn 0.5680 -0.4188 -0.7085
vn 0.6947 -0.1094 -0.7110
vn 0.7443 0.2353 -0.6251
vn 0.8197 0.1166 -0.5609
vn 0.8703 -0.1262 -0.4761
vn 0.8949 0.2350 -0.3793
vn 0.8260 0.5019 -0.2565
vn -0.7059 0.6814 -0.1934
vn -0.1610 0.5725 -0.8040
vn 0.0402 0.4285 -0.9026
vn -0.5446 0.6982 -0.4647
vn 0.6980 0.3386 -0.6310
vn 0.9559 0.1556 -0.2491
vn 0.9333 0.1559 -0.3236
vn 0.9635 0.2449 -0.1083
vn 0.9569 0.1514 0.2480
vn 0.9584 0.2825 -0.0417
vn 0.8645 0.5027 -0.0000
vn 0.9586 0.2845 0.0119
vn 0.1942 -0.8863 0.4204
vn 0.0934 -0.9685 0.2308
vn 0.0485 -0.9853 0.1637
vn 0.0222 -0.9932 0.1141
vn 0.0073 -0.9971 0.0759
vn 0.0023 -0.9987 0.0509
vn -0.0000 -0.9996 0.0276
vn 0.3375 -0.6841 0.6466
vn 0.4982 -0.4120 0.7629
vn 0.6219 -0.1091 0.7755
vn 0.6794 0.2349 0.6952
vn 0.5767 0.4930 0.6514
vn 0.5767 0.4930 0.6515
vn 0.0984 0.9530 0.2867
vn 0.2009 0.9600 0.1952
vn -0.0424 0.9053 0.4226
vn 0.5106 0.4921 0.7051
vn 0.2613 0.9522 0.1585
vn 0.0149 0.9680 0.2506
vn 0.1217 0.9801 0.1570
vn 0.8439 0.5364 -0.0065
vn 0.8440 0.5363 -0.0065
vn 0.8023 0.5968 0.0135
vn -0.6867 0.4410 0.5778
vn 0.1696 0.8191 0.5480
vn 0.1604 0.6863 0.7094
vn 0.0678 0.9227 0.3794
vn -0.5626 0.1632 0.8105
vn 0.3641 -0.2102 0.9073
vn 0.2973 -0.1724 0.9391
vn 0.7356 -0.2183 0.6413
vn -0.6122 0.5840 0.5330
vn 0.0722 0.9216 0.3813
vn 0.6389 0.7557 -0.1440
vn 0.9718 0.2356 -0.0000
vn 0.9869 -0.1268 0.0995
vn 0.9648 0.2359 0.1158
vn 0.9731 0.1171 0.1982
vn 0.5699 0.8184 -0.0740
vn 0.9279 0.2368 0.2880
vn 0.9151 -0.1102 0.3879
vn 0.7975 -0.4169 0.4361
vn 0.7507 -0.4159 0.5133
vn 0.7611 -0.1096 0.6393
vn 0.6005 -0.2568 0.7573
vn 0.4847 -0.2451 0.8397
vn 0.4218 -0.1710 0.8904
vn 0.0774 0.8961 0.4371
vn -0.0000 -0.9996 -0.0276
vn 0.0049 -0.9987 -0.0512
vn 0.0145 -0.9971 -0.0748
vn 0.0330 -0.9932 -0.1113
vn 0.0640 -0.9854 -0.1581
vn 0.1150 -0.9686 -0.2204
vn 0.2559 -0.8836 -0.3922
vn 0.4535 -0.6889 -0.5655
vn 0.6344 -0.4192 -0.6494
vn 0.7611 -0.1096 -0.6393
vn 0.8022 0.2358 -0.5485
vn 0.8712 0.1167 -0.4769
vn 0.9133 -0.1265 -0.3872
vn 0.9282 0.2352 -0.2881
vn -0.0085 0.4682 -0.8836
vn 0.7867 0.2255 -0.5747
vn 0.9559 0.1555 -0.2491
vn 0.8602 0.5026 -0.0867
vn 0.8473 0.5024 -0.1725
vn 0.9693 0.2385 -0.0603
vn 0.9583 0.2825 -0.0417
vn 0.2159 -0.8845 0.4136
vn 0.1038 -0.9689 0.2246
vn 0.0640 -0.9854 0.1581
vn 0.0330 -0.9932 0.1113
vn 0.0145 -0.9971 0.0748
vn 0.0049 -0.9987 0.0512
vn 0.0013 -0.9996 0.0275
vn 0.3982 -0.6849 0.6102
vn 0.5698 -0.4129 0.7105
vn 0.6947 -0.1094 0.7109
vn 0.5768 0.4930 0.6514
vn 0.0076 0.9223 0.3863
vn 0.3109 0.9433 0.1159
vn -0.1142 0.8459 0.5210
vn -0.0786 0.9324 0.3528
vn 0.3787 0.9208 0.0930
vn 0.2378 0.9685 0.0743
vn 0.7966 0.5999 -0.0750
vn 0.8352 0.5489 -0.0335
vn 0.7128 0.7014 0.0034
vn 0.4400 0.4913 0.7517
vn -0.6356 0.3751 0.6748
vn -0.4844 0.2748 0.8306
vn 0.2558 -0.1199 0.9593
vn 0.2434 -0.1532 0.9577
vn 0.7751 -0.1749 0.6071
vn 0.8007 -0.2089 0.5614
vn 0.9919 -0.1269 -0.0000
vn 0.9881 0.1172 0.0997
vn 0.9520 0.2371 0.1938
vn 0.5698 0.8184 -0.0740
vn 0.9492 -0.1104 0.2947
vn 0.8365 -0.4178 0.3545
vn 0.6354 -0.6894 0.3479
vn 0.5985 -0.6885 0.4096
vn 0.6968 -0.4149 0.5851
vn 0.5768 0.4929 0.6515
vn -0.1670 0.5981 0.7838
vn -0.1564 0.7033 0.6934
vn 0.7073 -0.2443 0.6633
vn 0.8138 -0.1645 0.5575
vn 0.3640 -0.2103 0.9074
vn 0.3115 -0.1245 0.9420
vn 0.0026 -0.9996 -0.0275
vn 0.0098 -0.9987 -0.0505
vn 0.0216 -0.9971 -0.0730
vn 0.0435 -0.9933 -0.1075
vn 0.0788 -0.9854 -0.1509
vn 0.1356 -0.9687 -0.2078
vn 0.2923 -0.8840 -0.3648
vn 0.5062 -0.6896 -0.5180
vn 0.6950 -0.4197 -0.5838
vn 0.8205 -0.1098 -0.5611
vn 0.8525 0.2362 -0.4663
vn 0.9143 0.1169 -0.3878
vn 0.9473 -0.1266 -0.2941
vn 0.9524 0.2354 -0.1938
vn -0.6364 0.6770 -0.3697
vn 0.8478 0.1754 -0.5005
vn 0.8978 0.1516 -0.4136
vn 0.9764 -0.1842 0.1124
vn 0.9637 -0.1293 0.2337
vn 0.2547 -0.8848 0.3902
vn 0.1150 -0.9686 0.2204
vn 0.0713 -0.9855 0.1543
vn 0.0435 -0.9933 0.1075
vn 0.0216 -0.9971 0.0730
vn 0.0098 -0.9987 0.0505
vn 0.0027 -0.9996 0.0274
vn 0.4552 -0.6857 0.5679
vn 0.6362 -0.4139 0.6510
vn -0.5659 0.3204 0.7596
vn -0.0671 0.8689 0.4905
vn -0.0782 0.9325 0.3527
vn 0.0150 0.9679 0.2508
vn 0.4240 0.9042 0.0514
vn 0.1218 0.9800 0.1573
vn 0.2376 0.9685 0.0746
vn 0.5442 0.4930 0.6788
vn -0.1664 0.7685 0.6179
vn -0.1547 0.8750 0.4587
vn 0.4964 0.8670 0.0439
vn 0.3582 0.9336 0.0069
vn 0.8353 0.5488 -0.0336
vn 0.7025 0.7065 -0.0854
vn 0.6092 0.7929 0.0139
vn 0.1500 -0.0499 0.9874
vn 0.1270 -0.0767 0.9889
vn 0.8504 -0.1229 0.5115
vn 0.8772 -0.1516 0.4556
vn 0.8746 0.4829 0.0432
vn 0.6030 0.4297 -0.6722
vn 0.6332 0.2983 -0.7142
vn 0.5782 0.5424 -0.6095
vn 0.9869 -0.1268 -0.0995
vn 0.9670 0.2356 -0.0974
vn 0.9931 0.1173 -0.0000
vn 0.9666 0.2372 0.0974
vn 0.9739 -0.1105 0.1983
vn 0.8674 -0.4186 0.2692
vn 0.6662 -0.6902 0.2827
vn 0.3824 -0.8862 0.2616
vn 0.4060 -0.8865 0.2222
vn 0.5559 -0.6876 0.4672
vn -0.1543 0.4837 0.8615
vn 0.8006 -0.2093 0.5614
vn 0.8511 -0.1704 0.4965
vn 0.2432 -0.1534 0.9578
vn 0.2036 -0.0540 0.9776
vn 0.0053 -0.9996 -0.0271
vn 0.0146 -0.9987 -0.0493
vn 0.0285 -0.9971 -0.0705
vn 0.0536 -0.9933 -0.1026
vn 0.0929 -0.9855 -0.1423
vn 0.1549 -0.9689 -0.1932
vn 0.3260 -0.8845 -0.3339
vn 0.5541 -0.6902 -0.4653
vn 0.7490 -0.4201 -0.5123
vn 0.8720 -0.1100 -0.4770
vn 0.8946 0.2366 -0.3792
vn 0.9484 0.1170 -0.2946
vn 0.9720 -0.1268 -0.1979
vn 0.6656 0.4764 0.5744
vn 0.5971 0.5873 0.5464
vn 0.9622 -0.2422 0.1245
vn 0.9494 -0.1844 0.2542
vn 0.9757 -0.2183 -0.0170
vn 0.9380 -0.0556 0.3421
vn 0.8595 -0.4385 -0.2628
vn 0.8759 -0.4729 -0.0955
vn 0.2910 -0.8851 0.3631
vn 0.1356 -0.9687 0.2078
vn 0.0788 -0.9854 0.1509
vn 0.0482 -0.9934 0.1044
vn 0.0285 -0.9971 0.0705
vn 0.0146 -0.9987 0.0493
vn 0.0053 -0.9996 0.0271
vn 0.5079 -0.6867 0.5201
vn -0.1226 0.7949 0.5943
vn -0.1550 0.8750 0.4587
vn 0.5353 0.8447 0.0043
vn 0.3578 0.9338 0.0069
vn -0.1971 0.6764 0.7097
vn -0.2116 0.7979 0.5645
vn 0.4790 0.8767 -0.0440
vn 0.9339 -0.0745 0.3496
vn 0.9686 0.0196 0.2480
vn 0.9799 0.1265 0.1541
vn 0.9675 0.2424 0.0723
vn 0.9317 0.3633 0.0051
vn 0.5954 0.8000 -0.0745
vn -0.2462 0.7040 0.6661
vn -0.2576 0.5969 0.7598
vn -0.2449 0.4809 0.8419
vn -0.2094 0.3601 0.9091
vn -0.1516 0.2395 0.9590
vn -0.0744 0.1235 0.9895
vn 0.0199 0.0171 0.9997
vn 0.0523 0.0351 0.9980
vn 0.9084 -0.0518 0.4148
vn 0.9263 0.3655 0.0913
vn 0.8741 0.4837 -0.0449
vn 0.6702 0.1537 -0.7260
vn 0.5725 0.3679 -0.7327
vn 0.6075 0.2224 -0.7625
vn 0.5437 0.4986 -0.6751
vn 0.5595 0.6349 -0.5328
vn 0.9881 0.1172 -0.0997
vn 0.5246 0.8513 -0.0020
vn 0.5240 0.8467 -0.0927
vn 0.9715 0.2372 -0.0000
vn 0.9889 -0.1105 0.0997
vn 0.8896 -0.4193 0.1810
vn 0.6904 -0.6909 0.2146
vn 0.4256 -0.8867 0.1805
vn 0.3552 -0.8858 0.2985
vn 0.2031 -0.9692 0.1390
vn 0.2155 -0.9694 0.1179
vn -0.2452 0.4808 0.8418
vn -0.2572 0.5970 0.7599
vn -0.1187 0.3654 0.9233
vn 0.8798 -0.1171 0.4607
vn 0.8772 -0.1517 0.4555
vn 0.1268 -0.0770 0.9889
vn 0.1027 0.0340 0.9941
vn 0.0078 -0.9996 -0.0264
vn 0.0192 -0.9987 -0.0476
vn 0.0351 -0.9971 -0.0673
vn 0.0631 -0.9933 -0.0968
vn 0.1060 -0.9855 -0.1323
vn 0.1727 -0.9690 -0.1768
vn 0.3565 -0.8849 -0.2997
vn 0.5969 -0.6908 -0.4081
vn 0.7959 -0.4205 -0.4355
vn 0.9151 -0.1102 -0.3879
vn 0.9279 0.2368 -0.2880
vn 0.9731 0.1172 -0.1982
vn 0.7329 0.3614 0.5763
vn 0.5295 0.6895 0.4942
vn 0.6329 0.4641 0.6197
vn 0.5595 0.5827 0.5894
vn 0.9229 -0.1058 0.3702
vn 0.9604 -0.2785 -0.0135
vn 0.9616 -0.2300 -0.1496
vn 0.9005 0.0339 0.4335
vn 0.8318 -0.3682 -0.4153
vn 0.8798 -0.4692 0.0764
vn 0.8341 -0.4914 -0.2506
vn 0.8493 -0.5207 -0.0873
vn 0.3247 -0.8855 0.3324
vn 0.1549 -0.9689 0.1932
vn 0.0929 -0.9855 0.1423
vn 0.0536 -0.9933 0.1026
vn 0.0318 -0.9971 0.0689
vn 0.0192 -0.9987 0.0476
vn 0.0078 -0.9996 0.0264
vn -0.2115 0.7979 0.5645
vn -0.2463 0.7039 0.6662
vn -0.1518 0.2395 0.9590
vn -0.0745 0.1235 0.9896
vn 0.0197 0.0169 0.9997
vn 0.9339 -0.0746 0.3497
vn 0.9685 0.0196 0.2482
vn 0.9799 0.1264 0.1543
vn 0.9674 0.2426 0.0723
vn 0.9316 0.3635 0.0056
vn 0.8738 0.4842 -0.0448
vn 0.7966 0.5998 -0.0751
vn 0.7025 0.7065 -0.0855
vn 0.5950 0.8002 -0.0749
vn 0.4790 0.8767 -0.0434
vn 0.6407 0.7674 -0.0239
vn 0.8192 0.5731 -0.0232
vn 0.8859 0.4639 0.0058
vn 0.9465 0.0361 0.3208
vn -0.0336 0.1324 0.9906
vn 0.9560 0.2486 0.1557
vn 0.7112 0.0046 -0.7029
vn 0.6476 0.0701 -0.7587
vn 0.5211 0.6096 -0.5974
vn 0.5457 0.7078 -0.4486
vn 0.3578 0.9090 0.2137
vn 0.3182 0.9437 0.0908
vn 0.9666 0.2372 -0.0974
vn 0.4779 0.8784 0.0078
vn 0.4772 0.8733 -0.0981
vn 0.5275 0.8448 0.0900
vn 0.5255 0.8310 -0.1825
vn 0.9939 -0.1106 -0.0000
vn 0.9030 -0.4199 0.0909
vn 0.7079 -0.6914 0.1443
vn 0.4412 -0.8869 0.1370
vn 0.2258 -0.9695 0.0958
vn 0.1888 -0.9691 0.1587
vn 0.1390 -0.9857 0.0951
vn 0.1475 -0.9858 0.0807
vn -0.0623 0.2478 0.9668
vn 0.9301 -0.0467 0.3644
vn 0.0128 0.1358 0.9907
vn 0.0103 -0.9996 -0.0255
vn 0.0237 -0.9987 -0.0454
vn 0.0414 -0.9971 -0.0635
vn 0.0721 -0.9933 -0.0900
vn 0.1182 -0.9856 -0.1210
vn 0.1888 -0.9691 -0.1587
vn 0.3836 -0.8854 -0.2626
vn 0.6340 -0.6913 -0.3467
vn 0.8352 -0.4207 -0.3542
vn 0.9492 -0.1104 -0.2947
vn 0.9520 0.2371 -0.1938
vn 0.7960 0.2465 0.5528
vn 0.7050 0.3410 0.6218
vn 0.4867 0.6918 0.5335
vn 0.4655 0.7794 0.4194
vn 0.8834 -0.0099 0.4685
vn 0.9442 -0.2909 -0.1547
vn 0.9144 -0.2784 -0.2938
vn 0.8719 -0.2426 -0.4253
vn 0.8186 -0.1843 -0.5440
vn 0.7564 -0.1057 -0.6455
vn 0.6877 -0.0099 -0.7259
vn 0.6148 0.0991 -0.7824
vn 0.5413 0.2176 -0.8122
vn 0.4692 0.3408 -0.8147
vn 0.4019 0.4641 -0.7894
vn 0.3416 0.5826 -0.7375
vn 0.2908 0.6918 -0.6610
vn 0.2513 0.7874 -0.5629
vn 0.2246 0.8661 -0.4466
vn 0.2120 0.9244 -0.3169
vn 0.2138 0.9604 -0.1789
vn 0.2299 0.9725 -0.0377
vn 0.2597 0.9604 0.1013
vn 0.3023 0.9244 0.2326
vn 0.3556 0.8660 0.3514
vn 0.4180 0.7874 0.4530
vn 0.7722 0.2177 0.5969
vn 0.8327 0.0995 0.5447
vn 0.9345 -0.2189 -0.2806
vn 0.8525 0.1359 0.5048
vn 0.7956 -0.2660 -0.5443
vn 0.8085 -0.4290 -0.4029
vn 0.8527 -0.5163 0.0796
vn 0.8707 -0.4275 0.2431
vn 0.1727 -0.9690 0.1768
vn 0.1060 -0.9855 0.1323
vn 0.0631 -0.9933 0.0968
vn 0.0351 -0.9971 0.0673
vn 0.0213 -0.9987 0.0461
vn 0.0103 -0.9996 0.0255
vn 0.7365 0.6756 -0.0331
vn -0.2058 0.5730 0.7933
vn 0.9627 0.1374 0.2332
vn -0.1047 0.2387 0.9654
vn 0.7542 -0.1389 -0.6418
vn 0.6907 -0.0798 -0.7187
vn 0.5042 0.6992 -0.5068
vn 0.5360 0.7633 -0.3608
vn 0.4075 0.8536 0.3246
vn 0.2906 0.9560 -0.0396
vn 0.9889 -0.1106 -0.0997
vn 0.4790 0.8540 -0.2030
vn 0.4816 0.8688 0.1152
vn 0.5329 0.8260 0.1838
vn 0.5294 0.8036 -0.2720
vn 0.9074 -0.4204 -0.0001
vn 0.7184 -0.6919 0.0726
vn 0.4524 -0.8870 0.0921
vn 0.2339 -0.9695 0.0726
vn 0.1545 -0.9858 0.0655
vn 0.1292 -0.9856 0.1086
vn 0.0945 -0.9934 0.0647
vn 0.1003 -0.9934 0.0549
vn 0.9615 0.0383 0.2721
vn 0.0127 -0.9996 -0.0243
vn 0.0279 -0.9987 -0.0428
vn 0.0473 -0.9971 -0.0590
vn 0.0804 -0.9934 -0.0823
vn 0.1292 -0.9856 -0.1086
vn 0.2031 -0.9692 -0.1390
vn 0.4071 -0.8858 -0.2229
vn 0.6649 -0.6917 -0.2817
vn 0.8663 -0.4208 -0.2691
vn 0.9739 -0.1105 -0.1983
vn 0.8955 -0.1855 -0.4047
vn 0.7741 -0.3365 -0.5363
vn 0.8444 -0.4781 0.2417
vn 0.8493 -0.3507 0.3945
vn 0.1182 -0.9856 0.1210
vn 0.0721 -0.9933 0.0900
vn 0.0414 -0.9971 0.0635
vn 0.0237 -0.9987 0.0454
vn 0.0115 -0.9996 0.0248
vn -0.1929 0.4631 0.8650
vn -0.1587 0.3504 0.9231
vn 0.7341 -0.2179 -0.6431
vn 0.4920 0.7688 -0.4085
vn 0.2755 0.9457 -0.1724
vn 0.9026 -0.4207 -0.0911
vn 0.4838 0.8197 -0.3067
vn 0.4882 0.8435 0.2239
vn 0.4237 0.5545 -0.7163
vn 0.5412 0.7931 0.2794
vn 0.7218 -0.6921 0.0002
vn 0.4593 -0.8871 0.0463
vn 0.2397 -0.9696 0.0488
vn 0.1600 -0.9859 0.0497
vn 0.1050 -0.9935 0.0446
vn 0.0879 -0.9934 0.0739
vn 0.0620 -0.9972 0.0424
vn 0.0657 -0.9972 0.0360
vn 0.9729 0.1353 0.1876
vn 0.0150 -0.9996 -0.0230
vn 0.0319 -0.9987 -0.0398
vn 0.0527 -0.9972 -0.0540
vn 0.0879 -0.9934 -0.0738
vn 0.1390 -0.9857 -0.0951
vn 0.2155 -0.9694 -0.1179
vn 0.4266 -0.8862 -0.1810
vn 0.6894 -0.6921 -0.2139
vn 0.8889 -0.4208 -0.1811
vn 0.8460 -0.1306 -0.5169
vn 0.8250 -0.4076 0.3915
vn 0.8179 -0.2429 0.5216
vn 0.7050 0.0691 -0.7058
vn 0.0804 -0.9934 0.0823
vn 0.0473 -0.9971 0.0590
vn 0.0279 -0.9987 0.0428
vn 0.0127 -0.9996 0.0244
vn 0.9346 0.3519 0.0517
vn 0.2741 0.9129 -0.3026
vn 0.7180 -0.6923 -0.0722
vn 0.5599 0.5409 0.6276
vn 0.5925 0.4102 0.6933
vn 0.6306 0.2636 0.7300
vn 0.6731 0.1096 0.7314
vn 0.7164 -0.0431 0.6964
vn 0.7583 -0.1849 0.6251
vn 0.7952 -0.3089 0.5217
vn 0.4987 0.8002 0.3331
vn 0.5136 0.7366 0.4401
vn 0.5335 0.6506 0.5405
vn 0.5532 0.7436 0.3755
vn 0.3982 0.5941 -0.6989
vn 0.4617 -0.8871 -0.0001
vn 0.2433 -0.9697 0.0245
vn 0.1640 -0.9859 0.0334
vn 0.1088 -0.9935 0.0338
vn 0.0689 -0.9972 0.0292
vn 0.0576 -0.9972 0.0484
vn 0.0418 -0.9987 0.0286
vn 0.0444 -0.9987 0.0243
vn 0.9639 0.2411 0.1131
vn 0.0171 -0.9996 -0.0213
vn 0.0356 -0.9987 -0.0364
vn 0.0576 -0.9972 -0.0484
vn 0.0945 -0.9934 -0.0647
vn 0.1475 -0.9858 -0.0807
vn 0.2258 -0.9695 -0.0958
vn 0.4419 -0.8865 -0.1373
vn 0.7072 -0.6922 -0.1438
vn 0.7879 -0.0568 -0.6132
vn 0.7234 0.0335 -0.6896
vn 0.7791 -0.1111 0.6170
vn 0.0527 -0.9972 0.0540
vn 0.0319 -0.9987 0.0398
vn 0.0150 -0.9996 0.0229
vn 0.2861 0.8588 -0.4249
vn 0.4595 -0.8869 -0.0464
vn 0.5696 0.6747 0.4694
vn 0.4788 0.5036 -0.7191
vn 0.3487 0.6957 -0.6280
vn 0.2444 -0.9697 -0.0000
vn 0.1665 -0.9859 0.0168
vn 0.1115 -0.9935 0.0227
vn 0.0713 -0.9972 0.0222
vn 0.0465 -0.9987 0.0197
vn 0.0389 -0.9987 0.0327
vn 0.0224 -0.9996 0.0153
vn 0.0238 -0.9996 0.0130
vn 0.0191 -0.9996 -0.0195
vn 0.0389 -0.9987 -0.0327
vn 0.0620 -0.9972 -0.0424
vn 0.1003 -0.9934 -0.0549
vn 0.1545 -0.9858 -0.0655
vn 0.2339 -0.9695 -0.0726
vn 0.4529 -0.8868 -0.0923
vn 0.6898 0.1399 -0.7103
vn 0.7366 0.0365 0.6754
vn 0.0356 -0.9987 0.0364
vn 0.0171 -0.9996 0.0213
vn 0.3113 0.7855 -0.5348
vn 0.2433 -0.9697 -0.0245
vn 0.5919 0.5837 0.5558
vn 0.5466 0.3814 -0.7455
vn 0.1673 -0.9859 -0.0000
vn 0.1132 -0.9935 0.0114
vn 0.0731 -0.9972 0.0149
vn 0.0481 -0.9987 0.0150
vn 0.0249 -0.9996 0.0106
vn 0.0208 -0.9996 0.0175
vn 0.0208 -0.9996 -0.0175
vn 0.0418 -0.9987 -0.0286
vn 0.0657 -0.9972 -0.0360
vn 0.1050 -0.9935 -0.0446
vn 0.1600 -0.9859 -0.0497
vn 0.2397 -0.9696 -0.0488
vn 0.6181 0.2583 -0.7425
vn 0.6940 0.1891 0.6947
vn 0.0191 -0.9996 0.0195
vn 0.1665 -0.9859 -0.0168
vn 0.6200 0.4704 0.6279
vn 0.6544 0.3369 0.6770
vn 0.1137 -0.9935 -0.0000
vn 0.0742 -0.9972 0.0075
vn 0.0493 -0.9987 0.0101
vn 0.0258 -0.9996 0.0080
vn 0.0224 -0.9996 -0.0153
vn 0.0444 -0.9987 -0.0243
vn 0.0689 -0.9972 -0.0292
vn 0.1088 -0.9935 -0.0338
vn 0.1640 -0.9859 -0.0334
vn 0.1132 -0.9935 -0.0114
vn 0.0746 -0.9972 -0.0000
vn 0.0501 -0.9987 0.0050
vn 0.0264 -0.9996 0.0054
vn 0.0238 -0.9996 -0.0130
vn 0.0465 -0.9987 -0.0197
vn 0.0713 -0.9972 -0.0222
vn 0.1115 -0.9935 -0.0227
vn 0.0742 -0.9972 -0.0075
vn 0.0503 -0.9987 -0.0000
vn 0.0268 -0.9996 0.0027
vn 0.0249 -0.9996 -0.0106
vn 0.0481 -0.9987 -0.0150
vn 0.0731 -0.9972 -0.0149
vn 0.0501 -0.9987 -0.0050
vn 0.0270 -0.9996 -0.0000
vn 0.0258 -0.9996 -0.0080
vn 0.0493 -0.9987 -0.0100
vn 0.0268 -0.9996 -0.0027
vn 0.0264 -0.9996 -0.0054
vn -0.9382 -0.0811 0.3364
vn -0.9124 -0.1020 0.3963
vn -0.8588 -0.0377 0.5109
vn -0.9509 -0.1515 0.2700
vn -0.9716 -0.1731 0.1612
vn -0.8550 -0.0071 0.5186
vn -0.7931 0.0429 0.6076
vn -0.9733 -0.1867 0.1337
vn -0.9845 -0.1548 0.0824
vn -0.8347 0.0554 0.5480
vn -0.9808 -0.1940 0.0214
vn -0.7916 0.0796 0.6059
vn -0.7197 0.1385 0.6804
vn -0.9807 -0.1943 0.0211
vn -0.9794 -0.2021 0.0013
vn -0.9819 -0.1768 -0.0678
vn -0.7687 0.1496 0.6219
vn -0.9987 0.0403 -0.0325
vn -0.7230 0.1817 0.6665
vn -0.6467 0.2470 0.7216
vn -0.9731 -0.1865 -0.1353
vn -0.7013 0.2559 0.6654
vn -0.9711 -0.1752 -0.1619
vn -0.6545 0.2975 0.6950
vn -0.5801 0.3660 0.7277
vn -0.9507 -0.1525 -0.2701
vn -0.9694 -0.1231 -0.2122
vn -0.9451 -0.1458 -0.2926
vn -0.9122 -0.1030 -0.3967
vn -0.9390 -0.0785 -0.3349
vn -0.5932 0.5044 0.6275
vn -0.9069 -0.0798 -0.4137
vn -0.5636 0.5476 0.6185
vn -0.5093 0.5990 0.6179
vn -0.8586 -0.0383 -0.5113
vn -0.8939 -0.0187 -0.4479
vn -0.5758 0.6113 0.5429
vn -0.8535 -0.0090 -0.5209
vn -0.5577 0.6498 0.5165
vn -0.5122 0.6925 0.5080
vn -0.7926 0.0425 -0.6082
vn -0.8363 0.0570 -0.5453
vn -0.5829 0.6901 0.4290
vn -0.7903 0.0778 -0.6077
vn -0.5696 0.7195 0.3973
vn -0.5334 0.7546 0.3822
vn -0.7192 0.1379 -0.6810
vn -0.7702 0.1500 -0.6199
vn -0.6025 0.7362 0.3083
vn -0.7219 0.1803 -0.6681
vn -0.5911 0.7574 0.2773
vn -0.5586 0.7867 0.2629
vn -0.6456 0.2468 -0.7227
vn -0.7023 0.2576 -0.6636
vn -0.6230 0.7559 0.2009
vn -0.6567 0.3007 -0.6916
vn -0.6097 0.7734 0.1734
vn -0.5782 0.7998 0.1615
vn -0.5806 0.3644 -0.7281
vn -0.6373 0.7624 0.1119
vn -0.6029 0.4210 -0.6777
vn -0.6210 0.7791 0.0857
vn -0.5883 0.8050 0.0762
vn -0.6010 0.4233 -0.6780
vn -0.5336 0.4852 -0.6927
vn -0.5930 0.5027 -0.6290
vn -0.6433 0.7648 0.0363
vn 0.1967 0.9801 0.0284
vn -0.5678 0.5481 -0.6142
vn -0.5898 0.8076 -0.0004
vn -0.5121 0.6000 -0.6147
vn -0.5748 0.6094 -0.5460
vn -0.5643 0.6479 -0.5117
vn -0.5199 0.8542 0.0056
vn -0.5896 0.8043 -0.0735
vn -0.5174 0.6939 -0.5007
vn -0.5809 0.6894 -0.4328
vn -0.6243 0.7766 -0.0846
vn -0.5825 0.7977 -0.1563
vn -0.5399 0.7548 -0.3726
vn -0.6190 0.7801 -0.0908
vn -0.6360 0.7635 -0.1126
vn -0.6002 0.7523 -0.2716
vn -0.6162 0.7690 -0.1702
vn -0.5649 0.7849 -0.2545
vn -0.6212 0.7568 -0.2031
vn -0.8204 -0.3669 -0.4386
vn -0.6333 -0.5999 -0.4889
vn -0.3313 -0.3411 0.8797
vn -0.1512 -0.5420 0.8267
vn -0.9293 -0.2077 -0.3053
vn 0.5367 0.6038 -0.5894
vn -0.5421 -0.1239 0.8311
vn -0.9746 -0.1073 -0.1966
vn -0.4807 -0.7624 -0.4333
vn -0.6776 0.0010 0.7355
vn -0.0710 -0.6912 0.7192
vn -0.3327 -0.8738 -0.3546
vn -0.7890 0.0395 0.6131
vn -0.0132 -0.8138 0.5810
vn -0.9964 -0.0389 -0.0754
vn -0.0210 -0.9769 0.2129
vn -0.9916 0.0934 0.0894
vn 0.4814 0.7588 -0.4386
vn -0.1999 -0.9507 -0.2371
vn -0.8640 0.0513 0.5009
vn -0.0106 -0.9973 -0.0731
vn -0.9617 0.0133 0.2737
vn -0.0380 -0.9992 -0.0092
vn 0.9788 0.1495 -0.1400
vn -0.9864 0.0781 0.1445
vn 0.5033 0.8624 0.0534
vn 0.1394 -0.9902 -0.0048
vn -0.9878 -0.1062 0.1135
vn 0.5134 0.8575 -0.0339
vn 0.5166 0.8536 -0.0663
vn -0.9986 0.0531 0.0008
vn 0.5029 0.8635 -0.0371
vn -0.0134 -0.9999 -0.0018
vn 0.1985 -0.9801 -0.0000
vn -0.9874 -0.1580 0.0055
vn 0.9932 0.0708 -0.0923
vn -0.0438 -0.9990 0.0091
vn -0.9873 0.0841 -0.1348
vn 0.1334 -0.9911 0.0007
vn -0.9899 -0.0919 -0.1075
vn -0.0358 -0.9782 -0.2045
vn -0.9908 0.1060 -0.0837
vn 0.9870 0.1600 0.0136
vn 0.5279 0.8491 -0.0192
vn 0.5155 0.8504 0.1048
vn -0.9600 0.0261 -0.2787
vn -0.0128 -0.9978 0.0645
vn -0.9962 -0.0272 0.0828
vn -0.0186 -0.8140 -0.5806
vn 0.9719 0.2339 0.0253
vn 0.5084 0.8608 0.0230
vn -0.2047 -0.9505 0.2338
vn -0.8617 0.0614 -0.5037
vn 0.4817 0.7589 0.4383
vn -0.0763 -0.6918 -0.7180
vn -0.9740 -0.0989 0.2041
vn 0.9598 0.2782 -0.0372
vn 0.5698 0.8185 -0.0740
vn -0.3372 -0.8730 0.3524
vn -0.7847 0.0454 -0.6182
vn -0.4826 -0.7617 0.4324
vn -0.6749 0.0020 -0.7379
vn -0.1564 -0.5431 -0.8250
vn -0.9284 -0.2023 0.3116
vn -0.6336 -0.5985 0.4903
vn -0.5420 -0.1259 -0.8309
vn 0.5369 0.6042 0.5889
vn 0.7104 0.6788 -0.1857
vn -0.8193 -0.3630 0.4439
vn -0.3346 -0.3432 -0.8776
vn 0.8930 0.4236 -0.1520
vn 0.6987 0.3381 0.6304
vn 0.5588 0.6128 -0.5588
vn 0.3192 0.2559 -0.9125
vn -0.1249 0.2886 0.9492
vn -0.0003 0.5413 0.8409
vn -1.0000 -0.0001 -0.0000
vn -0.5588 0.6128 -0.5588
vn 0.4145 -0.7060 0.5743
vn 0.7498 -0.0322 0.6608
vn 0.1251 0.2887 0.9492
vn 1.0000 -0.0000 -0.0000
vn -1.0000 -0.0000 -0.0000
vn -0.4123 -0.8050 0.4265
vn -0.4348 -0.8720 0.2250
vn -0.4422 -0.8837 0.1535
vn -0.4090 0.2122 0.8875
vn -1.0000 -0.0002 -0.0000
vn -1.0000 0.0001 -0.0000
vn -0.0000 -0.0000 1.0000
vn 0.0001 -0.9996 0.0275
vn 0.4146 -0.7059 0.5742
vn 0.3193 0.2558 -0.9125
vn 0.5878 -0.6229 0.5162
vn 0.5773 -0.5773 -0.5774
vn 0.5774 0.5773 -0.5773
vn 0.5681 0.5251 0.6336
vn -0.5878 -0.6229 0.5162
vn -0.5774 -0.5773 -0.5773
vn -0.5682 0.5251 0.6336
vn -0.5773 0.5774 -0.5774
vn 0.5878 -0.6229 -0.5162
vn 0.5681 0.5251 -0.6336
vn 0.5774 0.5773 0.5773
vn 0.5773 -0.5773 0.5774
vn -0.5878 -0.6229 -0.5162
vn -0.5682 0.5251 -0.6336
vn -0.5774 -0.5773 0.5773
vn -0.5773 0.5774 0.5774
vn 0.5149 -0.6238 -0.5881
vn -0.5773 0.5773 -0.5774
vn 0.6348 0.5239 -0.5680
vn 0.5149 -0.6238 0.5880
vn -0.5773 -0.5773 0.5774
vn 0.6347 0.5239 0.5680
vn -0.5774 0.5774 0.5773
vn -0.5149 -0.6238 -0.5881
vn -0.6347 0.5239 -0.5680
vn 0.5773 0.5773 -0.5774
vn 0.5774 -0.5773 -0.5773
vn -0.5149 -0.6238 0.5880
vn -0.6347 0.5239 0.5680
vn 0.5774 0.5774 0.5773
vn -0.4282 0.8292 0.3593
vn -0.6783 0.3668 0.6367
vn -0.0943 -0.0709 0.9930
vn 0.1113 0.4909 0.8641
vn -0.5844 0.8114 -0.0083
vn -0.7930 0.6092 -0.0043
vn 0.5377 0.5261 0.6588
vn 0.5658 -0.4463 0.6933
vn -0.7947 0.6018 0.0798
vn -0.5907 0.2898 0.7530
vn 0.4264 0.5623 0.7086
vn -0.3035 0.8773 -0.3718
vn -0.0282 -0.1152 0.9929
vn 0.5804 -0.6972 0.4208
vn -0.5324 0.5393 -0.6524
vn -0.1033 0.6120 0.7841
vn -0.3599 0.9316 0.0518
vn -0.2612 0.8590 -0.4403
vn -0.9948 0.0845 -0.0574
vn -0.9368 -0.3041 0.1732
vn -0.4419 -0.7595 0.4774
vn 0.0424 -0.9977 0.0520
vn 0.9564 -0.2856 0.0605
vn -0.3621 -0.5201 0.7735
vn -0.6322 -0.0136 -0.7747
vn 0.1848 0.4144 -0.8912
vn -0.1456 0.2753 -0.9503
vn -0.3857 0.8513 -0.3557
vn 0.1097 0.5262 0.8433
vn -0.5229 -0.5621 -0.6407
vn 0.4780 -0.8208 -0.3126
vn -0.0129 0.0003 -0.9999
vn 0.5027 -0.6578 -0.5608
vn 0.7935 0.0430 -0.6070
vn -0.6535 0.4578 -0.6028
vn -0.0619 0.8773 -0.4759
vn -0.3856 0.8513 -0.3557
vn 0.6298 0.4461 0.6359
vn 0.6795 0.7284 -0.0874
vn -0.3621 -0.5202 0.7735
vn 0.1155 -0.4463 0.8874
vn 0.2034 -0.3856 -0.9000
vn -0.9861 -0.1299 0.1033
vn -0.1087 0.5394 -0.8350
vn 0.5341 0.7154 -0.4505
vn 0.7880 -0.2818 0.5474
vn 0.9914 0.0551 -0.1187
vn -0.5472 -0.1152 0.8290
vn -0.7174 0.6018 -0.3509
vn -0.8989 0.2898 0.3287
vn -0.1087 0.5393 -0.8350
vn 0.6162 0.4194 -0.6666
vn 0.7810 -0.2856 0.5555
vn -0.6272 -0.7595 0.1729
vn 0.0087 -0.9977 0.0666
vn -0.1290 -0.0136 -0.9915
vn -0.8151 0.0845 -0.5731
vn 0.6267 0.4144 -0.6600
vn 0.9943 0.0430 -0.0977
vn 0.5710 -0.8208 -0.0138
vn -0.8874 -0.3041 -0.3465
vn -0.1067 -0.5622 -0.8201
vn 0.5160 0.0003 -0.8566
vn 0.6472 -0.3856 -0.6576
vn -0.3622 -0.5202 0.7734
vn -0.1034 0.6120 0.7841
vn 0.1330 0.8292 -0.5429
vn 0.1707 0.3668 -0.9145
vn -0.5110 -0.0709 -0.8567
vn -0.6005 0.4908 -0.6312
vn 0.4763 0.8114 -0.3387
vn 0.6422 0.6092 -0.4653
vn -0.8231 0.5262 -0.2136
vn 0.0314 0.2898 -0.9566
vn -0.5642 -0.1152 -0.8176
vn -0.8662 -0.4463 -0.2248
vn -0.7627 0.5623 -0.3195
vn 0.4645 0.8773 0.1205
vn 0.5938 0.6018 -0.5341
vn -0.7169 -0.6972 0.0037
vn 0.8151 0.5393 0.2115
vn -0.3801 0.6120 -0.6935
vn 0.2597 0.9316 -0.2545
vn 0.4710 0.8590 0.2008
vn 0.0742 -0.7595 -0.6463
vn -0.0650 -0.9977 -0.0169
vn -0.8072 -0.2856 0.5166
vn 0.9679 -0.0136 0.2512
vn 0.8363 0.0845 -0.5417
vn 0.3778 0.4144 0.8280
vn 0.6791 0.2753 0.6804
vn 0.5214 0.8513 0.0590
vn -0.5870 0.5261 -0.6153
vn 0.6532 -0.3041 -0.6934
vn 0.8005 -0.5622 0.2077
vn -0.2008 -0.8208 0.5347
vn -0.2812 0.0430 0.9587
vn -0.0740 -0.6578 0.7495
vn -0.1650 -0.5202 -0.8380
vn 0.6014 0.0003 0.7989
vn 0.8834 0.4579 0.0999
vn 0.3313 0.8773 0.3473
vn 0.5214 0.8513 0.0589
vn -0.8839 0.4461 -0.1406
vn -0.4964 0.7285 0.4721
vn -0.1652 -0.5202 -0.8379
vn -0.6177 -0.4463 -0.6475
vn 0.3679 -0.3855 0.8462
vn 0.7343 -0.1299 -0.6663
vn 0.5812 0.5393 0.6093
vn -0.1645 0.7154 0.6791
vn -0.9592 -0.2818 0.0243
vn -0.0486 -0.1152 -0.9922
vn 0.7861 0.6018 -0.1410
vn 0.5308 0.2898 -0.7964
vn 0.7343 -0.1299 -0.6662
vn -0.1030 0.4194 0.9019
vn -0.7295 0.0551 0.6818
vn -0.9582 -0.2856 0.0136
vn 0.4037 -0.7595 -0.5101
vn -0.0463 -0.9977 -0.0486
vn 0.6902 -0.0137 0.7235
vn 0.9962 0.0845 -0.0196
vn -0.1154 0.4144 0.9028
vn -0.4524 -0.8208 0.3486
vn 0.9206 -0.3041 -0.2451
vn 0.5709 -0.5622 0.5984
vn 0.0901 0.0003 0.9959
vn -0.7442 0.0430 0.6665
vn -0.1333 -0.3856 0.9130
vn -0.1650 -0.5202 -0.8379
vn 0.8834 0.4578 0.0999
vn 0.1951 -0.0000 -0.9808
vn -0.0000 -0.0000 -1.0000
vn -0.0000 0.6857 -0.7279
vn 0.1420 0.6857 -0.7139
vn -0.7071 -0.0000 -0.7071
vn -0.8315 -0.0000 -0.5556
vn -0.6052 0.6857 -0.4044
vn -0.5147 0.6857 -0.5147
vn 0.1951 -0.0000 0.9808
vn 0.3827 -0.0000 0.9239
vn 0.2786 0.6857 0.6725
vn 0.1420 0.6857 0.7139
vn 0.3827 -0.0000 -0.9239
vn 0.2786 0.6857 -0.6725
vn -0.5556 -0.0000 -0.8315
vn -0.4044 0.6857 -0.6052
vn -0.0000 0.6857 0.7279
vn 0.5556 -0.0000 -0.8315
vn 0.4044 0.6857 -0.6052
vn -0.3827 -0.0000 -0.9239
vn -0.2786 0.6857 -0.6725
vn -0.1951 -0.0000 0.9808
vn -0.1420 0.6857 0.7139
vn 0.7071 -0.0000 -0.7071
vn 0.5147 0.6857 -0.5147
vn -0.1951 -0.0000 -0.9808
vn -0.1420 0.6857 -0.7139
vn -0.3827 -0.0000 0.9239
vn -0.2786 0.6857 0.6725
vn 0.8315 -0.0000 -0.5555
vn 0.6052 0.6857 -0.4044
vn -0.5556 -0.0000 0.8315
vn -0.4044 0.6857 0.6052
vn 0.9239 -0.0000 -0.3827
vn 0.6725 0.6857 -0.2785
vn -0.7071 -0.0000 0.7071
vn -0.5147 0.6857 0.5147
vn 0.9808 -0.0000 -0.1951
vn 0.7139 0.6857 -0.1420
vn -0.8315 -0.0000 0.5556
vn -0.6052 0.6857 0.4044
vn 0.7279 0.6857 -0.0000
vn -0.9239 -0.0000 0.3827
vn -0.6725 0.6857 0.2786
vn 0.9808 -0.0000 0.1951
vn 0.7139 0.6857 0.1420
vn -0.9808 -0.0000 0.1951
vn -0.7139 0.6857 0.1420
vn 0.9239 -0.0000 0.3827
vn 0.6725 0.6857 0.2785
vn -0.7279 0.6857 -0.0000
vn 0.8315 -0.0000 0.5555
vn 0.6052 0.6857 0.4044
vn -0.9808 -0.0000 -0.1951
vn -0.7139 0.6857 -0.1420
vn 0.7071 -0.0000 0.7071
vn 0.5147 0.6857 0.5147
vn -0.9239 -0.0000 -0.3827
vn -0.6725 0.6857 -0.2786
vn 0.5556 -0.0000 0.8315
vn 0.4044 0.6857 0.6052
vn -0.6316 0.7298 0.2616
vn -0.6705 0.7299 0.1334
vn 0.6705 0.7299 0.1333
vn 0.6316 0.7298 0.2616
vn -0.6836 0.7299 -0.0000
vn 0.5684 0.7298 0.3798
vn -0.6705 0.7298 -0.1334
vn 0.4834 0.7299 0.4834
vn -0.6316 0.7298 -0.2616
vn 0.3798 0.7298 0.5684
vn -0.5684 0.7299 -0.3797
vn 0.2616 0.7298 0.6316
vn -0.0000 0.7299 -0.6836
vn 0.1334 0.7298 -0.6705
vn -0.4834 0.7298 -0.4834
vn 0.1334 0.7298 0.6705
vn 0.2616 0.7298 -0.6316
vn -0.3798 0.7299 -0.5684
vn -0.0000 0.7298 0.6836
vn 0.3798 0.7298 -0.5684
vn -0.2616 0.7298 -0.6316
vn -0.1334 0.7298 0.6705
vn 0.4834 0.7299 -0.4833
vn -0.1334 0.7298 -0.6705
vn -0.2616 0.7298 0.6316
vn 0.5684 0.7298 -0.3798
vn -0.3798 0.7298 0.5684
vn 0.6316 0.7298 -0.2616
vn -0.4834 0.7298 0.4834
vn 0.6705 0.7299 -0.1333
vn -0.5684 0.7299 0.3798
vn 0.6836 0.7298 -0.0000
vn -0.6725 0.6857 -0.2785
vn 0.2785 0.6857 0.6725
vn 0.2785 0.6857 -0.6725
vn -0.2785 0.6857 -0.6725
vn -0.2785 0.6857 0.6725
vn 0.6725 0.6857 -0.2786
vn -0.6053 0.6857 0.4044
vn -0.6725 0.6857 0.2785
vn 0.6725 0.6857 0.2786
vn 0.1333 0.7298 -0.6705
vn 0.2616 0.7299 -0.6315
vn -0.3798 0.7298 -0.5684
vn 0.1333 0.7298 0.6705
vn 0.3799 0.7298 -0.5685
vn -0.1333 0.7299 0.6705
vn -0.1333 0.7298 -0.6705
vn -0.2616 0.7299 0.6316
vn 0.5685 0.7298 -0.3797
vn -0.0000 0.7298 -0.6836
vn 0.6704 0.7299 -0.1334
vn -0.5684 0.7298 0.3798
vn 0.6704 0.7299 0.1335
vn -0.6705 0.7298 0.1334
vn 0.6316 0.7298 0.2618
vn -0.6836 0.7298 0.0001
vn 0.5685 0.7298 0.3797
vn 0.4834 0.7299 0.4833
vn 0.5148 0.6857 -0.5146
vn 0.6052 0.6857 -0.4043
vn -0.1418 0.6856 -0.7140
vn -0.2785 0.6856 0.6726
vn -0.4037 0.6859 0.6054
vn 0.6724 0.6857 -0.2786
vn -0.5146 0.6856 0.5149
vn 0.7139 0.6857 -0.1419
vn -0.7139 0.6857 0.1421
vn 0.6724 0.6857 0.2786
vn 0.6052 0.6857 0.4043
vn -0.7139 0.6857 -0.1418
vn 0.5148 0.6857 0.5145
vn 0.4037 0.6859 0.6054
vn 0.2785 0.6856 0.6726
vn 0.1419 0.6857 -0.7139
vn -0.5147 0.6856 -0.5148
vn 0.1419 0.6857 0.7139
vn 0.2786 0.6856 -0.6725
vn -0.4037 0.6859 -0.6054
vn 0.4038 0.6858 -0.6055
vn -0.2785 0.6856 -0.6726
vn -0.7518 -0.0000 -0.6593
vn -0.8660 -0.0000 -0.5000
vn -0.6304 0.6857 -0.3639
vn -0.5473 0.6857 -0.4799
vn -0.9659 -0.0000 0.2588
vn -0.8969 -0.0000 0.4423
vn -0.6528 0.6857 0.3219
vn -0.7031 0.6857 0.1884
vn 0.9469 -0.0000 0.3215
vn 0.9914 -0.0000 0.1305
vn 0.7217 0.6857 0.0950
vn 0.6893 0.6857 0.2340
vn -0.6088 -0.0000 -0.7933
vn -0.4431 0.6857 -0.5775
vn -0.9979 -0.0000 0.0654
vn -0.7263 0.6857 0.0476
vn 0.8660 -0.0000 0.5000
vn 0.6303 0.6857 0.3640
vn -0.4423 -0.0000 -0.8969
vn -0.3219 0.6857 -0.6528
vn -0.9914 -0.0000 -0.1305
vn -0.7216 0.6857 -0.0950
vn 0.7519 -0.0000 0.6593
vn 0.5473 0.6857 0.4799
vn -0.2588 -0.0000 -0.9659
vn -0.1884 0.6857 -0.7031
vn -0.9469 -0.0000 -0.3214
vn -0.6893 0.6857 -0.2339
vn 0.6088 -0.0000 0.7933
vn 0.4431 0.6857 0.5775
vn -0.0654 -0.0000 -0.9979
vn -0.0476 0.6857 -0.7263
vn 0.4423 -0.0000 0.8969
vn 0.3219 0.6857 0.6528
vn 0.1305 -0.0000 -0.9915
vn 0.0950 0.6857 -0.7217
vn 0.2588 -0.0000 0.9659
vn 0.1884 0.6857 0.7031
vn 0.3214 -0.0000 -0.9469
vn 0.2340 0.6857 -0.6893
vn 0.0654 -0.0000 0.9979
vn 0.0476 0.6857 0.7263
vn 0.5000 -0.0000 -0.8660
vn 0.3639 0.6857 -0.6304
vn -0.1305 -0.0000 0.9914
vn -0.0950 0.6857 0.7216
vn 0.6593 -0.0000 -0.7518
vn 0.4799 0.6857 -0.5472
vn -0.3214 -0.0000 0.9469
vn -0.2340 0.6857 0.6893
vn 0.7933 -0.0000 -0.6088
vn 0.5775 0.6857 -0.4431
vn -0.5000 -0.0000 0.8660
vn -0.3640 0.6857 0.6304
vn 0.8969 -0.0000 -0.4423
vn 0.6528 0.6857 -0.3219
vn -0.6593 -0.0000 0.7519
vn -0.4799 0.6857 0.5473
vn 0.9659 -0.0000 -0.2588
vn 0.7031 0.6857 -0.1884
vn -0.7934 -0.0000 0.6087
vn -0.5775 0.6857 0.4431
vn 0.9979 -0.0000 -0.0654
vn 0.7263 0.6857 -0.0476
vn -0.0892 0.7299 0.6777
vn -0.2198 0.7298 0.6473
vn 0.4508 0.7299 -0.5139
vn 0.5424 0.7298 -0.4162
vn -0.3418 0.7298 0.5920
vn 0.6131 0.7299 -0.3024
vn -0.4507 0.7299 0.5140
vn 0.6603 0.7298 -0.1769
vn -0.5424 0.7299 0.4161
vn 0.6821 0.7299 -0.0447
vn -0.6131 0.7298 0.3023
vn 0.6778 0.7298 0.0892
vn -0.5921 0.7298 -0.3418
vn -0.5140 0.7299 -0.4507
vn -0.6603 0.7299 0.1769
vn 0.6473 0.7298 0.2197
vn -0.4162 0.7298 -0.5424
vn -0.6822 0.7298 0.0447
vn 0.5921 0.7298 0.3418
vn -0.3023 0.7298 -0.6131
vn -0.6778 0.7299 -0.0892
vn 0.5140 0.7299 0.4507
vn -0.1770 0.7298 -0.6603
vn -0.6473 0.7299 -0.2197
vn 0.4162 0.7298 0.5424
vn -0.0447 0.7299 -0.6821
vn 0.3024 0.7299 0.6131
vn 0.0893 0.7298 -0.6778
vn 0.1769 0.7299 0.6603
vn 0.2197 0.7298 -0.6473
vn 0.0447 0.7298 0.6822
vn 0.3418 0.7299 -0.5920
vn 0.6304 0.6857 0.3640
vn -0.7217 0.6857 -0.0950
vn -0.6893 0.6857 -0.2340
vn -0.0950 0.6857 0.7217
vn 0.4800 0.6857 -0.5472
vn -0.3639 0.6857 0.6304
vn -0.5139 0.7299 -0.4507
vn -0.6604 0.7298 0.1770
vn -0.6821 0.7299 0.0448
vn 0.6474 0.7298 0.2198
vn 0.5920 0.7299 0.3418
vn -0.3023 0.7299 -0.6131
vn -0.6778 0.7298 -0.0892
vn 0.5140 0.7298 0.4508
vn -0.1768 0.7298 -0.6604
vn -0.6474 0.7298 -0.2197
vn 0.4162 0.7298 0.5423
vn -0.0448 0.7298 -0.6822
vn 0.3024 0.7298 0.6132
vn 0.0891 0.7299 -0.6777
vn 0.1770 0.7299 0.6603
vn 0.2198 0.7298 -0.6473
vn 0.3418 0.7298 -0.5921
vn -0.0893 0.7299 0.6777
vn 0.4508 0.7298 -0.5140
vn -0.2198 0.7298 0.6474
vn 0.5424 0.7298 -0.4163
vn -0.3418 0.7299 0.5920
vn 0.6130 0.7299 -0.3024
vn -0.4507 0.7298 0.5140
vn 0.6603 0.7299 -0.1768
vn -0.5423 0.7299 0.4161
vn 0.6822 0.7298 -0.0447
vn -0.6132 0.7298 0.3022
vn 0.6777 0.7299 0.0892
vn -0.1883 0.6858 -0.7030
vn -0.0477 0.6857 -0.7263
vn -0.6896 0.6854 -0.2338
vn -0.6304 0.6857 -0.3640
vn 0.3220 0.6857 0.6528
vn 0.0949 0.6856 -0.7217
vn 0.1885 0.6857 0.7031
vn 0.2340 0.6857 -0.6892
vn 0.0478 0.6858 0.7262
vn -0.0951 0.6857 0.7217
vn 0.4796 0.6858 -0.5474
vn -0.2338 0.6857 0.6893
vn 0.5774 0.6857 -0.4432
vn -0.3639 0.6857 0.6305
vn 0.6533 0.6854 -0.3217
vn -0.4802 0.6856 0.5472
vn 0.7031 0.6857 -0.1883
vn -0.5775 0.6856 0.4431
vn 0.7268 0.6852 -0.0475
vn -0.6533 0.6853 0.3218
vn 0.7217 0.6856 0.0950
vn -0.5477 0.6855 -0.4796
vn -0.7030 0.6857 0.1884
vn 0.6893 0.6856 0.2342
vn -0.4431 0.6857 -0.5774
vn -0.7264 0.6857 0.0477
vn -0.7217 0.6857 -0.0951
vn 0.5472 0.6857 0.4799
vn -0.9469 -0.0000 0.3214
vn -0.8660 -0.0000 0.5000
vn -0.6304 0.6857 0.3639
vn -0.6893 0.6857 0.2340
vn -0.2588 -0.0000 0.9659
vn -0.0654 -0.0000 0.9979
vn -0.0476 0.6857 0.7263
vn -0.1884 0.6857 0.7031
vn 0.7518 -0.0000 -0.6593
vn 0.6088 -0.0000 -0.7933
vn 0.4431 0.6857 -0.5775
vn 0.5472 0.6857 -0.4799
vn -0.9914 -0.0000 0.1305
vn -0.7216 0.6857 0.0950
vn -0.4423 -0.0000 0.8969
vn -0.3219 0.6857 0.6528
vn 0.8660 -0.0000 -0.5000
vn 0.6303 0.6857 -0.3640
vn -0.9979 -0.0000 -0.0654
vn -0.7263 0.6857 -0.0476
vn -0.6088 -0.0000 0.7933
vn -0.4431 0.6857 0.5775
vn 0.9469 -0.0000 -0.3215
vn 0.6893 0.6857 -0.2340
vn -0.9659 -0.0000 -0.2588
vn -0.7031 0.6857 -0.1884
vn -0.7518 -0.0000 0.6594
vn -0.5472 0.6857 0.4800
vn 0.9914 -0.0000 -0.1305
vn 0.7217 0.6857 -0.0950
vn -0.8969 -0.0000 -0.4423
vn -0.6528 0.6857 -0.3219
vn 0.9979 -0.0000 0.0654
vn 0.7263 0.6857 0.0476
vn -0.7934 -0.0000 -0.6088
vn -0.5775 0.6857 -0.4431
vn 0.9659 -0.0000 0.2588
vn 0.7031 0.6857 0.1884
vn -0.6593 -0.0000 -0.7519
vn -0.4799 0.6857 -0.5473
vn 0.8969 -0.0000 0.4423
vn 0.6528 0.6857 0.3219
vn -0.5000 -0.0000 -0.8660
vn -0.3639 0.6857 -0.6304
vn 0.7934 -0.0000 0.6087
vn 0.5775 0.6857 0.4431
vn -0.3214 -0.0000 -0.9469
vn -0.2340 0.6857 -0.6893
vn 0.6594 -0.0000 0.7518
vn 0.4799 0.6857 0.5472
vn -0.1305 -0.0000 -0.9914
vn -0.0950 0.6857 -0.7217
vn 0.5000 -0.0000 0.8660
vn 0.3639 0.6857 0.6304
vn 0.0654 -0.0000 -0.9979
vn 0.0476 0.6857 -0.7263
vn 0.3214 -0.0000 0.9469
vn 0.2340 0.6857 0.6893
vn 0.2588 -0.0000 -0.9659
vn 0.1884 0.6857 -0.7031
vn 0.1305 -0.0000 0.9914
vn 0.0950 0.6857 0.7217
vn 0.4423 -0.0000 -0.8969
vn 0.3219 0.6857 -0.6528
vn 0.5424 0.7298 0.4162
vn 0.4508 0.7298 0.5139
vn -0.2198 0.7298 -0.6473
vn -0.0892 0.7299 -0.6778
vn 0.3418 0.7299 0.5920
vn 0.0447 0.7298 -0.6822
vn 0.2197 0.7298 0.6473
vn 0.1769 0.7299 -0.6603
vn 0.0893 0.7298 0.6778
vn 0.3024 0.7299 -0.6131
vn -0.0447 0.7299 0.6821
vn 0.4162 0.7298 -0.5423
vn -0.5920 0.7298 0.3418
vn -0.6473 0.7299 0.2198
vn -0.1770 0.7298 0.6603
vn 0.5140 0.7299 -0.4507
vn -0.6778 0.7299 0.0892
vn -0.3024 0.7298 0.6131
vn 0.5920 0.7298 -0.3418
vn -0.6822 0.7298 -0.0447
vn -0.4162 0.7299 0.5423
vn 0.6473 0.7299 -0.2197
vn -0.6603 0.7299 -0.1769
vn -0.5140 0.7299 0.4507
vn 0.6778 0.7298 -0.0893
vn -0.6131 0.7298 -0.3024
vn 0.6821 0.7299 0.0447
vn -0.5424 0.7298 -0.4162
vn 0.6603 0.7298 0.1769
vn -0.4507 0.7299 -0.5140
vn 0.6131 0.7299 0.3024
vn -0.3418 0.7298 -0.5920
vn 0.2339 0.6857 0.6893
vn 0.3220 0.6857 -0.6528
vn -0.6303 0.6857 0.3640
vn 0.5473 0.6857 -0.4799
vn -0.7217 0.6857 0.0950
vn 0.6304 0.6857 -0.3640
vn -0.5473 0.6857 0.4799
vn 0.6528 0.6857 0.3220
vn -0.6472 0.7299 0.2198
vn -0.6778 0.7298 0.0892
vn -0.1768 0.7298 0.6604
vn -0.3023 0.7299 0.6131
vn 0.5140 0.7298 -0.4508
vn 0.5920 0.7299 -0.3418
vn -0.6821 0.7299 -0.0448
vn -0.4162 0.7298 0.5424
vn 0.6474 0.7298 -0.2197
vn -0.6604 0.7298 -0.1770
vn 0.6778 0.7298 -0.0892
vn -0.6132 0.7299 -0.3023
vn -0.5921 0.7297 0.3419
vn 0.6822 0.7298 0.0446
vn -0.5423 0.7299 -0.4162
vn 0.6603 0.7299 0.1768
vn -0.4507 0.7298 -0.5140
vn 0.6131 0.7299 0.3023
vn -0.3419 0.7298 -0.5920
vn -0.2198 0.7299 -0.6473
vn 0.4508 0.7299 0.5139
vn -0.0892 0.7298 -0.6778
vn 0.3418 0.7298 0.5920
vn 0.2197 0.7299 0.6473
vn 0.1770 0.7299 -0.6603
vn 0.0892 0.7298 0.6778
vn 0.3024 0.7298 -0.6131
vn -0.0446 0.7298 0.6822
vn 0.4162 0.7299 -0.5423
vn -0.7030 0.6857 -0.1884
vn -0.6529 0.6857 -0.3219
vn -0.5473 0.6857 0.4798
vn -0.6303 0.6857 0.3641
vn 0.7267 0.6853 0.0476
vn 0.7031 0.6857 0.1883
vn -0.4798 0.6856 -0.5475
vn -0.3640 0.6857 -0.6303
vn 0.5774 0.6857 0.4431
vn -0.2340 0.6856 -0.6894
vn 0.4806 0.6854 0.5470
vn -0.0949 0.6857 -0.7217
vn 0.0949 0.6857 0.7217
vn -0.0479 0.6857 0.7263
vn 0.4431 0.6856 -0.5775
vn -0.6893 0.6856 0.2340
vn -0.1883 0.6858 0.7030
vn -0.7216 0.6857 0.0949
vn -0.3219 0.6856 0.6530
vn 0.6303 0.6856 -0.3642
vn -0.7267 0.6853 -0.0476
vn -0.4431 0.6857 0.5774
vn 0.6893 0.6857 -0.2339
vn 0.2786 0.6857 -0.6724
vn -0.5684 0.7299 -0.3798
vn 0.4834 0.7298 0.4834
vn 0.3798 0.7299 0.5684
vn 0.3798 0.7299 -0.5684
vn 0.4834 0.7298 -0.4834
vn -0.2616 0.7299 0.6315
vn 0.4835 0.7298 0.4834
vn -0.3798 0.7298 0.5685
vn 0.2616 0.7298 0.6317
vn 0.1333 0.7299 -0.6705
vn -0.4833 0.7299 0.4834
vn 0.3798 0.7299 -0.5683
vn 0.4835 0.7298 -0.4833
vn 0.5684 0.7299 -0.3797
vn 0.6316 0.7299 -0.2615
vn 0.6705 0.7298 -0.1334
vn 0.6835 0.7299 -0.0000
vn 0.6705 0.7298 0.1334
vn 0.6316 0.7299 0.2616
vn -0.5146 0.6856 0.5150
vn 0.1418 0.6856 0.7140
vn 0.4038 0.6859 -0.6054
vn 0.5147 0.6856 -0.5148
vn -0.7139 0.6857 0.1417
vn 0.7139 0.6858 -0.1419
vn 0.7279 0.6856 -0.0000
vn 0.7139 0.6858 0.1418
vn -0.1419 0.6856 0.7140
vn -0.1422 0.6857 -0.7138
vn -0.2786 0.6856 0.6725
vn 0.4039 0.6859 0.6054
vn -0.4038 0.6859 0.6054
vn 0.6304 0.6857 0.3639
vn -0.5472 0.6857 -0.4799
vn -0.6087 -0.0000 -0.7934
vn -0.3640 0.6857 0.6303
vn 0.1305 -0.0000 -0.9914
vn 0.0950 0.6857 -0.7216
vn 0.2339 0.6857 -0.6893
vn -0.6528 0.6857 0.3220
vn 0.6594 -0.0000 -0.7518
vn 0.7934 -0.0000 -0.6087
vn 0.0892 0.7299 -0.6778
vn 0.2198 0.7299 -0.6473
vn 0.3418 0.7298 -0.5920
vn -0.6603 0.7298 0.1769
vn 0.5423 0.7298 -0.4162
vn 0.6131 0.7298 -0.3024
vn 0.5140 0.7298 0.4507
vn 0.6603 0.7298 -0.1770
vn 0.4162 0.7299 0.5423
vn 0.3024 0.7298 0.6131
vn 0.1769 0.7298 0.6603
vn -0.4162 0.7298 -0.5423
vn 0.0447 0.7299 0.6821
vn -0.3024 0.7298 -0.6131
vn -0.0892 0.7298 0.6778
vn -0.1769 0.7298 -0.6603
vn -0.2197 0.7298 0.6473
vn -0.0447 0.7298 -0.6822
vn 0.4799 0.6857 -0.5473
vn -0.7263 0.6857 0.0475
vn 0.5472 0.6857 0.4800
vn 0.7217 0.6857 0.0951
vn -0.1883 0.6857 -0.7031
vn -0.2339 0.6857 0.6893
vn 0.3640 0.6857 -0.6303
vn 0.5139 0.7298 0.4508
vn 0.6603 0.7298 -0.1771
vn 0.6821 0.7299 -0.0448
vn 0.6778 0.7298 0.0893
vn -0.5140 0.7298 -0.4507
vn 0.1770 0.7298 0.6604
vn -0.4161 0.7299 -0.5423
vn 0.0448 0.7299 0.6821
vn -0.3023 0.7298 -0.6132
vn -0.0890 0.7298 0.6778
vn -0.1770 0.7298 -0.6604
vn -0.0448 0.7299 -0.6821
vn 0.0893 0.7299 -0.6777
vn -0.4508 0.7298 0.5140
vn -0.6131 0.7298 0.3024
vn 0.4507 0.7299 -0.5140
vn -0.6603 0.7299 0.1770
vn 0.5424 0.7298 -0.4161
vn 0.6131 0.7298 -0.3023
vn -0.6777 0.7299 -0.0892
vn 0.1884 0.6857 0.7030
vn 0.0477 0.6857 0.7263
vn 0.6888 0.6861 0.2341
vn -0.4431 0.6856 -0.5775
vn -0.3218 0.6857 -0.6529
vn -0.0951 0.6856 0.7217
vn -0.1885 0.6858 -0.7030
vn -0.2340 0.6857 0.6892
vn -0.3640 0.6856 0.6304
vn 0.0951 0.6856 -0.7217
vn -0.4796 0.6857 0.5475
vn -0.5775 0.6856 0.4432
vn 0.3638 0.6857 -0.6304
vn -0.6532 0.6854 0.3218
vn 0.4796 0.6857 -0.5475
vn -0.7267 0.6853 0.0476
vn 0.7030 0.6857 -0.1884
vn -0.6892 0.6857 -0.2344
vn 0.4431 0.6857 0.5774
vn 0.7263 0.6857 -0.0477
vn -0.5473 0.6858 -0.4798
vn 0.8660 -0.0000 -0.5001
vn -0.5472 0.6857 0.4799
vn 0.9914 -0.0000 -0.1306
vn 0.7216 0.6857 -0.0950
vn -0.6304 0.6857 0.3640
vn 0.4431 0.6857 -0.5774
vn -0.6893 0.6857 0.2339
vn 0.7518 -0.0000 -0.6594
vn 0.5472 0.6857 -0.4800
vn 0.8969 -0.0000 0.4422
vn 0.7934 -0.0000 0.6088
vn 0.6593 -0.0000 0.7519
vn 0.4799 0.6857 0.5473
vn 0.2340 0.6857 0.6892
vn -0.2340 0.6857 -0.6892
vn -0.3220 0.6857 0.6528
vn 0.2198 0.7299 0.6473
vn 0.0892 0.7299 0.6777
vn -0.0447 0.7298 0.6822
vn -0.2197 0.7298 -0.6473
vn -0.1769 0.7299 0.6603
vn -0.3024 0.7299 0.6131
vn 0.0447 0.7299 -0.6821
vn -0.4162 0.7298 0.5423
vn 0.6473 0.7298 -0.2197
vn 0.1770 0.7298 -0.6603
vn -0.5140 0.7298 0.4507
vn -0.5920 0.7299 0.3418
vn 0.6822 0.7298 0.0447
vn -0.6474 0.7298 0.2197
vn 0.6603 0.7299 0.1769
vn 0.5140 0.7298 -0.4507
vn -0.6778 0.7298 0.0893
vn 0.6132 0.7298 0.3023
vn -0.6821 0.7299 -0.0447
vn 0.5423 0.7299 0.4161
vn -0.6603 0.7298 -0.1769
vn 0.4507 0.7298 0.5140
vn -0.6131 0.7298 -0.3023
vn 0.7217 0.6857 -0.0951
vn 0.7263 0.6857 0.0475
vn -0.7217 0.6857 0.0951
vn 0.6473 0.7298 -0.2198
vn -0.5921 0.7298 0.3417
vn 0.6821 0.7299 0.0448
vn 0.4162 0.7298 -0.5424
vn -0.6473 0.7299 0.2197
vn 0.6604 0.7298 0.1770
vn 0.5139 0.7299 -0.4508
vn -0.6603 0.7298 -0.1770
vn 0.4507 0.7299 0.5140
vn 0.3419 0.7298 0.5920
vn -0.4508 0.7298 -0.5140
vn -0.3418 0.7299 -0.5920
vn -0.2196 0.7298 -0.6474
vn -0.1770 0.7299 0.6603
vn -0.3024 0.7298 0.6132
vn -0.4160 0.7299 0.5424
vn 0.7030 0.6857 0.1884
vn 0.6529 0.6857 0.3220
vn 0.6304 0.6857 -0.3638
vn -0.7263 0.6857 -0.0478
vn -0.7030 0.6857 -0.1885
vn 0.3640 0.6858 0.6302
vn -0.3640 0.6856 -0.6304
vn -0.0475 0.6857 0.7263
vn -0.2339 0.6857 -0.6893
vn -0.1884 0.6856 0.7032
vn -0.3219 0.6858 0.6528
vn 0.0475 0.6857 -0.7263
vn -0.4430 0.6857 0.5776
vn 0.6888 0.6861 -0.2341
vn 0.1883 0.6857 -0.7031
vn 0.3220 0.6859 -0.6526
vn -0.6304 0.6857 0.3638
vn -0.6896 0.6853 0.2339
vn -0.0173 0.9623 0.2714
vn 0.0855 0.9273 0.3643
vn 0.5696 0.8024 -0.1782
vn 0.4285 0.8503 -0.3055
vn -0.0391 -0.0986 0.9944
vn -0.1555 -0.1778 0.9717
vn 0.2383 -0.7159 0.6563
vn 0.3984 -0.6072 0.6874
vn 0.3076 0.5890 0.7473
vn 0.3049 0.4714 0.8275
vn 0.8712 0.1757 0.4583
vn 0.8746 0.3377 0.3479
vn -0.1319 0.9734 0.1874
vn 0.2710 0.8656 -0.4211
vn 0.0662 -0.0024 0.9978
vn 0.5432 -0.4752 0.6922
vn 0.2858 0.6973 0.6573
vn 0.8444 0.4866 0.2243
vn -0.2543 0.9603 0.1150
vn 0.1030 0.8476 -0.5205
vn 0.1566 0.1068 0.9819
vn 0.6672 -0.3249 0.6703
vn 0.2399 0.7924 0.5609
vn 0.7816 0.6169 0.0920
vn -0.3793 0.9235 0.0574
vn -0.0690 0.7971 -0.5999
vn 0.2280 0.2253 0.9472
vn 0.7655 -0.1621 0.6227
vn 0.1726 0.8700 0.4618
vn 0.6889 0.7235 -0.0439
vn -0.5025 0.8644 0.0162
vn -0.2383 0.7159 -0.6563
vn 0.2783 0.3483 0.8951
vn 0.8344 0.0069 0.5511
vn 0.0855 0.9273 0.3644
vn 0.5697 0.8023 -0.1781
vn -0.6190 0.7854 -0.0064
vn -0.3984 0.6072 -0.6875
vn -0.0167 0.9623 0.2715
vn -0.7246 0.6891 -0.0095
vn -0.5432 0.4752 -0.6922
vn -0.1318 0.9734 0.1874
vn 0.2709 0.8656 -0.4211
vn -0.8148 0.5798 0.0060
vn -0.6672 0.3248 -0.6703
vn -0.2540 0.9604 0.1148
vn -0.8863 0.4614 0.0403
vn -0.7655 0.1621 -0.6226
vn -0.3793 0.9235 0.0573
vn -0.9364 0.3383 0.0928
vn -0.8344 -0.0069 -0.5511
vn -0.5024 0.8645 0.0160
vn -0.2383 0.7159 -0.6562
vn -0.9633 0.2155 0.1603
vn -0.8713 -0.1756 -0.4583
vn -0.6191 0.7853 -0.0064
vn -0.3984 0.6072 -0.6874
vn -0.9657 0.0976 0.2406
vn -0.8746 -0.3376 -0.3480
vn -0.7246 0.6891 -0.0096
vn -0.9436 -0.0106 0.3310
vn -0.8444 -0.4866 -0.2243
vn -0.8148 0.5797 0.0058
vn -0.6672 0.3249 -0.6703
vn -0.8980 -0.1057 0.4271
vn -0.7816 -0.6169 -0.0919
vn -0.8863 0.4614 0.0405
vn -0.7655 0.1622 -0.6227
vn -0.8306 -0.1833 0.5259
vn -0.6889 -0.7235 0.0440
vn -0.9364 0.3383 0.0929
vn -0.7436 -0.2408 0.6237
vn -0.5697 -0.8023 0.1781
vn -0.9632 0.2158 0.1603
vn -0.6409 -0.2759 0.7164
vn -0.4285 -0.8503 0.3055
vn -0.9656 0.0977 0.2409
vn -0.5263 -0.2867 0.8005
vn -0.2710 -0.8656 0.4210
vn -0.9436 -0.0107 0.3308
vn -0.8443 -0.4866 -0.2243
vn -0.4039 -0.2737 0.8729
vn -0.1030 -0.8476 0.5205
vn -0.8980 -0.1057 0.4270
vn -0.2790 -0.2367 0.9307
vn 0.0690 -0.7971 0.5999
vn -0.8305 -0.1832 0.5260
vn -0.1556 -0.1779 0.9717
vn 0.2382 -0.7159 0.6563
vn 0.3048 0.4713 0.8276
vn 0.8712 0.1755 0.4584
vn -0.7437 -0.2407 0.6237
vn -0.5697 -0.8023 0.1782
vn -0.0390 -0.0986 0.9944
vn 0.8746 0.3376 0.3480
vn -0.6410 -0.2756 0.7164
vn -0.4286 -0.8503 0.3055
vn 0.0665 -0.0027 0.9978
vn 0.5433 -0.4752 0.6922
vn 0.2857 0.6975 0.6572
vn 0.8443 0.4867 0.2242
vn -0.5264 -0.2867 0.8004
vn -0.2710 -0.8656 0.4211
vn 0.1567 0.1068 0.9819
vn 0.7817 0.6169 0.0920
vn -0.4047 -0.2736 0.8726
vn 0.2285 0.2250 0.9472
vn 0.1721 0.8701 0.4618
vn -0.2789 -0.2368 0.9307
vn 0.0690 -0.7971 0.6000
vn 0.0174 0.9623 0.2714
vn -0.4286 0.8503 -0.3055
vn -0.5696 0.8024 -0.1782
vn -0.0856 0.9273 0.3643
vn 0.0391 -0.0986 0.9944
vn -0.3984 -0.6072 0.6874
vn -0.2383 -0.7159 0.6563
vn 0.1559 -0.1775 0.9717
vn -0.3075 0.5890 0.7473
vn -0.8746 0.3377 0.3479
vn -0.8712 0.1757 0.4583
vn -0.3046 0.4715 0.8276
vn 0.1319 0.9734 0.1873
vn -0.2710 0.8656 -0.4211
vn -0.0666 -0.0028 0.9978
vn -0.5432 -0.4752 0.6922
vn -0.2856 0.6973 0.6574
vn -0.8443 0.4866 0.2242
vn 0.2542 0.9603 0.1149
vn -0.1030 0.8476 -0.5205
vn -0.1566 0.1068 0.9819
vn -0.6672 -0.3248 0.6703
vn -0.2401 0.7924 0.5607
vn -0.7817 0.6169 0.0920
vn 0.3792 0.9235 0.0572
vn 0.0690 0.7970 -0.6000
vn -0.2277 0.2254 0.9473
vn -0.7655 -0.1621 0.6227
vn -0.1723 0.8701 0.4619
vn -0.6889 0.7235 -0.0439
vn 0.5027 0.8643 0.0161
vn 0.2382 0.7159 -0.6563
vn -0.2782 0.3484 0.8951
vn -0.8344 0.0069 0.5511
vn 0.6191 0.7853 -0.0065
vn 0.3984 0.6072 -0.6874
vn 0.0171 0.9622 0.2717
vn -0.4285 0.8503 -0.3055
vn 0.7246 0.6891 -0.0098
vn 0.5433 0.4752 -0.6921
vn 0.1318 0.9734 0.1875
vn 0.8147 0.5799 0.0061
vn 0.6672 0.3248 -0.6703
vn 0.2544 0.9602 0.1152
vn 0.8863 0.4614 0.0410
vn 0.7655 0.1621 -0.6227
vn 0.3792 0.9235 0.0575
vn 0.0690 0.7971 -0.5999
vn 0.9364 0.3384 0.0930
vn 0.8344 -0.0069 -0.5511
vn 0.5025 0.8645 0.0161
vn 0.2383 0.7159 -0.6563
vn 0.9633 0.2153 0.1602
vn 0.8712 -0.1756 -0.4584
vn 0.6191 0.7853 -0.0064
vn 0.3984 0.6072 -0.6875
vn 0.9656 0.0979 0.2408
vn 0.8746 -0.3376 -0.3480
vn 0.7245 0.6892 -0.0099
vn 0.5432 0.4752 -0.6922
vn 0.9436 -0.0107 0.3310
vn 0.8443 -0.4866 -0.2242
vn 0.8147 0.5798 0.0061
vn 0.6672 0.3249 -0.6703
vn 0.8980 -0.1058 0.4270
vn 0.7817 -0.6169 -0.0919
vn 0.8862 0.4614 0.0409
vn 0.7655 0.1621 -0.6226
vn 0.8304 -0.1832 0.5262
vn 0.6889 -0.7235 0.0440
vn 0.9364 0.3384 0.0929
vn 0.8344 -0.0068 -0.5511
vn 0.7438 -0.2406 0.6236
vn 0.5696 -0.8023 0.1782
vn 0.9633 0.2155 0.1602
vn 0.8713 -0.1755 -0.4584
vn 0.6409 -0.2756 0.7165
vn 0.4285 -0.8503 0.3055
vn 0.9657 0.0976 0.2406
vn 0.8746 -0.3375 -0.3480
vn 0.5263 -0.2867 0.8005
vn 0.2710 -0.8656 0.4211
vn 0.9436 -0.0105 0.3310
vn 0.8444 -0.4866 -0.2243
vn 0.4038 -0.2738 0.8729
vn 0.1030 -0.8476 0.5205
vn 0.8980 -0.1058 0.4272
vn 0.7816 -0.6169 -0.0919
vn 0.2789 -0.2369 0.9307
vn -0.0690 -0.7970 0.6000
vn 0.8307 -0.1828 0.5259
vn 0.6888 -0.7236 0.0440
vn 0.1559 -0.1776 0.9717
vn -0.3055 0.4712 0.8274
vn -0.8712 0.1756 0.4584
vn -0.2783 0.3485 0.8951
vn 0.7437 -0.2407 0.6237
vn 0.5696 -0.8024 0.1782
vn 0.0391 -0.0987 0.9944
vn -0.3984 -0.6072 0.6875
vn -0.3076 0.5891 0.7472
vn -0.8746 0.3376 0.3480
vn 0.6411 -0.2754 0.7163
vn 0.4286 -0.8503 0.3055
vn -0.0666 -0.0027 0.9978
vn -0.2856 0.6976 0.6571
vn -0.8444 0.4865 0.2244
vn 0.5263 -0.2868 0.8005
vn -0.1565 0.1068 0.9819
vn -0.6672 -0.3249 0.6703
vn -0.2398 0.7924 0.5609
vn -0.7816 0.6169 0.0920
vn 0.4043 -0.2735 0.8728
vn -0.2284 0.2254 0.9471
vn -0.7655 -0.1621 0.6226
vn -0.1726 0.8700 0.4619
vn -0.6889 0.7236 -0.0440
vn 0.2789 -0.2369 0.9306
s 1
f 1//1 2//2 3//3
f 3//3 4//4 1//1
f 2//2 1//1 5//5
f 5//5 6//6 2//2
f 2//2 7//7 8//8
f 8//8 3//3 2//2
f 4//4 3//3 9//9
f 9//9 10//10 4//4
f 7//7 2//2 6//6
f 6//6 11//11 7//7
f 12//12 1//1 4//4
f 4//4 13//13 12//12
f 13//13 4//4 10//10
f 10//10 14//14 15//15
f 10//10 15//15 13//13
f 16//16 11//11 6//6
f 6//6 5//5 17//17
f 17//17 18//18 19//19
f 19//19 20//20 16//16
f 16//16 6//6 17//17
f 17//17 19//19 16//16
f 13//13 21//21 22//22
f 22//22 12//12 13//13
f 3//3 8//8 23//23
f 23//23 9//9 3//3
f 24//24 8//8 7//7
f 7//7 25//25 24//24
f 14//14 10//10 26//26
f 9//9 27//27 26//26
f 26//26 10//10 9//9
f 12//12 28//28 17//17
f 17//17 5//5 1//1
f 17//17 1//1 12//12
f 21//21 13//13 15//15
f 15//15 29//29 30//30
f 30//30 31//31 21//21
f 15//15 30//30 21//21
f 8//8 24//24 32//32
f 32//32 23//23 8//8
f 33//33 24//24 25//25
f 25//25 34//34 33//33
f 25//25 7//7 11//11
f 11//11 16//16 25//25
f 27//27 9//9 23//23
f 35//35 36//36 37//37
f 37//37 38//35 35//35
f 16//16 20//20 34//34
f 34//34 25//25 16//16
f 18//18 17//17 28//28
f 28//28 39//38 18//18
f 40//39 29//29 15//15
f 15//15 14//14 26//26
f 15//15 26//26 40//39
f 24//24 33//33 41//40
f 41//40 42//41 32//32
f 41//40 32//32 24//24
f 43//42 33//33 34//34
f 34//34 44//43 43//42
f 27//27 23//23 32//32
f 45//35 46//44 36//36
f 36//36 35//35 45//35
f 38//35 37//37 47//45
f 47//45 48//35 38//35
f 36//36 49//46 50//47
f 50//47 37//37 36//36
f 22//22 51//48 52//49
f 52//49 53//50 28//28
f 28//28 12//12 22//22
f 52//49 28//28 22//22
f 54//51 55//52 22//22
f 22//22 21//21 54//51
f 56//53 51//48 22//22
f 22//22 55//52 57//54
f 22//22 57//54 56//53
f 29//29 40//39 58//55
f 58//55 30//30 29//29
f 59//56 60//57 18//18
f 18//18 39//38 59//56
f 39//38 28//28 53//50
f 33//33 43//42 61//58
f 61//58 62//59 33//33
f 63//60 43//42 44//43
f 44//43 64//61 63//60
f 34//34 65//62 66//63
f 66//63 44//43 34//34
f 20//20 19//19 34//34
f 27//27 32//32 42//41
f 67//35 68//64 46//44
f 46//44 45//35 67//35
f 69//65 27//27 70//66
f 70//66 71//67 69//65
f 46//44 72//68 49//46
f 49//46 36//36 46//44
f 48//35 47//45 73//69
f 73//69 74//35 48//35
f 37//37 50//47 75//70
f 75//70 47//45 37//37
f 49//46 76//71 77//72
f 77//72 50//47 49//46
f 60//57 65//62 19//19
f 19//19 18//18 60//57
f 78//73 52//49 79//74
f 55//52 54//51 80//75
f 80//75 81//76 55//52
f 54//51 21//21 31//31
f 31//31 82//77 83//78
f 31//31 83//78 54//51
f 82//77 31//31 30//30
f 30//30 58//55 84//79
f 30//30 84//79 82//77
f 60//57 59//56 85//80
f 85//80 86//81 87//82
f 85//80 87//82 60//57
f 88//83 39//38 89//84
f 42//41 41//40 90//85
f 90//85 91//86 92//87
f 90//85 92//87 42//41
f 41//40 33//33 93//88
f 93//88 94//89 41//40
f 93//88 33//33 62//59
f 63//60 95//90 61//58
f 61//58 43//42 63//60
f 96//91 63//60 64//61
f 64//61 97//92 96//91
f 64//61 44//43 66//63
f 66//63 98//93 64//61
f 65//62 34//34 19//19
f 27//27 42//41 92//87
f 92//87 99//94 27//27
f 100//35 101//95 68//64
f 68//64 67//35 100//35
f 102//96 69//65 103//97
f 103//97 104//98 102//96
f 68//64 105//99 72//68
f 72//68 46//44 68//64
f 106//100 69//65 71//67
f 72//68 107//101 76//71
f 76//71 49//46 72//68
f 74//35 73//69 108//102
f 108//102 109//35 74//35
f 47//45 75//70 110//103
f 110//103 73//69 47//45
f 50//47 77//72 111//104
f 111//104 75//70 50//47
f 76//71 112//105 113//106
f 113//106 77//72 76//71
f 66//63 65//62 60//57
f 60//57 87//82 114//107
f 114//107 115//108 98//93
f 98//93 66//63 60//57
f 60//57 114//107 98//93
f 116//109 51//48 56//53
f 56//53 117//110 116//109
f 118//111 57//54 55//52
f 55//52 81//76 119//112
f 55//52 119//112 118//111
f 56//53 120//113 121//114
f 57//54 122//115 56//53
f 123//116 85//80 124//117
f 90//85 41//40 94//89
f 94//89 125//118 90//85
f 126//119 62//59 61//58
f 61//58 127//120 126//119
f 62//59 126//119 125//118
f 125//118 93//88 62//59
f 96//91 128//121 95//90
f 95//90 63//60 96//91
f 129//122 96//91 97//92
f 97//92 130//123 129//122
f 97//92 64//61 98//93
f 98//93 115//108 97//92
f 27//27 99//94 131//124
f 132//35 133//125 101//95
f 101//95 100//35 132//35
f 102//96 134//126 135//127
f 135//127 136//128 102//96
f 101//95 137//129 105//99
f 105//99 68//64 101//95
f 102//96 104//98 138//130
f 105//99 139//131 107//101
f 107//101 72//68 105//99
f 103//97 69//65 106//100
f 140//132 106//100 71//67
f 71//67 70//66 141//133
f 71//67 141//133 140//132
f 142//134 70//66 27//27
f 107//101 143//135 112//105
f 112//105 76//71 107//101
f 109//35 108//102 144//136
f 144//136 145//35 109//35
f 73//69 110//103 146//137
f 146//137 108//102 73//69
f 75//70 111//104 147//138
f 147//138 110//103 75//70
f 77//72 113//106 148//139
f 148//139 111//104 77//72
f 112//105 149//140 150//141
f 150//141 113//106 112//105
f 54//51 83//78 151//142
f 151//142 152//143 80//75
f 151//142 80//75 54//51
f 151//142 83//78 82//77
f 82//77 84//79 153//144
f 82//77 153//144 151//142
f 81//76 80//75 154//145
f 154//145 155//146 81//76
f 122//115 156//147 157//148
f 57//54 118//111 158//149
f 158//149 122//115 57//54
f 130//123 114//107 87//82
f 87//82 86//81 159//150
f 87//82 159//150 130//123
f 159//150 86//81 85//80
f 85//80 160//151 161//152
f 85//80 161//152 159//150
f 162//153 163//154 164//155
f 90//85 165//156 91//86
f 126//119 166//157 90//85
f 90//85 125//118 126//119
f 93//88 125//118 94//89
f 95//90 127//120 61//58
f 127//120 167//158 166//157
f 166//157 126//119 127//120
f 128//121 127//120 95//90
f 128//121 96//91 129//122
f 129//122 168//159 128//121
f 169//160 129//122 130//123
f 130//123 159//150 169//160
f 115//108 114//107 130//123
f 130//123 97//92 115//108
f 27//27 131//124 142//134
f 99//94 170//161 171//162
f 171//162 131//124 99//94
f 92//87 172//163 170//161
f 170//161 99//94 92//87
f 173//35 174//164 133//125
f 133//125 132//35 173//35
f 175//165 176//166 136//128
f 136//128 177//167 175//165
f 133//125 178//168 137//129
f 137//129 101//95 133//125
f 134//126 102//96 179//169
f 136//128 135//127 180//170
f 134//126 181//171 182//172
f 182//172 135//127 134//126
f 137//129 183//173 139//131
f 139//131 105//99 137//129
f 179//169 102//96 138//130
f 184//174 179//169 138//130
f 138//130 104//98 185//175
f 138//130 185//175 184//174
f 103//97 186//176 185//175
f 185//175 104//98 103//97
f 139//131 187//177 143//135
f 143//135 107//101 139//131
f 106//100 140//132 186//176
f 186//176 103//97 106//100
f 142//134 188//178 141//133
f 141//133 70//66 142//134
f 143//135 189//179 149//140
f 149//140 112//105 143//135
f 145//35 144//136 190//180
f 190//180 191//35 145//35
f 108//102 146//137 192//181
f 192//181 144//136 108//102
f 110//103 147//138 193//182
f 193//182 146//137 110//103
f 111//104 148//139 194//183
f 194//183 147//138 111//104
f 113//106 150//141 195//184
f 195//184 148//139 113//106
f 149//140 196//185 197//186
f 197//186 150//141 149//140
f 81//76 155//146 198//187
f 198//187 119//112 81//76
f 158//149 118//111 119//112
f 119//112 198//187 199//188
f 199//188 200//189 201//190
f 201//190 202//191 158//149
f 158//149 119//112 199//188
f 199//188 201//190 158//149
f 203//192 204//193 205//194
f 206//195 207//196 122//115
f 122//115 158//149 206//195
f 161//152 160//151 162//153
f 162//153 208//197 209//198
f 162//153 209//198 161//152
f 90//85 210//199 165//156
f 166//157 211//200 212//201
f 212//201 90//85 166//157
f 127//120 213//202 214//203
f 214//203 167//158 127//120
f 167//158 215//204 211//200
f 211//200 166//157 167//158
f 127//120 128//121 168//159
f 129//122 169//160 216//205
f 216//205 217//206 168//159
f 216//205 168//159 129//122
f 159//150 161//152 218//207
f 218//207 169//160 159//150
f 131//124 171//162 188//178
f 188//178 142//134 131//124
f 219//35 171//162 170//161
f 170//161 220//35 219//35
f 172//163 92//87 91//86
f 91//86 165//156 221//208
f 91//86 221//208 172//163
f 220//35 170//161 172//163
f 172//163 222//35 220//35
f 223//35 224//209 174//164
f 174//164 173//35 223//35
f 225//210 226//211 176//166
f 176//166 227//212 225//210
f 174//164 228//213 178//168
f 178//168 133//125 174//164
f 176//166 175//165 229//214
f 177//167 230//215 231//216
f 231//216 175//165 177//167
f 177//167 136//128 180//170
f 178//168 232//217 183//173
f 183//173 137//129 178//168
f 179//169 184//174 181//171
f 181//171 134//126 179//169
f 177//167 180//170 135//127
f 135//127 182//172 230//215
f 135//127 230//215 177//167
f 233//218 182//172 181//171
f 181//171 234//35 233//218
f 183//173 235//219 187//177
f 187//177 139//131 183//173
f 185//175 186//176 236//35
f 236//35 234//35 185//175
f 187//177 237//220 189//179
f 189//179 143//135 187//177
f 236//35 186//176 140//132
f 140//132 238//35 236//35
f 239//35 141//133 188//178
f 188//178 240//35 239//35
f 189//179 241//221 196//185
f 196//185 149//140 189//179
f 152//143 151//142 153//144
f 153//144 242//222 152//143
f 191//35 190//180 243//223
f 243//223 244//35 191//35
f 144//136 192//181 245//224
f 245//224 190//180 144//136
f 146//137 193//182 246//225
f 246//225 192//181 146//137
f 147//138 194//183 247//226
f 247//226 193//182 147//138
f 148//139 195//184 248//227
f 248//227 194//183 148//139
f 150//141 197//186 249//228
f 249//228 195//184 150//141
f 196//185 250//229 251//230
f 251//230 197//186 196//185
f 154//145 80//75 152//143
f 152//143 252//231 154//145
f 253//232 254//233 155//146
f 155//146 154//145 253//232
f 255//234 206//195 158//149
f 158//149 202//191 255//234
f 90//85 256//235 210//199
f 210//199 257//236 221//208
f 221//208 165//156 210//199
f 258//237 259//238 90//85
f 90//85 212//201 258//237
f 211//200 260//239 261//240
f 261//240 212//201 211//200
f 262//241 263//242 213//202
f 213//202 127//120 262//241
f 167//158 214//203 264//243
f 264//243 215//204 167//158
f 263//242 265//244 214//203
f 214//203 213//202 263//242
f 215//204 266//245 260//239
f 260//239 211//200 215//204
f 217//206 267//246 127//120
f 127//120 168//159 217//206
f 216//205 267//246 217//206
f 240//35 188//178 171//162
f 171//162 219//35 240//35
f 268//35 219//35 220//35
f 220//35 269//35 268//35
f 269//35 220//35 222//35
f 222//35 270//35 269//35
f 222//35 172//163 221//208
f 221//208 271//35 222//35
f 272//35 273//247 224//209
f 224//209 223//35 272//35
f 274//248 275//249 276//250
f 276//250 226//211 274//248
f 224//209 277//251 228//213
f 228//213 174//164 224//209
f 225//210 278//252 226//211
f 176//166 279//253 227//212
f 228//213 280//254 232//217
f 232//217 178//168 228//213
f 176//166 229//214 281//255
f 175//165 231//216 282//256
f 282//256 229//214 175//165
f 230//215 182//172 233//218
f 233//218 231//216 230//215
f 232//217 283//257 235//219
f 235//219 183//173 232//217
f 181//171 184//174 185//175
f 185//175 234//35 181//171
f 233//218 234//35 236//35
f 236//35 284//35 233//218
f 235//219 285//258 237//220
f 237//220 187//177 235//219
f 237//220 286//259 241//221
f 241//221 189//179 237//220
f 284//35 236//35 238//35
f 238//35 287//35 284//35
f 238//35 140//132 141//133
f 141//133 239//35 238//35
f 288//35 239//35 240//35
f 240//35 289//35 288//35
f 241//221 290//260 250//229
f 250//229 196//185 241//221
f 152//143 242//222 252//231
f 244//35 243//223 291//261
f 291//261 292//35 244//35
f 190//180 245//224 293//262
f 293//262 243//223 190//180
f 192//181 246//225 294//263
f 294//263 245//224 192//181
f 193//182 247//226 295//264
f 295//264 246//225 193//182
f 194//183 248//227 296//265
f 296//265 247//226 194//183
f 195//184 249//228 297//266
f 297//266 248//227 195//184
f 197//186 251//230 298//267
f 298//267 249//228 197//186
f 250//229 299//268 300//269
f 300//269 251//230 250//229
f 301//270 302//271 254//233
f 254//233 253//232 301//270
f 253//232 154//145 252//231
f 252//231 303//272 253//232
f 155//146 254//233 199//188
f 199//188 198//187 155//146
f 304//273 305//274 306//275
f 306//275 307//276 204//193
f 306//275 204//193 304//273
f 206//195 308//277 305//274
f 305//274 304//273 207//196
f 305//274 207//196 206//195
f 308//277 206//195 255//234
f 255//234 309//278 310//279
f 310//279 311//280 312//281
f 312//281 308//277 255//234
f 255//234 310//279 312//281
f 313//282 255//234 202//191
f 313//282 202//191 201//190
f 161//152 209//198 314//283
f 314//283 218//207 161//152
f 90//85 259//238 256//235
f 256//235 315//284 257//236
f 257//236 210//199 256//235
f 271//35 221//208 257//236
f 257//236 316//35 271//35
f 258//237 315//284 259//238
f 317//285 258//237 212//201
f 212//201 261//240 318//286
f 318//286 319//287 212//201
f 260//239 320//288 321//289
f 321//289 261//240 260//239
f 322//290 265//244 263//242
f 263//242 262//241 322//290
f 323//291 262//241 127//120
f 127//120 267//246 323//291
f 215//204 264//243 324//292
f 324//292 266//245 215//204
f 265//244 325//293 264//243
f 264//243 214//203 265//244
f 260//239 266//245 326//294
f 326//294 327//295 260//239
f 328//296 216//205 169//160
f 169//160 218//207 329//297
f 169//160 329//297 328//296
f 330//298 267//246 216//205
f 216//205 328//296 330//298
f 289//35 240//35 219//35
f 219//35 268//35 289//35
f 331//299 268//35 269//35
f 269//35 332//300 331//299
f 332//300 269//35 270//35
f 270//35 333//301 332//300
f 270//35 222//35 271//35
f 271//35 334//35 270//35
f 335//35 336//302 273//247
f 273//247 272//35 335//35
f 337//303 276//250 275//249
f 275//249 338//304 337//303
f 273//247 339//305 277//251
f 277//251 224//209 273//247
f 340//306 341//307 275//249
f 275//249 274//248 340//306
f 342//308 321//289 274//248
f 274//248 226//211 278//252
f 274//248 278//252 342//308
f 277//251 343//309 280//254
f 280//254 228//213 277//251
f 225//210 344//310 331//299
f 331//299 278//252 225//210
f 225//210 227//212 279//253
f 279//253 345//311 344//310
f 279//253 344//310 225//210
f 176//166 281//255 279//253
f 280//254 346//312 283//257
f 283//257 232//217 280//254
f 229//214 282//256 347//313
f 347//313 281//255 229//214
f 231//216 233//218 284//35
f 284//35 282//256 231//216
f 283//257 348//314 285//258
f 285//258 235//219 283//257
f 285//258 349//315 286//259
f 286//259 237//220 285//258
f 286//259 350//316 290//260
f 290//260 241//221 286//259
f 282//256 284//35 287//35
f 287//35 347//313 282//256
f 287//35 238//35 239//35
f 239//35 288//35 287//35
f 345//311 288//35 289//35
f 289//35 344//310 345//311
f 290//260 351//221 299//268
f 299//268 250//229 290//260
f 303//272 252//231 242//222
f 352//317 242//222 353//318
f 354//319 353//318 242//222
f 242//222 355//320 354//319
f 356//321 357//322 358//323
f 358//323 355//320 356//321
f 292//35 291//261 359//324
f 359//324 360//35 292//35
f 243//223 293//262 361//325
f 361//325 291//261 243//223
f 245//224 294//263 362//326
f 362//326 293//262 245//224
f 246//225 295//264 363//327
f 363//327 294//263 246//225
f 247//226 296//265 364//328
f 364//328 295//264 247//226
f 248//227 297//266 365//329
f 365//329 296//265 248//227
f 249//228 298//267 366//330
f 366//330 297//266 249//228
f 251//230 300//269 367//331
f 367//331 298//267 251//230
f 299//268 368//229 369//230
f 369//230 300//269 299//268
f 370//332 313//282 302//271
f 302//271 301//270 370//332
f 301//270 253//232 303//272
f 303//272 371//333 301//270
f 254//233 302//271 200//189
f 200//189 199//188 254//233
f 201//190 200//189 302//271
f 302//271 313//282 201//190
f 306//275 305//274 308//277
f 308//277 312//281 372//334
f 308//277 372//334 306//275
f 309//278 255//234 313//282
f 313//282 373//335 309//278
f 307//276 209//198 208//197
f 208//197 204//193 307//276
f 259//238 315//284 256//235
f 316//35 257//236 315//284
f 315//284 258//237 317//285
f 317//285 319//287 316//35
f 315//284 317//285 316//35
f 334//35 271//35 316//35
f 316//35 374//35 334//35
f 212//201 319//287 317//285
f 319//287 318//286 374//35
f 374//35 316//35 319//287
f 318//286 261//240 375//128
f 320//288 260//239 376//336
f 376//336 377//337 320//288
f 378//338 261//240 321//289
f 321//289 379//339 378//338
f 320//288 340//306 274//248
f 274//248 321//289 320//288
f 380//340 325//293 265//244
f 265//244 322//290 380//340
f 381//341 382//342 322//290
f 322//290 262//241 381//341
f 383//343 381//341 262//241
f 262//241 323//291 383//343
f 384//344 323//291 267//246
f 267//246 330//298 384//344
f 266//245 324//292 385//345
f 385//345 386//346 266//245
f 325//293 385//345 324//292
f 324//292 264//243 325//293
f 260//239 327//295 387//347
f 327//295 326//294 388//348
f 388//348 389//349 327//295
f 266//245 390//350 391//351
f 391//351 326//294 266//245
f 329//297 330//298 328//296
f 344//310 289//35 268//35
f 268//35 331//299 344//310
f 331//299 332//300 392//352
f 392//352 342//308 278//252
f 392//352 278//252 331//299
f 392//352 332//300 333//301
f 333//301 393//353 392//352
f 333//301 270//35 334//35
f 334//35 394//354 333//301
f 395//35 396//355 336//302
f 336//302 335//35 395//35
f 336//302 397//356 339//305
f 339//305 273//247 336//302
f 337//303 338//304 398//357
f 398//357 399//358 400//359
f 398//357 400//359 337//303
f 339//305 401//360 343//309
f 343//309 277//251 339//305
f 340//306 402//361 403//362
f 403//362 341//307 340//306
f 404//363 338//304 275//249
f 275//249 341//307 405//364
f 275//249 405//364 404//363
f 343//309 406//365 346//312
f 346//312 280//254 343//309
f 281//255 347//313 345//311
f 345//311 279//253 281//255
f 346//312 407//366 348//314
f 348//314 283//257 346//312
f 348//314 408//367 349//315
f 349//315 285//258 348//314
f 349//315 409//368 350//316
f 350//316 286//259 349//315
f 350//316 410//259 351//221
f 351//221 290//260 350//316
f 347//313 287//35 288//35
f 288//35 345//311 347//313
f 351//221 411//369 368//229
f 368//229 299//268 351//221
f 371//333 303//272 242//222
f 412//370 242//222 352//317
f 353//318 413//371 414//372
f 414//372 352//317 353//318
f 353//318 354//319 415//373
f 415//373 416//374 413//371
f 415//373 413//371 353//318
f 355//320 415//373 354//319
f 357//322 356//321 417//375
f 418//376 419//377 420//378
f 420//378 356//321 418//376
f 360//35 359//324 421//379
f 421//379 422//35 360//35
f 291//261 361//325 423//380
f 423//380 359//324 291//261
f 293//262 362//326 424//381
f 424//381 361//325 293//262
f 294//263 363//327 425//382
f 425//382 362//326 294//263
f 295//264 364//328 426//383
f 426//383 363//327 295//264
f 296//265 365//329 427//384
f 427//384 364//328 296//265
f 297//266 366//330 428//385
f 428//385 365//329 297//266
f 298//267 367//331 429//266
f 429//266 366//330 298//267
f 300//269 369//230 430//267
f 430//267 367//331 300//269
f 368//229 431//185 432//269
f 432//269 369//230 368//229
f 433//386 373//335 313//282
f 313//282 370//332 433//386
f 370//332 301//270 371//333
f 371//333 434//387 435//388
f 371//333 435//388 370//332
f 436//389 306//275 372//334
f 372//334 437//390 436//389
f 314//283 209//198 307//276
f 307//276 438//391 314//283
f 334//35 374//35 439//392
f 439//392 378//338 394//354
f 439//392 394//354 334//35
f 439//392 374//35 318//286
f 318//286 375//128 439//392
f 261//240 439//392 375//128
f 377//337 440//393 320//288
f 260//239 387//347 376//336
f 439//392 261//240 378//338
f 379//339 394//354 378//338
f 379//339 321//289 393//353
f 441//394 340//306 320//288
f 320//288 442//395 441//394
f 386//346 385//345 325//293
f 325//293 380//340 386//346
f 382//342 443//396 380//340
f 380//340 322//290 382//342
f 444//397 445//398 382//342
f 382//342 381//341 444//397
f 446//399 444//397 381//341
f 381//341 383//343 446//399
f 447//400 383//343 323//291
f 323//291 384//344 447//400
f 448//401 384//344 330//298
f 330//298 449//402 448//401
f 386//346 450//403 390//350
f 390//350 266//245 386//346
f 390//350 451//404 391//351
f 449//402 330//298 329//297
f 329//297 452//405 449//402
f 393//353 321//289 392//352
f 393//353 333//301 394//354
f 394//354 379//339 393//353
f 453//35 454//406 396//355
f 396//355 395//35 453//35
f 455//407 400//359 399//358
f 399//358 456//408 455//407
f 396//355 457//409 397//356
f 397//356 336//302 396//355
f 397//356 458//410 401//360
f 401//360 339//305 397//356
f 338//304 459//411 398//357
f 401//360 460//412 406//365
f 406//365 343//309 401//360
f 340//306 441//394 402//361
f 461//413 341//307 403//362
f 392//352 321//289 342//308
f 406//365 462//414 407//366
f 407//366 346//312 406//365
f 407//366 463//415 408//367
f 408//367 348//314 407//366
f 408//367 464//416 409//368
f 409//368 349//315 408//367
f 409//368 465//315 410//259
f 410//259 350//316 409//368
f 410//259 466//417 411//369
f 411//369 351//221 410//259
f 411//369 467//221 431//185
f 431//185 368//229 411//369
f 434//387 371//333 242//222
f 412//370 468//418 242//222
f 352//317 414//372 469//419
f 469//419 412//370 352//317
f 413//371 470//35 471//35
f 471//35 414//372 413//371
f 355//320 358//323 415//373
f 357//322 472//420 473//421
f 473//421 358//323 357//322
f 356//321 474//422 417//375
f 419//377 418//376 475//423
f 356//321 420//378 474//422
f 419//377 476//424 477//425
f 477//425 420//378 419//377
f 422//35 421//379 478//426
f 478//426 479//35 422//35
f 359//324 423//380 480//427
f 480//427 421//379 359//324
f 361//325 424//381 481//428
f 481//428 423//380 361//325
f 362//326 425//382 482//429
f 482//429 424//381 362//326
f 363//327 426//383 483//430
f 483//430 425//382 363//327
f 364//328 427//384 484//431
f 484//431 426//383 364//328
f 365//329 428//385 485//432
f 485//432 427//384 365//329
f 366//330 429//266 486//433
f 486//433 428//385 366//330
f 367//331 430//267 487//330
f 487//330 429//266 367//331
f 369//230 432//269 488//228
f 488//228 430//267 369//230
f 431//185 489//229 490//230
f 490//230 432//269 431//185
f 491//434 492//435 373//335
f 373//335 433//386 491//434
f 493//436 436//389 437//390
f 437//390 494//437 495//438
f 437//390 495//438 493//436
f 437//390 372//334 496//439
f 496//439 497//440 437//390
f 496//439 372//334 312//281
f 312//281 311//280 496//439
f 438//391 307//276 306//275
f 306//275 436//389 438//391
f 310//279 309//278 373//335
f 373//335 492//435 310//279
f 314//283 498//441 452//405
f 452//405 329//297 218//207
f 452//405 218//207 314//283
f 314//283 438//391 499//442
f 499//442 498//441 314//283
f 440//393 442//395 320//288
f 440//393 377//337 376//336
f 376//336 500//443 501//444
f 376//336 501//444 440//393
f 387//347 502//445 500//443
f 500//443 376//336 387//347
f 441//394 442//395 503//446
f 503//446 504//447 441//394
f 443//396 505//448 386//346
f 386//346 380//340 443//396
f 445//398 506//449 443//396
f 443//396 382//342 445//398
f 507//450 508//451 445//398
f 445//398 444//397 507//450
f 509//452 507//450 444//397
f 444//397 446//399 509//452
f 510//453 446//399 383//343
f 383//343 447//400 510//453
f 511//454 447//400 384//344
f 384//344 448//401 511//454
f 449//402 512//455 513//456
f 513//456 448//401 449//402
f 505//448 514//457 450//403
f 450//403 386//346 505//448
f 502//445 387//347 327//295
f 327//295 389//349 502//445
f 515//458 502//445 389//349
f 389//349 388//348 515//458
f 326//294 391//351 451//404
f 451//404 515//458 388//348
f 451//404 388//348 326//294
f 390//350 516//459 451//404
f 498//441 449//402 452//405
f 517//35 518//460 454//406
f 454//406 453//35 517//35
f 454//406 519//461 457//409
f 457//409 396//355 454//406
f 456//408 520//462 521//463
f 521//463 455//407 456//408
f 457//409 522//464 458//410
f 458//410 397//356 457//409
f 456//408 399//358 523//465
f 523//465 524//466 456//408
f 458//410 525//467 460//412
f 460//412 401//360 458//410
f 526//468 523//465 459//411
f 459//411 404//363 405//364
f 459//411 405//364 526//468
f 460//412 527//469 462//414
f 462//414 406//365 460//412
f 341//307 461//413 528//470
f 504//447 529//471 403//362
f 403//362 402//361 441//394
f 403//362 441//394 504//447
f 530//472 531//473 405//364
f 405//364 341//307 530//472
f 462//414 532//474 463//415
f 463//415 407//366 462//414
f 463//415 533//475 464//416
f 464//416 408//367 463//415
f 464//416 534//476 465//315
f 465//315 409//368 464//416
f 465//315 535//368 466//417
f 466//417 410//259 465//315
f 466//417 536//259 467//221
f 467//221 411//369 466//417
f 467//221 537//369 489//229
f 489//229 431//185 467//221
f 538//477 434//387 242//222
f 242//222 468//418 538//477
f 412//370 469//419 539//478
f 539//478 468//418 412//370
f 414//372 471//35 540//35
f 540//35 469//419 414//372
f 416//374 541//35 470//35
f 470//35 413//371 416//374
f 470//35 542//35 543//35
f 543//35 471//35 470//35
f 358//323 473//421 416//374
f 416//374 415//373 358//323
f 474//422 544//479 472//420
f 472//420 357//322 417//375
f 472//420 417//375 474//422
f 419//377 475//423 545//480
f 545//480 546//481 476//424
f 545//480 476//424 419//377
f 418//376 545//480 475//423
f 420//378 477//425 544//479
f 544//479 474//422 420//378
f 547//482 545//480 418//376
f 418//376 548//483 547//482
f 479//35 478//426 549//484
f 549//484 550//35 479//35
f 421//379 480//427 551//485
f 551//485 478//426 421//379
f 423//380 481//428 552//486
f 552//486 480//427 423//380
f 424//381 482//429 553//487
f 553//487 481//428 424//381
f 425//382 483//430 554//488
f 554//488 482//429 425//382
f 426//383 484//431 555//489
f 555//489 483//430 426//383
f 427//384 485//432 556//490
f 556//490 484//431 427//384
f 428//385 486//433 557//384
f 557//384 485//432 428//385
f 429//266 487//330 558//385
f 558//385 486//433 429//266
f 430//267 488//228 559//266
f 559//266 487//330 430//267
f 432//269 490//230 560//491
f 560//491 488//228 432//269
f 489//229 561//268 562//269
f 562//269 490//230 489//229
f 491//434 497//440 496//439
f 496//439 492//435 491//434
f 563//492 433//386 370//332
f 370//332 564//493 563//492
f 564//493 370//332 565//494
f 436//389 493//436 566//495
f 566//495 499//442 438//391
f 566//495 438//391 436//389
f 567//496 493//436 495//438
f 494//437 568//497 567//496
f 567//496 495//438 494//437
f 492//435 496//439 311//280
f 311//280 310//279 492//435
f 506//449 569//498 505//448
f 505//448 443//396 506//449
f 508//451 570//499 506//449
f 506//449 445//398 508//451
f 571//500 572//501 508//451
f 508//451 507//450 571//500
f 573//502 571//500 507//450
f 507//450 509//452 573//502
f 574//503 509//452 446//399
f 446//399 510//453 574//503
f 575//504 510//453 447//400
f 447//400 511//454 575//504
f 449//402 576//505 512//455
f 569//498 577//506 514//457
f 514//457 505//448 569//498
f 514//457 578//507 579//508
f 579//508 450//403 514//457
f 580//509 581//510 390//350
f 582//511 500//443 502//445
f 502//445 515//458 582//511
f 451//404 516//459 582//511
f 582//511 515//458 451//404
f 390//350 583//512 516//459
f 584//513 449//402 498//441
f 498//441 499//442 584//513
f 585//35 586//514 518//460
f 518//460 517//35 585//35
f 518//460 587//515 519//461
f 519//461 454//406 518//460
f 520//462 588//516 589//517
f 589//517 521//463 520//462
f 519//461 590//518 522//464
f 522//464 457//409 519//461
f 520//462 456//408 524//466
f 524//466 591//519 520//462
f 522//464 592//520 525//467
f 525//467 458//410 522//464
f 525//467 593//521 527//469
f 527//469 460//412 525//467
f 526//468 594//522 524//466
f 524//466 523//465 526//468
f 527//469 595//523 532//474
f 532//474 462//414 527//469
f 341//307 528//470 596//524
f 528//470 461//413 597//525
f 597//525 598//526 528//470
f 529//471 597//525 461//413
f 461//413 403//362 529//471
f 504//447 599//527 600//528
f 600//528 529//471 504//447
f 341//307 596//524 530//472
f 531//473 530//472 596//524
f 596//524 601//529 602//530
f 596//524 602//530 531//473
f 603//531 604//532 605//533
f 606//534 607//535 405//364
f 405//364 603//531 608//536
f 405//364 608//536 606//534
f 609//537 610//538 526//468
f 526//468 405//364 609//537
f 526//468 610//538 611//539
f 611//539 612//540 594//522
f 611//539 594//522 526//468
f 532//474 613//541 533//475
f 533//475 463//415 532//474
f 533//475 614//415 534//476
f 534//476 464//416 533//475
f 534//476 615//542 535//368
f 535//368 465//315 534//476
f 535//368 616//315 536//259
f 536//259 466//417 535//368
f 536//259 617//316 537//369
f 537//369 467//221 536//259
f 537//369 618//221 561//268
f 561//268 489//229 537//369
f 434//387 538//477 619//543
f 619//543 620//544 435//388
f 619//543 435//388 434//387
f 468//418 539//478 621//545
f 621//545 538//477 468//418
f 469//419 540//35 622//35
f 622//35 539//478 469//419
f 471//35 543//35 623//35
f 623//35 540//35 471//35
f 473//421 624//546 541//35
f 541//35 416//374 473//421
f 541//35 625//35 542//35
f 542//35 470//35 541//35
f 542//35 626//547 627//548
f 627//548 543//35 542//35
f 624//546 473//421 472//420
f 472//420 544//479 624//546
f 628//549 624//546 544//479
f 544//479 477//425 628//549
f 546//481 628//549 477//425
f 477//425 476//424 546//481
f 547//482 629//550 546//481
f 546//481 545//480 547//482
f 548//483 630//551 547//482
f 631//552 548//483 632//553
f 633//554 632//553 548//483
f 548//483 634//555 633//554
f 635//556 636//557 634//555
f 634//555 637//558 635//556
f 550//35 549//484 638//559
f 638//559 639//35 550//35
f 478//426 551//485 640//560
f 640//560 549//484 478//426
f 480//427 552//486 641//561
f 641//561 551//485 480//427
f 481//428 553//487 642//562
f 642//562 552//486 481//428
f 482//429 554//488 643//563
f 643//563 553//487 482//429
f 483//430 555//489 644//564
f 644//564 554//488 483//430
f 484//431 556//490 645//565
f 645//565 555//489 484//431
f 485//432 557//384 646//431
f 646//431 556//490 485//432
f 486//433 558//385 647//432
f 647//432 557//384 486//433
f 487//330 559//266 648//433
f 648//433 558//385 487//330
f 488//228 560//491 649//330
f 649//330 559//266 488//228
f 490//230 562//269 650//228
f 650//228 560//491 490//230
f 561//268 651//229 652//566
f 652//566 562//269 561//268
f 497//440 491//434 653//567
f 653//567 654//568 497//440
f 563//492 653//567 491//434
f 491//434 433//386 563//492
f 655//569 568//497 563//492
f 563//492 564//493 655//569
f 655//569 564//493 565//494
f 565//494 656//570 655//569
f 565//494 370//332 435//388
f 435//388 657//571 565//494
f 435//388 620//544 656//570
f 656//570 657//571 435//388
f 493//436 567//496 584//513
f 584//513 566//495 493//436
f 654//568 568//497 494//437
f 658//572 659//573 567//496
f 567//496 568//497 658//572
f 654//568 494//437 437//390
f 437//390 497//440 654//568
f 503//446 442//395 440//393
f 440//393 501//444 503//446
f 660//574 501//444 500//443
f 500//443 582//511 660//574
f 599//527 504//447 503//446
f 503//446 661//575 599//527
f 570//499 662//576 569//498
f 569//498 506//449 570//499
f 572//501 663//577 570//499
f 570//499 508//451 572//501
f 664//578 665//579 572//501
f 572//501 571//500 664//578
f 666//580 664//578 571//500
f 571//500 573//502 666//580
f 667//581 573//502 509//452
f 509//452 574//503 667//581
f 668//582 574//503 510//453
f 510//453 575//504 668//582
f 669//583 575//504 511//454
f 511//454 670//584 669//583
f 671//585 511//454 448//401
f 448//401 513//456 671//585
f 512//455 672//586 673//587
f 673//587 513//456 512//455
f 449//402 674//588 576//505
f 576//505 675//589 672//586
f 672//586 512//455 576//505
f 662//576 676//590 577//506
f 577//506 569//498 662//576
f 577//506 677//591 578//507
f 578//507 514//457 577//506
f 579//508 578//507 678//592
f 678//592 679//592 579//508
f 580//509 680//593 681//593
f 681//593 682//594 683//595
f 681//593 683//595 580//509
f 583//512 390//350 684//596
f 516//459 583//512 660//574
f 660//574 582//511 516//459
f 449//402 584//513 685//597
f 685//597 686//598 449//402
f 584//513 499//442 566//495
f 687//35 688//599 586//514
f 586//514 585//35 687//35
f 689//600 589//517 690//601
f 690//601 691//602 689//600
f 586//514 692//603 587//515
f 587//515 518//460 586//514
f 693//604 694//605 589//517
f 589//517 588//516 695//606
f 589//517 695//606 693//604
f 587//515 696//607 590//518
f 590//518 519//461 587//515
f 588//516 520//462 591//519
f 591//519 697//608 588//516
f 590//518 698//609 592//520
f 592//520 522//464 590//518
f 592//520 699//610 593//521
f 593//521 525//467 592//520
f 594//522 700//611 591//519
f 591//519 524//466 594//522
f 593//521 701//612 595//523
f 595//523 527//469 593//521
f 595//523 702//613 613//541
f 613//541 532//474 595//523
f 596//524 528//470 598//526
f 598//526 601//529 596//524
f 529//471 600//528 703//614
f 703//614 597//525 529//471
f 597//525 703//614 704//615
f 704//615 598//526 597//525
f 705//616 706//617 600//528
f 600//528 599//527 707//618
f 600//528 707//618 705//616
f 708//619 531//473 602//530
f 602//530 709//620 710//621
f 602//530 710//621 708//619
f 405//364 607//535 711//622
f 405//364 712//623 713//624
f 713//624 609//537 405//364
f 611//539 610//538 609//537
f 609//537 714//625 715//626
f 715//626 716//627 611//539
f 609//537 715//626 611//539
f 613//541 717//474 614//415
f 614//415 533//475 613//541
f 614//415 718//475 615//542
f 615//542 534//476 614//415
f 615//542 719//476 616//315
f 616//315 535//368 615//542
f 616//315 720//368 617//316
f 617//316 536//259 616//315
f 617//316 721//259 618//221
f 618//221 537//369 617//316
f 618//221 722//628 651//229
f 651//229 561//268 618//221
f 723//629 619//543 538//477
f 538//477 621//545 724//630
f 538//477 724//630 723//629
f 539//478 622//35 725//35
f 725//35 621//545 539//478
f 540//35 623//35 726//35
f 726//35 622//35 540//35
f 543//35 627//548 727//631
f 727//631 623//35 543//35
f 624//546 628//549 625//35
f 625//35 541//35 624//546
f 625//35 629//550 626//547
f 626//547 542//35 625//35
f 728//632 627//548 626//547
f 626//547 630//551 728//632
f 628//549 546//481 629//550
f 629//550 625//35 628//549
f 630//551 626//547 629//550
f 629//550 547//482 630//551
f 630//551 548//483 728//632
f 728//632 548//483 631//552
f 631//552 632//553 633//554
f 633//554 729//633 727//631
f 633//554 727//631 631//552
f 634//555 730//634 633//554
f 731//635 732//636 636//557
f 636//557 635//556 731//635
f 637//558 733//637 734//638
f 734//638 635//556 637//558
f 634//555 636//557 735//639
f 735//639 736//640 730//634
f 735//639 730//634 634//555
f 639//35 638//559 737//641
f 737//641 738//35 639//35
f 549//484 640//560 739//642
f 739//642 638//559 549//484
f 551//485 641//561 740//643
f 740//643 640//560 551//485
f 552//486 642//562 741//644
f 741//644 641//561 552//486
f 553//487 643//563 742//645
f 742//645 642//562 553//487
f 554//488 644//564 743//646
f 743//646 643//563 554//488
f 555//489 645//565 744//647
f 744//647 644//564 555//489
f 556//490 646//431 745//489
f 745//489 645//565 556//490
f 557//384 647//432 746//490
f 746//490 646//431 557//384
f 558//385 648//433 747//648
f 747//648 647//432 558//385
f 559//266 649//330 748//385
f 748//385 648//433 559//266
f 560//491 650//228 749//649
f 749//649 649//330 560//491
f 562//269 652//566 750//491
f 750//491 650//228 562//269
f 750//491 652//566 651//229
f 651//229 722//628 751//316
f 751//316 752//650 753//651
f 753//651 754//652 755//541
f 755//541 756//613 757//653
f 757//653 758//654 759//655
f 759//655 760//656 761//657
f 761//657 762//658 763//659
f 763//659 764//660 765//661
f 765//661 766//662 767//663
f 767//663 768//664 769//665
f 769//665 770//666 771//667
f 771//667 772//668 773//669
f 773//669 774//670 775//671
f 775//671 776//672 777//673
f 777//673 778//328 779//674
f 779//674 780//675 781//676
f 781//676 782//141 783//677
f 783//677 784//678 785//679
f 785//679 786//680 787//681
f 787//681 788//366 789//414
f 789//414 790//469 791//682
f 791//682 792//610 793//683
f 793//683 794//684 795//685
f 795//685 796//686 797//687
f 797//687 798//688 799//689
f 799//689 800//690 801//691
f 801//691 802//692 803//693
f 803//693 804//694 805//695
f 805//695 806//696 807//697
f 807//697 808//698 809//490
f 809//490 810//432 811//699
f 811//699 812//700 750//491
f 750//491 651//229 751//316
f 751//316 753//651 755//541
f 755//541 757//653 759//655
f 759//655 761//657 763//659
f 763//659 765//661 767//663
f 767//663 769//665 771//667
f 771//667 773//669 775//671
f 775//671 777//673 779//674
f 779//674 781//676 783//677
f 783//677 785//679 787//681
f 787//681 789//414 791//682
f 791//682 793//683 795//685
f 795//685 797//687 799//689
f 799//689 801//691 803//693
f 803//693 805//695 807//697
f 807//697 809//490 811//699
f 811//699 750//491 751//316
f 751//316 755//541 759//655
f 759//655 763//659 767//663
f 767//663 771//667 775//671
f 775//671 779//674 783//677
f 783//677 787//681 791//682
f 791//682 795//685 799//689
f 799//689 803//693 807//697
f 807//697 811//699 751//316
f 751//316 759//655 767//663
f 767//663 775//671 783//677
f 783//677 791//682 799//689
f 799//689 807//697 751//316
f 751//316 767//663 783//677
f 751//316 783//677 799//689
f 568//497 653//567 563//492
f 568//497 654//568 653//567
f 813//701 568//497 655//569
f 655//569 814//702 813//701
f 814//702 655//569 656//570
f 656//570 620//544 814//702
f 656//570 565//494 657//571
f 723//629 620//544 619//543
f 815//703 584//513 567//496
f 567//496 816//704 815//703
f 817//705 818//706 659//573
f 659//573 658//572 817//705
f 819//707 658//572 568//497
f 568//497 813//701 819//707
f 567//496 659//573 820//708
f 820//708 821//709 567//496
f 661//575 503//446 501//444
f 501//444 660//574 661//575
f 599//527 661//575 684//596
f 684//596 707//618 599//527
f 663//577 822//710 662//576
f 662//576 570//499 663//577
f 665//579 823//711 663//577
f 663//577 572//501 665//579
f 824//712 825//713 665//579
f 665//579 664//578 824//712
f 826//714 824//712 664//578
f 664//578 666//580 826//714
f 827//715 666//580 573//502
f 573//502 667//581 827//715
f 828//716 667//581 574//503
f 574//503 668//582 828//716
f 829//717 668//582 575//504
f 575//504 669//583 829//717
f 818//706 669//583 670//584
f 670//584 659//573 818//706
f 830//718 670//584 511//454
f 511//454 831//719 830//718
f 513//456 673//587 832//720
f 832//720 671//585 513//456
f 833//721 511//454 671//585
f 449//402 834//722 674//588
f 674//588 835//723 675//589
f 675//589 576//505 674//588
f 822//710 836//724 676//590
f 676//590 662//576 822//710
f 676//590 837//725 677//591
f 677//591 577//506 676//590
f 677//591 838//726 839//727
f 839//727 578//507 677//591
f 840//728 682//594 579//508
f 678//592 841//729 842//730
f 842//730 679//592 678//592
f 578//507 843//731 678//592
f 583//512 684//596 661//575
f 661//575 660//574 583//512
f 706//617 705//616 844//732
f 844//732 845//733 706//617
f 449//402 686//598 846//734
f 685//597 847//735 848//736
f 848//736 686//598 685//597
f 685//597 584//513 849//737
f 850//35 851//738 688//599
f 688//599 687//35 850//35
f 852//739 689//600 853//740
f 853//740 854//741 852//739
f 688//599 855//742 692//603
f 692//603 586//514 688//599
f 691//602 856//743 689//600
f 692//603 857//744 696//607
f 696//607 587//515 692//603
f 696//607 858//745 698//609
f 698//609 590//518 696//607
f 588//516 697//608 695//606
f 698//609 859//683 699//610
f 699//610 592//520 698//609
f 700//611 860//746 697//608
f 697//608 591//519 700//611
f 699//610 861//747 701//612
f 701//612 593//521 699//610
f 862//748 863//749 700//611
f 700//611 594//522 862//748
f 701//612 864//750 702//613
f 702//613 595//523 701//612
f 702//613 865//523 717//474
f 717//474 613//541 702//613
f 598//526 704//615 866//751
f 866//751 601//529 598//526
f 600//528 706//617 867//752
f 867//752 703//614 600//528
f 703//614 867//752 868//753
f 868//753 704//615 703//614
f 869//754 708//619 870//755
f 405//364 711//622 871//756
f 711//622 607//535 872//757
f 872//757 873//758 711//622
f 874//759 607//535 606//534
f 405//364 871//756 712//623
f 717//474 875//541 718//475
f 718//475 614//415 717//474
f 718//475 876//415 719//476
f 719//476 615//542 718//475
f 719//476 877//416 720//368
f 720//368 616//315 719//476
f 720//368 878//315 721//259
f 721//259 617//316 720//368
f 721//259 751//316 722//628
f 722//628 618//221 721//259
f 621//545 725//35 879//35
f 879//35 724//630 621//545
f 622//35 726//35 880//35
f 880//35 725//35 622//35
f 623//35 727//631 729//633
f 729//633 726//35 623//35
f 631//552 727//631 627//548
f 627//548 728//632 631//552
f 730//634 881//760 729//633
f 729//633 633//554 730//634
f 882//761 883//762 732//636
f 732//636 731//635 882//761
f 635//556 734//638 884//763
f 884//763 731//635 635//556
f 732//636 885//764 735//639
f 735//639 636//557 732//636
f 733//637 886//765 887//766
f 887//766 734//638 733//637
f 738//35 737//641 888//767
f 888//767 889//35 738//35
f 638//559 739//642 890//768
f 890//768 737//641 638//559
f 640//560 740//643 891//769
f 891//769 739//642 640//560
f 641//561 741//644 892//770
f 892//770 740//643 641//561
f 642//562 742//645 893//771
f 893//771 741//644 642//562
f 643//563 743//646 894//772
f 894//772 742//645 643//563
f 644//564 744//647 895//773
f 895//773 743//646 644//564
f 645//565 745//489 896//564
f 896//564 744//647 645//565
f 646//431 746//490 897//774
f 897//774 745//489 646//431
f 647//432 747//648 898//775
f 898//775 746//490 647//432
f 648//433 748//385 899//432
f 899//432 747//648 648//433
f 649//330 749//649 900//329
f 900//329 748//385 649//330
f 650//228 750//491 812//700
f 812//700 749//649 650//228
f 749//649 812//700 811//699
f 811//699 900//329 749//649
f 900//329 811//699 810//432
f 810//432 901//648 900//329
f 901//648 810//432 809//490
f 809//490 902//431 901//648
f 902//431 809//490 808//698
f 808//698 903//489 902//431
f 903//489 808//698 807//697
f 807//697 904//776 903//489
f 904//776 807//697 806//696
f 806//696 905//646 904//776
f 905//646 806//696 805//695
f 805//695 906//777 905//646
f 906//777 805//695 804//694
f 804//694 907//778 906//777
f 907//778 804//694 803//693
f 803//693 908//779 907//778
f 908//779 803//693 802//692
f 802//692 909//780 908//779
f 909//780 802//692 801//691
f 801//691 910//781 909//780
f 910//781 801//691 800//690
f 800//690 911//782 910//781
f 911//782 800//690 799//689
f 799//689 912//783 911//782
f 912//783 799//689 798//688
f 798//688 913//784 912//783
f 913//784 798//688 797//687
f 797//687 914//785 913//784
f 914//785 797//687 796//686
f 796//686 915//738 914//785
f 915//738 796//686 795//685
f 795//685 916//514 915//738
f 916//514 795//685 794//684
f 794//684 917//460 916//514
f 917//460 794//684 793//683
f 793//683 918//406 917//460
f 918//406 793//683 792//610
f 792//610 919//355 918//406
f 919//355 792//610 791//682
f 791//682 920//786 919//355
f 920//786 791//682 790//469
f 790//469 921//247 920//786
f 921//247 790//469 789//414
f 789//414 922//787 921//247
f 922//787 789//414 788//366
f 788//366 923//164 922//787
f 923//164 788//366 787//681
f 787//681 924//125 923//164
f 924//125 787//681 786//680
f 786//680 925//95 924//125
f 925//95 786//680 785//679
f 785//679 926//64 925//95
f 926//64 785//679 784//678
f 784//678 927//44 926//64
f 927//44 784//678 783//677
f 783//677 928//36 927//44
f 928//36 783//677 782//141
f 782//141 929//788 928//36
f 929//788 782//141 781//676
f 781//676 930//789 929//788
f 930//789 781//676 780//675
f 780//675 931//69 930//789
f 931//69 780//675 779//674
f 779//674 932//790 931//69
f 932//790 779//674 778//328
f 778//328 933//791 932//790
f 933//791 778//328 777//673
f 777//673 934//792 933//791
f 934//792 777//673 776//672
f 776//672 935//793 934//792
f 935//793 776//672 775//671
f 775//671 936//261 935//793
f 936//261 775//671 774//670
f 774//670 937//324 936//261
f 937//324 774//670 773//669
f 773//669 938//794 937//324
f 938//794 773//669 772//668
f 772//668 939//426 938//794
f 939//426 772//668 771//667
f 771//667 940//795 939//426
f 940//795 771//667 770//666
f 770//666 941//559 940//795
f 941//559 770//666 769//665
f 769//665 942//796 941//559
f 942//796 769//665 768//664
f 768//664 943//767 942//796
f 943//767 768//664 767//663
f 767//663 944//797 943//767
f 944//797 767//663 766//662
f 766//662 945//798 944//797
f 945//798 766//662 765//661
f 765//661 946//799 945//798
f 946//799 765//661 764//660
f 764//660 947//800 946//799
f 947//800 764//660 763//659
f 763//659 948//801 947//800
f 948//801 763//659 762//658
f 762//658 949//802 948//801
f 949//802 762//658 761//657
f 761//657 950//803 949//802
f 950//803 761//657 760//656
f 760//656 951//804 950//803
f 951//804 760//656 759//655
f 759//655 952//805 951//804
f 952//805 759//655 758//654
f 758//654 953//747 952//805
f 953//747 758//654 757//653
f 757//653 954//806 953//747
f 954//806 757//653 756//613
f 756//613 955//807 954//806
f 955//807 756//613 755//541
f 755//541 956//808 955//807
f 956//808 755//541 754//652
f 754//652 957//415 956//808
f 957//415 754//652 753//651
f 753//651 958//476 957//415
f 958//476 753//651 752//650
f 752//650 878//315 958//476
f 878//315 752//650 751//316
f 751//316 721//259 878//315
f 959//809 813//701 814//702
f 814//702 960//810 959//809
f 960//810 814//702 620//544
f 620//544 961//811 960//810
f 962//812 620//544 723//629
f 584//513 815//703 963//813
f 816//704 964//814 965//815
f 965//815 815//703 816//704
f 567//496 966//816 816//704
f 967//817 968//818 818//706
f 818//706 817//705 967//817
f 969//819 817//705 658//572
f 658//572 819//707 969//819
f 970//820 819//707 813//701
f 813//701 959//809 970//820
f 567//496 821//709 971//821
f 820//708 972//822 973//823
f 973//823 821//709 820//708
f 820//708 659//573 974//824
f 823//711 975//825 822//710
f 822//710 663//577 823//711
f 825//713 976//826 823//711
f 823//711 665//579 825//713
f 977//827 978//828 825//713
f 825//713 824//712 977//827
f 979//829 977//827 824//712
f 824//712 826//714 979//829
f 980//830 826//714 666//580
f 666//580 827//715 980//830
f 981//831 827//715 667//581
f 667//581 828//716 981//831
f 982//832 828//716 668//582
f 668//582 829//717 982//832
f 968//818 829//717 669//583
f 669//583 818//706 968//818
f 659//573 670//584 983//833
f 983//833 984//834 659//573
f 670//584 830//718 985//835
f 831//719 986//836 987//837
f 987//837 830//718 831//719
f 831//719 511//454 988//838
f 671//585 832//720 989//839
f 989//839 833//721 671//585
f 990//840 511//454 833//721
f 449//402 991//841 834//722
f 834//722 992//842 835//723
f 835//723 674//588 834//722
f 975//825 993//843 836//724
f 836//724 822//710 975//825
f 836//724 994//844 837//725
f 837//725 676//590 836//724
f 837//725 995//845 838//726
f 838//726 677//591 837//725
f 578//507 839//727 996//728
f 996//728 997//728 578//507
f 838//726 998//846 999//847
f 999//847 839//727 838//726
f 682//594 840//728 679//592
f 679//592 842//730 1000//848
f 1000//848 683//595 682//594
f 679//592 1000//848 682//594
f 843//731 1001//849 841//729
f 841//729 678//592 843//731
f 841//729 1002//850 1003//851
f 1003//851 842//730 841//729
f 578//507 1004//728 843//731
f 1000//848 1005//852 683//595
f 1006//853 581//510 580//509
f 580//509 683//595 1007//854
f 1007//854 1008//853 1006//853
f 580//509 1007//854 1006//853
f 449//402 846//734 1009//855
f 686//598 848//736 1010//856
f 1010//856 846//734 686//598
f 849//737 1011//857 847//735
f 847//735 685//597 849//737
f 1010//856 848//736 847//735
f 847//735 1011//857 1012//858
f 1012//858 1013//859 1014//860
f 1014//860 1015//861 1016//862
f 1016//862 1017//863 1018//864
f 1018//864 1019//865 1020//866
f 1020//866 1021//867 1022//868
f 1022//868 1023//869 1024//870
f 1024//870 1025//871 987//837
f 987//837 986//836 1026//872
f 1026//872 1027//873 1028//874
f 1028//874 1029//875 989//839
f 989//839 832//720 673//587
f 673//587 672//586 675//589
f 675//589 835//723 992//842
f 992//842 1030//876 1031//877
f 1031//877 1010//856 847//735
f 847//735 1012//858 1014//860
f 1014//860 1016//862 1018//864
f 1018//864 1020//866 1022//868
f 1022//868 1024//870 987//837
f 987//837 1026//872 1028//874
f 1028//874 989//839 673//587
f 673//587 675//589 992//842
f 992//842 1031//877 847//735
f 847//735 1014//860 1018//864
f 1018//864 1022//868 987//837
f 987//837 1028//874 673//587
f 673//587 992//842 847//735
f 847//735 1018//864 987//837
f 847//735 987//837 673//587
f 849//737 584//513 1032//878
f 850//35 1033//35 1034//879
f 1034//879 851//738 850//35
f 1035//880 1036//881 1037//882
f 1037//882 852//739 1035//880
f 851//738 1038//883 855//742
f 855//742 688//599 851//738
f 852//739 854//741 1039//884
f 855//742 1040//885 857//744
f 857//744 692//603 855//742
f 1041//886 689//600 856//743
f 1041//886 856//743 691//602
f 691//602 690//601 1042//887
f 1042//887 1043//888 1041//886
f 691//602 1042//887 1041//886
f 589//517 1044//889 690//601
f 857//744 1045//890 858//745
f 858//745 696//607 857//744
f 693//604 1046//891 1047//892
f 1047//892 694//605 693//604
f 589//517 694//605 1048//893
f 693//604 695//606 1049//894
f 1049//894 1050//895 693//604
f 858//745 1051//684 859//683
f 859//683 698//609 858//745
f 695//606 697//608 1049//894
f 859//683 1052//896 861//747
f 861//747 699//610 859//683
f 700//611 1053//897 1054//898
f 1054//898 860//746 700//611
f 860//746 1055//899 1056//900
f 1056//900 697//608 860//746
f 861//747 1057//901 864//750
f 864//750 701//612 861//747
f 862//748 1058//902 1059//903
f 1059//903 863//749 862//748
f 862//748 594//522 612//540
f 700//611 863//749 1053//897
f 864//750 1060//612 865//523
f 865//523 702//613 864//750
f 865//523 1061//613 875//541
f 875//541 717//474 865//523
f 601//529 866//751 709//620
f 709//620 602//530 601//529
f 704//615 868//753 1062//904
f 1062//904 866//751 704//615
f 1063//905 1064//906 608//536
f 608//536 1065//907 1066//908
f 608//536 1066//908 1063//905
f 707//618 1007//854 1067//909
f 1067//909 705//616 707//618
f 1068//910 1069//911 869//754
f 869//754 870//755 1070//912
f 869//754 1070//912 1068//910
f 710//621 1071//913 870//755
f 870//755 708//619 710//621
f 871//756 711//622 873//758
f 873//758 1072//914 871//756
f 874//759 872//757 607//535
f 874//759 606//534 1073//915
f 1073//915 1074//916 874//759
f 608//536 1064//906 1073//915
f 1073//915 606//534 608//536
f 603//531 1075//531 1065//907
f 1065//907 608//536 603//531
f 609//537 713//624 1076//917
f 1076//917 714//625 609//537
f 713//624 712//623 1077//918
f 1077//918 1076//917 713//624
f 712//623 871//756 1072//914
f 1072//914 1077//918 712//623
f 875//541 1078//474 876//415
f 876//415 718//475 875//541
f 876//415 1079//475 877//416
f 877//416 719//476 876//415
f 877//416 958//476 878//315
f 878//315 720//368 877//416
f 723//629 724//630 1080//919
f 1080//919 962//812 723//629
f 724//630 879//35 1081//35
f 1081//35 1080//919 724//630
f 725//35 880//35 1082//35
f 1082//35 879//35 725//35
f 726//35 729//633 881//760
f 881//760 880//35 726//35
f 881//760 730//634 736//640
f 736//640 1083//920 1084//921
f 736//640 1084//921 881//760
f 1085//922 1086//923 883//762
f 883//762 882//761 1085//922
f 731//635 884//763 1087//924
f 1087//924 882//761 731//635
f 883//762 1088//925 885//764
f 885//764 732//636 883//762
f 885//764 1089//926 1090//927
f 1090//927 735//639 885//764
f 735//639 1083//920 736//640
f 886//765 1091//928 1092//929
f 1092//929 887//766 886//765
f 889//35 888//767 1093//930
f 1093//930 1094//35 889//35
f 737//641 890//768 1095//931
f 1095//931 888//767 737//641
f 739//642 891//769 1096//932
f 1096//932 890//768 739//642
f 740//643 892//770 1097//933
f 1097//933 891//769 740//643
f 741//644 893//771 1098//667
f 1098//667 892//770 741//644
f 742//645 894//772 1099//778
f 1099//778 893//771 742//645
f 743//646 895//773 1100//934
f 1100//934 894//772 743//646
f 744//647 896//564 1101//646
f 1101//646 895//773 744//647
f 745//489 897//774 1102//647
f 1102//647 896//564 745//489
f 746//490 898//775 1103//935
f 1103//935 897//774 746//490
f 747//648 899//432 1104//490
f 1104//490 898//775 747//648
f 748//385 900//329 901//648
f 901//648 899//432 748//385
f 899//432 901//648 902//431
f 902//431 1104//490 899//432
f 1104//490 902//431 903//489
f 903//489 1105//565 1104//490
f 1105//565 903//489 904//776
f 904//776 1106//697 1105//565
f 1106//697 904//776 905//646
f 905//646 1107//773 1106//697
f 1107//773 905//646 906//777
f 906//777 1108//934 1107//773
f 1108//934 906//777 907//778
f 907//778 1109//694 1108//934
f 1109//694 907//778 908//779
f 908//779 1110//693 1109//694
f 1110//693 908//779 909//780
f 909//780 1111//692 1110//693
f 1111//692 909//780 910//781
f 910//781 1112//936 1111//692
f 1112//936 910//781 911//782
f 911//782 1113//937 1112//936
f 1113//937 911//782 912//783
f 912//783 1114//938 1113//937
f 1114//938 912//783 913//784
f 913//784 1115//939 1114//938
f 1115//939 913//784 914//785
f 914//785 1116//940 1115//939
f 1116//940 914//785 915//738
f 915//738 1117//941 1116//940
f 1117//941 915//738 916//514
f 916//514 1118//685 1117//941
f 1118//685 916//514 917//460
f 917//460 1119//942 1118//685
f 1119//942 917//460 918//406
f 918//406 1120//683 1119//942
f 1120//683 918//406 919//355
f 919//355 1121//610 1120//683
f 1121//610 919//355 920//786
f 920//786 1122//521 1121//610
f 1122//521 920//786 921//247
f 921//247 1123//469 1122//521
f 1123//469 921//247 922//787
f 922//787 1124//414 1123//469
f 1124//414 922//787 923//164
f 923//164 1125//366 1124//414
f 1125//366 923//164 924//125
f 924//125 1126//314 1125//366
f 1126//314 924//125 925//95
f 925//95 1127//258 1126//314
f 1127//258 925//95 926//64
f 926//64 1128//220 1127//258
f 1128//220 926//64 927//44
f 927//44 1129//179 1128//220
f 1129//179 927//44 928//36
f 928//36 1130//140 1129//179
f 1130//140 928//36 929//788
f 929//788 1131//141 1130//140
f 1131//141 929//788 930//789
f 930//789 1132//676 1131//141
f 1132//676 930//789 931//69
f 931//69 1133//227 1132//676
f 1133//227 931//69 932//790
f 932//790 1134//674 1133//227
f 1134//674 932//790 933//791
f 933//791 1135//328 1134//674
f 1135//328 933//791 934//792
f 934//792 1136//383 1135//328
f 1136//383 934//792 935//793
f 935//793 1137//430 1136//383
f 1137//430 935//793 936//261
f 936//261 1138//671 1137//430
f 1138//671 936//261 937//324
f 937//324 1139//563 1138//671
f 1139//563 937//324 938//794
f 938//794 1140//645 1139//563
f 1140//645 938//794 939//426
f 939//426 1141//771 1140//645
f 1141//771 939//426 940//795
f 940//795 1142//667 1141//771
f 1142//667 940//795 941//559
f 941//559 1143//666 1142//667
f 1143//666 941//559 942//796
f 942//796 1144//943 1143//666
f 1144//943 942//796 943//767
f 943//767 1145//944 1144//943
f 1145//944 943//767 944//797
f 944//797 1146//945 1145//944
f 1146//945 944//797 945//798
f 945//798 1147//662 1146//945
f 1147//662 945//798 946//799
f 946//799 1148//946 1147//662
f 1148//946 946//799 947//800
f 947//800 1149//660 1148//946
f 1149//660 947//800 948//801
f 948//801 1150//659 1149//660
f 1150//659 948//801 949//802
f 949//802 1151//947 1150//659
f 1151//947 949//802 950//803
f 950//803 1152//948 1151//947
f 1152//948 950//803 951//804
f 951//804 1153//949 1152//948
f 1153//949 951//804 952//805
f 952//805 1154//950 1153//949
f 1154//950 952//805 953//747
f 953//747 1155//901 1154//950
f 1155//901 953//747 954//806
f 954//806 1156//750 1155//901
f 1156//750 954//806 955//807
f 955//807 1157//613 1156//750
f 1157//613 955//807 956//808
f 956//808 1158//541 1157//613
f 1158//541 956//808 957//415
f 957//415 1079//475 1158//541
f 1079//475 957//415 958//476
f 958//476 877//416 1079//475
f 1159//951 959//809 960//810
f 960//810 1089//926 1159//951
f 1089//926 960//810 961//811
f 961//811 1090//927 1089//926
f 961//811 620//544 1160//952
f 1160//952 1161//953 961//811
f 1162//954 620//544 962//812
f 584//513 963//813 1163//955
f 966//816 1164//956 964//814
f 964//814 816//704 966//816
f 965//815 1165//957 963//813
f 963//813 815//703 965//815
f 567//496 1166//958 966//816
f 1167//959 1168//960 968//818
f 968//818 967//817 1167//959
f 1169//961 967//817 817//705
f 817//705 969//819 1169//961
f 1170//962 969//819 819//707
f 819//707 970//820 1170//962
f 1171//963 970//820 959//809
f 959//809 1159//951 1171//963
f 567//496 971//821 1172//964
f 821//709 973//823 1173//965
f 1173//965 971//821 821//709
f 974//824 1174//966 972//822
f 972//822 820//708 974//824
f 974//824 659//573 1175//967
f 976//826 1176//968 975//825
f 975//825 823//711 976//826
f 978//828 1177//969 976//826
f 976//826 825//713 978//828
f 978//828 977//827 1178//970
f 1178//970 1179//971 978//828
f 977//827 979//829 1180//972
f 1180//972 1178//970 977//827
f 1181//973 979//829 826//714
f 826//714 980//830 1181//973
f 1182//974 980//830 827//715
f 827//715 981//831 1182//974
f 1183//975 981//831 828//716
f 828//716 982//832 1183//975
f 1168//960 982//832 829//717
f 829//717 968//818 1168//960
f 1184//976 659//573 984//834
f 983//833 1185//977 1186//978
f 1186//978 984//834 983//833
f 983//833 670//584 1187//979
f 670//584 985//835 1188//980
f 830//718 987//837 1025//871
f 1025//871 985//835 830//718
f 988//838 1026//872 986//836
f 986//836 831//719 988//838
f 988//838 511//454 1189//981
f 833//721 989//839 1029//875
f 1029//875 990//840 833//721
f 1190//982 511//454 990//840
f 449//402 1009//855 991//841
f 991//841 1030//876 992//842
f 992//842 834//722 991//841
f 1176//968 1191//983 993//843
f 993//843 975//825 1176//968
f 993//843 1192//984 994//844
f 994//844 836//724 993//843
f 994//844 1193//985 995//845
f 995//845 837//725 994//844
f 995//845 1194//986 998//846
f 998//846 838//726 995//845
f 578//507 997//728 1195//987
f 996//728 1196//988 1197//989
f 1197//989 997//728 996//728
f 996//728 839//727 1198//728
f 839//727 999//847 1199//990
f 1199//990 1200//990 839//727
f 998//846 1201//991 1202//992
f 1202//992 999//847 998//846
f 1004//728 1203//993 1001//849
f 1001//849 843//731 1004//728
f 1002//850 841//729 1001//849
f 1001//849 1204//994 1002//850
f 578//507 1195//987 1004//728
f 683//595 1005//852 1205//995
f 846//734 1010//856 1031//877
f 1031//877 1009//855 846//734
f 1032//878 1012//858 1011//857
f 1011//857 849//737 1032//878
f 1206//996 1032//878 584//513
f 1207//997 1037//882 1208//998
f 1208//998 1209//999 1207//997
f 851//738 1034//879 1210//1000
f 1210//1000 1038//883 851//738
f 1033//35 1211//35 1212//1001
f 1212//1001 1034//879 1033//35
f 1039//884 1035//880 852//739
f 1208//998 1037//882 1036//881
f 1038//883 1213//1002 1040//885
f 1040//885 855//742 1038//883
f 854//741 1214//1003 1215//1004
f 1215//1004 1039//884 854//741
f 853//740 1216//1005 1214//1003
f 1214//1003 854//741 853//740
f 853//740 689//600 1041//886
f 1040//885 1217//1006 1045//890
f 1045//890 857//744 1040//885
f 589//517 1048//893 1044//889
f 1044//889 1218//1007 1042//887
f 1042//887 690//601 1044//889
f 1045//890 1219//685 1051//684
f 1051//684 858//745 1045//890
f 694//605 1047//892 1220//1008
f 1220//1008 1048//893 694//605
f 1221//35 1047//892 1046//891
f 1046//891 1222//35 1221//35
f 1051//684 1223//804 1052//896
f 1052//896 859//683 1051//684
f 697//608 1224//1009 1049//894
f 1052//896 1225//655 1057//901
f 1057//901 861//747 1052//896
f 860//746 1054//898 1226//1010
f 1057//901 1227//747 1060//612
f 1060//612 864//750 1057//901
f 716//627 1058//902 862//748
f 862//748 612//540 611//539
f 862//748 611//539 716//627
f 1060//612 1228//750 1061//613
f 1061//613 865//523 1060//612
f 1061//613 1229//807 1078//474
f 1078//474 875//541 1061//613
f 866//751 1062//904 710//621
f 710//621 709//620 866//751
f 867//752 1230//1011 1231//732
f 1231//732 868//753 867//752
f 1007//854 683//595 1067//909
f 1062//904 1232//733 1071//913
f 1071//913 710//621 1062//904
f 1071//913 1070//912 870//755
f 1075//531 1233//1012 1065//907
f 1078//474 1158//541 1079//475
f 1079//475 876//415 1078//474
f 962//812 1080//919 1234//1013
f 1234//1013 1162//954 962//812
f 1080//919 1081//35 1235//35
f 1235//35 1234//1013 1080//919
f 879//35 1082//35 1236//35
f 1236//35 1081//35 879//35
f 880//35 881//760 1084//921
f 1084//921 1082//35 880//35
f 1237//1014 1238//1015 1086//923
f 1086//923 1085//922 1237//1014
f 1239//1016 1085//922 882//761
f 882//761 1087//924 1239//1016
f 1086//923 1240//1017 1088//925
f 1088//925 883//762 1086//923
f 1088//925 1159//951 1089//926
f 1089//926 885//764 1088//925
f 1241//1018 884//763 734//638
f 734//638 887//766 1241//1018
f 735//639 1090//927 1242//1019
f 1242//1019 1243//1020 735//639
f 735//639 1244//1021 1083//920
f 1094//35 1093//930 1245//798
f 1245//798 1246//35 1094//35
f 888//767 1095//931 1247//1022
f 1247//1022 1093//930 888//767
f 890//768 1096//932 1248//1023
f 1248//1023 1095//931 890//768
f 891//769 1097//933 1249//1024
f 1249//1024 1096//932 891//769
f 892//770 1098//667 1250//666
f 1250//666 1097//933 892//770
f 893//771 1099//778 1251//1025
f 1251//1025 1098//667 893//771
f 894//772 1100//934 1252//694
f 1252//694 1099//778 894//772
f 895//773 1101//646 1253//1026
f 1253//1026 1100//934 895//773
f 896//564 1102//647 1254//773
f 1254//773 1101//646 896//564
f 897//774 1103//935 1255//564
f 1255//564 1102//647 897//774
f 898//775 1104//490 1105//565
f 1105//565 1103//935 898//775
f 1103//935 1105//565 1106//697
f 1106//697 1255//564 1103//935
f 1255//564 1106//697 1107//773
f 1107//773 1256//646 1255//564
f 1256//646 1107//773 1108//934
f 1108//934 1257//1026 1256//646
f 1257//1026 1108//934 1109//694
f 1109//694 1258//778 1257//1026
f 1258//778 1109//694 1110//693
f 1110//693 1259//1025 1258//778
f 1259//1025 1110//693 1111//692
f 1111//692 1260//780 1259//1025
f 1260//780 1111//692 1112//936
f 1112//936 1261//1027 1260//780
f 1261//1027 1112//936 1113//937
f 1113//937 1262//1028 1261//1027
f 1262//1028 1113//937 1114//938
f 1114//938 1263//1029 1262//1028
f 1263//1029 1114//938 1115//939
f 1115//939 1264//784 1263//1029
f 1264//784 1115//939 1116//940
f 1116//940 1265//785 1264//784
f 1265//785 1116//940 1117//941
f 1117//941 1266//738 1265//785
f 1266//738 1117//941 1118//685
f 1118//685 1267//514 1266//738
f 1267//514 1118//685 1119//942
f 1119//942 1268//460 1267//514
f 1268//460 1119//942 1120//683
f 1120//683 1269//1030 1268//460
f 1269//1030 1120//683 1121//610
f 1121//610 1270//355 1269//1030
f 1270//355 1121//610 1122//521
f 1122//521 1271//302 1270//355
f 1271//302 1122//521 1123//469
f 1123//469 1272//247 1271//302
f 1272//247 1123//469 1124//414
f 1124//414 1273//209 1272//247
f 1273//209 1124//414 1125//366
f 1125//366 1274//164 1273//209
f 1274//164 1125//366 1126//314
f 1126//314 1275//125 1274//164
f 1275//125 1126//314 1127//258
f 1127//258 1276//95 1275//125
f 1276//95 1127//258 1128//220
f 1128//220 1277//64 1276//95
f 1277//64 1128//220 1129//179
f 1129//179 1278//1031 1277//64
f 1278//1031 1129//179 1130//140
f 1130//140 1279//1032 1278//1031
f 1279//1032 1130//140 1131//141
f 1131//141 1280//37 1279//1032
f 1280//37 1131//141 1132//676
f 1132//676 1281//45 1280//37
f 1281//45 1132//676 1133//227
f 1133//227 1282//69 1281//45
f 1282//69 1133//227 1134//674
f 1134//674 1283//102 1282//69
f 1283//102 1134//674 1135//328
f 1135//328 1284//136 1283//102
f 1284//136 1135//328 1136//383
f 1136//383 1285//792 1284//136
f 1285//792 1136//383 1137//430
f 1137//430 1286//223 1285//792
f 1286//223 1137//430 1138//671
f 1138//671 1287//261 1286//223
f 1287//261 1138//671 1139//563
f 1139//563 1288//324 1287//261
f 1288//324 1139//563 1140//645
f 1140//645 1289//379 1288//324
f 1289//379 1140//645 1141//771
f 1141//771 1290//426 1289//379
f 1290//426 1141//771 1142//667
f 1142//667 1291//484 1290//426
f 1291//484 1142//667 1143//666
f 1143//666 1292//559 1291//484
f 1292//559 1143//666 1144//943
f 1144//943 1293//641 1292//559
f 1293//641 1144//943 1145//944
f 1145//944 1294//767 1293//641
f 1294//767 1145//944 1146//945
f 1146//945 1295//797 1294//767
f 1295//797 1146//945 1147//662
f 1147//662 1296//798 1295//797
f 1296//798 1147//662 1148//946
f 1148//946 1297//1033 1296//798
f 1297//1033 1148//946 1149//660
f 1149//660 1298//660 1297//1033
f 1298//660 1149//660 1150//659
f 1150//659 1299//1034 1298//660
f 1299//1034 1150//659 1151//947
f 1151//947 1300//947 1299//1034
f 1300//947 1151//947 1152//948
f 1152//948 1301//1035 1300//947
f 1301//1035 1152//948 1153//949
f 1153//949 1302//804 1301//1035
f 1302//804 1153//949 1154//950
f 1154//950 1303//896 1302//804
f 1303//896 1154//950 1155//901
f 1155//901 1304//747 1303//896
f 1304//747 1155//901 1156//750
f 1156//750 1305//612 1304//747
f 1305//612 1156//750 1157//613
f 1157//613 1229//807 1305//612
f 1229//807 1157//613 1158//541
f 1158//541 1078//474 1229//807
f 1090//927 961//811 1306//1036
f 1306//1036 1307//1037 1090//927
f 1306//1036 961//811 1161//953
f 1161//953 1160//952 1234//1013
f 1234//1013 1235//35 1306//1036
f 1234//1013 1306//1036 1161//953
f 620//544 1162//954 1160//952
f 584//513 1163//955 1308//1038
f 963//813 1165//957 1309//1039
f 1309//1039 1163//955 963//813
f 1166//958 1310//1040 1164//956
f 1164//956 966//816 1166//958
f 567//496 1311//1041 1166//958
f 1312//1042 1313//1043 1168//960
f 1168//960 1167//959 1312//1042
f 1314//1044 1167//959 967//817
f 967//817 1169//961 1314//1044
f 1315//1045 1169//961 969//819
f 969//819 1170//962 1315//1045
f 1316//1046 1170//962 970//820
f 970//820 1171//963 1316//1046
f 1240//1017 1171//963 1159//951
f 1159//951 1088//925 1240//1017
f 567//496 1172//964 1311//1041
f 971//821 1173//965 1317//1047
f 1317//1047 1172//964 971//821
f 1175//967 1318//1048 1174//966
f 1174//966 974//824 1175//967
f 1175//967 659//573 1184//976
f 1177//969 1319//1049 1176//968
f 1176//968 976//826 1177//969
f 1177//969 978//828 1179//971
f 1179//971 1320//1050 1177//969
f 1179//971 1178//970 1321//1051
f 1321//1051 1322//1052 1179//971
f 1178//970 1180//972 1323//1053
f 1323//1053 1321//1051 1178//970
f 979//829 1181//973 1324//1054
f 1324//1054 1180//972 979//829
f 1325//1055 1181//973 980//830
f 980//830 1182//974 1325//1055
f 1326//1056 1182//974 981//831
f 981//831 1183//975 1326//1056
f 1313//1043 1183//975 982//832
f 982//832 1168//960 1313//1043
f 984//834 1186//978 1327//1057
f 1327//1057 1184//976 984//834
f 983//833 1187//979 1328//1058
f 1328//1058 1185//977 983//833
f 1327//1057 1186//978 1185//977
f 1185//977 1328//1058 1329//1059
f 1329//1059 1330//1060 1331//1061
f 1331//1061 1332//1062 1333//1063
f 1333//1063 1334//1064 1335//1065
f 1335//1065 1336//1066 1337//1067
f 1337//1067 1338//1068 1339//1069
f 1339//1069 1340//1070 1341//1071
f 1341//1071 1342//1072 1343//1073
f 1343//1073 1309//1039 1165//957
f 1165//957 965//815 964//814
f 964//814 1164//956 1310//1040
f 1310//1040 1344//1074 1317//1047
f 1317//1047 1173//965 973//823
f 973//823 972//822 1174//966
f 1174//966 1318//1048 1327//1057
f 1327//1057 1185//977 1329//1059
f 1329//1059 1331//1061 1333//1063
f 1333//1063 1335//1065 1337//1067
f 1337//1067 1339//1069 1341//1071
f 1341//1071 1343//1073 1165//957
f 1165//957 964//814 1310//1040
f 1310//1040 1317//1047 973//823
f 973//823 1174//966 1327//1057
f 1327//1057 1329//1059 1333//1063
f 1333//1063 1337//1067 1341//1071
f 1341//1071 1165//957 1310//1040
f 1310//1040 973//823 1327//1057
f 1327//1057 1333//1063 1341//1071
f 1341//1071 1310//1040 1327//1057
f 1187//979 670//584 1345//1075
f 1346//1076 670//584 1188//980
f 1188//980 1347//1077 1346//1076
f 985//835 1025//871 1024//870
f 1024//870 1188//980 985//835
f 1189//981 1027//873 1026//872
f 1026//872 988//838 1189//981
f 1189//981 511//454 1190//982
f 990//840 1029//875 1028//874
f 1028//874 1190//982 990//840
f 1009//855 1031//877 1030//876
f 1030//876 991//841 1009//855
f 1319//1049 1348//1078 1191//983
f 1191//983 1176//968 1319//1049
f 1191//983 1349//1079 1192//984
f 1192//984 993//843 1191//983
f 1192//984 1350//1080 1193//985
f 1193//985 994//844 1192//984
f 1193//985 1351//1081 1194//986
f 1194//986 995//845 1193//985
f 1194//986 1352//1082 1201//991
f 1201//991 998//846 1194//986
f 1196//988 996//728 1198//728
f 1198//728 1353//1083 1196//988
f 1197//989 1354//1084 1195//987
f 1195//987 997//728 1197//989
f 1196//988 1355//1085 1356//1086
f 1356//1086 1197//989 1196//988
f 1198//728 839//727 1357//728
f 839//727 1200//990 1358//990
f 1199//990 1359//1087 1360//1088
f 1360//1088 1200//990 1199//990
f 1199//990 999//847 1361//990
f 1201//991 1362//1089 1363//1090
f 1363//1090 1202//992 1201//991
f 1195//987 1354//1084 1203//993
f 1203//993 1004//728 1195//987
f 1203//993 1364//1091 1204//994
f 1204//994 1001//849 1203//993
f 1365//1092 1000//848 842//730
f 842//730 1003//851 1365//1092
f 1366//1093 1005//852 1000//848
f 1000//848 1365//1092 1366//1093
f 683//595 1205//995 1367//1094
f 1005//852 1366//1093 1368//1095
f 1368//1095 1205//995 1005//852
f 1206//996 1013//859 1012//858
f 1012//858 1032//878 1206//996
f 584//513 1369//1096 1370//1097
f 1370//1097 1206//996 584//513
f 1209//999 1371//1098 1207//997
f 1215//1004 1209//999 1208//998
f 1038//883 1210//1000 1372//1099
f 1372//1099 1213//1002 1038//883
f 1034//879 1212//1001 1373//1100
f 1373//1100 1210//1000 1034//879
f 1374//1101 1375//1102 1207//997
f 1207//997 1376//1103 1374//1101
f 1211//35 1377//35 1378//784
f 1378//784 1212//1001 1211//35
f 1215//1004 1208//998 1036//881
f 1036//881 1035//880 1215//1004
f 1039//884 1215//1004 1035//880
f 1213//1002 1379//1104 1217//1006
f 1217//1006 1040//885 1213//1002
f 1215//1004 1214//1003 1216//1005
f 1216//1005 1380//35 1215//1004
f 1041//886 1043//888 1216//1005
f 1216//1005 853//740 1041//886
f 1217//1006 1381//599 1219//685
f 1219//685 1045//890 1217//1006
f 1048//893 1220//1008 1218//1007
f 1218//1007 1044//889 1048//893
f 1382//35 1042//887 1218//1007
f 1218//1007 1383//35 1382//35
f 1219//685 1384//1035 1223//804
f 1223//804 1051//684 1219//685
f 1385//1105 1386//1106 1046//891
f 1046//891 693//604 1050//895
f 1046//891 1050//895 1385//1105
f 1387//35 1220//1008 1047//892
f 1047//892 1221//35 1387//35
f 1388//35 1221//35 1222//35
f 1222//35 1389//35 1388//35
f 1222//35 1046//891 1386//1106
f 1386//1106 1390//35 1222//35
f 1385//1105 1050//895 1049//894
f 1049//894 1224//1009 1385//1105
f 1223//804 1391//1107 1225//655
f 1225//655 1052//896 1223//804
f 697//608 1392//1108 1224//1009
f 1225//655 1393//896 1227//747
f 1227//747 1057//901 1225//655
f 1226//1010 1394//1109 860//746
f 1395//1110 1394//1109 1226//1010
f 1226//1010 1054//898 1396//1111
f 1396//1111 1397//1112 1395//1110
f 1226//1010 1396//1111 1395//1110
f 863//749 1059//903 1396//1111
f 1396//1111 1054//898 1053//897
f 1396//1111 1053//897 863//749
f 1055//899 1398//1113 1399//1114
f 1399//1114 1056//900 1055//899
f 1056//900 1400//1115 1401//1116
f 1401//1116 697//608 1056//900
f 1394//1109 1402//1117 1055//899
f 1055//899 860//746 1394//1109
f 1055//899 1402//1117 1403//1118
f 1403//1118 1398//1113 1055//899
f 1227//747 1404//654 1228//750
f 1228//750 1060//612 1227//747
f 1058//902 1405//1119 1406//1120
f 1406//1120 1059//903 1058//902
f 716//627 1407//1119 1405//1119
f 1405//1119 1058//902 716//627
f 1228//750 1305//612 1229//807
f 1229//807 1061//613 1228//750
f 868//753 1231//732 1232//733
f 1232//733 1062//904 868//753
f 1408//1121 1230//1011 867//752
f 867//752 706//617 1408//1121
f 1230//1011 1070//912 1231//732
f 1408//1121 706//617 845//733
f 604//532 869//754 1069//911
f 1069//911 1409//1122 1233//1012
f 1233//1012 1075//531 605//533
f 605//533 604//532 1069//911
f 1069//911 1233//1012 605//533
f 1068//910 1410//1123 1411//1124
f 1411//1124 1069//911 1068//910
f 1412//1125 1068//910 1070//912
f 1232//733 1070//912 1071//913
f 1413//1126 873//758 872//757
f 872//757 1414//1127 1413//1126
f 1414//1127 872//757 874//759
f 874//759 1415//1128 1414//1127
f 1416//1129 1072//914 873//758
f 873//758 1413//1126 1416//1129
f 1415//1128 874//759 1074//916
f 1074//916 1417//1130 1415//1128
f 714//625 1418//1131 1419//1132
f 1419//1132 715//626 714//625
f 715//626 1419//1132 1407//1119
f 1407//1119 716//627 715//626
f 1162//954 1234//1013 1160//952
f 1081//35 1236//35 1420//35
f 1420//35 1235//35 1081//35
f 1082//35 1084//921 1421//1133
f 1421//1133 1236//35 1082//35
f 1244//1021 1421//1133 1084//921
f 1084//921 1083//920 1244//1021
f 1422//1134 1423//1135 1238//1015
f 1238//1015 1237//1014 1422//1134
f 1424//1136 1237//1014 1085//922
f 1085//922 1239//1016 1424//1136
f 1238//1015 1425//1137 1240//1017
f 1240//1017 1086//923 1238//1015
f 1426//1138 1239//1016 1087//924
f 1087//924 1427//1139 1426//1138
f 1428//1140 1241//1018 887//766
f 887//766 1092//929 1428//1140
f 735//639 1243//1020 1429//1141
f 1242//1019 1430//1142 1243//1020
f 1431//1143 1242//1019 1090//927
f 735//639 1429//1141 1244//1021
f 1432//1144 1092//929 1091//928
f 1091//928 1433//1145 1432//1144
f 1246//35 1245//798 1434//1033
f 1434//1033 1435//35 1246//35
f 1093//930 1247//1022 1436//1146
f 1436//1146 1245//798 1093//930
f 1095//931 1248//1023 1437//1147
f 1437//1147 1247//1022 1095//931
f 1096//932 1249//1024 1438//1148
f 1438//1148 1248//1023 1096//932
f 1097//933 1250//666 1439//943
f 1439//943 1249//1024 1097//933
f 1098//667 1251//1025 1440//780
f 1440//780 1250//666 1098//667
f 1099//778 1252//694 1441//693
f 1441//693 1251//1025 1099//778
f 1100//934 1253//1026 1442//778
f 1442//778 1252//694 1100//934
f 1101//646 1254//773 1443//1149
f 1443//1149 1253//1026 1101//646
f 1102//647 1255//564 1256//646
f 1256//646 1254//773 1102//647
f 1254//773 1256//646 1257//1026
f 1257//1026 1443//1149 1254//773
f 1443//1149 1257//1026 1258//778
f 1258//778 1444//694 1443//1149
f 1444//694 1258//778 1259//1025
f 1259//1025 1445//693 1444//694
f 1445//693 1259//1025 1260//780
f 1260//780 1446//692 1445//693
f 1446//692 1260//780 1261//1027
f 1261//1027 1447//936 1446//692
f 1447//936 1261//1027 1262//1028
f 1262//1028 1448//1150 1447//936
f 1448//1150 1262//1028 1263//1029
f 1263//1029 1449//938 1448//1150
f 1449//938 1263//1029 1264//784
f 1264//784 1450//1151 1449//938
f 1450//1151 1264//784 1265//785
f 1265//785 1451//940 1450//1151
f 1451//940 1265//785 1266//738
f 1266//738 1452//941 1451//940
f 1452//941 1266//738 1267//514
f 1267//514 1453//685 1452//941
f 1453//685 1267//514 1268//460
f 1268//460 1454//684 1453//685
f 1454//684 1268//460 1269//1030
f 1269//1030 1455//683 1454//684
f 1455//683 1269//1030 1270//355
f 1270//355 1456//1152 1455//683
f 1456//1152 1270//355 1271//302
f 1271//302 1457//521 1456//1152
f 1457//521 1271//302 1272//247
f 1272//247 1458//469 1457//521
f 1458//469 1272//247 1273//209
f 1273//209 1459//414 1458//469
f 1459//414 1273//209 1274//164
f 1274//164 1460//366 1459//414
f 1460//366 1274//164 1275//125
f 1275//125 1461//1153 1460//366
f 1461//1153 1275//125 1276//95
f 1276//95 1462//258 1461//1153
f 1462//258 1276//95 1277//64
f 1277//64 1463//220 1462//258
f 1463//220 1277//64 1278//1031
f 1278//1031 1464//1154 1463//220
f 1464//1154 1278//1031 1279//1032
f 1279//1032 1465//140 1464//1154
f 1465//140 1279//1032 1280//37
f 1280//37 1466//141 1465//140
f 1466//141 1280//37 1281//45
f 1281//45 1467//676 1466//141
f 1467//676 1281//45 1282//69
f 1282//69 1468//227 1467//676
f 1468//227 1282//69 1283//102
f 1283//102 1469//674 1468//227
f 1469//674 1283//102 1284//136
f 1284//136 1470//328 1469//674
f 1470//328 1284//136 1285//792
f 1285//792 1471//383 1470//328
f 1471//383 1285//792 1286//223
f 1286//223 1472//1155 1471//383
f 1472//1155 1286//223 1287//261
f 1287//261 1473//488 1472//1155
f 1473//488 1287//261 1288//324
f 1288//324 1474//563 1473//488
f 1474//563 1288//324 1289//379
f 1289//379 1475//669 1474//563
f 1475//669 1289//379 1290//426
f 1290//426 1476//771 1475//669
f 1476//771 1290//426 1291//484
f 1291//484 1477//667 1476//771
f 1477//667 1291//484 1292//559
f 1292//559 1478//666 1477//667
f 1478//666 1292//559 1293//641
f 1293//641 1479//943 1478//666
f 1479//943 1293//641 1294//767
f 1294//767 1480//664 1479//943
f 1480//664 1294//767 1295//797
f 1295//797 1481//945 1480//664
f 1481//945 1295//797 1296//798
f 1296//798 1482//1156 1481//945
f 1482//1156 1296//798 1297//1033
f 1297//1033 1483//946 1482//1156
f 1483//946 1297//1033 1298//660
f 1298//660 1484//660 1483//946
f 1484//660 1298//660 1299//1034
f 1299//1034 1485//659 1484//660
f 1485//659 1299//1034 1300//947
f 1300//947 1486//947 1485//659
f 1486//947 1300//947 1301//1035
f 1301//1035 1487//948 1486//947
f 1487//948 1301//1035 1302//804
f 1302//804 1488//1107 1487//948
f 1488//1107 1302//804 1303//896
f 1303//896 1489//950 1488//1107
f 1489//950 1303//896 1304//747
f 1304//747 1404//654 1489//950
f 1404//654 1304//747 1305//612
f 1305//612 1228//750 1404//654
f 1090//927 1307//1037 1490//1157
f 584//513 1308//1038 1491//1158
f 1309//1039 1343//1073 1308//1038
f 1308//1038 1163//955 1309//1039
f 1311//1041 1344//1074 1310//1040
f 1310//1040 1166//958 1311//1041
f 1492//1159 1493//1160 1313//1043
f 1313//1043 1312//1042 1492//1159
f 1494//1161 1312//1042 1167//959
f 1167//959 1314//1044 1494//1161
f 1495//1162 1314//1044 1169//961
f 1169//961 1315//1045 1495//1162
f 1496//1163 1315//1045 1170//962
f 1170//962 1316//1046 1496//1163
f 1425//1137 1316//1046 1171//963
f 1171//963 1240//1017 1425//1137
f 1172//964 1317//1047 1344//1074
f 1344//1074 1311//1041 1172//964
f 1184//976 1327//1057 1318//1048
f 1318//1048 1175//967 1184//976
f 1319//1049 1177//969 1320//1050
f 1320//1050 1497//1164 1319//1049
f 1320//1050 1179//971 1322//1052
f 1322//1052 1498//1165 1320//1050
f 1322//1052 1321//1051 1499//1166
f 1499//1166 1500//1167 1322//1052
f 1321//1051 1323//1053 1501//1168
f 1501//1168 1499//1166 1321//1051
f 1180//972 1324//1054 1502//1169
f 1502//1169 1323//1053 1180//972
f 1181//973 1325//1055 1503//1170
f 1503//1170 1324//1054 1181//973
f 1504//1171 1325//1055 1182//974
f 1182//974 1326//1056 1504//1171
f 1493//1160 1326//1056 1183//975
f 1183//975 1313//1043 1493//1160
f 1328//1058 1187//979 1345//1075
f 1345//1075 1329//1059 1328//1058
f 1345//1075 670//584 1505//1172
f 1506//1173 670//584 1346//1076
f 1346//1076 1347//1077 1507//1174
f 1188//980 1024//870 1023//869
f 1023//869 1347//1077 1188//980
f 1190//982 1028//874 1027//873
f 1027//873 1189//981 1190//982
f 1348//1078 1319//1049 1497//1164
f 1497//1164 1508//1175 1348//1078
f 1348//1078 1509//1176 1349//1079
f 1349//1079 1191//983 1348//1078
f 1349//1079 1510//1177 1350//1080
f 1350//1080 1192//984 1349//1079
f 1350//1080 1511//1178 1351//1081
f 1351//1081 1193//985 1350//1080
f 1351//1081 1512//1179 1352//1082
f 1352//1082 1194//986 1351//1081
f 1352//1082 1513//1180 1362//1089
f 1362//1089 1201//991 1352//1082
f 1353//1083 1198//728 1357//728
f 1357//728 1514//1181 1353//1083
f 1197//989 1356//1086 1515//1182
f 1515//1182 1354//1084 1197//989
f 1355//1085 1196//988 1353//1083
f 1353//1083 1516//1183 1355//1085
f 1357//728 839//727 1517//1184
f 839//727 1358//990 1518//990
f 1200//990 1360//1088 1519//1185
f 1519//1185 1358//990 1200//990
f 1359//1087 1199//990 1361//990
f 1361//990 1520//1186 1359//1087
f 1361//990 999//847 1521//990
f 1202//992 1363//1090 1522//1187
f 1522//1187 1063//905 1202//992
f 1362//1089 1523//1188 1524//1189
f 1524//1189 1363//1090 1362//1089
f 1354//1084 1515//1182 1364//1091
f 1364//1091 1203//993 1354//1084
f 683//595 1367//1094 1525//1190
f 1205//995 1368//1095 1526//1191
f 1526//1191 1367//1094 1205//995
f 1370//1097 1014//860 1013//859
f 1013//859 1206//996 1370//1097
f 584//513 1527//1192 1369//1096
f 1370//1097 1369//1096 1528//1193
f 1376//1103 1371//1098 1209//999
f 1209//999 1215//1004 1529//1194
f 1209//999 1529//1194 1376//1103
f 1376//1103 1207//997 1371//1098
f 1213//1002 1372//1099 1530//1195
f 1530//1195 1379//1104 1213//1002
f 1210//1000 1373//1100 1531//1196
f 1531//1196 1372//1099 1210//1000
f 1212//1001 1378//784 1532//1197
f 1532//1197 1373//1100 1212//1001
f 1375//1102 1374//1101 1533//1198
f 1376//1103 1529//1194 1534//1199
f 1534//1199 1374//1101 1376//1103
f 1377//35 1535//35 1536//783
f 1536//783 1378//784 1377//35
f 1379//1104 1537//941 1381//599
f 1381//599 1217//1006 1379//1104
f 1381//599 1538//947 1384//1035
f 1384//1035 1219//685 1381//599
f 1539//35 1043//888 1042//887
f 1042//887 1382//35 1539//35
f 1383//35 1218//1007 1220//1008
f 1220//1008 1387//35 1383//35
f 1540//35 1382//35 1383//35
f 1383//35 1541//35 1540//35
f 1384//1035 1542//948 1391//1107
f 1391//1107 1223//804 1384//1035
f 1543//1200 1544//1201 1386//1106
f 1386//1106 1385//1105 1543//1200
f 1545//35 1387//35 1221//35
f 1221//35 1388//35 1545//35
f 1546//1202 1388//35 1389//35
f 1389//35 1547//1203 1546//1202
f 1389//35 1222//35 1390//35
f 1390//35 1548//35 1389//35
f 1390//35 1386//1106 1544//1201
f 1544//1201 1549//35 1390//35
f 1392//1108 1543//1200 1385//1105
f 1385//1105 1224//1009 1392//1108
f 1391//1107 1550//804 1393//896
f 1393//896 1225//655 1391//1107
f 697//608 1401//1116 1392//1108
f 1393//896 1489//950 1404//654
f 1404//654 1227//747 1393//896
f 1056//900 1551//1204 1400//1115
f 1400//1115 1552//1205 1553//1206
f 1553//1206 1401//1116 1400//1115
f 1059//903 1406//1120 1554//1120
f 1554//1120 1396//1111 1059//903
f 1405//1119 1555//1207 1556//1207
f 1556//1207 1406//1120 1405//1119
f 1407//1119 1557//1208 1555//1207
f 1555//1207 1405//1119 1407//1119
f 1231//732 1070//912 1232//733
f 1070//912 1230//1011 1408//1121
f 1558//1209 1559//1210 845//733
f 845//733 844//732 1067//909
f 1067//909 683//595 1558//1209
f 845//733 1067//909 1558//1209
f 1560//1211 1070//912 1408//1121
f 1408//1121 845//733 1559//1210
f 1408//1121 1559//1210 1560//1211
f 1561//1212 1409//1122 1069//911
f 1069//911 1411//1124 1561//1212
f 1412//1125 1562//1213 1410//1123
f 1410//1123 1068//910 1412//1125
f 1563//1214 1412//1125 1070//912
f 1564//1215 1077//918 1072//914
f 1072//914 1416//1129 1564//1215
f 1414//1127 1565//1216 1566//1217
f 1566//1217 1413//1126 1414//1127
f 1415//1128 1567//1218 1565//1216
f 1565//1216 1414//1127 1415//1128
f 1413//1126 1566//1217 1568//1219
f 1568//1219 1416//1129 1413//1126
f 1415//1128 1417//1130 1569//1220
f 1569//1220 1567//1218 1415//1128
f 1570//1221 1074//916 1073//915
f 1073//915 1571//1222 1570//1221
f 1571//1222 1073//915 1064//906
f 1064//906 1572//1223 1571//1222
f 1570//1221 1573//1224 1417//1130
f 1417//1130 1074//916 1570//1221
f 1417//1130 1573//1224 1574//1225
f 1574//1225 1569//1220 1417//1130
f 1572//1223 1064//906 1063//905
f 1063//905 1522//1187 1572//1223
f 1575//1226 1576//1227 1577//1228
f 1578//1229 1066//908 1065//907
f 1065//907 1233//1012 1578//1229
f 1233//1012 1409//1122 1579//1230
f 1418//1131 714//625 1076//917
f 1076//917 1580//1231 1418//1131
f 1580//1231 1076//917 1077//918
f 1077//918 1564//1215 1580//1231
f 1418//1131 1581//1232 1582//1233
f 1582//1233 1419//1132 1418//1131
f 1419//1132 1582//1233 1557//1208
f 1557//1208 1407//1119 1419//1132
f 1235//35 1420//35 1307//1037
f 1307//1037 1306//1036 1235//35
f 1236//35 1421//1133 1583//1234
f 1583//1234 1420//35 1236//35
f 1429//1141 1583//1234 1421//1133
f 1421//1133 1244//1021 1429//1141
f 1584//1235 1585//1236 1423//1135
f 1423//1135 1422//1134 1584//1235
f 1586//1237 1422//1134 1237//1014
f 1237//1014 1424//1136 1586//1237
f 1423//1135 1587//1238 1425//1137
f 1425//1137 1238//1015 1423//1135
f 1588//1239 1424//1136 1239//1016
f 1239//1016 1426//1138 1588//1239
f 1589//1240 1426//1138 1427//1139
f 1427//1139 1590//1241 1589//1240
f 1427//1139 1087//924 884//763
f 884//763 1241//1018 1427//1139
f 1241//1018 1428//1140 1590//1241
f 1590//1241 1427//1139 1241//1018
f 1591//1242 1428//1140 1092//929
f 1092//929 1432//1144 1591//1242
f 1243//1020 1430//1142 1583//1234
f 1583//1234 1429//1141 1243//1020
f 1431//1143 1430//1142 1242//1019
f 1490//1157 1431//1143 1090//927
f 1592//1243 1432//1144 1433//1145
f 1433//1145 1593//1244 1592//1243
f 1594//1245 1595//1246 1596//1247
f 1596//1247 1593//1244 1594//1245
f 1435//35 1434//1033 1597//1248
f 1597//1248 1598//35 1435//35
f 1245//798 1436//1146 1599//1249
f 1599//1249 1434//1033 1245//798
f 1247//1022 1437//1147 1600//1250
f 1600//1250 1436//1146 1247//1022
f 1248//1023 1438//1148 1601//1251
f 1601//1251 1437//1147 1248//1023
f 1249//1024 1439//943 1602//944
f 1602//944 1438//1148 1249//1024
f 1250//666 1440//780 1603//1252
f 1603//1252 1439//943 1250//666
f 1251//1025 1441//693 1604//692
f 1604//692 1440//780 1251//1025
f 1252//694 1442//778 1605//1253
f 1605//1253 1441//693 1252//694
f 1253//1026 1443//1149 1444//694
f 1444//694 1442//778 1253//1026
f 1442//778 1444//694 1445//693
f 1445//693 1605//1253 1442//778
f 1605//1253 1445//693 1446//692
f 1446//692 1606//1254 1605//1253
f 1606//1254 1446//692 1447//936
f 1447//936 1607//1252 1606//1254
f 1607//1252 1447//936 1448//1150
f 1448//1150 1608//782 1607//1252
f 1608//782 1448//1150 1449//938
f 1449//938 1609//783 1608//782
f 1609//783 1449//938 1450//1151
f 1450//1151 1610//784 1609//783
f 1610//784 1450//1151 1451//940
f 1451//940 1611//1001 1610//784
f 1611//1001 1451//940 1452//941
f 1452//941 1612//1255 1611//1001
f 1612//1255 1452//941 1453//685
f 1453//685 1613//514 1612//1255
f 1613//514 1453//685 1454//684
f 1454//684 1614//460 1613//514
f 1614//460 1454//684 1455//683
f 1455//683 1615//406 1614//460
f 1615//406 1455//683 1456//1152
f 1456//1152 1616//355 1615//406
f 1616//355 1456//1152 1457//521
f 1457//521 1617//302 1616//355
f 1617//302 1457//521 1458//469
f 1458//469 1618//247 1617//302
f 1618//247 1458//469 1459//414
f 1459//414 1619//787 1618//247
f 1619//787 1459//414 1460//366
f 1460//366 1620//164 1619//787
f 1620//164 1460//366 1461//1153
f 1461//1153 1621//125 1620//164
f 1621//125 1461//1153 1462//258
f 1462//258 1622//95 1621//125
f 1622//95 1462//258 1463//220
f 1463//220 1623//64 1622//95
f 1623//64 1463//220 1464//1154
f 1464//1154 1624//1031 1623//64
f 1624//1031 1464//1154 1465//140
f 1465//140 1625//36 1624//1031
f 1625//36 1465//140 1466//141
f 1466//141 1626//37 1625//36
f 1626//37 1466//141 1467//676
f 1467//676 1627//45 1626//37
f 1627//45 1467//676 1468//227
f 1468//227 1628//69 1627//45
f 1628//69 1468//227 1469//674
f 1469//674 1629//102 1628//69
f 1629//102 1469//674 1470//328
f 1470//328 1630//1256 1629//102
f 1630//1256 1470//328 1471//383
f 1471//383 1631//792 1630//1256
f 1631//792 1471//383 1472//1155
f 1472//1155 1632//223 1631//792
f 1632//223 1472//1155 1473//488
f 1473//488 1633//261 1632//223
f 1633//261 1473//488 1474//563
f 1474//563 1634//324 1633//261
f 1634//324 1474//563 1475//669
f 1475//669 1635//1257 1634//324
f 1635//1257 1475//669 1476//771
f 1476//771 1636//426 1635//1257
f 1636//426 1476//771 1477//667
f 1477//667 1637//484 1636//426
f 1637//484 1477//667 1478//666
f 1478//666 1638//1258 1637//484
f 1638//1258 1478//666 1479//943
f 1479//943 1639//641 1638//1258
f 1639//641 1479//943 1480//664
f 1480//664 1640//1259 1639//641
f 1640//1259 1480//664 1481//945
f 1481//945 1641//930 1640//1259
f 1641//930 1481//945 1482//1156
f 1482//1156 1642//1260 1641//930
f 1642//1260 1482//1156 1483//946
f 1483//946 1643//1261 1642//1260
f 1643//1261 1483//946 1484//660
f 1484//660 1644//660 1643//1261
f 1644//660 1484//660 1485//659
f 1485//659 1645//1034 1644//660
f 1645//1034 1485//659 1486//947
f 1486//947 1646//947 1645//1034
f 1646//947 1486//947 1487//948
f 1487//948 1647//1262 1646//947
f 1647//1262 1487//948 1488//1107
f 1488//1107 1550//804 1647//1262
f 1550//804 1488//1107 1489//950
f 1489//950 1393//896 1550//804
f 584//513 1491//1158 1648//1263
f 1308//1038 1343//1073 1342//1072
f 1342//1072 1491//1158 1308//1038
f 1649//1264 1650//1265 1493//1160
f 1493//1160 1492//1159 1649//1264
f 1651//1266 1492//1159 1312//1042
f 1312//1042 1494//1161 1651//1266
f 1652//1267 1494//1161 1314//1044
f 1314//1044 1495//1162 1652//1267
f 1653//1268 1495//1162 1315//1045
f 1315//1045 1496//1163 1653//1268
f 1587//1238 1496//1163 1316//1046
f 1316//1046 1425//1137 1587//1238
f 1497//1164 1320//1050 1498//1165
f 1498//1165 1654//1269 1497//1164
f 1498//1165 1322//1052 1500//1167
f 1500//1167 1655//1270 1498//1165
f 1500//1167 1499//1166 1656//1271
f 1656//1271 1657//1272 1500//1167
f 1499//1166 1501//1168 1658//1273
f 1658//1273 1656//1271 1499//1166
f 1323//1053 1502//1169 1659//1274
f 1659//1274 1501//1168 1323//1053
f 1324//1054 1503//1170 1660//1275
f 1660//1275 1502//1169 1324//1054
f 1325//1055 1504//1171 1661//1276
f 1661//1276 1503//1170 1325//1055
f 1650//1265 1504//1171 1326//1056
f 1326//1056 1493//1160 1650//1265
f 1505//1172 1330//1060 1329//1059
f 1329//1059 1345//1075 1505//1172
f 1505//1172 670//584 1662//1277
f 1663//1278 670//584 1506//1173
f 1346//1076 1664//1279 1335//1065
f 1335//1065 1334//1064 1506//1173
f 1335//1065 1506//1173 1346//1076
f 1507//1174 1665//1280 1346//1076
f 1347//1077 1023//869 1022//868
f 1022//868 1507//1174 1347//1077
f 1509//1176 1348//1078 1508//1175
f 1508//1175 1666//1281 1509//1176
f 1508//1175 1497//1164 1654//1269
f 1654//1269 1667//1282 1508//1175
f 1509//1176 1668//1283 1510//1177
f 1510//1177 1349//1079 1509//1176
f 1510//1177 1669//1284 1511//1178
f 1511//1178 1350//1080 1510//1177
f 1511//1178 1670//1285 1512//1179
f 1512//1179 1351//1081 1511//1178
f 1512//1179 1671//1286 1513//1180
f 1513//1180 1352//1082 1512//1179
f 1513//1180 1672//1287 1523//1188
f 1523//1188 1362//1089 1513//1180
f 1514//1181 1673//1288 1516//1183
f 1516//1183 1353//1083 1514//1181
f 1514//1181 1357//728 1517//1184
f 1517//1184 1674//1289 1514//1181
f 1517//1184 839//727 1675//728
f 839//727 1518//990 1676//990
f 1358//990 1519//1185 1677//1290
f 1677//1290 1518//990 1358//990
f 1360//1088 1678//1291 1679//1292
f 1679//1292 1519//1185 1360//1088
f 1361//990 1521//990 1680//1293
f 1680//1293 1520//1186 1361//990
f 1678//1291 1360//1088 1359//1087
f 1359//1087 1681//1294 1678//1291
f 1681//1294 1359//1087 1520//1186
f 1520//1186 1682//1295 1681//1294
f 1521//990 999//847 1683//990
f 1684//1296 1685//1296 1686//1297
f 1686//1297 1578//1229 1233//1012
f 1233//1012 1687//1298 1684//1296
f 1686//1297 1233//1012 1684//1296
f 1688//1299 999//847 1687//1298
f 1363//1090 1524//1189 1689//1300
f 1689//1300 1522//1187 1363//1090
f 1523//1188 1690//1301 1691//1302
f 1691//1302 1524//1189 1523//1188
f 683//595 1525//1190 1692//1303
f 1528//1193 1015//861 1014//860
f 1014//860 1370//1097 1528//1193
f 584//513 1693//1304 1527//1192
f 1369//1096 1527//1192 1339//1069
f 1339//1069 1338//1068 1694//1305
f 1339//1069 1694//1305 1369//1096
f 1528//1193 1369//1096 1694//1305
f 1694//1305 1695//1306 1528//1193
f 1379//1104 1530//1195 1696//879
f 1696//879 1537//941 1379//1104
f 1372//1099 1531//1196 1697//1307
f 1697//1307 1530//1195 1372//1099
f 1373//1100 1532//1197 1698//1308
f 1698//1308 1531//1196 1373//1100
f 1378//784 1536//783 1699//1309
f 1699//1309 1532//1197 1378//784
f 1375//1102 1533//1198 1700//1310
f 1701//1311 1702//1312 1703//1313
f 1704//1314 1703//1313 1702//1312
f 1702//1312 1375//1102 1704//1314
f 1535//35 1705//35 1706//782
f 1706//782 1536//783 1535//35
f 1537//941 1707//1034 1538//947
f 1538//947 1381//599 1537//941
f 1708//35 1529//1194 1215//1004
f 1215//1004 1380//35 1708//35
f 1539//35 1380//35 1216//1005
f 1216//1005 1043//888 1539//35
f 1538//947 1709//947 1542//948
f 1542//948 1384//1035 1538//947
f 1710//1315 1539//35 1382//35
f 1382//35 1540//35 1710//1315
f 1541//35 1383//35 1387//35
f 1387//35 1545//35 1541//35
f 1711//1316 1540//35 1541//35
f 1541//35 1712//1317 1711//1316
f 1542//948 1647//1262 1550//804
f 1550//804 1391//1107 1542//948
f 1553//1206 1544//1201 1543//1200
f 1713//1318 1545//35 1388//35
f 1388//35 1546//1202 1713//1318
f 1547//1203 1389//35 1548//35
f 1548//35 1714//1319 1547//1203
f 1548//35 1390//35 1549//35
f 1549//35 1715//35 1548//35
f 1401//1116 1553//1206 1543//1200
f 1543//1200 1392//1108 1401//1116
f 1056//900 1399//1114 1716//1320
f 1716//1320 1551//1204 1056//900
f 1551//1204 1717//1321 1552//1205
f 1552//1205 1400//1115 1551//1204
f 1718//1322 1402//1117 1394//1109
f 1394//1109 1395//1110 1718//1322
f 1396//1111 1554//1120 1719//1132
f 1719//1132 1397//1112 1396//1111
f 1556//1207 1720//1323 1554//1120
f 1554//1120 1406//1120 1556//1207
f 1721//1324 1556//1207 1555//1207
f 1555//1207 1722//1324 1721//1324
f 1722//1324 1555//1207 1557//1208
f 1557//1208 1723//1324 1722//1324
f 1724//1325 1558//1209 683//595
f 1558//1209 1725//1326 1726//1327
f 1726//1327 1559//1210 1558//1209
f 1579//1230 1409//1122 1561//1212
f 1561//1212 1727//1328 1728//1329
f 1561//1212 1728//1329 1579//1230
f 1563//1214 1729//1330 1730//1331
f 1730//1331 1562//1213 1412//1125
f 1730//1331 1412//1125 1563//1214
f 1070//912 1729//1330 1563//1214
f 1416//1129 1568//1219 1731//1332
f 1731//1332 1564//1215 1416//1129
f 1565//1216 1567//1218 1569//1220
f 1569//1220 1732//1333 1565//1216
f 1685//1296 1063//905 1686//1297
f 1728//1329 1233//1012 1579//1230
f 1580//1231 1733//1334 1581//1232
f 1581//1232 1418//1131 1580//1231
f 1564//1215 1731//1332 1733//1334
f 1733//1334 1580//1231 1564//1215
f 1734//1324 1582//1233 1581//1232
f 1581//1232 1733//1334 1734//1324
f 1723//1324 1557//1208 1582//1233
f 1582//1233 1734//1324 1723//1324
f 1735//1335 1736//1336 1585//1236
f 1585//1236 1584//1235 1735//1335
f 1737//1337 1584//1235 1422//1134
f 1422//1134 1586//1237 1737//1337
f 1585//1236 1738//1338 1587//1238
f 1587//1238 1423//1135 1585//1236
f 1739//1339 1586//1237 1424//1136
f 1424//1136 1588//1239 1739//1339
f 1740//1340 1588//1239 1426//1138
f 1426//1138 1589//1240 1740//1340
f 1741//1341 1589//1240 1590//1241
f 1590//1241 1742//1342 1741//1341
f 1743//1343 1591//1242 1432//1144
f 1432//1144 1592//1243 1743//1343
f 1430//1142 1431//1143 1490//1157
f 1490//1157 1307//1037 1420//35
f 1420//35 1583//1234 1430//1142
f 1490//1157 1420//35 1430//1142
f 1593//1244 1744//1344 1745//1345
f 1745//1345 1592//1243 1593//1244
f 1746//1346 1595//1246 1594//1245
f 1594//1245 1747//1347 1748//1348
f 1748//1348 1749//1349 1594//1245
f 1750//35 1598//35 1597//1248
f 1597//1248 1751//1035 1750//35
f 1434//1033 1599//1249 1752//1350
f 1752//1350 1597//1248 1434//1033
f 1436//1146 1600//1250 1753//1351
f 1753//1351 1599//1249 1436//1146
f 1437//1147 1601//1251 1754//1352
f 1754//1352 1600//1250 1437//1147
f 1438//1148 1602//944 1755//945
f 1755//945 1601//1251 1438//1148
f 1439//943 1603//1252 1756//782
f 1756//782 1602//944 1439//943
f 1440//780 1604//692 1757//936
f 1757//936 1603//1252 1440//780
f 1441//693 1605//1253 1606//1254
f 1606//1254 1604//692 1441//693
f 1604//692 1606//1254 1607//1252
f 1607//1252 1757//936 1604//692
f 1757//936 1607//1252 1608//782
f 1608//782 1758//937 1757//936
f 1758//937 1608//782 1609//783
f 1609//783 1759//938 1758//937
f 1759//938 1609//783 1610//784
f 1610//784 1760//939 1759//938
f 1760//939 1610//784 1611//1001
f 1611//1001 1761//940 1760//939
f 1761//940 1611//1001 1612//1255
f 1612//1255 1762//941 1761//940
f 1762//941 1612//1255 1613//514
f 1613//514 1763//685 1762//941
f 1763//685 1613//514 1614//460
f 1614//460 1764//942 1763//685
f 1764//942 1614//460 1615//406
f 1615//406 1765//683 1764//942
f 1765//683 1615//406 1616//355
f 1616//355 1766//610 1765//683
f 1766//610 1616//355 1617//302
f 1617//302 1767//521 1766//610
f 1767//521 1617//302 1618//247
f 1618//247 1768//469 1767//521
f 1768//469 1618//247 1619//787
f 1619//787 1769//414 1768//469
f 1769//414 1619//787 1620//164
f 1620//164 1770//366 1769//414
f 1770//366 1620//164 1621//125
f 1621//125 1771//314 1770//366
f 1771//314 1621//125 1622//95
f 1622//95 1772//258 1771//314
f 1772//258 1622//95 1623//64
f 1623//64 1773//679 1772//258
f 1773//679 1623//64 1624//1031
f 1624//1031 1774//179 1773//679
f 1774//179 1624//1031 1625//36
f 1625//36 1775//140 1774//179
f 1775//140 1625//36 1626//37
f 1626//37 1776//141 1775//140
f 1776//141 1626//37 1627//45
f 1627//45 1777//676 1776//141
f 1777//676 1627//45 1628//69
f 1628//69 1778//227 1777//676
f 1778//227 1628//69 1629//102
f 1629//102 1779//674 1778//227
f 1779//674 1629//102 1630//1256
f 1630//1256 1780//328 1779//674
f 1780//328 1630//1256 1631//792
f 1631//792 1781//383 1780//328
f 1781//383 1631//792 1632//223
f 1632//223 1782//430 1781//383
f 1782//430 1632//223 1633//261
f 1633//261 1783//671 1782//430
f 1783//671 1633//261 1634//324
f 1634//324 1784//563 1783//671
f 1784//563 1634//324 1635//1257
f 1635//1257 1785//1353 1784//563
f 1785//1353 1635//1257 1636//426
f 1636//426 1786//771 1785//1353
f 1786//771 1636//426 1637//484
f 1637//484 1787//667 1786//771
f 1787//667 1637//484 1638//1258
f 1638//1258 1788//666 1787//667
f 1788//666 1638//1258 1639//641
f 1639//641 1789//943 1788//666
f 1789//943 1639//641 1640//1259
f 1640//1259 1790//944 1789//943
f 1790//944 1640//1259 1641//930
f 1641//930 1791//945 1790//944
f 1791//945 1641//930 1642//1260
f 1642//1260 1792//1156 1791//945
f 1792//1156 1642//1260 1643//1261
f 1643//1261 1793//946 1792//1156
f 1793//946 1643//1261 1644//660
f 1644//660 1794//660 1793//946
f 1794//660 1644//660 1645//1034
f 1645//1034 1795//659 1794//660
f 1795//659 1645//1034 1646//947
f 1646//947 1709//947 1795//659
f 1709//947 1646//947 1647//1262
f 1647//1262 1542//948 1709//947
f 584//513 1648//1263 1693//1304
f 1650//1265 1649//1264 1796//1354
f 1796//1354 1797//1355 1650//1265
f 1798//1356 1649//1264 1492//1159
f 1492//1159 1651//1266 1798//1356
f 1799//1357 1651//1266 1494//1161
f 1494//1161 1652//1267 1799//1357
f 1800//1358 1652//1267 1495//1162
f 1495//1162 1653//1268 1800//1358
f 1738//1338 1653//1268 1496//1163
f 1496//1163 1587//1238 1738//1338
f 1654//1269 1498//1165 1655//1270
f 1655//1270 1801//1359 1654//1269
f 1655//1270 1500//1167 1657//1272
f 1657//1272 1802//1360 1655//1270
f 1657//1272 1656//1271 1803//1361
f 1803//1361 1804//1362 1657//1272
f 1656//1271 1658//1273 1805//1363
f 1805//1363 1803//1361 1656//1271
f 1501//1168 1659//1274 1806//1364
f 1806//1364 1658//1273 1501//1168
f 1502//1169 1660//1275 1807//1365
f 1807//1365 1659//1274 1502//1169
f 1503//1170 1661//1276 1808//1366
f 1808//1366 1660//1275 1503//1170
f 1504//1171 1650//1265 1797//1355
f 1797//1355 1661//1276 1504//1171
f 1662//1277 1331//1061 1330//1060
f 1330//1060 1505//1172 1662//1277
f 1662//1277 670//584 1809//1367
f 1809//1367 670//584 1663//1278
f 1506//1173 1334//1064 1333//1063
f 1333//1063 1663//1278 1506//1173
f 1810//1368 1336//1066 1335//1065
f 1335//1065 1664//1279 1810//1368
f 1665//1280 1811//1369 1664//1279
f 1664//1279 1346//1076 1665//1280
f 1507//1174 1022//868 1021//867
f 1021//867 1665//1280 1507//1174
f 1668//1283 1509//1176 1666//1281
f 1666//1281 1812//1370 1668//1283
f 1666//1281 1508//1175 1667//1282
f 1667//1282 1813//1371 1666//1281
f 1667//1282 1654//1269 1801//1359
f 1801//1359 1814//1372 1667//1282
f 1668//1283 1815//1373 1669//1284
f 1669//1284 1510//1177 1668//1283
f 1669//1284 1816//1374 1670//1285
f 1670//1285 1511//1178 1669//1284
f 1670//1285 1817//1375 1671//1286
f 1671//1286 1512//1179 1670//1285
f 1671//1286 1818//1376 1672//1287
f 1672//1287 1513//1180 1671//1286
f 1672//1287 1819//1377 1690//1301
f 1690//1301 1523//1188 1672//1287
f 1673//1288 1514//1181 1674//1289
f 1674//1289 1820//1378 1673//1288
f 1674//1289 1517//1184 1675//728
f 1675//728 1821//1379 1674//1289
f 1675//728 839//727 1822//987
f 1823//1380 839//727 1676//990
f 1518//990 1677//1290 1824//1381
f 1824//1381 1676//990 1518//990
f 1519//1185 1679//1292 1825//1382
f 1825//1382 1677//1290 1519//1185
f 1680//1293 1826//1383 1682//1295
f 1682//1295 1520//1186 1680//1293
f 1680//1293 1521//990 1683//990
f 1683//990 1827//1384 1680//1293
f 1683//990 999//847 1828//1385
f 1829//990 999//847 1688//1299
f 1830//1386 1688//1299 1687//1298
f 1687//1298 1233//1012 1831//1387
f 1687//1298 1831//1387 1830//1386
f 1689//1300 1832//1388 1572//1223
f 1572//1223 1522//1187 1689//1300
f 1524//1189 1691//1302 1833//1389
f 1833//1389 1689//1300 1524//1189
f 1690//1301 1834//1390 1835//1391
f 1835//1391 1691//1302 1690//1301
f 683//595 1692//1303 1836//1392
f 1525//1190 1837//1393 1838//1394
f 1838//1394 1692//1303 1525//1190
f 1837//1393 1525//1190 1367//1094
f 1367//1094 1526//1191 1837//1393
f 1695//1306 1016//862 1015//861
f 1015//861 1528//1193 1695//1306
f 1693//1304 1340//1070 1339//1069
f 1339//1069 1527//1192 1693//1304
f 1694//1305 1338//1068 1337//1067
f 1337//1067 1839//1395 1694//1305
f 1695//1306 1694//1305 1839//1395
f 1839//1395 1840//1396 1695//1306
f 1537//941 1696//879 1841//660
f 1841//660 1707//1034 1537//941
f 1530//1195 1697//1307 1842//940
f 1842//940 1696//879 1530//1195
f 1531//1196 1698//1308 1843//1397
f 1843//1397 1697//1307 1531//1196
f 1532//1197 1699//1309 1844//1398
f 1844//1398 1698//1308 1532//1197
f 1536//783 1706//782 1845//1399
f 1845//1399 1699//1309 1536//783
f 1375//1102 1700//1310 1704//1314
f 1374//1101 1534//1199 1846//1400
f 1846//1400 1700//1310 1533//1198
f 1846//1400 1533//1198 1374//1101
f 1708//35 1846//1400 1534//1199
f 1534//1199 1529//1194 1708//35
f 1847//1401 1702//1312 1701//1311
f 1703//1313 1848//1402 1711//1316
f 1711//1316 1701//1311 1703//1313
f 1703//1313 1704//1314 1700//1310
f 1700//1310 1846//1400 1848//1402
f 1700//1310 1848//1402 1703//1313
f 1849//1403 1850//1404 1851//1405
f 1851//1405 1852//1406 1849//1403
f 1853//1407 1850//1404 1849//1403
f 1849//1403 1702//1312 1853//1407
f 1705//35 1854//35 1855//1252
f 1855//1252 1706//782 1705//35
f 1707//1034 1795//659 1709//947
f 1709//947 1538//947 1707//1034
f 1708//35 1380//35 1539//35
f 1539//35 1710//1315 1708//35
f 1848//1402 1710//1315 1540//35
f 1540//35 1711//1316 1848//1402
f 1712//1317 1541//35 1545//35
f 1545//35 1713//1318 1712//1317
f 1701//1311 1711//1316 1712//1317
f 1712//1317 1847//1401 1701//1311
f 1856//1408 1713//1318 1546//1202
f 1546//1202 1857//1409 1856//1408
f 1858//1410 1859//1411 1857//1409
f 1857//1409 1546//1202 1547//1203
f 1857//1409 1547//1203 1858//1410
f 1858//1410 1547//1203 1714//1319
f 1714//1319 1860//1412 1858//1410
f 1861//1413 1862//1414 1714//1319
f 1714//1319 1548//35 1715//35
f 1714//1319 1715//35 1861//1413
f 1715//35 1549//35 1863//1415
f 1863//1415 1864//1416 1865//1417
f 1865//1417 1866//1418 1715//35
f 1863//1415 1865//1417 1715//35
f 1552//1205 1717//1321 1863//1415
f 1863//1415 1549//35 1544//1201
f 1544//1201 1553//1206 1552//1205
f 1863//1415 1544//1201 1552//1205
f 1395//1110 1397//1112 1867//1419
f 1867//1419 1718//1322 1395//1110
f 1399//1114 1868//1420 1716//1320
f 1869//1421 1870//1422 1399//1114
f 1399//1114 1398//1113 1869//1421
f 1399//1114 1870//1422 1871//1423
f 1871//1423 1872//1424 1399//1114
f 1718//1322 1873//1425 1403//1426
f 1403//1426 1402//1117 1718//1322
f 1869//1421 1398//1113 1403//1118
f 1403//1118 1874//1427 1869//1421
f 1403//1118 1873//1425 1875//1428
f 1875//1428 1874//1427 1403//1118
f 1397//1112 1719//1132 1876//1429
f 1876//1429 1867//1419 1397//1112
f 1554//1120 1720//1323 1877//1207
f 1877//1207 1719//1132 1554//1120
f 1878//1324 1720//1323 1556//1207
f 1556//1207 1721//1324 1878//1324
f 1879//1324 1721//1324 1722//1324
f 1722//1324 1880//1324 1879//1324
f 1880//1324 1722//1324 1723//1324
f 1723//1324 1881//1324 1880//1324
f 1070//912 1560//1211 1882//1430
f 1558//1209 1724//1325 1883//1431
f 1883//1431 1725//1326 1558//1209
f 683//595 1884//1432 1724//1325
f 1559//1210 1726//1327 1885//1433
f 1885//1433 1560//1211 1559//1210
f 1728//1329 1727//1328 1886//1434
f 1886//1434 1887//1435 1728//1329
f 1888//1436 1889//1437 1730//1331
f 1730//1331 1729//1330 1888//1436
f 1070//912 1888//1436 1729//1330
f 1890//1324 1891//1324 1731//1332
f 1731//1332 1568//1219 1890//1324
f 1732//1333 1892//1324 1566//1217
f 1566//1217 1565//1216 1732//1333
f 1892//1324 1890//1324 1568//1219
f 1568//1219 1566//1217 1892//1324
f 1732//1333 1569//1220 1574//1225
f 1574//1225 1893//1324 1732//1333
f 1571//1222 1894//1438 1895//1439
f 1895//1439 1896//1440 1570//1221
f 1895//1439 1570//1221 1571//1222
f 1896//1440 1897//1441 1573//1224
f 1573//1224 1570//1221 1896//1440
f 1894//1438 1571//1222 1572//1223
f 1572//1223 1832//1388 1894//1438
f 1573//1224 1897//1441 1898//1442
f 1898//1442 1574//1225 1573//1224
f 1887//1435 1233//1012 1728//1329
f 1891//1324 1734//1324 1733//1334
f 1733//1334 1731//1332 1891//1324
f 1881//1324 1723//1324 1734//1324
f 1734//1324 1891//1324 1881//1324
f 1899//1443 1900//1444 1736//1336
f 1736//1336 1735//1335 1899//1443
f 1901//1445 1735//1335 1584//1235
f 1584//1235 1737//1337 1901//1445
f 1736//1336 1902//1446 1738//1338
f 1738//1338 1585//1236 1736//1336
f 1903//1447 1737//1337 1586//1237
f 1586//1237 1739//1339 1903//1447
f 1904//1448 1739//1339 1588//1239
f 1588//1239 1740//1340 1904//1448
f 1905//1449 1740//1340 1589//1240
f 1589//1240 1741//1341 1905//1449
f 1906//1450 1741//1341 1742//1342
f 1742//1342 1907//1451 1906//1450
f 1742//1342 1590//1241 1428//1140
f 1428//1140 1591//1242 1742//1342
f 1591//1242 1743//1343 1907//1451
f 1907//1451 1742//1342 1591//1242
f 1908//1452 1743//1343 1592//1243
f 1592//1243 1909//1453 1908//1452
f 1744//1344 1593//1244 1910//1454
f 1911//1455 1592//1243 1745//1345
f 1744//1344 1912//1456 1913//1457
f 1913//1457 1745//1345 1744//1344
f 1593//1244 1596//1247 1914//1458
f 1594//1245 1749//1349 1746//1346
f 1748//1348 1915//1459 1916//1460
f 1916//1460 1749//1349 1748//1348
f 1748//1348 1747//1347 1917//1461
f 1747//1347 1918//1462 1919//1463
f 1919//1463 1920//1464 1747//1347
f 1921//35 1750//35 1751//1035
f 1751//1035 1922//804 1921//35
f 1751//1035 1597//1248 1752//1350
f 1752//1350 1923//1465 1751//1035
f 1599//1249 1753//1351 1924//1466
f 1924//1466 1752//1350 1599//1249
f 1600//1250 1754//1352 1925//1467
f 1925//1467 1753//1351 1600//1250
f 1601//1251 1755//945 1926//1156
f 1926//1156 1754//1352 1601//1251
f 1602//944 1756//782 1927//783
f 1927//783 1755//945 1602//944
f 1603//1252 1757//936 1758//937
f 1758//937 1756//782 1603//1252
f 1756//782 1758//937 1759//938
f 1759//938 1927//783 1756//782
f 1927//783 1759//938 1760//939
f 1760//939 1928//784 1927//783
f 1928//784 1760//939 1761//940
f 1761//940 1929//1001 1928//784
f 1929//1001 1761//940 1762//941
f 1762//941 1930//1255 1929//1001
f 1931//514 1930//1255 1762//941
f 1762//941 1763//685 1931//514
f 1932//460 1931//514 1763//685
f 1763//685 1764//942 1932//460
f 1933//1030 1932//460 1764//942
f 1764//942 1765//683 1933//1030
f 1934//355 1933//1030 1765//683
f 1765//683 1766//610 1934//355
f 1935//302 1934//355 1766//610
f 1766//610 1767//521 1935//302
f 1936//247 1935//302 1767//521
f 1767//521 1768//469 1936//247
f 1937//209 1936//247 1768//469
f 1768//469 1769//414 1937//209
f 1938//1468 1937//209 1769//414
f 1769//414 1770//366 1938//1468
f 1939//125 1938//1468 1770//366
f 1770//366 1771//314 1939//125
f 1940//95 1939//125 1771//314
f 1771//314 1772//258 1940//95
f 1941//64 1940//95 1772//258
f 1772//258 1773//679 1941//64
f 1942//1031 1941//64 1773//679
f 1773//679 1774//179 1942//1031
f 1943//36 1942//1031 1774//179
f 1774//179 1775//140 1943//36
f 1944//1469 1943//36 1775//140
f 1775//140 1776//141 1944//1469
f 1945//45 1944//1469 1776//141
f 1776//141 1777//676 1945//45
f 1946//69 1945//45 1777//676
f 1777//676 1778//227 1946//69
f 1947//102 1946//69 1778//227
f 1778//227 1779//674 1947//102
f 1948//136 1947//102 1779//674
f 1779//674 1780//328 1948//136
f 1949//792 1948//136 1780//328
f 1780//328 1781//383 1949//792
f 1950//223 1949//792 1781//383
f 1781//383 1782//430 1950//223
f 1951//261 1950//223 1782//430
f 1782//430 1783//671 1951//261
f 1952//324 1951//261 1783//671
f 1783//671 1784//563 1952//324
f 1953//379 1952//324 1784//563
f 1784//563 1785//1353 1953//379
f 1954//426 1953//379 1785//1353
f 1785//1353 1786//771 1954//426
f 1955//484 1954//426 1786//771
f 1786//771 1787//667 1955//484
f 1956//1258 1955//484 1787//667
f 1787//667 1788//666 1956//1258
f 1957//641 1956//1258 1788//666
f 1788//666 1789//943 1957//641
f 1958//767 1957//641 1789//943
f 1789//943 1790//944 1958//767
f 1959//930 1958//767 1790//944
f 1790//944 1791//945 1959//930
f 1960//798 1959//930 1791//945
f 1791//945 1792//1156 1960//798
f 1961//1033 1960//798 1792//1156
f 1792//1156 1793//946 1961//1033
f 1841//660 1961//1033 1793//946
f 1793//946 1794//660 1841//660
f 1707//1034 1841//660 1794//660
f 1794//660 1795//659 1707//1034
f 1648//1263 1341//1071 1340//1070
f 1340//1070 1693//1304 1648//1263
f 1342//1072 1341//1071 1648//1263
f 1648//1263 1491//1158 1342//1072
f 1797//1355 1796//1354 1962//1470
f 1962//1470 1963//1471 1797//1355
f 1649//1264 1798//1356 1964//1472
f 1964//1472 1796//1354 1649//1264
f 1965//1473 1798//1356 1651//1266
f 1651//1266 1799//1357 1965//1473
f 1966//1474 1799//1357 1652//1267
f 1652//1267 1800//1358 1966//1474
f 1902//1446 1800//1358 1653//1268
f 1653//1268 1738//1338 1902//1446
f 1801//1359 1655//1270 1802//1360
f 1802//1360 1967//1475 1801//1359
f 1802//1360 1657//1272 1804//1362
f 1804//1362 1968//1476 1802//1360
f 1804//1362 1803//1361 1969//1477
f 1969//1477 1970//1478 1804//1362
f 1803//1361 1805//1363 1971//1479
f 1971//1479 1969//1477 1803//1361
f 1658//1273 1806//1364 1972//1480
f 1972//1480 1805//1363 1658//1273
f 1659//1274 1807//1365 1973//1481
f 1973//1481 1806//1364 1659//1274
f 1660//1275 1808//1366 1974//1482
f 1974//1482 1807//1365 1660//1275
f 1661//1276 1797//1355 1963//1471
f 1963//1471 1808//1366 1661//1276
f 1809//1367 1332//1062 1331//1061
f 1331//1061 1662//1277 1809//1367
f 1663//1278 1333//1063 1332//1062
f 1332//1062 1809//1367 1663//1278
f 1839//1395 1337//1067 1336//1066
f 1336//1066 1810//1368 1839//1395
f 1810//1368 1664//1279 1975//1483
f 1975//1483 1976//1484 1810//1368
f 1665//1280 1021//867 1020//866
f 1020//866 1811//1369 1665//1280
f 1664//1279 1811//1369 1975//1483
f 1815//1373 1668//1283 1812//1370
f 1812//1370 1977//1485 1815//1373
f 1812//1370 1666//1281 1813//1371
f 1813//1371 1978//1486 1812//1370
f 1813//1371 1667//1282 1814//1372
f 1814//1372 1979//1487 1813//1371
f 1814//1372 1801//1359 1967//1475
f 1967//1475 1980//1488 1814//1372
f 1815//1373 1981//1489 1816//1374
f 1816//1374 1669//1284 1815//1373
f 1816//1374 1982//1490 1817//1375
f 1817//1375 1670//1285 1816//1374
f 1817//1375 1983//1491 1818//1376
f 1818//1376 1671//1286 1817//1375
f 1818//1376 1984//1492 1819//1377
f 1819//1377 1672//1287 1818//1376
f 1819//1377 1985//1493 1834//1390
f 1834//1390 1690//1301 1819//1377
f 1821//1379 1986//1494 1820//1378
f 1820//1378 1674//1289 1821//1379
f 1821//1379 1675//728 1822//987
f 1822//987 1987//1495 1821//1379
f 1822//987 839//727 1988//728
f 1988//728 839//727 1823//1380
f 1989//1496 1070//912 1823//1380
f 1823//1380 1676//990 1824//1381
f 1823//1380 1824//1381 1989//1496
f 1677//1290 1825//1382 1990//1497
f 1990//1497 1824//1381 1677//1290
f 1827//1384 1991//1498 1826//1383
f 1826//1383 1680//1293 1827//1384
f 1827//1384 1683//990 1828//1385
f 1828//1385 1992//1499 1827//1384
f 1828//1385 999//847 1829//990
f 1993//1500 1829//990 1688//1299
f 1688//1299 1830//1386 1993//1500
f 1689//1300 1994//1501 1832//1388
f 1833//1389 1995//1502 1994//1501
f 1994//1501 1689//1300 1833//1389
f 1691//1302 1835//1391 1996//1503
f 1996//1503 1833//1389 1691//1302
f 1834//1390 1997//1504 1998//1505
f 1998//1505 1835//1391 1834//1390
f 683//595 1836//1392 1884//1432
f 1836//1392 1692//1303 1838//1394
f 1838//1394 1999//1506 1836//1392
f 1840//1396 1017//863 1016//862
f 1016//862 1695//1306 1840//1396
f 1840//1396 1839//1395 1810//1368
f 1810//1368 1976//1484 1840//1396
f 1696//879 1842//940 1961//1033
f 1961//1033 1841//660 1696//879
f 1697//1307 1843//1397 2000//1151
f 2000//1151 1842//940 1697//1307
f 1698//1308 1844//1398 2001//1507
f 2001//1507 1843//1397 1698//1308
f 1699//1309 1845//1399 2002//1508
f 2002//1508 1844//1398 1699//1309
f 1706//782 1855//1252 2003//1509
f 2003//1509 1845//1399 1706//782
f 1846//1400 1708//35 1710//1315
f 1710//1315 1848//1402 1846//1400
f 1702//1312 1847//1401 1856//1408
f 1853//1407 2004//1510 2005//1511
f 2005//1511 1850//1404 1853//1407
f 1853//1407 1702//1312 1856//1408
f 1856//1408 1857//1409 2006//1512
f 1856//1408 2006//1512 1853//1407
f 2007//1513 1852//1406 1851//1405
f 1851//1405 2008//1514 2007//1513
f 1854//35 2009//35 2010//780
f 2010//780 1855//1252 1854//35
f 1847//1401 1712//1317 1713//1318
f 1713//1318 1856//1408 1847//1401
f 1860//1412 2011//1515 2012//1516
f 2012//1516 1858//1410 1860//1412
f 1860//1412 1714//1319 1862//1414
f 1862//1414 1861//1413 2013//1517
f 2013//1517 2014//1518 1862//1414
f 2015//1519 1861//1413 1715//35
f 1715//35 1866//1418 2016//1520
f 1715//35 2016//1520 2015//1519
f 1399//1114 1872//1424 1868//1420
f 1871//1423 1866//1418 1865//1417
f 1865//1417 1872//1424 1871//1423
f 1871//1423 1870//1422 2017//1521
f 2018//1324 1877//1207 1720//1323
f 1720//1323 1878//1324 2018//1324
f 2019//1324 1878//1324 1721//1324
f 1721//1324 1879//1324 2019//1324
f 2020//1324 1879//1324 1880//1324
f 1880//1324 2021//1324 2020//1324
f 2021//1324 1880//1324 1881//1324
f 1881//1324 2022//1324 2021//1324
f 1882//1430 2023//1522 1070//912
f 1560//1211 1885//1433 2024//1523
f 2024//1523 1882//1430 1560//1211
f 1884//1432 2025//1524 1883//1431
f 1883//1431 1724//1325 1884//1432
f 1070//912 2026//1525 1888//1436
f 2022//1324 1881//1324 1891//1324
f 1891//1324 1890//1324 2022//1324
f 1893//1324 2027//1324 1892//1324
f 1892//1324 1732//1333 1893//1324
f 2027//1324 2022//1324 1890//1324
f 1890//1324 1892//1324 2027//1324
f 1994//1501 1895//1439 1894//1438
f 1894//1438 1832//1388 1994//1501
f 1898//1442 2028//1324 1893//1324
f 1893//1324 1574//1225 1898//1442
f 2029//1526 1233//1012 1887//1435
f 2030//1527 2031//1528 1900//1444
f 1900//1444 1899//1443 2030//1527
f 2032//1529 1899//1443 1735//1335
f 1735//1335 1901//1445 2032//1529
f 1900//1444 2033//1530 1902//1446
f 1902//1446 1736//1336 1900//1444
f 2034//1531 1901//1445 1737//1337
f 1737//1337 1903//1447 2034//1531
f 2035//1532 1903//1447 1739//1339
f 1739//1339 1904//1448 2035//1532
f 2036//1533 1904//1448 1740//1340
f 1740//1340 1905//1449 2036//1533
f 2037//1534 1905//1449 1741//1341
f 1741//1341 1906//1450 2037//1534
f 2038//1535 1906//1450 1907//1451
f 1907//1451 2039//1536 2038//1535
f 2040//1537 1908//1452 1909//1453
f 1909//1453 2041//1538 2040//1537
f 1909//1453 1592//1243 2042//1539
f 2042//1539 2043//1540 1909//1453
f 1744//1344 1910//1454 2044//1541
f 2044//1541 1912//1456 1744//1344
f 1593//1244 2045//1542 1910//1454
f 1592//1243 1911//1455 2046//1543
f 1745//1345 1913//1457 2047//1544
f 2047//1544 1911//1455 1745//1345
f 1912//1456 2048//35 2049//35
f 2049//35 1913//1457 1912//1456
f 1593//1244 1914//1458 2050//1545
f 1596//1247 2051//1546 2052//1547
f 2052//1547 1914//1458 1596//1247
f 1916//1460 1746//1346 1749//1349
f 1917//1461 2053//1548 1915//1459
f 1915//1459 1748//1348 1917//1461
f 2051//1546 1916//1460 1915//1459
f 1915//1459 2054//1315 2051//1546
f 1917//1461 1747//1347 2055//1549
f 1747//1347 1920//1464 2055//1549
f 2056//1550 1918//1462 2057//1551
f 2057//1551 2058//1552 2056//1550
f 2059//35 1921//35 1922//804
f 1922//804 2060//896 2059//35
f 1922//804 1751//1035 1923//1465
f 1923//1465 2061//1553 1922//804
f 1923//1465 1752//1350 1924//1466
f 1924//1466 2062//1554 1923//1465
f 1753//1351 1925//1467 2063//1555
f 2063//1555 1924//1466 1753//1351
f 1754//1352 1926//1156 2064//946
f 2064//946 1925//1467 1754//1352
f 1755//945 1927//783 1928//784
f 1928//784 1926//1156 1755//945
f 1926//1156 1928//784 1929//1001
f 1929//1001 2064//946 1926//1156
f 2064//946 1929//1001 1930//1255
f 1930//1255 2065//659 2064//946
f 2066//948 2065//659 1930//1255
f 1930//1255 1931//514 2066//948
f 2067//1107 2066//948 1931//514
f 1931//514 1932//460 2067//1107
f 2068//950 2067//1107 1932//460
f 1932//460 1933//1030 2068//950
f 2069//654 2068//950 1933//1030
f 1933//1030 1934//355 2069//654
f 2070//750 2069//654 1934//355
f 1934//355 1935//302 2070//750
f 2071//613 2070//750 1935//302
f 1935//302 1936//247 2071//613
f 2072//541 2071//613 1936//247
f 1936//247 1937//209 2072//541
f 2073//475 2072//541 1937//209
f 1937//209 1938//1468 2073//475
f 2074//542 2073//475 1938//1468
f 1938//1468 1939//125 2074//542
f 2075//368 2074//542 1939//125
f 1939//125 1940//95 2075//368
f 2076//417 2075//368 1940//95
f 1940//95 1941//64 2076//417
f 2077//260 2076//417 1941//64
f 1941//64 1942//1031 2077//260
f 2078//229 2077//260 1942//1031
f 1942//1031 1943//36 2078//229
f 2079//230 2078//229 1943//36
f 1943//36 1944//1469 2079//230
f 2080//267 2079//230 1944//1469
f 1944//1469 1945//45 2080//267
f 2081//330 2080//267 1945//45
f 1945//45 1946//69 2081//330
f 2082//385 2081//330 1946//69
f 1946//69 1947//102 2082//385
f 2083//432 2082//385 1947//102
f 1947//102 1948//136 2083//432
f 2084//490 2083//432 1948//136
f 1948//136 1949//792 2084//490
f 2085//565 2084//490 1949//792
f 1949//792 1950//223 2085//565
f 2086//647 2085//565 1950//223
f 1950//223 1951//261 2086//647
f 2087//773 2086//647 1951//261
f 1951//261 1952//324 2087//773
f 2088//934 2087//773 1952//324
f 1952//324 1953//379 2088//934
f 2089//694 2088//934 1953//379
f 1953//379 1954//426 2089//694
f 2090//693 2089//694 1954//426
f 1954//426 1955//484 2090//693
f 2091//692 2090//693 1955//484
f 1955//484 1956//1258 2091//692
f 2092//936 2091//692 1956//1258
f 1956//1258 1957//641 2092//936
f 2093//937 2092//936 1957//641
f 1957//641 1958//767 2093//937
f 2094//938 2093//937 1958//767
f 1958//767 1959//930 2094//938
f 2000//1151 2094//938 1959//930
f 1959//930 1960//798 2000//1151
f 1842//940 2000//1151 1960//798
f 1960//798 1961//1033 1842//940
f 1963//1471 1962//1470 2095//1556
f 2095//1556 2096//1557 1963//1471
f 1796//1354 1964//1472 2097//1558
f 2097//1558 1962//1470 1796//1354
f 1798//1356 1965//1473 2098//1559
f 2098//1559 1964//1472 1798//1356
f 2099//1560 1965//1473 1799//1357
f 1799//1357 1966//1474 2099//1560
f 2033//1530 1966//1474 1800//1358
f 1800//1358 1902//1446 2033//1530
f 1967//1475 1802//1360 1968//1476
f 1968//1476 2100//1561 1967//1475
f 1968//1476 1804//1362 1970//1478
f 1970//1478 2101//1562 1968//1476
f 1970//1478 1969//1477 2102//1563
f 2102//1563 2103//1564 1970//1478
f 1969//1477 1971//1479 2104//1565
f 2104//1565 2102//1563 1969//1477
f 1805//1363 1972//1480 2105//1566
f 2105//1566 1971//1479 1805//1363
f 1806//1364 1973//1481 2106//1567
f 2106//1567 1972//1480 1806//1364
f 1807//1365 1974//1482 2107//1568
f 2107//1568 1973//1481 1807//1365
f 1808//1366 1963//1471 2096//1557
f 2096//1557 1974//1482 1808//1366
f 1811//1369 1020//866 1019//865
f 1019//865 1975//1483 1811//1369
f 1981//1489 1815//1373 1977//1485
f 1977//1485 2108//1569 1981//1489
f 1977//1485 1812//1370 1978//1486
f 1978//1486 2109//1570 1977//1485
f 1978//1486 1813//1371 1979//1487
f 1979//1487 2110//1571 1978//1486
f 1979//1487 1814//1372 1980//1488
f 1980//1488 2111//1572 1979//1487
f 1980//1488 1967//1475 2100//1561
f 2100//1561 2112//1573 1980//1488
f 1981//1489 2113//1574 1982//1490
f 1982//1490 1816//1374 1981//1489
f 1982//1490 2114//1575 1983//1491
f 1983//1491 1817//1375 1982//1490
f 1983//1491 2115//1576 1984//1492
f 1984//1492 1818//1376 1983//1491
f 1984//1492 2116//1577 1985//1493
f 1985//1493 1819//1377 1984//1492
f 1985//1493 2117//1578 1997//1504
f 1997//1504 1834//1390 1985//1493
f 1987//1495 2118//1579 1986//1494
f 1986//1494 1821//1379 1987//1495
f 1987//1495 1822//987 1988//728
f 1988//728 2119//1580 1987//1495
f 1992//1499 2120//1581 1991//1498
f 1991//1498 1827//1384 1992//1499
f 1992//1499 1828//1385 1829//990
f 1829//990 1993//1500 1992//1499
f 1831//1387 1233//1012 2121//1582
f 1830//1386 2122//1583 2123//1584
f 2123//1584 1993//1500 1830//1386
f 1995//1502 1833//1389 2124//1585
f 1997//1504 2125//1586 2126//1587
f 2126//1587 1998//1505 1997//1504
f 1976//1484 1018//864 1017//863
f 1017//863 1840//1396 1976//1484
f 1843//1397 2001//1507 2094//938
f 2094//938 2000//1151 1843//1397
f 1844//1398 2002//1508 2127//1588
f 2127//1588 2001//1507 1844//1398
f 1845//1399 2003//1509 2128//1589
f 2128//1589 2002//1508 1845//1399
f 1855//1252 2010//780 2129//1590
f 2129//1590 2003//1509 1855//1252
f 2006//1512 2004//1510 1853//1407
f 2007//1513 2008//1514 2130//1591
f 2130//1591 2131//1592 2132//1593
f 2130//1591 2132//1593 2007//1513
f 2009//35 2133//35 2134//1025
f 2134//1025 2010//780 2009//35
f 1858//1410 2012//1516 2135//1594
f 2135//1594 1859//1411 1858//1410
f 2011//1515 1860//1412 1862//1414
f 1862//1414 2014//1518 2011//1515
f 2011//1515 2004//1510 2012//1516
f 2013//1517 1861//1413 2015//1519
f 2015//1519 2136//1595 2013//1517
f 2136//1595 2015//1519 2016//1520
f 2016//1520 2017//1521 2136//1595
f 2016//1520 1866//1418 1871//1423
f 1871//1423 2017//1521 2016//1520
f 1864//1416 1863//1415 1717//1321
f 1717//1321 1551//1204 1716//1320
f 1717//1321 1716//1320 1864//1416
f 1867//1419 2137//1596 1718//1597
f 1868//1420 1872//1424 1865//1417
f 1865//1417 2138//1598 1868//1420
f 2138//1598 1864//1416 1716//1320
f 1716//1320 1868//1420 2138//1598
f 2013//1517 1870//1422 2004//1510
f 2004//1510 2014//1518 2013//1517
f 2139//1599 2004//1510 1870//1422
f 1870//1422 1869//1421 2139//1599
f 1870//1422 2136//1595 2017//1521
f 2140//1600 1873//1601 1718//1597
f 1718//1597 2141//1602 2140//1600
f 2141//1602 1718//1597 2137//1596
f 2137//1596 2142//1603 2141//1602
f 2143//1604 2139//1599 1869//1421
f 1869//1421 1874//1427 2143//1604
f 1875//1428 2144//1605 2143//1604
f 2143//1604 1874//1427 1875//1428
f 1875//1606 1873//1601 2145//1607
f 2145//1607 2146//1608 1875//1606
f 2147//1609 2137//1596 1867//1419
f 1867//1419 1876//1429 2147//1609
f 1877//1207 2148//1610 1876//1429
f 1876//1429 1719//1132 1877//1207
f 1876//1429 2148//1610 2149//1611
f 2149//1611 2147//1609 1876//1429
f 2149//1611 2148//1610 1877//1207
f 1877//1207 2018//1324 2149//1611
f 2150//1324 2018//1324 1878//1324
f 1878//1324 2019//1324 2150//1324
f 2151//1324 2019//1324 1879//1324
f 1879//1324 2020//1324 2151//1324
f 2152//1324 2020//1324 2021//1324
f 2021//1324 2153//1324 2152//1324
f 2153//1324 2021//1324 2022//1324
f 2022//1324 2027//1324 2153//1324
f 2023//1522 1882//1430 2024//1523
f 2024//1523 2154//1612 2155//1613
f 2024//1523 2155//1613 2023//1522
f 2155//1613 1070//912 2023//1522
f 2025//1524 1884//1432 1836//1392
f 1836//1392 1999//1506 2025//1524
f 1887//1435 1886//1434 2156//1614
f 2156//1614 2029//1526 1887//1435
f 2029//1526 2156//1614 2157//1615
f 2157//1615 2158//1616 2029//1526
f 2159//1617 1889//1437 1888//1436
f 1888//1436 2026//1525 2159//1617
f 1070//912 2160//1618 2026//1525
f 2028//1324 2153//1324 2027//1324
f 2027//1324 1893//1324 2028//1324
f 1895//1439 2161//1619 2162//1620
f 2162//1620 1896//1440 1895//1439
f 2163//1621 2164//1622 1898//1442
f 1898//1442 1897//1441 2163//1621
f 2162//1620 2163//1621 1897//1441
f 1897//1441 1896//1440 2162//1620
f 1994//1501 1995//1502 2161//1619
f 2161//1619 1895//1439 1994//1501
f 2164//1622 2165//1324 2028//1324
f 2028//1324 1898//1442 2164//1622
f 2158//1616 1233//1012 2029//1526
f 2031//1528 2030//1527 2166//1623
f 2166//1623 2167//1624 2031//1528
f 2168//1625 2030//1527 1899//1443
f 1899//1443 2032//1529 2168//1625
f 2031//1528 2169//1626 2033//1530
f 2033//1530 1900//1444 2031//1528
f 2170//1627 2032//1529 1901//1445
f 1901//1445 2034//1531 2170//1627
f 2171//1628 2034//1531 1903//1447
f 1903//1447 2035//1532 2171//1628
f 2172//1629 2035//1532 1904//1448
f 1904//1448 2036//1533 2172//1629
f 2173//1630 2036//1533 1905//1449
f 1905//1449 2037//1534 2173//1630
f 2174//1631 2037//1534 1906//1450
f 1906//1450 2038//1535 2174//1631
f 2175//1632 2038//1535 2039//1536
f 2039//1536 2176//1633 2175//1632
f 2039//1536 1907//1451 1743//1343
f 1743//1343 1908//1452 2039//1536
f 1908//1452 2040//1537 2176//1633
f 2176//1633 2039//1536 1908//1452
f 2040//1537 2041//1538 2177//1634
f 2177//1634 2178//1635 2040//1537
f 2179//1636 2041//1538 1909//1453
f 1909//1453 2180//1637 2181//1638
f 1909//1453 2181//1638 2179//1636
f 1909//1453 2043//1540 2182//1639
f 2183//1640 2043//1540 2042//1539
f 1592//1243 2046//1543 2042//1539
f 2044//1541 2184//35 2048//35
f 2048//35 1912//1456 2044//1541
f 2044//1541 1910//1454 2045//1542
f 1593//1244 2050//1545 2045//1542
f 1911//1455 2047//1544 2183//1640
f 2183//1640 2046//1543 1911//1455
f 1913//1457 2049//35 2185//35
f 2185//35 2047//1544 1913//1457
f 2048//35 2186//35 2187//35
f 2187//35 2049//35 2048//35
f 1916//1460 2051//1546 1596//1247
f 1596//1247 1595//1246 1746//1346
f 1596//1247 1746//1346 1916//1460
f 1914//1458 2052//1547 2188//1641
f 2188//1641 2050//1545 1914//1458
f 2051//1546 2054//1315 2189//35
f 2189//35 2052//1547 2051//1546
f 1915//1459 2053//1548 2190//35
f 2190//35 2054//1315 1915//1459
f 2053//1548 1917//1461 2055//1549
f 2055//1549 1920//1464 2191//1642
f 2055//1549 2191//1642 2053//1548
f 1919//1463 2192//1643 2191//1642
f 2191//1642 1920//1464 1919//1463
f 1919//1463 1918//1462 2193//1644
f 1918//1462 2056//1550 2194//1645
f 2195//1646 2194//1645 2056//1550
f 2056//1550 2058//1552 2196//1647
f 2056//1550 2196//1647 2195//1646
f 2057//1551 2197//1648 2058//1552
f 2198//1649 2199//1650 2200//1651
f 2200//1651 2057//1551 2198//1649
f 2201//35 2059//35 2060//896
f 2060//896 2202//747 2201//35
f 2060//896 1922//804 2061//1553
f 2061//1553 2203//1652 2060//896
f 2061//1553 1923//1465 2062//1554
f 2062//1554 2204//1653 2061//1553
f 2062//1554 1924//1466 2063//1555
f 2063//1555 2205//1654 2062//1554
f 1925//1467 2064//946 2065//659
f 2065//659 2063//1555 1925//1467
f 2205//1654 2063//1555 2065//659
f 2065//659 2066//948 2205//1654
f 2206//1655 2205//1654 2066//948
f 2066//948 2067//1107 2206//1655
f 2207//1656 2206//1655 2067//1107
f 2067//1107 2068//950 2207//1656
f 2208//1657 2207//1656 2068//950
f 2068//950 2069//654 2208//1657
f 2209//1658 2208//1657 2069//654
f 2069//654 2070//750 2209//1658
f 2210//1659 2209//1658 2070//750
f 2070//750 2071//613 2210//1659
f 2211//1660 2210//1659 2071//613
f 2071//613 2072//541 2211//1660
f 2212//1661 2211//1660 2072//541
f 2072//541 2073//475 2212//1661
f 2213//1662 2212//1661 2073//475
f 2073//475 2074//542 2213//1662
f 2214//1663 2213//1662 2074//542
f 2074//542 2075//368 2214//1663
f 2215//1664 2214//1663 2075//368
f 2075//368 2076//417 2215//1664
f 2216//1665 2215//1664 2076//417
f 2076//417 2077//260 2216//1665
f 2217//1666 2216//1665 2077//260
f 2077//260 2078//229 2217//1666
f 2218//1667 2217//1666 2078//229
f 2078//229 2079//230 2218//1667
f 2219//1668 2218//1667 2079//230
f 2079//230 2080//267 2219//1668
f 2220//1669 2219//1668 2080//267
f 2080//267 2081//330 2220//1669
f 2221//1670 2220//1669 2081//330
f 2081//330 2082//385 2221//1670
f 2222//1671 2221//1670 2082//385
f 2082//385 2083//432 2222//1671
f 2223//1672 2222//1671 2083//432
f 2083//432 2084//490 2223//1672
f 2224//1673 2223//1672 2084//490
f 2084//490 2085//565 2224//1673
f 2225//1674 2224//1673 2085//565
f 2085//565 2086//647 2225//1674
f 2226//1675 2225//1674 2086//647
f 2086//647 2087//773 2226//1675
f 2227//1676 2226//1675 2087//773
f 2087//773 2088//934 2227//1676
f 2228//1677 2227//1676 2088//934
f 2088//934 2089//694 2228//1677
f 2229//1678 2228//1677 2089//694
f 2089//694 2090//693 2229//1678
f 2230//1679 2229//1678 2090//693
f 2090//693 2091//692 2230//1679
f 2231//1680 2230//1679 2091//692
f 2091//692 2092//936 2231//1680
f 2127//1588 2231//1680 2092//936
f 2092//936 2093//937 2127//1588
f 2001//1507 2127//1588 2093//937
f 2093//937 2094//938 2001//1507
f 2096//1557 2095//1556 2232//1681
f 2232//1681 2233//1682 2096//1557
f 1962//1470 2097//1558 2234//1683
f 2234//1683 2095//1556 1962//1470
f 1964//1472 2098//1559 2235//1684
f 2235//1684 2097//1558 1964//1472
f 1965//1473 2099//1560 2236//1685
f 2236//1685 2098//1559 1965//1473
f 2169//1626 2099//1560 1966//1474
f 1966//1474 2033//1530 2169//1626
f 2100//1561 1968//1476 2101//1562
f 2101//1562 2237//1686 2100//1561
f 2101//1562 1970//1478 2103//1564
f 2103//1564 2238//1687 2101//1562
f 2103//1564 2102//1563 2239//1688
f 2102//1563 2104//1565 2239//1688
f 1971//1479 2105//1566 2240//1689
f 2240//1689 2104//1565 1971//1479
f 1972//1480 2106//1567 2241//1690
f 2241//1690 2105//1566 1972//1480
f 1973//1481 2107//1568 2242//1691
f 2242//1691 2106//1567 1973//1481
f 1974//1482 2096//1557 2233//1682
f 2233//1682 2107//1568 1974//1482
f 1975//1483 1019//865 1018//864
f 1018//864 1976//1484 1975//1483
f 2113//1574 1981//1489 2108//1569
f 2108//1569 2243//1692 2113//1574
f 2108//1569 1977//1485 2109//1570
f 2109//1570 2244//1693 2108//1569
f 2109//1570 1978//1486 2110//1571
f 2110//1571 2245//1694 2109//1570
f 2110//1571 1979//1487 2111//1572
f 2111//1572 2246//1695 2110//1571
f 2111//1572 1980//1488 2112//1573
f 2112//1573 2247//1696 2111//1572
f 2112//1573 2100//1561 2237//1686
f 2237//1686 2248//1697 2112//1573
f 2113//1574 2249//1698 2114//1575
f 2114//1575 1982//1490 2113//1574
f 2114//1575 2250//1699 2115//1576
f 2115//1576 1983//1491 2114//1575
f 2115//1576 2251//1700 2116//1577
f 2116//1577 1984//1492 2115//1576
f 2116//1577 2252//1701 2117//1578
f 2117//1578 1985//1493 2116//1577
f 2117//1578 2253//1702 2125//1586
f 2125//1586 1997//1504 2117//1578
f 2119//1580 2254//1703 2118//1579
f 2118//1579 1987//1495 2119//1580
f 1823//1380 1070//912 2255//1704
f 2255//1704 2119//1580 1988//728
f 2255//1704 1988//728 1823//1380
f 1070//912 1989//1496 2256//1705
f 2257//1706 1989//1496 1824//1381
f 1824//1381 1990//1497 2257//1706
f 2120//1581 1992//1499 1993//1500
f 1993//1500 2123//1584 2120//1581
f 2122//1583 1830//1386 1831//1387
f 1831//1387 2258//1707 2122//1583
f 2121//1582 2259//1708 2258//1707
f 2258//1707 1831//1387 2121//1582
f 2121//1582 1233//1012 2260//1709
f 2161//1619 1995//1502 2124//1585
f 2124//1585 2261//1710 2161//1619
f 2262//1711 2124//1585 1833//1389
f 1833//1389 1996//1503 2262//1711
f 2263//1712 1996//1503 1835//1391
f 1835//1391 1998//1505 2263//1712
f 1998//1505 2126//1587 2264//1713
f 2264//1713 2263//1712 1998//1505
f 2125//1586 2265//1714 2266//1715
f 2266//1715 2126//1587 2125//1586
f 2254//1703 2267//1716 2268//1708
f 2268//1708 2269//1717 2270//1718
f 2270//1718 2271//1719 2272//1720
f 2272//1720 2154//1612 2024//1523
f 2024//1523 1885//1433 1726//1327
f 1726//1327 1725//1326 1883//1431
f 1883//1431 2025//1524 1999//1506
f 1999//1506 1838//1394 1837//1393
f 1837//1393 1526//1191 1368//1095
f 1368//1095 1366//1093 1365//1092
f 1003//851 1002//850 1204//994
f 1368//1095 1365//1092 1003//851
f 1999//1506 1837//1393 1368//1095
f 1726//1327 1883//1431 1999//1506
f 2272//1720 2024//1523 1726//1327
f 2268//1708 2270//1718 2272//1720
f 2118//1579 2254//1703 2268//1708
f 1820//1378 1986//1494 2118//1579
f 1516//1183 1673//1288 1820//1378
f 1356//1086 1355//1085 1516//1183
f 1364//1091 1515//1182 1356//1086
f 1003//851 1204//994 1364//1091
f 1999//1506 1368//1095 1003//851
f 2272//1720 1726//1327 1999//1506
f 2118//1579 2268//1708 2272//1720
f 1516//1183 1820//1378 2118//1579
f 1364//1091 1356//1086 1516//1183
f 1999//1506 1003//851 1364//1091
f 2118//1579 2272//1720 1999//1506
f 1364//1091 1516//1183 2118//1579
f 1999//1506 1364//1091 2118//1579
f 2002//1508 2128//1589 2231//1680
f 2231//1680 2127//1588 2002//1508
f 2003//1509 2129//1590 2273//1721
f 2273//1721 2128//1589 2003//1509
f 2010//780 2134//1025 2274//1722
f 2274//1722 2129//1590 2010//780
f 1851//1405 2275//1723 2276//1724
f 2276//1724 2008//1514 1851//1405
f 2005//1511 2275//1723 1851//1405
f 1851//1405 1850//1404 2005//1511
f 2277//1725 2005//1511 2004//1510
f 2004//1510 2139//1599 2277//1725
f 2004//1510 2006//1512 2135//1594
f 2276//1724 2278//1726 2130//1591
f 2130//1591 2008//1514 2276//1724
f 2132//1593 2131//1592 2279//1727
f 2279//1727 2280//1728 2132//1593
f 2133//35 2281//35 2282//778
f 2282//778 2134//1025 2133//35
f 2135//1594 2006//1512 1857//1409
f 1857//1409 1859//1411 2135//1594
f 2012//1516 2004//1510 2135//1594
f 2004//1510 2011//1515 2014//1518
f 1870//1422 2013//1517 2136//1595
f 1865//1417 1864//1416 2138//1598
f 2140//1600 2283//1729 1873//1601
f 2284//1730 2140//1600 2141//1602
f 2141//1602 2285//1731 2284//1730
f 2142//1603 2286//1732 2285//1731
f 2285//1731 2141//1602 2142//1603
f 2287//1733 2139//1599 2143//1604
f 2144//1605 1875//1428 2288//1734
f 2288//1734 2289//1735 2144//1605
f 2146//1608 2290//1736 2291//1737
f 2291//1737 1875//1606 2146//1608
f 2137//1596 2147//1609 2292//1738
f 2292//1738 2142//1603 2137//1596
f 2293//1739 2149//1611 2018//1324
f 2018//1324 2150//1324 2293//1739
f 2294//1324 2150//1324 2019//1324
f 2019//1324 2151//1324 2294//1324
f 2295//1324 2151//1324 2020//1324
f 2020//1324 2152//1324 2295//1324
f 2165//1324 2152//1324 2153//1324
f 2153//1324 2028//1324 2165//1324
f 2155//1613 2154//1612 2272//1720
f 2272//1720 2296//1740 2155//1613
f 2296//1740 1070//912 2155//1613
f 2158//1616 2157//1615 2297//1741
f 2297//1741 2298//1742 2158//1616
f 2026//1525 2160//1618 2299//1393
f 2299//1393 2159//1617 2026//1525
f 1070//912 2300//1743 2160//1618
f 2301//1744 2302//1745 2164//1622
f 2164//1622 2163//1621 2301//1744
f 2163//1621 2162//1620 2303//1746
f 2303//1746 2301//1744 2163//1621
f 2302//1745 2304//1324 2165//1324
f 2165//1324 2164//1622 2302//1745
f 2298//1742 1233//1012 2158//1616
f 2169//1626 2031//1528 2167//1624
f 2167//1624 2305//1747 2169//1626
f 2167//1624 2166//1623 2306//1748
f 2306//1748 2307//1749 2167//1624
f 2030//1527 2168//1625 2308//1750
f 2308//1750 2166//1623 2030//1527
f 2309//1751 2168//1625 2032//1529
f 2032//1529 2170//1627 2309//1751
f 2310//1752 2170//1627 2034//1531
f 2034//1531 2171//1628 2310//1752
f 2311//1753 2171//1628 2035//1532
f 2035//1532 2172//1629 2311//1753
f 2312//1754 2172//1629 2036//1533
f 2036//1533 2173//1630 2312//1754
f 2313//1755 2173//1630 2037//1534
f 2037//1534 2174//1631 2313//1755
f 2314//1756 2174//1631 2038//1535
f 2038//1535 2175//1632 2314//1756
f 2175//1632 2176//1633 2315//1757
f 2315//1757 2316//1758 2175//1632
f 2178//1635 2315//1757 2176//1633
f 2176//1633 2040//1537 2178//1635
f 2178//1635 2177//1634 2200//1651
f 2200//1651 2317//1759 2178//1635
f 2041//1538 2179//1636 2318//1760
f 1909//1453 2182//1639 2180//1637
f 2319//35 2182//1639 2043//1540
f 2043//1540 2183//1640 2320//35
f 2043//1540 2320//35 2319//35
f 2046//1543 2183//1640 2042//1539
f 2188//1641 2321//35 2184//35
f 2184//35 2044//1541 2188//1641
f 2184//35 2322//35 2186//35
f 2186//35 2048//35 2184//35
f 2050//1545 2188//1641 2044//1541
f 2044//1541 2045//1542 2050//1545
f 2047//1544 2185//35 2320//35
f 2320//35 2183//1640 2047//1544
f 2049//35 2187//35 2323//35
f 2323//35 2185//35 2049//35
f 2186//35 2324//1761 2325//1762
f 2325//1762 2187//35 2186//35
f 2052//1547 2189//35 2321//35
f 2321//35 2188//1641 2052//1547
f 2054//1315 2190//35 2326//35
f 2326//35 2189//35 2054//1315
f 2193//1644 2192//1643 1919//1463
f 2053//1548 2191//1642 2192//1643
f 2192//1643 2190//35 2053//1548
f 1918//1462 2194//1645 2193//1644
f 2197//1648 2057//1551 2327//1763
f 2197//1648 2328//1764 2196//1647
f 2196//1647 2058//1552 2197//1648
f 2329//1765 2330//1766 2199//1650
f 2199//1650 2198//1649 2329//1765
f 2331//35 2201//35 2202//747
f 2202//747 2332//612 2331//35
f 2202//747 2060//896 2203//1652
f 2203//1652 2333//1767 2202//747
f 2203//1652 2061//1553 2204//1653
f 2204//1653 2334//1768 2203//1652
f 2204//1653 2062//1554 2205//1654
f 2205//1654 2206//1655 2204//1653
f 2334//1768 2204//1653 2206//1655
f 2206//1655 2207//1656 2334//1768
f 2335//1769 2334//1768 2207//1656
f 2207//1656 2208//1657 2335//1769
f 2336//1770 2335//1769 2208//1657
f 2208//1657 2209//1658 2336//1770
f 2337//1771 2336//1770 2209//1658
f 2209//1658 2210//1659 2337//1771
f 2338//1772 2337//1771 2210//1659
f 2210//1659 2211//1660 2338//1772
f 2339//1773 2338//1772 2211//1660
f 2211//1660 2212//1661 2339//1773
f 2340//1774 2339//1773 2212//1661
f 2212//1661 2213//1662 2340//1774
f 2341//1775 2340//1774 2213//1662
f 2213//1662 2214//1663 2341//1775
f 2342//1776 2341//1775 2214//1663
f 2214//1663 2215//1664 2342//1776
f 2343//1777 2342//1776 2215//1664
f 2215//1664 2216//1665 2343//1777
f 2344//1778 2343//1777 2216//1665
f 2216//1665 2217//1666 2344//1778
f 2345//1779 2344//1778 2217//1666
f 2217//1666 2218//1667 2345//1779
f 2346//1780 2345//1779 2218//1667
f 2218//1667 2219//1668 2346//1780
f 2347//1781 2346//1780 2219//1668
f 2219//1668 2220//1669 2347//1781
f 2348//1782 2347//1781 2220//1669
f 2220//1669 2221//1670 2348//1782
f 2349//1783 2348//1782 2221//1670
f 2221//1670 2222//1671 2349//1783
f 2350//1784 2349//1783 2222//1671
f 2222//1671 2223//1672 2350//1784
f 2351//1785 2350//1784 2223//1672
f 2223//1672 2224//1673 2351//1785
f 2352//1786 2351//1785 2224//1673
f 2224//1673 2225//1674 2352//1786
f 2353//1787 2352//1786 2225//1674
f 2225//1674 2226//1675 2353//1787
f 2354//1788 2353//1787 2226//1675
f 2226//1675 2227//1676 2354//1788
f 2355//1789 2354//1788 2227//1676
f 2227//1676 2228//1677 2355//1789
f 2356//1790 2355//1789 2228//1677
f 2228//1677 2229//1678 2356//1790
f 2273//1721 2356//1790 2229//1678
f 2229//1678 2230//1679 2273//1721
f 2128//1589 2273//1721 2230//1679
f 2230//1679 2231//1680 2128//1589
f 2233//1682 2232//1681 2357//1791
f 2357//1791 2358//1792 2233//1682
f 2095//1556 2234//1683 2359//1793
f 2359//1793 2232//1681 2095//1556
f 2097//1558 2235//1684 2360//1794
f 2360//1794 2234//1683 2097//1558
f 2098//1559 2236//1685 2361//1795
f 2361//1795 2235//1684 2098//1559
f 2099//1560 2169//1626 2305//1747
f 2305//1747 2236//1685 2099//1560
f 2237//1686 2101//1562 2238//1687
f 2238//1687 2362//1796 2237//1686
f 2238//1687 2103//1564 2239//1688
f 2104//1565 2240//1689 2239//1688
f 2105//1566 2241//1690 2363//1797
f 2363//1797 2240//1689 2105//1566
f 2106//1567 2242//1691 2364//1798
f 2364//1798 2241//1690 2106//1567
f 2107//1568 2233//1682 2358//1792
f 2358//1792 2242//1691 2107//1568
f 2249//1698 2113//1574 2243//1692
f 2243//1692 2365//1799 2249//1698
f 2243//1692 2108//1569 2244//1693
f 2244//1693 2366//1800 2243//1692
f 2244//1693 2109//1570 2245//1694
f 2245//1694 2367//1801 2244//1693
f 2245//1694 2110//1571 2246//1695
f 2246//1695 2368//1802 2245//1694
f 2246//1695 2111//1572 2247//1696
f 2247//1696 2369//1803 2246//1695
f 2247//1696 2112//1573 2248//1697
f 2248//1697 2370//1804 2247//1696
f 2248//1697 2237//1686 2362//1796
f 2362//1796 2371//1805 2248//1697
f 2249//1698 2372//1806 2250//1699
f 2250//1699 2114//1575 2249//1698
f 2250//1699 2373//1807 2251//1700
f 2251//1700 2115//1576 2250//1699
f 2251//1700 2374//1808 2252//1701
f 2252//1701 2116//1577 2251//1700
f 2252//1701 2375//1809 2253//1702
f 2253//1702 2117//1578 2252//1701
f 2253//1702 2376//1810 2265//1714
f 2265//1714 2125//1586 2253//1702
f 2255//1704 2267//1716 2254//1703
f 2254//1703 2119//1580 2255//1704
f 2256//1705 2377//1811 1070//912
f 2260//1709 2378//1812 2259//1708
f 2259//1708 2121//1582 2260//1709
f 2260//1709 1233//1012 2298//1742
f 2262//1711 1996//1503 2379//1813
f 2380//1814 2381//1815 2266//1715
f 2266//1715 2265//1714 2380//1814
f 2382//1816 2268//1708 2267//1716
f 2267//1716 2255//1704 2382//1816
f 2129//1590 2274//1722 2356//1790
f 2356//1790 2273//1721 2129//1590
f 2134//1025 2282//778 2383//1817
f 2383//1817 2274//1722 2134//1025
f 2384//1818 2275//1723 2005//1511
f 2005//1511 2277//1725 2384//1818
f 2277//1725 2139//1599 2385//1819
f 2385//1819 2386//1820 2277//1725
f 2387//1821 2388//1822 2280//1728
f 2280//1728 2279//1727 2387//1821
f 2281//35 2389//35 2390//1026
f 2390//1026 2282//778 2281//35
f 2283//1729 2140//1600 2284//1730
f 2284//1730 2391//1823 2283//1729
f 2145//1607 1873//1601 2283//1729
f 2392//1824 2284//1730 2285//1731
f 2285//1731 2393//1825 2392//1824
f 2139//1599 2287//1733 2385//1819
f 2394//1826 2395//1827 2146//1608
f 2146//1608 2145//1607 2394//1826
f 2147//1609 2149//1611 2293//1739
f 2293//1739 2292//1738 2147//1609
f 2396//1828 2293//1739 2150//1324
f 2150//1324 2294//1324 2396//1828
f 2397//1324 2294//1324 2151//1324
f 2151//1324 2295//1324 2397//1324
f 2304//1324 2295//1324 2152//1324
f 2152//1324 2165//1324 2304//1324
f 2398//1829 1070//912 2296//1740
f 2298//1742 2297//1741 2378//1812
f 2378//1812 2260//1709 2298//1742
f 2300//1743 2399//1830 2299//1393
f 2299//1393 2160//1618 2300//1743
f 1070//912 2400//1831 2300//1743
f 2401//1832 2402//1833 2302//1745
f 2302//1745 2301//1744 2401//1832
f 2402//1833 2403//1324 2304//1324
f 2304//1324 2302//1745 2402//1833
f 2305//1747 2167//1624 2307//1749
f 2307//1749 2404//1834 2305//1747
f 2307//1749 2306//1748 2405//1835
f 2405//1835 2406//1836 2307//1749
f 2166//1623 2308//1750 2407//1837
f 2407//1837 2306//1748 2166//1623
f 2168//1625 2309//1751 2408//1838
f 2408//1838 2308//1750 2168//1625
f 2409//1839 2309//1751 2170//1627
f 2170//1627 2310//1752 2409//1839
f 2410//1840 2310//1752 2171//1628
f 2171//1628 2311//1753 2410//1840
f 2411//1841 2311//1753 2172//1629
f 2172//1629 2312//1754 2411//1841
f 2412//1842 2312//1754 2173//1630
f 2173//1630 2313//1755 2412//1842
f 2413//1843 2313//1755 2174//1631
f 2174//1631 2314//1756 2413//1843
f 2314//1756 2175//1632 2316//1758
f 2316//1758 2414//1844 2314//1756
f 2316//1758 2315//1757 2415//1845
f 2415//1845 2416//1846 2316//1758
f 2315//1757 2178//1635 2317//1759
f 2317//1759 2415//1845 2315//1757
f 2317//1759 2200//1651 2199//1650
f 2199//1650 2417//1847 2317//1759
f 2177//1634 2418//1848 2419//1849
f 2419//1849 2200//1651 2177//1634
f 2041//1538 2318//1760 2420//1850
f 2182//1639 2319//35 2181//1638
f 2181//1638 2180//1637 2182//1639
f 2320//35 2421//35 2422//35
f 2422//35 2319//35 2320//35
f 2321//35 2423//35 2322//35
f 2322//35 2184//35 2321//35
f 2322//35 2328//1764 2324//1761
f 2324//1761 2186//35 2322//35
f 2185//35 2323//35 2421//35
f 2421//35 2320//35 2185//35
f 2187//35 2325//1762 2424//1202
f 2424//1202 2323//35 2187//35
f 2425//1851 2325//1762 2324//1761
f 2324//1761 2426//1852 2425//1851
f 2189//35 2326//35 2423//35
f 2423//35 2321//35 2189//35
f 2190//35 2192//1643 2195//1646
f 2195//1646 2326//35 2190//35
f 2194//1645 2195//1646 2192//1643
f 2192//1643 2193//1644 2194//1645
f 2327//1763 2324//1761 2328//1764
f 2328//1764 2197//1648 2327//1763
f 2327//1763 2057//1551 2426//1852
f 2423//35 2196//1647 2328//1764
f 2328//1764 2322//35 2423//35
f 2200//1651 2427//1853 2425//1851
f 2425//1851 2057//1551 2200//1651
f 2417//1847 2199//1650 2330//1766
f 2330//1766 2428//1854 2417//1847
f 2429//1855 2430//1856 2330//1766
f 2330//1766 2329//1765 2429//1855
f 2431//35 2331//35 2332//612
f 2332//612 2432//807 2431//35
f 2332//612 2202//747 2333//1767
f 2333//1767 2433//1857 2332//612
f 2333//1767 2203//1652 2334//1768
f 2334//1768 2335//1769 2333//1767
f 2433//1857 2333//1767 2335//1769
f 2335//1769 2336//1770 2433//1857
f 2434//1858 2433//1857 2336//1770
f 2336//1770 2337//1771 2434//1858
f 2435//1859 2434//1858 2337//1771
f 2337//1771 2338//1772 2435//1859
f 2436//1860 2435//1859 2338//1772
f 2338//1772 2339//1773 2436//1860
f 2437//1861 2436//1860 2339//1773
f 2339//1773 2340//1774 2437//1861
f 2438//1862 2437//1861 2340//1774
f 2340//1774 2341//1775 2438//1862
f 2439//1863 2438//1862 2341//1775
f 2341//1775 2342//1776 2439//1863
f 2440//1864 2439//1863 2342//1776
f 2342//1776 2343//1777 2440//1864
f 2441//1865 2440//1864 2343//1777
f 2343//1777 2344//1778 2441//1865
f 2442//1866 2441//1865 2344//1778
f 2344//1778 2345//1779 2442//1866
f 2443//1867 2442//1866 2345//1779
f 2345//1779 2346//1780 2443//1867
f 2444//1868 2443//1867 2346//1780
f 2346//1780 2347//1781 2444//1868
f 2445//1869 2444//1868 2347//1781
f 2347//1781 2348//1782 2445//1869
f 2446//1870 2445//1869 2348//1782
f 2348//1782 2349//1783 2446//1870
f 2447//1871 2446//1870 2349//1783
f 2349//1783 2350//1784 2447//1871
f 2448//1872 2447//1871 2350//1784
f 2350//1784 2351//1785 2448//1872
f 2449//1873 2448//1872 2351//1785
f 2351//1785 2352//1786 2449//1873
f 2450//1874 2449//1873 2352//1786
f 2352//1786 2353//1787 2450//1874
f 2451//1875 2450//1874 2353//1787
f 2353//1787 2354//1788 2451//1875
f 2383//1817 2451//1875 2354//1788
f 2354//1788 2355//1789 2383//1817
f 2274//1722 2383//1817 2355//1789
f 2355//1789 2356//1790 2274//1722
f 2358//1792 2357//1791 2452//1876
f 2452//1876 2453//1877 2358//1792
f 2232//1681 2359//1793 2454//1878
f 2454//1878 2357//1791 2232//1681
f 2234//1683 2360//1794 2455//1879
f 2455//1879 2359//1793 2234//1683
f 2235//1684 2361//1795 2456//1880
f 2456//1880 2360//1794 2235//1684
f 2236//1685 2305//1747 2404//1834
f 2404//1834 2361//1795 2236//1685
f 2362//1796 2238//1687 2239//1688
f 2240//1689 2363//1797 2239//1688
f 2241//1690 2364//1798 2457//1881
f 2457//1881 2363//1797 2241//1690
f 2242//1691 2358//1792 2453//1877
f 2453//1877 2364//1798 2242//1691
f 2372//1806 2249//1698 2365//1799
f 2365//1799 2458//1882 2372//1806
f 2365//1799 2243//1692 2366//1800
f 2366//1800 2459//1883 2365//1799
f 2366//1800 2244//1693 2367//1801
f 2367//1801 2460//1884 2366//1800
f 2367//1801 2245//1694 2368//1802
f 2368//1802 2461//1885 2367//1801
f 2368//1802 2246//1695 2369//1803
f 2369//1803 2462//1886 2368//1802
f 2369//1803 2247//1696 2370//1804
f 2370//1804 2463//1887 2369//1803
f 2370//1804 2248//1697 2371//1805
f 2371//1805 2464//1888 2370//1804
f 2371//1805 2362//1796 2239//1688
f 2372//1806 2465//1889 2373//1807
f 2373//1807 2250//1699 2372//1806
f 2373//1807 2466//1890 2374//1808
f 2374//1808 2251//1700 2373//1807
f 2374//1808 2467//1891 2375//1809
f 2375//1809 2252//1701 2374//1808
f 2375//1809 2468//1892 2376//1810
f 2376//1810 2253//1702 2375//1809
f 2469//1893 2380//1814 2265//1714
f 2265//1714 2376//1810 2469//1893
f 2382//1816 2255//1704 1070//912
f 2256//1705 2470//1894 2471//1895
f 2471//1895 2377//1811 2256//1705
f 1070//912 2377//1811 2400//1831
f 2470//1894 2256//1705 1989//1496
f 1989//1496 2257//1706 2470//1894
f 1826//1383 1991//1498 2120//1581
f 2120//1581 2123//1584 2122//1583
f 2122//1583 2258//1707 2259//1708
f 2259//1708 2378//1812 2297//1741
f 2297//1741 2157//1615 2156//1614
f 2156//1614 1886//1434 1727//1328
f 1727//1328 1561//1212 1411//1124
f 1411//1124 1410//1123 1562//1213
f 1562//1213 1730//1331 1889//1437
f 1889//1437 2159//1617 2299//1393
f 2299//1393 2399//1830 2472//1896
f 2472//1896 2471//1895 2470//1894
f 2470//1894 2257//1706 1990//1497
f 1990//1497 1825//1382 1679//1292
f 1679//1292 1678//1291 1681//1294
f 1681//1294 1682//1295 1826//1383
f 1826//1383 2120//1581 2122//1583
f 2122//1583 2259//1708 2297//1741
f 2297//1741 2156//1614 1727//1328
f 1727//1328 1411//1124 1562//1213
f 1562//1213 1889//1437 2299//1393
f 2299//1393 2472//1896 2470//1894
f 2470//1894 1990//1497 1679//1292
f 1679//1292 1681//1294 1826//1383
f 1826//1383 2122//1583 2297//1741
f 2297//1741 1727//1328 1562//1213
f 1562//1213 2299//1393 2470//1894
f 2470//1894 1679//1292 1826//1383
f 1826//1383 2297//1741 1562//1213
f 1562//1213 2470//1894 1826//1383
f 2303//1746 2162//1620 2161//1619
f 2161//1619 2261//1710 2473//1897
f 2161//1619 2473//1897 2303//1746
f 2473//1897 2261//1710 2124//1585
f 2124//1585 2262//1711 2473//1897
f 2473//1897 2262//1711 2379//1813
f 2379//1813 2474//1898 2473//1897
f 1996//1503 2475//1899 2379//1813
f 2476//1900 1996//1503 2477//1901
f 2478//1902 2477//1901 1996//1503
f 1996//1503 2263//1712 2478//1902
f 2263//1712 2264//1713 2479//1903
f 2479//1903 2480//1904 2263//1712
f 2481//1905 2264//1713 2126//1587
f 2126//1587 2266//1715 2481//1905
f 2482//1906 2483//1907 2381//1815
f 2381//1815 2380//1814 2482//1906
f 2484//1908 2266//1715 2381//1815
f 2271//1719 2398//1829 2296//1740
f 2296//1740 2272//1720 2271//1719
f 2268//1708 2382//1816 2485//1909
f 2485//1909 2269//1717 2268//1708
f 2282//778 2390//1026 2451//1875
f 2451//1875 2383//1817 2282//778
f 2486//1910 2276//1724 2275//1723
f 2275//1723 2384//1818 2486//1910
f 2487//1911 2384//1818 2277//1725
f 2277//1725 2488//1912 2487//1911
f 2277//1725 2386//1820 2488//1912
f 2489//1913 2488//1912 2386//1820
f 2386//1820 2385//1819 2490//1914
f 2386//1820 2490//1914 2489//1913
f 2491//1915 2131//1592 2278//1726
f 2131//1592 2491//1915 2492//1916
f 2492//1916 2279//1727 2131//1592
f 2493//1917 2494//1918 2388//1822
f 2388//1822 2387//1821 2495//1919
f 2388//1822 2495//1919 2493//1917
f 2496//1920 2387//1821 2279//1727
f 2279//1727 2492//1916 2496//1920
f 2497//1921 2498//1922 2499//1923
f 2499//1923 2388//1822 2497//1921
f 2389//35 2500//35 2501//646
f 2501//646 2390//1026 2389//35
f 2283//1729 2391//1823 2394//1826
f 2394//1826 2145//1607 2283//1729
f 2391//1823 2284//1730 2392//1824
f 2392//1824 2502//1924 2391//1823
f 2503//1925 2392//1824 2393//1825
f 2393//1825 2504//1926 2503//1925
f 2393//1825 2285//1731 2286//1732
f 2286//1732 2505//1927 2393//1825
f 2506//1928 2286//1732 2142//1603
f 2142//1603 2292//1738 2506//1928
f 2288//1734 1875//1606 2291//1737
f 2289//1735 2288//1734 2507//1929
f 2507//1929 2508//1930 2289//1735
f 2490//1914 2385//1819 2287//1733
f 2287//1733 2143//1604 2144//1605
f 2144//1605 2289//1735 2490//1914
f 2287//1733 2144//1605 2490//1914
f 2490//1914 2289//1735 2508//1930
f 2508//1930 2509//1931 2490//1914
f 2291//1737 2290//1736 2510//1932
f 2510//1932 2511//1933 2291//1737
f 2395//1827 2512//1934 2290//1736
f 2290//1736 2146//1608 2395//1827
f 2290//1736 2512//1934 2513//1935
f 2513//1935 2510//1932 2290//1736
f 2514//1936 2515//1937 2395//1827
f 2395//1827 2394//1826 2514//1936
f 2292//1738 2293//1739 2396//1828
f 2396//1828 2506//1928 2292//1738
f 2516//1739 2396//1828 2294//1324
f 2294//1324 2397//1324 2516//1739
f 2403//1324 2397//1324 2295//1324
f 2295//1324 2304//1324 2403//1324
f 2517//1938 1070//912 2398//1829
f 2471//1895 2472//1896 2400//1831
f 2400//1831 2377//1811 2471//1895
f 2400//1831 2472//1896 2399//1830
f 2399//1830 2300//1743 2400//1831
f 2518//1939 2519//1940 2402//1833
f 2402//1833 2401//1832 2518//1939
f 2301//1744 2303//1746 2520//1941
f 2520//1941 2401//1832 2301//1744
f 2519//1940 2521//1739 2403//1324
f 2403//1324 2402//1833 2519//1940
f 2404//1834 2307//1749 2406//1836
f 2406//1836 2522//1942 2404//1834
f 2406//1836 2405//1835 2523//1943
f 2523//1943 2524//1944 2406//1836
f 2306//1748 2407//1837 2525//1945
f 2525//1945 2405//1835 2306//1748
f 2308//1750 2408//1838 2526//1946
f 2526//1946 2407//1837 2308//1750
f 2309//1751 2409//1839 2527//1947
f 2527//1947 2408//1838 2309//1751
f 2528//1948 2409//1839 2310//1752
f 2310//1752 2410//1840 2528//1948
f 2529//1949 2410//1840 2311//1753
f 2311//1753 2411//1841 2529//1949
f 2530//1950 2411//1841 2312//1754
f 2312//1754 2412//1842 2530//1950
f 2531//1951 2412//1842 2313//1755
f 2313//1755 2413//1843 2531//1951
f 2413//1843 2314//1756 2414//1844
f 2414//1844 2532//1952 2413//1843
f 2414//1844 2316//1758 2416//1846
f 2416//1846 2533//1953 2414//1844
f 2416//1846 2415//1845 2534//1954
f 2534//1954 2535//1955 2416//1846
f 2415//1845 2317//1759 2417//1847
f 2417//1847 2534//1954 2415//1845
f 2177//1634 2536//1956 2418//1848
f 2537//1957 2200//1651 2419//1849
f 2418//1848 2538//1958 2419//1849
f 2420//1850 2539//1959 2536//1956
f 2536//1956 2177//1634 2041//1538
f 2536//1956 2041//1538 2420//1850
f 2319//35 2179//1636 2181//1638
f 2318//1760 2179//1636 2319//35
f 2319//35 2422//35 2420//1850
f 2319//35 2420//1850 2318//1760
f 2421//35 2540//1318 2538//1958
f 2538//1958 2422//35 2421//35
f 2323//35 2424//1202 2540//1318
f 2540//1318 2421//35 2323//35
f 2427//1853 2424//1202 2325//1762
f 2325//1762 2425//1851 2427//1853
f 2057//1551 2425//1851 2426//1852
f 2426//1852 2324//1761 2327//1763
f 2326//35 2195//1646 2196//1647
f 2196//1647 2423//35 2326//35
f 2200//1651 2541//1960 2427//1853
f 2428//1854 2542//1961 2534//1954
f 2534//1954 2417//1847 2428//1854
f 2428//1854 2330//1766 2430//1856
f 2430//1856 2543//1962 2428//1854
f 2430//1856 2429//1855 2544//1963
f 2544//1963 2545//1964 2430//1856
f 2546//35 2431//35 2432//807
f 2432//807 2547//1965 2546//35
f 2432//807 2332//612 2433//1857
f 2433//1857 2434//1858 2432//807
f 2547//1965 2432//807 2434//1858
f 2434//1858 2435//1859 2547//1965
f 2548//415 2547//1965 2435//1859
f 2435//1859 2436//1860 2548//415
f 2549//476 2548//415 2436//1860
f 2436//1860 2437//1861 2549//476
f 2550//315 2549//476 2437//1861
f 2437//1861 2438//1862 2550//315
f 2551//259 2550//315 2438//1862
f 2438//1862 2439//1863 2551//259
f 2552//221 2551//259 2439//1863
f 2439//1863 2440//1864 2552//221
f 2553//268 2552//221 2440//1864
f 2440//1864 2441//1865 2553//268
f 2554//186 2553//268 2441//1865
f 2441//1865 2442//1866 2554//186
f 2555//228 2554//186 2442//1866
f 2442//1866 2443//1867 2555//228
f 2556//266 2555//228 2443//1867
f 2443//1867 2444//1868 2556//266
f 2557//329 2556//266 2444//1868
f 2444//1868 2445//1869 2557//329
f 2558//384 2557//329 2445//1869
f 2445//1869 2446//1870 2558//384
f 2559//431 2558//384 2446//1870
f 2446//1870 2447//1871 2559//431
f 2560//489 2559//431 2447//1871
f 2447//1871 2448//1872 2560//489
f 2561//564 2560//489 2448//1872
f 2448//1872 2449//1873 2561//564
f 2501//646 2561//564 2449//1873
f 2449//1873 2450//1874 2501//646
f 2390//1026 2501//646 2450//1874
f 2450//1874 2451//1875 2390//1026
f 2453//1877 2452//1876 2562//1966
f 2562//1966 2563//1967 2453//1877
f 2357//1791 2454//1878 2564//1968
f 2564//1968 2452//1876 2357//1791
f 2359//1793 2455//1879 2565//1969
f 2565//1969 2454//1878 2359//1793
f 2360//1794 2456//1880 2566//1970
f 2566//1970 2455//1879 2360//1794
f 2361//1795 2404//1834 2522//1942
f 2522//1942 2456//1880 2361//1795
f 2363//1797 2457//1881 2239//1688
f 2364//1798 2453//1877 2563//1967
f 2563//1967 2457//1881 2364//1798
f 2465//1889 2372//1806 2458//1882
f 2458//1882 2567//1971 2465//1889
f 2458//1882 2365//1799 2459//1883
f 2459//1883 2568//1972 2458//1882
f 2459//1883 2366//1800 2460//1884
f 2460//1884 2569//1973 2459//1883
f 2460//1884 2367//1801 2461//1885
f 2461//1885 2570//1974 2460//1884
f 2461//1885 2368//1802 2462//1886
f 2462//1886 2571//1975 2461//1885
f 2462//1886 2369//1803 2463//1887
f 2463//1887 2572//1976 2462//1886
f 2463//1887 2370//1804 2464//1888
f 2464//1888 2573//1977 2463//1887
f 2464//1888 2371//1805 2239//1688
f 2465//1889 2574//1978 2466//1890
f 2466//1890 2373//1807 2465//1889
f 2466//1890 2575//1979 2467//1891
f 2467//1891 2374//1808 2466//1890
f 2467//1891 2576//1980 2468//1892
f 2468//1892 2375//1809 2467//1891
f 2577//1981 2469//1893 2376//1810
f 2376//1810 2468//1892 2577//1981
f 2578//1982 2482//1906 2380//1814
f 2380//1814 2469//1893 2578//1982
f 2382//1816 1070//912 2485//1909
f 2520//1941 2303//1746 2473//1897
f 2473//1897 2474//1898 2579//1983
f 2473//1897 2579//1983 2520//1941
f 2475//1899 2579//1983 2474//1898
f 2474//1898 2379//1813 2475//1899
f 2580//1984 2581//1985 2475//1899
f 2475//1899 1996//1503 2582//1986
f 2475//1899 2582//1986 2580//1984
f 2583//1987 1996//1503 2476//1900
f 2477//1901 2584//1988 2585//1989
f 2585//1989 2476//1900 2477//1901
f 2478//1902 2586//1990 2584//1988
f 2584//1988 2477//1901 2478//1902
f 2478//1902 2263//1712 2587//1991
f 2263//1712 2480//1904 2588//1992
f 2264//1713 2481//1905 2589//1993
f 2589//1993 2590//1994 2264//1713
f 2481//1905 2266//1715 2484//1908
f 2484//1908 2591//1995 2481//1905
f 2592//1996 2593//1997 2483//1907
f 2483//1907 2482//1906 2592//1996
f 2484//1908 2381//1815 2483//1907
f 2483//1907 2594//1998 2484//1908
f 2398//1829 2271//1719 2270//1718
f 2270//1718 2517//1938 2398//1829
f 2270//1718 2269//1717 2485//1909
f 2485//1909 2517//1938 2270//1718
f 2486//1910 2384//1818 2595//1999
f 2595//1999 2596//2000 2597//2001
f 2595//1999 2597//2001 2486//1910
f 2487//1911 2595//1999 2384//1818
f 2487//1911 2488//1912 2489//1913
f 2489//1913 2598//2002 2487//1911
f 2486//1910 2597//2001 2599//2003
f 2599//2003 2491//1915 2486//1910
f 2600//2004 2495//1919 2387//1821
f 2387//1821 2496//1920 2600//2004
f 2496//1920 2492//1916 2601//2005
f 2601//2005 2602//2006 2496//1920
f 2603//2007 2604//2008 2498//1922
f 2498//1922 2497//1921 2605//2009
f 2498//1922 2605//2009 2603//2007
f 2388//1822 2494//1918 2497//1921
f 2604//2008 2499//1923 2498//1922
f 2606//2010 2499//1923 2607//2011
f 2607//2011 2608//2012 2606//2010
f 2500//35 2609//35 2561//564
f 2561//564 2501//646 2500//35
f 2502//1924 2392//1824 2503//1925
f 2503//1925 2610//2013 2502//1924
f 2611//2014 2503//1925 2504//1926
f 2504//1926 2612//2015 2611//2014
f 2505//1927 2613//2016 2504//1926
f 2504//1926 2393//1825 2505//1927
f 2286//1732 2506//1928 2614//2017
f 2614//2017 2505//1927 2286//1732
f 2507//1929 2615//2018 2616//2019
f 2616//2019 2508//1930 2507//1929
f 2489//1913 2490//1914 2509//1931
f 2509//1931 2617//1931 2489//1913
f 2509//1931 2508//1930 2616//2019
f 2616//2019 2618//2020 2509//1931
f 2511//1933 2507//1929 2288//1734
f 2288//1734 2291//1737 2511//1933
f 2512//1934 2395//1827 2515//1937
f 2515//1937 2619//2021 2512//1934
f 2620//2022 2621//2023 2515//1937
f 2515//1937 2514//1936 2620//2022
f 2514//1936 2394//1826 2391//1823
f 2391//1823 2502//1924 2514//1936
f 2506//1928 2396//1828 2516//1739
f 2516//1739 2614//2017 2506//1928
f 2521//1739 2516//1739 2397//1324
f 2397//1324 2403//1324 2521//1739
f 2485//1909 1070//912 2517//1938
f 2622//2024 2521//1739 2519//1940
f 2519//1940 2518//1939 2622//2024
f 2401//1832 2520//1941 2623//2025
f 2623//2025 2518//1939 2401//1832
f 2522//1942 2406//1836 2524//1944
f 2524//1944 2624//2026 2522//1942
f 2524//1944 2523//1943 2625//2027
f 2625//2027 2626//2028 2524//1944
f 2405//1835 2525//1945 2627//2029
f 2627//2029 2523//1943 2405//1835
f 2407//1837 2526//1946 2628//2030
f 2628//2030 2525//1945 2407//1837
f 2408//1838 2527//1947 2629//2031
f 2629//2031 2526//1946 2408//1838
f 2409//1839 2528//1948 2630//2032
f 2630//2032 2527//1947 2409//1839
f 2631//2033 2528//1948 2410//1840
f 2410//1840 2529//1949 2631//2033
f 2632//2034 2529//1949 2411//1841
f 2411//1841 2530//1950 2632//2034
f 2633//2035 2530//1950 2412//1842
f 2412//1842 2531//1951 2633//2035
f 2531//1951 2413//1843 2532//1952
f 2532//1952 2634//2036 2531//1951
f 2532//1952 2414//1844 2533//1953
f 2533//1953 2635//2037 2532//1952
f 2533//1953 2416//1846 2535//1955
f 2535//1955 2636//2038 2533//1953
f 2535//1955 2534//1954 2542//1961
f 2542//1961 2637//2039 2535//1955
f 2541//1960 2200//1651 2537//1957
f 2419//1849 2538//1958 2537//1957
f 2536//1956 2539//1959 2422//35
f 2422//35 2538//1958 2418//1848
f 2422//35 2418//1848 2536//1956
f 2420//1850 2422//35 2539//1959
f 2537//1957 2538//1958 2540//1318
f 2540//1318 2541//1960 2537//1957
f 2541//1960 2540//1318 2424//1202
f 2424//1202 2427//1853 2541//1960
f 2542//1961 2428//1854 2543//1962
f 2543//1962 2638//2040 2542//1961
f 2543//1962 2430//1856 2545//1964
f 2545//1964 2639//2041 2543//1962
f 2545//1964 2544//1963 2640//2042
f 2640//2042 2641//2043 2545//1964
f 2642//35 2546//35 2547//1965
f 2547//1965 2548//415 2642//35
f 2643//35 2642//35 2548//415
f 2548//415 2549//476 2643//35
f 2644//35 2643//35 2549//476
f 2549//476 2550//315 2644//35
f 2645//35 2644//35 2550//315
f 2550//315 2551//259 2645//35
f 2646//35 2645//35 2551//259
f 2551//259 2552//221 2646//35
f 2647//35 2646//35 2552//221
f 2552//221 2553//268 2647//35
f 2648//35 2647//35 2553//268
f 2553//268 2554//186 2648//35
f 2649//35 2648//35 2554//186
f 2554//186 2555//228 2649//35
f 2650//35 2649//35 2555//228
f 2555//228 2556//266 2650//35
f 2651//35 2650//35 2556//266
f 2556//266 2557//329 2651//35
f 2652//35 2651//35 2557//329
f 2557//329 2558//384 2652//35
f 2653//35 2652//35 2558//384
f 2558//384 2559//431 2653//35
f 2654//35 2653//35 2559//431
f 2559//431 2560//489 2654//35
f 2609//35 2654//35 2560//489
f 2560//489 2561//564 2609//35
f 2563//1967 2562//1966 2239//1688
f 2452//1876 2564//1968 2655//2044
f 2655//2044 2562//1966 2452//1876
f 2454//1878 2565//1969 2656//2045
f 2656//2045 2564//1968 2454//1878
f 2455//1879 2566//1970 2657//2046
f 2657//2046 2565//1969 2455//1879
f 2456//1880 2522//1942 2624//2026
f 2624//2026 2566//1970 2456//1880
f 2457//1881 2563//1967 2239//1688
f 2574//1978 2465//1889 2567//1971
f 2567//1971 2658//2047 2574//1978
f 2567//1971 2458//1882 2568//1972
f 2568//1972 2659//2048 2567//1971
f 2568//1972 2459//1883 2569//1973
f 2569//1973 2660//2049 2568//1972
f 2569//1973 2460//1884 2570//1974
f 2570//1974 2661//2050 2569//1973
f 2570//1974 2461//1885 2571//1975
f 2571//1975 2662//2051 2570//1974
f 2571//1975 2462//1886 2572//1976
f 2572//1976 2663//2052 2571//1975
f 2572//1976 2463//1887 2573//1977
f 2573//1977 2664//2053 2572//1976
f 2573//1977 2464//1888 2239//1688
f 2574//1978 2665//2054 2575//1979
f 2575//1979 2466//1890 2574//1978
f 2575//1979 2666//2055 2576//1980
f 2576//1980 2467//1891 2575//1979
f 2667//2056 2577//1981 2468//1892
f 2468//1892 2576//1980 2667//2056
f 2668//2057 2578//1982 2469//1893
f 2469//1893 2577//1981 2668//2057
f 2669//2058 2592//1996 2482//1906
f 2482//1906 2578//1982 2669//2058
f 2579//1983 2475//1899 2581//1985
f 2670//2059 1996//1503 2583//1987
f 2476//1900 2585//1989 2671//2060
f 2671//2060 2583//1987 2476//1900
f 2586//1990 2478//1902 2587//1991
f 2587//1991 2672//2061 2586//1990
f 2587//1991 2263//1712 2588//1992
f 2672//2061 2587//1991 2588//1992
f 2588//1992 2480//1904 2673//2062
f 2588//1992 2673//2062 2672//2061
f 2480//1904 2479//1903 2674//2063
f 2674//2063 2675//2064 2673//2062
f 2674//2063 2673//2062 2480//1904
f 2264//1713 2674//2063 2479//1903
f 2264//1713 2590//1994 2674//2063
f 2481//1905 2591//1995 2676//2065
f 2677//2066 2678//2067 2593//1997
f 2593//1997 2592//1996 2677//2066
f 2593//1997 2679//2068 2594//1998
f 2594//1998 2483//1907 2593//1997
f 2591//1995 2484//1908 2594//1998
f 2594//1998 2680//2069 2591//1995
f 2596//2000 2595//1999 2487//1911
f 2487//1911 2598//2002 2681//2070
f 2487//1911 2681//2070 2596//2000
f 2491//1915 2682//2071 2683//2072
f 2683//2072 2492//1916 2491//1915
f 2494//1918 2493//1917 2684//2073
f 2684//2073 2685//2074 2686//478
f 2684//2073 2686//478 2494//1918
f 2495//1919 2684//2073 2493//1917
f 2687//2075 2688//2076 2495//1919
f 2495//1919 2600//2004 2687//2075
f 2689//2077 2690//2078 2600//2004
f 2600//2004 2496//1920 2689//2077
f 2496//1920 2602//2006 2689//2077
f 2691//2079 2689//2077 2602//2006
f 2602//2006 2601//2005 2692//2080
f 2602//2006 2692//2080 2691//2079
f 2693//2081 2601//2005 2492//1916
f 2494//1918 2686//478 2605//2009
f 2605//2009 2497//1921 2494//1918
f 2694//2082 2499//1923 2604//2008
f 2606//2010 2608//2012 2695//2083
f 2606//2010 2696//2084 2697//2085
f 2697//2085 2698//2086 2606//2010
f 2610//2013 2503//1925 2611//2014
f 2611//2014 2699//2087 2610//2013
f 2611//2014 2612//2015 2700//2088
f 2700//2088 2701//2089 2611//2014
f 2613//2016 2623//2025 2612//2015
f 2612//2015 2504//1926 2613//2016
f 2505//1927 2614//2017 2622//2024
f 2622//2024 2613//2016 2505//1927
f 2507//1929 2511//1933 2702//2090
f 2702//2090 2615//2018 2507//1929
f 2598//2002 2489//1913 2617//1931
f 2617//1931 2703//2091 2598//2002
f 2509//1931 2618//2020 2704//2020
f 2704//2020 2617//1931 2509//1931
f 2511//1933 2510//1932 2705//2092
f 2705//2092 2702//2090 2511//1933
f 2512//1934 2619//2021 2706//2093
f 2706//2093 2513//1935 2512//1934
f 2510//1932 2513//1935 2707//2092
f 2707//2092 2705//2092 2510//1932
f 2708//2094 2709//2095 2621//2023
f 2621//2023 2620//2022 2708//2094
f 2620//2022 2514//1936 2502//1924
f 2502//1924 2610//2013 2620//2022
f 2619//2021 2515//1937 2621//2023
f 2621//2023 2710//2096 2619//2021
f 2614//2017 2516//1739 2521//1739
f 2521//1739 2622//2024 2614//2017
f 2518//1939 2623//2025 2613//2016
f 2613//2016 2622//2024 2518//1939
f 2624//2026 2524//1944 2626//2028
f 2626//2028 2711//2097 2624//2026
f 2626//2028 2625//2027 2712//2098
f 2712//2098 2713//2099 2626//2028
f 2523//1943 2627//2029 2714//2100
f 2714//2100 2625//2027 2523//1943
f 2525//1945 2628//2030 2715//2101
f 2715//2101 2627//2029 2525//1945
f 2526//1946 2629//2031 2716//2102
f 2716//2102 2628//2030 2526//1946
f 2527//1947 2630//2032 2717//2103
f 2717//2103 2629//2031 2527//1947
f 2528//1948 2631//2033 2718//2104
f 2718//2104 2630//2032 2528//1948
f 2719//2105 2631//2033 2529//1949
f 2529//1949 2632//2034 2719//2105
f 2720//2106 2632//2034 2530//1950
f 2530//1950 2633//2035 2720//2106
f 2633//2035 2531//1951 2634//2036
f 2634//2036 2721//2107 2633//2035
f 2634//2036 2532//1952 2635//2037
f 2635//2037 2722//2108 2634//2036
f 2635//2037 2533//1953 2636//2038
f 2636//2038 2723//2109 2635//2037
f 2636//2038 2535//1955 2637//2039
f 2637//2039 2724//2110 2636//2038
f 2637//2039 2542//1961 2638//2040
f 2638//2040 2725//2111 2637//2039
f 2638//2040 2543//1962 2639//2041
f 2639//2041 2726//2112 2638//2040
f 2641//2043 2727//2113 2639//2041
f 2639//2041 2545//1964 2641//2043
f 2641//2043 2640//2042 2728//2114
f 2728//2114 2729//2115 2641//2043
f 2730//2116 2731//2117 2732//2118
f 2732//2118 2728//2114 2730//2116
f 2733//2119 2730//2116 2734//2120
f 2734//2120 2735//2121 2733//2119
f 2736//2122 2737//2123 2738//2124
f 2738//2124 2734//2120 2736//2122
f 2736//2122 2739//2125 2740//2126
f 2740//2126 2741//2127 2736//2122
f 2739//2125 2742//2128 2743//2129
f 2743//2129 2744//2130 2739//2125
f 2745//2131 2742//2128 2746//2132
f 2746//2132 2747//2133 2745//2131
f 2747//2133 2746//2132 2748//2134
f 2748//2134 2749//2135 2750//2136
f 2748//2134 2750//2136 2747//2133
f 2749//2135 2748//2134 2751//2137
f 2751//2137 2752//2138 2753//2139
f 2751//2137 2753//2139 2749//2135
f 2754//2140 2752//2138 2751//2137
f 2751//2137 2755//2141 2754//2140
f 2755//2141 2756//2142 2757//2143
f 2757//2143 2758//2144 2754//2140
f 2757//2143 2754//2140 2755//2141
f 2759//2145 2760//2146 2756//2142
f 2756//2142 2761//2147 2759//2145
f 2762//2148 2763//2149 2764//2150
f 2764//2150 2761//2147 2762//2148
f 2698//2086 2765//2151 2766//2152
f 2766//2152 2762//2148 2698//2086
f 2562//1966 2655//2044 2239//1688
f 2564//1968 2656//2045 2767//2153
f 2767//2153 2655//2044 2564//1968
f 2565//1969 2657//2046 2768//2154
f 2768//2154 2656//2045 2565//1969
f 2566//1970 2624//2026 2711//2097
f 2711//2097 2657//2046 2566//1970
f 2665//2054 2574//1978 2658//2047
f 2658//2047 2769//2155 2665//2054
f 2658//2047 2567//1971 2659//2048
f 2659//2048 2770//2156 2658//2047
f 2659//2048 2568//1972 2660//2049
f 2660//2049 2771//2157 2659//2048
f 2660//2049 2569//1973 2661//2050
f 2661//2050 2772//2158 2660//2049
f 2661//2050 2570//1974 2662//2051
f 2662//2051 2773//2159 2661//2050
f 2662//2051 2571//1975 2663//2052
f 2663//2052 2774//2160 2662//2051
f 2663//2052 2572//1976 2664//2053
f 2664//2053 2775//2161 2663//2052
f 2664//2053 2573//1977 2239//1688
f 2665//2054 2776//2162 2666//2055
f 2666//2055 2575//1979 2665//2054
f 2777//2163 2667//2056 2576//1980
f 2576//1980 2666//2055 2777//2163
f 2778//2164 2668//2057 2577//1981
f 2577//1981 2667//2056 2778//2164
f 2779//2165 2669//2058 2578//1982
f 2578//1982 2668//2057 2779//2165
f 2780//2166 2677//2066 2592//1996
f 2592//1996 2669//2058 2780//2166
f 2781//2167 2579//1983 2581//1985
f 2580//1984 2782//2168 2781//2167
f 2781//2167 2581//1985 2580//1984
f 1996//1503 2783//2169 2582//1986
f 2582//1986 2784//2170 2785//2171
f 2785//2171 2580//1984 2582//1986
f 2786//2172 1996//1503 2670//2059
f 2583//1987 2671//2060 2787//2173
f 2787//2173 2670//2059 2583//1987
f 2590//1994 2788//2174 2675//2064
f 2675//2064 2674//2063 2590//1994
f 2589//1993 2789//2175 2788//2174
f 2788//2174 2590//1994 2589//1993
f 2481//1905 2790//2176 2589//1993
f 2481//1905 2676//2065 2791//2177
f 2791//2177 2792//2178 2481//1905
f 2676//2065 2591//1995 2680//2069
f 2680//2069 2793//2179 2676//2065
f 2794//2180 2795//2181 2678//2067
f 2678//2067 2677//2066 2794//2180
f 2678//2067 2796//2182 2679//2068
f 2679//2068 2593//1997 2678//2067
f 2679//2068 2797//2183 2680//2069
f 2680//2069 2594//1998 2679//2068
f 2599//2003 2597//2001 2596//2000
f 2596//2000 2681//2070 2798//2184
f 2798//2184 2799//2185 2599//2003
f 2596//2000 2798//2184 2599//2003
f 2681//2070 2598//2002 2703//2091
f 2703//2091 2800//2091 2681//2070
f 2491//1915 2599//2003 2801//2186
f 2801//2186 2802//2187 2491//1915
f 2803//1226 2804//2188 2805//2189
f 2495//1919 2806//2190 2684//2073
f 2807//2191 2808//2192 2688//2076
f 2688//2076 2687//2075 2807//2191
f 2600//2004 2809//2193 2810//2194
f 2810//2194 2687//2075 2600//2004
f 2495//1919 2688//2076 2811//2195
f 2811//2195 2812//2196 2495//1919
f 2689//2077 2691//2079 2813//2197
f 2813//2197 2690//2078 2689//2077
f 2814//2198 2600//2004 2690//2078
f 2693//2081 2815//2199 2692//2080
f 2692//2080 2601//2005 2693//2081
f 2492//1916 2816//2200 2693//2081
f 2604//2008 2603//2007 2817//2201
f 2817//2201 2694//2082 2604//2008
f 2818//35 2605//2009 2686//478
f 2686//478 2819//35 2818//35
f 2820//2202 2499//1923 2694//2082
f 2696//2084 2606//2010 2695//2083
f 2696//2084 2695//2083 2608//2012
f 2608//2012 2821//2203 2822//2204
f 2608//2012 2822//2204 2696//2084
f 2607//2011 2823//2205 2821//2203
f 2821//2203 2608//2012 2607//2011
f 2499//1923 2820//2202 2607//2011
f 2698//2086 2697//2085 2824//2206
f 2696//2084 2822//2204 2825//2207
f 2825//2207 2697//2085 2696//2084
f 2610//2013 2699//2087 2708//2094
f 2708//2094 2620//2022 2610//2013
f 2826//2208 2699//2087 2611//2014
f 2611//2014 2827//2209 2826//2208
f 2828//2210 2611//2014 2701//2089
f 2829//2211 2612//2015 2623//2025
f 2623//2025 2520//1941 2579//1983
f 2623//2025 2579//1983 2829//2211
f 2702//2090 2830//2212 2616//2019
f 2616//2019 2615//2018 2702//2090
f 2703//2091 2617//1931 2704//2020
f 2704//2020 2831//2019 2703//2091
f 2830//2212 2832//2212 2618//2020
f 2618//2020 2616//2019 2830//2212
f 2705//2092 2833//2212 2830//2212
f 2830//2212 2702//2090 2705//2092
f 2707//2092 2834//2212 2833//2212
f 2833//2212 2705//2092 2707//2092
f 2513//1935 2706//2093 2835//2090
f 2835//2090 2707//2092 2513//1935
f 2709//2095 2836//2213 2710//2096
f 2710//2096 2621//2023 2709//2095
f 2711//2097 2626//2028 2713//2099
f 2713//2099 2837//2214 2711//2097
f 2713//2099 2712//2098 2838//2215
f 2838//2215 2839//2216 2713//2099
f 2625//2027 2714//2100 2840//2217
f 2840//2217 2712//2098 2625//2027
f 2627//2029 2715//2101 2841//2218
f 2841//2218 2714//2100 2627//2029
f 2628//2030 2716//2102 2842//2219
f 2842//2219 2715//2101 2628//2030
f 2629//2031 2717//2103 2843//2220
f 2843//2220 2716//2102 2629//2031
f 2630//2032 2718//2104 2844//2221
f 2844//2221 2717//2103 2630//2032
f 2631//2033 2719//2105 2845//2222
f 2845//2222 2718//2104 2631//2033
f 2846//2223 2719//2105 2632//2034
f 2632//2034 2720//2106 2846//2223
f 2720//2106 2633//2035 2721//2107
f 2721//2107 2847//2224 2720//2106
f 2721//2107 2634//2036 2722//2108
f 2722//2108 2848//2225 2721//2107
f 2722//2108 2635//2037 2723//2109
f 2723//2109 2849//2226 2722//2108
f 2723//2109 2636//2038 2724//2110
f 2724//2110 2850//2227 2723//2109
f 2724//2110 2637//2039 2725//2111
f 2725//2111 2851//2228 2724//2110
f 2725//2111 2638//2040 2726//2112
f 2726//2112 2852//2229 2725//2111
f 2727//2113 2853//2230 2726//2112
f 2726//2112 2639//2041 2727//2113
f 2727//2113 2641//2043 2729//2115
f 2729//2115 2854//2231 2727//2113
f 2730//2116 2855//2232 2731//2117
f 2730//2116 2733//2119 2856//2233
f 2735//2121 2857//2234 2858//2235
f 2858//2235 2733//2119 2735//2121
f 2735//2121 2734//2120 2859//2236
f 2737//2123 2736//2122 2860//2237
f 2734//2120 2738//2124 2859//2236
f 2737//2123 2861//2238 2862//2239
f 2862//2239 2738//2124 2737//2123
f 2736//2122 2741//2127 2863//2240
f 2864//2241 2739//2125 2744//2130
f 2745//2131 2865//2242 2742//2128
f 2747//2133 2866//2243 2867//2244
f 2867//2244 2745//2131 2747//2133
f 2868//2245 2752//2138 2754//2140
f 2754//2140 2869//2246 2868//2245
f 2761//2147 2870//2247 2759//2145
f 2757//2143 2756//2142 2760//2146
f 2762//2148 2871//2248 2763//2149
f 2765//2151 2698//2086 2872//2249
f 2655//2044 2767//2153 2239//1688
f 2656//2045 2768//2154 2873//2250
f 2873//2250 2767//2153 2656//2045
f 2657//2046 2711//2097 2837//2214
f 2837//2214 2768//2154 2657//2046
f 2776//2162 2665//2054 2769//2155
f 2769//2155 2874//2251 2776//2162
f 2769//2155 2658//2047 2770//2156
f 2770//2156 2875//2252 2769//2155
f 2770//2156 2659//2048 2771//2157
f 2771//2157 2876//2253 2770//2156
f 2771//2157 2660//2049 2772//2158
f 2772//2158 2877//2254 2771//2157
f 2772//2158 2661//2050 2773//2159
f 2773//2159 2878//2255 2772//2158
f 2773//2159 2662//2051 2774//2160
f 2774//2160 2879//2256 2773//2159
f 2774//2160 2663//2052 2775//2161
f 2775//2161 2880//2257 2774//2160
f 2775//2161 2664//2053 2239//1688
f 2881//2258 2777//2163 2666//2055
f 2666//2055 2776//2162 2881//2258
f 2882//2259 2778//2164 2667//2056
f 2667//2056 2777//2163 2882//2259
f 2883//2260 2779//2165 2668//2057
f 2668//2057 2778//2164 2883//2260
f 2884//2261 2780//2166 2669//2058
f 2669//2058 2779//2165 2884//2261
f 2885//2262 2794//2180 2677//2066
f 2677//2066 2780//2166 2885//2262
f 2886//2263 2579//1983 2781//2167
f 2887//2264 2886//2263 2781//2167
f 2781//2167 2782//2168 2887//2264
f 1996//1503 2888//2265 2783//2169
f 2783//2169 2889//2266 2784//2170
f 2784//2170 2582//1986 2783//2169
f 1996//1503 2786//2172 2890//2267
f 2789//2175 2589//1993 2790//2176
f 2790//2176 2891//2268 2789//2175
f 2481//1905 2892//2269 2790//2176
f 2893//2270 2481//1905 2792//2178
f 2894//2271 2895//2272 2795//2181
f 2795//2181 2794//2180 2894//2271
f 2795//2181 2896//2273 2796//2182
f 2796//2182 2678//2067 2795//2181
f 2796//2182 2897//2274 2898//2275
f 2898//2275 2679//2068 2796//2182
f 2679//2068 2898//2275 2899//2276
f 2899//2276 2797//2183 2679//2068
f 2797//2183 2900//2277 2793//2179
f 2793//2179 2680//2069 2797//2183
f 2798//2184 2681//2070 2800//2091
f 2800//2091 2901//2278 2798//2184
f 2800//2091 2703//2091 2831//2019
f 2831//2019 2902//2279 2800//2091
f 2491//1915 2802//2187 2903//2280
f 2492//1916 2683//2072 2904//2281
f 2495//1919 2905//2282 2806//2190
f 2806//2190 2906//2283 2685//2074
f 2685//2074 2684//2073 2806//2190
f 2907//2284 2908//2285 2808//2192
f 2808//2192 2807//2191 2907//2284
f 2909//2286 2807//2191 2687//2075
f 2687//2075 2910//2287 2909//2286
f 2688//2076 2808//2192 2911//2288
f 2911//2288 2912//2289 2688//2076
f 2809//2193 2600//2004 2814//2198
f 2687//2075 2810//2194 2913//2290
f 2495//1919 2812//2196 2905//2282
f 2691//2079 2692//2080 2914//2291
f 2914//2291 2915//2292 2691//2079
f 2815//2199 2693//2081 2816//2200
f 2816//2200 2916//2293 2815//2199
f 2492//1916 2904//2281 2816//2200
f 2694//2082 2817//2201 2917//2294
f 2917//2294 2820//2202 2694//2082
f 2918//35 2817//2201 2603//2007
f 2603//2007 2919//35 2918//35
f 2919//35 2603//2007 2605//2009
f 2605//2009 2818//35 2919//35
f 2920//35 2818//35 2819//35
f 2819//35 2921//35 2920//35
f 2819//35 2686//478 2685//2074
f 2685//2074 2922//35 2819//35
f 2820//2202 2917//2294 2823//2205
f 2823//2205 2607//2011 2820//2202
f 2923//218 2821//2203 2823//2205
f 2823//2205 2924//35 2923//218
f 2698//2086 2824//2206 2872//2249
f 2697//2085 2825//2207 2925//2295
f 2925//2295 2824//2206 2697//2085
f 2926//2296 2708//2094 2699//2087
f 2699//2087 2826//2208 2926//2296
f 2481//1905 2826//2208 2827//2209
f 2827//2209 2611//2014 2927//2297
f 2928//2298 2611//2014 2828//2210
f 2929//2299 2828//2210 2701//2089
f 2701//2089 2930//2300 2929//2299
f 2612//2015 2931//2301 2700//2088
f 2932//2212 2933//2212 2831//2019
f 2831//2019 2704//2020 2932//2212
f 2832//2212 2932//2212 2704//2020
f 2704//2020 2618//2020 2832//2212
f 2833//2212 2934//2212 2832//2212
f 2832//2212 2830//2212 2833//2212
f 2835//2090 2935//2212 2834//2212
f 2834//2212 2707//2092 2835//2090
f 2834//2212 2936//2212 2934//2212
f 2934//2212 2833//2212 2834//2212
f 2706//2093 2937//2302 2938//2090
f 2938//2090 2835//2090 2706//2093
f 2939//2303 2709//2095 2940//2304
f 2941//2305 2940//2304 2709//2095
f 2709//2095 2708//2094 2941//2305
f 2937//2302 2706//2093 2619//2021
f 2619//2021 2710//2096 2937//2302
f 2837//2214 2713//2099 2839//2216
f 2839//2216 2942//2306 2837//2214
f 2839//2216 2838//2215 2239//1688
f 2712//2098 2840//2217 2943//2307
f 2943//2307 2838//2215 2712//2098
f 2714//2100 2841//2218 2944//2308
f 2944//2308 2840//2217 2714//2100
f 2715//2101 2842//2219 2945//2309
f 2945//2309 2841//2218 2715//2101
f 2716//2102 2843//2220 2946//2310
f 2946//2310 2842//2219 2716//2102
f 2717//2103 2844//2221 2947//2311
f 2947//2311 2843//2220 2717//2103
f 2718//2104 2845//2222 2948//2312
f 2948//2312 2844//2221 2718//2104
f 2719//2105 2846//2223 2949//2313
f 2949//2313 2845//2222 2719//2105
f 2846//2223 2720//2106 2847//2224
f 2847//2224 2950//2314 2846//2223
f 2847//2224 2721//2107 2848//2225
f 2848//2225 2951//2315 2847//2224
f 2848//2225 2722//2108 2849//2226
f 2849//2226 2952//2316 2848//2225
f 2849//2226 2723//2109 2850//2227
f 2850//2227 2953//2317 2849//2226
f 2850//2227 2724//2110 2851//2228
f 2851//2228 2954//2318 2850//2227
f 2851//2228 2725//2111 2852//2229
f 2852//2229 2955//2319 2851//2228
f 2852//2229 2726//2112 2853//2230
f 2853//2230 2956//2320 2852//2229
f 2853//2230 2727//2113 2854//2231
f 2854//2231 2957//2321 2853//2230
f 2854//2231 2729//2115 2958//2322
f 2958//2322 2959//2323 2854//2231
f 2960//2324 2958//2322 2729//2115
f 2729//2115 2728//2114 2961//2325
f 2729//2115 2961//2325 2960//2324
f 2728//2114 2732//2118 2961//2325
f 2730//2116 2962//2326 2855//2232
f 2730//2116 2856//2233 2962//2326
f 2733//2119 2858//2235 2963//2327
f 2963//2327 2856//2233 2733//2119
f 2862//2239 2857//2234 2735//2121
f 2735//2121 2859//2236 2738//2124
f 2735//2121 2738//2124 2862//2239
f 2860//2237 2964//2328 2861//2238
f 2861//2238 2737//2123 2860//2237
f 2860//2237 2736//2122 2863//2240
f 2740//2126 2965//2329 2966//2330
f 2966//2330 2741//2127 2740//2126
f 2740//2126 2739//2125 2864//2241
f 2967//2331 2743//2129 2742//2128
f 2865//2242 2745//2131 2867//2244
f 2867//2244 2968//2332 2865//2242
f 2969//2333 2742//2128 2865//2242
f 2750//2136 2970//2334 2866//2243
f 2866//2243 2747//2133 2750//2136
f 2971//2335 2868//2245 2869//2246
f 2869//2246 2972//2336 2971//2335
f 2973//2337 2758//2144 2757//2143
f 2757//2143 2974//2338 2973//2337
f 2975//2339 2760//2146 2759//2145
f 2759//2145 2976//2340 2975//2339
f 2976//2340 2759//2145 2870//2247
f 2870//2247 2977//2341 2976//2340
f 2761//2147 2978//2342 2870//2247
f 2764//2150 2979//2343 2761//2147
f 2762//2148 2766//2152 2871//2248
f 2765//2151 2980//2344 2981//2345
f 2981//2345 2766//2152 2765//2151
f 2765//2151 2872//2249 2824//2206
f 2824//2206 2925//2295 2980//2344
f 2824//2206 2980//2344 2765//2151
f 2767//2153 2873//2250 2239//1688
f 2768//2154 2837//2214 2942//2306
f 2942//2306 2873//2250 2768//2154
f 2776//2162 2874//2346 2982//2347
f 2982//2347 2881//2258 2776//2162
f 2874//2251 2769//2155 2875//2252
f 2875//2252 2983//2348 2874//2251
f 2875//2252 2770//2156 2876//2253
f 2876//2253 2984//2349 2875//2252
f 2876//2253 2771//2157 2877//2254
f 2877//2254 2985//2350 2876//2253
f 2877//2254 2772//2158 2878//2255
f 2878//2255 2986//2351 2877//2254
f 2878//2255 2773//2159 2879//2256
f 2879//2256 2987//2352 2878//2255
f 2879//2256 2774//2160 2880//2257
f 2880//2257 2988//2353 2879//2256
f 2239//1688 2880//2257 2775//2161
f 2989//2354 2882//2259 2777//2163
f 2777//2163 2881//2258 2989//2354
f 2990//2355 2883//2260 2778//2164
f 2778//2164 2882//2259 2990//2355
f 2991//2356 2884//2261 2779//2165
f 2779//2165 2883//2260 2991//2356
f 2992//2357 2885//2262 2780//2166
f 2780//2166 2884//2261 2992//2357
f 2993//2358 2894//2271 2794//2180
f 2794//2180 2885//2262 2993//2358
f 2886//2263 2994//2359 2829//2211
f 2829//2211 2579//1983 2886//2263
f 2995//2360 2782//2168 2580//1984
f 2580//1984 2785//2171 2995//2360
f 1996//1503 2890//2267 2888//2265
f 2889//2266 2783//2169 2888//2265
f 2888//2265 2996//2361 2889//2266
f 2997//2362 2786//2172 2670//2059
f 2670//2059 2787//2173 2997//2362
f 2481//1905 2998//2363 2892//2269
f 2891//2268 2790//2176 2892//2269
f 2892//2269 2999//2364 2891//2268
f 3000//2365 2481//1905 2893//2270
f 3001//2366 2791//2177 2676//2065
f 3002//2367 2676//2065 2793//2179
f 2793//2179 3003//2368 3002//2367
f 3004//2369 3003//2368 2793//2179
f 3005//2370 3006//2371 2895//2272
f 2895//2272 2894//2271 3005//2370
f 2895//2272 3007//2372 2896//2273
f 2896//2273 2795//2181 2895//2272
f 2896//2273 3008//2373 2897//2274
f 2897//2274 2796//2182 2896//2273
f 2897//2274 3009//2374 2899//2276
f 2899//2276 2898//2275 2897//2274
f 2797//2183 2899//2276 3009//2374
f 3009//2374 3010//2375 2797//2183
f 3010//2375 3011//2376 2900//2277
f 2900//2277 2797//2183 3010//2375
f 2799//2185 2798//2184 2901//2278
f 2901//2278 3012//2377 2799//2185
f 2901//2278 2800//2091 2902//2279
f 2902//2279 3013//2019 2901//2278
f 2933//2212 3014//2212 2902//2279
f 2902//2279 2831//2019 2933//2212
f 2491//1915 2903//2280 3015//2378
f 2491//1915 3015//2378 3016//2379
f 2905//2282 3017//2380 2906//2283
f 2906//2283 2806//2190 2905//2282
f 2922//35 2685//2074 2906//2283
f 2906//2283 3018//35 2922//35
f 3019//2381 3020//2382 2908//2285
f 2908//2285 2907//2284 3019//2381
f 3021//2383 2907//2284 2807//2191
f 2807//2191 2909//2286 3021//2383
f 2808//2192 2908//2285 3022//2384
f 3022//2384 3023//2086 2808//2192
f 3024//2385 2909//2286 2910//2287
f 2910//2287 3025//2386 3024//2385
f 2687//2075 3026//2387 3027//2388
f 3027//2388 2910//2287 2687//2075
f 2688//2076 2912//2289 3028//2010
f 3023//2086 2911//2288 2808//2192
f 2687//2075 2913//2290 3026//2387
f 2812//2196 3029//2389 3017//2380
f 3017//2380 2905//2282 2812//2196
f 2811//2195 3029//2389 2812//2196
f 3030//2390 2811//2195 2688//2076
f 2813//2197 3031//2391 2814//2198
f 2814//2198 2690//2078 2813//2197
f 2915//2292 3032//2392 2813//2197
f 2813//2197 2691//2079 2915//2292
f 2814//2198 3031//2391 3033//2393
f 3033//2393 2810//2194 2809//2193
f 3033//2393 2809//2193 2814//2198
f 2692//2080 2815//2199 3034//2394
f 3034//2394 2914//2291 2692//2080
f 2815//2199 2916//2293 3035//2395
f 3035//2395 3034//2394 2815//2199
f 2916//2293 2816//2200 2904//2281
f 2904//2281 3036//2396 2916//2293
f 3037//35 2917//2294 2817//2201
f 2817//2201 2918//35 3037//35
f 3038//35 2918//35 2919//35
f 2919//35 3039//35 3038//35
f 3039//35 2919//35 2818//35
f 2818//35 2920//35 3039//35
f 3040//760 2920//35 2921//35
f 2921//35 3041//2397 3040//760
f 2921//35 2819//35 2922//35
f 2922//35 3042//35 2921//35
f 2924//35 2823//2205 2917//2294
f 2917//2294 3037//35 2924//35
f 2821//2203 2923//218 2825//2207
f 2825//2207 2822//2204 2821//2203
f 3043//35 2923//218 2924//35
f 2924//35 3044//35 3043//35
f 2925//2295 2825//2207 2923//218
f 2923//218 3043//35 2925//2295
f 2708//2094 2926//2296 3045//2398
f 2481//1905 2926//2296 2826//2208
f 2827//2209 2927//2297 3046//2399
f 3046//2399 3047//2400 2481//1905
f 3046//2399 2481//1905 2827//2209
f 2927//2297 2611//2014 2928//2298
f 3048//2401 2928//2298 2828//2210
f 2828//2210 2929//2299 3048//2401
f 3049//2402 2930//2300 2701//2089
f 2701//2089 2700//2088 3049//2402
f 2612//2015 3050//2403 2931//2301
f 3051//2404 3050//2403 2612//2015
f 2612//2015 2829//2211 3051//2404
f 3052//2212 3053//2212 2933//2212
f 2933//2212 2932//2212 3052//2212
f 2934//2212 3052//2212 2932//2212
f 2932//2212 2832//2212 2934//2212
f 2938//2090 3054//2212 2935//2212
f 2935//2212 2835//2090 2938//2090
f 2935//2212 3055//2212 2936//2212
f 2936//2212 2834//2212 2935//2212
f 2936//2212 3056//2212 3052//2212
f 3052//2212 2934//2212 2936//2212
f 2937//2302 3057//2405 3058//2406
f 3058//2406 2938//2090 2937//2302
f 3059//2407 2709//2095 2939//2303
f 3060//2408 2939//2303 2940//2304
f 2940//2304 3061//2409 3060//2408
f 2941//2305 2708//2094 3062//2410
f 2709//2095 3059//2407 3063//2411
f 3063//2411 3064//2412 2709//2095
f 3057//2405 2937//2302 2710//2096
f 2710//2096 2836//2213 3057//2405
f 2942//2306 2839//2216 2239//1688
f 2838//2215 2943//2307 2239//1688
f 2840//2217 2944//2308 3065//2413
f 3065//2413 2943//2307 2840//2217
f 2841//2218 2945//2309 3066//2414
f 3066//2414 2944//2308 2841//2218
f 2842//2219 2946//2310 3067//2415
f 3067//2415 2945//2309 2842//2219
f 2843//2220 2947//2311 3068//2416
f 3068//2416 2946//2310 2843//2220
f 2844//2221 2948//2312 3069//2417
f 3069//2417 2947//2311 2844//2221
f 2845//2222 2949//2313 3070//2418
f 3070//2418 2948//2312 2845//2222
f 2950//2314 3071//2419 2949//2313
f 2949//2313 2846//2223 2950//2314
f 2950//2314 2847//2224 2951//2315
f 2951//2315 3072//2420 2950//2314
f 2951//2315 2848//2225 2952//2316
f 2952//2316 3073//2421 2951//2315
f 2952//2316 2849//2226 2953//2317
f 2953//2317 3074//2422 2952//2316
f 2953//2317 2850//2227 2954//2318
f 2954//2318 3075//2423 2953//2317
f 2954//2318 2851//2228 2955//2319
f 2955//2319 3076//2424 2954//2318
f 2955//2319 2852//2229 2956//2320
f 2956//2320 3077//2425 2955//2319
f 2956//2320 2853//2230 2957//2321
f 2957//2321 3078//2426 2956//2320
f 2957//2321 2854//2231 2959//2323
f 2959//2323 3079//2427 2957//2321
f 2959//2323 2958//2322 3080//2428
f 3080//2428 3081//2429 2959//2323
f 3082//2430 2960//2324 2961//2325
f 2961//2325 3083//161 3084//162
f 2961//2325 3084//162 3082//2430
f 3082//2430 2958//2322 2960//2324
f 2855//2232 3085//2431 3086//163
f 3086//163 2732//2118 2731//2117
f 3086//163 2731//2117 2855//2232
f 2732//2118 3086//163 3083//161
f 3083//161 2961//2325 2732//2118
f 2962//2326 3087//2432 3085//2431
f 3085//2431 2855//2232 2962//2326
f 2856//2233 2963//2327 3087//2432
f 3087//2432 2962//2326 2856//2233
f 2858//2235 3088//35 3089//35
f 3089//35 2963//2327 2858//2235
f 3088//35 2858//2235 2857//2234
f 2857//2234 2862//2239 3088//35
f 2741//2127 2966//2330 2964//2328
f 2964//2328 2860//2237 2863//2240
f 2964//2328 2863//2240 2741//2127
f 2861//2238 2964//2328 2966//2330
f 2966//2330 3090//35 2861//2238
f 3088//35 2862//2239 2861//2238
f 2861//2238 3090//35 3088//35
f 2864//2241 3091//2433 2965//2329
f 2965//2329 2740//2126 2864//2241
f 2966//2330 2965//2329 3092//35
f 3092//35 3090//35 2966//2330
f 3091//2433 2864//2241 2744//2130
f 2744//2130 2743//2129 3093//2434
f 2744//2130 3093//2434 3091//2433
f 2967//2331 3094//2435 3093//2434
f 3093//2434 2743//2129 2967//2331
f 2742//2128 3095//2436 2967//2331
f 2968//2332 3096//2437 2969//2333
f 2969//2333 2865//2242 2968//2332
f 3097//2438 2742//2128 2969//2333
f 2750//2136 2749//2135 3098//2439
f 3098//2439 2970//2334 2750//2136
f 3099//2440 2866//2243 2970//2334
f 2970//2334 3100//2441 3099//2440
f 3098//2439 2749//2135 2753//2139
f 2753//2139 3101//2442 3098//2439
f 3101//2442 2753//2139 2752//2138
f 2752//2138 2868//2245 3101//2442
f 2971//2335 3101//2443 2868//2245
f 3102//2444 2971//2335 2972//2336
f 2972//2336 3103//2445 3102//2444
f 2973//2446 2972//2336 2869//2246
f 2973//2337 2869//2246 2754//2140
f 2754//2140 2758//2144 2973//2337
f 3104//2447 2972//2336 2973//2446
f 2973//2446 2974//2338 3104//2447
f 3104//2447 2974//2338 2975//2339
f 2975//2339 2976//2340 2977//2341
f 2977//2341 3105//2448 3106//2449
f 3106//2449 3107//2450 3104//2447
f 3104//2447 2975//2339 2977//2341
f 2977//2341 3106//2449 3104//2447
f 2975//2339 2974//2338 2757//2143
f 2757//2143 2760//2146 2975//2339
f 2977//2341 2870//2247 2978//2342
f 2978//2342 3105//2451 2977//2341
f 2761//2147 3108//2452 2978//2342
f 2871//2248 3109//2453 3110//2454
f 3110//2454 2764//2150 2763//2149
f 3110//2454 2763//2149 2871//2248
f 2764//2150 3110//2454 3111//2455
f 3111//2455 2979//2343 2764//2150
f 2979//2343 3112//2456 2761//2147
f 2766//2152 2981//2345 3109//2453
f 3109//2453 2871//2248 2766//2152
f 2980//2344 2925//2295 3043//35
f 3043//35 2981//2345 2980//2344
f 2873//2250 2942//2306 2239//1688
f 2881//2258 2982//2347 3113//2457
f 3113//2457 2989//2354 2881//2258
f 2874//2346 2983//2348 3114//2458
f 3114//2458 2982//2347 2874//2346
f 2983//2348 2875//2252 2984//2349
f 2984//2349 3115//2459 2983//2348
f 2984//2349 2876//2253 2985//2350
f 2985//2350 3116//2460 2984//2349
f 2985//2350 2877//2254 2986//2351
f 2986//2351 3117//2461 2985//2350
f 2986//2351 2878//2255 2987//2352
f 2987//2352 3118//2462 2986//2351
f 2987//2352 2879//2256 2988//2353
f 2988//2353 3119//2463 2987//2352
f 2239//1688 2988//2353 2880//2257
f 3120//2464 2990//2355 2882//2259
f 2882//2259 2989//2354 3120//2464
f 3121//2465 2991//2356 2883//2260
f 2883//2260 2990//2355 3121//2465
f 3122//2466 2992//2357 2884//2261
f 2884//2261 2991//2356 3122//2466
f 3123//2467 2993//2358 2885//2262
f 2885//2262 2992//2357 3123//2467
f 3124//2468 3005//2370 2894//2271
f 2894//2271 2993//2358 3124//2468
f 2829//2211 2994//2359 3051//2404
f 2994//2359 2886//2263 2887//2264
f 2887//2264 3125//2469 2994//2359
f 2887//2264 3126//2470 3127//2471
f 3127//2471 3125//2469 2887//2264
f 3126//2470 2887//2264 2782//2168
f 2782//2168 2995//2360 3126//2470
f 2890//2267 3128//2472 2996//2361
f 2996//2361 2888//2265 2890//2267
f 3128//2472 2890//2267 2786//2172
f 2786//2172 2997//2362 3128//2472
f 2481//1905 3129//2473 2998//2363
f 2999//2364 2892//2269 2998//2363
f 2998//2363 3130//2474 2999//2364
f 3131//2475 2481//1905 3000//2365
f 3132//2476 3133//2477 2893//2270
f 2893//2270 2792//2178 3132//2476
f 3133//2477 3134//2478 3000//2365
f 3000//2365 2893//2270 3133//2477
f 3135//2479 3132//2476 2792//2178
f 2792//2178 2791//2177 3135//2479
f 2791//2177 3001//2366 3136//2480
f 3136//2480 3135//2479 2791//2177
f 3001//2366 2676//2065 3002//2367
f 3136//2480 3001//2366 3002//2367
f 3002//2367 3003//2368 3137//2481
f 3002//2367 3137//2481 3136//2480
f 3003//2368 3004//2369 3138//2482
f 3138//2482 3139//2483 3137//2481
f 3138//2482 3137//2481 3003//2368
f 2793//2179 3138//2482 3004//2369
f 3140//2484 3141//2485 3006//2371
f 3006//2371 3005//2370 3140//2484
f 3006//2371 3142//2486 3007//2372
f 3007//2372 2895//2272 3006//2371
f 3007//2372 3143//2487 3008//2373
f 3008//2373 2896//2273 3007//2372
f 3008//2373 3144//2488 3009//2374
f 3009//2374 2897//2274 3008//2373
f 3010//2375 3009//2374 3144//2488
f 3144//2488 3145//2489 3010//2375
f 2793//2179 3146//2490 3138//2482
f 3147//2491 3146//2490 2793//2179
f 2793//2179 2900//2277 3147//2491
f 3145//2489 3148//2492 3011//2376
f 3011//2376 3010//2375 3145//2489
f 2900//2277 3011//2376 3149//2493
f 3149//2493 3150//2494 2900//2277
f 3151//2495 2801//2186 2599//2003
f 2599//2003 2799//2185 3151//2495
f 3012//2377 3152//2496 3151//2495
f 3151//2495 2799//2185 3012//2377
f 3012//2377 2901//2278 3013//2019
f 3013//2019 3153//2497 3012//2377
f 3014//2212 3154//2212 3013//2019
f 3013//2019 2902//2279 3014//2212
f 3053//2212 3155//2212 3014//2212
f 3014//2212 2933//2212 3053//2212
f 3156//2498 2802//2187 2801//2186
f 2801//2186 3151//2495 3156//2498
f 2903//2280 3157//2499 3158//2500
f 3158//2500 3015//2378 2903//2280
f 3157//2499 2903//2280 2802//2187
f 2802//2187 3156//2498 3157//2499
f 3159//2501 3036//2396 2904//2281
f 2904//2281 2683//2072 2682//2071
f 2904//2281 2682//2071 3159//2501
f 3160//2502 3161//2503 3162//2504
f 3161//2503 3163//2505 3164//2506
f 3164//2506 3159//2501 2682//2071
f 3164//2506 2682//2071 3161//2503
f 3015//2378 3158//2500 3165//2507
f 3165//2507 3016//2379 3015//2378
f 3166//2508 3167//2509 3016//2379
f 3016//2379 3167//2509 3168//2510
f 3168//2510 3169//2511 2491//1915
f 3168//2510 2491//1915 3016//2379
f 3018//35 2906//2283 3017//2380
f 3017//2380 3170//35 3018//35
f 3042//35 2922//35 3018//35
f 3018//35 3171//35 3042//35
f 3172//2512 3173//2513 3020//2382
f 3020//2382 3019//2381 3172//2512
f 3174//2514 3019//2381 2907//2284
f 2907//2284 3021//2383 3174//2514
f 3020//2382 3175//2515 3176//2516
f 3176//2516 2908//2285 3020//2382
f 3177//2517 3021//2383 2909//2286
f 2909//2286 3024//2385 3177//2517
f 3023//2086 3022//2384 3178//2518
f 3178//2518 3179//35 2911//2288
f 3178//2518 2911//2288 3023//2086
f 2908//2285 3180//2519 3022//2384
f 3181//2520 3024//2385 3025//2386
f 3025//2386 3182//2521 3181//2520
f 3025//2386 2910//2287 2804//2188
f 2804//2188 1577//1228 3025//2386
f 3027//2388 3183//2522 2804//2188
f 2804//2188 2910//2287 3027//2388
f 3026//2387 3184//2523 3185//2524
f 3185//2524 3027//2388 3026//2387
f 3028//2010 3030//2390 2688//2076
f 3028//2010 2912//2289 3170//35
f 3170//35 3017//2380 3029//2389
f 3029//2389 3030//2390 3028//2010
f 3170//35 3029//2389 3028//2010
f 3179//35 3170//35 2912//2289
f 2912//2289 2911//2288 3179//35
f 3186//2525 3184//2523 3026//2387
f 3026//2387 2913//2290 3186//2525
f 3033//2393 3186//2525 2913//2290
f 2913//2290 2810//2194 3033//2393
f 3030//2390 3029//2389 2811//2195
f 3032//2392 3187//2526 3031//2391
f 3031//2391 2813//2197 3032//2392
f 2915//2292 3188//2527 3189//2528
f 3189//2528 3032//2392 2915//2292
f 3187//2526 3190//2529 3033//2393
f 3033//2393 3031//2391 3187//2526
f 3191//2530 3188//2527 2915//2292
f 2915//2292 2914//2291 3192//2531
f 2915//2292 3192//2531 3191//2530
f 2914//2291 3034//2394 3193//2532
f 3193//2532 3192//2531 2914//2291
f 3034//2394 3035//2395 3194//2533
f 3194//2533 3193//2532 3034//2394
f 2916//2293 3036//2396 3195//2534
f 3195//2534 3035//2395 2916//2293
f 3196//35 3037//35 2918//35
f 2918//35 3038//35 3196//35
f 3111//2455 3038//35 3039//35
f 3039//35 3197//2535 3111//2455
f 3197//2535 3039//35 2920//35
f 2920//35 3040//760 3197//2535
f 3198//2536 3040//760 3041//2397
f 3041//2397 3199//2537 3198//2536
f 3041//2397 2921//35 3042//35
f 3042//35 3200//2538 3041//2397
f 3044//35 2924//35 3037//35
f 3037//35 3196//35 3044//35
f 2981//2345 3043//35 3044//35
f 3044//35 3109//2453 2981//2345
f 3201//2539 2708//2094 3045//2398
f 3202//2540 3045//2398 2926//2296
f 2926//2296 2481//1905 3203//2541
f 2926//2296 3203//2541 3202//2540
f 3046//2399 2927//2297 2928//2298
f 2928//2298 3048//2401 3046//2399
f 2929//2299 3204//2542 3205//2543
f 3205//2543 3048//2401 2929//2299
f 3204//2542 2929//2299 2930//2300
f 2930//2300 3206//2544 3204//2542
f 2930//2300 3049//2402 3207//2545
f 3207//2545 3208//2546 3206//2544
f 3207//2545 3206//2544 2930//2300
f 2931//2301 3050//2403 3209//2547
f 3209//2547 3207//2545 2931//2301
f 3207//2545 3049//2402 2700//2088
f 2700//2088 2931//2301 3207//2545
f 3050//2403 3051//2404 3210//2548
f 3210//2548 3209//2547 3050//2403
f 3056//2212 3211//2212 3053//2212
f 3053//2212 3052//2212 3056//2212
f 3058//2406 3212//2549 3054//2212
f 3054//2212 2938//2090 3058//2406
f 3054//2212 3213//2212 3055//2212
f 3055//2212 2935//2212 3054//2212
f 3055//2212 3214//2212 3056//2212
f 3056//2212 2936//2212 3055//2212
f 3057//2405 3215//2550 3212//2549
f 3212//2549 3058//2406 3057//2405
f 3216//2551 3059//2407 2939//2303
f 2939//2303 3060//2408 3216//2551
f 3060//2408 3061//2409 3217//2552
f 3217//2552 3218//2553 3219//2554
f 3217//2552 3219//2554 3060//2408
f 3217//2552 3061//2409 2940//2304
f 2940//2304 2941//2305 3217//2552
f 3217//2552 2941//2305 3062//2410
f 3062//2410 3220//2555 3217//2552
f 3062//2410 2708//2094 3201//2539
f 3221//2556 3222//2557 2836//2213
f 2836//2213 2709//2095 3064//2412
f 2836//2213 3064//2412 3221//2556
f 3221//2556 3064//2412 3223//2558
f 3223//2558 3224//2559 3221//2556
f 2836//2213 3222//2557 3215//2550
f 3215//2550 3057//2405 2836//2213
f 2943//2307 3065//2413 2239//1688
f 2944//2308 3066//2414 3225//2560
f 3225//2560 3065//2413 2944//2308
f 2945//2309 3067//2415 3226//2561
f 3226//2561 3066//2414 2945//2309
f 2946//2310 3068//2416 3227//2562
f 3227//2562 3067//2415 2946//2310
f 2947//2311 3069//2417 3228//2563
f 3228//2563 3068//2416 2947//2311
f 2948//2312 3070//2418 3229//2564
f 3229//2564 3069//2417 2948//2312
f 3071//2419 3230//2565 3070//2418
f 3070//2418 2949//2313 3071//2419
f 3072//2420 3231//2566 3071//2419
f 3071//2419 2950//2314 3072//2420
f 3072//2420 2951//2315 3073//2421
f 3073//2421 3232//2567 3072//2420
f 3073//2421 2952//2316 3074//2422
f 3074//2422 3233//2568 3073//2421
f 3074//2422 2953//2317 3075//2423
f 3075//2423 3234//2569 3074//2422
f 3075//2423 2954//2318 3076//2424
f 3076//2424 3235//2570 3075//2423
f 3076//2424 2955//2319 3077//2425
f 3077//2425 3236//2571 3076//2424
f 3077//2425 2956//2320 3078//2426
f 3078//2426 3237//2572 3077//2425
f 3078//2426 2957//2321 3079//2427
f 3079//2427 3238//2573 3078//2426
f 3079//2427 2959//2323 3081//2429
f 3081//2429 3239//2574 3079//2427
f 3081//2429 3080//2428 3240//2575
f 3240//2575 3241//2576 3081//2429
f 3080//2428 2958//2322 3242//2577
f 3242//2577 3243//2578 3080//2428
f 3244//2579 2958//2322 3082//2430
f 3086//163 3245//35 3246//35
f 3246//35 3083//161 3086//163
f 3087//2432 3247//35 3248//35
f 3248//35 3085//2431 3087//2432
f 2963//2327 3089//35 3247//35
f 3247//35 3087//2432 2963//2327
f 3088//35 3090//35 3092//35
f 3092//35 3089//35 3088//35
f 3092//35 2965//2329 3091//2433
f 3091//2433 3249//35 3092//35
f 3095//2436 3250//300 3094//2435
f 3094//2435 2967//2331 3095//2436
f 3251//35 3093//2434 3094//2435
f 3094//2435 3252//35 3251//35
f 3095//2436 2742//2128 3253//2580
f 3254//2581 3096//2582 2968//2583
f 2968//2583 2867//2584 2866//2243
f 2866//2243 3099//2440 3255//2585
f 3255//2585 3256//2586 3254//2581
f 3254//2581 2968//2583 2866//2243
f 2866//2243 3255//2585 3254//2581
f 3097//2438 2969//2333 3096//2437
f 3096//2437 3254//2587 3097//2438
f 3257//2588 2742//2128 3097//2438
f 3100//2441 2970//2334 3098//2439
f 3258//2589 3099//2440 3100//2441
f 3100//2441 3259//2590 3258//2589
f 3100//2441 3098//2439 3101//2443
f 3101//2443 2971//2335 3100//2441
f 3259//2590 3100//2441 2971//2335
f 2971//2335 3102//2444 3259//2590
f 3102//2444 3103//2445 3260//2591
f 3260//2591 3261//2592 3262//2593
f 3260//2591 3262//2593 3102//2444
f 3103//2445 2972//2336 3104//2447
f 3104//2447 3263//2594 3103//2445
f 3199//2537 3108//2452 2761//2147
f 2761//2147 3198//2536 3199//2537
f 3108//2452 3105//2451 2978//2342
f 2979//2343 3111//2455 3197//2535
f 3197//2535 3112//2456 2979//2343
f 3110//2454 3196//35 3038//35
f 3038//35 3111//2455 3110//2454
f 3112//2456 3198//2536 2761//2147
f 2989//2354 3113//2457 3264//2595
f 3264//2595 3120//2464 2989//2354
f 2982//2347 3114//2458 3265//2596
f 3265//2596 3113//2457 2982//2347
f 2983//2348 3115//2459 3266//2597
f 3266//2597 3114//2458 2983//2348
f 3115//2459 2984//2349 3116//2460
f 3116//2460 3267//2598 3115//2459
f 3116//2460 2985//2350 3117//2461
f 3117//2461 3268//2599 3116//2460
f 3117//2461 2986//2351 3118//2462
f 3118//2462 3269//2600 3117//2461
f 3118//2462 2987//2352 3119//2463
f 3119//2463 3270//2601 3118//2462
f 3119//2463 2988//2353 2239//1688
f 3271//2602 3121//2465 2990//2355
f 2990//2355 3120//2464 3271//2602
f 3272//2603 3122//2466 2991//2356
f 2991//2356 3121//2465 3272//2603
f 3273//2604 3123//2467 2992//2357
f 2992//2357 3122//2466 3273//2604
f 3274//2605 3124//2468 2993//2358
f 2993//2358 3123//2467 3274//2605
f 3275//2606 3140//2484 3005//2370
f 3005//2370 3124//2468 3275//2606
f 2994//2359 3125//2469 3210//2548
f 3210//2548 3051//2404 2994//2359
f 2481//1905 3276//2607 3129//2473
f 3130//2474 2998//2363 3129//2473
f 3129//2473 3277//2608 3130//2474
f 3278//2609 2481//1905 3131//2475
f 3131//2475 3000//2365 3134//2478
f 3134//2478 3279//2610 3131//2475
f 3280//2611 3281//2612 3141//2485
f 3141//2485 3140//2484 3280//2611
f 3141//2485 3282//2613 3142//2486
f 3142//2486 3006//2371 3141//2485
f 3142//2486 3283//2486 3284//2614
f 3284//2614 3007//2372 3142//2486
f 3284//2614 3285//2615 3143//2487
f 3143//2487 3007//2372 3284//2614
f 3143//2487 3285//2615 3144//2488
f 3144//2488 3008//2373 3143//2487
f 3145//2489 3144//2488 3285//2615
f 3285//2615 3284//2614 3145//2489
f 3138//2482 3146//2490 3286//2616
f 3286//2616 3139//2483 3138//2482
f 3146//2490 3147//2491 3287//2617
f 3287//2617 3286//2616 3146//2490
f 2900//2277 3288//2618 3147//2491
f 3284//2614 3289//2619 3148//2492
f 3148//2492 3145//2489 3284//2614
f 3011//2376 3148//2492 3290//2620
f 3290//2620 3291//2621 3011//2376
f 3292//2622 2900//2277 3150//2494
f 3152//2496 3012//2377 3153//2497
f 3153//2497 3293//2623 3152//2496
f 3154//2212 3293//2623 3153//2497
f 3153//2497 3013//2019 3154//2212
f 3155//2212 3294//2212 3154//2212
f 3154//2212 3014//2212 3155//2212
f 3211//2212 3295//2212 3155//2212
f 3155//2212 3053//2212 3211//2212
f 3156//2498 3151//2495 3152//2496
f 3152//2496 3296//2624 3156//2498
f 3157//2499 3156//2498 3296//2624
f 3296//2624 3297//2625 3157//2499
f 3036//2396 3159//2501 3164//2506
f 3164//2506 3195//2534 3036//2396
f 3163//2505 3161//2503 3160//2502
f 3160//2502 3298//2626 3163//2505
f 3299//2627 3300//2628 3160//2502
f 3160//2502 3162//2504 3301//2629
f 3160//2502 3301//2629 3299//2627
f 3302//2630 3301//2629 3162//2504
f 3162//2504 3303//2631 3304//2632
f 3304//2632 3305//2633 3302//2630
f 3162//2504 3304//2632 3302//2630
f 3166//2508 3306//2634 3307//2635
f 3307//2635 3167//2509 3166//2508
f 3166//2508 3016//2379 3165//2507
f 3168//2510 3308//2636 3304//2632
f 3304//2632 3169//2511 3168//2510
f 3167//2509 3307//2635 3309//2637
f 3309//2637 3168//2510 3167//2509
f 3171//35 3018//35 3170//35
f 3170//35 3179//35 3171//35
f 3200//2538 3042//35 3171//35
f 3171//35 3310//2638 3200//2538
f 3172//2512 3311//2639 3107//2450
f 3107//2450 3173//2513 3172//2512
f 3019//2381 3174//2514 3312//2640
f 3312//2640 3172//2512 3019//2381
f 3173//2513 3175//2515 3020//2382
f 3313//2641 3174//2514 3021//2383
f 3021//2383 3177//2517 3313//2641
f 3175//2515 3106//2642 3105//2451
f 3105//2451 3176//2516 3175//2515
f 3314//2643 3177//2517 3024//2385
f 3024//2385 3181//2520 3314//2643
f 3180//2519 3178//2518 3022//2384
f 2908//2285 3315//2644 3180//2519
f 3316//2645 3181//2520 3182//2521
f 3182//2521 3317//2646 3316//2645
f 3182//2521 3025//2386 1577//1228
f 1577//1228 3318//2647 3182//2521
f 3319//2648 3282//2613 3320//2649
f 3321//2650 3183//2522 3027//2388
f 3027//2388 3185//2524 3322//2651
f 3027//2388 3322//2651 3321//2650
f 3322//2651 3185//2524 3184//2523
f 3184//2523 3186//2525 3322//2651
f 3190//2529 3322//2651 3186//2525
f 3186//2525 3033//2393 3190//2529
f 3032//2392 3189//2528 3323//2652
f 3323//2652 3187//2526 3032//2392
f 3187//2526 3323//2652 3324//2653
f 3324//2653 3190//2529 3187//2526
f 3192//2531 3325//2654 3326//2655
f 3326//2655 3191//2530 3192//2531
f 3188//2527 3191//2530 3326//2655
f 3326//2655 3327//2656 3188//2527
f 3035//2395 3195//2534 3328//2657
f 3328//2657 3194//2533 3035//2395
f 3112//2456 3197//2535 3040//760
f 3040//760 3198//2536 3112//2456
f 3041//2397 3200//2538 3329//2658
f 3329//2658 3330//2659 3199//2537
f 3329//2658 3199//2537 3041//2397
f 3109//2453 3044//35 3196//35
f 3196//35 3110//2454 3109//2453
f 3202//2540 3331//2660 3201//2539
f 3201//2539 3045//2398 3202//2540
f 3046//2399 3332//2661 3333//2662
f 3333//2662 3047//2400 3046//2399
f 3334//2663 2481//1905 3047//2400
f 3048//2401 3205//2543 3332//2661
f 3332//2661 3046//2399 3048//2401
f 3214//2212 3335//2212 3211//2212
f 3211//2212 3056//2212 3214//2212
f 3212//2549 3336//2664 3213//2212
f 3213//2212 3054//2212 3212//2549
f 3213//2212 3337//2212 3214//2212
f 3214//2212 3055//2212 3213//2212
f 3215//2550 3338//2665 3336//2664
f 3336//2664 3212//2549 3215//2550
f 3216//2551 3339//2666 3063//2411
f 3063//2411 3059//2407 3216//2551
f 3216//2551 3060//2408 3219//2554
f 3219//2554 3340//2667 3216//2551
f 3217//2552 3220//2555 3341//2668
f 3341//2668 3218//2553 3217//2552
f 3220//2555 3062//2410 3201//2539
f 3201//2539 3331//2660 3220//2555
f 3222//2557 3221//2556 3342//2669
f 3342//2669 3343//2670 3344//2671
f 3342//2669 3344//2671 3222//2557
f 3345//2672 3221//2556 3224//2559
f 3223//2558 3064//2412 3063//2411
f 3065//2413 3225//2560 2239//1688
f 3066//2414 3226//2561 3346//2673
f 3346//2673 3225//2560 3066//2414
f 3067//2415 3227//2562 3347//2674
f 3347//2674 3226//2561 3067//2415
f 3068//2416 3228//2563 3348//2675
f 3348//2675 3227//2562 3068//2416
f 3069//2417 3229//2564 3349//2676
f 3349//2676 3228//2563 3069//2417
f 3230//2565 3350//2677 3229//2564
f 3229//2564 3070//2418 3230//2565
f 3231//2566 3351//2678 3230//2565
f 3230//2565 3071//2419 3231//2566
f 3232//2567 3352//2679 3231//2566
f 3231//2566 3072//2420 3232//2567
f 3232//2567 3073//2421 3233//2568
f 3233//2568 3353//2680 3232//2567
f 3233//2568 3074//2422 3234//2569
f 3234//2569 3354//2681 3233//2568
f 3234//2569 3075//2423 3235//2570
f 3235//2570 3355//2682 3234//2569
f 3235//2570 3076//2424 3236//2571
f 3236//2571 3356//2683 3235//2570
f 3236//2571 3077//2425 3237//2572
f 3237//2572 3357//2684 3236//2571
f 3237//2572 3078//2426 3238//2573
f 3238//2573 3358//2685 3237//2572
f 3238//2573 3079//2427 3239//2574
f 3239//2574 3359//2686 3238//2573
f 3239//2574 3081//2429 3241//2576
f 3241//2576 3360//2687 3239//2574
f 3241//2576 3240//2575 3361//2688
f 3361//2688 3362//2689 3241//2576
f 3240//2575 3080//2428 3363//2690
f 3363//2690 3364//2691 3240//2575
f 3365//2692 3080//2428 3243//2578
f 3242//2577 2958//2322 3244//2579
f 3082//2430 3084//162 3366//2693
f 3366//2693 3244//2579 3082//2430
f 3085//2431 3248//35 3245//35
f 3245//35 3086//163 3085//2431
f 3083//161 3246//35 3367//35
f 3367//35 3084//162 3083//161
f 3245//35 3252//35 3368//35
f 3368//35 3246//35 3245//35
f 3247//35 3249//35 3251//35
f 3251//35 3248//35 3247//35
f 3089//35 3092//35 3249//35
f 3249//35 3247//35 3089//35
f 3249//35 3091//2433 3093//2434
f 3093//2434 3251//35 3249//35
f 3253//2580 3369//299 3250//300
f 3250//300 3095//2436 3253//2580
f 3252//35 3094//2435 3250//300
f 3250//300 3368//35 3252//35
f 3248//35 3251//35 3252//35
f 3252//35 3245//35 3248//35
f 2742//2128 3257//2588 3370//2694
f 3370//2694 3253//2580 2742//2128
f 3256//2586 3371//2695 3257//2588
f 3257//2588 3097//2438 3254//2587
f 3257//2588 3254//2587 3256//2586
f 3372//2696 3255//2585 3099//2440
f 3099//2440 3258//2589 3372//2696
f 3373//2697 3374//2698 3258//2589
f 3258//2589 3259//2590 3375//2699
f 3258//2589 3375//2699 3373//2697
f 3376//2700 3375//2699 3259//2590
f 3259//2590 3102//2444 3262//2593
f 3262//2593 3377//2701 3376//2700
f 3259//2590 3262//2593 3376//2700
f 3103//2445 3263//2594 3378//2702
f 3378//2702 3379//2703 3260//2591
f 3378//2702 3260//2591 3103//2445
f 3263//2594 3104//2447 3107//2450
f 3107//2450 3311//2639 3263//2594
f 3108//2452 3199//2537 3330//2659
f 3330//2659 2908//2285 3176//2516
f 3330//2659 3176//2516 3108//2452
f 3176//2516 3105//2451 3108//2452
f 3120//2464 3264//2595 3380//2704
f 3380//2704 3271//2602 3120//2464
f 3113//2457 3265//2596 3381//2705
f 3381//2705 3264//2595 3113//2457
f 3114//2458 3266//2597 3382//2706
f 3382//2706 3265//2596 3114//2458
f 3115//2459 3267//2598 3383//2707
f 3383//2707 3266//2597 3115//2459
f 3267//2598 3116//2460 3268//2599
f 3268//2599 3384//2708 3267//2598
f 3268//2599 3117//2461 3269//2600
f 3269//2600 3385//2709 3268//2599
f 3269//2600 3118//2462 3270//2601
f 3270//2601 3386//2710 3269//2600
f 3270//2601 3119//2463 2239//1688
f 3387//2711 3272//2603 3121//2465
f 3121//2465 3271//2602 3387//2711
f 3388//2712 3273//2604 3122//2466
f 3122//2466 3272//2603 3388//2712
f 3389//2713 3274//2605 3123//2467
f 3123//2467 3273//2604 3389//2713
f 3390//2714 3275//2606 3124//2468
f 3124//2468 3274//2605 3390//2714
f 3391//2715 3280//2611 3140//2484
f 3140//2484 3275//2606 3391//2715
f 3210//2548 3125//2469 3127//2471
f 3127//2471 3392//2716 3209//2547
f 3127//2471 3209//2547 3210//2548
f 3208//2546 3392//2716 3127//2471
f 3127//2471 3126//2470 2995//2360
f 2995//2360 2785//2171 2784//2170
f 2784//2170 2889//2266 2996//2361
f 2996//2361 3128//2472 2997//2362
f 2997//2362 2787//2173 2671//2060
f 2671//2060 2585//1989 2584//1988
f 2584//1988 2586//1990 2672//2061
f 2672//2061 2673//2062 2675//2064
f 2675//2064 2788//2174 2789//2175
f 2789//2175 2891//2268 2999//2364
f 2999//2364 3130//2474 3277//2608
f 3277//2608 3393//2717 3394//2718
f 3394//2718 3333//2662 3332//2661
f 3332//2661 3205//2543 3204//2542
f 3204//2542 3206//2544 3208//2546
f 3208//2546 3127//2471 2995//2360
f 2995//2360 2784//2170 2996//2361
f 2996//2361 2997//2362 2671//2060
f 2671//2060 2584//1988 2672//2061
f 2672//2061 2675//2064 2789//2175
f 2789//2175 2999//2364 3277//2608
f 3277//2608 3394//2718 3332//2661
f 3332//2661 3204//2542 3208//2546
f 3208//2546 2995//2360 2996//2361
f 2996//2361 2671//2060 2672//2061
f 2672//2061 2789//2175 3277//2608
f 3277//2608 3332//2661 3208//2546
f 3208//2546 2996//2361 2672//2061
f 2672//2061 3277//2608 3208//2546
f 2481//1905 3334//2663 3276//2607
f 3276//2607 3393//2717 3277//2608
f 3277//2608 3129//2473 3276//2607
f 2481//1905 3278//2609 3395//2719
f 3278//2609 3131//2475 3279//2610
f 3279//2610 3396//2720 3278//2609
f 3397//2721 3398//2722 3281//2612
f 3281//2612 3280//2611 3397//2721
f 3281//2612 3399//2723 3400//2724
f 3400//2724 3141//2485 3281//2612
f 3282//2613 3141//2485 3401//2725
f 3401//2725 3402//2723 3282//2613
f 3403//2726 3404//2727 3405//2728
f 3283//2486 3404//2727 3289//2619
f 3289//2619 3284//2614 3283//2486
f 2900//2277 3406//2729 3288//2618
f 3147//2491 3288//2618 3407//2730
f 3407//2730 3287//2617 3147//2491
f 3148//2492 3289//2619 3408//2731
f 3408//2731 3409//2732 3148//2492
f 3149//2493 3011//2376 3291//2621
f 2900//2277 3292//2622 3410//2733
f 3343//2670 3342//2669 3292//2622
f 3292//2622 3150//2494 3343//2670
f 3149//2493 3411//2734 3343//2670
f 3343//2670 3150//2494 3149//2493
f 3296//2624 3152//2496 3293//2623
f 3293//2623 3412//2735 3296//2624
f 3294//2212 3412//2735 3293//2623
f 3293//2623 3154//2212 3294//2212
f 3295//2212 3413//2212 3294//2212
f 3294//2212 3155//2212 3295//2212
f 3335//2212 3414//2212 3295//2212
f 3295//2212 3211//2212 3335//2212
f 3297//2625 3415//2736 3158//2500
f 3158//2500 3157//2499 3297//2625
f 3195//2534 3164//2506 3163//2505
f 3163//2505 3328//2657 3195//2534
f 3328//2657 3163//2505 3298//2626
f 3298//2626 3416//2737 3328//2657
f 3160//2502 3300//2628 3298//2626
f 3165//2507 3158//2500 3415//2736
f 3415//2736 3417//2738 3165//2507
f 3306//2634 3166//2508 3418//2739
f 3418//2739 3419//2740 3306//2634
f 3166//2508 3165//2507 3417//2738
f 3417//2738 3418//2739 3166//2508
f 3420//2741 3421//2741 3283//2486
f 3308//2636 3305//2633 3304//2632
f 3310//2638 3171//35 3179//35
f 3179//35 3178//2518 3310//2638
f 3329//2658 3200//2538 3310//2638
f 3310//2638 3315//2644 3329//2658
f 3422//2742 3311//2639 3172//2512
f 3172//2512 3312//2640 3422//2742
f 3423//2743 3312//2640 3174//2514
f 3106//2642 3175//2515 3173//2513
f 3173//2513 3107//2450 3106//2642
f 3424//2744 3425//2745 3174//2514
f 3174//2514 3313//2641 3424//2744
f 3426//2746 3313//2641 3177//2517
f 3177//2517 3314//2643 3426//2746
f 3427//2747 3314//2643 3181//2520
f 3181//2520 3316//2645 3427//2747
f 3315//2644 3310//2638 3178//2518
f 3178//2518 3180//2519 3315//2644
f 3315//2644 2908//2285 3329//2658
f 3428//2748 3316//2645 3317//2646
f 3317//2646 3429//2749 3428//2748
f 3317//2646 3182//2521 3318//2647
f 3318//2647 3430//2750 3317//2646
f 3318//2647 1577//1228 3398//2722
f 3398//2722 3397//2721 3318//2647
f 2804//2188 3183//2522 3321//2650
f 3190//2529 3324//2653 3321//2650
f 3321//2650 3322//2651 3190//2529
f 3189//2528 3431//2751 3432//2752
f 3325//2654 3192//2531 3433//2737
f 3326//2655 3325//2654 3434//2753
f 3434//2753 3435//2754 3436//2755
f 3434//2753 3436//2755 3326//2655
f 3326//2655 3436//2755 3327//2656
f 3433//2737 3192//2531 3193//2532
f 3193//2532 3437//2737 3433//2737
f 3193//2532 3194//2533 3438//2756
f 3438//2756 3437//2737 3193//2532
f 3331//2660 3202//2540 3439//2757
f 3439//2757 3440//2758 3331//2660
f 2481//1905 3441//2759 3203//2541
f 3202//2540 3203//2541 3442//2760
f 3442//2760 3439//2757 3202//2540
f 3047//2400 3333//2662 3394//2718
f 3394//2718 3334//2663 3047//2400
f 3209//2547 3392//2716 3208//2546
f 3208//2546 3207//2545 3209//2547
f 3337//2212 3443//2212 3335//2212
f 3335//2212 3214//2212 3337//2212
f 3336//2664 3444//2761 3337//2212
f 3337//2212 3213//2212 3336//2664
f 3222//2557 3344//2671 3338//2665
f 3338//2665 3215//2550 3222//2557
f 3338//2665 3445//2762 3444//2761
f 3444//2761 3336//2664 3338//2665
f 3446//2763 3447//2764 3339//2666
f 3339//2666 3216//2551 3340//2667
f 3339//2666 3340//2667 3446//2763
f 3220//2555 3331//2660 3440//2758
f 3440//2758 3341//2668 3220//2555
f 3292//2622 3342//2669 3221//2556
f 3221//2556 3410//2733 3292//2622
f 3448//2765 3221//2556 3345//2672
f 3449//2766 3345//2672 3224//2559
f 3224//2559 3450//2767 3449//2766
f 3224//2559 3223//2558 3447//2764
f 3447//2764 3450//2767 3224//2559
f 3447//2764 3223//2558 3063//2411
f 3063//2411 3339//2666 3447//2764
f 3225//2560 3346//2673 2239//1688
f 3226//2561 3347//2674 3451//2768
f 3451//2768 3346//2673 3226//2561
f 3227//2562 3348//2675 3452//2769
f 3452//2769 3347//2674 3227//2562
f 3228//2563 3349//2676 3453//2770
f 3453//2770 3348//2675 3228//2563
f 3350//2677 3454//2771 3349//2676
f 3349//2676 3229//2564 3350//2677
f 3351//2678 3455//2772 3350//2677
f 3350//2677 3230//2565 3351//2678
f 3352//2679 3456//2773 3351//2678
f 3351//2678 3231//2566 3352//2679
f 3353//2680 3457//2774 3352//2679
f 3352//2679 3232//2567 3353//2680
f 3353//2680 3233//2568 3354//2681
f 3354//2681 3458//2775 3353//2680
f 3354//2681 3234//2569 3355//2682
f 3355//2682 3459//2776 3354//2681
f 3355//2682 3235//2570 3356//2683
f 3356//2683 3460//2777 3355//2682
f 3356//2683 3236//2571 3357//2684
f 3357//2684 3461//2778 3356//2683
f 3357//2684 3237//2572 3358//2685
f 3358//2685 3462//2779 3357//2684
f 3358//2685 3238//2573 3359//2686
f 3359//2686 3463//2780 3358//2685
f 3359//2686 3239//2574 3360//2687
f 3360//2687 3464//2781 3359//2686
f 3360//2687 3241//2576 3362//2689
f 3362//2689 3465//2782 3360//2687
f 3362//2689 3361//2688 3466//2783
f 3466//2783 3467//2784 3362//2689
f 3468//2785 3469//2786 3361//2688
f 3361//2688 3240//2575 3468//2785
f 3240//2575 3364//2691 3470//2787
f 3364//2691 3363//2690 3471//35
f 3471//35 3472//35 3364//2691
f 3473//2788 3363//2690 3080//2428
f 3080//2428 3365//2692 3473//2788
f 3365//2692 3243//2578 3474//2789
f 3474//2789 3475//35 3471//35
f 3474//2789 3471//35 3365//2692
f 3242//2577 3474//2789 3243//2578
f 3244//2579 3366//2693 3474//2789
f 3474//2789 3242//2577 3244//2579
f 3084//162 3367//35 3476//35
f 3476//35 3366//2693 3084//162
f 3246//35 3368//35 3477//35
f 3477//35 3367//35 3246//35
f 3370//2694 3478//310 3369//299
f 3369//299 3253//2580 3370//2694
f 3368//35 3250//300 3369//299
f 3369//299 3477//35 3368//35
f 3257//2588 3371//2695 3361//2688
f 3361//2688 3479//2790 3370//2694
f 3361//2688 3370//2694 3257//2588
f 3256//2586 3255//2585 3480//2791
f 3480//2791 3371//2695 3256//2586
f 3255//2585 3372//2696 3481//2792
f 3481//2792 3482//2793 3255//2585
f 3483//2794 3372//2696 3258//2589
f 3258//2589 3374//2698 3484//2795
f 3484//2795 3485//2796 3486//2797
f 3486//2797 3483//2794 3258//2589
f 3258//2589 3484//2795 3486//2797
f 3260//2591 3487//2798 3488//2799
f 3488//2799 3261//2592 3260//2591
f 3261//2592 3488//2799 3489//2800
f 3489//2800 3262//2593 3261//2592
f 3271//2602 3380//2704 3490//2801
f 3490//2801 3387//2711 3271//2602
f 3264//2595 3381//2705 3491//2802
f 3491//2802 3380//2704 3264//2595
f 3265//2596 3382//2706 3492//2803
f 3492//2803 3381//2705 3265//2596
f 3266//2597 3383//2707 3493//2804
f 3493//2804 3382//2706 3266//2597
f 3267//2598 3384//2708 3494//2805
f 3494//2805 3383//2707 3267//2598
f 3384//2708 3268//2599 3385//2709
f 3385//2709 3495//2806 3384//2708
f 3385//2709 3269//2600 3386//2710
f 3386//2710 3496//2807 3385//2709
f 3386//2710 3270//2601 2239//1688
f 3497//2808 3388//2712 3272//2603
f 3272//2603 3387//2711 3497//2808
f 3498//2809 3389//2713 3273//2604
f 3273//2604 3388//2712 3498//2809
f 3499//2810 3390//2714 3274//2605
f 3274//2605 3389//2713 3499//2810
f 3500//2811 3391//2715 3275//2606
f 3275//2606 3390//2714 3500//2811
f 3501//2812 3397//2721 3280//2611
f 3280//2611 3391//2715 3501//2812
f 3393//2717 3276//2607 3334//2663
f 3334//2663 3394//2718 3393//2717
f 2481//1905 3395//2719 3441//2759
f 3395//2719 3278//2609 3396//2720
f 3396//2720 3502//2813 3395//2719
f 3398//2722 3503//2814 3504//2815
f 3504//2815 3281//2612 3398//2722
f 3281//2612 3505//2816 3399//2723
f 3506//2817 3141//2485 3400//2724
f 3399//2723 3507//2818 3508//2819
f 3508//2819 3400//2724 3399//2723
f 3282//2613 3402//2723 3320//2649
f 3509//2820 3510//2821 3511//2822
f 3404//2727 3309//2637 3408//2731
f 3408//2731 3289//2619 3404//2727
f 2900//2277 3512//2823 3406//2729
f 3288//2618 3406//2729 3513//2824
f 3513//2824 3407//2730 3288//2618
f 3148//2492 3409//2732 3290//2620
f 3291//2621 3290//2620 3514//2825
f 3514//2825 3515//2826 3291//2621
f 3515//2826 3411//2734 3149//2493
f 3149//2493 3291//2621 3515//2826
f 3516//2827 3517//2828 2900//2277
f 2900//2277 3410//2733 3448//2765
f 2900//2277 3448//2765 3516//2827
f 3297//2625 3296//2624 3412//2735
f 3412//2735 3518//2829 3297//2625
f 3413//2212 3518//2829 3412//2735
f 3412//2735 3294//2212 3413//2212
f 3414//2212 3519//2212 3413//2212
f 3413//2212 3295//2212 3414//2212
f 3443//2212 3520//2212 3414//2212
f 3414//2212 3335//2212 3443//2212
f 3415//2736 3297//2625 3518//2829
f 3518//2829 3521//2830 3415//2736
f 3194//2533 3328//2657 3416//2737
f 3416//2737 3438//2756 3194//2533
f 3298//2626 3300//2628 3416//2737
f 3299//2627 3301//2629 3522//2831
f 3522//2831 3523//2832 3299//2627
f 3524//2833 3300//2628 3299//2627
f 3301//2629 3302//2630 3525//2834
f 3525//2834 3522//2831 3301//2629
f 3307//2635 3306//2634 3526//2835
f 3526//2835 3527//2836 3307//2635
f 3419//2740 3528//2837 3526//2835
f 3526//2835 3306//2634 3419//2740
f 3403//2726 3405//2728 3305//2633
f 3305//2633 3308//2636 3403//2726
f 3307//2635 3527//2836 3408//2731
f 3408//2731 3309//2637 3307//2635
f 3312//2640 3423//2743 3529//2838
f 3529//2838 3422//2742 3312//2640
f 3530//2839 3423//2743 3174//2514
f 3531//2840 3532//2841 3425//2745
f 3425//2745 3424//2744 3531//2840
f 3533//2842 3424//2744 3313//2641
f 3313//2641 3426//2746 3533//2842
f 3534//2843 3535//2844 3174//2514
f 3174//2514 3425//2745 3534//2843
f 3536//2845 3426//2746 3314//2643
f 3314//2643 3427//2747 3536//2845
f 3329//2658 2908//2285 3330//2659
f 3537//2846 3427//2747 3316//2645
f 3316//2645 3428//2748 3537//2846
f 3538//2847 3428//2748 3429//2749
f 3429//2749 3539//2848 3538//2847
f 3429//2749 3317//2646 3430//2750
f 3430//2750 3540//2849 3429//2749
f 3430//2750 3318//2647 3397//2721
f 3397//2721 3501//2812 3430//2750
f 1575//1226 2803//1226 2805//2189
f 2805//2189 3436//2755 3541//2850
f 3541//2850 1576//1227 1575//1226
f 2805//2189 3541//2850 1575//1226
f 2804//2188 3321//2650 3324//2653
f 3323//2652 3189//2528 2804//2188
f 2804//2188 3324//2653 3323//2652
f 3325//2654 3433//2737 3300//2628
f 3300//2628 3542//2851 3434//2753
f 3300//2628 3434//2753 3325//2654
f 3543//2852 3327//2656 3436//2755
f 3436//2755 2805//2189 3544//2852
f 3544//2852 3432//2752 3431//2751
f 3431//2751 3543//2852 3436//2755
f 3436//2755 3544//2852 3431//2751
f 3300//2628 3433//2737 3437//2737
f 3438//2756 3300//2628 3437//2737
f 3203//2541 3441//2759 3545//2853
f 3545//2853 3442//2760 3203//2541
f 3444//2761 3546//2854 3443//2212
f 3443//2212 3337//2212 3444//2761
f 3344//2671 3547//2855 3445//2762
f 3445//2762 3338//2665 3344//2671
f 3445//2762 3548//2856 3546//2854
f 3546//2854 3444//2761 3445//2762
f 3446//2763 3549//2857 3450//2767
f 3450//2767 3447//2764 3446//2763
f 3139//2483 3286//2616 3287//2617
f 3287//2617 3407//2730 3513//2824
f 3513//2824 3550//2858 3551//2859
f 3551//2859 3552//2860 3553//2861
f 3553//2861 3554//2862 3555//2863
f 3555//2863 3556//2864 3557//2865
f 3557//2865 3549//2857 3446//2763
f 3446//2763 3340//2667 3219//2554
f 3219//2554 3218//2553 3341//2668
f 3341//2668 3440//2758 3439//2757
f 3439//2757 3442//2760 3545//2853
f 3545//2853 3502//2813 3396//2720
f 3396//2720 3279//2610 3134//2478
f 3134//2478 3133//2477 3132//2476
f 3132//2476 3135//2479 3136//2480
f 3136//2480 3137//2481 3139//2483
f 3139//2483 3287//2617 3513//2824
f 3513//2824 3551//2859 3553//2861
f 3553//2861 3555//2863 3557//2865
f 3557//2865 3446//2763 3219//2554
f 3219//2554 3341//2668 3439//2757
f 3439//2757 3545//2853 3396//2720
f 3396//2720 3134//2478 3132//2476
f 3132//2476 3136//2480 3139//2483
f 3139//2483 3513//2824 3553//2861
f 3553//2861 3557//2865 3219//2554
f 3219//2554 3439//2757 3396//2720
f 3396//2720 3132//2476 3139//2483
f 3139//2483 3553//2861 3219//2554
f 3219//2554 3396//2720 3139//2483
f 3410//2733 3221//2556 3448//2765
f 3516//2827 3448//2765 3345//2672
f 3345//2672 3449//2766 3516//2827
f 3449//2766 3450//2767 3549//2857
f 3549//2857 3557//2865 3449//2766
f 3346//2673 3451//2768 2239//1688
f 3347//2674 3452//2769 3558//2866
f 3558//2866 3451//2768 3347//2674
f 3348//2675 3453//2770 3559//2867
f 3559//2867 3452//2769 3348//2675
f 3454//2771 3560//2868 3453//2770
f 3453//2770 3349//2676 3454//2771
f 3455//2772 3561//2869 3454//2771
f 3454//2771 3350//2677 3455//2772
f 3456//2773 3562//2870 3455//2772
f 3455//2772 3351//2678 3456//2773
f 3457//2774 3563//2871 3456//2773
f 3456//2773 3352//2679 3457//2774
f 3458//2775 3564//2872 3457//2774
f 3457//2774 3353//2680 3458//2775
f 3458//2775 3354//2681 3459//2776
f 3459//2776 3565//2873 3458//2775
f 3459//2776 3355//2682 3460//2777
f 3460//2777 3566//2874 3459//2776
f 3460//2777 3356//2683 3461//2778
f 3461//2778 3567//2875 3460//2777
f 3461//2778 3357//2684 3462//2779
f 3462//2779 3568//2876 3461//2778
f 3462//2779 3358//2685 3463//2780
f 3463//2780 3569//2877 3462//2779
f 3463//2780 3359//2686 3464//2781
f 3464//2781 3570//2878 3463//2780
f 3464//2781 3360//2687 3465//2782
f 3465//2782 3571//2879 3464//2781
f 3465//2782 3362//2689 3467//2784
f 3467//2784 3572//2880 3465//2782
f 3467//2784 3466//2783 3482//2793
f 3482//2793 3481//2792 3467//2784
f 3371//2695 3480//2791 3466//2783
f 3466//2783 3361//2688 3371//2695
f 3468//2785 3573//2881 3469//2786
f 3470//2787 3468//2785 3240//2575
f 3361//2688 3469//2786 3574//2882
f 3365//2692 3471//35 3363//2690
f 3363//2690 3473//2788 3365//2692
f 3366//2693 3476//35 3475//35
f 3475//35 3474//2789 3366//2693
f 3367//35 3477//35 3575//35
f 3575//35 3476//35 3367//35
f 3478//310 3370//2694 3479//2790
f 3479//2790 3576//2883 3577//2884
f 3479//2790 3577//2884 3478//310
f 3477//35 3369//299 3478//310
f 3478//310 3575//35 3477//35
f 3480//2791 3255//2585 3482//2793
f 3578//2885 3481//2792 3372//2696
f 3372//2696 3483//2794 3578//2885
f 3374//2698 3373//2697 3579//2886
f 3579//2886 3580//2887 3374//2698
f 3373//2697 3375//2699 3581//2888
f 3581//2888 3579//2886 3373//2697
f 3379//2703 3582//2889 3487//2798
f 3487//2798 3260//2591 3379//2703
f 3262//2593 3489//2800 3583//2890
f 3583//2890 3377//2701 3262//2593
f 3584//2891 3489//2892 3488//2799
f 3488//2799 3532//2841 3584//2891
f 3379//2703 3378//2702 3534//2843
f 3534//2843 3582//2889 3379//2703
f 3387//2711 3490//2801 3585//2893
f 3585//2893 3497//2808 3387//2711
f 3380//2704 3491//2802 3586//2894
f 3586//2894 3490//2801 3380//2704
f 3381//2705 3492//2803 3587//2895
f 3587//2895 3491//2802 3381//2705
f 3382//2706 3493//2804 3588//2896
f 3588//2896 3492//2803 3382//2706
f 3383//2707 3494//2805 3589//2897
f 3589//2897 3493//2804 3383//2707
f 3384//2708 3495//2806 3590//2898
f 3590//2898 3494//2805 3384//2708
f 3495//2806 3385//2709 3496//2807
f 3496//2807 3591//2899 3495//2806
f 2239//1688 3496//2807 3386//2710
f 3592//2900 3498//2809 3388//2712
f 3388//2712 3497//2808 3592//2900
f 3593//2901 3499//2810 3389//2713
f 3389//2713 3498//2809 3593//2901
f 3594//2902 3500//2811 3390//2714
f 3390//2714 3499//2810 3594//2902
f 3595//2903 3501//2812 3391//2715
f 3391//2715 3500//2811 3595//2903
f 3502//2813 3545//2853 3441//2759
f 3441//2759 3395//2719 3502//2813
f 3398//2722 3596//2904 3503//2814
f 3597//2905 3281//2612 3504//2815
f 3503//2814 3598//2906 3599//2907
f 3599//2907 3504//2815 3503//2814
f 3281//2612 3600//2723 3505//2816
f 3505//2816 3601//2908 3507//2818
f 3507//2818 3399//2723 3505//2816
f 3602//2909 3141//2485 3506//2817
f 3508//2819 3603//2910 3506//2817
f 3506//2817 3400//2724 3508//2819
f 3508//2819 3507//2818 3604//2911
f 3604//2911 3605//2912 3508//2819
f 3606//2613 3320//2649 3402//2723
f 3402//2723 3607//2913 3608//2914
f 3402//2723 3608//2914 3606//2613
f 3609//2915 3607//2913 3402//2723
f 3402//2723 3401//2725 3609//2915
f 3401//2725 3141//2485 3610//2723
f 3320//2649 3606//2613 3420//2741
f 3420//2741 3319//2648 3320//2649
f 2900//2277 3611//2916 3512//2823
f 3406//2729 3512//2823 3550//2858
f 3550//2858 3513//2824 3406//2729
f 3409//2732 3408//2731 3527//2836
f 3527//2836 3612//2917 3409//2732
f 3409//2732 3612//2917 3514//2825
f 3514//2825 3290//2620 3409//2732
f 3344//2671 3343//2670 3411//2734
f 3411//2734 3515//2826 3547//2855
f 3411//2734 3547//2855 3344//2671
f 3519//2212 3521//2830 3518//2829
f 3518//2829 3413//2212 3519//2212
f 3520//2212 3613//2918 3519//2212
f 3519//2212 3414//2212 3520//2212
f 3546//2854 3614//2919 3520//2212
f 3520//2212 3443//2212 3546//2854
f 3417//2738 3415//2736 3521//2830
f 3521//2830 3615//2920 3417//2738
f 3416//2737 3300//2628 3438//2756
f 3523//2832 3616//2921 3524//2833
f 3524//2833 3299//2627 3523//2832
f 3617//2922 3300//2628 3524//2833
f 3305//2633 3618//2923 3302//2630
f 3418//2739 3417//2738 3615//2920
f 3615//2920 3619//2924 3418//2739
f 3418//2739 3619//2924 3620//2925
f 3620//2925 3419//2740 3418//2739
f 3419//2740 3620//2925 3614//2919
f 3614//2919 3528//2837 3419//2740
f 3529//2838 3423//2743 3530//2839
f 3530//2839 3621//2926 3529//2838
f 3174//2514 3535//2844 3530//2839
f 3622//2927 3584//2891 3532//2841
f 3532//2841 3531//2840 3622//2927
f 3623//2928 3531//2840 3424//2744
f 3424//2744 3533//2842 3623//2928
f 3532//2841 3487//2929 3582//2889
f 3582//2889 3425//2745 3532//2841
f 3624//2930 3533//2842 3426//2746
f 3426//2746 3536//2845 3624//2930
f 3535//2844 3534//2843 3378//2702
f 3378//2702 3625//2931 3535//2844
f 3582//2889 3534//2843 3425//2745
f 3626//2932 3536//2845 3427//2747
f 3427//2747 3537//2846 3626//2932
f 3627//2933 3537//2846 3428//2748
f 3428//2748 3538//2847 3627//2933
f 3628//2934 3538//2847 3539//2848
f 3539//2848 3629//2935 3628//2934
f 3539//2848 3429//2749 3540//2849
f 3540//2849 3630//2936 3539//2848
f 3540//2849 3430//2750 3501//2812
f 3501//2812 3595//2903 3540//2849
f 3435//2754 3434//2753 3631//2937
f 3631//2937 3632//2938 3435//2754
f 3633//2939 3436//2755 3435//2754
f 3547//2855 3634//2940 3548//2856
f 3548//2856 3445//2762 3547//2855
f 3516//2827 3449//2766 3557//2865
f 3557//2865 3556//2864 3516//2827
f 3451//2768 3558//2866 2239//1688
f 3452//2769 3559//2867 3635//2941
f 3635//2941 3558//2866 3452//2769
f 3560//2868 3636//2942 3559//2867
f 3559//2867 3453//2770 3560//2868
f 3561//2869 3637//2943 3560//2868
f 3560//2868 3454//2771 3561//2869
f 3562//2870 3638//2944 3561//2869
f 3561//2869 3455//2772 3562//2870
f 3563//2871 3639//2945 3562//2870
f 3562//2870 3456//2773 3563//2871
f 3564//2872 3640//2946 3563//2871
f 3563//2871 3457//2774 3564//2872
f 3565//2873 3641//2947 3564//2872
f 3564//2872 3458//2775 3565//2873
f 3565//2873 3459//2776 3566//2874
f 3566//2874 3642//2948 3565//2873
f 3566//2874 3460//2777 3567//2875
f 3567//2875 3643//2949 3566//2874
f 3567//2875 3461//2778 3568//2876
f 3568//2876 3644//2950 3567//2875
f 3568//2876 3462//2779 3569//2877
f 3569//2877 3645//2951 3568//2876
f 3569//2877 3463//2780 3570//2878
f 3570//2878 3646//2952 3569//2877
f 3570//2878 3464//2781 3571//2879
f 3571//2879 3647//2953 3570//2878
f 3571//2879 3465//2782 3572//2880
f 3572//2880 3648//2954 3571//2879
f 3467//2784 3481//2792 3578//2885
f 3578//2885 3572//2880 3467//2784
f 3466//2783 3480//2791 3482//2793
f 3469//2786 3573//2881 3574//2882
f 3361//2688 3574//2882 3649//2955
f 3475//35 3650//35 3472//35
f 3472//35 3471//35 3475//35
f 3476//35 3575//35 3650//35
f 3650//35 3475//35 3476//35
f 3575//35 3478//310 3577//2884
f 3577//2884 3650//35 3575//35
f 3361//2688 3576//2883 3479//2790
f 3483//2794 3486//2797 3651//2956
f 3651//2956 3578//2885 3483//2794
f 3579//2957 3581//2888 3652//2958
f 3652//2958 3653//2959 3579//2957
f 3376//2700 3654//2960 3581//2888
f 3581//2888 3375//2699 3376//2700
f 3488//2799 3487//2929 3532//2841
f 3583//2961 3489//2892 3584//2891
f 3497//2808 3585//2893 3655//2962
f 3655//2962 3592//2900 3497//2808
f 3490//2801 3586//2894 3656//2963
f 3656//2963 3585//2893 3490//2801
f 3491//2802 3587//2895 3657//2964
f 3657//2964 3586//2894 3491//2802
f 3492//2803 3588//2896 3658//2965
f 3658//2965 3587//2895 3492//2803
f 3493//2804 3589//2897 3659//2966
f 3659//2966 3588//2896 3493//2804
f 3494//2805 3590//2898 3660//2967
f 3660//2967 3589//2897 3494//2805
f 3495//2806 3591//2899 3661//2968
f 3661//2968 3590//2898 3495//2806
f 2239//1688 3591//2899 3496//2807
f 3662//2969 3593//2901 3498//2809
f 3498//2809 3592//2900 3662//2969
f 3663//2970 3594//2902 3499//2810
f 3499//2810 3593//2901 3663//2970
f 3664//2971 3595//2903 3500//2811
f 3500//2811 3594//2902 3664//2971
f 3398//2722 3665//2972 3596//2904
f 3596//2904 3666//2973 3598//2906
f 3598//2906 3503//2814 3596//2904
f 3667//2904 3281//2612 3597//2905
f 3599//2907 3668//2974 3597//2905
f 3597//2905 3504//2815 3599//2907
f 3281//2612 3669//2723 3600//2723
f 3600//2723 3670//2975 3601//2908
f 3601//2908 3505//2816 3600//2723
f 3507//2818 3601//2908 3671//2976
f 3671//2976 3604//2911 3507//2818
f 3672//2723 3141//2485 3602//2909
f 3603//2910 3673//2977 3602//2909
f 3602//2909 3506//2817 3603//2910
f 3603//2910 3508//2819 3605//2912
f 3605//2912 3674//2978 3603//2910
f 3607//2913 3609//2915 3675//2979
f 3675//2979 3676//2980 3607//2913
f 3677//2981 3609//2915 3401//2725
f 3401//2725 3610//2723 3677//2981
f 3610//2723 3141//2485 3678//2724
f 3421//2741 3420//2741 3606//2613
f 3606//2613 3305//2633 3405//2728
f 3405//2728 3679//2982 3421//2741
f 3606//2613 3405//2728 3421//2741
f 2900//2277 3680//2983 3611//2916
f 3547//2855 3515//2826 3514//2825
f 3514//2825 3634//2940 3547//2855
f 3681//2984 2900//2277 3517//2828
f 3613//2918 3615//2920 3521//2830
f 3521//2830 3519//2212 3613//2918
f 3613//2918 3520//2212 3614//2919
f 3614//2919 3620//2925 3613//2918
f 3300//2628 3617//2922 3682//2985
f 3683//2986 3682//2985 3617//2922
f 3617//2922 3524//2833 3616//2921
f 3617//2922 3616//2921 3683//2986
f 3525//2834 3302//2630 3618//2923
f 3618//2923 3684//2987 3685//2988
f 3618//2923 3685//2988 3525//2834
f 3684//2987 3618//2923 3305//2633
f 3615//2920 3613//2918 3620//2925
f 3620//2925 3619//2924 3615//2920
f 3621//2926 3530//2839 3535//2844
f 3535//2844 3625//2931 3621//2926
f 3686//2989 3622//2927 3531//2840
f 3531//2840 3623//2928 3686//2989
f 3687//2990 3623//2928 3533//2842
f 3533//2842 3624//2930 3687//2990
f 3688//2991 3624//2930 3536//2845
f 3536//2845 3626//2932 3688//2991
f 3621//2926 3625//2992 3378//2702
f 3378//2702 3263//2594 3311//2639
f 3311//2639 3422//2742 3529//2838
f 3529//2838 3621//2926 3378//2702
f 3378//2702 3311//2639 3529//2838
f 3689//2993 3626//2932 3537//2846
f 3537//2846 3627//2933 3689//2993
f 3690//2994 3627//2933 3538//2847
f 3538//2847 3628//2934 3690//2994
f 3691//2995 3628//2934 3629//2935
f 3629//2935 3692//2996 3691//2995
f 3629//2935 3539//2848 3630//2936
f 3630//2936 3693//2997 3629//2935
f 3630//2936 3540//2849 3595//2903
f 3595//2903 3664//2971 3630//2936
f 3694//2998 3695//2814 3398//2722
f 3541//2850 3436//2755 3696//2999
f 3696//2999 3697//3000 3695//2814
f 3695//2814 3694//2998 3541//2850
f 3696//2999 3695//2814 3541//2850
f 3434//2753 3542//2851 3698//3001
f 3698//3001 3631//2937 3434//2753
f 3300//2628 3699//3002 3542//2851
f 3700//3003 3633//2939 3435//2754
f 3435//2754 3632//2938 3700//3003
f 3436//2755 3633//2939 3701//3004
f 3634//2940 3526//2835 3528//2837
f 3528//2837 3548//2856 3634//2940
f 3528//2837 3614//2919 3546//2854
f 3546//2854 3548//2856 3528//2837
f 3556//2864 3555//2863 3517//2828
f 3517//2828 3516//2827 3556//2864
f 3558//2866 3635//2941 2239//1688
f 3636//2942 3702//3005 3635//2941
f 3635//2941 3559//2867 3636//2942
f 3637//2943 3703//3006 3636//2942
f 3636//2942 3560//2868 3637//2943
f 3638//2944 3704//3007 3637//2943
f 3637//2943 3561//2869 3638//2944
f 3639//2945 3705//3008 3638//2944
f 3638//2944 3562//2870 3639//2945
f 3640//2946 3706//3009 3639//2945
f 3639//2945 3563//2871 3640//2946
f 3641//2947 3707//3010 3640//2946
f 3640//2946 3564//2872 3641//2947
f 3642//2948 3708//3011 3641//2947
f 3641//2947 3565//2873 3642//2948
f 3642//2948 3566//2874 3643//2949
f 3643//2949 3709//3012 3642//2948
f 3643//2949 3567//2875 3644//2950
f 3644//2950 3710//3013 3643//2949
f 3644//2950 3568//2876 3645//2951
f 3645//2951 3711//3014 3644//2950
f 3645//2951 3569//2877 3646//2952
f 3646//2952 3712//3015 3645//2951
f 3646//2952 3570//2878 3647//2953
f 3647//2953 3713//3016 3646//2952
f 3647//2953 3571//2879 3648//2954
f 3648//2954 3714//3017 3647//2953
f 3648//2954 3572//2880 3653//2959
f 3653//2959 3715//3018 3648//2954
f 3572//2880 3578//2885 3651//2956
f 3472//35 3716//3019 3573//2881
f 3573//2881 3468//2785 3470//2787
f 3470//2787 3364//2691 3472//35
f 3573//2881 3470//2787 3472//35
f 3574//2882 3573//2881 3716//3019
f 3716//3019 3649//2955 3574//2882
f 3361//2688 3649//2955 3576//2883
f 3650//35 3577//2884 3716//3019
f 3716//3019 3472//35 3650//35
f 3649//2955 3716//3019 3577//2884
f 3577//2884 3576//2883 3649//2955
f 3486//2797 3485//2796 3717//3020
f 3717//3020 3651//2956 3486//2797
f 3653//2959 3580//2887 3579//2957
f 3484//2795 3374//2698 3580//2887
f 3580//2887 3718//3021 3484//2795
f 3718//3021 3580//2887 3653//2959
f 3653//2959 3572//2880 3718//3021
f 3719//3022 3720//3023 3653//2959
f 3653//2959 3652//2958 3719//3022
f 3652//2958 3581//2888 3654//2960
f 3583//2890 3654//2960 3376//2700
f 3376//2700 3377//2701 3583//2890
f 3652//2958 3654//2960 3583//2961
f 3583//2961 3584//2891 3652//2958
f 3592//2900 3655//2962 3721//3024
f 3721//3024 3662//2969 3592//2900
f 3585//2893 3656//2963 3722//3025
f 3722//3025 3655//2962 3585//2893
f 3586//2894 3657//2964 3723//3026
f 3723//3026 3656//2963 3586//2894
f 3587//2895 3658//2965 3724//3027
f 3724//3027 3657//2964 3587//2895
f 3588//2896 3659//2966 3725//3028
f 3725//3028 3658//2965 3588//2896
f 3589//2897 3660//2967 3726//3029
f 3726//3029 3659//2966 3589//2897
f 3590//2898 3661//2968 3727//3030
f 3727//3030 3660//2967 3590//2898
f 2239//1688 3661//2968 3591//2899
f 3728//3031 3663//2970 3593//2901
f 3593//2901 3662//2969 3728//3031
f 3729//3032 3664//2971 3594//2902
f 3594//2902 3663//2970 3729//3032
f 3553//2861 3552//2860 3680//2983
f 3680//2983 3730//3033 3553//2861
f 3552//2860 3551//2859 3611//2916
f 3611//2916 3680//2983 3552//2860
f 3551//2859 3550//2858 3512//2823
f 3512//2823 3611//2916 3551//2859
f 3398//2722 3731//2814 3665//2972
f 3665//2972 3732//3034 3666//2973
f 3666//2973 3596//2904 3665//2972
f 3598//2906 3666//2973 3733//3035
f 3733//3035 3734//3036 3598//2906
f 3735//2972 3281//2612 3667//2904
f 3668//2974 3736//3037 3667//2904
f 3667//2904 3597//2905 3668//2974
f 3734//3036 3737//3038 3599//2907
f 3599//2907 3598//2906 3734//3036
f 3737//3038 3738//3039 3668//2974
f 3668//2974 3599//2907 3737//3038
f 3669//2723 3281//2612 3739//3040
f 3669//2723 3740//3041 3670//2975
f 3670//2975 3600//2723 3669//2723
f 3601//2908 3670//2975 3741//3042
f 3741//3042 3671//2976 3601//2908
f 3678//2724 3141//2485 3672//2723
f 3673//2977 3742//3043 3672//2723
f 3672//2723 3602//2909 3673//2977
f 3673//2977 3603//2910 3674//2978
f 3674//2978 3743//3044 3673//2977
f 3676//2980 3744//3045 3608//2914
f 3608//2914 3607//2913 3676//2980
f 3745//3046 3676//2980 3675//2979
f 3609//2915 3677//2981 3745//3046
f 3745//3046 3675//2979 3609//2915
f 3746//3047 3677//2981 3610//2723
f 3610//2723 3678//2724 3746//3047
f 2900//2277 3730//3033 3680//2983
f 3612//2917 3527//2836 3526//2835
f 3526//2835 3634//2940 3514//2825
f 3526//2835 3514//2825 3612//2917
f 3555//2863 3554//2862 3681//2984
f 3681//2984 3517//2828 3555//2863
f 3730//3033 2900//2277 3681//2984
f 3300//2628 3682//2985 3747//3048
f 3747//3048 3682//2985 3683//2986
f 3683//2986 3748//3049 3747//3048
f 3684//2987 3749//3050 3750//3051
f 3750//3051 3685//2988 3684//2987
f 3749//3050 3684//2987 3305//2633
f 3606//2613 3608//2914 3751//3052
f 3751//3052 3305//2633 3606//2613
f 3584//2891 3752//3053 3753//3054
f 3754//3055 3752//3053 3584//2891
f 3584//2891 3622//2927 3754//3055
f 3755//3056 3756//3057 3622//2927
f 3622//2927 3686//2989 3755//3056
f 3757//3058 3686//2989 3623//2928
f 3623//2928 3687//2990 3757//3058
f 3758//3059 3687//2990 3624//2930
f 3624//2930 3688//2991 3758//3059
f 3759//3060 3688//2991 3626//2932
f 3626//2932 3689//2993 3759//3060
f 3760//3061 3689//2993 3627//2933
f 3627//2933 3690//2994 3760//3061
f 3761//3062 3690//2994 3628//2934
f 3628//2934 3691//2995 3761//3062
f 3692//2996 3762//3063 3763//3064
f 3763//3064 3691//2995 3692//2996
f 3692//2996 3629//2935 3693//2997
f 3693//2997 3764//3065 3692//2996
f 3693//2997 3630//2936 3664//2971
f 3664//2971 3729//3032 3693//2997
f 3398//2722 3695//2814 3731//2814
f 3696//2999 3436//2755 3765//3066
f 3542//2851 3699//3002 3766//3067
f 3766//3067 3698//3001 3542//2851
f 3699//3002 3300//2628 3767//3068
f 3701//3004 3633//2939 3700//3003
f 3700//3003 3768//3069 3701//3004
f 3436//2755 3701//3004 3769//3070
f 3702//3005 2239//1688 3635//2941
f 3703//3006 3770//3071 3702//3005
f 3702//3005 3636//2942 3703//3006
f 3704//3007 3771//3072 3703//3006
f 3703//3006 3637//2943 3704//3007
f 3705//3008 3772//3073 3704//3007
f 3704//3007 3638//2944 3705//3008
f 3706//3009 3773//3074 3705//3008
f 3705//3008 3639//2945 3706//3009
f 3707//3010 3774//3075 3706//3009
f 3706//3009 3640//2946 3707//3010
f 3708//3011 3775//3076 3707//3010
f 3707//3010 3641//2947 3708//3011
f 3709//3012 3776//3077 3708//3011
f 3708//3011 3642//2948 3709//3012
f 3709//3012 3643//2949 3710//3013
f 3710//3013 3777//3078 3709//3012
f 3710//3013 3644//2950 3711//3014
f 3711//3014 3778//3079 3710//3013
f 3711//3014 3645//2951 3712//3015
f 3712//3015 3779//3080 3711//3014
f 3712//3015 3646//2952 3713//3016
f 3713//3016 3780//3081 3712//3015
f 3713//3016 3647//2953 3714//3017
f 3714//3017 3781//3082 3713//3016
f 3714//3017 3648//2954 3715//3018
f 3715//3018 3782//3083 3714//3017
f 3653//2959 3783//3084 3784//3085
f 3784//3085 3715//3018 3653//2959
f 3572//2880 3651//2956 3717//3020
f 3718//3021 3717//3020 3485//2796
f 3485//2796 3484//2795 3718//3021
f 3717//3020 3718//3021 3572//2880
f 3720//3023 3719//3022 3785//3086
f 3785//3086 3786//3087 3720//3023
f 3652//2958 3787//3088 3719//3022
f 3653//2959 3720//3023 3788//3089
f 3584//2891 3789//3090 3790//3091
f 3790//3091 3652//2958 3584//2891
f 3662//2969 3721//3024 3791//3092
f 3791//3092 3728//3031 3662//2969
f 3655//2962 3722//3025 3792//3093
f 3792//3093 3721//3024 3655//2962
f 3656//2963 3723//3026 3793//3094
f 3793//3094 3722//3025 3656//2963
f 3657//2964 3724//3027 3794//3095
f 3794//3095 3723//3026 3657//2964
f 3658//2965 3725//3028 3795//3096
f 3795//3096 3724//3027 3658//2965
f 3659//2966 3726//3029 3796//3097
f 3796//3097 3725//3028 3659//2966
f 3660//2967 3727//3030 3797//3098
f 3797//3098 3726//3029 3660//2967
f 2239//1688 3727//3030 3661//2968
f 3798//3099 3729//3032 3663//2970
f 3663//2970 3728//3031 3798//3099
f 3730//3033 3681//2984 3554//2862
f 3554//2862 3553//2861 3730//3033
f 3731//2814 3799//3100 3732//3034
f 3732//3034 3665//2972 3731//2814
f 3666//2973 3732//3034 3800//3101
f 3800//3101 3733//3035 3666//2973
f 3801//2904 3281//2612 3735//2972
f 3736//3037 3802//3102 3735//2972
f 3735//2972 3667//2904 3736//3037
f 3736//3037 3668//2974 3738//3039
f 3738//3039 3803//3103 3736//3037
f 3739//3040 3281//2612 3804//2904
f 3805//3104 3740//3041 3669//2723
f 3669//2723 3739//3040 3300//2628
f 3669//2723 3300//2628 3805//3104
f 3670//2975 3740//3041 3806//3105
f 3806//3105 3741//3042 3670//2975
f 3742//3043 3746//3047 3678//2724
f 3678//2724 3672//2723 3742//3043
f 3742//3043 3673//2977 3743//3044
f 3743//3044 3807//3106 3742//3043
f 3748//3049 3683//2986 3616//2921
f 3616//2921 3523//2832 3522//2831
f 3522//2831 3525//2834 3685//2988
f 3685//2988 3750//3051 3808//3107
f 3808//3107 3809//3108 3810//3109
f 3810//3109 3811//3110 3812//3111
f 3812//3111 3744//3045 3676//2980
f 3676//2980 3745//3046 3813//3112
f 3813//3112 3807//3106 3743//3044
f 3743//3044 3674//2978 3605//2912
f 3605//2912 3604//2911 3671//2976
f 3671//2976 3741//3042 3806//3105
f 3806//3105 3814//3113 3815//3114
f 3815//3114 3816//3115 3817//3116
f 3817//3116 3818//3117 3819//3118
f 3819//3118 3820//3119 3748//3049
f 3748//3049 3616//2921 3522//2831
f 3522//2831 3685//2988 3808//3107
f 3808//3107 3810//3109 3812//3111
f 3812//3111 3676//2980 3813//3112
f 3813//3112 3743//3044 3605//2912
f 3605//2912 3671//2976 3806//3105
f 3806//3105 3815//3114 3817//3116
f 3817//3116 3819//3118 3748//3049
f 3748//3049 3522//2831 3808//3107
f 3808//3107 3812//3111 3813//3112
f 3813//3112 3605//2912 3806//3105
f 3806//3105 3817//3116 3748//3049
f 3748//3049 3808//3107 3813//3112
f 3813//3112 3806//3105 3748//3049
f 3677//2981 3746//3047 3813//3112
f 3813//3112 3745//3046 3677//2981
f 3300//2628 3747//3048 3821//3120
f 3747//3048 3748//3049 3820//3119
f 3820//3119 3821//3120 3747//3048
f 3822//3121 3749//3050 3305//2633
f 3751//3052 3823//3122 3305//2633
f 3751//3052 3608//2914 3744//3045
f 3744//3045 3824//3123 3751//3052
f 3584//2891 3753//3054 3825//3124
f 3753//3054 3752//3053 3826//3125
f 3826//3125 3827//3126 3753//3054
f 3752//3053 3754//3055 3828//3127
f 3828//3127 3826//3125 3752//3053
f 3829//3128 3754//3055 3622//2927
f 3782//3083 3715//3018 3756//3057
f 3756//3057 3755//3056 3782//3083
f 3830//3129 3755//3056 3686//2989
f 3686//2989 3757//3058 3830//3129
f 3831//3130 3832//3131 3622//2927
f 3622//2927 3756//3057 3831//3130
f 3833//3132 3757//3058 3687//2990
f 3687//2990 3758//3059 3833//3132
f 3834//3133 3758//3059 3688//2991
f 3688//2991 3759//3060 3834//3133
f 3835//3134 3759//3060 3689//2993
f 3689//2993 3760//3061 3835//3134
f 3836//3135 3760//3061 3690//2994
f 3690//2994 3761//3062 3836//3135
f 3691//2995 3763//3064 3837//3136
f 3837//3136 3761//3062 3691//2995
f 3764//3065 3838//3137 3762//3063
f 3762//3063 3692//2996 3764//3065
f 3762//3063 3839//3138 3840//3139
f 3840//3139 3763//3064 3762//3063
f 3764//3065 3693//2997 3729//3032
f 3729//3032 3798//3099 3764//3065
f 3695//2814 3697//3000 3799//3100
f 3799//3100 3731//2814 3695//2814
f 3696//2999 3765//3066 3841//3140
f 3841//3140 3842//3141 3696//2999
f 3436//2755 3843//3142 3765//3066
f 3766//3067 3699//3002 3767//3068
f 3767//3068 3844//3143 3845//3144
f 3767//3068 3845//3144 3766//3067
f 3844//3143 3767//3068 3300//2628
f 3768//3069 3846//3145 3769//3070
f 3769//3070 3701//3004 3768//3069
f 3436//2755 3769//3070 3847//3146
f 3770//3071 2239//1688 3702//3005
f 3771//3072 3848//3147 3770//3071
f 3770//3071 3703//3006 3771//3072
f 3772//3073 3849//3148 3771//3072
f 3771//3072 3704//3007 3772//3073
f 3773//3074 3850//3149 3772//3073
f 3772//3073 3705//3008 3773//3074
f 3774//3075 3851//3150 3773//3074
f 3773//3074 3706//3009 3774//3075
f 3775//3076 3852//3151 3774//3075
f 3774//3075 3707//3010 3775//3076
f 3776//3077 3853//3152 3775//3076
f 3775//3076 3708//3011 3776//3077
f 3777//3078 3854//3153 3776//3077
f 3776//3077 3709//3012 3777//3078
f 3777//3078 3710//3013 3778//3079
f 3778//3079 3855//3154 3777//3078
f 3778//3079 3711//3014 3779//3080
f 3779//3080 3856//3155 3778//3079
f 3779//3080 3712//3015 3780//3081
f 3780//3081 3857//3156 3779//3080
f 3780//3081 3713//3016 3781//3082
f 3781//3082 3858//3157 3780//3081
f 3781//3082 3714//3017 3782//3083
f 3782//3083 3859//3158 3781//3082
f 3653//2959 3860//3159 3783//3084
f 3784//3085 3861//3160 3715//3018
f 3784//3085 3783//3084 3862//3161
f 3862//3161 3863//3162 3784//3085
f 3788//3089 3720//3023 3786//3087
f 3786//3087 3864//3163 3788//3089
f 3719//3022 3787//3088 3865//3164
f 3865//3164 3785//3086 3719//3022
f 3652//2958 3866//3165 3787//3088
f 3653//2959 3788//3089 3867//3166
f 3584//2891 3868//3167 3789//3090
f 3790//3091 3869//3168 3652//2958
f 3790//3091 3789//3090 3870//3169
f 3870//3169 3871//3170 3790//3091
f 3728//3031 3791//3092 3872//3171
f 3872//3171 3798//3099 3728//3031
f 3721//3024 3792//3093 3873//3172
f 3873//3172 3791//3092 3721//3024
f 3722//3025 3793//3094 3874//3173
f 3874//3173 3792//3093 3722//3025
f 3723//3026 3794//3095 3875//3174
f 3875//3174 3793//3094 3723//3026
f 3724//3027 3795//3096 3876//3175
f 3876//3175 3794//3095 3724//3027
f 3725//3028 3796//3097 3877//3176
f 3877//3176 3795//3096 3725//3028
f 3726//3029 3797//3098 3878//3177
f 3878//3177 3796//3097 3726//3029
f 3727//3030 2239//1688 3797//3098
f 3732//3034 3799//3100 3879//3178
f 3879//3178 3800//3101 3732//3034
f 3738//3039 3737//3038 3734//3036
f 3734//3036 3733//3035 3800//3101
f 3800//3101 3879//3178 3880//3179
f 3880//3179 3842//3141 3841//3140
f 3841//3140 3881//3116 3882//3180
f 3882//3180 3883//3181 3884//3182
f 3884//3182 3846//3145 3768//3069
f 3768//3069 3700//3003 3632//2938
f 3632//2938 3631//2937 3698//3001
f 3698//3001 3766//3067 3845//3144
f 3845//3144 3885//3183 3886//3184
f 3886//3184 3887//3185 3888//3186
f 3888//3186 3889//3187 3890//3188
f 3890//3188 3891//3189 3892//3190
f 3892//3190 3893//3191 3894//3192
f 3894//3192 3803//3103 3738//3039
f 3738//3039 3734//3036 3800//3101
f 3800//3101 3880//3179 3841//3140
f 3841//3140 3882//3180 3884//3182
f 3884//3182 3768//3069 3632//2938
f 3632//2938 3698//3001 3845//3144
f 3845//3144 3886//3184 3888//3186
f 3888//3186 3890//3188 3892//3190
f 3892//3190 3894//3192 3738//3039
f 3738//3039 3800//3101 3841//3140
f 3841//3140 3884//3182 3632//2938
f 3632//2938 3845//3144 3888//3186
f 3888//3186 3892//3190 3738//3039
f 3738//3039 3841//3140 3632//2938
f 3632//2938 3888//3186 3738//3039
f 3895//2904 3281//2612 3801//2904
f 3802//3102 3896//3193 3801//2904
f 3801//2904 3735//2972 3802//3102
f 3803//3103 3894//3192 3802//3102
f 3802//3102 3736//3037 3803//3103
f 3300//2628 3739//3040 3804//2904
f 3804//2904 3897//3194 3898//3195
f 3804//2904 3898//3195 3300//2628
f 3804//2904 3281//2612 3895//2904
f 3740//3041 3805//3104 3814//3113
f 3814//3113 3806//3105 3740//3041
f 3746//3047 3742//3043 3807//3106
f 3807//3106 3813//3112 3746//3047
f 3822//3121 3899//3196 3809//3108
f 3809//3108 3808//3107 3822//3121
f 3300//2628 3821//3120 3900//3197
f 3749//3050 3822//3121 3808//3107
f 3808//3107 3750//3051 3749//3050
f 3899//3196 3822//3121 3305//2633
f 3823//3122 3751//3052 3824//3123
f 3824//3123 3812//3111 3823//3122
f 3823//3122 3901//3198 3305//2633
f 3744//3045 3812//3111 3824//3123
f 3584//2891 3825//3124 3902//3199
f 3825//3124 3753//3054 3827//3126
f 3827//3126 3903//3200 3825//3124
f 3754//3055 3829//3128 3904//3201
f 3904//3201 3828//3127 3754//3055
f 3905//3202 3829//3128 3622//2927
f 3859//3158 3782//3083 3755//3056
f 3755//3056 3830//3129 3859//3158
f 3715//3018 3906//3203 3907//3204
f 3907//3204 3756//3057 3715//3018
f 3908//3205 3830//3129 3757//3058
f 3757//3058 3833//3132 3908//3205
f 3832//3131 3831//3130 3909//3206
f 3909//3206 3910//3207 3832//3131
f 3756//3057 3911//3208 3831//3130
f 3832//3131 3912//3209 3622//2927
f 3913//3210 3833//3132 3758//3059
f 3758//3059 3834//3133 3913//3210
f 3914//3211 3834//3133 3759//3060
f 3759//3060 3835//3134 3914//3211
f 3915//3212 3835//3134 3760//3061
f 3760//3061 3836//3135 3915//3212
f 3761//3062 3837//3136 3916//3213
f 3916//3213 3836//3135 3761//3062
f 3763//3064 3840//3139 3917//3214
f 3917//3214 3837//3136 3763//3064
f 3798//3099 3872//3171 3838//3137
f 3838//3137 3764//3065 3798//3099
f 3838//3137 3918//3215 3839//3138
f 3839//3138 3762//3063 3838//3137
f 3839//3138 3919//3216 3920//3217
f 3920//3217 3840//3139 3839//3138
f 3799//3100 3697//3000 3880//3179
f 3880//3179 3879//3178 3799//3100
f 3842//3141 3880//3179 3697//3000
f 3697//3000 3696//2999 3842//3141
f 3436//2755 3921//3218 3843//3142
f 3765//3066 3843//3142 3881//3116
f 3881//3116 3841//3140 3765//3066
f 3844//3143 3922//3219 3885//3183
f 3885//3183 3845//3144 3844//3143
f 3922//3219 3844//3143 3300//2628
f 3436//2755 3847//3146 3923//3220
f 3769//3070 3846//3145 3884//3182
f 3884//3182 3847//3146 3769//3070
f 3848//3147 2239//1688 3770//3071
f 3849//3148 3924//3221 3848//3147
f 3848//3147 3771//3072 3849//3148
f 3850//3149 3925//3222 3849//3148
f 3849//3148 3772//3073 3850//3149
f 3851//3150 3926//3223 3850//3149
f 3850//3149 3773//3074 3851//3150
f 3852//3151 3927//3224 3851//3150
f 3851//3150 3774//3075 3852//3151
f 3853//3152 3928//3225 3852//3151
f 3852//3151 3775//3076 3853//3152
f 3854//3153 3929//3226 3853//3152
f 3853//3152 3776//3077 3854//3153
f 3855//3154 3930//3227 3854//3153
f 3854//3153 3777//3078 3855//3154
f 3855//3154 3778//3079 3856//3155
f 3856//3155 3931//3228 3855//3154
f 3856//3155 3779//3080 3857//3156
f 3857//3156 3932//3229 3856//3155
f 3857//3156 3780//3081 3858//3157
f 3858//3157 3933//3230 3857//3156
f 3858//3157 3781//3082 3859//3158
f 3859//3158 3934//3231 3858//3157
f 3653//2959 3935//3232 3860//3159
f 3783//3084 3860//3159 3936//3233
f 3936//3233 3862//3161 3783//3084
f 3861//3160 3784//3085 3863//3162
f 3863//3162 3937//3234 3861//3160
f 3861//3160 3938//3235 3715//3018
f 3867//3166 3788//3089 3864//3163
f 3864//3163 3939//3236 3867//3166
f 3939//3236 3864//3163 3786//3087
f 3786//3087 3785//3086 3865//3164
f 3865//3164 3940//3237 3941//3238
f 3941//3238 3942//3239 3943//3240
f 3943//3240 3944//3241 3945//3242
f 3945//3242 3946//3243 3947//3244
f 3947//3244 3948//3245 3949//3246
f 3949//3246 3950//3247 3951//3248
f 3951//3248 3952//3249 3953//3250
f 3953//3250 3954//3251 3955//3252
f 3955//3252 3956//3253 3957//3254
f 3957//3254 3958//3255 3959//3256
f 3959//3256 3960//3257 3937//3234
f 3937//3234 3863//3162 3862//3161
f 3862//3161 3936//3233 3961//3258
f 3961//3258 3962//3259 3939//3236
f 3939//3236 3786//3087 3865//3164
f 3865//3164 3941//3238 3943//3240
f 3943//3240 3945//3242 3947//3244
f 3947//3244 3949//3246 3951//3248
f 3951//3248 3953//3250 3955//3252
f 3955//3252 3957//3254 3959//3256
f 3959//3256 3937//3234 3862//3161
f 3862//3161 3961//3258 3939//3236
f 3939//3236 3865//3164 3943//3240
f 3943//3240 3947//3244 3951//3248
f 3951//3248 3955//3252 3959//3256
f 3959//3256 3862//3161 3939//3236
f 3939//3236 3943//3240 3951//3248
f 3951//3248 3959//3256 3939//3236
f 3787//3088 3866//3165 3940//3237
f 3940//3237 3865//3164 3787//3088
f 3652//2958 3963//3260 3866//3165
f 3653//2959 3867//3166 3964//3261
f 3584//2891 3965//3262 3868//3167
f 3789//3090 3868//3167 3966//3263
f 3966//3263 3870//3169 3789//3090
f 3869//3168 3790//3091 3871//3170
f 3871//3170 3967//3264 3869//3168
f 3869//3168 3968//3265 3652//2958
f 3791//3092 3873//3172 3969//3266
f 3969//3266 3872//3171 3791//3092
f 3792//3093 3874//3173 3970//3267
f 3970//3267 3873//3172 3792//3093
f 3793//3094 3875//3174 3971//3268
f 3971//3268 3874//3173 3793//3094
f 3794//3095 3876//3175 3972//3269
f 3972//3269 3875//3174 3794//3095
f 3795//3096 3877//3176 3973//3270
f 3973//3270 3876//3175 3795//3096
f 3796//3097 3878//3177 3974//3271
f 3974//3271 3877//3176 3796//3097
f 3797//3098 2239//1688 3878//3177
f 3896//3193 3975//3272 3895//2904
f 3895//2904 3801//2904 3896//3193
f 3896//3193 3802//3102 3894//3192
f 3894//3192 3893//3191 3896//3193
f 3300//2628 3976//3273 3805//3104
f 3975//3272 3897//3194 3804//2904
f 3804//2904 3895//2904 3975//3272
f 3899//3196 3977//3274 3810//3109
f 3810//3109 3809//3108 3899//3196
f 3300//2628 3900//3197 3978//3275
f 3900//3197 3821//3120 3820//3119
f 3820//3119 3819//3118 3900//3197
f 3977//3274 3899//3196 3305//2633
f 3901//3198 3823//3122 3812//3111
f 3812//3111 3811//3110 3901//3198
f 3901//3198 3977//3274 3305//2633
f 3584//2891 3902//3199 3979//3276
f 3902//3199 3825//3124 3903//3200
f 3903//3200 3980//3277 3902//3199
f 3829//3128 3905//3202 3981//3278
f 3981//3278 3904//3201 3829//3128
f 3982//3279 3905//3202 3622//2927
f 3934//3231 3859//3158 3830//3129
f 3830//3129 3908//3205 3934//3231
f 3983//3280 3906//3203 3715//3018
f 3907//3204 3984//3281 3756//3057
f 3907//3204 3906//3203 3958//3255
f 3958//3255 3957//3254 3907//3204
f 3985//3282 3908//3205 3833//3132
f 3833//3132 3913//3210 3985//3282
f 3912//3209 3832//3131 3910//3207
f 3910//3207 3986//3283 3912//3209
f 3831//3130 3911//3208 3987//3284
f 3987//3284 3909//3206 3831//3130
f 3756//3057 3988//3285 3911//3208
f 3912//3209 3989//3286 3622//2927
f 3990//3287 3913//3210 3834//3133
f 3834//3133 3914//3211 3990//3287
f 3991//3288 3914//3211 3835//3134
f 3835//3134 3915//3212 3991//3288
f 3836//3135 3916//3213 3992//3289
f 3992//3289 3915//3212 3836//3135
f 3837//3136 3917//3214 3993//3290
f 3993//3290 3916//3213 3837//3136
f 3840//3139 3920//3217 3994//3291
f 3994//3291 3917//3214 3840//3139
f 3872//3171 3969//3266 3918//3215
f 3918//3215 3838//3137 3872//3171
f 3918//3215 3995//3292 3919//3216
f 3919//3216 3839//3138 3918//3215
f 3919//3216 3996//3293 3997//3294
f 3997//3294 3920//3217 3919//3216
f 3436//2755 3923//3220 3921//3218
f 3843//3142 3921//3218 3882//3180
f 3882//3180 3881//3116 3843//3142
f 3922//3219 3998//3295 3886//3184
f 3886//3184 3885//3183 3922//3219
f 3998//3295 3922//3219 3300//2628
f 3923//3220 3847//3146 3884//3182
f 3884//3182 3883//3181 3923//3220
f 3924//3221 2239//1688 3848//3147
f 3925//3222 3999//3296 3924//3221
f 3924//3221 3849//3148 3925//3222
f 3926//3223 4000//3297 3925//3222
f 3925//3222 3850//3149 3926//3223
f 3927//3224 4001//3298 3926//3223
f 3926//3223 3851//3150 3927//3224
f 3928//3225 4002//3299 3927//3224
f 3927//3224 3852//3151 3928//3225
f 3929//3226 4003//3300 3928//3225
f 3928//3225 3853//3152 3929//3226
f 3930//3227 4004//3301 3929//3226
f 3929//3226 3854//3153 3930//3227
f 3931//3228 4005//3302 3930//3227
f 3930//3227 3855//3154 3931//3228
f 3931//3228 3856//3155 3932//3229
f 3932//3229 4006//3303 3931//3228
f 3932//3229 3857//3156 3933//3230
f 3933//3230 4007//3304 3932//3229
f 3933//3230 3858//3157 3934//3231
f 3934//3231 4008//3305 3933//3230
f 3653//2959 3964//3261 3935//3232
f 3860//3159 3935//3232 3961//3258
f 3961//3258 3936//3233 3860//3159
f 3938//3235 3861//3160 3937//3234
f 3937//3234 3960//3257 3938//3235
f 3938//3235 3983//3280 3715//3018
f 3964//3261 3867//3166 3939//3236
f 3939//3236 3962//3259 3964//3261
f 3652//2958 4009//3306 3963//3260
f 3866//3165 3963//3260 3941//3238
f 3941//3238 3940//3237 3866//3165
f 3584//2891 3979//3276 3965//3262
f 3868//3167 3965//3262 4010//3307
f 4010//3307 3966//3263 3868//3167
f 3968//3265 3869//3168 3967//3264
f 3967//3264 4011//3308 3968//3265
f 4012//3309 3652//2958 3968//3265
f 3873//3172 3970//3267 4013//3310
f 4013//3310 3969//3266 3873//3172
f 3874//3173 3971//3268 4014//3311
f 4014//3311 3970//3267 3874//3173
f 3875//3174 3972//3269 4015//3312
f 4015//3312 3971//3268 3875//3174
f 3876//3175 3973//3270 4016//3313
f 4016//3313 3972//3269 3876//3175
f 3877//3176 3974//3271 4017//3314
f 4017//3314 3973//3270 3877//3176
f 3878//3177 2239//1688 3974//3271
f 3975//3272 3896//3193 3893//3191
f 3893//3191 3892//3190 3975//3272
f 3976//3273 3300//2628 4018//3315
f 3805//3104 3976//3273 3815//3114
f 3815//3114 3814//3113 3805//3104
f 3897//3194 3975//3272 3892//3190
f 3892//3190 3891//3189 3897//3194
f 3977//3274 3901//3198 3811//3110
f 3811//3110 3810//3109 3977//3274
f 3300//2628 3978//3275 4019//3316
f 3978//3275 3900//3197 3819//3118
f 3819//3118 3818//3117 3978//3275
f 3979//3276 3902//3199 3980//3277
f 3980//3277 4020//3317 3979//3276
f 3905//3202 3982//3279 4021//3318
f 4021//3318 3981//3278 3905//3202
f 3989//3286 3982//3279 3622//2927
f 4008//3305 3934//3231 3908//3205
f 3908//3205 3985//3282 4008//3305
f 3906//3203 3983//3280 3959//3256
f 3959//3256 3958//3255 3906//3203
f 3984//3281 4022//3319 3756//3057
f 3957//3254 3956//3253 3984//3281
f 3984//3281 3907//3204 3957//3254
f 4023//3320 3985//3282 3913//3210
f 3913//3210 3990//3287 4023//3320
f 3989//3286 3912//3209 3986//3283
f 3986//3283 4024//3321 3989//3286
f 3911//3208 3988//3285 4025//3322
f 4025//3322 3987//3284 3911//3208
f 3988//3285 3756//3057 4026//3323
f 4026//3323 4027//3324 3988//3285
f 4028//3325 3990//3287 3914//3211
f 3914//3211 3991//3288 4028//3325
f 3915//3212 3992//3289 4029//3326
f 4029//3326 3991//3288 3915//3212
f 3916//3213 3993//3290 4030//3327
f 4030//3327 3992//3289 3916//3213
f 3917//3214 3994//3291 4031//3328
f 4031//3328 3993//3290 3917//3214
f 3920//3217 3997//3294 4032//3329
f 4032//3329 3994//3291 3920//3217
f 3969//3266 4013//3310 3995//3292
f 3995//3292 3918//3215 3969//3266
f 3995//3292 4033//3330 3996//3293
f 3996//3293 3919//3216 3995//3292
f 3996//3293 4034//3331 4035//3332
f 4035//3332 3997//3294 3996//3293
f 4036//3333 3998//3295 3300//2628
f 3883//3181 3882//3180 3921//3218
f 3921//3218 3923//3220 3883//3181
f 3999//3296 2239//1688 3924//3221
f 4000//3297 4037//3334 3999//3296
f 3999//3296 3925//3222 4000//3297
f 4001//3298 4038//3335 4000//3297
f 4000//3297 3926//3223 4001//3298
f 4002//3299 4039//3336 4001//3298
f 4001//3298 3927//3224 4002//3299
f 4003//3300 4040//3337 4002//3299
f 4002//3299 3928//3225 4003//3300
f 4004//3301 4041//3338 4003//3300
f 4003//3300 3929//3226 4004//3301
f 4005//3302 4042//3339 4004//3301
f 4004//3301 3930//3227 4005//3302
f 4006//3303 4043//3340 4005//3302
f 4005//3302 3931//3228 4006//3303
f 4006//3303 3932//3229 4007//3304
f 4007//3304 4044//3341 4006//3303
f 4007//3304 3933//3230 4008//3305
f 4008//3305 4045//3342 4007//3304
f 3935//3232 3964//3261 3962//3259
f 3962//3259 3961//3258 3935//3232
f 3983//3280 3938//3235 3960//3257
f 3960//3257 3959//3256 3983//3280
f 3652//2958 4046//3343 4009//3306
f 3963//3260 4009//3306 3942//3239
f 3942//3239 3941//3238 3963//3260
f 3965//3262 3979//3276 4020//3317
f 4020//3317 4010//3307 3965//3262
f 4012//3309 3968//3265 4011//3308
f 4011//3308 4047//3344 4012//3309
f 3652//2958 4012//3309 4048//3345
f 4048//3345 4049//3346 3652//2958
f 3970//3267 4014//3311 4050//3347
f 4050//3347 4013//3310 3970//3267
f 3971//3268 4015//3312 4051//3348
f 4051//3348 4014//3311 3971//3268
f 3972//3269 4016//3313 4052//3349
f 4052//3349 4015//3312 3972//3269
f 3973//3270 4017//3314 4053//3350
f 4053//3350 4016//3313 3973//3270
f 4017//3314 3974//3271 2239//1688
f 3976//3273 4018//3315 3816//3115
f 3816//3115 3815//3114 3976//3273
f 3300//2628 4019//3316 4018//3315
f 4054//3351 3300//2628 3898//3195
f 3898//3195 3897//3194 3891//3189
f 3891//3189 3890//3188 3898//3195
f 4019//3316 3978//3275 3818//3117
f 3818//3117 3817//3116 4019//3316
f 4018//3315 4019//3316 3817//3116
f 3817//3116 3816//3115 4018//3315
f 3982//3279 3989//3286 4024//3321
f 4024//3321 4021//3318 3982//3279
f 4045//3342 4008//3305 3985//3282
f 3985//3282 4023//3320 4045//3342
f 3956//3253 3955//3252 4022//3319
f 4022//3319 3984//3281 3956//3253
f 4022//3319 4055//3352 3756//3057
f 4056//3353 4023//3320 3990//3287
f 3990//3287 4028//3325 4056//3353
f 4057//3354 4058//3355 4059//3356
f 4059//3356 4060//3357 4061//3358
f 4061//3358 4062//3359 4063//3360
f 4063//3360 4047//3344 4011//3308
f 4011//3308 3967//3264 3871//3170
f 3871//3170 3870//3169 3966//3263
f 3966//3263 4010//3307 4020//3317
f 4020//3317 3980//3277 3903//3200
f 3903//3200 3827//3126 3826//3125
f 3826//3125 3828//3127 3904//3201
f 3904//3201 3981//3278 4021//3318
f 4021//3318 4024//3321 3986//3283
f 3986//3283 3910//3207 3909//3206
f 3909//3206 3987//3284 4025//3322
f 4025//3322 4064//3361 4065//3362
f 4065//3362 4066//3363 4057//3354
f 4057//3354 4059//3356 4061//3358
f 4061//3358 4063//3360 4011//3308
f 4011//3308 3871//3170 3966//3263
f 3966//3263 4020//3317 3903//3200
f 3903//3200 3826//3125 3904//3201
f 3904//3201 4021//3318 3986//3283
f 3986//3283 3909//3206 4025//3322
f 4025//3322 4065//3362 4057//3354
f 4057//3354 4061//3358 4011//3308
f 4011//3308 3966//3263 3903//3200
f 3903//3200 3904//3201 3986//3283
f 3986//3283 4025//3322 4057//3354
f 4057//3354 4011//3308 3903//3200
f 3903//3200 3986//3283 4057//3354
f 3988//3285 4027//3324 4064//3361
f 4064//3361 4025//3322 3988//3285
f 4026//3323 4067//3364 4027//3324
f 4068//3365 4026//3323 3756//3057
f 3991//3288 4029//3326 4069//3366
f 4069//3366 4028//3325 3991//3288
f 3992//3289 4030//3327 4070//3367
f 4070//3367 4029//3326 3992//3289
f 3993//3290 4031//3328 4071//3368
f 4071//3368 4030//3327 3993//3290
f 3994//3291 4032//3329 4072//3369
f 4072//3369 4031//3328 3994//3291
f 3997//3294 4035//3332 4073//3370
f 4073//3370 4032//3329 3997//3294
f 4013//3310 4050//3347 4033//3330
f 4033//3330 3995//3292 4013//3310
f 4033//3330 4074//3371 4034//3331
f 4034//3331 3996//3293 4033//3330
f 4034//3331 4075//3372 4076//3373
f 4076//3373 4035//3332 4034//3331
f 3889//3187 3888//3186 4077//3374
f 4077//3374 4054//3351 3889//3187
f 3998//3295 4036//3333 3887//3185
f 3887//3185 3886//3184 3998//3295
f 4077//3374 4036//3333 3300//2628
f 4037//3334 2239//1688 3999//3296
f 4038//3335 4078//3375 4037//3334
f 4037//3334 4000//3297 4038//3335
f 4039//3336 4079//3376 4038//3335
f 4038//3335 4001//3298 4039//3336
f 4040//3337 4080//3377 4039//3336
f 4039//3336 4002//3299 4040//3337
f 4041//3338 4081//3378 4040//3337
f 4040//3337 4003//3300 4041//3338
f 4042//3339 4082//3379 4041//3338
f 4041//3338 4004//3301 4042//3339
f 4043//3340 4083//3380 4042//3339
f 4042//3339 4005//3302 4043//3340
f 4044//3341 4084//3381 4043//3340
f 4043//3340 4006//3303 4044//3341
f 4044//3341 4007//3304 4045//3342
f 4045//3342 4085//3382 4044//3341
f 3942//3239 4009//3306 4046//3343
f 4046//3343 3943//3240 3942//3239
f 3652//2958 4086//3383 4046//3343
f 4048//3345 4012//3309 4047//3344
f 4047//3344 4063//3360 4048//3345
f 3652//2958 4049//3346 4087//3384
f 4048//3345 4088//3385 4049//3346
f 4014//3311 4051//3348 4089//3386
f 4089//3386 4050//3347 4014//3311
f 4015//3312 4052//3349 4090//3387
f 4090//3387 4051//3348 4015//3312
f 4016//3313 4053//3350 4091//3388
f 4091//3388 4052//3349 4016//3313
f 4017//3314 2239//1688 4053//3350
f 4054//3351 4077//3374 3300//2628
f 4054//3351 3898//3195 3890//3188
f 3890//3188 3889//3187 4054//3351
f 4085//3382 4045//3342 4023//3320
f 4023//3320 4056//3353 4085//3382
f 4055//3352 4022//3319 3955//3252
f 3955//3252 3954//3251 4055//3352
f 4055//3352 4092//3389 3756//3057
f 4028//3325 4069//3366 4093//3390
f 4093//3390 4056//3353 4028//3325
f 4027//3324 4067//3364 4065//3362
f 4065//3362 4064//3361 4027//3324
f 4067//3364 4026//3323 4094//3391
f 3949//3246 4095//3392 4026//3323
f 4026//3323 4068//3365 3950//3247
f 4026//3323 3950//3247 3949//3246
f 4096//3393 4068//3365 3756//3057
f 4029//3326 4070//3367 4097//3394
f 4097//3394 4069//3366 4029//3326
f 4030//3327 4071//3368 4098//3395
f 4098//3395 4070//3367 4030//3327
f 4031//3328 4072//3369 4099//3396
f 4099//3396 4071//3368 4031//3328
f 4032//3329 4073//3370 4100//3397
f 4100//3397 4072//3369 4032//3329
f 4035//3332 4076//3373 4101//3398
f 4101//3398 4073//3370 4035//3332
f 4050//3347 4089//3386 4074//3371
f 4074//3371 4033//3330 4050//3347
f 4074//3371 4102//3399 4075//3372
f 4075//3372 4034//3331 4074//3371
f 4075//3372 4103//3400 4104//3401
f 4104//3401 4076//3373 4075//3372
f 4077//3374 3888//3186 3887//3185
f 3887//3185 4036//3333 4077//3374
f 4078//3375 2239//1688 4037//3334
f 4079//3376 4105//3402 4078//3375
f 4078//3375 4038//3335 4079//3376
f 4080//3377 4106//3403 4079//3376
f 4079//3376 4039//3336 4080//3377
f 4081//3378 4107//3404 4080//3377
f 4080//3377 4040//3337 4081//3378
f 4082//3379 4108//3405 4081//3378
f 4081//3378 4041//3338 4082//3379
f 4083//3380 4109//3406 4082//3379
f 4082//3379 4042//3339 4083//3380
f 4084//3381 4110//3407 4083//3380
f 4083//3380 4043//3340 4084//3381
f 4085//3382 4111//3408 4084//3381
f 4084//3381 4044//3341 4085//3382
f 3652//2958 4087//3384 4086//3383
f 4046//3343 4086//3383 3944//3241
f 3944//3241 3943//3240 4046//3343
f 4088//3385 4048//3345 4063//3360
f 4063//3360 4062//3359 4088//3385
f 3945//3242 4087//3384 4049//3346
f 4049//3346 4112//3409 3946//3243
f 4049//3346 3946//3243 3945//3242
f 4088//3385 4113//3410 4112//3409
f 4112//3409 4049//3346 4088//3385
f 4051//3348 4090//3387 4114//3411
f 4114//3411 4089//3386 4051//3348
f 4052//3349 4091//3388 4115//3412
f 4115//3412 4090//3387 4052//3349
f 4053//3350 2239//1688 4091//3388
f 4056//3353 4093//3390 4111//3408
f 4111//3408 4085//3382 4056//3353
f 4092//3389 4055//3352 3954//3251
f 3954//3251 3953//3250 4092//3389
f 4092//3389 4116//3413 3756//3057
f 4069//3366 4097//3394 4117//3414
f 4117//3414 4093//3390 4069//3366
f 4067//3364 4094//3391 4066//3363
f 4066//3363 4065//3362 4067//3364
f 4094//3391 4026//3323 4095//3392
f 4095//3392 4118//3415 4094//3391
f 4119//3416 4095//3392 3949//3246
f 3949//3246 3948//3245 4119//3416
f 4068//3365 4096//3393 3951//3248
f 3951//3248 3950//3247 4068//3365
f 4116//3413 4096//3393 3756//3057
f 4070//3367 4098//3395 4120//3417
f 4120//3417 4097//3394 4070//3367
f 4071//3368 4099//3396 4121//3418
f 4121//3418 4098//3395 4071//3368
f 4072//3369 4100//3397 4122//3419
f 4122//3419 4099//3396 4072//3369
f 4073//3370 4101//3398 4123//3420
f 4123//3420 4100//3397 4073//3370
f 4076//3373 4104//3401 4124//3421
f 4124//3421 4101//3398 4076//3373
f 4089//3386 4114//3411 4102//3399
f 4102//3399 4074//3371 4089//3386
f 4102//3399 4125//3422 4103//3400
f 4103//3400 4075//3372 4102//3399
f 4103//3400 2239//1688 4104//3401
f 4105//3402 2239//1688 4078//3375
f 4106//3403 4126//3423 4105//3402
f 4105//3402 4079//3376 4106//3403
f 4107//3404 4127//3424 4106//3403
f 4106//3403 4080//3377 4107//3404
f 4108//3405 4128//3425 4107//3404
f 4107//3404 4081//3378 4108//3405
f 4109//3406 4129//3426 4108//3405
f 4108//3405 4082//3379 4109//3406
f 4110//3407 4130//3427 4109//3406
f 4109//3406 4083//3380 4110//3407
f 4111//3408 4131//3428 4110//3407
f 4110//3407 4084//3381 4111//3408
f 4086//3383 4087//3384 3945//3242
f 3945//3242 3944//3241 4086//3383
f 4113//3410 4088//3385 4062//3359
f 4062//3359 4061//3358 4113//3410
f 4112//3409 4132//3429 3947//3244
f 3947//3244 3946//3243 4112//3409
f 4113//3410 4133//3430 4132//3429
f 4132//3429 4112//3409 4113//3410
f 4090//3387 4115//3412 4134//3431
f 4134//3431 4114//3411 4090//3387
f 4091//3388 2239//1688 4115//3412
f 4093//3390 4117//3414 4131//3428
f 4131//3428 4111//3408 4093//3390
f 4116//3413 4092//3389 3953//3250
f 3953//3250 3952//3249 4116//3413
f 4097//3394 4120//3417 4135//3432
f 4135//3432 4117//3414 4097//3394
f 4094//3391 4118//3415 4057//3354
f 4057//3354 4066//3363 4094//3391
f 4095//3392 4136//3433 4118//3415
f 4095//3392 4119//3416 4137//3434
f 4137//3434 4136//3433 4095//3392
f 4132//3429 4119//3416 3948//3245
f 3948//3245 3947//3244 4132//3429
f 4096//3393 4116//3413 3952//3249
f 3952//3249 3951//3248 4096//3393
f 4098//3395 4121//3418 4138//3435
f 4138//3435 4120//3417 4098//3395
f 4099//3396 4122//3419 4139//3436
f 4139//3436 4121//3418 4099//3396
f 4100//3397 4123//3420 4140//3437
f 4140//3437 4122//3419 4100//3397
f 4101//3398 4124//3421 4141//3438
f 4141//3438 4123//3420 4101//3398
f 4104//3401 2239//1688 4124//3421
f 4114//3411 4134//3431 4125//3422
f 4125//3422 4102//3399 4114//3411
f 4125//3422 2239//1688 4103//3400
f 4126//3423 2239//1688 4105//3402
f 4127//3424 4142//3439 4126//3423
f 4126//3423 4106//3403 4127//3424
f 4128//3425 4143//3440 4127//3424
f 4127//3424 4107//3404 4128//3425
f 4129//3426 4144//3441 4128//3425
f 4128//3425 4108//3405 4129//3426
f 4130//3427 4145//3442 4129//3426
f 4129//3426 4109//3406 4130//3427
f 4131//3428 4146//3443 4130//3427
f 4130//3427 4110//3407 4131//3428
f 4133//3430 4113//3410 4061//3358
f 4061//3358 4060//3357 4133//3430
f 4133//3430 4137//3434 4119//3416
f 4119//3416 4132//3429 4133//3430
f 4115//3412 2239//1688 4134//3431
f 4117//3414 4135//3432 4146//3443
f 4146//3443 4131//3428 4117//3414
f 4120//3417 4138//3435 4147//3444
f 4147//3444 4135//3432 4120//3417
f 4118//3415 4136//3433 4058//3355
f 4058//3355 4057//3354 4118//3415
f 4121//3418 4139//3436 4148//3445
f 4148//3445 4138//3435 4121//3418
f 4122//3419 4140//3437 4149//3446
f 4149//3446 4139//3436 4122//3419
f 4123//3420 4141//3438 4150//3447
f 4150//3447 4140//3437 4123//3420
f 4124//3421 2239//1688 4141//3438
f 4134//3431 2239//1688 4125//3422
f 4142//3439 2239//1688 4126//3423
f 4143//3440 4151//3448 4142//3439
f 4142//3439 4127//3424 4143//3440
f 4144//3441 4152//3449 4143//3440
f 4143//3440 4128//3425 4144//3441
f 4145//3442 4153//3450 4144//3441
f 4144//3441 4129//3426 4145//3442
f 4146//3443 4154//3451 4145//3442
f 4145//3442 4130//3427 4146//3443
f 4137//3434 4133//3430 4060//3357
f 4060//3357 4059//3356 4137//3434
f 4135//3432 4147//3444 4154//3451
f 4154//3451 4146//3443 4135//3432
f 4138//3435 4148//3445 4155//3452
f 4155//3452 4147//3444 4138//3435
f 4136//3433 4137//3434 4059//3356
f 4059//3356 4058//3355 4136//3433
f 4139//3436 4149//3446 4156//3453
f 4156//3453 4148//3445 4139//3436
f 4140//3437 4150//3447 4157//3454
f 4157//3454 4149//3446 4140//3437
f 4141//3438 2239//1688 4150//3447
f 4151//3448 2239//1688 4142//3439
f 4152//3449 4158//3455 4151//3448
f 4151//3448 4143//3440 4152//3449
f 4153//3450 4159//3456 4152//3449
f 4152//3449 4144//3441 4153//3450
f 4154//3451 4160//3457 4153//3450
f 4153//3450 4145//3442 4154//3451
f 4147//3444 4155//3452 4160//3457
f 4160//3457 4154//3451 4147//3444
f 4148//3445 4156//3453 4161//3458
f 4161//3458 4155//3452 4148//3445
f 4149//3446 4157//3454 4162//3459
f 4162//3459 4156//3453 4149//3446
f 4150//3447 2239//1688 4157//3454
f 4158//3455 2239//1688 4151//3448
f 4159//3456 4163//3460 4158//3455
f 4158//3455 4152//3449 4159//3456
f 4160//3457 4164//3461 4159//3456
f 4159//3456 4153//3450 4160//3457
f 4155//3452 4161//3458 4164//3461
f 4164//3461 4160//3457 4155//3452
f 4156//3453 4162//3459 4165//3462
f 4165//3462 4161//3458 4156//3453
f 4157//3454 2239//1688 4162//3459
f 4163//3460 2239//1688 4158//3455
f 4164//3461 4166//3463 4163//3460
f 4163//3460 4159//3456 4164//3461
f 4161//3458 4165//3462 4166//3463
f 4166//3463 4164//3461 4161//3458
f 4162//3459 2239//1688 4165//3462
f 4166//3463 2239//1688 4163//3460
f 4165//3462 2239//1688 4166//3463
f 4167//3464 4168//3465 117//110
f 121//114 4169//3466 4168//3465
f 4168//3465 4167//3464 121//114
f 117//110 4168//3465 4170//3467
f 4170//3467 116//109 117//110
f 120//113 4169//3466 121//114
f 116//109 4170//3467 4171//3468
f 4172//3469 4173//3470 4169//3466
f 4169//3466 120//113 4172//3469
f 4171//3468 4170//3467 4174//3471
f 4174//3471 4175//3472 4171//3468
f 4176//3473 4173//3470 4172//3469
f 4175//3472 4174//3471 4177//3474
f 4178//3475 4179//3476 4173//3470
f 4173//3470 4176//3473 4178//3475
f 4180//3477 4177//3474 4174//3471
f 4174//3471 4181//3478 4182//3479
f 4174//3471 4182//3479 4180//3477
f 4183//3480 4179//3476 4178//3475
f 4182//3479 4181//3478 79//74
f 79//74 4184//3481 4182//3479
f 4185//3482 4186//3483 4179//3476
f 4179//3476 4183//3480 4185//3482
f 79//74 4181//3478 4187//3484
f 4187//3484 78//73 79//74
f 4188//3485 4186//3483 4185//3482
f 78//73 4187//3484 4189//3486
f 4190//3487 157//148 4191//3488
f 4191//3488 4186//3483 4188//3485
f 4191//3488 4188//3485 4190//3487
f 4189//3486 4187//3484 4192//3489
f 4192//3489 4193//3490 4189//3486
f 156//147 4191//3488 157//148
f 4193//3490 4192//3489 4194//3491
f 3511//2822 3510//2821 4191//3488
f 4191//3488 156//147 3511//2822
f 4194//3491 4192//3489 4195//3492
f 4195//3492 4196//3493 4194//3491
f 3509//2820 4197//3494 3510//2821
f 4196//3493 4195//3492 4198//3495
f 4199//3496 4200//3497 3510//2821
f 3510//2821 4197//3494 4199//3496
f 4198//3495 4195//3492 4201//3498
f 4201//3498 4202//3499 4198//3495
f 4203//3500 4200//3497 4199//3496
f 4202//3499 4201//3498 4204//3501
f 4205//3502 4206//3503 4200//3497
f 4200//3497 4203//3500 4205//3502
f 4204//3501 4201//3498 4207//3504
f 4207//3504 4208//3505 4204//3501
f 4209//3506 4206//3503 4205//3502
f 4208//3505 4207//3504 4210//3507
f 4211//3508 4212//3509 4206//3503
f 4206//3503 4209//3506 4211//3508
f 4210//3507 4207//3504 4213//3510
f 4213//3510 4214//3511 4210//3507
f 4215//3512 4212//3509 4211//3508
f 4214//3511 4213//3510 4216//3513
f 4217//3514 4218//3515 4212//3509
f 4212//3509 4215//3512 4217//3514
f 4216//3513 4213//3510 4219//3516
f 4219//3516 4220//3517 4216//3513
f 4221//3518 4218//3515 4217//3514
f 4222//3519 4220//3517 4219//3516
f 4223//3520 4224//3521 4218//3515
f 4218//3515 4221//3518 4223//3520
f 89//84 4219//3516 4225//3522
f 4225//3522 88//83 89//84
f 4226//3523 4224//3521 4223//3520
f 88//83 4225//3522 4227//3524
f 4228//3525 4229//3526 4224//3521
f 4224//3521 4226//3523 4228//3525
f 4230//3527 4231//3528 4232//3529
f 4233//3530 4229//3526 4228//3525
f 4228//3525 4234//3531 4233//3530
f 4232//3529 4231//3528 4235//3532
f 203//192 4236//3533 4229//3526
f 4229//3526 4233//3530 203//192
f 4235//3532 4231//3528 4237//3534
f 4237//3534 4238//3535 4235//3532
f 205//194 4236//3533 203//192
f 4238//3535 4237//3534 4239//3536
f 4240//3537 164//155 4241//3538
f 4241//3538 4236//3533 205//194
f 4241//3538 205//194 4240//3537
f 4239//3536 4237//3534 4242//3539
f 4242//3539 4243//3540 4239//3536
f 163//154 4241//3538 164//155
f 4243//3540 4242//3539 124//117
f 4244//3541 4245//3542 4241//3538
f 4241//3538 163//154 4244//3541
f 124//117 4242//3539 4246//3543
f 4246//3543 123//116 124//117
f 4247//3544 4248//3545 4245//3542
f 123//116 4246//3543 4249//3546
f 4250//3547 4251//3548 4245//3542
f 4245//3542 4248//3545 4250//3547
f 4249//3546 4246//3543 4251//3548
f 4251//3548 4252//3549 4249//3546
f 4252//3549 4251//3548 4250//3547
f 3482//2793 4253//3550 3371//2695
f 3371//2695 3480//2791 3482//2793
f 3481//2792 4253//3550 3482//2793
f 4253//3550 3481//2792 3578//2885
f 3578//2885 4254//3551 4253//3550
f 4253//3550 4255//3552 4256//3553
f 4256//3553 4257//3554 4253//3550
f 4253//3550 4257//3554 3097//3555
f 3097//3555 3257//2588 3371//2695
f 3097//3555 3371//2695 4253//3550
f 4254//3551 4258//3556 4255//3552
f 4255//3552 4253//3550 4254//3551
f 4256//3553 4255//3552 3256//2586
f 3256//2586 3254//2587 4256//3553
f 4257//3554 4259//3557 2969//2333
f 2969//2333 3097//3555 4257//3554
f 3578//2885 3651//2956 4260//3558
f 4260//3558 4254//3551 3578//2885
f 4260//3558 4261//3559 4258//3556
f 4258//3556 4254//3551 4260//3558
f 4255//3552 4258//3556 3483//2794
f 3483//2794 3372//2696 4255//3552
f 4259//3557 4257//3554 4256//3553
f 4256//3553 4262//3560 4259//3557
f 3254//2587 3096//2582 4262//3560
f 4262//3560 4256//3553 3254//2587
f 4261//3559 4260//3558 4263//3561
f 4263//3561 4264//3562 4261//3559
f 4258//3556 4261//3559 3486//2797
f 3486//2797 3483//2794 4258//3556
f 4255//3552 3372//2696 3255//2585
f 4259//3557 4262//3560 4265//3563
f 4265//3563 4266//3564 4259//3557
f 4255//3552 3255//2585 3256//2586
f 3651//2956 3717//3020 4263//3561
f 4263//3561 4260//3558 3651//2956
f 4261//3559 4264//3562 3485//2796
f 3485//2796 3486//2797 4261//3559
f 4266//3564 4265//3563 4267//3565
f 4267//3565 4268//3566 4266//3564
f 4265//3563 4262//3560 3096//2582
f 3096//2582 2968//2332 4265//3563
f 2865//3567 2969//2333 4259//3557
f 4259//3557 4266//3564 2865//3567
f 2968//2332 2867//2244 4267//3565
f 4267//3565 4265//3563 2968//2332
f 3717//3020 3718//3021 4269//3568
f 4269//3568 4263//3561 3717//3020
f 4269//3568 4270//3569 4264//3562
f 4264//3562 4263//3561 4269//3568
f 2745//2131 2865//3567 4266//3564
f 4266//3564 4268//3566 2745//2131
f 3484//2795 3485//2796 4264//3562
f 4264//3562 4270//3569 3484//2795
f 4271//3570 4272//3571 4270//3569
f 4270//3569 4269//3568 4271//3570
f 4273//3572 4267//3565 2867//2244
f 2867//2244 2866//2243 2970//3573
f 2867//2244 2970//3573 4273//3572
f 4268//3566 4274//3574 2750//2136
f 2750//2136 2747//2133 2745//2131
f 2750//2136 2745//2131 4268//3566
f 4273//3572 4274//3574 4268//3566
f 4268//3566 4267//3565 4273//3572
f 3579//2957 4271//3570 4269//3568
f 4269//3568 3718//3021 3580//2887
f 4269//3568 3580//2887 3579//2957
f 4272//3571 3373//3575 3374//2698
f 3374//2698 3484//2795 4270//3569
f 3374//2698 4270//3569 4272//3571
f 4272//3571 4271//3570 4275//3576
f 4275//3576 4276//3577 4272//3571
f 3375//3578 3373//3575 4272//3571
f 4272//3571 4276//3577 3376//2700
f 4272//3571 3376//2700 3375//3578
f 2749//3579 2750//2136 4274//3574
f 4274//3574 4277//3580 2753//3581
f 4274//3574 2753//3581 2749//3579
f 4278//3582 4277//3580 4274//3574
f 4274//3574 4273//3572 4278//3582
f 4276//3577 4275//3576 4279//3583
f 4279//3583 4280//3584 4276//3577
f 4278//3582 4273//3572 2970//3573
f 2970//3573 3098//3585 3101//2442
f 2970//3573 3101//2442 4278//3582
f 4278//3582 4281//3586 4282//3587
f 4282//3587 4277//3580 4278//3582
f 3581//2888 3654//2960 4275//3576
f 4275//3576 4271//3570 3579//2957
f 4275//3576 3579//2957 3581//2888
f 4276//3577 4280//3584 3377//2701
f 3377//2701 3376//2700 4276//3577
f 4279//3583 4283//3588 4284//3589
f 4284//3589 4280//3584 4279//3583
f 4279//3583 4275//3576 3654//2960
f 3654//2960 3583//2890 4279//3583
f 4277//3580 4282//3587 2758//2144
f 2758//2144 2754//2140 2752//2138
f 2752//2138 2753//3581 4277//3580
f 2758//2144 2752//2138 4277//3580
f 4281//3586 4285//3590 4286//3591
f 4286//3591 4282//3587 4281//3586
f 2868//3592 2869//2246 2973//2446
f 2973//2446 4281//3586 4278//3582
f 4278//3582 3101//2442 2868//3592
f 2973//2446 4278//3582 2868//3592
f 3262//3593 3377//2701 4280//3584
f 4280//3584 4284//3589 3261//2592
f 4280//3584 3261//2592 3262//3593
f 4279//3583 3583//2890 3489//2892
f 3489//2892 3488//2799 4283//3588
f 3489//2892 4283//3588 4279//3583
f 2757//3594 2758//2144 4282//3587
f 4282//3587 4286//3591 2760//2146
f 4282//3587 2760//2146 2757//3594
f 2974//2338 2975//2339 4285//3590
f 4285//3590 4281//3586 2973//2446
f 4285//3590 2973//2446 2974//2338
f 4287//3595 4284//3589 4283//3588
f 4283//3588 4288//3596 4287//3595
f 4283//3588 3488//2799 3487//2929
f 3487//2929 3582//2889 4288//3596
f 3487//2929 4288//3596 4283//3588
f 4289//3597 4286//3591 4285//3590
f 4285//3590 4290//3598 4289//3597
f 4290//3598 4285//3590 2975//2339
f 2975//2339 2976//3599 4290//3598
f 3260//3600 3261//2592 4284//3589
f 4284//3589 4287//3595 3379//2703
f 4284//3589 3379//2703 3260//3600
f 4288//3596 4291//3601 4292//3602
f 4292//3602 4287//3595 4288//3596
f 4286//3591 4289//3597 2759//3603
f 2759//3603 2760//2146 4286//3591
f 4290//3598 4293//3604 4294//3605
f 4294//3605 4289//3597 4290//3598
f 2976//3599 2977//3606 4293//3604
f 4293//3604 4290//3598 2976//3599
f 4291//3601 4288//3596 3582//2889
f 3582//2889 3534//2843 3535//2844
f 3582//2889 3535//2844 4291//3601
f 4292//3602 3625//3607 3378//2702
f 3378//2702 3379//2703 4287//3595
f 3378//2702 4287//3595 4292//3602
f 4291//3601 4295//3608 4296//3609
f 4296//3609 4292//3602 4291//3601
f 4295//3608 4297//3610 4298//3611
f 4298//3611 4296//3609 4295//3608
f 4289//3597 4294//3605 2870//2247
f 2870//2247 2759//3603 4289//3597
f 4294//3605 4293//3604 4299//3612
f 4299//3612 4300//3613 4294//3605
f 2977//3606 3105//2448 4299//3612
f 4299//3612 4293//3604 2977//3606
f 3530//2839 4295//3608 4291//3601
f 4291//3601 3535//2844 3530//2839
f 3621//2926 3625//3607 4292//3602
f 4292//3602 4296//3609 3621//2926
f 4295//3608 3530//2839 3423//2743
f 3423//2743 4297//3610 4295//3608
f 4297//3610 4301//3614 4302//3615
f 4302//3615 4298//3611 4297//3610
f 4294//3605 4300//3613 2978//3616
f 2978//3616 2870//2247 4294//3605
f 3529//3617 3621//2926 4296//3609
f 4296//3609 4298//3611 3529//3617
f 4301//3614 4303//3618 4304//3619
f 4304//3619 4302//3615 4301//3614
f 4303//3618 4300//3613 4299//3612
f 4299//3612 4304//3619 4303//3618
f 3105//2448 3106//3620 4304//3619
f 4304//3619 4299//3612 3105//2448
f 3312//3621 4301//3614 4297//3610
f 4297//3610 3423//2743 3312//3621
f 3422//2742 3529//3617 4298//3611
f 4298//3611 4302//3615 3422//2742
f 4303//3618 4301//3614 3312//3621
f 3312//3621 3172//2512 4303//3618
f 4304//3619 3311//2639 3422//2742
f 3422//2742 4302//3615 4304//3619
f 3108//2452 2978//3616 4300//3613
f 4300//3613 4303//3618 3176//2516
f 4300//3613 3176//2516 3108//2452
f 3173//2513 4303//3618 3172//2512
f 3311//2639 4304//3619 3107//2450
f 3107//2450 4304//3619 3106//3620
f 3176//2516 4303//3618 3173//2513
f 3173//2513 3175//2515 3176//2516
f 1873//1425 1718//1597 4305//3622
f 4305//3622 4306//3623 1873//1425
f 1867//1419 4305//3622 1718//1597
f 1402//3624 1403//1118 4306//3623
f 4306//3623 4305//3622 1402//3624
f 2699//3625 4307//3626 2481//1905
f 2481//1905 2826//2208 2699//3625
f 4308//3627 1875//1428 1873//3628
f 1873//3628 4306//3623 4308//3627
f 2288//3629 1875//1428 4308//3627
f 4306//3623 1403//1426 1874//3630
f 1874//3630 4308//3627 4306//3623
f 4309//3631 4310//3632 2874//3633
f 2776//2162 2666//2055 4311//3632
f 4310//3632 4312//3632 2983//3634
f 2983//3634 2874//3633 4310//3632
f 2666//2055 2576//1980 4313//3632
f 4313//3632 4311//3632 2666//2055
f 4312//3632 4314//3632 3115//3635
f 3115//3635 2983//3634 4312//3632
f 2576//1980 2468//3636 4315//3626
f 4315//3626 4313//3632 2576//1980
f 4314//3632 4316//3637 3267//2598
f 3267//2598 3115//3635 4314//3632
f 2468//3636 2376//1810 4317//3632
f 4317//3632 4315//3626 2468//3636
f 4316//3637 3384//2708 3267//2598
f 2376//1810 2265//1714 4318//3632
f 4318//3632 4317//3632 2376//1810
f 2265//1714 2266//1715 4319//3638
f 4319//3638 4318//3632 2265//1714
f 2266//1715 2481//1905 4307//3626
f 4307//3626 4319//3638 2266//1715
f 4320//3639 2239//1688 3591//3640
f 1873//3641 4306//3642 1403//1426
f 4321//3643 4322//3644 4323//3645
f 4323//3645 4324//3646 4321//3643
f 4322//3644 4321//3643 4325//3647
f 4325//3647 4326//3648 4322//3644
f 4325//3647 4321//3643 4324//3646
f 4324//3646 4327//3649 4325//3647
f 4328//3650 4327//3649 4324//3646
f 4324//3646 4323//3645 4328//3650
f 4322//3644 4326//3648 4328//3650
f 4328//3650 4323//3645 4322//3644
f 4326//3648 4325//3647 4327//3649
f 4327//3649 4328//3650 4326//3648
f 4329//3651 4330//3652 4331//3653
f 4331//3653 4332//3654 4329//3651
f 4333//3655 4334//3656 4330//3652
f 4330//3652 4329//3651 4333//3655
f 4332//3654 4335//3657 4333//3655
f 4333//3655 4329//3651 4332//3654
f 4332//3654 4331//3653 4336//3658
f 4336//3658 4335//3657 4332//3654
f 4336//3658 4331//3653 4330//3652
f 4330//3652 4334//3656 4336//3658
f 4335//3657 4336//3658 4334//3656
f 4334//3656 4333//3655 4335//3657
f 4337//3659 4338//3648 4339//3660
f 4339//3660 4340//3661 4337//3659
f 4338//3648 4337//3659 4341//3662
f 4341//3662 4342//3663 4338//3648
f 4341//3662 4337//3659 4340//3661
f 4340//3661 4343//3664 4341//3662
f 4344//3665 4343//3664 4340//3661
f 4340//3661 4339//3660 4344//3665
f 4338//3648 4342//3663 4344//3665
f 4344//3665 4339//3660 4338//3648
f 4342//3663 4341//3662 4343//3664
f 4343//3664 4344//3665 4342//3663
f 4345//3666 4346//3667 4347//3668
f 4347//3668 4348//3669 4345//3666
f 4349//3670 4350//3671 4346//3667
f 4346//3667 4345//3666 4349//3670
f 4348//3669 4351//3654 4349//3670
f 4349//3670 4345//3666 4348//3669
f 4348//3669 4347//3668 4352//3672
f 4352//3672 4351//3654 4348//3669
f 4352//3672 4347//3668 4346//3667
f 4346//3667 4350//3671 4352//3672
f 4351//3654 4352//3672 4350//3671
f 4350//3671 4349//3670 4351//3654
f 4353//3673 4354//3674 4355//3675
f 4355//3675 4356//3676 4353//3673
f 4354//3674 4353//3673 4357//3677
f 4357//3677 4358//3678 4354//3674
f 4359//3679 4360//35 4353//3673
f 4353//3673 4356//3676 4359//3679
f 4355//3675 4361//3680 4359//3679
f 4359//3679 4356//3676 4355//3675
f 4358//3678 4362//3681 4363//3682
f 4363//3682 4354//3674 4358//3678
f 4364//3683 4365//35 4360//35
f 4360//35 4359//3679 4364//3683
f 4360//35 4366//3684 4357//3677
f 4357//3677 4353//3673 4360//35
f 4367//3685 4355//3675 4354//3674
f 4354//3674 4363//3682 4367//3685
f 4367//3685 4368//3680 4361//3680
f 4361//3680 4355//3675 4367//3685
f 4361//3680 4369//3686 4364//3683
f 4364//3683 4359//3679 4361//3680
f 4370//3687 4362//3681 4358//3678
f 4358//3678 4371//3687 4370//3687
f 4371//3687 4358//3678 4357//3677
f 4357//3677 4366//3684 4371//3687
f 4364//3683 4372//3688 4373//3689
f 4373//3689 4365//35 4364//3683
f 4365//35 4374//3690 4366//3684
f 4366//3684 4360//35 4365//35
f 4362//3681 4375//3691 4376//3692
f 4376//3692 4363//3682 4362//3681
f 4377//3693 4378//3694 4368//3680
f 4368//3680 4367//3685 4377//3693
f 4368//3680 4379//3695 4369//3686
f 4369//3686 4361//3680 4368//3680
f 4364//3683 4369//3686 4380//3696
f 4380//3696 4372//3688 4364//3683
f 4381//3697 4375//3691 4362//3681
f 4362//3681 4370//3687 4381//3697
f 4382//3698 4370//3687 4371//3687
f 4371//3687 4383//3699 4382//3698
f 4383//3699 4371//3687 4366//3684
f 4366//3684 4374//3690 4383//3699
f 4365//35 4373//3689 4384//3700
f 4384//3700 4374//3690 4365//35
f 4385//3701 4386//35 4373//3689
f 4373//3689 4372//3688 4385//3701
f 4377//3693 4367//3685 4363//3682
f 4363//3682 4376//3692 4377//3693
f 4377//3693 4376//3692 4387//3702
f 4387//3702 4378//3694 4377//3693
f 4378//3694 4388//3703 4379//3695
f 4379//3695 4368//3680 4378//3694
f 4376//3692 4375//3691 4381//3697
f 4381//3697 4387//3702 4376//3692
f 4389//3704 4381//3697 4370//3687
f 4370//3687 4382//3698 4389//3704
f 4382//3698 4383//3699 4390//3705
f 4390//3705 4391//3706 4382//3698
f 4384//3700 4392//3707 4383//3699
f 4383//3699 4374//3690 4384//3700
f 4386//35 4393//3708 4384//3709
f 4384//3709 4373//3689 4386//35
f 4394//3710 4395//3711 4386//35
f 4386//35 4385//3701 4394//3710
f 4380//3712 4396//3713 4385//3701
f 4385//3701 4372//3688 4380//3712
f 4378//3694 4387//3702 4397//3714
f 4397//3714 4388//3703 4378//3694
f 4379//3695 4388//3703 4397//3714
f 4397//3714 4391//3706 4379//3695
f 4391//3706 4390//3705 4369//3686
f 4369//3686 4379//3695 4391//3706
f 4369//3686 4390//3705 4398//3715
f 4398//3715 4380//3696 4369//3686
f 4387//3702 4381//3697 4389//3704
f 4389//3704 4397//3714 4387//3702
f 4389//3704 4382//3698 4391//3706
f 4391//3706 4397//3714 4389//3704
f 4399//3716 4392//3707 4384//3709
f 4384//3709 4393//3708 4399//3716
f 4395//3711 4400//3717 4393//3708
f 4393//3708 4386//35 4395//3711
f 4394//3710 4401//3718 4402//3719
f 4402//3719 4395//3711 4394//3710
f 4396//3713 4401//3718 4394//3710
f 4394//3710 4385//3701 4396//3713
f 4403//3720 4404//3713 4396//3713
f 4396//3713 4380//3712 4403//3720
f 4390//3705 4383//3699 4392//3707
f 4392//3707 4398//3715 4390//3705
f 4392//3707 4405//3721 4406//3722
f 4406//3722 4398//3715 4392//3707
f 4407//3723 4405//3721 4392//3707
f 4392//3707 4399//3716 4407//3723
f 4408//3724 4399//3716 4393//3708
f 4393//3708 4400//3717 4408//3724
f 4395//3711 4402//3719 4408//3724
f 4408//3724 4400//3717 4395//3711
f 4404//3713 4409//3725 4401//3718
f 4401//3718 4396//3713 4404//3713
f 4410//3726 4411//3727 4404//3713
f 4404//3713 4403//3720 4410//3726
f 4403//3720 4380//3712 4398//3715
f 4398//3715 4406//3722 4403//3720
f 4412//3728 4413//3729 4405//3721
f 4405//3721 4407//3723 4412//3728
f 4414//3730 4407//3723 4399//3716
f 4399//3716 4408//3724 4414//3730
f 4401//3718 4409//3725 4415//3731
f 4415//3731 4402//3719 4401//3718
f 4411//3727 4416//3732 4409//3725
f 4409//3725 4404//3713 4411//3727
f 4410//3726 4417//3733 4418//3734
f 4418//3734 4411//3727 4410//3726
f 4410//3726 4403//3720 4406//3722
f 4406//3722 4417//3733 4410//3726
f 4417//3733 4413//3729 4412//3728
f 4412//3728 4418//3734 4417//3733
f 4419//3735 4412//3728 4407//3723
f 4407//3723 4414//3730 4419//3735
f 4402//3719 4415//3731 4414//3730
f 4414//3730 4408//3724 4402//3719
f 4411//3727 4418//3734 4420//3736
f 4420//3736 4416//3732 4411//3727
f 4409//3725 4416//3732 4420//3736
f 4420//3736 4415//3731 4409//3725
f 4417//3733 4406//3722 4405//3721
f 4405//3721 4413//3729 4417//3733
f 4418//3734 4412//3728 4419//3735
f 4419//3735 4420//3736 4418//3734
f 4419//3735 4414//3730 4415//3731
f 4415//3731 4420//3736 4419//3735
f 4380//3737 4372//3738 4373//3689
f 4373//3689 4398//3715 4380//3737
f 4398//3715 4373//3689 4384//3700
f 4384//3700 4392//3707 4398//3715
f 4421//3739 4422//3740 4423//3741
f 4423//3741 4424//3742 4421//3739
f 4422//3740 4421//3739 4425//3743
f 4425//3743 4426//3744 4422//3740
f 4427//3745 4428//35 4421//3739
f 4421//3739 4424//3742 4427//3745
f 4422//3740 4429//3746 4430//3747
f 4430//3747 4423//3741 4422//3740
f 4423//3741 4431//3748 4427//3745
f 4427//3745 4424//3742 4423//3741
f 4432//3749 4433//35 4428//35
f 4428//35 4427//3745 4432//3749
f 4428//35 4434//3750 4425//3743
f 4425//3743 4421//3739 4428//35
f 4429//3746 4422//3740 4426//3744
f 4426//3744 4435//3751 4429//3746
f 4430//3747 4436//3748 4431//3748
f 4431//3748 4423//3741 4430//3747
f 4431//3748 4437//3752 4432//3749
f 4432//3749 4427//3745 4431//3748
f 4438//3753 4435//3751 4426//3744
f 4426//3744 4439//3753 4438//3753
f 4439//3753 4426//3744 4425//3743
f 4425//3743 4434//3750 4439//3753
f 4432//3749 4440//3754 4441//3755
f 4441//3755 4433//35 4432//3749
f 4433//35 4442//3756 4434//3750
f 4434//3750 4428//35 4433//35
f 4443//3757 4444//3758 4436//3748
f 4436//3748 4430//3747 4443//3757
f 4436//3748 4445//3759 4437//3752
f 4437//3752 4431//3748 4436//3748
f 4446//3760 4447//3761 4435//3751
f 4435//3751 4438//3753 4446//3760
f 4448//3762 4438//3753 4439//3753
f 4439//3753 4449//3763 4448//3762
f 4449//3763 4439//3753 4434//3750
f 4434//3750 4442//3756 4449//3763
f 4433//35 4441//3755 4450//3764
f 4450//3764 4442//3756 4433//35
f 4451//3765 4452//35 4441//3755
f 4441//3755 4440//3754 4451//3765
f 4443//3757 4430//3747 4429//3746
f 4429//3746 4453//3766 4443//3757
f 4453//3766 4429//3746 4435//3751
f 4435//3751 4447//3761 4453//3766
f 4443//3757 4453//3766 4454//3767
f 4454//3767 4444//3758 4443//3757
f 4444//3758 4455//3768 4445//3759
f 4445//3759 4436//3748 4444//3758
f 4437//3752 4445//3759 4456//3769
f 4456//3769 4457//3770 4437//3752
f 4458//3771 4440//3754 4432//3749
f 4432//3749 4437//3752 4458//3771
f 4453//3766 4447//3761 4446//3760
f 4446//3760 4454//3767 4453//3766
f 4459//3772 4446//3760 4438//3753
f 4438//3753 4448//3762 4459//3772
f 4448//3762 4449//3763 4457//3770
f 4457//3770 4456//3769 4448//3762
f 4449//3763 4442//3756 4450//3764
f 4450//3764 4460//3773 4449//3763
f 4452//35 4461//3774 4450//3775
f 4450//3775 4441//3755 4452//35
f 4462//3776 4463//3777 4452//35
f 4452//35 4451//3765 4462//3776
f 4458//3778 4464//3779 4451//3765
f 4451//3765 4440//3754 4458//3778
f 4444//3758 4454//3767 4465//3780
f 4465//3780 4455//3768 4444//3758
f 4445//3759 4455//3768 4465//3780
f 4465//3780 4456//3769 4445//3759
f 4437//3752 4457//3770 4466//3781
f 4466//3781 4458//3771 4437//3752
f 4454//3767 4446//3760 4459//3772
f 4459//3772 4465//3780 4454//3767
f 4459//3772 4448//3762 4456//3769
f 4456//3769 4465//3780 4459//3772
f 4460//3773 4466//3781 4457//3770
f 4457//3770 4449//3763 4460//3773
f 4467//3782 4460//3773 4450//3775
f 4450//3775 4461//3774 4467//3782
f 4463//3777 4468//3783 4461//3774
f 4461//3774 4452//35 4463//3777
f 4464//3779 4469//3784 4462//3776
f 4462//3776 4451//3765 4464//3779
f 4470//3785 4471//3779 4464//3779
f 4464//3779 4458//3778 4470//3785
f 4460//3773 4472//3786 4473//3787
f 4473//3787 4466//3788 4460//3773
f 4474//3782 4472//3786 4460//3773
f 4460//3773 4467//3782 4474//3782
f 4475//3789 4467//3782 4461//3774
f 4461//3774 4468//3783 4475//3789
f 4463//3777 4476//3790 4475//3789
f 4475//3789 4468//3783 4463//3777
f 4476//3790 4463//3777 4462//3776
f 4462//3776 4469//3784 4476//3790
f 4471//3779 4477//3791 4469//3784
f 4469//3784 4464//3779 4471//3779
f 4478//3792 4479//3793 4471//3779
f 4471//3779 4470//3785 4478//3792
f 4470//3785 4458//3778 4466//3788
f 4466//3788 4473//3787 4470//3785
f 4480//3794 4481//3795 4472//3786
f 4472//3786 4474//3782 4480//3794
f 4482//3796 4474//3782 4467//3782
f 4467//3782 4475//3789 4482//3796
f 4479//3793 4483//3797 4477//3791
f 4477//3791 4471//3779 4479//3793
f 4478//3792 4484//3798 4485//3799
f 4485//3799 4479//3793 4478//3792
f 4473//3787 4484//3798 4478//3792
f 4478//3792 4470//3785 4473//3787
f 4472//3786 4481//3795 4484//3798
f 4484//3798 4473//3787 4472//3786
f 4484//3798 4481//3795 4480//3794
f 4480//3794 4485//3799 4484//3798
f 4486//3800 4480//3794 4474//3782
f 4474//3782 4482//3796 4486//3800
f 4476//3790 4487//3801 4482//3796
f 4482//3796 4475//3789 4476//3790
f 4487//3801 4476//3790 4469//3784
f 4469//3784 4477//3791 4487//3801
f 4479//3793 4485//3799 4488//3802
f 4488//3802 4483//3797 4479//3793
f 4477//3791 4483//3797 4488//3802
f 4488//3802 4487//3801 4477//3791
f 4485//3799 4480//3794 4486//3800
f 4486//3800 4488//3802 4485//3799
f 4486//3800 4482//3796 4487//3801
f 4487//3801 4488//3802 4486//3800
f 4458//3803 4440//3754 4441//3755
f 4441//3755 4466//3788 4458//3803
f 4450//3775 4460//3804 4466//3788
f 4466//3788 4441//3755 4450//3775
f 4170//3467 4168//3465 4169//3466
f 4169//3466 4173//3470 4179//3476
f 4179//3476 4186//3483 4191//3488
f 4191//3488 3510//2821 4200//3497
f 4200//3497 4206//3503 4212//3509
f 4212//3509 4218//3515 4224//3521
f 4224//3521 4229//3526 4236//3533
f 4236//3533 4241//3538 4245//3542
f 4245//3542 4251//3548 4246//3543
f 4246//3543 4242//3539 4237//3534
f 4237//3534 4231//3528 4225//3522
f 4225//3522 4219//3516 4213//3510
f 4213//3510 4207//3504 4201//3498
f 4201//3498 4195//3492 4192//3489
f 4192//3489 4187//3484 4181//3478
f 4181//3478 4174//3471 4170//3467
f 4170//3467 4169//3466 4179//3476
f 4179//3476 4191//3488 4200//3497
f 4200//3497 4212//3509 4224//3521
f 4224//3521 4236//3533 4245//3542
f 4245//3542 4246//3543 4237//3534
f 4237//3534 4225//3522 4213//3510
f 4213//3510 4201//3498 4192//3489
f 4192//3489 4181//3478 4170//3467
f 4170//3467 4179//3476 4200//3497
f 4200//3497 4224//3521 4245//3542
f 4245//3542 4237//3534 4213//3510
f 4213//3510 4192//3489 4170//3467
f 4170//3467 4200//3497 4245//3542
f 4245//3542 4213//3510 4170//3467
f 79//74 52//49 4184//3481
f 4193//3490 4194//3491 4196//3493
f 4196//3493 53//50 52//49
f 4196//3493 52//49 4193//3490
f 4204//3501 4208//3505 39//38
f 39//38 53//50 4202//3499
f 39//38 4202//3499 4204//3501
f 39//38 4220//3517 4222//3519
f 89//84 39//38 4222//3519
f 4190//3487 4188//3485 122//115
f 4216//3513 4220//3517 39//38
f 39//38 4214//3511 4216//3513
f 59//56 4227//3524 4230//3527
f 51//48 4177//3474 4180//3477
f 4198//3495 4202//3499 53//50
f 53//50 4196//3493 4198//3495
f 59//56 39//38 88//83
f 88//83 4227//3524 59//56
f 4188//3485 4185//3482 122//115
f 4189//3486 4193//3490 52//49
f 52//49 78//73 4189//3486
f 4182//3479 52//49 51//48
f 51//48 4180//3477 4182//3479
f 4210//3507 4214//3511 39//38
f 39//38 4208//3505 4210//3507
f 52//49 4182//3479 4184//3481
f 4232//3529 59//56 4230//3527
f 51//48 4175//3472 4177//3474
f 4185//3482 4183//3480 122//115
f 4183//3480 4178//3475 122//115
f 51//48 4171//3468 4175//3472
f 51//48 116//109 4171//3468
f 4178//3475 4176//3473 122//115
f 4248//3545 160//151 85//80
f 85//80 4250//3547 4248//3545
f 3509//2820 3511//2822 207//196
f 56//53 4167//3464 117//110
f 56//53 121//114 4167//3464
f 120//113 56//53 4172//3469
f 4172//3469 56//53 122//115
f 122//115 4176//3473 4172//3469
f 122//115 157//148 4190//3487
f 160//151 4248//3545 4247//3544
f 4247//3544 4244//3541 160//151
f 4232//3529 4235//3532 59//56
f 4235//3532 4238//3535 59//56
f 4238//3535 4239//3536 59//56
f 4250//3547 85//80 4252//3549
f 4252//3549 85//80 4249//3546
f 4239//3536 4243//3540 59//56
f 4249//3546 85//80 123//116
f 85//80 59//56 4243//3540
f 4243//3540 124//117 85//80
f 4211//3508 4209//3506 207//196
f 207//196 304//273 4215//3512
f 207//196 4215//3512 4211//3508
f 156//147 122//115 207//196
f 207//196 3511//2822 156//147
f 207//196 4197//3494 3509//2820
f 162//153 164//155 4240//3537
f 4244//3541 163//154 162//153
f 162//153 160//151 4244//3541
f 4234//3531 304//273 204//193
f 204//193 4233//3530 4234//3531
f 4228//3525 304//273 4234//3531
f 4209//3506 4205//3502 4203//3500
f 4203//3500 207//196 4209//3506
f 4233//3530 204//193 203//192
f 4226//3523 304//273 4228//3525
f 4199//3496 4197//3494 207//196
f 207//196 4203//3500 4199//3496
f 205//194 204//193 208//197
f 208//197 162//153 4240//3537
f 208//197 4240//3537 205//194
f 4217//3514 4215//3512 304//273
f 304//273 4221//3518 4217//3514
f 4223//3520 4221//3518 304//273
f 304//273 4226//3523 4223//3520
f 680//593 390//350 450//403
f 450//403 681//593 680//593
f 1063//905 1066//908 1578//1229
f 405//364 531//473 708//619
f 708//619 869//754 604//532
f 604//532 603//531 405//364
f 708//619 604//532 405//364
f 390//350 680//593 580//509
f 682//594 681//593 450//403
f 450//403 579//508 682//594
f 603//531 605//533 1075//531
f 840//728 579//508 679//592
f 1067//909 844//732 705//616
f 581//510 1006//853 684//596
f 684//596 390//350 581//510
f 707//618 1008//853 1007//854
f 1008//853 707//618 684//596
f 684//596 1006//853 1008//853
f 1063//905 1685//1296 1202//992
f 3543//2852 3188//2527 3327//2656
f 999//847 1684//1296 1687//1298
f 1686//1297 1063//905 1578//1229
f 1685//1296 1684//1296 999//847
f 999//847 1202//992 1685//1296
f 3161//2503 2682//2071 2491//1915
f 2491//1915 3169//2511 3303//2631
f 3303//2631 3162//2504 3161//2503
f 2491//1915 3303//2631 3161//2503
f 3303//2631 3169//2511 3304//2632
f 1575//1226 1577//1228 2804//2188
f 2804//2188 2803//1226 1575//1226
f 3283//2486 3142//2486 3282//2613
f 3282//2613 3319//2648 3420//2741
f 3282//2613 3420//2741 3283//2486
f 3541//2850 3398//2722 1577//1228
f 1577//1228 1576//1227 3541//2850
f 3309//2637 3404//2727 3403//2726
f 3403//2726 3308//2636 3168//2510
f 3403//2726 3168//2510 3309//2637
f 2804//2188 3189//2528 3432//2752
f 3432//2752 3544//2852 2804//2188
f 2804//2188 3544//2852 2805//2189
f 3694//2998 3398//2722 3541//2850
f 3404//2727 3679//2982 3405//2728
f 3431//2751 3189//2528 3188//2527
f 3188//2527 3543//2852 3431//2751
f 3404//2727 3283//2486 3421//2741
f 3421//2741 3679//2982 3404//2727
f 4222//3519 4219//3516 89//84
f 4247//3544 4245//3542 4244//3541
f 4309//3631 2874//3633 2776//2162
f 4227//3524 4225//3522 4231//3528
f 4231//3528 4230//3527 4227//3524
f 2776//2162 4311//3632 4309//3631
f 2698//2086 2762//2148 2654//35
f 2654//35 2609//35 2698//2086
f 2762//2148 2761//2147 2653//35
f 2653//35 2654//35 2762//2148
f 2761//2147 2756//2142 2652//35
f 2652//35 2653//35 2761//2147
f 2756//2142 2755//2141 2651//35
f 2651//35 2652//35 2756//2142
f 2755//2141 2751//2137 2650//35
f 2650//35 2651//35 2755//2141
f 2751//2137 2748//2134 2649//35
f 2649//35 2650//35 2751//2137
f 2748//2134 2746//2132 2648//35
f 2648//35 2649//35 2748//2134
f 2746//2132 2742//2128 2647//35
f 2647//35 2648//35 2746//2132
f 2742//2128 2739//2125 2646//35
f 2646//35 2647//35 2742//2128
f 2739//2125 2736//2122 2645//35
f 2645//35 2646//35 2739//2125
f 2736//2122 2734//2120 2644//35
f 2644//35 2645//35 2736//2122
f 2734//2120 2730//2116 2643//35
f 2643//35 2644//35 2734//2120
f 2730//2116 2728//2114 2642//35
f 2642//35 2643//35 2730//2116
f 2728//2114 2640//2042 2546//35
f 2546//35 2642//35 2728//2114
f 2606//2010 2698//2086 2609//35
f 2609//35 2500//35 2606//2010
f 2640//2042 2544//1963 2431//35
f 2431//35 2546//35 2640//2042
f 2499//1923 2606//2010 2500//35
f 2500//35 2389//35 2499//1923
f 2544//1963 2429//1855 2331//35
f 2331//35 2431//35 2544//1963
f 2388//1822 2499//1923 2389//35
f 2389//35 2281//35 2388//1822
f 2429//1855 2329//1765 2201//35
f 2201//35 2331//35 2429//1855
f 2280//1728 2388//1822 2281//35
f 2281//35 2133//35 2280//1728
f 2329//1765 2198//1649 2059//35
f 2059//35 2201//35 2329//1765
f 2132//1593 2280//1728 2133//35
f 2133//35 2009//35 2132//1593
f 2198//1649 2057//1551 1921//35
f 1921//35 2059//35 2198//1649
f 2007//1513 2132//1593 2009//35
f 2009//35 1854//35 2007//1513
f 2057//1551 1918//1462 1750//35
f 1750//35 1921//35 2057//1551
f 1852//1406 2007//1513 1854//35
f 1854//35 1705//35 1852//1406
f 1918//1462 1747//1347 1598//35
f 1598//35 1750//35 1918//1462
f 1849//1403 1852//1406 1705//35
f 1705//35 1535//35 1849//1403
f 1594//1245 1435//35 1598//35
f 1598//35 1747//1347 1594//1245
f 1702//1312 1849//1403 1535//35
f 1535//35 1377//35 1702//1312
f 1593//1244 1246//35 1435//35
f 1435//35 1594//1245 1593//1244
f 1375//1102 1702//1312 1377//35
f 1377//35 1211//35 1375//1102
f 1433//1145 1094//35 1246//35
f 1246//35 1593//1244 1433//1145
f 1207//997 1375//1102 1211//35
f 1211//35 1033//35 1207//997
f 1091//928 889//35 1094//35
f 1094//35 1433//1145 1091//928
f 1037//882 1207//997 1033//35
f 1033//35 850//35 1037//882
f 886//765 738//35 889//35
f 889//35 1091//928 886//765
f 1037//882 850//35 687//35
f 687//35 852//739 1037//882
f 733//637 639//35 738//35
f 738//35 886//765 733//637
f 852//739 687//35 585//35
f 585//35 689//600 852//739
f 637//558 550//35 639//35
f 639//35 733//637 637//558
f 689//600 585//35 517//35
f 517//35 589//517 689//600
f 634//555 479//35 550//35
f 550//35 637//558 634//555
f 589//517 517//35 453//35
f 453//35 521//463 589//517
f 548//483 422//35 479//35
f 479//35 634//555 548//483
f 521//463 453//35 395//35
f 395//35 455//407 521//463
f 418//376 360//35 422//35
f 422//35 548//483 418//376
f 455//407 395//35 335//35
f 335//35 400//359 455//407
f 356//321 292//35 360//35
f 360//35 418//376 356//321
f 400//359 335//35 272//35
f 272//35 337//303 400//359
f 355//320 244//35 292//35
f 292//35 356//321 355//320
f 337//303 272//35 223//35
f 223//35 276//250 337//303
f 242//222 191//35 244//35
f 244//35 355//320 242//222
f 276//250 223//35 173//35
f 173//35 226//211 276//250
f 153//144 145//35 191//35
f 191//35 242//222 153//144
f 226//211 173//35 132//35
f 132//35 176//166 226//211
f 84//79 109//35 145//35
f 145//35 153//144 84//79
f 176//166 132//35 100//35
f 100//35 136//128 176//166
f 58//55 74//35 109//35
f 109//35 84//79 58//55
f 136//128 100//35 67//35
f 67//35 102//96 136//128
f 40//39 48//35 74//35
f 74//35 58//55 40//39
f 102//96 67//35 45//35
f 45//35 69//65 102//96
f 26//26 38//35 48//35
f 48//35 40//39 26//26
f 69//65 45//35 35//35
f 35//35 27//27 69//65
f 27//27 35//35 38//35
f 38//35 26//26 27//27
f 4489//3805 4490//3806 4491//3807
f 4491//3807 4492//3808 4489//3805
f 4493//3809 4494//3810 4495//3811
f 4495//3811 4496//3812 4493//3809
f 4497//3813 4498//3814 4499//3815
f 4499//3815 4500//3816 4497//3813
f 4501//3817 4489//3805 4492//3808
f 4492//3808 4502//3818 4501//3817
f 4503//3819 4493//3809 4496//3812
f 4496//3812 4504//3820 4503//3819
f 4505//3639 4497//3813 4500//3816
f 4500//3816 4506//3821 4505//3639
f 4507//3822 4501//3817 4502//3818
f 4502//3818 4508//3823 4507//3822
f 4509//3824 4503//3819 4504//3820
f 4504//3820 4510//3825 4509//3824
f 4511//3826 4505//3639 4506//3821
f 4506//3821 4512//3827 4511//3826
f 4513//3828 4507//3822 4508//3823
f 4508//3823 4514//3829 4513//3828
f 4515//3830 4509//3824 4510//3825
f 4510//3825 4516//3831 4515//3830
f 4517//3832 4511//3826 4512//3827
f 4512//3827 4518//3833 4517//3832
f 4519//3834 4513//3828 4514//3829
f 4514//3829 4520//3835 4519//3834
f 4490//3806 4515//3830 4516//3831
f 4516//3831 4491//3807 4490//3806
f 4521//3836 4517//3832 4518//3833
f 4518//3833 4522//3837 4521//3836
f 4523//3838 4519//3834 4520//3835
f 4520//3835 4524//3839 4523//3838
f 4525//3840 4521//3836 4522//3837
f 4522//3837 4526//3841 4525//3840
f 4527//3842 4523//3838 4524//3839
f 4524//3839 4528//3843 4527//3842
f 4529//3844 4525//3840 4526//3841
f 4526//3841 4530//3845 4529//3844
f 4531//3631 4527//3842 4528//3843
f 4528//3843 4532//3846 4531//3631
f 4533//3847 4529//3844 4530//3845
f 4530//3845 4534//3848 4533//3847
f 4535//3849 4531//3631 4532//3846
f 4532//3846 4536//3850 4535//3849
f 4537//3851 4533//3847 4534//3848
f 4534//3848 4538//3852 4537//3851
f 4539//3853 4535//3849 4536//3850
f 4536//3850 4540//3854 4539//3853
f 4541//3632 4537//3851 4538//3852
f 4538//3852 4542//3855 4541//3632
f 4543//3856 4539//3853 4540//3854
f 4540//3854 4544//3857 4543//3856
f 4545//3858 4541//3632 4542//3855
f 4542//3855 4546//3859 4545//3858
f 4547//3860 4543//3856 4544//3857
f 4544//3857 4548//3861 4547//3860
f 4549//3862 4545//3858 4546//3859
f 4546//3859 4550//3863 4549//3862
f 4551//3864 4547//3860 4548//3861
f 4548//3861 4552//3865 4551//3864
f 4494//3810 4549//3862 4550//3863
f 4550//3863 4495//3811 4494//3810
f 4498//3814 4551//3864 4552//3865
f 4552//3865 4499//3815 4498//3814
f 4538//3852 4534//3848 4553//3866
f 4553//3866 4554//3867 4538//3852
f 4540//3854 4536//3850 4555//3868
f 4555//3868 4556//3869 4540//3854
f 4542//3855 4538//3852 4554//3867
f 4554//3867 4557//3870 4542//3855
f 4544//3857 4540//3854 4556//3869
f 4556//3869 4558//3871 4544//3857
f 4546//3859 4542//3855 4557//3870
f 4557//3870 4559//3872 4546//3859
f 4548//3861 4544//3857 4558//3871
f 4558//3871 4560//3873 4548//3861
f 4550//3863 4546//3859 4559//3872
f 4559//3872 4561//3874 4550//3863
f 4552//3865 4548//3861 4560//3873
f 4560//3873 4562//3875 4552//3865
f 4495//3811 4550//3863 4561//3874
f 4561//3874 4563//3876 4495//3811
f 4499//3815 4552//3865 4562//3875
f 4562//3875 4564//3877 4499//3815
f 4492//3808 4491//3807 4565//3878
f 4565//3878 4566//3879 4492//3808
f 4496//3812 4495//3811 4563//3876
f 4563//3876 4567//3880 4496//3812
f 4500//3816 4499//3815 4564//3877
f 4564//3877 4568//3881 4500//3816
f 4502//3818 4492//3808 4566//3879
f 4566//3879 4569//3882 4502//3818
f 4504//3820 4496//3812 4567//3880
f 4567//3880 4570//3883 4504//3820
f 4506//3821 4500//3816 4568//3881
f 4568//3881 4571//3884 4506//3821
f 4508//3823 4502//3818 4569//3882
f 4569//3882 4572//3885 4508//3823
f 4510//3825 4504//3820 4570//3883
f 4570//3883 4573//3886 4510//3825
f 4512//3827 4506//3821 4571//3884
f 4571//3884 4574//3887 4512//3827
f 4514//3829 4508//3823 4572//3885
f 4572//3885 4575//3888 4514//3829
f 4516//3831 4510//3825 4573//3886
f 4573//3886 4576//3889 4516//3831
f 4518//3833 4512//3827 4574//3887
f 4574//3887 4577//3890 4518//3833
f 4520//3835 4514//3829 4575//3888
f 4575//3888 4578//3891 4520//3835
f 4491//3807 4516//3831 4576//3889
f 4576//3889 4565//3878 4491//3807
f 4522//3837 4518//3833 4577//3890
f 4577//3890 4579//3892 4522//3837
f 4524//3839 4520//3835 4578//3891
f 4578//3891 4580//3893 4524//3839
f 4526//3841 4522//3837 4579//3892
f 4579//3892 4581//3894 4526//3841
f 4528//3843 4524//3839 4580//3893
f 4580//3893 4582//3895 4528//3843
f 4530//3845 4526//3841 4581//3894
f 4581//3894 4583//3896 4530//3845
f 4532//3846 4528//3843 4582//3895
f 4582//3895 4584//3897 4532//3846
f 4534//3848 4530//3845 4583//3896
f 4583//3896 4553//3866 4534//3848
f 4536//3850 4532//3846 4584//3897
f 4584//3897 4555//3868 4536//3850
f 4561//3874 4559//3872 4585//3859
f 4585//3859 4586//3898 4561//3874
f 4562//3875 4560//3873 4587//3861
f 4587//3861 4588//3865 4562//3875
f 4563//3876 4561//3874 4586//3898
f 4586//3898 4589//3811 4563//3876
f 4564//3877 4562//3875 4588//3865
f 4588//3865 4590//3899 4564//3877
f 4566//3879 4565//3878 4591//3807
f 4591//3807 4592//3808 4566//3879
f 4567//3880 4563//3876 4589//3811
f 4589//3811 4593//3812 4567//3880
f 4568//3881 4564//3877 4590//3899
f 4590//3899 4594//3816 4568//3881
f 4569//3882 4566//3879 4592//3808
f 4592//3808 4595//3900 4569//3882
f 4570//3883 4567//3880 4593//3812
f 4593//3812 4596//3820 4570//3883
f 4571//3884 4568//3881 4594//3816
f 4594//3816 4597//3821 4571//3884
f 4572//3885 4569//3882 4595//3900
f 4595//3900 4598//3823 4572//3885
f 4573//3886 4570//3883 4596//3820
f 4596//3820 4599//3901 4573//3886
f 4574//3887 4571//3884 4597//3821
f 4597//3821 4600//3827 4574//3887
f 4575//3888 4572//3885 4598//3823
f 4598//3823 4601//3829 4575//3888
f 4576//3889 4573//3886 4599//3901
f 4599//3901 4602//3831 4576//3889
f 4577//3890 4574//3887 4600//3827
f 4600//3827 4603//3902 4577//3890
f 4578//3891 4575//3888 4601//3829
f 4601//3829 4604//3835 4578//3891
f 4565//3878 4576//3889 4602//3831
f 4602//3831 4591//3807 4565//3878
f 4579//3892 4577//3890 4603//3902
f 4603//3902 4605//3837 4579//3892
f 4580//3893 4578//3891 4604//3835
f 4604//3835 4606//3903 4580//3893
f 4581//3894 4579//3892 4605//3837
f 4605//3837 4607//3841 4581//3894
f 4582//3895 4580//3893 4606//3903
f 4606//3903 4608//3843 4582//3895
f 4583//3896 4581//3894 4607//3841
f 4607//3841 4609//3904 4583//3896
f 4584//3897 4582//3895 4608//3843
f 4608//3843 4610//3846 4584//3897
f 4553//3866 4583//3896 4609//3904
f 4609//3904 4611//3905 4553//3866
f 4555//3868 4584//3897 4610//3846
f 4610//3846 4612//3850 4555//3868
f 4554//3867 4553//3866 4611//3905
f 4611//3905 4613//3852 4554//3867
f 4556//3869 4555//3868 4612//3850
f 4612//3850 4614//3906 4556//3869
f 4557//3870 4554//3867 4613//3852
f 4613//3852 4615//3855 4557//3870
f 4558//3871 4556//3869 4614//3906
f 4614//3906 4616//3857 4558//3871
f 4559//3872 4557//3870 4615//3855
f 4615//3855 4585//3859 4559//3872
f 4560//3873 4558//3871 4616//3857
f 4616//3857 4587//3861 4560//3873
f 4595//3900 4592//3808 4617//3907
f 4617//3907 4618//3908 4595//3900
f 4596//3820 4593//3812 4619//3880
f 4619//3880 4620//3909 4596//3820
f 4597//3821 4594//3816 4621//3910
f 4621//3910 4622//3884 4597//3821
f 4598//3823 4595//3900 4618//3908
f 4618//3908 4623//3911 4598//3823
f 4599//3901 4596//3820 4620//3909
f 4620//3909 4624//3886 4599//3901
f 4600//3827 4597//3821 4622//3884
f 4622//3884 4625//3912 4600//3827
f 4601//3829 4598//3823 4623//3911
f 4623//3911 4626//3888 4601//3829
f 4602//3831 4599//3901 4624//3886
f 4624//3886 4627//3913 4602//3831
f 4603//3902 4600//3827 4625//3912
f 4625//3912 4628//3914 4603//3902
f 4604//3835 4601//3829 4626//3888
f 4626//3888 4629//3915 4604//3835
f 4591//3807 4602//3831 4627//3913
f 4627//3913 4630//3916 4591//3807
f 4605//3837 4603//3902 4628//3914
f 4628//3914 4631//3892 4605//3837
f 4606//3903 4604//3835 4629//3915
f 4629//3915 4632//3893 4606//3903
f 4607//3841 4605//3837 4631//3892
f 4631//3892 4633//3894 4607//3841
f 4608//3843 4606//3903 4632//3893
f 4632//3893 4634//3917 4608//3843
f 4609//3904 4607//3841 4633//3894
f 4633//3894 4635//3918 4609//3904
f 4610//3846 4608//3843 4634//3917
f 4634//3917 4636//3897 4610//3846
f 4611//3905 4609//3904 4635//3918
f 4635//3918 4637//3866 4611//3905
f 4612//3850 4610//3846 4636//3897
f 4636//3897 4638//3919 4612//3850
f 4613//3852 4611//3905 4637//3866
f 4637//3866 4639//3920 4613//3852
f 4614//3906 4612//3850 4638//3919
f 4638//3919 4640//3921 4614//3906
f 4615//3855 4613//3852 4639//3920
f 4639//3920 4641//3922 4615//3855
f 4616//3857 4614//3906 4640//3921
f 4640//3921 4642//3923 4616//3857
f 4585//3859 4615//3855 4641//3922
f 4641//3922 4643//3872 4585//3859
f 4587//3861 4616//3857 4642//3923
f 4642//3923 4644//3924 4587//3861
f 4586//3898 4585//3859 4643//3872
f 4643//3872 4645//3874 4586//3898
f 4588//3865 4587//3861 4644//3924
f 4644//3924 4646//3875 4588//3865
f 4589//3811 4586//3898 4645//3874
f 4645//3874 4647//3876 4589//3811
f 4590//3899 4588//3865 4646//3875
f 4646//3875 4648//3877 4590//3899
f 4592//3808 4591//3807 4630//3916
f 4630//3916 4617//3907 4592//3808
f 4593//3812 4589//3811 4647//3876
f 4647//3876 4619//3880 4593//3812
f 4594//3816 4590//3899 4648//3877
f 4648//3877 4621//3910 4594//3816
f 4629//3915 4626//3888 4649//3925
f 4649//3925 4650//3926 4629//3915
f 4630//3916 4627//3913 4651//3927
f 4651//3927 4652//3807 4630//3916
f 4631//3892 4628//3914 4653//3928
f 4653//3928 4654//3929 4631//3892
f 4632//3893 4629//3915 4650//3926
f 4650//3926 4655//3930 4632//3893
f 4633//3894 4631//3892 4654//3929
f 4654//3929 4656//3931 4633//3894
f 4634//3917 4632//3893 4655//3930
f 4655//3930 4657//3932 4634//3917
f 4635//3918 4633//3894 4656//3931
f 4656//3931 4658//3845 4635//3918
f 4636//3897 4634//3917 4657//3932
f 4657//3932 4659//3846 4636//3897
f 4637//3866 4635//3918 4658//3845
f 4658//3845 4660//3905 4637//3866
f 4638//3919 4636//3897 4659//3846
f 4659//3846 4661//3850 4638//3919
f 4639//3920 4637//3866 4660//3905
f 4660//3905 4662//3933 4639//3920
f 4640//3921 4638//3919 4661//3850
f 4661//3850 4663//3934 4640//3921
f 4641//3922 4639//3920 4662//3933
f 4662//3933 4664//3855 4641//3922
f 4642//3923 4640//3921 4663//3934
f 4663//3934 4665//3935 4642//3923
f 4643//3872 4641//3922 4664//3855
f 4664//3855 4666//3936 4643//3872
f 4644//3924 4642//3923 4665//3935
f 4665//3935 4667//3937 4644//3924
f 4645//3874 4643//3872 4666//3936
f 4666//3936 4668//3898 4645//3874
f 4646//3875 4644//3924 4667//3937
f 4667//3937 4669//3938 4646//3875
f 4647//3876 4645//3874 4668//3898
f 4668//3898 4670//3811 4647//3876
f 4648//3877 4646//3875 4669//3938
f 4669//3938 4671//3939 4648//3877
f 4617//3907 4630//3916 4652//3807
f 4652//3807 4672//3940 4617//3907
f 4619//3880 4647//3876 4670//3811
f 4670//3811 4673//3941 4619//3880
f 4621//3910 4648//3877 4671//3939
f 4671//3939 4674//3942 4621//3910
f 4618//3908 4617//3907 4672//3940
f 4672//3940 4675//3943 4618//3908
f 4620//3909 4619//3880 4673//3941
f 4673//3941 4676//3944 4620//3909
f 4622//3884 4621//3910 4674//3942
f 4674//3942 4677//3821 4622//3884
f 4623//3911 4618//3908 4675//3943
f 4675//3943 4678//3945 4623//3911
f 4624//3886 4620//3909 4676//3944
f 4676//3944 4679//3946 4624//3886
f 4625//3912 4622//3884 4677//3821
f 4677//3821 4680//3827 4625//3912
f 4626//3888 4623//3911 4678//3945
f 4678//3945 4649//3925 4626//3888
f 4627//3913 4624//3886 4679//3946
f 4679//3946 4651//3927 4627//3913
f 4628//3914 4625//3912 4680//3827
f 4680//3827 4653//3928 4628//3914
f 4675//3943 4672//3940 4652//3807
f 4652//3807 4651//3927 4679//3946
f 4679//3946 4676//3944 4673//3941
f 4673//3941 4670//3811 4668//3898
f 4668//3898 4666//3936 4664//3855
f 4664//3855 4662//3933 4660//3905
f 4660//3905 4658//3845 4656//3931
f 4656//3931 4654//3929 4653//3928
f 4653//3928 4680//3827 4677//3821
f 4677//3821 4674//3942 4671//3939
f 4671//3939 4669//3938 4667//3937
f 4667//3937 4665//3935 4663//3934
f 4663//3934 4661//3850 4659//3846
f 4659//3846 4657//3932 4655//3930
f 4655//3930 4650//3926 4649//3925
f 4649//3925 4678//3945 4675//3943
f 4675//3943 4652//3807 4679//3946
f 4679//3946 4673//3941 4668//3898
f 4668//3898 4664//3855 4660//3905
f 4660//3905 4656//3931 4653//3928
f 4653//3928 4677//3821 4671//3939
f 4671//3939 4667//3937 4663//3934
f 4663//3934 4659//3846 4655//3930
f 4655//3930 4649//3925 4675//3943
f 4675//3943 4679//3946 4668//3898
f 4668//3898 4660//3905 4653//3928
f 4653//3928 4671//3939 4663//3934
f 4663//3934 4655//3930 4675//3943
f 4675//3943 4668//3898 4653//3928
f 4653//3928 4663//3934 4675//3943
f 4681//3947 4682//3948 4683//3949
f 4683//3949 4684//3950 4681//3947
f 4685//3951 4686//3952 4687//3953
f 4687//3953 4688//3954 4685//3951
f 4689//3955 4690//3956 4691//3957
f 4691//3957 4692//3958 4689//3955
f 4693//3959 4681//3947 4684//3950
f 4684//3950 4694//3960 4693//3959
f 4695//3961 4685//3951 4688//3954
f 4688//3954 4696//3962 4695//3961
f 4697//3963 4689//3955 4692//3958
f 4692//3958 4698//3964 4697//3963
f 4699//3965 4693//3959 4694//3960
f 4694//3960 4700//3966 4699//3965
f 4701//3967 4695//3961 4696//3962
f 4696//3962 4702//3968 4701//3967
f 4703//3969 4697//3963 4698//3964
f 4698//3964 4704//3970 4703//3969
f 4705//3971 4699//3965 4700//3966
f 4700//3966 4706//3972 4705//3971
f 4707//3973 4701//3967 4702//3968
f 4702//3968 4708//3974 4707//3973
f 4709//3975 4703//3969 4704//3970
f 4704//3970 4710//3976 4709//3975
f 4711//3977 4705//3971 4706//3972
f 4706//3972 4712//3978 4711//3977
f 4682//3948 4707//3973 4708//3974
f 4708//3974 4683//3949 4682//3948
f 4713//3979 4709//3975 4710//3976
f 4710//3976 4714//3980 4713//3979
f 4715//3981 4711//3977 4712//3978
f 4712//3978 4716//3982 4715//3981
f 4717//3983 4713//3979 4714//3980
f 4714//3980 4718//3984 4717//3983
f 4719//3985 4715//3981 4716//3982
f 4716//3982 4720//3986 4719//3985
f 4721//3987 4717//3983 4718//3984
f 4718//3984 4722//3988 4721//3987
f 4723//3989 4719//3985 4720//3986
f 4720//3986 4724//3990 4723//3989
f 4725//3991 4721//3987 4722//3988
f 4722//3988 4726//3992 4725//3991
f 4727//3993 4723//3989 4724//3990
f 4724//3990 4728//3994 4727//3993
f 4729//3995 4725//3991 4726//3992
f 4726//3992 4730//3996 4729//3995
f 4731//3997 4727//3993 4728//3994
f 4728//3994 4732//3998 4731//3997
f 4733//3999 4729//3995 4730//3996
f 4730//3996 4734//4000 4733//3999
f 4735//4001 4731//3997 4732//3998
f 4732//3998 4736//4002 4735//4001
f 4737//4003 4733//3999 4734//4000
f 4734//4000 4738//4004 4737//4003
f 4739//4005 4735//4001 4736//4002
f 4736//4002 4740//4006 4739//4005
f 4741//4007 4737//4003 4738//4004
f 4738//4004 4742//4008 4741//4007
f 4743//4009 4739//4005 4740//4006
f 4740//4006 4744//4010 4743//4009
f 4686//3952 4741//4007 4742//4008
f 4742//4008 4687//3953 4686//3952
f 4690//3956 4743//4009 4744//4010
f 4744//4010 4691//3957 4690//3956
f 4730//3996 4726//3992 4745//4011
f 4745//4011 4746//4012 4730//3996
f 4732//3998 4728//3994 4747//4013
f 4747//4013 4748//4014 4732//3998
f 4734//4000 4730//3996 4746//4012
f 4746//4012 4749//4015 4734//4000
f 4736//4002 4732//3998 4748//4014
f 4748//4014 4750//4016 4736//4002
f 4738//4004 4734//4000 4749//4015
f 4749//4015 4751//4017 4738//4004
f 4740//4006 4736//4002 4750//4016
f 4750//4016 4752//4018 4740//4006
f 4742//4008 4738//4004 4751//4017
f 4751//4017 4753//4019 4742//4008
f 4744//4010 4740//4006 4752//4018
f 4752//4018 4754//4020 4744//4010
f 4687//3953 4742//4008 4753//4019
f 4753//4019 4755//4021 4687//3953
f 4691//3957 4744//4010 4754//4020
f 4754//4020 4756//4022 4691//3957
f 4684//3950 4683//3949 4757//4023
f 4757//4023 4758//4024 4684//3950
f 4688//3954 4687//3953 4755//4021
f 4755//4021 4759//4025 4688//3954
f 4692//3958 4691//3957 4756//4022
f 4756//4022 4760//4026 4692//3958
f 4694//3960 4684//3950 4758//4024
f 4758//4024 4761//4027 4694//3960
f 4696//3962 4688//3954 4759//4025
f 4759//4025 4762//4028 4696//3962
f 4698//3964 4692//3958 4760//4026
f 4760//4026 4763//4029 4698//3964
f 4700//3966 4694//3960 4761//4027
f 4761//4027 4764//4030 4700//3966
f 4702//3968 4696//3962 4762//4028
f 4762//4028 4765//4031 4702//3968
f 4704//3970 4698//3964 4763//4029
f 4763//4029 4766//4032 4704//3970
f 4706//3972 4700//3966 4764//4030
f 4764//4030 4767//4033 4706//3972
f 4708//3974 4702//3968 4765//4031
f 4765//4031 4768//4034 4708//3974
f 4710//3976 4704//3970 4766//4032
f 4766//4032 4769//4035 4710//3976
f 4712//3978 4706//3972 4767//4033
f 4767//4033 4770//4036 4712//3978
f 4683//3949 4708//3974 4768//4034
f 4768//4034 4757//4023 4683//3949
f 4714//3980 4710//3976 4769//4035
f 4769//4035 4771//4037 4714//3980
f 4716//3982 4712//3978 4770//4036
f 4770//4036 4772//4038 4716//3982
f 4718//3984 4714//3980 4771//4037
f 4771//4037 4773//4039 4718//3984
f 4720//3986 4716//3982 4772//4038
f 4772//4038 4774//4040 4720//3986
f 4722//3988 4718//3984 4773//4039
f 4773//4039 4775//4041 4722//3988
f 4724//3990 4720//3986 4774//4040
f 4774//4040 4776//4042 4724//3990
f 4726//3992 4722//3988 4775//4041
f 4775//4041 4745//4011 4726//3992
f 4728//3994 4724//3990 4776//4042
f 4776//4042 4747//4013 4728//3994
f 4753//4019 4751//4017 4777//4004
f 4777//4004 4778//4008 4753//4019
f 4754//4020 4752//4018 4779//4006
f 4779//4006 4780//4010 4754//4020
f 4755//4021 4753//4019 4778//4008
f 4778//4008 4781//3953 4755//4021
f 4756//4022 4754//4020 4780//4010
f 4780//4010 4782//3957 4756//4022
f 4758//4024 4757//4023 4783//3949
f 4783//3949 4784//3950 4758//4024
f 4759//4025 4755//4021 4781//3953
f 4781//3953 4785//3954 4759//4025
f 4760//4026 4756//4022 4782//3957
f 4782//3957 4786//3958 4760//4026
f 4761//4027 4758//4024 4784//3950
f 4784//3950 4787//3960 4761//4027
f 4762//4028 4759//4025 4785//3954
f 4785//3954 4788//3962 4762//4028
f 4763//4029 4760//4026 4786//3958
f 4786//3958 4789//4043 4763//4029
f 4764//4030 4761//4027 4787//3960
f 4787//3960 4790//3966 4764//4030
f 4765//4031 4762//4028 4788//3962
f 4788//3962 4791//4044 4765//4031
f 4766//4032 4763//4029 4789//4043
f 4789//4043 4792//3970 4766//4032
f 4767//4033 4764//4030 4790//3966
f 4790//3966 4793//3972 4767//4033
f 4768//4034 4765//4031 4791//4044
f 4791//4044 4794//4045 4768//4034
f 4769//4035 4766//4032 4792//3970
f 4792//3970 4795//3976 4769//4035
f 4770//4036 4767//4033 4793//3972
f 4793//3972 4796//3978 4770//4036
f 4757//4023 4768//4034 4794//4045
f 4794//4045 4783//3949 4757//4023
f 4771//4037 4769//4035 4795//3976
f 4795//3976 4797//3980 4771//4037
f 4772//4038 4770//4036 4796//3978
f 4796//3978 4798//3982 4772//4038
f 4773//4039 4771//4037 4797//3980
f 4797//3980 4799//3984 4773//4039
f 4774//4040 4772//4038 4798//3982
f 4798//3982 4800//3986 4774//4040
f 4775//4041 4773//4039 4799//3984
f 4799//3984 4801//3988 4775//4041
f 4776//4042 4774//4040 4800//3986
f 4800//3986 4802//3990 4776//4042
f 4745//4011 4775//4041 4801//3988
f 4801//3988 4803//4046 4745//4011
f 4747//4013 4776//4042 4802//3990
f 4802//3990 4804//4047 4747//4013
f 4746//4012 4745//4011 4803//4046
f 4803//4046 4805//3996 4746//4012
f 4748//4014 4747//4013 4804//4047
f 4804//4047 4806//3998 4748//4014
f 4749//4015 4746//4012 4805//3996
f 4805//3996 4807//4048 4749//4015
f 4750//4016 4748//4014 4806//3998
f 4806//3998 4808//4002 4750//4016
f 4751//4017 4749//4015 4807//4048
f 4807//4048 4777//4004 4751//4017
f 4752//4018 4750//4016 4808//4002
f 4808//4002 4779//4006 4752//4018
f 4787//3960 4784//3950 4809//4049
f 4809//4049 4810//4027 4787//3960
f 4788//3962 4785//3954 4811//4050
f 4811//4050 4812//4051 4788//3962
f 4789//4043 4786//3958 4813//4052
f 4813//4052 4814//4053 4789//4043
f 4790//3966 4787//3960 4810//4027
f 4810//4027 4815//4054 4790//3966
f 4791//4044 4788//3962 4812//4051
f 4812//4051 4816//4055 4791//4044
f 4792//3970 4789//4043 4814//4053
f 4814//4053 4817//4056 4792//3970
f 4793//3972 4790//3966 4815//4054
f 4815//4054 4818//4057 4793//3972
f 4794//4045 4791//4044 4816//4055
f 4816//4055 4819//4058 4794//4045
f 4795//3976 4792//3970 4817//4056
f 4817//4056 4820//4059 4795//3976
f 4796//3978 4793//3972 4818//4057
f 4818//4057 4821//4060 4796//3978
f 4783//3949 4794//4045 4819//4058
f 4819//4058 4822//4023 4783//3949
f 4797//3980 4795//3976 4820//4059
f 4820//4059 4823//4061 4797//3980
f 4798//3982 4796//3978 4821//4060
f 4821//4060 4824//4062 4798//3982
f 4799//3984 4797//3980 4823//4061
f 4823//4061 4825//4063 4799//3984
f 4800//3986 4798//3982 4824//4062
f 4824//4062 4826//4064 4800//3986
f 4801//3988 4799//3984 4825//4063
f 4825//4063 4827//4041 4801//3988
f 4802//3990 4800//3986 4826//4064
f 4826//4064 4828//4065 4802//3990
f 4803//4046 4801//3988 4827//4041
f 4827//4041 4829//4066 4803//4046
f 4804//4047 4802//3990 4828//4065
f 4828//4065 4830//4067 4804//4047
f 4805//3996 4803//4046 4829//4066
f 4829//4066 4831//4068 4805//3996
f 4806//3998 4804//4047 4830//4067
f 4830//4067 4832//4069 4806//3998
f 4807//4048 4805//3996 4831//4068
f 4831//4068 4833//4070 4807//4048
f 4808//4002 4806//3998 4832//4069
f 4832//4069 4834//4071 4808//4002
f 4777//4004 4807//4048 4833//4070
f 4833//4070 4835//4072 4777//4004
f 4779//4006 4808//4002 4834//4071
f 4834//4071 4836//4073 4779//4006
f 4778//4008 4777//4004 4835//4072
f 4835//4072 4837//4074 4778//4008
f 4780//4010 4779//4006 4836//4073
f 4836//4073 4838//4075 4780//4010
f 4781//3953 4778//4008 4837//4074
f 4837//4074 4839//4076 4781//3953
f 4782//3957 4780//4010 4838//4075
f 4838//4075 4840//4077 4782//3957
f 4784//3950 4783//3949 4822//4023
f 4822//4023 4809//4049 4784//3950
f 4785//3954 4781//3953 4839//4076
f 4839//4076 4811//4050 4785//3954
f 4786//3958 4782//3957 4840//4077
f 4840//4077 4813//4052 4786//3958
f 4821//4060 4818//4057 4841//4078
f 4841//4078 4842//4079 4821//4060
f 4822//4023 4819//4058 4843//4080
f 4843//4080 4844//4081 4822//4023
f 4823//4061 4820//4059 4845//3976
f 4845//3976 4846//4082 4823//4061
f 4824//4062 4821//4060 4842//4079
f 4842//4079 4847//4083 4824//4062
f 4825//4063 4823//4061 4846//4082
f 4846//4082 4848//4084 4825//4063
f 4826//4064 4824//4062 4847//4083
f 4847//4083 4849//4085 4826//4064
f 4827//4041 4825//4063 4848//4084
f 4848//4084 4850//4086 4827//4041
f 4828//4065 4826//4064 4849//4085
f 4849//4085 4851//3990 4828//4065
f 4829//4066 4827//4041 4850//4086
f 4850//4086 4852//4087 4829//4066
f 4830//4067 4828//4065 4851//3990
f 4851//3990 4853//4088 4830//4067
f 4831//4068 4829//4066 4852//4087
f 4852//4087 4854//4089 4831//4068
f 4832//4069 4830//4067 4853//4088
f 4853//4088 4855//4090 4832//4069
f 4833//4070 4831//4068 4854//4089
f 4854//4089 4856//4091 4833//4070
f 4834//4071 4832//4069 4855//4090
f 4855//4090 4857//4092 4834//4071
f 4835//4072 4833//4070 4856//4091
f 4856//4091 4858//4093 4835//4072
f 4836//4073 4834//4071 4857//4092
f 4857//4092 4859//4094 4836//4073
f 4837//4074 4835//4072 4858//4093
f 4858//4093 4860//4095 4837//4074
f 4838//4075 4836//4073 4859//4094
f 4859//4094 4861//4096 4838//4075
f 4839//4076 4837//4074 4860//4095
f 4860//4095 4862//4097 4839//4076
f 4840//4077 4838//4075 4861//4096
f 4861//4096 4863//4098 4840//4077
f 4809//4049 4822//4023 4844//4081
f 4844//4081 4864//4099 4809//4049
f 4811//4050 4839//4076 4862//4097
f 4862//4097 4865//4100 4811//4050
f 4813//4052 4840//4077 4863//4098
f 4863//4098 4866//4101 4813//4052
f 4810//4027 4809//4049 4864//4099
f 4864//4099 4867//4102 4810//4027
f 4812//4051 4811//4050 4865//4100
f 4865//4100 4868//4103 4812//4051
f 4814//4053 4813//4052 4866//4101
f 4866//4101 4869//4043 4814//4053
f 4815//4054 4810//4027 4867//4102
f 4867//4102 4870//3966 4815//4054
f 4816//4055 4812//4051 4868//4103
f 4868//4103 4871//4104 4816//4055
f 4817//4056 4814//4053 4869//4043
f 4869//4043 4872//4105 4817//4056
f 4818//4057 4815//4054 4870//3966
f 4870//3966 4841//4078 4818//4057
f 4819//4058 4816//4055 4871//4104
f 4871//4104 4843//4080 4819//4058
f 4820//4059 4817//4056 4872//4105
f 4872//4105 4845//3976 4820//4059
f 4867//4102 4864//4099 4844//4081
f 4844//4081 4843//4080 4871//4104
f 4871//4104 4868//4103 4865//4100
f 4865//4100 4862//4097 4860//4095
f 4860//4095 4858//4093 4856//4091
f 4856//4091 4854//4089 4852//4087
f 4852//4087 4850//4086 4848//4084
f 4848//4084 4846//4082 4845//3976
f 4845//3976 4872//4105 4869//4043
f 4869//4043 4866//4101 4863//4098
f 4863//4098 4861//4096 4859//4094
f 4859//4094 4857//4092 4855//4090
f 4855//4090 4853//4088 4851//3990
f 4851//3990 4849//4085 4847//4083
f 4847//4083 4842//4079 4841//4078
f 4841//4078 4870//3966 4867//4102
f 4867//4102 4844//4081 4871//4104
f 4871//4104 4865//4100 4860//4095
f 4860//4095 4856//4091 4852//4087
f 4852//4087 4848//4084 4845//3976
f 4845//3976 4869//4043 4863//4098
f 4863//4098 4859//4094 4855//4090
f 4855//4090 4851//3990 4847//4083
f 4847//4083 4841//4078 4867//4102
f 4867//4102 4871//4104 4860//4095
f 4860//4095 4852//4087 4845//3976
f 4845//3976 4863//4098 4855//4090
f 4855//4090 4847//4083 4867//4102
f 4867//4102 4860//4095 4845//3976
f 4845//3976 4855//4090 4867//4102
f 4873//4106 4874//4107 4875//4108
f 4875//4108 4876//4109 4873//4106
f 4877//4110 4878//4111 4879//4112
f 4879//4112 4880//4113 4877//4110
f 4881//4114 4882//4115 4883//4116
f 4883//4116 4884//4117 4881//4114
f 4885//4118 4873//4106 4876//4109
f 4876//4109 4886//4119 4885//4118
f 4887//4120 4877//4110 4880//4113
f 4880//4113 4888//4121 4887//4120
f 4889//4122 4881//4114 4884//4117
f 4884//4117 4890//4123 4889//4122
f 4891//4124 4885//4118 4886//4119
f 4886//4119 4892//4125 4891//4124
f 4893//4126 4887//4120 4888//4121
f 4888//4121 4894//4127 4893//4126
f 4895//4128 4889//4122 4890//4123
f 4890//4123 4896//4129 4895//4128
f 4897//4130 4891//4124 4892//4125
f 4892//4125 4898//4131 4897//4130
f 4899//4132 4893//4126 4894//4127
f 4894//4127 4900//4133 4899//4132
f 4901//4134 4895//4128 4896//4129
f 4896//4129 4902//4135 4901//4134
f 4903//4136 4897//4130 4898//4131
f 4898//4131 4904//4137 4903//4136
f 4874//4107 4899//4132 4900//4133
f 4900//4133 4875//4108 4874//4107
f 4905//4138 4901//4134 4902//4135
f 4902//4135 4906//4139 4905//4138
f 4907//4140 4903//4136 4904//4137
f 4904//4137 4908//4141 4907//4140
f 4909//4142 4905//4138 4906//4139
f 4906//4139 4910//4143 4909//4142
f 4911//4144 4907//4140 4908//4141
f 4908//4141 4912//4145 4911//4144
f 4913//4146 4909//4142 4910//4143
f 4910//4143 4914//4147 4913//4146
f 4915//4148 4911//4144 4912//4145
f 4912//4145 4916//4149 4915//4148
f 4917//4150 4913//4146 4914//4147
f 4914//4147 4918//4151 4917//4150
f 4919//4152 4915//4148 4916//4149
f 4916//4149 4920//4153 4919//4152
f 4921//4154 4917//4150 4918//4151
f 4918//4151 4922//4155 4921//4154
f 4923//4156 4919//4152 4920//4153
f 4920//4153 4924//4157 4923//4156
f 4925//4158 4921//4154 4922//4155
f 4922//4155 4926//4159 4925//4158
f 4927//4160 4923//4156 4924//4157
f 4924//4157 4928//4161 4927//4160
f 4929//4162 4925//4158 4926//4159
f 4926//4159 4930//4163 4929//4162
f 4931//4164 4927//4160 4928//4161
f 4928//4161 4932//4165 4931//4164
f 4933//4166 4929//4162 4930//4163
f 4930//4163 4934//4167 4933//4166
f 4935//4168 4931//4164 4932//4165
f 4932//4165 4936//4169 4935//4168
f 4878//4111 4933//4166 4934//4167
f 4934//4167 4879//4112 4878//4111
f 4882//4115 4935//4168 4936//4169
f 4936//4169 4883//4116 4882//4115
f 4922//4155 4918//4151 4937//4170
f 4937//4170 4938//4171 4922//4155
f 4924//4157 4920//4153 4939//4172
f 4939//4172 4940//4173 4924//4157
f 4926//4159 4922//4155 4938//4171
f 4938//4171 4941//4174 4926//4159
f 4928//4161 4924//4157 4940//4173
f 4940//4173 4942//4175 4928//4161
f 4930//4163 4926//4159 4941//4174
f 4941//4174 4943//4176 4930//4163
f 4932//4165 4928//4161 4942//4175
f 4942//4175 4944//4177 4932//4165
f 4934//4167 4930//4163 4943//4176
f 4943//4176 4945//4178 4934//4167
f 4936//4169 4932//4165 4944//4177
f 4944//4177 4946//4179 4936//4169
f 4879//4112 4934//4167 4945//4178
f 4945//4178 4947//4180 4879//4112
f 4883//4116 4936//4169 4946//4179
f 4946//4179 4948//4181 4883//4116
f 4876//4109 4875//4108 4949//4182
f 4949//4182 4950//4183 4876//4109
f 4880//4113 4879//4112 4947//4180
f 4947//4180 4951//4184 4880//4113
f 4884//4117 4883//4116 4948//4181
f 4948//4181 4952//4185 4884//4117
f 4886//4119 4876//4109 4950//4183
f 4950//4183 4953//4186 4886//4119
f 4888//4121 4880//4113 4951//4184
f 4951//4184 4954//4187 4888//4121
f 4890//4123 4884//4117 4952//4185
f 4952//4185 4955//4188 4890//4123
f 4892//4125 4886//4119 4953//4186
f 4953//4186 4956//4189 4892//4125
f 4894//4127 4888//4121 4954//4187
f 4954//4187 4957//4190 4894//4127
f 4896//4129 4890//4123 4955//4188
f 4955//4188 4958//4191 4896//4129
f 4898//4131 4892//4125 4956//4189
f 4956//4189 4959//4192 4898//4131
f 4900//4133 4894//4127 4957//4190
f 4957//4190 4960//4193 4900//4133
f 4902//4135 4896//4129 4958//4191
f 4958//4191 4961//4194 4902//4135
f 4904//4137 4898//4131 4959//4192
f 4959//4192 4962//4195 4904//4137
f 4875//4108 4900//4133 4960//4193
f 4960//4193 4949//4182 4875//4108
f 4906//4139 4902//4135 4961//4194
f 4961//4194 4963//4196 4906//4139
f 4908//4141 4904//4137 4962//4195
f 4962//4195 4964//4197 4908//4141
f 4910//4143 4906//4139 4963//4196
f 4963//4196 4965//4198 4910//4143
f 4912//4145 4908//4141 4964//4197
f 4964//4197 4966//4199 4912//4145
f 4914//4147 4910//4143 4965//4198
f 4965//4198 4967//4200 4914//4147
f 4916//4149 4912//4145 4966//4199
f 4966//4199 4968//4201 4916//4149
f 4918//4151 4914//4147 4967//4200
f 4967//4200 4937//4170 4918//4151
f 4920//4153 4916//4149 4968//4201
f 4968//4201 4939//4172 4920//4153
f 4945//4178 4943//4176 4969//4202
f 4969//4202 4970//4167 4945//4178
f 4946//4179 4944//4177 4971//4165
f 4971//4165 4972//4203 4946//4179
f 4947//4180 4945//4178 4970//4167
f 4970//4167 4973//4112 4947//4180
f 4948//4181 4946//4179 4972//4203
f 4972//4203 4974//4116 4948//4181
f 4950//4183 4949//4182 4975//4204
f 4975//4204 4976//4109 4950//4183
f 4951//4184 4947//4180 4973//4112
f 4973//4112 4977//4113 4951//4184
f 4952//4185 4948//4181 4974//4116
f 4974//4116 4978//4205 4952//4185
f 4953//4186 4950//4183 4976//4109
f 4976//4109 4979//4206 4953//4186
f 4954//4187 4951//4184 4977//4113
f 4977//4113 4980//4121 4954//4187
f 4955//4188 4952//4185 4978//4205
f 4978//4205 4981//4207 4955//4188
f 4956//4189 4953//4186 4979//4206
f 4979//4206 4982//4125 4956//4189
f 4957//4190 4954//4187 4980//4121
f 4980//4121 4983//4127 4957//4190
f 4958//4191 4955//4188 4981//4207
f 4981//4207 4984//4129 4958//4191
f 4959//4192 4956//4189 4982//4125
f 4982//4125 4985//4131 4959//4192
f 4960//4193 4957//4190 4983//4127
f 4983//4127 4986//4208 4960//4193
f 4961//4194 4958//4191 4984//4129
f 4984//4129 4987//4135 4961//4194
f 4962//4195 4959//4192 4985//4131
f 4985//4131 4988//4137 4962//4195
f 4949//4182 4960//4193 4986//4208
f 4986//4208 4975//4204 4949//4182
f 4963//4196 4961//4194 4987//4135
f 4987//4135 4989//4139 4963//4196
f 4964//4197 4962//4195 4988//4137
f 4988//4137 4990//4141 4964//4197
f 4965//4198 4963//4196 4989//4139
f 4989//4139 4991//4143 4965//4198
f 4966//4199 4964//4197 4990//4141
f 4990//4141 4992//4145 4966//4199
f 4967//4200 4965//4198 4991//4143
f 4991//4143 4993//4209 4967//4200
f 4968//4201 4966//4199 4992//4145
f 4992//4145 4994//4149 4968//4201
f 4937//4170 4967//4200 4993//4209
f 4993//4209 4995//4151 4937//4170
f 4939//4172 4968//4201 4994//4149
f 4994//4149 4996//4153 4939//4172
f 4938//4171 4937//4170 4995//4151
f 4995//4151 4997//4155 4938//4171
f 4940//4173 4939//4172 4996//4153
f 4996//4153 4998//4157 4940//4173
f 4941//4174 4938//4171 4997//4155
f 4997//4155 4999//4159 4941//4174
f 4942//4175 4940//4173 4998//4157
f 4998//4157 5000//4161 4942//4175
f 4943//4176 4941//4174 4999//4159
f 4999//4159 4969//4202 4943//4176
f 4944//4177 4942//4175 5000//4161
f 5000//4161 4971//4165 4944//4177
f 4979//4206 4976//4109 5001//4210
f 5001//4210 5002//4211 4979//4206
f 4980//4121 4977//4113 5003//4212
f 5003//4212 5004//4213 4980//4121
f 4981//4207 4978//4205 5005//4214
f 5005//4214 5006//4215 4981//4207
f 4982//4125 4979//4206 5002//4211
f 5002//4211 5007//4216 4982//4125
f 4983//4127 4980//4121 5004//4213
f 5004//4213 5008//4217 4983//4127
f 4984//4129 4981//4207 5006//4215
f 5006//4215 5009//4218 4984//4129
f 4985//4131 4982//4125 5007//4216
f 5007//4216 5010//4219 4985//4131
f 4986//4208 4983//4127 5008//4217
f 5008//4217 5011//4193 4986//4208
f 4987//4135 4984//4129 5009//4218
f 5009//4218 5012//4220 4987//4135
f 4988//4137 4985//4131 5010//4219
f 5010//4219 5013//4221 4988//4137
f 4975//4204 4986//4208 5011//4193
f 5011//4193 5014//4222 4975//4204
f 4989//4139 4987//4135 5012//4220
f 5012//4220 5015//4223 4989//4139
f 4990//4141 4988//4137 5013//4221
f 5013//4221 5016//4224 4990//4141
f 4991//4143 4989//4139 5015//4223
f 5015//4223 5017//4225 4991//4143
f 4992//4145 4990//4141 5016//4224
f 5016//4224 5018//4226 4992//4145
f 4993//4209 4991//4143 5017//4225
f 5017//4225 5019//4227 4993//4209
f 4994//4149 4992//4145 5018//4226
f 5018//4226 5020//4228 4994//4149
f 4995//4151 4993//4209 5019//4227
f 5019//4227 5021//4170 4995//4151
f 4996//4153 4994//4149 5020//4228
f 5020//4228 5022//4229 4996//4153
f 4997//4155 4995//4151 5021//4170
f 5021//4170 5023//4230 4997//4155
f 4998//4157 4996//4153 5022//4229
f 5022//4229 5024//4231 4998//4157
f 4999//4159 4997//4155 5023//4230
f 5023//4230 5025//4232 4999//4159
f 5000//4161 4998//4157 5024//4231
f 5024//4231 5026//4175 5000//4161
f 4969//4202 4999//4159 5025//4232
f 5025//4232 5027//4233 4969//4202
f 4971//4165 5000//4161 5026//4175
f 5026//4175 5028//4234 4971//4165
f 4970//4167 4969//4202 5027//4233
f 5027//4233 5029//4235 4970//4167
f 4972//4203 4971//4165 5028//4234
f 5028//4234 5030//4236 4972//4203
f 4973//4112 4970//4167 5029//4235
f 5029//4235 5031//4237 4973//4112
f 4974//4116 4972//4203 5030//4236
f 5030//4236 5032//4238 4974//4116
f 4976//4109 4975//4204 5014//4222
f 5014//4222 5001//4210 4976//4109
f 4977//4113 4973//4112 5031//4237
f 5031//4237 5003//4212 4977//4113
f 4978//4205 4974//4116 5032//4238
f 5032//4238 5005//4214 4978//4205
f 5013//4221 5010//4219 5033//4239
f 5033//4239 5034//4240 5013//4221
f 5014//4222 5011//4193 5035//4241
f 5035//4241 5036//4242 5014//4222
f 5015//4223 5012//4220 5037//4135
f 5037//4135 5038//4243 5015//4223
f 5016//4224 5013//4221 5034//4240
f 5034//4240 5039//4141 5016//4224
f 5017//4225 5015//4223 5038//4243
f 5038//4243 5040//4244 5017//4225
f 5018//4226 5016//4224 5039//4141
f 5039//4141 5041//4245 5018//4226
f 5019//4227 5017//4225 5040//4244
f 5040//4244 5042//4209 5019//4227
f 5020//4228 5018//4226 5041//4245
f 5041//4245 5043//4246 5020//4228
f 5021//4170 5019//4227 5042//4209
f 5042//4209 5044//4247 5021//4170
f 5022//4229 5020//4228 5043//4246
f 5043//4246 5045//4248 5022//4229
f 5023//4230 5021//4170 5044//4247
f 5044//4247 5046//4249 5023//4230
f 5024//4231 5022//4229 5045//4248
f 5045//4248 5047//4250 5024//4231
f 5025//4232 5023//4230 5046//4249
f 5046//4249 5048//4159 5025//4232
f 5026//4175 5024//4231 5047//4250
f 5047//4250 5049//4161 5026//4175
f 5027//4233 5025//4232 5048//4159
f 5048//4159 5050//4202 5027//4233
f 5028//4234 5026//4175 5049//4161
f 5049//4161 5051//4165 5028//4234
f 5029//4235 5027//4233 5050//4202
f 5050//4202 5052//4251 5029//4235
f 5030//4236 5028//4234 5051//4165
f 5051//4165 5053//4203 5030//4236
f 5031//4237 5029//4235 5052//4251
f 5052//4251 5054//4252 5031//4237
f 5032//4238 5030//4236 5053//4203
f 5053//4203 5055//4253 5032//4238
f 5001//4210 5014//4222 5036//4242
f 5036//4242 5056//4254 5001//4210
f 5003//4212 5031//4237 5054//4252
f 5054//4252 5057//4255 5003//4212
f 5005//4214 5032//4238 5055//4253
f 5055//4253 5058//4117 5005//4214
f 5002//4211 5001//4210 5056//4254
f 5056//4254 5059//4256 5002//4211
f 5004//4213 5003//4212 5057//4255
f 5057//4255 5060//4257 5004//4213
f 5006//4215 5005//4214 5058//4117
f 5058//4117 5061//4258 5006//4215
f 5007//4216 5002//4211 5059//4256
f 5059//4256 5062//4259 5007//4216
f 5008//4217 5004//4213 5060//4257
f 5060//4257 5063//4260 5008//4217
f 5009//4218 5006//4215 5061//4258
f 5061//4258 5064//4261 5009//4218
f 5010//4219 5007//4216 5062//4259
f 5062//4259 5033//4239 5010//4219
f 5011//4193 5008//4217 5063//4260
f 5063//4260 5035//4241 5011//4193
f 5012//4220 5009//4218 5064//4261
f 5064//4261 5037//4135 5012//4220
f 5059//4256 5056//4254 5036//4242
f 5036//4242 5035//4241 5063//4260
f 5063//4260 5060//4257 5057//4255
f 5057//4255 5054//4252 5052//4251
f 5052//4251 5050//4202 5048//4159
f 5048//4159 5046//4249 5044//4247
f 5044//4247 5042//4209 5040//4244
f 5040//4244 5038//4243 5037//4135
f 5037//4135 5064//4261 5061//4258
f 5061//4258 5058//4117 5055//4253
f 5055//4253 5053//4203 5051//4165
f 5051//4165 5049//4161 5047//4250
f 5047//4250 5045//4248 5043//4246
f 5043//4246 5041//4245 5039//4141
f 5039//4141 5034//4240 5033//4239
f 5033//4239 5062//4259 5059//4256
f 5059//4256 5036//4242 5063//4260
f 5063//4260 5057//4255 5052//4251
f 5052//4251 5048//4159 5044//4247
f 5044//4247 5040//4244 5037//4135
f 5037//4135 5061//4258 5055//4253
f 5055//4253 5051//4165 5047//4250
f 5047//4250 5043//4246 5039//4141
f 5039//4141 5033//4239 5059//4256
f 5059//4256 5063//4260 5052//4251
f 5052//4251 5044//4247 5037//4135
f 5037//4135 5055//4253 5047//4250
f 5047//4250 5039//4141 5059//4256
f 5059//4256 5052//4251 5037//4135
f 5037//4135 5047//4250 5059//4256
f 5065//3826 5066//3639 5067//3821
f 5067//3821 5068//3827 5065//3826
f 5069//3860 5070//3856 5071//3857
f 5071//3857 5072//3861 5069//3860
f 5073//3830 5074//3824 5075//3825
f 5075//3825 5076//3831 5073//3830
f 5077//3832 5065//3826 5068//3827
f 5068//3827 5078//3833 5077//3832
f 5079//3864 5069//3860 5072//3861
f 5072//3861 5080//3865 5079//3864
f 5081//3806 5073//3830 5076//3831
f 5076//3831 5082//3807 5081//3806
f 5083//3836 5077//3832 5078//3833
f 5078//3833 5084//3837 5083//3836
f 5085//3814 5079//3864 5080//3865
f 5080//3865 5086//3815 5085//3814
f 5087//3805 5081//3806 5082//3807
f 5082//3807 5088//3808 5087//3805
f 5089//3840 5083//3836 5084//3837
f 5084//3837 5090//3841 5089//3840
f 5091//3813 5085//3814 5086//3815
f 5086//3815 5092//3816 5091//3813
f 5093//3817 5087//3805 5088//3808
f 5088//3808 5094//4262 5093//3817
f 5095//3844 5089//3840 5090//3841
f 5090//3841 5096//3845 5095//3844
f 5066//3639 5091//3813 5092//3816
f 5092//3816 5067//3821 5066//3639
f 5097//3822 5093//3817 5094//4262
f 5094//4262 5098//3823 5097//3822
f 5099//3847 5095//3844 5096//3845
f 5096//3845 5100//3848 5099//3847
f 5101//3828 5097//3822 5098//3823
f 5098//3823 5102//3829 5101//3828
f 5103//3851 5099//3847 5100//3848
f 5100//3848 5104//3852 5103//3851
f 5105//3834 5101//3828 5102//3829
f 5102//3829 5106//3835 5105//3834
f 5107//3632 5103//3851 5104//3852
f 5104//3852 5108//3855 5107//3632
f 5109//3838 5105//3834 5106//3835
f 5106//3835 5110//3839 5109//3838
f 5111//3858 5107//3632 5108//3855
f 5108//3855 5112//3859 5111//3858
f 5113//3842 5109//3838 5110//3839
f 5110//3839 5114//3843 5113//3842
f 5115//3862 5111//3858 5112//3859
f 5112//3859 5116//3898 5115//3862
f 5117//3631 5113//3842 5114//3843
f 5114//3843 5118//3846 5117//3631
f 5119//3810 5115//3862 5116//3898
f 5116//3898 5120//3811 5119//3810
f 5121//3849 5117//3631 5118//3846
f 5118//3846 5122//3850 5121//3849
f 5123//3809 5119//3810 5120//3811
f 5120//3811 5124//3812 5123//3809
f 5125//3853 5121//3849 5122//3850
f 5122//3850 5126//3854 5125//3853
f 5127//3819 5123//3809 5124//3812
f 5124//3812 5128//3820 5127//3819
f 5070//3856 5125//3853 5126//3854
f 5126//3854 5071//3857 5070//3856
f 5074//3824 5127//3819 5128//3820
f 5128//3820 5075//3825 5074//3824
f 5114//3843 5110//3839 5129//3893
f 5129//3893 5130//3895 5114//3843
f 5116//3898 5112//3859 5131//3872
f 5131//3872 5132//3874 5116//3898
f 5118//3846 5114//3843 5130//3895
f 5130//3895 5133//3897 5118//3846
f 5120//3811 5116//3898 5132//3874
f 5132//3874 5134//4263 5120//3811
f 5122//3850 5118//3846 5133//3897
f 5133//3897 5135//3868 5122//3850
f 5124//3812 5120//3811 5134//4263
f 5134//4263 5136//3880 5124//3812
f 5126//3854 5122//3850 5135//3868
f 5135//3868 5137//3869 5126//3854
f 5128//3820 5124//3812 5136//3880
f 5136//3880 5138//3883 5128//3820
f 5071//3857 5126//3854 5137//3869
f 5137//3869 5139//3871 5071//3857
f 5075//3825 5128//3820 5138//3883
f 5138//3883 5140//3886 5075//3825
f 5068//3827 5067//3821 5141//3884
f 5141//3884 5142//3887 5068//3827
f 5072//3861 5071//3857 5139//3871
f 5139//3871 5143//4264 5072//3861
f 5076//3831 5075//3825 5140//3886
f 5140//3886 5144//3889 5076//3831
f 5078//3833 5068//3827 5142//3887
f 5142//3887 5145//3890 5078//3833
f 5080//3865 5072//3861 5143//4264
f 5143//4264 5146//4265 5080//3865
f 5082//3807 5076//3831 5144//3889
f 5144//3889 5147//3878 5082//3807
f 5084//3837 5078//3833 5145//3890
f 5145//3890 5148//3892 5084//3837
f 5086//3815 5080//3865 5146//4265
f 5146//4265 5149//3877 5086//3815
f 5088//3808 5082//3807 5147//3878
f 5147//3878 5150//3879 5088//3808
f 5090//3841 5084//3837 5148//3892
f 5148//3892 5151//3894 5090//3841
f 5092//3816 5086//3815 5149//3877
f 5149//3877 5152//3881 5092//3816
f 5094//4262 5088//3808 5150//3879
f 5150//3879 5153//3882 5094//4262
f 5096//3845 5090//3841 5151//3894
f 5151//3894 5154//3896 5096//3845
f 5067//3821 5092//3816 5152//3881
f 5152//3881 5141//3884 5067//3821
f 5098//3823 5094//4262 5153//3882
f 5153//3882 5155//4266 5098//3823
f 5100//3848 5096//3845 5154//3896
f 5154//3896 5156//3866 5100//3848
f 5102//3829 5098//3823 5155//4266
f 5155//4266 5157//4267 5102//3829
f 5104//3852 5100//3848 5156//3866
f 5156//3866 5158//3867 5104//3852
f 5106//3835 5102//3829 5157//4267
f 5157//4267 5159//3891 5106//3835
f 5108//3855 5104//3852 5158//3867
f 5158//3867 5160//3870 5108//3855
f 5110//3839 5106//3835 5159//3891
f 5159//3891 5129//3893 5110//3839
f 5112//3859 5108//3855 5160//3870
f 5160//3870 5131//3872 5112//3859
f 5137//3869 5135//3868 5161//3850
f 5161//3850 5162//3906 5137//3869
f 5138//3883 5136//3880 5163//3812
f 5163//3812 5164//3820 5138//3883
f 5139//3871 5137//3869 5162//3906
f 5162//3906 5165//3857 5139//3871
f 5140//3886 5138//3883 5164//3820
f 5164//3820 5166//3901 5140//3886
f 5142//3887 5141//3884 5167//3821
f 5167//3821 5168//3827 5142//3887
f 5143//4264 5139//3871 5165//3857
f 5165//3857 5169//3861 5143//4264
f 5144//3889 5140//3886 5166//3901
f 5166//3901 5170//3831 5144//3889
f 5145//3890 5142//3887 5168//3827
f 5168//3827 5171//3902 5145//3890
f 5146//4265 5143//4264 5169//3861
f 5169//3861 5172//3865 5146//4265
f 5147//3878 5144//3889 5170//3831
f 5170//3831 5173//3807 5147//3878
f 5148//3892 5145//3890 5171//3902
f 5171//3902 5174//3837 5148//3892
f 5149//3877 5146//4265 5172//3865
f 5172//3865 5175//3899 5149//3877
f 5150//3879 5147//3878 5173//3807
f 5173//3807 5176//3808 5150//3879
f 5151//3894 5148//3892 5174//3837
f 5174//3837 5177//3841 5151//3894
f 5152//3881 5149//3877 5175//3899
f 5175//3899 5178//3816 5152//3881
f 5153//3882 5150//3879 5176//3808
f 5176//3808 5179//3900 5153//3882
f 5154//3896 5151//3894 5177//3841
f 5177//3841 5180//3904 5154//3896
f 5141//3884 5152//3881 5178//3816
f 5178//3816 5167//3821 5141//3884
f 5155//4266 5153//3882 5179//3900
f 5179//3900 5181//3823 5155//4266
f 5156//3866 5154//3896 5180//3904
f 5180//3904 5182//3905 5156//3866
f 5157//4267 5155//4266 5181//3823
f 5181//3823 5183//3829 5157//4267
f 5158//3867 5156//3866 5182//3905
f 5182//3905 5184//3852 5158//3867
f 5159//3891 5157//4267 5183//3829
f 5183//3829 5185//3835 5159//3891
f 5160//3870 5158//3867 5184//3852
f 5184//3852 5186//3855 5160//3870
f 5129//3893 5159//3891 5185//3835
f 5185//3835 5187//3903 5129//3893
f 5131//3872 5160//3870 5186//3855
f 5186//3855 5188//3859 5131//3872
f 5130//3895 5129//3893 5187//3903
f 5187//3903 5189//3843 5130//3895
f 5132//3874 5131//3872 5188//3859
f 5188//3859 5190//3898 5132//3874
f 5133//3897 5130//3895 5189//3843
f 5189//3843 5191//3846 5133//3897
f 5134//4263 5132//3874 5190//3898
f 5190//3898 5192//3811 5134//4263
f 5135//3868 5133//3897 5191//3846
f 5191//3846 5161//3850 5135//3868
f 5136//3880 5134//4263 5192//3811
f 5192//3811 5163//3812 5136//3880
f 5171//3902 5168//3827 5193//3912
f 5193//3912 5194//4268 5171//3902
f 5172//3865 5169//3861 5195//4269
f 5195//4269 5196//4265 5172//3865
f 5173//3807 5170//3831 5197//3913
f 5197//3913 5198//3916 5173//3807
f 5174//3837 5171//3902 5194//4268
f 5194//4268 5199//4270 5174//3837
f 5175//3899 5172//3865 5196//4265
f 5196//4265 5200//4271 5175//3899
f 5176//3808 5173//3807 5198//3916
f 5198//3916 5201//4272 5176//3808
f 5177//3841 5174//3837 5199//4270
f 5199//4270 5202//4273 5177//3841
f 5178//3816 5175//3899 5200//4271
f 5200//4271 5203//3910 5178//3816
f 5179//3900 5176//3808 5201//4272
f 5201//4272 5204//3882 5179//3900
f 5180//3904 5177//3841 5202//4273
f 5202//4273 5205//3918 5180//3904
f 5167//3821 5178//3816 5203//3910
f 5203//3910 5206//3884 5167//3821
f 5181//3823 5179//3900 5204//3882
f 5204//3882 5207//4274 5181//3823
f 5182//3905 5180//3904 5205//3918
f 5205//3918 5208//3866 5182//3905
f 5183//3829 5181//3823 5207//4274
f 5207//4274 5209//4275 5183//3829
f 5184//3852 5182//3905 5208//3866
f 5208//3866 5210//3920 5184//3852
f 5185//3835 5183//3829 5209//4275
f 5209//4275 5211//4276 5185//3835
f 5186//3855 5184//3852 5210//3920
f 5210//3920 5212//3922 5186//3855
f 5187//3903 5185//3835 5211//4276
f 5211//4276 5213//4277 5187//3903
f 5188//3859 5186//3855 5212//3922
f 5212//3922 5214//3872 5188//3859
f 5189//3843 5187//3903 5213//4277
f 5213//4277 5215//4278 5189//3843
f 5190//3898 5188//3859 5214//3872
f 5214//3872 5216//3874 5190//3898
f 5191//3846 5189//3843 5215//4278
f 5215//4278 5217//4279 5191//3846
f 5192//3811 5190//3898 5216//3874
f 5216//3874 5218//3876 5192//3811
f 5161//3850 5191//3846 5217//4279
f 5217//4279 5219//4280 5161//3850
f 5163//3812 5192//3811 5218//3876
f 5218//3876 5220//3880 5163//3812
f 5162//3906 5161//3850 5219//4280
f 5219//4280 5221//4281 5162//3906
f 5164//3820 5163//3812 5220//3880
f 5220//3880 5222//3883 5164//3820
f 5165//3857 5162//3906 5221//4281
f 5221//4281 5223//3871 5165//3857
f 5166//3901 5164//3820 5222//3883
f 5222//3883 5224//3886 5166//3901
f 5168//3827 5167//3821 5206//3884
f 5206//3884 5193//3912 5168//3827
f 5169//3861 5165//3857 5223//3871
f 5223//3871 5195//4269 5169//3861
f 5170//3831 5166//3901 5224//3886
f 5224//3886 5197//3913 5170//3831
f 5205//3918 5202//4273 5225//4282
f 5225//4282 5226//3845 5205//3918
f 5206//3884 5203//3910 5227//4283
f 5227//4283 5228//3821 5206//3884
f 5207//4274 5204//3882 5229//3900
f 5229//3900 5230//4284 5207//4274
f 5208//3866 5205//3918 5226//3845
f 5226//3845 5231//3905 5208//3866
f 5209//4275 5207//4274 5230//4284
f 5230//4284 5232//4285 5209//4275
f 5210//3920 5208//3866 5231//3905
f 5231//3905 5233//4286 5210//3920
f 5211//4276 5209//4275 5232//4285
f 5232//4285 5234//3835 5211//4276
f 5212//3922 5210//3920 5233//4286
f 5233//4286 5235//3855 5212//3922
f 5213//4277 5211//4276 5234//3835
f 5234//3835 5236//3839 5213//4277
f 5214//3872 5212//3922 5235//3855
f 5235//3855 5237//3936 5214//3872
f 5215//4278 5213//4277 5236//3839
f 5236//3839 5238//4287 5215//4278
f 5216//3874 5214//3872 5237//3936
f 5237//3936 5239//3898 5216//3874
f 5217//4279 5215//4278 5238//4287
f 5238//4287 5240//4288 5217//4279
f 5218//3876 5216//3874 5239//3898
f 5239//3898 5241//3811 5218//3876
f 5219//4280 5217//4279 5240//4288
f 5240//4288 5242//4289 5219//4280
f 5220//3880 5218//3876 5241//3811
f 5241//3811 5243//3941 5220//3880
f 5221//4281 5219//4280 5242//4289
f 5242//4289 5244//3854 5221//4281
f 5222//3883 5220//3880 5243//3941
f 5243//3941 5245//3944 5222//3883
f 5223//3871 5221//4281 5244//3854
f 5244//3854 5246//3857 5223//3871
f 5224//3886 5222//3883 5245//3944
f 5245//3944 5247//3901 5224//3886
f 5193//3912 5206//3884 5228//3821
f 5228//3821 5248//4290 5193//3912
f 5195//4269 5223//3871 5246//3857
f 5246//3857 5249//3861 5195//4269
f 5197//3913 5224//3886 5247//3901
f 5247//3901 5250//4291 5197//3913
f 5194//4268 5193//3912 5248//4290
f 5248//4290 5251//4292 5194//4268
f 5196//4265 5195//4269 5249//3861
f 5249//3861 5252//4293 5196//4265
f 5198//3916 5197//3913 5250//4291
f 5250//4291 5253//3807 5198//3916
f 5199//4270 5194//4268 5251//4292
f 5251//4292 5254//4294 5199//4270
f 5200//4271 5196//4265 5252//4293
f 5252//4293 5255//3899 5200//4271
f 5201//4272 5198//3916 5253//3807
f 5253//3807 5256//3808 5201//4272
f 5202//4273 5199//4270 5254//4294
f 5254//4294 5225//4282 5202//4273
f 5203//3910 5200//4271 5255//3899
f 5255//3899 5227//4283 5203//3910
f 5204//3882 5201//4272 5256//3808
f 5256//3808 5229//3900 5204//3882
f 5251//4292 5248//4290 5228//3821
f 5228//3821 5227//4283 5255//3899
f 5255//3899 5252//4293 5249//3861
f 5249//3861 5246//3857 5244//3854
f 5244//3854 5242//4289 5240//4288
f 5240//4288 5238//4287 5236//3839
f 5236//3839 5234//3835 5232//4285
f 5232//4285 5230//4284 5229//3900
f 5229//3900 5256//3808 5253//3807
f 5253//3807 5250//4291 5247//3901
f 5247//3901 5245//3944 5243//3941
f 5243//3941 5241//3811 5239//3898
f 5239//3898 5237//3936 5235//3855
f 5235//3855 5233//4286 5231//3905
f 5231//3905 5226//3845 5225//4282
f 5225//4282 5254//4294 5251//4292
f 5251//4292 5228//3821 5255//3899
f 5255//3899 5249//3861 5244//3854
f 5244//3854 5240//4288 5236//3839
f 5236//3839 5232//4285 5229//3900
f 5229//3900 5253//3807 5247//3901
f 5247//3901 5243//3941 5239//3898
f 5239//3898 5235//3855 5231//3905
f 5231//3905 5225//4282 5251//4292
f 5251//4292 5255//3899 5244//3854
f 5244//3854 5236//3839 5229//3900
f 5229//3900 5247//3901 5239//3898
f 5239//3898 5231//3905 5251//4292
f 5251//4292 5244//3854 5229//3900
f 5229//3900 5239//3898 5251//4292
f 5257//3969 5258//3963 5259//4295
f 5259//4295 5260//4105 5257//3969
f 5261//4005 5262//4001 5263//4002
f 5263//4002 5264//4006 5261//4005
f 5265//3973 5266//3967 5267//3968
f 5267//3968 5268//3974 5265//3973
f 5269//3975 5257//3969 5260//4105
f 5260//4105 5270//3976 5269//3975
f 5271//4009 5261//4005 5264//4006
f 5264//4006 5272//4010 5271//4009
f 5273//3948 5265//3973 5268//3974
f 5268//3974 5274//3949 5273//3948
f 5275//3979 5269//3975 5270//3976
f 5270//3976 5276//3980 5275//3979
f 5277//3956 5271//4009 5272//4010
f 5272//4010 5278//3957 5277//3956
f 5279//3947 5273//3948 5274//3949
f 5274//3949 5280//4296 5279//3947
f 5281//3983 5275//3979 5276//3980
f 5276//3980 5282//3984 5281//3983
f 5283//3955 5277//3956 5278//3957
f 5278//3957 5284//3958 5283//3955
f 5285//4297 5279//3947 5280//4296
f 5280//4296 5286//3960 5285//4297
f 5287//3987 5281//3983 5282//3984
f 5282//3984 5288//3988 5287//3987
f 5258//3963 5283//3955 5284//3958
f 5284//3958 5259//4295 5258//3963
f 5289//3965 5285//4297 5286//3960
f 5286//3960 5290//3966 5289//3965
f 5291//3991 5287//3987 5288//3988
f 5288//3988 5292//4046 5291//3991
f 5293//3971 5289//3965 5290//3966
f 5290//3966 5294//3972 5293//3971
f 5295//3995 5291//3991 5292//4046
f 5292//4046 5296//3996 5295//3995
f 5297//3977 5293//3971 5294//3972
f 5294//3972 5298//3978 5297//3977
f 5299//3999 5295//3995 5296//3996
f 5296//3996 5300//4298 5299//3999
f 5301//4299 5297//3977 5298//3978
f 5298//3978 5302//4300 5301//4299
f 5303//4003 5299//3999 5300//4298
f 5300//4298 5304//4004 5303//4003
f 5305//3985 5301//4299 5302//4300
f 5302//4300 5306//4301 5305//3985
f 5307//4007 5303//4003 5304//4004
f 5304//4004 5308//4008 5307//4007
f 5309//3989 5305//3985 5306//4301
f 5306//4301 5310//3990 5309//3989
f 5311//3952 5307//4007 5308//4008
f 5308//4008 5312//4302 5311//3952
f 5313//4303 5309//3989 5310//3990
f 5310//3990 5314//3994 5313//4303
f 5315//3951 5311//3952 5312//4302
f 5312//4302 5316//3954 5315//3951
f 5317//4304 5313//4303 5314//3994
f 5314//3994 5318//3998 5317//4304
f 5319//3961 5315//3951 5316//3954
f 5316//3954 5320//3962 5319//3961
f 5262//4001 5317//4304 5318//3998
f 5318//3998 5263//4002 5262//4001
f 5266//3967 5319//3961 5320//3962
f 5320//3962 5267//3968 5266//3967
f 5306//4301 5302//4300 5321//4305
f 5321//4305 5322//4306 5306//4301
f 5308//4008 5304//4004 5323//4072
f 5323//4072 5324//4074 5308//4008
f 5310//3990 5306//4301 5322//4306
f 5322//4306 5325//4307 5310//3990
f 5312//4302 5308//4008 5324//4074
f 5324//4074 5326//4021 5312//4302
f 5314//3994 5310//3990 5325//4307
f 5325//4307 5327//4067 5314//3994
f 5316//3954 5312//4302 5326//4021
f 5326//4021 5328//4308 5316//3954
f 5318//3998 5314//3994 5327//4067
f 5327//4067 5329//4309 5318//3998
f 5320//3962 5316//3954 5328//4308
f 5328//4308 5330//4028 5320//3962
f 5263//4002 5318//3998 5329//4309
f 5329//4309 5331//4310 5263//4002
f 5267//3968 5320//3962 5330//4028
f 5330//4028 5332//4055 5267//3968
f 5260//4105 5259//4295 5333//4053
f 5333//4053 5334//4311 5260//4105
f 5264//4006 5263//4002 5331//4310
f 5331//4310 5335//4312 5264//4006
f 5268//3974 5267//3968 5332//4055
f 5332//4055 5336//4034 5268//3974
f 5270//3976 5260//4105 5334//4311
f 5334//4311 5337//4313 5270//3976
f 5272//4010 5264//4006 5335//4312
f 5335//4312 5338//4020 5272//4010
f 5274//3949 5268//3974 5336//4034
f 5336//4034 5339//4023 5274//3949
f 5276//3980 5270//3976 5337//4313
f 5337//4313 5340//4314 5276//3980
f 5278//3957 5272//4010 5338//4020
f 5338//4020 5341//4022 5278//3957
f 5280//4296 5274//3949 5339//4023
f 5339//4023 5342//4024 5280//4296
f 5282//3984 5276//3980 5340//4314
f 5340//4314 5343//4315 5282//3984
f 5284//3958 5278//3957 5341//4022
f 5341//4022 5344//4026 5284//3958
f 5286//3960 5280//4296 5342//4024
f 5342//4024 5345//4316 5286//3960
f 5288//3988 5282//3984 5343//4315
f 5343//4315 5346//4317 5288//3988
f 5259//4295 5284//3958 5344//4026
f 5344//4026 5333//4053 5259//4295
f 5290//3966 5286//3960 5345//4316
f 5345//4316 5347//4318 5290//3966
f 5292//4046 5288//3988 5346//4317
f 5346//4317 5348//4319 5292//4046
f 5294//3972 5290//3966 5347//4318
f 5347//4318 5349//4320 5294//3972
f 5296//3996 5292//4046 5348//4319
f 5348//4319 5350//4321 5296//3996
f 5298//3978 5294//3972 5349//4320
f 5349//4320 5351//4322 5298//3978
f 5300//4298 5296//3996 5350//4321
f 5350//4321 5352//4070 5300//4298
f 5302//4300 5298//3978 5351//4322
f 5351//4322 5321//4305 5302//4300
f 5304//4004 5300//4298 5352//4070
f 5352//4070 5323//4072 5304//4004
f 5329//4309 5327//4067 5353//4323
f 5353//4323 5354//3998 5329//4309
f 5330//4028 5328//4308 5355//3954
f 5355//3954 5356//4324 5330//4028
f 5331//4310 5329//4309 5354//3998
f 5354//3998 5357//4002 5331//4310
f 5332//4055 5330//4028 5356//4324
f 5356//4324 5358//3968 5332//4055
f 5334//4311 5333//4053 5359//4043
f 5359//4043 5360//4325 5334//4311
f 5335//4312 5331//4310 5357//4002
f 5357//4002 5361//4006 5335//4312
f 5336//4034 5332//4055 5358//3968
f 5358//3968 5362//3974 5336//4034
f 5337//4313 5334//4311 5360//4325
f 5360//4325 5363//3976 5337//4313
f 5338//4020 5335//4312 5361//4006
f 5361//4006 5364//4010 5338//4020
f 5339//4023 5336//4034 5362//3974
f 5362//3974 5365//3949 5339//4023
f 5340//4314 5337//4313 5363//3976
f 5363//3976 5366//3980 5340//4314
f 5341//4022 5338//4020 5364//4010
f 5364//4010 5367//4326 5341//4022
f 5342//4024 5339//4023 5365//3949
f 5365//3949 5368//3950 5342//4024
f 5343//4315 5340//4314 5366//3980
f 5366//3980 5369//3984 5343//4315
f 5344//4026 5341//4022 5367//4326
f 5367//4326 5370//3958 5344//4026
f 5345//4316 5342//4024 5368//3950
f 5368//3950 5371//3960 5345//4316
f 5346//4317 5343//4315 5369//3984
f 5369//3984 5372//3988 5346//4317
f 5333//4053 5344//4026 5370//3958
f 5370//3958 5359//4043 5333//4053
f 5347//4318 5345//4316 5371//3960
f 5371//3960 5373//3966 5347//4318
f 5348//4319 5346//4317 5372//3988
f 5372//3988 5374//4046 5348//4319
f 5349//4320 5347//4318 5373//3966
f 5373//3966 5375//4327 5349//4320
f 5350//4321 5348//4319 5374//4046
f 5374//4046 5376//4328 5350//4321
f 5351//4322 5349//4320 5375//4327
f 5375//4327 5377//3978 5351//4322
f 5352//4070 5350//4321 5376//4328
f 5376//4328 5378//4048 5352//4070
f 5321//4305 5351//4322 5377//3978
f 5377//3978 5379//3982 5321//4305
f 5323//4072 5352//4070 5378//4048
f 5378//4048 5380//4004 5323//4072
f 5322//4306 5321//4305 5379//3982
f 5379//3982 5381//3986 5322//4306
f 5324//4074 5323//4072 5380//4004
f 5380//4004 5382//4008 5324//4074
f 5325//4307 5322//4306 5381//3986
f 5381//3986 5383//4329 5325//4307
f 5326//4021 5324//4074 5382//4008
f 5382//4008 5384//3953 5326//4021
f 5327//4067 5325//4307 5383//4329
f 5383//4329 5353//4323 5327//4067
f 5328//4308 5326//4021 5384//3953
f 5384//3953 5355//3954 5328//4308
f 5363//3976 5360//4325 5385//4330
f 5385//4330 5386//4035 5363//3976
f 5364//4010 5361//4006 5387//4331
f 5387//4331 5388//4332 5364//4010
f 5365//3949 5362//3974 5389//4058
f 5389//4058 5390//4023 5365//3949
f 5366//3980 5363//3976 5386//4035
f 5386//4035 5391//4314 5366//3980
f 5367//4326 5364//4010 5388//4332
f 5388//4332 5392//4333 5367//4326
f 5368//3950 5365//3949 5390//4023
f 5390//4023 5393//4334 5368//3950
f 5369//3984 5366//3980 5391//4314
f 5391//4314 5394//4335 5369//3984
f 5370//3958 5367//4326 5392//4333
f 5392//4333 5395//4052 5370//3958
f 5371//3960 5368//3950 5393//4334
f 5393//4334 5396//4336 5371//3960
f 5372//3988 5369//3984 5394//4335
f 5394//4335 5397//4337 5372//3988
f 5359//4043 5370//3958 5395//4052
f 5395//4052 5398//4053 5359//4043
f 5373//3966 5371//3960 5396//4336
f 5396//4336 5399//4338 5373//3966
f 5374//4046 5372//3988 5397//4337
f 5397//4337 5400//4339 5374//4046
f 5375//4327 5373//3966 5399//4338
f 5399//4338 5401//4340 5375//4327
f 5376//4328 5374//4046 5400//4339
f 5400//4339 5402//4068 5376//4328
f 5377//3978 5375//4327 5401//4340
f 5401//4340 5403//4341 5377//3978
f 5378//4048 5376//4328 5402//4068
f 5402//4068 5404//4070 5378//4048
f 5379//3982 5377//3978 5403//4341
f 5403//4341 5405//4342 5379//3982
f 5380//4004 5378//4048 5404//4070
f 5404//4070 5406//4343 5380//4004
f 5381//3986 5379//3982 5405//4342
f 5405//4342 5407//4064 5381//3986
f 5382//4008 5380//4004 5406//4343
f 5406//4343 5408//4074 5382//4008
f 5383//4329 5381//3986 5407//4064
f 5407//4064 5409//4065 5383//4329
f 5384//3953 5382//4008 5408//4074
f 5408//4074 5410//4344 5384//3953
f 5353//4323 5383//4329 5409//4065
f 5409//4065 5411//4345 5353//4323
f 5355//3954 5384//3953 5410//4344
f 5410//4344 5412//4346 5355//3954
f 5354//3998 5353//4323 5411//4345
f 5411//4345 5413//4347 5354//3998
f 5356//4324 5355//3954 5412//4346
f 5412//4346 5414//4028 5356//4324
f 5357//4002 5354//3998 5413//4347
f 5413//4347 5415//4348 5357//4002
f 5358//3968 5356//4324 5414//4028
f 5414//4028 5416//4349 5358//3968
f 5360//4325 5359//4043 5398//4053
f 5398//4053 5385//4330 5360//4325
f 5361//4006 5357//4002 5415//4348
f 5415//4348 5387//4331 5361//4006
f 5362//3974 5358//3968 5416//4349
f 5416//4349 5389//4058 5362//3974
f 5397//4337 5394//4335 5417//4350
f 5417//4350 5418//4351 5397//4337
f 5398//4053 5395//4052 5419//4352
f 5419//4352 5420//4295 5398//4053
f 5399//4338 5396//4336 5421//4353
f 5421//4353 5422//4354 5399//4338
f 5400//4339 5397//4337 5418//4351
f 5418//4351 5423//4355 5400//4339
f 5401//4340 5399//4338 5422//4354
f 5422//4354 5424//4356 5401//4340
f 5402//4068 5400//4339 5423//4355
f 5423//4355 5425//4357 5402//4068
f 5403//4341 5401//4340 5424//4356
f 5424//4356 5426//3978 5403//4341
f 5404//4070 5402//4068 5425//4357
f 5425//4357 5427//4358 5404//4070
f 5405//4342 5403//4341 5426//3978
f 5426//3978 5428//4359 5405//4342
f 5406//4343 5404//4070 5427//4358
f 5427//4358 5429//4360 5406//4343
f 5407//4064 5405//4342 5428//4359
f 5428//4359 5430//4085 5407//4064
f 5408//4074 5406//4343 5429//4360
f 5429//4360 5431//4361 5408//4074
f 5409//4065 5407//4064 5430//4085
f 5430//4085 5432//4362 5409//4065
f 5410//4344 5408//4074 5431//4361
f 5431//4361 5433//4363 5410//4344
f 5411//4345 5409//4065 5432//4362
f 5432//4362 5434//4364 5411//4345
f 5412//4346 5410//4344 5433//4363
f 5433//4363 5435//3954 5412//4346
f 5413//4347 5411//4345 5434//4364
f 5434//4364 5436//3998 5413//4347
f 5414//4028 5412//4346 5435//3954
f 5435//3954 5437//4365 5414//4028
f 5415//4348 5413//4347 5436//3998
f 5436//3998 5438//4002 5415//4348
f 5416//4349 5414//4028 5437//4365
f 5437//4365 5439//4104 5416//4349
f 5385//4330 5398//4053 5420//4295
f 5420//4295 5440//4325 5385//4330
f 5387//4331 5415//4348 5438//4002
f 5438//4002 5441//4366 5387//4331
f 5389//4058 5416//4349 5439//4104
f 5439//4104 5442//4367 5389//4058
f 5386//4035 5385//4330 5440//4325
f 5440//4325 5443//4368 5386//4035
f 5388//4332 5387//4331 5441//4366
f 5441//4366 5444//4369 5388//4332
f 5390//4023 5389//4058 5442//4367
f 5442//4367 5445//4081 5390//4023
f 5391//4314 5386//4035 5443//4368
f 5443//4368 5446//3980 5391//4314
f 5392//4333 5388//4332 5444//4369
f 5444//4369 5447//4326 5392//4333
f 5393//4334 5390//4023 5445//4081
f 5445//4081 5448//4370 5393//4334
f 5394//4335 5391//4314 5446//3980
f 5446//3980 5417//4350 5394//4335
f 5395//4052 5392//4333 5447//4326
f 5447//4326 5419//4352 5395//4052
f 5396//4336 5393//4334 5448//4370
f 5448//4370 5421//4353 5396//4336
f 5443//4368 5440//4325 5420//4295
f 5420//4295 5419//4352 5447//4326
f 5447//4326 5444//4369 5441//4366
f 5441//4366 5438//4002 5436//3998
f 5436//3998 5434//4364 5432//4362
f 5432//4362 5430//4085 5428//4359
f 5428//4359 5426//3978 5424//4356
f 5424//4356 5422//4354 5421//4353
f 5421//4353 5448//4370 5445//4081
f 5445//4081 5442//4367 5439//4104
f 5439//4104 5437//4365 5435//3954
f 5435//3954 5433//4363 5431//4361
f 5431//4361 5429//4360 5427//4358
f 5427//4358 5425//4357 5423//4355
f 5423//4355 5418//4351 5417//4350
f 5417//4350 5446//3980 5443//4368
f 5443//4368 5420//4295 5447//4326
f 5447//4326 5441//4366 5436//3998
f 5436//3998 5432//4362 5428//4359
f 5428//4359 5424//4356 5421//4353
f 5421//4353 5445//4081 5439//4104
f 5439//4104 5435//3954 5431//4361
f 5431//4361 5427//4358 5423//4355
f 5423//4355 5417//4350 5443//4368
f 5443//4368 5447//4326 5436//3998
f 5436//3998 5428//4359 5421//4353
f 5421//4353 5439//4104 5431//4361
f 5431//4361 5423//4355 5443//4368
f 5443//4368 5436//3998 5421//4353
f 5421//4353 5431//4361 5443//4368
f 5449//4128 5450//4371 5451//4123
f 5451//4123 5452//4129 5449//4128
f 5453//4164 5454//4160 5455//4161
f 5455//4161 5456//4165 5453//4164
f 5457//4132 5458//4126 5459//4260
f 5459//4260 5460//4372 5457//4132
f 5461//4373 5449//4128 5452//4129
f 5452//4129 5462//4374 5461//4373
f 5463//4168 5453//4164 5456//4165
f 5456//4165 5464//4203 5463//4168
f 5465//4107 5457//4132 5460//4372
f 5460//4372 5466//4375 5465//4107
f 5467//4138 5461//4373 5462//4374
f 5462//4374 5468//4139 5467//4138
f 5469//4115 5463//4168 5464//4203
f 5464//4203 5470//4376 5469//4115
f 5471//4106 5465//4107 5466//4375
f 5466//4375 5472//4377 5471//4106
f 5473//4142 5467//4138 5468//4139
f 5468//4139 5474//4143 5473//4142
f 5475//4378 5469//4115 5470//4376
f 5470//4376 5476//4379 5475//4378
f 5477//4118 5471//4106 5472//4377
f 5472//4377 5478//4119 5477//4118
f 5479//4380 5473//4142 5474//4143
f 5474//4143 5480//4147 5479//4380
f 5450//4371 5475//4378 5476//4379
f 5476//4379 5451//4123 5450//4371
f 5481//4124 5477//4118 5478//4119
f 5478//4119 5482//4125 5481//4124
f 5483//4381 5479//4380 5480//4147
f 5480//4147 5484//4151 5483//4381
f 5485//4130 5481//4124 5482//4125
f 5482//4125 5486//4131 5485//4130
f 5487//4382 5483//4381 5484//4151
f 5484//4151 5488//4383 5487//4382
f 5489//4136 5485//4130 5486//4131
f 5486//4131 5490//4137 5489//4136
f 5491//4158 5487//4382 5488//4383
f 5488//4383 5492//4159 5491//4158
f 5493//4140 5489//4136 5490//4137
f 5490//4137 5494//4141 5493//4140
f 5495//4162 5491//4158 5492//4159
f 5492//4159 5496//4384 5495//4162
f 5497//4144 5493//4140 5494//4141
f 5494//4141 5498//4145 5497//4144
f 5499//4166 5495//4162 5496//4384
f 5496//4384 5500//4167 5499//4166
f 5501//4148 5497//4144 5498//4145
f 5498//4145 5502//4149 5501//4148
f 5503//4111 5499//4166 5500//4167
f 5500//4167 5504//4112 5503//4111
f 5505//4152 5501//4148 5502//4149
f 5502//4149 5506//4385 5505//4152
f 5507//4110 5503//4111 5504//4112
f 5504//4112 5508//4113 5507//4110
f 5509//4156 5505//4152 5506//4385
f 5506//4385 5510//4157 5509//4156
f 5511//4120 5507//4110 5508//4113
f 5508//4113 5512//4386 5511//4120
f 5454//4160 5509//4156 5510//4157
f 5510//4157 5455//4161 5454//4160
f 5458//4126 5511//4120 5512//4386
f 5512//4386 5459//4260 5458//4126
f 5498//4145 5494//4141 5513//4197
f 5513//4197 5514//4199 5498//4145
f 5500//4167 5496//4384 5515//4387
f 5515//4387 5516//4388 5500//4167
f 5502//4149 5498//4145 5514//4199
f 5514//4199 5517//4201 5502//4149
f 5504//4112 5500//4167 5516//4388
f 5516//4388 5518//4389 5504//4112
f 5506//4385 5502//4149 5517//4201
f 5517//4201 5519//4390 5506//4385
f 5508//4113 5504//4112 5518//4389
f 5518//4389 5520//4391 5508//4113
f 5510//4157 5506//4385 5519//4390
f 5519//4390 5521//4173 5510//4157
f 5512//4386 5508//4113 5520//4391
f 5520//4391 5522//4392 5512//4386
f 5455//4161 5510//4157 5521//4173
f 5521//4173 5523//4393 5455//4161
f 5459//4260 5512//4386 5522//4392
f 5522//4392 5524//4394 5459//4260
f 5452//4129 5451//4123 5525//4215
f 5525//4215 5526//4395 5452//4129
f 5456//4165 5455//4161 5523//4393
f 5523//4393 5527//4396 5456//4165
f 5460//4372 5459//4260 5524//4394
f 5524//4394 5528//4397 5460//4372
f 5462//4374 5452//4129 5526//4395
f 5526//4395 5529//4194 5462//4374
f 5464//4203 5456//4165 5527//4396
f 5527//4396 5530//4179 5464//4203
f 5466//4375 5460//4372 5528//4397
f 5528//4397 5531//4398 5466//4375
f 5468//4139 5462//4374 5529//4194
f 5529//4194 5532//4399 5468//4139
f 5470//4376 5464//4203 5530//4179
f 5530//4179 5533//4181 5470//4376
f 5472//4377 5466//4375 5531//4398
f 5531//4398 5534//4400 5472//4377
f 5474//4143 5468//4139 5532//4399
f 5532//4399 5535//4401 5474//4143
f 5476//4379 5470//4376 5533//4181
f 5533//4181 5536//4402 5476//4379
f 5478//4119 5472//4377 5534//4400
f 5534//4400 5537//4403 5478//4119
f 5480//4147 5474//4143 5535//4401
f 5535//4401 5538//4404 5480//4147
f 5451//4123 5476//4379 5536//4402
f 5536//4402 5525//4215 5451//4123
f 5482//4125 5478//4119 5537//4403
f 5537//4403 5539//4405 5482//4125
f 5484//4151 5480//4147 5538//4404
f 5538//4404 5540//4406 5484//4151
f 5486//4131 5482//4125 5539//4405
f 5539//4405 5541//4407 5486//4131
f 5488//4383 5484//4151 5540//4406
f 5540//4406 5542//4408 5488//4383
f 5490//4137 5486//4131 5541//4407
f 5541//4407 5543//4409 5490//4137
f 5492//4159 5488//4383 5542//4408
f 5542//4408 5544//4232 5492//4159
f 5494//4141 5490//4137 5543//4409
f 5543//4409 5513//4197 5494//4141
f 5496//4384 5492//4159 5544//4232
f 5544//4232 5515//4387 5496//4384
f 5521//4173 5519//4390 5545//4153
f 5545//4153 5546//4157 5521//4173
f 5522//4392 5520//4391 5547//4113
f 5547//4113 5548//4121 5522//4392
f 5523//4393 5521//4173 5546//4157
f 5546//4157 5549//4161 5523//4393
f 5524//4394 5522//4392 5548//4121
f 5548//4121 5550//4127 5524//4394
f 5526//4395 5525//4215 5551//4207
f 5551//4207 5552//4129 5526//4395
f 5527//4396 5523//4393 5549//4161
f 5549//4161 5553//4165 5527//4396
f 5528//4397 5524//4394 5550//4127
f 5550//4127 5554//4372 5528//4397
f 5529//4194 5526//4395 5552//4129
f 5552//4129 5555//4410 5529//4194
f 5530//4179 5527//4396 5553//4165
f 5553//4165 5556//4169 5530//4179
f 5531//4398 5528//4397 5554//4372
f 5554//4372 5557//4108 5531//4398
f 5532//4399 5529//4194 5555//4410
f 5555//4410 5558//4411 5532//4399
f 5533//4181 5530//4179 5556//4169
f 5556//4169 5559//4116 5533//4181
f 5534//4400 5531//4398 5557//4108
f 5557//4108 5560//4109 5534//4400
f 5535//4401 5532//4399 5558//4411
f 5558//4411 5561//4143 5535//4401
f 5536//4402 5533//4181 5559//4116
f 5559//4116 5562//4117 5536//4402
f 5537//4403 5534//4400 5560//4109
f 5560//4109 5563//4412 5537//4403
f 5538//4404 5535//4401 5561//4143
f 5561//4143 5564//4147 5538//4404
f 5525//4215 5536//4402 5562//4117
f 5562//4117 5551//4207 5525//4215
f 5539//4405 5537//4403 5563//4412
f 5563//4412 5565//4125 5539//4405
f 5540//4406 5538//4404 5564//4147
f 5564//4147 5566//4151 5540//4406
f 5541//4407 5539//4405 5565//4125
f 5565//4125 5567//4131 5541//4407
f 5542//4408 5540//4406 5566//4151
f 5566//4151 5568//4383 5542//4408
f 5543//4409 5541//4407 5567//4131
f 5567//4131 5569//4137 5543//4409
f 5544//4232 5542//4408 5568//4383
f 5568//4383 5570//4159 5544//4232
f 5513//4197 5543//4409 5569//4137
f 5569//4137 5571//4141 5513//4197
f 5515//4387 5544//4232 5570//4159
f 5570//4159 5572//4163 5515//4387
f 5514//4199 5513//4197 5571//4141
f 5571//4141 5573//4145 5514//4199
f 5516//4388 5515//4387 5572//4163
f 5572//4163 5574//4167 5516//4388
f 5517//4201 5514//4199 5573//4145
f 5573//4145 5575//4149 5517//4201
f 5518//4389 5516//4388 5574//4167
f 5574//4167 5576//4112 5518//4389
f 5519//4390 5517//4201 5575//4149
f 5575//4149 5545//4153 5519//4390
f 5520//4391 5518//4389 5576//4112
f 5576//4112 5547//4113 5520//4391
f 5555//4410 5552//4129 5577//4413
f 5577//4413 5578//4194 5555//4410
f 5556//4169 5553//4165 5579//4177
f 5579//4177 5580//4236 5556//4169
f 5557//4108 5554//4372 5581//4193
f 5581//4193 5582//4414 5557//4108
f 5558//4411 5555//4410 5578//4194
f 5578//4194 5583//4415 5558//4411
f 5559//4116 5556//4169 5580//4236
f 5580//4236 5584//4416 5559//4116
f 5560//4109 5557//4108 5582//4414
f 5582//4414 5585//4417 5560//4109
f 5561//4143 5558//4411 5583//4415
f 5583//4415 5586//4418 5561//4143
f 5562//4117 5559//4116 5584//4416
f 5584//4416 5587//4419 5562//4117
f 5563//4412 5560//4109 5585//4417
f 5585//4417 5588//4211 5563//4412
f 5564//4147 5561//4143 5586//4418
f 5586//4418 5589//4227 5564//4147
f 5551//4207 5562//4117 5587//4419
f 5587//4419 5590//4188 5551//4207
f 5565//4125 5563//4412 5588//4211
f 5588//4211 5591//4216 5565//4125
f 5566//4151 5564//4147 5589//4227
f 5589//4227 5592//4170 5566//4151
f 5567//4131 5565//4125 5591//4216
f 5591//4216 5593//4420 5567//4131
f 5568//4383 5566//4151 5592//4170
f 5592//4170 5594//4421 5568//4383
f 5569//4137 5567//4131 5593//4420
f 5593//4420 5595//4409 5569//4137
f 5570//4159 5568//4383 5594//4421
f 5594//4421 5596//4422 5570//4159
f 5571//4141 5569//4137 5595//4409
f 5595//4409 5597//4224 5571//4141
f 5572//4163 5570//4159 5596//4422
f 5596//4422 5598//4233 5572//4163
f 5573//4145 5571//4141 5597//4224
f 5597//4224 5599//4423 5573//4145
f 5574//4167 5572//4163 5598//4233
f 5598//4233 5600//4235 5574//4167
f 5575//4149 5573//4145 5599//4423
f 5599//4423 5601//4424 5575//4149
f 5576//4112 5574//4167 5600//4235
f 5600//4235 5602//4389 5576//4112
f 5545//4153 5575//4149 5601//4424
f 5601//4424 5603//4425 5545//4153
f 5547//4113 5576//4112 5602//4389
f 5602//4389 5604//4426 5547//4113
f 5546//4157 5545//4153 5603//4425
f 5603//4425 5605//4231 5546//4157
f 5548//4121 5547//4113 5604//4426
f 5604//4426 5606//4427 5548//4121
f 5549//4161 5546//4157 5605//4231
f 5605//4231 5607//4175 5549//4161
f 5550//4127 5548//4121 5606//4427
f 5606//4427 5608//4428 5550//4127
f 5552//4129 5551//4207 5590//4188
f 5590//4188 5577//4413 5552//4129
f 5553//4165 5549//4161 5607//4175
f 5607//4175 5579//4177 5553//4165
f 5554//4372 5550//4127 5608//4428
f 5608//4428 5581//4193 5554//4372
f 5589//4227 5586//4418 5609//4429
f 5609//4429 5610//4430 5589//4227
f 5590//4188 5587//4419 5611//4379
f 5611//4379 5612//4431 5590//4188
f 5591//4216 5588//4211 5613//4412
f 5613//4412 5614//4432 5591//4216
f 5592//4170 5589//4227 5610//4430
f 5610//4430 5615//4247 5592//4170
f 5593//4420 5591//4216 5614//4432
f 5614//4432 5616//4433 5593//4420
f 5594//4421 5592//4170 5615//4247
f 5615//4247 5617//4383 5594//4421
f 5595//4409 5593//4420 5616//4433
f 5616//4433 5618//4137 5595//4409
f 5596//4422 5594//4421 5617//4383
f 5617//4383 5619//4434 5596//4422
f 5597//4224 5595//4409 5618//4137
f 5618//4137 5620//4141 5597//4224
f 5598//4233 5596//4422 5619//4434
f 5619//4434 5621//4163 5598//4233
f 5599//4423 5597//4224 5620//4141
f 5620//4141 5622//4145 5599//4423
f 5600//4235 5598//4233 5621//4163
f 5621//4163 5623//4167 5600//4235
f 5601//4424 5599//4423 5622//4145
f 5622//4145 5624//4435 5601//4424
f 5602//4389 5600//4235 5623//4167
f 5623//4167 5625//4436 5602//4389
f 5603//4425 5601//4424 5624//4435
f 5624//4435 5626//4437 5603//4425
f 5604//4426 5602//4389 5625//4436
f 5625//4436 5627//4438 5604//4426
f 5605//4231 5603//4425 5626//4437
f 5626//4437 5628//4157 5605//4231
f 5606//4427 5604//4426 5627//4438
f 5627//4438 5629//4439 5606//4427
f 5607//4175 5605//4231 5628//4157
f 5628//4157 5630//4440 5607//4175
f 5608//4428 5606//4427 5629//4439
f 5629//4439 5631//4441 5608//4428
f 5577//4413 5590//4188 5612//4431
f 5612//4431 5632//4442 5577//4413
f 5579//4177 5607//4175 5630//4440
f 5630//4440 5633//4443 5579//4177
f 5581//4193 5608//4428 5631//4441
f 5631//4441 5634//4241 5581//4193
f 5578//4194 5577//4413 5632//4442
f 5632//4442 5635//4410 5578//4194
f 5580//4236 5579//4177 5633//4443
f 5633//4443 5636//4444 5580//4236
f 5582//4414 5581//4193 5634//4241
f 5634//4241 5637//4445 5582//4414
f 5583//4415 5578//4194 5635//4410
f 5635//4410 5638//4243 5583//4415
f 5584//4416 5580//4236 5636//4444
f 5636//4444 5639//4376 5584//4416
f 5585//4417 5582//4414 5637//4445
f 5637//4445 5640//4446 5585//4417
f 5586//4418 5583//4415 5638//4243
f 5638//4243 5609//4429 5586//4418
f 5587//4419 5584//4416 5639//4376
f 5639//4376 5611//4379 5587//4419
f 5588//4211 5585//4417 5640//4446
f 5640//4446 5613//4412 5588//4211
f 5635//4410 5632//4442 5612//4431
f 5612//4431 5611//4379 5639//4376
f 5639//4376 5636//4444 5633//4443
f 5633//4443 5630//4440 5628//4157
f 5628//4157 5626//4437 5624//4435
f 5624//4435 5622//4145 5620//4141
f 5620//4141 5618//4137 5616//4433
f 5616//4433 5614//4432 5613//4412
f 5613//4412 5640//4446 5637//4445
f 5637//4445 5634//4241 5631//4441
f 5631//4441 5629//4439 5627//4438
f 5627//4438 5625//4436 5623//4167
f 5623//4167 5621//4163 5619//4434
f 5619//4434 5617//4383 5615//4247
f 5615//4247 5610//4430 5609//4429
f 5609//4429 5638//4243 5635//4410
f 5635//4410 5612//4431 5639//4376
f 5639//4376 5633//4443 5628//4157
f 5628//4157 5624//4435 5620//4141
f 5620//4141 5616//4433 5613//4412
f 5613//4412 5637//4445 5631//4441
f 5631//4441 5627//4438 5623//4167
f 5623//4167 5619//4434 5615//4247
f 5615//4247 5609//4429 5635//4410
f 5635//4410 5639//4376 5628//4157
f 5628//4157 5620//4141 5613//4412
f 5613//4412 5631//4441 5623//4167
f 5623//4167 5615//4247 5635//4410
f 5635//4410 5628//4157 5613//4412
f 5613//4412 5623//4167 5635//4410
f 459//411 523//465 399//358
f 399//358 398//357 459//411
f 459//411 338//304 404//363
f 2278//1726 2276//1724 2486//1910
f 2486//1910 2491//1915 2278//1726
f 2278//1726 2131//1592 2130//1591
f 5641//4447 5642//4448 5643//4449
f 5643//4449 5644//4450 5641//4447
f 5645//4451 5646//4452 5647//4453
f 5647//4453 5648//4454 5645//4451
f 5649//4455 5650//4456 5651//4457
f 5651//4457 5652//4458 5649//4455
f 5653//4459 5641//4447 5644//4450
f 5644//4450 5654//4460 5653//4459
f 5655//4461 5645//4451 5648//4454
f 5648//4454 5656//4462 5655//4461
f 5657//4463 5649//4455 5652//4458
f 5652//4458 5658//4464 5657//4463
f 5659//4465 5653//4459 5654//4460
f 5654//4460 5660//4466 5659//4465
f 5661//4467 5655//4461 5656//4462
f 5656//4462 5662//4468 5661//4467
f 5663//4469 5657//4463 5658//4464
f 5658//4464 5664//4470 5663//4469
f 5665//4471 5659//4465 5660//4466
f 5660//4466 5666//4472 5665//4471
f 5667//4473 5661//4467 5662//4468
f 5662//4468 5668//4474 5667//4473
f 5669//4475 5663//4469 5664//4470
f 5664//4470 5670//4476 5669//4475
f 5671//4477 5665//4471 5666//4472
f 5666//4472 5672//4478 5671//4477
f 5673//4479 5667//4473 5668//4474
f 5668//4474 5674//4480 5673//4479
f 5675//4481 5669//4475 5670//4476
f 5670//4476 5676//4482 5675//4481
f 5677//4483 5671//4477 5672//4478
f 5672//4478 5678//4484 5677//4483
f 5679//4485 5675//4481 5676//4482
f 5676//4482 5680//4450 5679//4485
f 5681//4486 5677//4483 5678//4484
f 5678//4484 5682//4487 5681//4486
f 5683//4488 5679//4485 5680//4450
f 5680//4450 5684//4489 5683//4488
f 5685//4490 5681//4486 5682//4487
f 5682//4487 5686//4491 5685//4490
f 5687//4492 5683//4488 5684//4489
f 5684//4489 5688//4466 5687//4492
f 5689//4493 5685//4490 5686//4491
f 5686//4491 5690//4494 5689//4493
f 5691//4495 5687//4492 5688//4466
f 5688//4466 5692//4472 5691//4495
f 5693//4496 5689//4493 5690//4494
f 5690//4494 5694//4497 5693//4496
f 5695//4498 5691//4495 5692//4472
f 5692//4472 5696//4499 5695//4498
f 5697//4500 5693//4496 5694//4497
f 5694//4497 5698//4501 5697//4500
f 5699//4502 5695//4498 5696//4499
f 5696//4499 5700//4503 5699//4502
f 5701//4504 5697//4500 5698//4501
f 5698//4501 5702//4505 5701//4504
f 5703//4506 5699//4502 5700//4503
f 5700//4503 5704//4487 5703//4506
f 5705//4507 5701//4504 5702//4505
f 5702//4505 5706//4508 5705//4507
f 5707//4509 5703//4506 5704//4487
f 5704//4487 5708//4510 5707//4509
f 5709//4511 5705//4507 5706//4508
f 5706//4508 5710//4512 5709//4511
f 5711//4513 5707//4509 5708//4510
f 5708//4510 5712//4514 5711//4513
f 5713//4515 5709//4511 5710//4512
f 5710//4512 5714//4516 5713//4515
f 5715//4517 5711//4513 5712//4514
f 5712//4514 5716//4497 5715//4517
f 5717//4518 5713//4515 5714//4516
f 5714//4516 5718//4519 5717//4518
f 5719//4520 5715//4517 5716//4497
f 5716//4497 5720//4501 5719//4520
f 5721//4521 5717//4518 5718//4519
f 5718//4519 5722//4522 5721//4521
f 5723//4523 5719//4520 5720//4501
f 5720//4501 5724//4505 5723//4523
f 5725//4524 5721//4521 5722//4522
f 5722//4522 5726//4525 5725//4524
f 5727//4526 5723//4523 5724//4505
f 5724//4505 5728//4527 5727//4526
f 5729//4528 5725//4524 5726//4525
f 5726//4525 5730//4529 5729//4528
f 5731//4530 5727//4526 5728//4527
f 5728//4527 5732//4512 5731//4530
f 5733//4531 5729//4528 5730//4529
f 5730//4529 5734//4532 5733//4531
f 5735//4533 5731//4530 5732//4512
f 5732//4512 5736//4516 5735//4533
f 5737//4534 5733//4531 5734//4532
f 5734//4532 5738//4535 5737//4534
f 5739//4536 5740//4479 5741//4480
f 5741//4480 5742//4537 5739//4536
f 5743//4538 5735//4533 5736//4516
f 5736//4516 5744//4539 5743//4538
f 5745//4540 5737//4534 5738//4535
f 5738//4535 5746//4454 5745//4540
f 5747//4455 5739//4536 5742//4537
f 5742//4537 5748//4541 5747//4455
f 5749//4542 5743//4538 5744//4539
f 5744//4539 5750//4543 5749//4542
f 5751//4544 5745//4540 5746//4454
f 5746//4454 5752//4545 5751//4544
f 5753//4546 5747//4455 5748//4541
f 5748//4541 5754//4547 5753//4546
f 5755//4548 5749//4542 5750//4543
f 5750//4543 5756//4549 5755//4548
f 5757//4550 5751//4544 5752//4545
f 5752//4545 5758//4468 5757//4550
f 5759//4469 5753//4546 5754//4547
f 5754//4547 5760//4551 5759//4469
f 5761//4552 5755//4548 5756//4549
f 5756//4549 5762//4529 5761//4552
f 5763//4553 5757//4550 5758//4468
f 5758//4468 5764//4474 5763//4553
f 5765//4554 5759//4469 5760//4551
f 5760//4551 5766//4476 5765//4554
f 5767//4555 5761//4552 5762//4529
f 5762//4529 5768//4556 5767//4555
f 5740//4479 5763//4553 5764//4474
f 5764//4474 5741//4480 5740//4479
f 5642//4448 5765//4554 5766//4476
f 5766//4476 5643//4449 5642//4448
f 5646//4452 5767//4555 5768//4556
f 5768//4556 5647//4453 5646//4452
f 5650//4456 5673//4479 5674//4480
f 5674//4480 5651//4457 5650//4456
f 5740//4479 5739//4536 5747//4455
f 5747//4455 5753//4546 5759//4469
f 5759//4469 5765//4554 5642//4448
f 5642//4448 5641//4447 5653//4459
f 5653//4459 5659//4465 5665//4471
f 5665//4471 5671//4477 5677//4483
f 5677//4483 5681//4486 5685//4490
f 5685//4490 5689//4493 5693//4496
f 5693//4496 5697//4500 5701//4504
f 5701//4504 5705//4507 5709//4511
f 5709//4511 5713//4515 5717//4518
f 5717//4518 5721//4521 5725//4524
f 5725//4524 5729//4528 5733//4531
f 5733//4531 5737//4534 5745//4540
f 5745//4540 5751//4544 5757//4550
f 5757//4550 5763//4553 5740//4479
f 5740//4479 5747//4455 5759//4469
f 5759//4469 5642//4448 5653//4459
f 5653//4459 5665//4471 5677//4483
f 5677//4483 5685//4490 5693//4496
f 5693//4496 5701//4504 5709//4511
f 5709//4511 5717//4518 5725//4524
f 5725//4524 5733//4531 5745//4540
f 5745//4540 5757//4550 5740//4479
f 5740//4479 5759//4469 5653//4459
f 5653//4459 5677//4483 5693//4496
f 5693//4496 5709//4511 5725//4524
f 5725//4524 5745//4540 5740//4479
f 5740//4479 5653//4459 5693//4496
f 5693//4496 5725//4524 5740//4479
f 5673//4479 5650//4456 5649//4455
f 5649//4455 5657//4463 5663//4469
f 5663//4469 5669//4475 5675//4481
f 5675//4481 5679//4485 5683//4488
f 5683//4488 5687//4492 5691//4495
f 5691//4495 5695//4498 5699//4502
f 5699//4502 5703//4506 5707//4509
f 5707//4509 5711//4513 5715//4517
f 5715//4517 5719//4520 5723//4523
f 5723//4523 5727//4526 5731//4530
f 5731//4530 5735//4533 5743//4538
f 5743//4538 5749//4542 5755//4548
f 5755//4548 5761//4552 5767//4555
f 5767//4555 5646//4452 5645//4451
f 5645//4451 5655//4461 5661//4467
f 5661//4467 5667//4473 5673//4479
f 5673//4479 5649//4455 5663//4469
f 5663//4469 5675//4481 5683//4488
f 5683//4488 5691//4495 5699//4502
f 5699//4502 5707//4509 5715//4517
f 5715//4517 5723//4523 5731//4530
f 5731//4530 5743//4538 5755//4548
f 5755//4548 5767//4555 5645//4451
f 5645//4451 5661//4467 5673//4479
f 5673//4479 5663//4469 5683//4488
f 5683//4488 5699//4502 5715//4517
f 5715//4517 5731//4530 5755//4548
f 5755//4548 5645//4451 5673//4479
f 5673//4479 5683//4488 5715//4517
f 5715//4517 5755//4548 5673//4479
f 5769//4557 5770//4558 5771//4559
f 5771//4559 5772//4560 5769//4557
f 5773//4561 5774//4562 5775//4563
f 5775//4563 5776//4564 5773//4561
f 5777//4565 5778//4566 5779//4567
f 5779//4567 5780//4568 5777//4565
f 5781//4569 5782//4570 5770//4558
f 5770//4558 5769//4557 5781//4569
f 5783//4571 5784//4572 5774//4562
f 5774//4562 5773//4561 5783//4571
f 5785//4573 5786//4574 5778//4566
f 5778//4566 5777//4565 5785//4573
f 5787//4575 5788//4576 5782//4570
f 5782//4570 5781//4569 5787//4575
f 5789//4577 5790//4578 5784//4572
f 5784//4572 5783//4571 5789//4577
f 5791//4579 5792//4580 5786//4574
f 5786//4574 5785//4573 5791//4579
f 5793//4581 5794//4582 5788//4576
f 5788//4576 5787//4575 5793//4581
f 5795//4583 5796//4584 5790//4578
f 5790//4578 5789//4577 5795//4583
f 5797//4585 5798//4586 5792//4580
f 5792//4580 5791//4579 5797//4585
f 5799//4587 5800//4588 5794//4582
f 5794//4582 5793//4581 5799//4587
f 5801//4589 5802//4590 5796//4584
f 5796//4584 5795//4583 5801//4589
f 5803//4560 5804//4559 5798//4586
f 5798//4586 5797//4585 5803//4560
f 5805//4591 5806//4592 5800//4588
f 5800//4588 5799//4587 5805//4591
f 5807//4593 5808//4594 5804//4559
f 5804//4559 5803//4560 5807//4593
f 5809//4595 5810//4596 5806//4592
f 5806//4592 5805//4591 5809//4595
f 5811//4597 5812//4570 5808//4594
f 5808//4594 5807//4593 5811//4597
f 5813//4598 5814//4599 5810//4596
f 5810//4596 5809//4595 5813//4598
f 5815//4600 5816//4576 5812//4570
f 5812//4570 5811//4597 5815//4600
f 5817//4601 5818//4602 5814//4599
f 5814//4599 5813//4598 5817//4601
f 5819//4603 5820//4604 5816//4576
f 5816//4576 5815//4600 5819//4603
f 5821//4605 5822//4606 5818//4602
f 5818//4602 5817//4601 5821//4605
f 5823//4607 5824//4608 5820//4604
f 5820//4604 5819//4603 5823//4607
f 5825//4609 5826//4610 5822//4606
f 5822//4606 5821//4605 5825//4609
f 5827//4611 5828//4612 5824//4608
f 5824//4608 5823//4607 5827//4611
f 5829//4613 5830//4614 5826//4610
f 5826//4610 5825//4609 5829//4613
f 5831//4615 5832//4616 5828//4612
f 5828//4612 5827//4611 5831//4615
f 5833//4617 5834//4618 5830//4614
f 5830//4614 5829//4613 5833//4617
f 5835//4619 5836//4620 5832//4616
f 5832//4616 5831//4615 5835//4619
f 5837//4621 5838//4622 5834//4618
f 5834//4618 5833//4617 5837//4621
f 5839//4623 5840//4624 5836//4620
f 5836//4620 5835//4619 5839//4623
f 5841//4625 5842//4626 5838//4622
f 5838//4622 5837//4621 5841//4625
f 5843//4627 5844//4628 5840//4624
f 5840//4624 5839//4623 5843//4627
f 5845//4629 5846//4630 5842//4626
f 5842//4626 5841//4625 5845//4629
f 5847//4631 5848//4632 5844//4628
f 5844//4628 5843//4627 5847//4631
f 5849//4633 5850//4634 5846//4630
f 5846//4630 5845//4629 5849//4633
f 5851//4635 5852//4636 5848//4632
f 5848//4632 5847//4631 5851//4635
f 5853//4637 5854//4638 5850//4634
f 5850//4634 5849//4633 5853//4637
f 5855//4639 5856//4640 5852//4636
f 5852//4636 5851//4635 5855//4639
f 5857//4641 5858//4642 5854//4638
f 5854//4638 5853//4637 5857//4641
f 5859//4643 5860//4644 5856//4640
f 5856//4640 5855//4639 5859//4643
f 5861//4645 5862//4646 5858//4642
f 5858//4642 5857//4641 5861//4645
f 5863//4647 5864//4648 5860//4644
f 5860//4644 5859//4643 5863//4647
f 5865//4649 5866//4563 5862//4646
f 5862//4646 5861//4645 5865//4649
f 5867//4650 5868//4651 5869//4590
f 5869//4590 5870//4652 5867//4650
f 5871//4653 5872//4654 5864//4648
f 5864//4648 5863//4647 5871//4653
f 5873//4655 5874//4656 5866//4563
f 5866//4563 5865//4649 5873//4655
f 5875//4657 5876//4658 5868//4651
f 5868//4651 5867//4650 5875//4657
f 5877//4659 5878//4660 5872//4654
f 5872//4654 5871//4653 5877//4659
f 5879//4661 5880//4572 5874//4656
f 5874//4656 5873//4655 5879//4661
f 5881//4662 5882//4663 5876//4658
f 5876//4658 5875//4657 5881//4662
f 5883//4664 5884//4638 5878//4660
f 5878//4660 5877//4659 5883//4664
f 5885//4665 5886//4666 5880//4572
f 5880//4572 5879//4661 5885//4665
f 5887//4667 5888//4668 5882//4663
f 5882//4663 5881//4662 5887//4667
f 5889//4669 5890//4642 5884//4638
f 5884//4638 5883//4664 5889//4669
f 5891//4670 5892//4671 5886//4666
f 5886//4666 5885//4665 5891//4670
f 5893//4672 5894//4673 5888//4668
f 5888//4668 5887//4667 5893//4672
f 5895//4674 5896//4646 5890//4642
f 5890//4642 5889//4669 5895//4674
f 5870//4652 5869//4590 5892//4671
f 5892//4671 5891//4670 5870//4652
f 5772//4560 5771//4559 5894//4673
f 5894//4673 5893//4672 5772//4560
f 5776//4564 5775//4563 5896//4646
f 5896//4646 5895//4674 5776//4564
f 5780//4568 5779//4567 5802//4590
f 5802//4590 5801//4589 5780//4568
f 5875//4657 5867//4650 5870//4652
f 5870//4652 5891//4670 5885//4665
f 5885//4665 5879//4661 5873//4655
f 5873//4655 5865//4649 5861//4645
f 5861//4645 5857//4641 5853//4637
f 5853//4637 5849//4633 5845//4629
f 5845//4629 5841//4625 5837//4621
f 5837//4621 5833//4617 5829//4613
f 5829//4613 5825//4609 5821//4605
f 5821//4605 5817//4601 5813//4598
f 5813//4598 5809//4595 5805//4591
f 5805//4591 5799//4587 5793//4581
f 5793//4581 5787//4575 5781//4569
f 5781//4569 5769//4557 5772//4560
f 5772//4560 5893//4672 5887//4667
f 5887//4667 5881//4662 5875//4657
f 5875//4657 5870//4652 5885//4665
f 5885//4665 5873//4655 5861//4645
f 5861//4645 5853//4637 5845//4629
f 5845//4629 5837//4621 5829//4613
f 5829//4613 5821//4605 5813//4598
f 5813//4598 5805//4591 5793//4581
f 5793//4581 5781//4569 5772//4560
f 5772//4560 5887//4667 5875//4657
f 5875//4657 5885//4665 5861//4645
f 5861//4645 5845//4629 5829//4613
f 5829//4613 5813//4598 5793//4581
f 5793//4581 5772//4560 5875//4657
f 5875//4657 5861//4645 5829//4613
f 5829//4613 5793//4581 5875//4657
f 5777//4565 5780//4568 5801//4589
f 5801//4589 5795//4583 5789//4577
f 5789//4577 5783//4571 5773//4561
f 5773//4561 5776//4564 5895//4674
f 5895//4674 5889//4669 5883//4664
f 5883//4664 5877//4659 5871//4653
f 5871//4653 5863//4647 5859//4643
f 5859//4643 5855//4639 5851//4635
f 5851//4635 5847//4631 5843//4627
f 5843//4627 5839//4623 5835//4619
f 5835//4619 5831//4615 5827//4611
f 5827//4611 5823//4607 5819//4603
f 5819//4603 5815//4600 5811//4597
f 5811//4597 5807//4593 5803//4560
f 5803//4560 5797//4585 5791//4579
f 5791//4579 5785//4573 5777//4565
f 5777//4565 5801//4589 5789//4577
f 5789//4577 5773//4561 5895//4674
f 5895//4674 5883//4664 5871//4653
f 5871//4653 5859//4643 5851//4635
f 5851//4635 5843//4627 5835//4619
f 5835//4619 5827//4611 5819//4603
f 5819//4603 5811//4597 5803//4560
f 5803//4560 5791//4579 5777//4565
f 5777//4565 5789//4577 5895//4674
f 5895//4674 5871//4653 5851//4635
f 5851//4635 5835//4619 5819//4603
f 5819//4603 5803//4560 5777//4565
f 5777//4565 5895//4674 5851//4635
f 5851//4635 5819//4603 5777//4565
