# Blender 4.2.2 LTS
# www.blender.org
mtllib orion2.mtl
o Orion_Spacecraft_(1)
v 1.034121 4.316134 0.142590
v 1.033893 4.310651 0.151961
v 1.037231 4.313899 0.156129
v 1.037466 4.319531 0.146504
v 1.029263 4.323146 0.146411
v 1.028622 4.317913 0.155917
v 1.032220 4.302782 0.161328
v 1.035513 4.305817 0.165750
v 1.031712 4.321312 0.160168
v 1.032370 4.326687 0.150404
v 1.026565 4.310277 0.165411
v 1.021423 4.315631 0.073797
v 1.023821 4.319607 0.075827
v 1.025599 4.327602 0.121900
v 1.018266 4.327019 0.075827
v 1.021892 4.298205 0.174880
v 1.023513 4.323879 0.122306
v 0.973949 4.235425 0.131936
v 0.987319 4.235425 0.184071
v 1.012408 4.277975 0.184305
v 1.018659 4.319730 -0.001116
v 1.016261 4.315753 -0.001116
v 1.029598 4.313468 0.169919
v 1.031056 4.293211 0.175363
v 1.027881 4.290509 0.170687
v 1.200912 4.640477 0.087837
v 1.211903 4.640477 0.130697
v 1.015716 4.323133 0.073797
v 1.016381 4.327589 0.061246
v 1.013078 4.327200 0.000000
v 1.013102 4.327143 -0.001116
v 1.024799 4.301070 0.179645
v 1.021561 4.272285 0.184962
v 1.018636 4.270134 0.180033
v 1.253688 4.640477 0.118316
v 1.322726 4.640477 0.097859
v 1.314497 4.640477 0.065768
v 1.243739 4.640477 0.079516
v 0.963980 4.235425 0.066287
v 1.194275 4.640477 0.044131
v 1.015079 4.280279 0.189318
v 1.015489 4.281210 0.188897
v 0.889587 4.054321 0.184595
v 0.890144 4.057921 0.179676
v 1.267483 4.640477 0.155976
v 1.334136 4.640477 0.129008
v 1.309527 4.640477 0.033043
v 1.237730 4.640477 0.039950
v 1.322726 4.660625 0.097859
v 1.314497 4.660625 0.065768
v 1.010798 4.323110 -0.001116
v 1.010775 4.323168 0.000000
v 1.014116 4.323606 0.061464
v 1.023821 4.319607 -0.078059
v 1.021423 4.315631 -0.076028
v 1.014078 4.323540 -0.061467
v 1.015968 4.322982 -0.076028
v 1.192056 4.640477 0.000000
v 0.956908 4.222986 0.066968
v 0.966979 4.222986 0.133290
v 0.883637 4.061994 0.188776
v 0.981268 4.222986 0.189010
v 0.875459 4.036232 0.174930
v 0.876388 4.040309 0.170266
v 0.979984 4.222986 0.184003
v 0.884445 4.065443 0.183774
v 1.284991 4.640477 0.192135
v 1.348616 4.640477 0.158915
v 1.227141 4.640477 0.172299
v 1.187518 4.565541 0.188110
v 1.187889 4.566109 0.188181
v 1.334136 4.660625 0.129008
v 1.307865 4.640477 -0.000000
v 1.235721 4.640477 0.000000
v 1.309527 4.660625 0.033043
v 1.317457 4.667995 0.099420
v 1.309097 4.667995 0.066817
v 0.985164 4.277448 0.010143
v 0.985182 4.278020 0.003983
v 1.037466 4.319531 -0.148736
v 1.034121 4.316134 -0.144821
v 1.016344 4.327525 -0.061249
v 1.018517 4.326867 -0.078059
v 1.194275 4.640477 -0.044131
v 0.842591 4.027829 0.077966
v 0.853484 4.028941 0.145348
v 0.856859 4.032233 0.154686
v 0.959708 4.229205 0.051996
v 0.962214 4.233633 0.051531
v 1.013347 4.235425 0.258802
v 1.121431 4.440200 0.215070
v 1.128706 4.456957 0.207205
v 0.988603 4.235425 0.189078
v 1.014077 4.278627 0.189316
v 0.869982 4.043618 0.178955
v 0.866369 4.026464 0.165280
v 0.867539 4.030799 0.160870
v 0.871150 4.047552 0.174212
v 1.141575 4.483752 0.198007
v 1.306042 4.640477 0.226443
v 1.366028 4.640477 0.187291
v 1.246481 4.640477 0.212241
v 1.218336 4.607406 0.197227
v 1.232008 4.622217 0.206155
v 1.348616 4.660625 0.158915
v 1.203314 4.588281 0.191134
v 1.329049 4.667995 0.131066
v 1.309527 4.640477 -0.033043
v 1.237730 4.640477 -0.039950
v 1.307865 4.660625 -0.000000
v 1.304048 4.667995 0.033570
v 1.312996 4.675366 0.100742
v 1.304524 4.675366 0.067705
v 0.857053 4.032370 0.155119
v 0.862767 4.037760 0.164662
v 0.984057 4.274651 -0.019899
v 0.982778 4.271935 -0.025321
v 1.023413 4.323702 -0.122325
v 1.029660 4.322906 -0.148511
v 0.978825 4.264008 -0.036768
v 0.980111 4.266543 -0.033533
v 0.963980 4.235425 -0.066287
v 0.938436 4.194185 0.036766
v 0.939741 4.196249 0.038565
v 0.990458 4.235425 0.196314
v 0.983658 4.222986 0.198329
v 0.735218 3.781909 0.271945
v 0.861372 4.033561 0.169146
v 0.860018 4.021219 0.155637
v 0.861355 4.025693 0.151481
v 1.156044 4.511491 0.191614
v 1.330435 4.640477 0.258570
v 1.386203 4.640477 0.213863
v 1.253273 4.633339 0.231050
v 1.260049 4.629680 0.246060
v 1.269736 4.640477 0.250139
v 1.366028 4.660625 0.187291
v 1.241163 4.629922 0.215018
v 1.343761 4.667995 0.161450
v 1.203314 4.372492 0.191134
v 1.187518 4.372492 0.188110
v 1.171558 4.539107 0.188272
v 1.324742 4.675366 0.132809
v 1.314497 4.640477 -0.065768
v 1.243738 4.640477 -0.079516
v 1.309527 4.660625 -0.033043
v 1.302359 4.667995 -0.000000
v 1.299408 4.675366 0.034017
v 1.312996 4.708945 0.100742
v 1.304524 4.708945 0.067705
v 1.025498 4.327423 -0.121920
v 1.032767 4.326447 -0.152504
v 1.200912 4.640477 -0.087837
v 1.037231 4.313899 -0.158360
v 1.033893 4.310651 -0.154192
v 0.959708 4.229205 -0.051998
v 0.962603 4.234318 -0.051472
v 0.973949 4.235425 -0.131936
v 0.856617 4.022973 0.142096
v 0.842220 4.027554 0.073797
v 0.844432 4.022159 0.073797
v 0.838201 4.027032 0.000000
v 0.929065 4.180538 0.010143
v 0.928155 4.179721 0.001618
v 1.117931 4.431752 0.218855
v 1.006782 4.222986 0.261458
v 0.766925 3.781909 0.358506
v 0.855503 4.028024 0.159344
v 0.855151 4.018425 0.145998
v 1.141575 4.372491 0.198007
v 1.156044 4.372492 0.191614
v 1.128706 4.372491 0.207205
v 1.357934 4.640477 0.288207
v 1.408948 4.640477 0.238376
v 1.264594 4.603099 0.278341
v 1.296681 4.640477 0.285628
v 1.263872 4.619517 0.262028
v 1.386203 4.660625 0.213863
v 1.243805 4.631535 0.217576
v 1.262203 4.624619 0.255056
v 1.253273 4.372492 0.231050
v 1.260049 4.372492 0.246060
v 1.361450 4.667995 0.190279
v 1.243805 4.372492 0.217576
v 1.232008 4.372492 0.206155
v 1.218336 4.372491 0.197227
v 1.339649 4.675366 0.163597
v 1.171558 4.372492 0.188272
v 1.324742 4.708945 0.132809
v 1.322726 4.640477 -0.097859
v 1.253688 4.640477 -0.118316
v 1.314497 4.660625 -0.065768
v 1.304048 4.667995 -0.033570
v 1.297698 4.675366 0.000000
v 1.299408 4.708945 0.034017
v 1.347976 4.708945 0.086127
v 1.340376 4.708945 0.056489
v 1.029019 4.317673 -0.158018
v 1.026962 4.310037 -0.167511
v 1.022289 4.297966 -0.176981
v 1.012806 4.277735 -0.186405
v 0.987857 4.235425 -0.186173
v 0.928883 4.180376 -0.008422
v 0.842302 4.027504 -0.076029
v 0.927985 4.179570 -0.000001
v 0.966979 4.222986 -0.133290
v 0.956908 4.222986 -0.066967
v 0.838223 4.026974 -0.001116
v 0.839271 4.022281 -0.001116
v 1.105181 4.399117 0.235066
v 1.036129 4.222986 0.322069
v 1.042397 4.235425 0.318797
v 0.732524 3.781909 0.273292
v 0.764231 3.781909 0.359853
v 0.807165 3.781909 0.441614
v 0.851561 4.024670 0.149400
v 0.853694 4.026751 0.155301
v 0.842034 4.018182 0.075827
v 1.178984 4.372492 0.241454
v 1.163958 4.372492 0.248090
v 1.117931 4.372491 0.218855
v 1.149678 4.372492 0.255612
v 1.388275 4.640477 0.315068
v 1.434043 4.640477 0.260593
v 1.237708 4.504642 0.334811
v 1.327058 4.640477 0.318367
v 1.244529 4.522387 0.327436
v 1.408948 4.660625 0.238376
v 1.262189 4.582580 0.294373
v 1.263872 4.372492 0.262028
v 1.264594 4.372491 0.278341
v 1.381947 4.667995 0.217275
v 1.256470 4.372491 0.253397
v 1.245352 4.372492 0.228792
v 1.357574 4.675366 0.192809
v 1.235049 4.372492 0.228161
v 1.339649 4.708945 0.163597
v 1.222762 4.372492 0.229182
v 1.208962 4.372492 0.231814
v 1.194180 4.372492 0.235958
v 1.358514 4.708945 0.114894
v 1.211903 4.640477 -0.130697
v 1.334136 4.640477 -0.129008
v 1.267483 4.640477 -0.155976
v 1.322726 4.660625 -0.097859
v 1.309096 4.667995 -0.066817
v 1.299408 4.675366 -0.034017
v 1.297698 4.708945 0.000000
v 1.335787 4.708945 0.026266
v 1.347976 4.684489 0.086127
v 1.340376 4.684489 0.056489
v 1.032109 4.321072 -0.162268
v 1.035513 4.305817 -0.167981
v 1.032220 4.302782 -0.163559
v 0.980523 4.222986 -0.186105
v 1.098813 4.377014 0.250729
v 1.105181 4.372491 0.235066
v 1.107790 4.372492 0.275164
v 1.098137 4.372492 0.255230
v 1.071417 4.222986 0.379578
v 1.077326 4.235425 0.375722
v 0.610081 3.554365 0.309024
v 0.607387 3.554365 0.310371
v 0.804472 3.781909 0.442961
v 0.643418 3.554365 0.408735
v 0.855552 3.781909 0.520470
v 0.712349 3.781909 0.182765
v 1.202664 4.372491 0.293808
v 1.187637 4.372491 0.300445
v 1.172441 4.372491 0.305940
v 1.135144 4.372492 0.264615
v 1.421165 4.640477 0.338895
v 1.461246 4.640477 0.280301
v 1.163427 4.235425 0.478203
v 1.213769 4.235425 0.522773
v 1.360574 4.640477 0.348039
v 1.434043 4.660625 0.260593
v 1.224838 4.476850 0.344009
v 1.248483 4.532520 0.323161
v 1.405055 4.667995 0.242179
v 1.256749 4.558749 0.309507
v 1.262189 4.372491 0.294373
v 1.378344 4.675366 0.220164
v 1.250077 4.372491 0.261401
v 1.357574 4.708945 0.192809
v 1.371887 4.708945 0.142514
v 1.241114 4.372492 0.269766
v 1.229926 4.372492 0.278168
v 1.216943 4.372492 0.286287
v 1.358514 4.684489 0.114894
v 1.348616 4.640477 -0.158915
v 1.284991 4.640477 -0.192135
v 1.334136 4.660625 -0.129008
v 1.317457 4.667995 -0.099420
v 1.304524 4.675366 -0.067705
v 1.299408 4.708945 -0.034017
v 1.334252 4.708945 -0.004250
v 1.335787 4.684489 0.026266
v 1.395306 4.684489 0.073566
v 1.388885 4.684489 0.048527
v 1.031056 4.293211 -0.177594
v 1.027880 4.290509 -0.172918
v 1.029995 4.313228 -0.172019
v 0.842476 4.027632 -0.077977
v 0.853725 4.028796 -0.147500
v 0.856617 4.022973 -0.144328
v 0.844432 4.022159 -0.076029
v 0.856357 4.031363 -0.154784
v 0.884839 4.065205 -0.185875
v 0.871544 4.047314 -0.176313
v 0.863161 4.037522 -0.166763
v 0.857447 4.032131 -0.157220
v 1.018636 4.270134 -0.182264
v 0.836872 4.018305 -0.001116
v 1.098813 4.372492 0.250729
v 1.120531 4.372492 0.274970
v 1.111457 4.372492 0.282739
v 1.132084 4.372491 0.316356
v 1.111645 4.372492 0.283046
v 1.112306 4.222986 0.433432
v 1.117799 4.235425 0.429028
v 0.646112 3.554365 0.407388
v 0.584094 3.554365 0.207685
v 0.852858 3.781909 0.521817
v 0.689145 3.554365 0.503175
v 1.014445 4.008233 0.511566
v 1.054505 4.103892 0.472113
v 0.840140 4.023645 0.078202
v 0.839939 4.023507 0.075827
v 0.698539 3.781909 0.091825
v 1.224838 4.372491 0.344009
v 1.210369 4.372491 0.350402
v 1.194856 4.372491 0.353744
v 1.154555 4.372491 0.311854
v 1.456287 4.640477 0.359459
v 1.490296 4.640477 0.297309
v 1.396906 4.640477 0.374360
v 1.279653 4.250688 0.562308
v 1.461246 4.660625 0.280301
v 1.158402 4.222986 0.483112
v 1.209261 4.222986 0.528139
v 1.222647 4.472838 0.344978
v 1.430550 4.667995 0.264751
v 1.237708 4.372491 0.334811
v 1.248483 4.372491 0.323161
v 1.401758 4.675366 0.245399
v 1.256749 4.372491 0.309507
v 1.378344 4.708945 0.220164
v 1.387967 4.708945 0.168721
v 1.371887 4.684489 0.142514
v 1.404209 4.684489 0.097869
v 1.170868 4.537694 -0.188728
v 1.186826 4.564226 -0.188396
v 1.187192 4.564790 -0.188463
v 1.227141 4.640477 -0.172299
v 1.246481 4.640477 -0.212241
v 1.231505 4.621563 -0.205967
v 1.217738 4.606491 -0.197185
v 1.366028 4.640477 -0.187291
v 1.306042 4.640477 -0.226443
v 1.348616 4.660625 -0.158915
v 1.329049 4.667995 -0.131066
v 1.312996 4.675366 -0.100742
v 1.304524 4.708945 -0.067705
v 1.335787 4.708945 -0.034767
v 1.334252 4.684489 -0.004250
v 1.385008 4.684489 0.022994
v 1.395306 4.669749 0.073566
v 1.388885 4.669749 0.048527
v 1.021561 4.272285 -0.187193
v 1.025196 4.300830 -0.181745
v 0.861355 4.025693 -0.153712
v 0.890144 4.057921 -0.181907
v 1.138561 4.372492 0.315737
v 1.142436 4.372491 0.333226
v 1.064403 4.118462 0.471103
v 1.065119 4.119278 0.471259
v 1.158248 4.372491 0.354052
v 1.174412 4.392666 0.356463
v 0.691839 3.554365 0.501828
v 0.587703 3.513674 0.315655
v 0.624506 3.513674 0.416129
v 0.561158 3.513674 0.212141
v 0.568401 3.554365 0.104345
v 0.744129 3.554365 0.592782
v 0.746823 3.554365 0.591435
v 1.060188 4.112929 0.470885
v 1.027812 3.999125 0.500082
v 1.089712 4.071999 0.442971
v 0.911617 3.781909 0.594313
v 1.014329 4.007650 0.511975
v 1.210369 4.449758 0.350402
v 1.194856 4.424350 0.353744
v 1.174412 4.372491 0.356463
v 1.493304 4.640477 0.376561
v 1.520912 4.640477 0.311454
v 1.490296 4.660625 0.297309
v 1.296310 4.250688 0.571246
v 1.338892 4.250688 0.594094
v 1.435704 4.640477 0.397075
v 1.458187 4.667995 0.284773
v 1.118018 4.125958 0.522558
v 1.165273 4.124907 0.565210
v 1.273921 4.235276 0.569056
v 1.272827 4.232333 0.570344
v 1.427592 4.675366 0.268271
v 1.401758 4.708945 0.245399
v 1.406600 4.708945 0.193262
v 1.387967 4.684489 0.168721
v 1.415507 4.684489 0.121203
v 1.404209 4.669749 0.097869
v 1.155391 4.510037 -0.192235
v 1.186826 4.372492 -0.188396
v 1.170868 4.372491 -0.188728
v 1.202652 4.587142 -0.191252
v 1.202652 4.372491 -0.191252
v 1.241093 4.629783 -0.215054
v 1.269736 4.640477 -0.250139
v 1.259968 4.630009 -0.245571
v 1.253034 4.633362 -0.230635
v 1.386203 4.640477 -0.213863
v 1.330435 4.640477 -0.258570
v 1.366028 4.660625 -0.187291
v 1.343760 4.667995 -0.161450
v 1.324742 4.675366 -0.132809
v 1.312996 4.708945 -0.100742
v 1.340376 4.708945 -0.064990
v 1.335787 4.684489 -0.034767
v 1.383712 4.684489 -0.002787
v 1.385008 4.669749 0.022994
v 1.432672 4.669749 0.063649
v 1.427183 4.669749 0.042241
v 0.889587 4.054321 -0.186826
v 1.019066 4.287754 -0.187837
v 1.015629 4.279947 -0.191368
v 0.855151 4.018425 -0.148229
v 0.860018 4.021219 -0.157868
v 0.842034 4.018182 -0.078059
v 1.156730 4.372491 0.352052
v 1.068169 4.122507 0.471784
v 1.116335 4.125901 0.520793
v 1.071064 4.124352 0.473328
v 0.671215 3.513674 0.512596
v 0.587992 3.506433 0.315569
v 0.624786 3.506433 0.416016
v 0.561455 3.506433 0.212083
v 0.545129 3.513674 0.106584
v 0.563154 3.554365 0.000000
v 0.693921 3.781909 0.000000
v 0.810533 3.554365 0.675347
v 1.012922 3.999457 0.517465
v 0.835845 4.023029 0.000000
v 1.531859 4.640477 0.390036
v 1.552801 4.640477 0.322599
v 1.476594 4.640477 0.415967
v 1.400816 4.250688 0.619845
v 1.520912 4.660625 0.311454
v 1.487700 4.667995 0.302052
v 1.292687 4.249652 0.569963
v 1.455597 4.675366 0.288559
v 1.166884 4.123084 0.568049
v 1.427592 4.708945 0.268271
v 1.427606 4.708945 0.215900
v 1.406600 4.684489 0.193262
v 1.429092 4.684489 0.143343
v 1.415507 4.669749 0.121203
v 1.440284 4.669749 0.084428
v 1.140990 4.482319 -0.198781
v 1.155391 4.372491 -0.192235
v 1.213425 4.372492 -0.221808
v 1.200554 4.372492 -0.227295
v 1.231505 4.372492 -0.205967
v 1.217738 4.372491 -0.197185
v 1.243423 4.631249 -0.217262
v 1.262326 4.624878 -0.254975
v 1.259968 4.372492 -0.245571
v 1.253034 4.372491 -0.230635
v 1.408948 4.640477 -0.238376
v 1.357934 4.640477 -0.288207
v 1.386203 4.660625 -0.213863
v 1.361450 4.667995 -0.190279
v 1.339649 4.675366 -0.163597
v 1.324742 4.708945 -0.132809
v 1.347976 4.708945 -0.094628
v 1.340376 4.684489 -0.064990
v 1.385008 4.684489 -0.028568
v 1.383712 4.669749 -0.002787
v 1.423867 4.669749 0.020411
v 1.432672 4.653138 0.063649
v 1.427183 4.653138 0.042241
v 0.875459 4.036232 -0.177162
v 0.876388 4.040309 -0.172497
v 0.851802 4.024525 -0.151552
v 0.855897 4.027786 -0.161446
v 0.853192 4.025881 -0.155399
v 0.867539 4.030799 -0.163101
v 0.866369 4.026464 -0.167511
v 0.835867 4.022973 -0.001116
v 0.840022 4.023457 -0.078059
v 1.103100 4.083001 0.439135
v 1.107757 4.086105 0.439096
v 1.097540 4.078835 0.440007
v 1.111008 4.087554 0.440354
v 1.155151 4.089717 0.488764
v 0.727378 3.513674 0.604126
v 0.671482 3.506433 0.512457
v 0.589903 3.497217 0.315003
v 0.626631 3.497217 0.415270
v 0.563413 3.497217 0.211703
v 0.545430 3.506433 0.106555
v 0.539768 3.513674 0.000000
v 0.651470 3.706119 -0.021971
v 0.649209 3.702112 -0.022801
v 0.792456 3.513674 0.689838
v 1.024201 3.992495 0.507671
v 1.012870 3.994184 0.521917
v 1.571580 4.640477 0.399755
v 1.585654 4.640477 0.330638
v 1.552801 4.660625 0.322599
v 1.464773 4.250688 0.639380
v 1.519183 4.640477 0.430852
v 1.518806 4.667995 0.316423
v 1.337746 4.246073 0.596427
v 1.398973 4.241209 0.624803
v 1.485503 4.675366 0.306068
v 1.333422 4.233938 0.602549
v 1.455597 4.708945 0.288559
v 1.167594 4.119083 0.571778
v 1.199293 4.091879 0.537175
v 1.167246 4.110468 0.578147
v 1.166499 4.104701 0.581729
v 1.450782 4.708945 0.236419
v 1.427606 4.684489 0.215900
v 1.444833 4.684489 0.164076
v 1.429092 4.669749 0.143343
v 1.449943 4.669749 0.104378
v 1.440284 4.653138 0.084428
v 1.128219 4.455605 -0.208115
v 1.140990 4.372491 -0.198781
v 1.187032 4.372492 -0.234480
v 1.225150 4.372491 -0.218228
v 1.239396 4.372492 -0.257993
v 1.230216 4.372492 -0.268628
v 1.243423 4.372492 -0.217262
v 1.263961 4.620209 -0.261498
v 1.263961 4.372492 -0.261498
v 1.264857 4.604044 -0.277803
v 1.296681 4.640477 -0.285628
v 1.434042 4.640477 -0.260593
v 1.388275 4.640477 -0.315068
v 1.408948 4.660625 -0.238376
v 1.381947 4.667995 -0.217275
v 1.357574 4.675366 -0.192809
v 1.339649 4.708945 -0.163597
v 1.358513 4.708945 -0.123395
v 1.347976 4.684489 -0.094628
v 1.388885 4.684489 -0.054101
v 1.385008 4.669749 -0.028568
v 1.422759 4.669749 -0.001632
v 1.423867 4.653138 0.020411
v 1.506046 4.653138 0.044176
v 1.502384 4.653138 0.029898
v 0.884032 4.061756 -0.190877
v 0.981807 4.222987 -0.191112
v 0.989141 4.235425 -0.191180
v 0.840035 4.023465 -0.078211
v 0.712348 3.781909 -0.182765
v 0.735217 3.781909 -0.271945
v 0.727630 3.506433 0.603962
v 0.673243 3.497217 0.511537
v 0.576240 3.467354 0.319052
v 0.613440 3.467354 0.420607
v 0.549410 3.467354 0.214424
v 0.547417 3.497217 0.106364
v 0.540071 3.506433 0.000000
v 0.654219 3.710893 -0.022069
v 0.792690 3.506433 0.689651
v 0.865821 3.513674 0.768907
v 0.882357 3.554365 0.752755
v 0.935119 3.781909 0.619642
v 0.938016 3.787288 0.618164
v 1.022858 3.988535 0.513167
v 1.013396 3.990310 0.525797
v 0.698539 3.781909 -0.091824
v 1.612085 4.640477 0.405624
v 1.619156 4.640477 0.335492
v 1.585654 4.660625 0.330638
v 1.530113 4.250688 0.652589
v 1.563061 4.640477 0.441588
v 1.551203 4.667995 0.327746
v 1.462743 4.236143 0.647161
v 1.517021 4.675366 0.320630
v 1.485503 4.708945 0.306068
v 1.395277 4.229024 0.631216
v 1.475905 4.708945 0.254620
v 1.167724 4.113684 0.576077
v 1.200258 4.090637 0.540542
v 1.199818 4.087739 0.545206
v 1.067526 3.986558 0.569609
v 1.111668 3.988721 0.618019
v 1.198475 4.083780 0.550702
v 1.194865 4.077150 0.558291
v 1.176556 3.948306 0.701879
v 1.111673 3.814412 0.749754
v 1.121338 3.810047 0.759852
v 1.205292 3.979187 0.702611
v 1.224463 4.026797 0.683321
v 1.191965 3.948306 0.714559
v 1.322107 4.223031 0.600759
v 1.333499 4.223857 0.607793
v 1.367491 4.222847 0.623955
v 1.393148 4.222161 0.634940
v 1.450782 4.684489 0.236419
v 1.462579 4.684489 0.183201
v 1.444833 4.669749 0.164076
v 1.461559 4.669749 0.123308
v 1.449943 4.653138 0.104378
v 1.511122 4.653138 0.058035
v 1.122207 4.441670 -0.214756
v 1.013347 4.235425 -0.258801
v 1.128219 4.372491 -0.208115
v 1.173378 4.372491 -0.243085
v 1.219236 4.372492 -0.279357
v 1.235279 4.372491 -0.216693
v 1.246423 4.372492 -0.247862
v 1.262622 4.372492 -0.293860
v 1.257343 4.372492 -0.309050
v 1.251028 4.372492 -0.238624
v 1.264857 4.372492 -0.277803
v 1.262622 4.583739 -0.293860
v 1.249222 4.533957 -0.322792
v 1.246312 4.526423 -0.326007
v 1.238572 4.506073 -0.334556
v 1.327058 4.640477 -0.318367
v 1.213768 4.235425 -0.522773
v 1.163426 4.235425 -0.478203
v 1.360573 4.640477 -0.348039
v 1.461246 4.640477 -0.280301
v 1.421164 4.640477 -0.338895
v 1.434042 4.660625 -0.260593
v 1.405054 4.667995 -0.242179
v 1.378343 4.675366 -0.220164
v 1.357574 4.708945 -0.192809
v 1.371887 4.708945 -0.151015
v 1.358513 4.684489 -0.123395
v 1.395306 4.684489 -0.079140
v 1.388885 4.669749 -0.054101
v 1.423867 4.669749 -0.023675
v 1.422759 4.653138 -0.001632
v 1.500173 4.653138 0.015338
v 1.506046 4.633005 0.044176
v 1.502384 4.633005 0.029898
v 0.870376 4.043380 -0.181056
v 0.861766 4.033322 -0.171248
v 0.983657 4.222986 -0.198329
v 0.990458 4.235425 -0.196314
v 1.007216 4.266078 -0.191348
v 0.587703 3.513674 -0.315655
v 0.561158 3.513674 -0.212141
v 1.022418 3.985638 0.517831
v 1.023384 3.984396 0.521198
v 0.729290 3.497217 0.602878
v 0.660651 3.467354 0.518112
v 0.575319 3.440737 0.319325
v 0.612551 3.440737 0.420967
v 0.548466 3.440737 0.214607
v 0.533208 3.467354 0.107731
v 0.542067 3.497217 0.000000
v 0.545430 3.506433 -0.106555
v 0.545129 3.513674 -0.106583
v 0.648805 3.701396 -0.022949
v 0.663594 3.706119 -0.021971
v 0.661334 3.702112 -0.022801
v 0.656946 3.715537 -0.023239
v 0.666343 3.710893 -0.022069
v 0.794233 3.497217 0.688414
v 0.866035 3.506433 0.768698
v 0.971064 3.718596 0.707014
v 0.970078 3.718603 0.706136
v 0.929286 3.771076 0.622400
v 0.932404 3.747069 0.645803
v 0.951576 3.724702 0.685140
v 0.974823 3.781909 0.662433
v 1.014825 3.988614 0.528788
v 0.667530 3.731811 -0.047712
v 0.666837 3.731080 -0.042293
v 1.648268 4.640477 0.407360
v 1.649084 4.640477 0.336928
v 1.607805 4.640477 0.448071
v 1.593676 4.570081 0.484993
v 1.594397 4.571285 0.484431
v 1.619156 4.660625 0.335492
v 1.568759 4.460765 0.541896
v 1.570457 4.489620 0.526169
v 1.531909 4.250688 0.652849
v 1.584580 4.667995 0.335913
v 1.528443 4.230924 0.663287
v 1.549850 4.675366 0.332103
v 1.517021 4.708945 0.320630
v 1.459702 4.223907 0.653804
v 1.502734 4.708945 0.270327
v 1.475905 4.684489 0.254620
v 1.114920 3.990170 0.619277
v 1.119577 3.993273 0.619238
v 1.061520 3.990211 0.577747
v 1.109056 3.989153 0.620652
v 1.060095 3.990163 0.576253
v 1.153376 4.073323 0.594655
v 1.132964 4.004276 0.615402
v 1.126685 4.008872 0.620978
v 1.246346 4.075780 0.660453
v 1.296925 4.173885 0.618830
v 1.316566 4.209643 0.605682
v 1.351551 4.173247 0.565331
v 1.383520 4.172091 0.573636
v 1.393632 4.171726 0.576263
v 1.482159 4.684489 0.200536
v 1.462579 4.669749 0.183201
v 1.475017 4.669749 0.141034
v 1.461559 4.653138 0.123308
v 1.517565 4.653138 0.071341
v 1.511122 4.633005 0.058035
v 1.117569 4.430393 -0.219879
v 1.117569 4.372491 -0.219879
v 1.160118 4.372491 -0.252780
v 1.206879 4.372492 -0.289770
v 1.249222 4.372492 -0.322792
v 1.257343 4.560073 -0.309050
v 1.238572 4.372492 -0.334556
v 1.225801 4.478244 -0.343890
v 1.209260 4.222986 -0.528139
v 1.158401 4.222986 -0.483112
v 1.396905 4.640477 -0.374360
v 1.279652 4.250688 -0.562307
v 1.117799 4.235425 -0.429028
v 1.221649 4.470578 -0.345778
v 1.490295 4.640477 -0.297309
v 1.456287 4.640477 -0.359459
v 1.461246 4.660625 -0.280301
v 1.430550 4.667995 -0.264751
v 1.401758 4.675366 -0.245399
v 1.378343 4.708945 -0.220164
v 1.387967 4.708945 -0.177222
v 1.371887 4.684489 -0.151015
v 1.404209 4.684489 -0.103443
v 1.395306 4.669749 -0.079140
v 1.427182 4.669749 -0.045505
v 1.423867 4.653138 -0.023675
v 1.499434 4.653138 0.000636
v 1.500173 4.633005 0.015338
v 1.517565 4.633005 0.071341
v 1.525312 4.633005 0.083966
v 1.534288 4.633005 0.095788
v 1.544407 4.633005 0.106695
v 1.555573 4.633005 0.116579
v 1.567676 4.633005 0.125348
v 1.580601 4.633005 0.132915
v 1.594223 4.633005 0.139208
v 1.608411 4.633005 0.144167
v 1.623028 4.633005 0.147744
v 1.637933 4.633005 0.149903
v 1.651249 4.633005 0.150542
v 1.652984 4.633005 0.150626
v 1.654720 4.633005 0.150542
v 1.668035 4.633005 0.149903
v 1.682941 4.633005 0.147744
v 1.697558 4.633005 0.144167
v 1.711746 4.633005 0.139208
v 1.725368 4.633005 0.132915
v 1.738293 4.633005 0.125348
v 1.750396 4.633005 0.116579
v 1.761561 4.633005 0.106695
v 1.771680 4.633005 0.095788
v 1.780657 4.633005 0.083966
v 1.788404 4.633005 0.071341
v 1.794846 4.633005 0.058035
v 1.799923 4.633005 0.044176
v 1.803584 4.633005 0.029898
v 1.805795 4.633005 0.015338
v 1.806535 4.633005 0.000636
v 1.805795 4.633005 -0.014065
v 1.803584 4.633005 -0.028625
v 1.799923 4.633005 -0.042903
v 1.794846 4.633005 -0.056762
v 1.788404 4.633005 -0.070068
v 1.780657 4.633005 -0.082693
v 1.771681 4.633005 -0.094516
v 1.761561 4.633005 -0.105422
v 1.750396 4.633005 -0.115307
v 1.738293 4.633005 -0.124075
v 1.725368 4.633005 -0.131642
v 1.711746 4.633005 -0.137936
v 1.697558 4.633005 -0.142894
v 1.682941 4.633005 -0.146471
v 1.668036 4.633005 -0.148631
v 1.652984 4.633005 -0.149353
v 1.637933 4.633005 -0.148631
v 1.623027 4.633005 -0.146471
v 1.608410 4.633005 -0.142894
v 1.594222 4.633005 -0.137936
v 1.580601 4.633005 -0.131642
v 1.567676 4.633005 -0.124075
v 1.555573 4.633005 -0.115307
v 1.544407 4.633005 -0.105422
v 1.534288 4.633005 -0.094516
v 1.525311 4.633005 -0.082693
v 1.517565 4.633005 -0.070068
v 1.511122 4.633005 -0.056762
v 1.506046 4.633005 -0.042903
v 1.502384 4.633005 -0.028625
v 1.500173 4.633005 -0.014065
v 1.499434 4.633005 0.000636
v 0.766924 3.781909 -0.358506
v 1.006781 4.222986 -0.261458
v 0.674681 3.730857 -0.129796
v 0.674148 3.728628 -0.134808
v 0.587992 3.506433 -0.315569
v 0.561455 3.506433 -0.212083
v 0.624506 3.513674 -0.416129
v 0.658973 3.699079 -0.147787
v 0.661807 3.703660 -0.148943
v 0.717419 3.467354 0.610627
v 0.659802 3.440737 0.518555
v 0.581198 3.417532 0.317583
v 0.618227 3.417532 0.418670
v 0.554492 3.417532 0.213436
v 0.532250 3.440737 0.107823
v 0.527790 3.467354 0.000000
v 0.547417 3.497217 -0.106363
v 0.639779 3.683129 -0.052224
v 0.639620 3.683333 -0.046719
v 0.660929 3.701396 -0.022949
v 0.646326 3.696907 -0.024965
v 0.659547 3.719870 -0.025436
v 0.669070 3.715537 -0.023239
v 0.783197 3.467354 0.697261
v 0.867446 3.497217 0.767319
v 0.946958 3.506433 0.840343
v 0.946766 3.513674 0.840571
v 0.956722 3.718698 0.694240
v 0.986424 3.748504 0.697981
v 0.986358 3.749083 0.697484
v 0.973649 3.718577 0.709317
v 1.004112 3.820336 0.658580
v 1.031040 3.818853 0.683571
v 0.665638 3.729441 -0.037170
v 0.679654 3.731811 -0.047712
v 0.678961 3.731080 -0.042293
v 0.667690 3.731607 -0.053217
v 1.652984 4.640477 0.407586
v 1.652984 4.640477 0.337115
v 1.647775 4.640477 0.449989
v 1.621032 4.605625 0.467653
v 1.636821 4.615307 0.463147
v 1.649084 4.660625 0.336928
v 1.606317 4.590548 0.475144
v 1.618617 4.667995 0.340844
v 1.583671 4.675366 0.340379
v 1.549850 4.708945 0.332103
v 1.526076 4.218634 0.670096
v 1.531010 4.708945 0.283391
v 1.411090 4.221454 0.640774
v 1.454662 4.219736 0.654943
v 1.502734 4.684489 0.270327
v 1.503384 4.684489 0.215912
v 1.125136 3.997440 0.618366
v 1.112133 3.990872 0.622045
v 1.116113 3.994768 0.622548
v 1.098653 3.815130 0.739609
v 1.057805 3.817379 0.708408
v 1.270500 4.124809 0.638956
v 1.224343 4.022089 0.675488
v 1.252490 4.060011 0.651555
v 1.207809 3.981405 0.698200
v 1.482159 4.669749 0.200536
v 1.490190 4.669749 0.157386
v 1.475017 4.653138 0.141034
v 1.525312 4.653138 0.083966
v 1.147761 4.372491 -0.263192
v 1.193619 4.372492 -0.299465
v 1.225801 4.372491 -0.343890
v 1.044559 3.781909 -0.724173
v 0.974822 3.781909 -0.662433
v 1.274731 4.238600 -0.568079
v 1.112306 4.222986 -0.433432
v 1.435703 4.640477 -0.397075
v 1.337745 4.246073 -0.596427
v 1.520912 4.640477 -0.311454
v 1.493303 4.640477 -0.376561
v 1.490295 4.660625 -0.297309
v 1.458187 4.667995 -0.284773
v 1.427592 4.675366 -0.268271
v 1.401758 4.708945 -0.245399
v 1.406600 4.708945 -0.201762
v 1.387967 4.684489 -0.177222
v 1.415507 4.684489 -0.126777
v 1.404209 4.669749 -0.103443
v 1.432672 4.669749 -0.066913
v 1.427182 4.653138 -0.045505
v 1.500173 4.653138 -0.014065
v 1.502384 4.653138 -0.028625
v 1.506046 4.653138 -0.042903
v 1.511122 4.653138 -0.056762
v 1.517565 4.653138 -0.070068
v 1.525311 4.653138 -0.082693
v 1.534288 4.653138 -0.094516
v 1.544407 4.653138 -0.105422
v 1.555573 4.653138 -0.115307
v 1.567676 4.653138 -0.124075
v 1.580601 4.653138 -0.131642
v 1.594222 4.653138 -0.137936
v 1.608410 4.653138 -0.142894
v 1.623027 4.653138 -0.146471
v 1.637933 4.653138 -0.148631
v 1.652984 4.653138 -0.149353
v 1.668036 4.653138 -0.148631
v 1.682941 4.653138 -0.146471
v 1.697558 4.653138 -0.142894
v 1.711746 4.653138 -0.137936
v 1.725368 4.653138 -0.131642
v 1.738293 4.653138 -0.124075
v 1.750396 4.653138 -0.115307
v 1.761561 4.653138 -0.105422
v 1.771681 4.653138 -0.094516
v 1.780657 4.653138 -0.082693
v 1.788404 4.653138 -0.070068
v 1.794846 4.653138 -0.056762
v 1.799923 4.653138 -0.042903
v 1.803584 4.653138 -0.028625
v 1.805795 4.653138 -0.014065
v 1.806535 4.653138 0.000636
v 1.805795 4.653138 0.015338
v 1.803584 4.653138 0.029898
v 1.799923 4.653138 0.044176
v 1.794846 4.653138 0.058035
v 1.788404 4.653138 0.071341
v 1.780657 4.653138 0.083966
v 1.771680 4.653138 0.095788
v 1.761561 4.653138 0.106695
v 1.750396 4.653138 0.116579
v 1.738293 4.653138 0.125348
v 1.725368 4.653138 0.132915
v 1.711746 4.653138 0.139208
v 1.697558 4.653138 0.144167
v 1.682941 4.653138 0.147744
v 1.668035 4.653138 0.149903
v 1.654720 4.653138 0.150542
v 1.652984 4.653138 0.150626
v 1.651249 4.653138 0.150542
v 1.637933 4.653138 0.149903
v 1.623028 4.653138 0.147744
v 1.608411 4.653138 0.144167
v 1.594223 4.653138 0.139208
v 1.580601 4.653138 0.132915
v 1.567676 4.653138 0.125348
v 1.555573 4.653138 0.116579
v 1.544407 4.653138 0.106695
v 1.534288 4.653138 0.095788
v 0.807165 3.781909 -0.441614
v 1.036129 4.222986 -0.322069
v 1.042396 4.235425 -0.318797
v 1.104992 4.397929 -0.236225
v 0.674659 3.732217 -0.124456
v 0.687618 3.720807 -0.132599
v 0.688106 3.723060 -0.127595
v 0.673084 3.725618 -0.139299
v 0.589903 3.497217 -0.315003
v 0.563413 3.497217 -0.211703
v 0.624785 3.506433 -0.416016
v 0.671215 3.513674 -0.512596
v 0.664583 3.708420 -0.149035
v 0.672548 3.691196 -0.145561
v 0.675394 3.695771 -0.146715
v 0.656189 3.694851 -0.145611
v 0.716618 3.440737 0.611149
v 0.665220 3.417532 0.515726
v 0.598678 3.391597 0.312725
v 0.635103 3.391597 0.412165
v 0.572407 3.391597 0.210278
v 0.538364 3.417532 0.107235
v 0.526827 3.440737 0.000000
v 0.533208 3.467354 -0.107730
v 0.647582 3.684393 -0.128895
v 0.649174 3.685807 -0.133978
v 0.640472 3.683861 -0.057643
v 0.651744 3.683333 -0.046719
v 0.651904 3.683129 -0.052224
v 0.640000 3.684464 -0.041339
v 0.658451 3.696907 -0.024965
v 0.644129 3.692823 -0.027943
v 0.661921 3.723726 -0.028576
v 0.671671 3.719870 -0.025436
v 0.782453 3.440737 0.697857
v 0.857351 3.467354 0.777180
v 0.948225 3.497217 0.838835
v 0.994342 3.718430 0.727749
v 0.983497 3.718507 0.718089
v 1.034682 3.506433 0.903894
v 1.034514 3.513674 0.904139
v 0.985991 3.752323 0.694708
v 0.987650 3.745183 0.701580
v 0.994242 3.740674 0.688085
v 0.994181 3.741248 0.687583
v 0.976674 3.718556 0.712011
v 0.986369 3.756494 0.691886
v 0.952669 3.810047 0.614495
v 0.989867 3.818649 0.647229
v 0.980417 3.817530 0.638001
v 0.663978 3.726958 -0.032538
v 0.677762 3.729441 -0.037170
v 0.679814 3.731607 -0.053217
v 0.679434 3.730476 -0.058598
v 0.678530 3.728460 -0.063647
v 0.677135 3.725638 -0.068170
v 0.675304 3.722117 -0.071994
v 0.673107 3.718034 -0.074971
v 0.670629 3.713545 -0.076987
v 0.667964 3.708822 -0.077966
v 0.665215 3.704047 -0.077868
v 0.662488 3.699404 -0.076698
v 0.659887 3.695071 -0.074501
v 0.657513 3.691214 -0.071361
v 0.655456 3.687982 -0.067399
v 0.653796 3.685499 -0.062767
v 0.652597 3.683861 -0.057643
v 0.652124 3.684464 -0.041339
v 0.653028 3.686480 -0.036290
v 0.654423 3.689303 -0.031766
v 0.656254 3.692823 -0.027943
v 0.674045 3.723726 -0.028576
v 0.676102 3.726958 -0.032538
v 0.667310 3.730476 -0.058598
v 1.657700 4.640477 0.407360
v 1.656885 4.640477 0.336928
v 1.648052 4.618124 0.462146
v 1.652984 4.619369 0.461706
v 1.652984 4.640477 0.450239
v 1.652984 4.660625 0.337115
v 1.644855 4.617334 0.462431
v 1.649021 4.667995 0.342303
v 1.606464 4.590771 0.475030
v 1.593676 4.372492 0.484993
v 1.606464 4.372491 0.475030
v 1.583160 4.545349 0.497160
v 1.618160 4.675366 0.345376
v 1.568759 4.372491 0.541896
v 1.570457 4.372492 0.526169
v 1.575320 4.518181 0.511064
v 1.532273 4.250688 0.652902
v 1.569687 4.443766 0.551441
v 1.583671 4.708945 0.340379
v 1.560460 4.708945 0.293684
v 1.458604 4.219581 0.656225
v 1.498197 4.217548 0.665265
v 1.593760 4.214962 0.679934
v 1.595439 4.225602 0.673026
v 1.531010 4.684489 0.283391
v 1.435713 4.170205 0.587195
v 1.477793 4.168684 0.598127
v 1.526049 4.684489 0.229182
v 1.503384 4.669749 0.215912
v 1.120672 4.000063 0.622480
v 1.200884 3.781909 0.826203
v 1.236427 3.948306 0.745845
v 1.129587 3.803762 0.770483
v 1.134433 3.800071 0.776255
v 0.990128 3.818680 0.647483
v 1.087779 3.783266 0.754513
v 1.091968 3.783588 0.757317
v 1.044560 3.781909 0.724173
v 1.057403 3.817401 0.708035
v 1.282886 4.097851 0.622132
v 1.242844 3.978346 0.731338
v 1.249532 3.980711 0.722052
v 1.127979 3.804988 0.768251
v 1.341739 4.162994 0.572948
v 1.315532 4.135610 0.593293
v 1.506931 4.669749 0.172207
v 1.490190 4.653138 0.157386
v 1.104992 4.372491 -0.236225
v 1.133697 4.372491 -0.275725
v 1.179965 4.372492 -0.308070
v 1.211401 4.451174 -0.350436
v 1.211400 4.372491 -0.350436
v 0.946766 3.513674 -0.840571
v 0.865820 3.513674 -0.768907
v 1.120155 3.781909 -0.778939
v 0.911617 3.781909 -0.594313
v 1.071417 4.222986 -0.379578
v 1.077326 4.235425 -0.375722
v 1.476593 4.640477 -0.415967
v 1.398972 4.241209 -0.624803
v 1.552800 4.640477 -0.322599
v 1.531858 4.640477 -0.390036
v 1.520912 4.660625 -0.311454
v 1.487700 4.667995 -0.302052
v 1.455597 4.675366 -0.288559
v 1.427592 4.708945 -0.268271
v 1.427606 4.708945 -0.224401
v 1.406600 4.684489 -0.201762
v 1.429092 4.684489 -0.148917
v 1.415507 4.669749 -0.126777
v 1.440284 4.669749 -0.087692
v 1.432672 4.653138 -0.066913
v 1.440284 4.653138 -0.087692
v 1.449943 4.653138 -0.107642
v 1.461559 4.653138 -0.126572
v 1.475017 4.653138 -0.144298
v 1.490190 4.653138 -0.160650
v 1.506930 4.653138 -0.175471
v 1.525077 4.653138 -0.188618
v 1.544456 4.653138 -0.199963
v 1.564880 4.653138 -0.209399
v 1.586152 4.653138 -0.216834
v 1.608068 4.653138 -0.222197
v 1.630417 4.653138 -0.225435
v 1.652984 4.653138 -0.226518
v 1.675552 4.653138 -0.225435
v 1.697900 4.653138 -0.222197
v 1.719816 4.653138 -0.216834
v 1.741089 4.653138 -0.209399
v 1.761513 4.653138 -0.199963
v 1.780891 4.653138 -0.188618
v 1.799038 4.653138 -0.175471
v 1.815779 4.653138 -0.160650
v 1.830951 4.653138 -0.144298
v 1.844410 4.653138 -0.126572
v 1.856025 4.653138 -0.107642
v 1.865685 4.653138 -0.087692
v 1.873296 4.653138 -0.066913
v 1.878786 4.653138 -0.045505
v 1.882101 4.653138 -0.023675
v 1.883210 4.653138 -0.001632
v 1.882101 4.653138 0.020411
v 1.878786 4.653138 0.042241
v 1.873296 4.653138 0.063649
v 1.865685 4.653138 0.084428
v 1.856025 4.653138 0.104378
v 1.844410 4.653138 0.123308
v 1.830951 4.653138 0.141034
v 1.815778 4.653138 0.157386
v 1.799038 4.653138 0.172207
v 1.780891 4.653138 0.185354
v 1.761512 4.653138 0.196700
v 1.741088 4.653138 0.206135
v 1.719816 4.653138 0.213570
v 1.697900 4.653138 0.218933
v 1.675551 4.653138 0.222171
v 1.655587 4.653138 0.223129
v 1.652984 4.653138 0.223254
v 1.650382 4.653138 0.223129
v 1.630418 4.653138 0.222171
v 1.608069 4.653138 0.218933
v 1.586153 4.653138 0.213570
v 1.564880 4.653138 0.206135
v 1.544456 4.653138 0.196700
v 1.525078 4.653138 0.185354
v 1.506931 4.653138 0.172207
v 0.855551 3.781909 -0.520470
v 1.098291 4.372491 -0.255547
v 1.111457 4.372491 -0.282739
v 1.098791 4.376040 -0.251954
v 0.674085 3.732658 -0.118993
v 0.686592 3.717774 -0.137084
v 0.688038 3.724448 -0.122263
v 0.671527 3.721941 -0.143096
v 0.576240 3.467354 -0.319051
v 0.549410 3.467354 -0.214423
v 0.626630 3.497217 -0.415270
v 0.671481 3.506433 -0.512457
v 0.727378 3.513674 -0.604126
v 0.667193 3.713174 -0.148060
v 0.678172 3.700529 -0.146807
v 0.669743 3.686979 -0.143389
v 0.653562 3.691138 -0.142499
v 0.721727 3.417532 0.607815
v 0.681330 3.391597 0.507637
v 0.648888 3.351814 0.297525
v 0.683577 3.351814 0.392229
v 0.623868 3.351814 0.199957
v 0.556543 3.391597 0.105808
v 0.532971 3.417532 0.000000
v 0.532250 3.440737 -0.107823
v 0.651193 3.688084 -0.138571
v 0.660985 3.676609 -0.126698
v 0.662623 3.677997 -0.131773
v 0.646477 3.683896 -0.123519
v 0.641672 3.685499 -0.062767
v 0.640904 3.686480 -0.036290
v 0.642298 3.689303 -0.031766
v 0.787202 3.417532 0.694051
v 0.856670 3.440737 0.777845
v 0.939168 3.467354 0.849615
v 1.035791 3.497217 0.902272
v 0.980008 3.718532 0.714981
v 0.999132 3.739046 0.716389
v 0.995476 3.739358 0.712916
v 0.997811 3.718405 0.730839
v 1.072261 3.717873 0.788942
v 1.060380 3.717958 0.780275
v 1.128359 3.506433 0.958740
v 1.128217 3.513674 0.959001
v 0.989622 3.742486 0.705366
v 0.995469 3.737352 0.691683
v 0.987541 3.760855 0.689624
v 0.666405 3.728460 -0.063647
v 1.658194 4.640477 0.449989
v 1.653224 4.619387 0.461685
v 1.657916 4.618110 0.462153
v 1.656885 4.660625 0.336928
v 1.693884 4.640477 0.405624
v 1.686812 4.640477 0.335492
v 1.652984 4.667995 0.342493
v 1.636821 4.372492 0.463147
v 1.653224 4.372492 0.461685
v 1.621032 4.372492 0.467653
v 1.648969 4.675366 0.346854
v 1.583160 4.372492 0.497160
v 1.618160 4.708945 0.345376
v 1.575320 4.372492 0.511064
v 1.625089 4.372492 0.531223
v 1.623323 4.372492 0.547554
v 1.590802 4.708945 0.301108
v 1.532546 4.250688 0.652930
v 1.560460 4.684489 0.293684
v 1.525587 4.216142 0.671518
v 1.549937 4.684489 0.240219
v 1.526049 4.669749 0.229182
v 1.525078 4.669749 0.185354
v 1.056061 3.817475 0.706790
v 1.056507 3.817451 0.707204
v 1.056952 3.817426 0.707617
v 1.120156 3.781909 0.778939
v 1.098791 4.372491 -0.251954
v 1.122336 4.372492 -0.287635
v 1.164901 4.372492 -0.316156
v 0.946957 3.506433 -0.840342
v 0.866034 3.506433 -0.768698
v 1.034512 3.513674 -0.904139
v 0.792455 3.513674 -0.689838
v 1.333421 4.233938 -0.602549
v 1.158582 4.372492 -0.354492
v 1.158761 4.372668 -0.354562
v 1.195924 4.425641 -0.353943
v 1.585654 4.640477 -0.330638
v 1.571579 4.640477 -0.399755
v 1.552800 4.660625 -0.322599
v 1.518805 4.667995 -0.316423
v 1.485502 4.675366 -0.306068
v 1.455597 4.708945 -0.288559
v 1.450782 4.708945 -0.244920
v 1.427606 4.684489 -0.224401
v 1.444833 4.684489 -0.169650
v 1.429092 4.669749 -0.148917
v 1.449943 4.669749 -0.107642
v 1.461559 4.669749 -0.126572
v 1.475017 4.669749 -0.144298
v 1.490190 4.669749 -0.160650
v 1.506930 4.669749 -0.175471
v 1.525077 4.669749 -0.188618
v 1.544456 4.669749 -0.199963
v 1.564880 4.669749 -0.209399
v 1.586152 4.669749 -0.216834
v 1.608068 4.669749 -0.222197
v 1.630417 4.669749 -0.225435
v 1.652984 4.669749 -0.226518
v 1.675552 4.669749 -0.225435
v 1.697900 4.669749 -0.222197
v 1.719816 4.669749 -0.216834
v 1.741089 4.669749 -0.209399
v 1.761513 4.669749 -0.199963
v 1.780891 4.669749 -0.188618
v 1.799038 4.669749 -0.175471
v 1.815779 4.669749 -0.160650
v 1.830951 4.669749 -0.144298
v 1.844410 4.669749 -0.126572
v 1.856025 4.669749 -0.107642
v 1.865685 4.669749 -0.087692
v 1.873296 4.669749 -0.066913
v 1.878786 4.669749 -0.045505
v 1.882101 4.669749 -0.023675
v 1.883210 4.669749 -0.001632
v 1.882101 4.669749 0.020411
v 1.878786 4.669749 0.042241
v 1.873296 4.669749 0.063649
v 1.865685 4.669749 0.084428
v 1.856025 4.669749 0.104378
v 1.844410 4.669749 0.123308
v 1.830951 4.669749 0.141034
v 1.815778 4.669749 0.157386
v 1.799038 4.669749 0.172207
v 1.780891 4.669749 0.185354
v 1.761512 4.669749 0.196700
v 1.741088 4.669749 0.206135
v 1.719816 4.669749 0.213570
v 1.697900 4.669749 0.218933
v 1.675551 4.669749 0.222171
v 1.655587 4.669749 0.223129
v 1.652984 4.669749 0.223254
v 1.650382 4.669749 0.223129
v 1.630418 4.669749 0.222171
v 1.608069 4.669749 0.218933
v 1.586153 4.669749 0.213570
v 1.564880 4.669749 0.206135
v 1.544456 4.669749 0.196700
v 1.118106 4.372491 -0.293575
v 1.138530 4.372492 -0.326862
v 0.672981 3.732162 -0.113617
v 0.687416 3.724917 -0.116808
v 0.685068 3.714078 -0.140876
v 0.669538 3.717739 -0.146054
v 0.575319 3.440737 -0.319324
v 0.548466 3.440737 -0.214607
v 0.613440 3.467354 -0.420607
v 0.673242 3.497217 -0.511537
v 0.727629 3.506433 -0.603962
v 0.680775 3.705287 -0.145833
v 0.667088 3.683283 -0.140282
v 0.736915 3.391597 0.598224
v 0.727603 3.351814 0.483155
v 0.774518 3.311028 0.260300
v 0.804868 3.311028 0.343154
v 0.752629 3.311028 0.174938
v 0.608759 3.351814 0.100462
v 0.551237 3.391597 0.000323
v 0.538364 3.417532 -0.107234
v 0.664684 3.680251 -0.136359
v 0.659833 3.676141 -0.121330
v 0.659211 3.676609 -0.115875
v 0.659143 3.677997 -0.110543
v 0.659631 3.680251 -0.105538
v 0.660657 3.683283 -0.101054
v 0.662181 3.686979 -0.097261
v 0.664145 3.691196 -0.094307
v 0.666474 3.695771 -0.092304
v 0.669077 3.700529 -0.091330
v 0.671855 3.705287 -0.091422
v 0.674701 3.709862 -0.092577
v 0.677506 3.714078 -0.094749
v 0.680161 3.717774 -0.097856
v 0.682565 3.720807 -0.101778
v 0.684626 3.723060 -0.106365
v 0.686264 3.724448 -0.111440
v 0.683104 3.709862 -0.143830
v 0.645903 3.684337 -0.118057
v 0.651107 3.698976 -0.096388
v 0.643332 3.687982 -0.067399
v 0.801322 3.391597 0.683053
v 0.861014 3.417532 0.773602
v 0.938557 3.440737 0.850342
v 1.027859 3.467354 0.913868
v 1.129301 3.497217 0.957020
v 1.003094 3.739595 0.719481
v 0.992264 3.740520 0.709193
v 1.007261 3.730905 0.706101
v 1.003486 3.731336 0.702777
v 1.001198 3.718381 0.733856
v 1.056618 3.717985 0.777531
v 1.076118 3.738737 0.777172
v 1.072235 3.739275 0.773983
v 1.075994 3.717846 0.791665
v 1.157325 3.506433 0.972122
v 1.157190 3.513674 0.972386
v 0.997474 3.734622 0.695427
v 0.993841 3.744461 0.684772
v 0.994282 3.748569 0.681870
v 0.989464 3.765240 0.688008
v 0.995546 3.752838 0.679491
v 0.662334 3.718605 -0.095308
v 0.665011 3.725638 -0.068170
v 1.661123 4.617255 0.462474
v 1.656947 4.667995 0.342303
v 1.686812 4.660625 0.335492
v 1.685351 4.604959 0.467995
v 1.698164 4.640477 0.448071
v 1.669611 4.614946 0.463322
v 1.734389 4.640477 0.399755
v 1.720314 4.640477 0.330638
v 1.652984 4.675366 0.347047
v 1.647308 4.372492 0.467416
v 1.648969 4.708945 0.346854
v 1.636350 4.372492 0.487174
v 1.631730 4.372492 0.500442
v 1.621742 4.708945 0.305591
v 1.570290 4.432509 0.557641
v 1.570290 4.372491 0.557641
v 1.627928 4.372492 0.515315
v 1.682270 4.372491 0.536893
v 1.680504 4.372491 0.553224
v 1.622698 4.372492 0.563681
v 1.590802 4.684489 0.301108
v 1.533710 4.250688 0.653048
v 1.574818 4.684489 0.248915
v 1.541714 4.215130 0.673704
v 1.549411 4.196310 0.653277
v 1.519873 4.167163 0.609059
v 1.561954 4.165642 0.619991
v 1.652984 4.215387 0.681559
v 1.652984 4.220828 0.678210
v 1.596187 4.250688 0.659423
v 1.535993 4.250688 0.653281
v 1.574450 4.213254 0.679597
v 1.652984 4.212355 0.683453
v 1.549937 4.669749 0.240219
v 1.438722 4.096789 0.657444
v 1.465577 4.096371 0.663893
v 1.411866 4.097207 0.650995
v 1.055636 3.817498 0.706395
v 1.095847 3.783053 0.760510
v 1.096988 3.774043 0.742857
v 1.101089 3.774453 0.745772
v 1.083442 3.782100 0.752204
v 1.322859 4.038962 0.687389
v 1.305252 4.019359 0.702417
v 1.292698 3.999574 0.718052
v 1.341901 4.058542 0.672706
v 1.318666 3.998684 0.725295
v 1.385010 4.097625 0.644546
v 1.405413 4.097307 0.649445
v 1.148626 4.372492 -0.323633
v 1.195924 4.372492 -0.353943
v 0.948224 3.497217 -0.838835
v 0.867446 3.497217 -0.767319
v 1.034680 3.506433 -0.903894
v 0.792689 3.506433 -0.689651
v 1.128215 3.513674 -0.959001
v 1.200883 3.781909 -0.826203
v 1.395276 4.229024 -0.631216
v 1.175509 4.393767 -0.356879
v 1.158761 4.372492 -0.354562
v 1.157363 4.372492 -0.352886
v 1.462742 4.236143 -0.647161
v 1.519182 4.640477 -0.430852
v 1.619155 4.640477 -0.335492
v 1.612084 4.640477 -0.405624
v 1.585654 4.660625 -0.330638
v 1.551202 4.667995 -0.327746
v 1.517021 4.675366 -0.320630
v 1.485502 4.708945 -0.306068
v 1.475905 4.708945 -0.263120
v 1.450782 4.684489 -0.244920
v 1.462579 4.684489 -0.188776
v 1.444833 4.669749 -0.169650
v 1.462579 4.669749 -0.188776
v 1.482159 4.669749 -0.206110
v 1.503384 4.669749 -0.221486
v 1.526049 4.669749 -0.234757
v 1.549937 4.669749 -0.245793
v 1.574817 4.669749 -0.254489
v 1.600451 4.669749 -0.260761
v 1.626590 4.669749 -0.264548
v 1.652984 4.669749 -0.265815
v 1.679379 4.669749 -0.264548
v 1.705518 4.669749 -0.260761
v 1.731151 4.669749 -0.254489
v 1.756032 4.669749 -0.245793
v 1.779919 4.669749 -0.234757
v 1.802585 4.669749 -0.221486
v 1.823810 4.669749 -0.206110
v 1.843389 4.669749 -0.188776
v 1.861135 4.669749 -0.169650
v 1.876877 4.669749 -0.148917
v 1.890462 4.669749 -0.126777
v 1.901760 4.669749 -0.103443
v 1.910662 4.669749 -0.079140
v 1.917083 4.669749 -0.054101
v 1.920960 4.669749 -0.028568
v 1.922257 4.669749 -0.002787
v 1.920960 4.669749 0.022994
v 1.917083 4.669749 0.048527
v 1.910662 4.669749 0.073566
v 1.901760 4.669749 0.097869
v 1.890462 4.669749 0.121203
v 1.876877 4.669749 0.143343
v 1.861135 4.669749 0.164076
v 1.843389 4.669749 0.183201
v 1.823810 4.669749 0.200536
v 1.802585 4.669749 0.215912
v 1.779919 4.669749 0.229182
v 1.756031 4.669749 0.240219
v 1.731151 4.669749 0.248915
v 1.705517 4.669749 0.255187
v 1.679378 4.669749 0.258974
v 1.656028 4.669749 0.260094
v 1.652984 4.669749 0.260240
v 1.649940 4.669749 0.260094
v 1.626590 4.669749 0.258974
v 1.600451 4.669749 0.255187
v 1.574818 4.669749 0.248915
v 1.142436 4.372493 -0.333225
v 0.671389 3.730747 -0.108535
v 0.581198 3.417532 -0.317582
v 0.554491 3.417532 -0.213436
v 0.612550 3.440737 -0.420967
v 0.660651 3.467354 -0.518111
v 0.729289 3.497217 -0.602878
v 0.780541 3.351814 0.569428
v 0.843385 3.311028 0.422704
v 0.978336 3.270242 0.199906
v 1.001644 3.270242 0.263537
v 0.961526 3.270242 0.134350
v 0.739410 3.311028 0.087893
v 0.603706 3.351814 0.000000
v 0.556543 3.391597 -0.105163
v 0.645882 3.685697 -0.112717
v 0.651025 3.698815 -0.096458
v 0.645388 3.691214 -0.071361
v 0.841881 3.351814 0.650217
v 0.873931 3.391597 0.761307
v 0.942454 3.417532 0.845703
v 1.027324 3.440737 0.914650
v 1.122570 3.467354 0.969319
v 1.158214 3.497217 0.970378
v 1.007208 3.740984 0.722072
v 1.000181 3.732591 0.699173
v 1.011362 3.731315 0.709017
v 1.004340 3.718358 0.736655
v 1.053056 3.718010 0.774933
v 1.068806 3.740655 0.770536
v 1.080304 3.739060 0.779979
v 1.079676 3.717820 0.794350
v 1.225845 3.781909 0.837735
v 1.227090 3.506433 1.004353
v 1.226974 3.513674 1.004626
v 0.992064 3.769480 0.687101
v 0.997587 3.757105 0.677727
v 0.664374 3.721703 -0.096902
v 0.663180 3.722117 -0.071994
v 1.669611 4.372491 0.463322
v 1.657000 4.675366 0.346854
v 1.687352 4.667995 0.340844
v 1.720314 4.660625 0.330638
v 1.699668 4.590008 0.475437
v 1.685351 4.372492 0.467995
v 1.774110 4.640477 0.390036
v 1.753168 4.640477 0.322599
v 1.652984 4.708945 0.347047
v 1.649382 4.708945 0.306917
v 1.641610 4.372492 0.476023
v 1.680673 4.372492 0.491573
v 1.682356 4.372492 0.505464
v 1.621742 4.684489 0.305591
v 1.574991 4.405592 0.572797
v 1.574991 4.372492 0.572797
v 1.682895 4.372492 0.520766
v 1.736832 4.372491 0.542790
v 1.735134 4.372491 0.558517
v 1.677665 4.372491 0.569132
v 1.623227 4.372492 0.580770
v 1.600451 4.684489 0.255187
v 1.598604 4.250688 0.659539
v 1.599817 4.372492 0.593379
v 1.582523 4.372491 0.591614
v 1.492433 4.095953 0.670342
v 1.439867 4.096698 0.654075
v 1.466723 4.096280 0.660524
v 1.413012 4.097116 0.647626
v 1.011048 3.783321 0.693409
v 1.015013 3.783866 0.696497
v 1.018668 3.783556 0.699973
v 1.104864 3.774022 0.749096
v 1.092719 3.772808 0.740461
v 1.083021 3.781909 0.752036
v 1.362379 4.078100 0.658367
v 1.306398 4.019268 0.699048
v 1.324005 4.038871 0.684020
v 1.293844 3.999483 0.714683
v 1.343047 4.058451 0.669337
v 1.319811 3.998593 0.721926
v 1.262110 3.980491 0.727850
v 1.270638 3.977010 0.746289
v 1.264048 3.948306 0.759743
v 1.326879 3.998403 0.727586
v 1.328025 3.998312 0.724217
v 2.383506 3.753301 0.629886
v 2.371659 3.730854 0.661396
v 2.513513 3.513674 0.689838
v 1.152068 3.781909 0.797623
v 1.098701 3.781909 0.763396
v 1.378845 4.092306 0.648311
v 1.386156 4.097534 0.641177
v 1.406559 4.097216 0.646077
v 1.175509 4.372491 -0.356879
v 0.939167 3.467354 -0.849615
v 0.857350 3.467354 -0.777180
v 1.035790 3.497217 -0.902272
v 0.794233 3.497217 -0.688414
v 1.128358 3.506433 -0.958740
v 1.226972 3.513674 -1.004626
v 1.285964 3.781909 -0.865511
v 1.459700 4.223907 -0.653804
v 1.528441 4.230924 -0.663288
v 1.563060 4.640477 -0.441588
v 1.607804 4.640477 -0.448071
v 1.606299 4.590007 -0.475438
v 1.606128 4.589798 -0.475527
v 1.652984 4.640477 -0.337115
v 1.652984 4.640477 -0.407587
v 1.619155 4.660625 -0.335492
v 1.584579 4.667995 -0.335913
v 1.549849 4.675366 -0.332103
v 1.517021 4.708945 -0.320630
v 1.502734 4.708945 -0.278828
v 1.475905 4.684489 -0.263120
v 1.482159 4.684489 -0.206110
v 1.503384 4.684489 -0.221486
v 1.526049 4.684489 -0.234757
v 1.549937 4.684489 -0.245793
v 1.574817 4.684489 -0.254489
v 1.600451 4.684489 -0.260761
v 1.626590 4.684489 -0.264548
v 1.652984 4.684489 -0.265815
v 1.679379 4.684489 -0.264548
v 1.705518 4.684489 -0.260761
v 1.731151 4.684489 -0.254489
v 1.756032 4.684489 -0.245793
v 1.779919 4.684489 -0.234757
v 1.802585 4.684489 -0.221486
v 1.823810 4.684489 -0.206110
v 1.843389 4.684489 -0.188776
v 1.861135 4.684489 -0.169650
v 1.876877 4.684489 -0.148917
v 1.890462 4.684489 -0.126777
v 1.901760 4.684489 -0.103443
v 1.910662 4.684489 -0.079140
v 1.917083 4.684489 -0.054101
v 1.920960 4.684489 -0.028568
v 1.922257 4.684489 -0.002787
v 1.920960 4.684489 0.022994
v 1.917083 4.684489 0.048527
v 1.910662 4.684489 0.073566
v 1.901760 4.684489 0.097869
v 1.890462 4.684489 0.121203
v 1.876877 4.684489 0.143343
v 1.861135 4.684489 0.164076
v 1.843389 4.684489 0.183201
v 1.823810 4.684489 0.200536
v 1.802585 4.684489 0.215912
v 1.779919 4.684489 0.229182
v 1.756031 4.684489 0.240219
v 1.731151 4.684489 0.248915
v 1.705517 4.684489 0.255187
v 1.679378 4.684489 0.258974
v 1.656028 4.684489 0.260094
v 1.652984 4.684489 0.260240
v 1.649940 4.684489 0.260094
v 1.626590 4.684489 0.258974
v 0.669369 3.728470 -0.103942
v 0.598678 3.391597 -0.312080
v 0.572407 3.391597 -0.209633
v 0.618226 3.417532 -0.418670
v 0.659802 3.440737 -0.518555
v 0.717418 3.467354 -0.610627
v 0.889699 3.311028 0.498182
v 1.031225 3.270242 0.324629
v 1.224744 3.232503 0.126892
v 1.239539 3.232503 0.167283
v 1.214073 3.232503 0.085280
v 0.951374 3.270242 0.067500
v 0.734990 3.311028 0.000000
v 0.608759 3.351814 -0.100462
v 0.646414 3.687926 -0.107705
v 0.649036 3.694613 -0.099416
v 0.653498 3.703306 -0.094432
v 0.647763 3.695071 -0.074501
v 0.911032 3.351814 0.724744
v 0.943364 3.311028 0.568863
v 0.954043 3.391597 0.832233
v 1.030737 3.417532 0.909660
v 1.122117 3.440737 0.970149
v 1.151856 3.467354 0.982849
v 1.227854 3.497217 1.002551
v 1.015630 3.732549 0.711412
v 1.011317 3.743161 0.724063
v 1.007097 3.718338 0.739110
v 1.049859 3.718033 0.772601
v 1.065963 3.742822 0.766963
v 1.080371 3.731127 0.763686
v 1.077066 3.732382 0.760082
v 1.084634 3.740234 0.782297
v 1.084146 3.730696 0.767009
v 1.088247 3.731106 0.769925
v 1.083127 3.717795 0.796868
v 1.131315 3.717451 0.827607
v 1.152827 3.735845 0.828178
v 1.155321 3.778558 0.801717
v 1.099648 3.717677 0.808919
v 1.090665 3.717741 0.802366
v 1.285966 3.781909 0.865511
v 1.329922 3.506433 1.040294
v 1.329834 3.513674 1.040577
v 0.995240 3.773412 0.686938
v 0.667001 3.725416 -0.100014
v 0.661639 3.717447 -0.094718
v 0.660983 3.718034 -0.074971
v 1.657000 4.708945 0.346854
v 1.687809 4.675366 0.345376
v 1.721388 4.667995 0.335913
v 1.753168 4.660625 0.322599
v 1.699840 4.589811 0.475526
v 1.722908 4.543982 0.497903
v 1.742908 4.640477 0.441588
v 1.712522 4.568880 0.485625
v 1.711800 4.570107 0.485050
v 1.812665 4.640477 0.376561
v 1.785056 4.640477 0.311454
v 1.652984 4.708945 0.307090
v 1.674176 4.372491 0.470089
v 1.649382 4.684489 0.306917
v 1.677911 4.372491 0.479629
v 1.722908 4.372491 0.497903
v 1.730599 4.372491 0.511889
v 1.735301 4.372491 0.527045
v 1.730271 4.372491 0.573622
v 1.673843 4.372491 0.587579
v 1.652614 4.250688 0.661971
v 1.613969 4.372492 0.594058
v 1.583791 4.194900 0.660193
v 1.519289 4.095535 0.676791
v 1.493579 4.095862 0.666973
v 1.463215 4.090823 0.665021
v 1.435789 4.091249 0.658435
v 1.408382 4.091733 0.651799
v 1.006925 3.781940 0.690829
v 1.020103 3.774252 0.681948
v 1.024204 3.774662 0.684864
v 1.108169 3.772766 0.752700
v 1.099268 3.781680 0.763966
v 1.079134 3.780123 0.750466
v 1.088447 3.770796 0.738678
v 1.363525 4.078009 0.654999
v 1.335741 4.018360 0.706532
v 1.379991 4.092215 0.644942
v 1.401559 4.091848 0.650151
v 0.938556 3.440737 -0.850342
v 0.856669 3.440737 -0.777845
v 1.027858 3.467354 -0.913868
v 0.783196 3.467354 -0.697261
v 1.129299 3.497217 -0.957020
v 1.227088 3.506433 -1.004353
v 1.329832 3.513674 -1.040577
v 1.374580 3.781909 -0.896483
v 1.526074 4.218634 -0.670096
v 1.570668 4.486482 -0.527046
v 1.569136 4.457569 -0.542790
v 1.612576 4.596083 -0.472176
v 1.652984 4.640477 -0.450240
v 1.636358 4.614667 -0.463322
v 1.620618 4.604572 -0.467996
v 1.693885 4.640477 -0.405624
v 1.686813 4.640477 -0.335492
v 1.652984 4.660625 -0.337115
v 1.618616 4.667995 -0.340844
v 1.583670 4.675366 -0.340379
v 1.549849 4.708945 -0.332103
v 1.531009 4.708945 -0.291891
v 1.502734 4.684489 -0.278828
v 1.531009 4.684489 -0.291891
v 1.560460 4.684489 -0.302184
v 1.590801 4.684489 -0.309609
v 1.621741 4.684489 -0.314092
v 1.652984 4.684489 -0.315591
v 1.684227 4.684489 -0.314092
v 1.715167 4.684489 -0.309609
v 1.745509 4.684489 -0.302184
v 1.774959 4.684489 -0.291891
v 1.803235 4.684489 -0.278828
v 1.830064 4.684489 -0.263120
v 1.855187 4.684489 -0.244920
v 1.878363 4.684489 -0.224401
v 1.899368 4.684489 -0.201762
v 1.918001 4.684489 -0.177222
v 1.934082 4.684489 -0.151015
v 1.947455 4.684489 -0.123395
v 1.957993 4.684489 -0.094628
v 1.965593 4.684489 -0.064990
v 1.970182 4.684489 -0.034767
v 1.971717 4.684489 -0.004250
v 1.970182 4.684489 0.026266
v 1.965593 4.684489 0.056489
v 1.957992 4.684489 0.086127
v 1.947455 4.684489 0.114894
v 1.934082 4.684489 0.142514
v 1.918001 4.684489 0.168721
v 1.899368 4.684489 0.193262
v 1.878363 4.684489 0.215900
v 1.855187 4.684489 0.236419
v 1.830063 4.684489 0.254620
v 1.803234 4.684489 0.270327
v 1.774959 4.684489 0.283391
v 1.745508 4.684489 0.293684
v 1.715167 4.684489 0.301108
v 1.684226 4.684489 0.305591
v 1.656587 4.684489 0.306917
v 1.652984 4.684489 0.307090
v 0.648887 3.351814 -0.297525
v 0.623868 3.351814 -0.199956
v 0.635103 3.391597 -0.411519
v 0.665220 3.417532 -0.515726
v 0.716618 3.440737 -0.611149
v 1.066794 3.270242 0.382596
v 1.258315 3.232503 0.206062
v 1.435021 3.214812 0.064585
v 1.442551 3.214812 0.085143
v 1.429589 3.214812 0.043405
v 1.207629 3.232503 0.042846
v 0.947979 3.270242 0.000000
v 0.739410 3.311028 -0.087892
v 0.647479 3.690936 -0.103214
v 0.656162 3.708028 -0.093448
v 0.650363 3.699404 -0.076698
v 0.987328 3.351814 0.792292
v 1.003863 3.311028 0.634066
v 1.108007 3.270242 0.436878
v 1.040886 3.391597 0.895147
v 1.125013 3.417532 0.964856
v 1.151427 3.440737 0.983690
v 1.222390 3.467354 1.015436
v 1.330501 3.497217 1.038428
v 1.019903 3.734561 0.713195
v 1.015262 3.746040 0.725377
v 1.009354 3.718322 0.741121
v 1.021346 3.718237 0.751803
v 1.063814 3.745696 0.763401
v 1.074359 3.734414 0.756336
v 1.092516 3.732340 0.772321
v 1.088942 3.742212 0.784036
v 1.086188 3.717773 0.799100
v 1.088731 3.717755 0.800956
v 1.100112 3.752076 0.785243
v 1.102775 3.756252 0.784257
v 1.312049 3.948306 0.782436
v 1.374582 3.781909 0.896483
v 1.435865 3.506433 1.066216
v 1.435806 3.513674 1.066506
v 0.998870 3.776884 0.687525
v 1.000325 3.761206 0.676645
v 1.003655 3.764984 0.676287
v 0.658911 3.712803 -0.093544
v 0.658504 3.713545 -0.076987
v 1.656587 4.708945 0.306917
v 1.687809 4.708945 0.345376
v 1.722298 4.675366 0.340379
v 1.754766 4.667995 0.327746
v 1.785056 4.660625 0.311454
v 1.699840 4.372491 0.475526
v 1.730599 4.516703 0.511889
v 1.712522 4.372491 0.485625
v 1.786785 4.640477 0.430852
v 1.841195 4.250688 0.639380
v 1.905153 4.250688 0.619845
v 1.829375 4.640477 0.415967
v 1.775855 4.250688 0.652589
v 1.849681 4.640477 0.359459
v 1.815673 4.640477 0.297309
v 1.735301 4.488092 0.527045
v 1.736832 4.459250 0.542790
v 1.735134 4.431004 0.558517
v 1.735985 4.445298 0.550636
v 1.730271 4.404211 0.573622
v 1.717738 4.372491 0.592197
v 1.722821 4.372491 0.591678
v 1.624509 4.372492 0.594532
v 1.651102 4.372492 0.595730
v 1.654867 4.372492 0.595730
v 1.671674 4.372491 0.594973
v 1.604035 4.164121 0.630923
v 1.652984 4.250688 0.661989
v 1.712209 4.214962 0.679934
v 1.710529 4.225602 0.673026
v 1.703894 4.250688 0.659696
v 1.653355 4.250688 0.661971
v 1.652984 4.193853 0.660193
v 1.731519 4.213254 0.679597
v 1.722177 4.194900 0.660193
v 1.546144 4.095117 0.683240
v 1.520434 4.095444 0.673422
v 1.490641 4.090396 0.671607
v 1.453845 4.076247 0.677033
v 1.424896 4.076698 0.670081
v 1.396014 4.077355 0.662944
v 1.021872 3.782401 0.703704
v 1.015834 3.773017 0.679552
v 1.002816 3.779764 0.688839
v 1.027979 3.774230 0.688187
v 1.110876 3.770735 0.756446
v 1.102112 3.779512 0.767539
v 1.075015 3.777417 0.749371
v 1.084334 3.768084 0.737575
v 1.370374 4.057800 0.676118
v 1.388207 4.077512 0.661035
v 1.352885 4.038083 0.691284
v 1.345022 4.018073 0.708899
v 1.315993 3.973466 0.769874
v 1.323200 3.972873 0.772414
v 1.315571 3.976360 0.745931
v 1.363863 3.996788 0.737474
v 1.365009 3.996696 0.734106
v 0.942453 3.417532 -0.845703
v 0.861014 3.417532 -0.773602
v 1.027323 3.440737 -0.914650
v 0.782452 3.440737 -0.697857
v 1.122569 3.467354 -0.969319
v 1.227852 3.497217 -1.002551
v 1.329919 3.506433 -1.040294
v 1.435803 3.513674 -1.066506
v 1.465877 3.781909 -0.918822
v 1.593758 4.213257 -0.679934
v 1.595437 4.225602 -0.673026
v 1.573664 4.504601 -0.517386
v 1.570835 4.429283 -0.558517
v 1.570667 4.372491 -0.527046
v 1.569136 4.372491 -0.542790
v 1.593447 4.567959 -0.485625
v 1.636358 4.372492 -0.463322
v 1.620618 4.372492 -0.467996
v 1.652745 4.619174 -0.461685
v 1.698165 4.640477 -0.448071
v 1.684936 4.605245 -0.467654
v 1.669147 4.615033 -0.463148
v 1.734390 4.640477 -0.399755
v 1.720315 4.640477 -0.330638
v 1.686813 4.660625 -0.335492
v 1.652984 4.667995 -0.342494
v 1.618159 4.675366 -0.345376
v 1.583670 4.708945 -0.340379
v 1.560460 4.708945 -0.302184
v 1.590801 4.708945 -0.309609
v 1.621741 4.708945 -0.314092
v 1.652984 4.708945 -0.315591
v 1.684227 4.708945 -0.314092
v 1.715167 4.708945 -0.309609
v 1.745509 4.708945 -0.302184
v 1.774959 4.708945 -0.291891
v 1.803235 4.708945 -0.278828
v 1.830064 4.708945 -0.263120
v 1.855187 4.708945 -0.244920
v 1.878363 4.708945 -0.224401
v 1.899368 4.708945 -0.201762
v 1.918001 4.708945 -0.177222
v 1.934082 4.708945 -0.151015
v 1.947455 4.708945 -0.123395
v 1.957993 4.708945 -0.094628
v 1.965593 4.708945 -0.064990
v 1.970182 4.708945 -0.034767
v 1.971717 4.708945 -0.004250
v 1.970182 4.708945 0.026266
v 1.965593 4.708945 0.056489
v 1.957992 4.708945 0.086127
v 1.947455 4.708945 0.114894
v 1.934082 4.708945 0.142514
v 1.918001 4.708945 0.168721
v 1.899368 4.708945 0.193262
v 1.878363 4.708945 0.215900
v 1.855187 4.708945 0.236419
v 1.830063 4.708945 0.254620
v 1.803234 4.708945 0.270327
v 1.774959 4.708945 0.283391
v 1.745508 4.708945 0.293684
v 1.715167 4.708945 0.301108
v 1.684226 4.708945 0.305591
v 0.774518 3.311028 -0.260299
v 0.752629 3.311028 -0.174938
v 0.683577 3.351814 -0.392229
v 0.681330 3.391597 -0.506992
v 0.721726 3.417532 -0.607815
v 1.280893 3.232503 0.242857
v 1.452108 3.214812 0.104880
v 1.538087 3.207419 0.034045
v 1.542057 3.207419 0.044882
v 1.535224 3.207419 0.022881
v 1.426310 3.214812 0.021808
v 1.205474 3.232503 0.000000
v 0.951374 3.270242 -0.067500
v 0.653091 3.704047 -0.077868
v 0.655839 3.708822 -0.077966
v 1.070036 3.351814 0.852210
v 1.070614 3.311028 0.693162
v 1.154470 3.270242 0.486952
v 1.307054 3.232503 0.277313
v 1.133624 3.391597 0.949443
v 1.154163 3.417532 0.978324
v 1.222022 3.440737 1.016305
v 1.326357 3.467354 1.051773
v 1.436254 3.497217 1.064303
v 1.024015 3.737274 0.714298
v 1.018893 3.749513 0.725964
v 1.011035 3.718310 0.742618
v 1.062443 3.749163 0.759987
v 1.072354 3.737143 0.752592
v 1.096788 3.734353 0.774104
v 1.093060 3.744918 0.785131
v 1.096832 3.748248 0.785538
v 1.318410 3.948306 0.784391
v 1.382676 3.948306 0.804381
v 1.465879 3.781909 0.918822
v 1.543899 3.506433 1.081870
v 1.543869 3.513674 1.082164
v 1.007449 3.768293 0.676666
v 1.722298 4.708945 0.340379
v 1.756119 4.675366 0.332103
v 1.787163 4.667995 0.316423
v 1.815673 4.660625 0.297309
v 1.777526 4.230924 0.663287
v 1.843225 4.236143 0.647161
v 1.774003 4.250688 0.652857
v 1.870265 4.640477 0.397075
v 1.967076 4.250688 0.594094
v 1.884804 4.640477 0.338895
v 1.844723 4.640477 0.280301
v 1.772136 4.250688 0.653061
v 1.773338 4.250688 0.652938
v 1.711760 4.250688 0.659222
v 1.769889 4.250688 0.653290
v 1.706151 4.372491 0.593379
v 1.692000 4.372491 0.594058
v 1.707365 4.250688 0.659539
v 1.518072 4.089985 0.678179
v 1.482794 4.075797 0.683985
v 1.440966 4.056214 0.693542
v 1.409924 4.056697 0.686088
v 1.379017 4.057594 0.678263
v 1.022535 3.781909 0.704674
v 1.031284 3.772975 0.691792
v 1.011561 3.771005 0.677769
v 1.071243 3.774086 0.748964
v 1.362020 4.037834 0.693581
v 1.379980 4.016697 0.718100
v 1.104261 3.776639 0.771101
v 0.954042 3.391597 -0.831588
v 0.873930 3.391597 -0.760663
v 1.030736 3.417532 -0.909660
v 0.787201 3.417532 -0.694051
v 1.122115 3.440737 -0.970149
v 1.222388 3.467354 -1.015436
v 1.330499 3.497217 -1.038427
v 1.435862 3.506433 -1.066216
v 1.543866 3.513674 -1.082164
v 1.558976 3.781909 -0.932312
v 1.652984 4.207765 -0.683224
v 1.652984 4.220158 -0.676283
v 1.582856 4.372491 -0.590970
v 1.583974 4.372491 -0.591084
v 1.575369 4.372491 -0.511889
v 1.575369 4.515111 -0.511889
v 1.575697 4.402713 -0.573623
v 1.570835 4.372491 -0.558517
v 1.623073 4.372492 -0.520767
v 1.623699 4.372491 -0.536894
v 1.583061 4.542741 -0.497903
v 1.606128 4.372491 -0.475527
v 1.593447 4.372491 -0.485625
v 1.652745 4.372492 -0.461685
v 1.631793 4.372491 -0.470090
v 1.652984 4.619155 -0.461706
v 1.699653 4.590545 -0.475146
v 1.742909 4.640477 -0.441588
v 1.712293 4.569176 -0.484993
v 1.774111 4.640477 -0.390036
v 1.753168 4.640477 -0.322599
v 1.720315 4.660625 -0.330638
v 1.687353 4.667995 -0.340844
v 1.652984 4.675366 -0.347047
v 1.618159 4.708945 -0.345376
v 1.652984 4.708945 -0.347047
v 1.687810 4.708945 -0.345376
v 1.722299 4.708945 -0.340379
v 1.756120 4.708945 -0.332103
v 1.788948 4.708945 -0.320630
v 1.820466 4.708945 -0.306068
v 1.850372 4.708945 -0.288559
v 1.878377 4.708945 -0.268271
v 1.904211 4.708945 -0.245399
v 1.927625 4.708945 -0.220164
v 1.948395 4.708945 -0.192809
v 1.966319 4.708945 -0.163597
v 1.981227 4.708945 -0.132809
v 1.992973 4.708945 -0.100742
v 2.001444 4.708945 -0.067705
v 2.006560 4.708945 -0.034017
v 2.008271 4.708945 0.000000
v 2.006560 4.708945 0.034017
v 2.001444 4.708945 0.067705
v 1.992972 4.708945 0.100742
v 1.981227 4.708945 0.132809
v 1.966319 4.708945 0.163597
v 1.948395 4.708945 0.192809
v 1.927625 4.708945 0.220164
v 1.904210 4.708945 0.245399
v 1.878376 4.708945 0.268271
v 1.850371 4.708945 0.288559
v 1.820466 4.708945 0.306068
v 1.788947 4.708945 0.320630
v 1.756119 4.708945 0.332103
v 0.978336 3.270242 -0.199906
v 0.961525 3.270242 -0.134350
v 0.804867 3.311028 -0.343154
v 0.727603 3.351814 -0.483155
v 0.736914 3.391597 -0.597579
v 1.463599 3.214812 0.123608
v 1.547094 3.207419 0.055286
v 1.608431 3.205144 0.013202
v 1.609970 3.205144 0.017404
v 1.607320 3.205144 0.008872
v 1.533495 3.207419 0.011496
v 1.425213 3.214812 -0.000000
v 1.207629 3.232503 -0.042846
v 1.158357 3.351814 0.903920
v 1.142973 3.311028 0.745583
v 1.205733 3.270242 0.532337
v 1.336546 3.232503 0.309098
v 1.476914 3.214812 0.141145
v 1.162298 3.391597 0.962690
v 1.224373 3.417532 1.010761
v 1.326077 3.440737 1.052673
v 1.433469 3.467354 1.077981
v 1.544095 3.497217 1.079929
v 1.027810 3.740582 0.714678
v 1.022069 3.753444 0.725800
v 1.100901 3.737065 0.775207
v 1.104717 3.760617 0.782617
v 1.108025 3.744151 0.775228
v 1.104695 3.740374 0.775586
v 1.392892 3.948306 0.807474
v 1.554068 3.506433 1.082358
v 1.554041 3.513674 1.082652
v 1.788947 4.675366 0.320630
v 1.818268 4.667995 0.302052
v 1.844723 4.660625 0.280301
v 2.008834 4.250688 0.571688
v 2.026316 4.250688 0.562308
v 1.909063 4.640477 0.374360
v 1.917694 4.640477 0.315068
v 1.871926 4.640477 0.260593
v 1.773696 4.250688 0.652902
v 1.709782 4.250688 0.659423
v 1.601116 4.153619 0.640331
v 1.652984 4.372492 0.595820
v 1.779893 4.218634 0.670096
v 1.648891 4.152314 0.687018
v 1.580862 4.157718 0.687018
v 1.593320 4.125569 0.665459
v 1.764254 4.215130 0.673704
v 1.756557 4.196310 0.653277
v 1.657078 4.152314 0.687018
v 1.725106 4.157718 0.687018
v 1.544379 4.089730 0.688061
v 1.547290 4.095026 0.679871
v 1.545524 4.089639 0.684693
v 1.511762 4.075406 0.690883
v 1.472009 4.055731 0.700996
v 1.428088 4.036181 0.710051
v 1.394952 4.036697 0.702094
v 1.033991 3.770944 0.695538
v 1.024511 3.780438 0.707536
v 1.112881 3.768006 0.760190
v 1.114108 3.764683 0.763788
v 1.105632 3.773172 0.774516
v 1.080540 3.764775 0.737195
v 1.067962 3.770259 0.749259
v 1.383755 3.970486 0.792105
v 1.374053 3.974246 0.761124
v 1.401186 3.996207 0.746437
v 1.402331 3.996116 0.743069
v 1.415210 4.016149 0.726560
v 0.987327 3.351814 -0.792292
v 0.911031 3.351814 -0.724745
v 1.040884 3.391597 -0.894502
v 0.801321 3.391597 -0.682409
v 1.125011 3.417532 -0.964856
v 1.222020 3.440737 -1.016304
v 1.326354 3.467354 -1.051773
v 1.436252 3.497217 -1.064303
v 1.543896 3.506433 -1.081870
v 1.652984 3.513674 -1.087401
v 1.652984 3.781909 -0.936823
v 1.710531 4.225602 -0.673026
v 1.712211 4.213257 -0.679934
v 1.636610 4.372491 -0.593573
v 1.599816 4.372491 -0.593379
v 1.633880 4.372491 -0.593559
v 1.590215 4.372491 -0.591988
v 1.575697 4.372491 -0.573623
v 1.623613 4.372492 -0.505464
v 1.625465 4.372491 -0.553225
v 1.678041 4.372492 -0.515316
v 1.680879 4.372492 -0.531224
v 1.583061 4.372492 -0.497903
v 1.628058 4.372491 -0.479629
v 1.658661 4.372492 -0.467417
v 1.669147 4.372492 -0.463148
v 1.684936 4.372492 -0.467654
v 1.693436 4.596484 -0.471957
v 1.699505 4.590759 -0.475030
v 1.699505 4.372492 -0.475030
v 1.712293 4.372492 -0.484993
v 1.722809 4.544126 -0.497161
v 1.786786 4.640477 -0.430852
v 1.843227 4.236143 -0.647161
v 1.777527 4.230924 -0.663288
v 1.812665 4.640477 -0.376561
v 1.785057 4.640477 -0.311454
v 1.753168 4.660625 -0.322599
v 1.721389 4.667995 -0.335913
v 1.687810 4.675366 -0.345376
v 1.722299 4.675366 -0.340379
v 1.756120 4.675366 -0.332103
v 1.788948 4.675366 -0.320630
v 1.820466 4.675366 -0.306068
v 1.850372 4.675366 -0.288559
v 1.878377 4.675366 -0.268271
v 1.904211 4.675366 -0.245399
v 1.927625 4.675366 -0.220164
v 1.948395 4.675366 -0.192809
v 1.966319 4.675366 -0.163597
v 1.981227 4.675366 -0.132809
v 1.992973 4.675366 -0.100742
v 2.001444 4.675366 -0.067705
v 2.006560 4.675366 -0.034017
v 2.008271 4.675366 0.000000
v 2.006560 4.675366 0.034017
v 2.001444 4.675366 0.067705
v 1.992972 4.675366 0.100742
v 1.981227 4.675366 0.132809
v 1.966319 4.675366 0.163597
v 1.948395 4.675366 0.192809
v 1.927625 4.675366 0.220164
v 1.904210 4.675366 0.245399
v 1.878376 4.675366 0.268271
v 1.850371 4.675366 0.288559
v 1.820466 4.675366 0.306068
v 1.224744 3.232503 -0.126892
v 1.214073 3.232503 -0.085280
v 1.001644 3.270242 -0.263537
v 0.843385 3.311028 -0.422703
v 0.780540 3.351814 -0.569428
v 1.553152 3.207419 0.065158
v 1.611923 3.205144 0.021438
v 1.652984 3.204086 -0.000000
v 1.606650 3.205144 0.004458
v 1.532917 3.207419 -0.000000
v 1.426310 3.214812 -0.021808
v 1.185667 3.351814 0.916537
v 1.220244 3.311028 0.790823
v 1.261304 3.270242 0.572596
v 1.369086 3.232503 0.337907
v 1.491925 3.214812 0.157323
v 1.560171 3.207419 0.074403
v 1.231363 3.391597 0.994598
v 1.327861 3.417532 1.046931
v 1.433281 3.440737 1.078904
v 1.542695 3.467354 1.093808
v 1.554245 3.497217 1.080416
v 1.031139 3.744360 0.714320
v 1.024668 3.757684 0.724894
v 1.061901 3.753092 0.756851
v 1.071127 3.740465 0.748994
v 1.110763 3.748252 0.774146
v 1.112803 3.752519 0.772382
v 1.105865 3.765004 0.780386
v 1.395282 3.970031 0.795853
v 1.446501 3.948306 0.818607
v 1.558979 3.771917 0.937672
v 1.567742 3.771997 0.938085
v 1.652984 3.506433 1.087105
v 1.652984 3.513674 1.087400
v 1.033877 3.748461 0.713238
v 1.035918 3.752728 0.711473
v 1.037183 3.756998 0.709095
v 1.037623 3.761105 0.706193
v 1.037223 3.764892 0.702879
v 1.035996 3.768215 0.699281
v 1.847782 4.667995 0.284773
v 1.871926 4.660625 0.260593
v 1.906996 4.241209 0.624803
v 1.968222 4.246073 0.596427
v 1.846267 4.223907 0.653804
v 2.010656 4.249444 0.571505
v 2.092200 4.235425 0.522773
v 1.945395 4.640477 0.348039
v 1.948034 4.640477 0.288207
v 1.897021 4.640477 0.238376
v 1.652984 4.152048 0.687227
v 1.644738 4.100040 0.725742
v 1.576710 4.105444 0.725742
v 1.582605 4.087018 0.699995
v 1.780381 4.216142 0.671518
v 1.701934 4.164121 0.630923
v 1.744015 4.165642 0.619991
v 1.712649 4.125569 0.665459
v 1.704853 4.153619 0.640331
v 1.539662 4.075342 0.700939
v 1.540808 4.075251 0.697571
v 1.503090 4.055367 0.708345
v 1.461224 4.035666 0.718008
v 1.026483 3.777742 0.711322
v 1.114508 3.760896 0.767101
v 1.106174 3.769243 0.777651
v 1.077210 3.760998 0.737553
v 1.065300 3.766083 0.750245
v 1.438508 3.995626 0.755400
v 1.439654 3.995535 0.752031
v 1.432535 3.972133 0.776316
v 1.450439 4.015600 0.735020
v 0.841880 3.351814 -0.650217
v 1.070613 3.311028 -0.693162
v 1.003863 3.311028 -0.634066
v 1.070035 3.351814 -0.852210
v 1.133622 3.391597 -0.948798
v 1.224371 3.417532 -1.010760
v 1.326075 3.440737 -1.052673
v 1.433466 3.467354 -1.077982
v 1.544092 3.497217 -1.079929
v 1.652984 3.506433 -1.087106
v 1.746992 3.781909 -0.932312
v 1.762102 3.513674 -1.082164
v 1.779894 4.218634 -0.670096
v 1.652984 4.372492 -0.594359
v 1.632125 4.372491 -0.587579
v 1.628304 4.372491 -0.569133
v 1.625296 4.372492 -0.491574
v 1.674238 4.372492 -0.500442
v 1.682645 4.372492 -0.547555
v 1.730649 4.372492 -0.511064
v 1.735512 4.372492 -0.526170
v 1.664358 4.372492 -0.476023
v 1.730649 4.516608 -0.511064
v 1.722809 4.372492 -0.497161
v 1.829375 4.640477 -0.415967
v 1.906997 4.241209 -0.624803
v 1.849682 4.640477 -0.359459
v 1.815673 4.640477 -0.297309
v 1.785057 4.660625 -0.311454
v 1.754766 4.667995 -0.327746
v 1.787164 4.667995 -0.316423
v 1.818269 4.667995 -0.302052
v 1.847782 4.667995 -0.284773
v 1.875419 4.667995 -0.264751
v 1.900914 4.667995 -0.242179
v 1.924021 4.667995 -0.217275
v 1.944519 4.667995 -0.190279
v 1.962208 4.667995 -0.161450
v 1.976920 4.667995 -0.131066
v 1.988512 4.667995 -0.099420
v 1.996872 4.667995 -0.066817
v 2.001921 4.667995 -0.033570
v 2.003609 4.667995 -0.000000
v 2.001921 4.667995 0.033570
v 1.996872 4.667995 0.066817
v 1.988512 4.667995 0.099420
v 1.976920 4.667995 0.131066
v 1.962208 4.667995 0.161450
v 1.944518 4.667995 0.190279
v 1.924021 4.667995 0.217275
v 1.900914 4.667995 0.242179
v 1.875419 4.667995 0.264751
v 1.435021 3.214812 -0.064585
v 1.429589 3.214812 -0.043405
v 1.239539 3.232503 -0.167283
v 1.031225 3.270242 -0.324629
v 0.889699 3.311028 -0.498182
v 1.614272 3.205144 0.025266
v 1.606426 3.205144 -0.000000
v 1.533495 3.207419 -0.011496
v 1.251442 3.351814 0.946925
v 1.244136 3.311028 0.801862
v 1.320647 3.270242 0.607340
v 1.404361 3.232503 0.363462
v 1.508487 3.214812 0.171986
v 1.568084 3.207419 0.082931
v 1.616994 3.205144 0.028851
v 1.333163 3.391597 1.030178
v 1.434480 3.417532 1.073018
v 1.542601 3.440737 1.094744
v 1.552976 3.467354 1.094301
v 1.652984 3.497217 1.085154
v 1.062210 3.757331 0.754116
v 1.114068 3.756789 0.770003
v 1.475551 3.948306 0.824365
v 1.751901 3.506433 1.082358
v 1.751927 3.513674 1.082652
v 1.026592 3.762069 0.723278
v 1.897021 4.660625 0.238376
v 1.910692 4.229024 0.631216
v 1.807771 4.217548 0.665265
v 1.847364 4.219581 0.656225
v 2.142542 4.235425 0.478203
v 1.978910 4.640477 0.318367
v 1.975533 4.640477 0.258570
v 1.919765 4.640477 0.213863
v 1.652984 4.099342 0.725742
v 1.640586 4.047767 0.762313
v 1.572557 4.053172 0.762313
v 1.661230 4.100040 0.725742
v 1.729259 4.105444 0.725742
v 1.534326 4.055475 0.715270
v 1.494418 4.035327 0.725806
v 1.027709 3.774420 0.714920
v 1.074472 3.756896 0.738635
v 1.063357 3.761717 0.751885
v 1.475928 3.995341 0.764097
v 1.477074 3.995250 0.760729
v 1.485746 4.015288 0.743268
v 0.943364 3.311028 -0.568863
v 1.205732 3.270242 -0.532337
v 1.154469 3.270242 -0.486952
v 1.142972 3.311028 -0.745583
v 1.158355 3.351814 -0.903920
v 1.231361 3.391597 -0.993953
v 1.327858 3.417532 -1.046930
v 1.433279 3.440737 -1.078904
v 1.542692 3.467354 -1.093808
v 1.652984 3.497217 -1.085155
v 1.762073 3.506433 -1.081870
v 1.840091 3.781909 -0.918822
v 1.870165 3.513674 -1.066506
v 1.846268 4.223907 -0.653804
v 1.721995 4.372491 -0.591084
v 1.723728 4.372491 -0.590908
v 1.669359 4.372492 -0.593573
v 1.683271 4.372492 -0.563682
v 1.682742 4.372492 -0.580771
v 1.669618 4.372492 -0.487175
v 1.737210 4.372491 -0.541897
v 1.735512 4.488036 -0.526170
v 1.732420 4.506075 -0.516564
v 1.737210 4.459123 -0.541897
v 1.910693 4.229024 -0.631216
v 1.870266 4.640477 -0.397075
v 1.968223 4.246073 -0.596427
v 1.884804 4.640477 -0.338895
v 1.844723 4.640477 -0.280301
v 1.815673 4.660625 -0.297309
v 1.844723 4.660625 -0.280301
v 1.871926 4.660625 -0.260593
v 1.897021 4.660625 -0.238376
v 1.919765 4.660625 -0.213863
v 1.939941 4.660625 -0.187291
v 1.957352 4.660625 -0.158915
v 1.971833 4.660625 -0.129008
v 1.983243 4.660625 -0.097859
v 1.991472 4.660625 -0.065768
v 1.996441 4.660625 -0.033043
v 1.998103 4.660625 -0.000000
v 1.996441 4.660625 0.033043
v 1.991472 4.660625 0.065768
v 1.983243 4.660625 0.097859
v 1.971833 4.660625 0.129008
v 1.957352 4.660625 0.158915
v 1.939940 4.660625 0.187291
v 1.919765 4.660625 0.213863
v 1.538087 3.207419 -0.034045
v 1.535224 3.207419 -0.022881
v 1.442551 3.214812 -0.085143
v 1.258315 3.232503 -0.206062
v 1.066793 3.270242 -0.382596
v 1.606650 3.205144 -0.004458
v 1.348394 3.351814 0.980811
v 1.301682 3.311028 0.828448
v 1.338996 3.270242 0.615817
v 1.442029 3.232503 0.385516
v 1.526441 3.214812 0.184993
v 1.576814 3.207419 0.090660
v 1.620062 3.205144 0.032158
v 1.438043 3.391597 1.055840
v 1.543203 3.417532 1.088772
v 1.552891 3.440737 1.095237
v 1.652984 3.467354 1.099100
v 1.751723 3.497217 1.080416
v 1.070726 3.744253 0.745681
v 1.071167 3.748360 0.742779
v 1.072432 3.752629 0.740400
v 1.444264 3.967517 0.807037
v 1.476595 3.966254 0.814177
v 1.501279 3.948306 0.826920
v 1.538478 3.786476 0.925660
v 1.543816 3.781577 0.929455
v 1.549906 3.778175 0.932468
v 1.567882 3.776731 0.935266
v 1.563387 3.776005 0.935463
v 1.652984 3.781909 0.936822
v 1.762070 3.506433 1.081870
v 1.762099 3.513674 1.082164
v 1.746428 3.617358 1.024627
v 1.027764 3.766430 0.721016
v 1.972547 4.233938 0.602549
v 1.894879 4.221454 0.640774
v 1.851306 4.219736 0.654943
v 1.828176 4.168684 0.598127
v 1.786095 4.167163 0.609059
v 2.033142 4.232333 0.570344
v 2.096708 4.222986 0.528139
v 2.084318 4.470582 0.345776
v 2.080168 4.478244 0.343890
v 2.188169 4.235425 0.429028
v 2.147567 4.222986 0.483112
v 2.067397 4.506073 0.334555
v 2.059659 4.526417 0.326009
v 2.009287 4.640477 0.285628
v 1.999926 4.640477 0.226443
v 1.939940 4.640477 0.187291
v 1.652984 4.047099 0.762313
v 1.636433 3.995494 0.799946
v 1.568405 4.000898 0.799946
v 1.571889 4.048467 0.734531
v 1.533181 4.055566 0.718638
v 1.759824 4.095117 0.683240
v 1.786680 4.095535 0.676791
v 1.813536 4.095953 0.670342
v 1.766306 4.075342 0.700939
v 1.761590 4.089730 0.688061
v 1.723364 4.087018 0.699995
v 1.772788 4.055566 0.718638
v 1.665383 4.047767 0.762313
v 1.733411 4.053172 0.762313
v 1.527845 4.035699 0.732969
v 1.028142 3.770601 0.718194
v 1.513735 3.996238 0.771737
v 1.514881 3.996147 0.768368
v 1.491176 3.970595 0.790993
v 1.521363 4.015924 0.750669
v 1.108007 3.270242 -0.436878
v 1.369086 3.232503 -0.337907
v 1.336546 3.232503 -0.309099
v 1.261303 3.270242 -0.572596
v 1.220243 3.311028 -0.790823
v 1.251440 3.351814 -0.946925
v 1.333161 3.391597 -1.029533
v 1.434477 3.417532 -1.073018
v 1.542598 3.440737 -1.094744
v 1.652984 3.467354 -1.099101
v 1.761877 3.497217 -1.079929
v 1.870106 3.506433 -1.066216
v 1.931388 3.781909 -0.896483
v 1.976137 3.513674 -1.040577
v 1.706153 4.372492 -0.593379
v 1.730977 4.404084 -0.572798
v 1.730977 4.372492 -0.572798
v 1.681555 4.372492 -0.593509
v 1.735679 4.372491 -0.557641
v 1.735679 4.430776 -0.557641
v 2.020005 3.781909 -0.865511
v 1.972548 4.233938 -0.602549
v 1.909064 4.640477 -0.374360
v 2.026317 4.250688 -0.562307
v 1.917694 4.640477 -0.315068
v 1.871926 4.640477 -0.260593
v 1.897021 4.640477 -0.238376
v 1.919765 4.640477 -0.213863
v 1.939941 4.640477 -0.187291
v 1.957352 4.640477 -0.158915
v 1.971833 4.640477 -0.129008
v 1.983243 4.640477 -0.097859
v 1.991472 4.640477 -0.065768
v 1.996441 4.640477 -0.033043
v 1.998103 4.640477 -0.000000
v 1.996441 4.640477 0.033043
v 1.991472 4.640477 0.065768
v 1.983243 4.640477 0.097859
v 1.971833 4.640477 0.129008
v 1.957352 4.640477 0.158915
v 1.608431 3.205144 -0.013202
v 1.607320 3.205144 -0.008872
v 1.542057 3.207419 -0.044882
v 1.452108 3.214812 -0.104880
v 1.280893 3.232503 -0.242857
v 1.448280 3.351814 1.005251
v 1.386504 3.311028 0.858094
v 1.383190 3.270242 0.636234
v 1.453676 3.232503 0.390897
v 1.545613 3.214812 0.196218
v 1.586278 3.207419 0.097516
v 1.623448 3.205144 0.035155
v 1.544994 3.391597 1.071337
v 1.553437 3.417532 1.089263
v 1.652984 3.440737 1.100041
v 1.752992 3.467354 1.094301
v 1.761874 3.497217 1.079929
v 1.504795 3.964830 0.817794
v 1.538478 3.849014 0.888049
v 1.509601 3.948306 0.827818
v 1.534097 3.841821 0.891680
v 1.534097 3.792685 0.921231
v 1.543816 3.757063 0.922946
v 1.538478 3.762721 0.919768
v 1.549906 3.752858 0.925308
v 1.556515 3.776402 0.934584
v 1.559147 3.776372 0.935020
v 1.582958 3.784100 0.931502
v 1.576868 3.779814 0.933797
v 1.741004 3.719628 0.967393
v 1.870104 3.506433 1.066216
v 1.870163 3.513674 1.066506
v 1.756035 3.617326 1.024169
v 1.912821 4.222161 0.634940
v 1.938477 4.222847 0.623955
v 1.972470 4.223857 0.607793
v 1.870256 4.170205 0.587195
v 1.983861 4.223031 0.600759
v 2.193663 4.222986 0.433432
v 2.140695 4.124907 0.565210
v 2.187950 4.125958 0.522558
v 2.056746 4.372492 0.322791
v 2.056746 4.533957 0.322791
v 2.067397 4.372492 0.334555
v 2.036233 4.640477 0.250139
v 2.041112 4.604044 0.277803
v 2.042008 4.620209 0.261498
v 2.020978 4.640477 0.192135
v 1.652984 3.994854 0.799946
v 1.633556 3.959270 0.823288
v 1.565527 3.964674 0.823288
v 1.564834 4.009915 0.769068
v 1.526699 4.035790 0.736338
v 1.758678 4.095026 0.679871
v 1.785534 4.095444 0.673422
v 1.840391 4.096371 0.663893
v 1.812390 4.095862 0.666973
v 1.734079 4.048467 0.734531
v 1.669535 3.995494 0.799946
v 1.737564 4.000898 0.799946
v 1.520217 4.016014 0.754037
v 1.557193 3.971364 0.803604
v 1.307054 3.232503 -0.277313
v 1.508487 3.214812 -0.171986
v 1.491925 3.214812 -0.157323
v 1.404360 3.232503 -0.363462
v 1.320646 3.270242 -0.607340
v 1.301681 3.311028 -0.828448
v 1.348392 3.351814 -0.980811
v 1.438041 3.391597 -1.055195
v 1.543200 3.417532 -1.088772
v 1.652984 3.440737 -1.100042
v 1.763276 3.467354 -1.093808
v 1.869717 3.497217 -1.064303
v 1.976049 3.506433 -1.040294
v 2.078996 3.513674 -1.004626
v 2.105086 3.781909 -0.826203
v 2.031238 4.238600 -0.568079
v 1.945395 4.640477 -0.348039
v 2.092200 4.235425 -0.522773
v 1.948035 4.640477 -0.288207
v 1.975534 4.640477 -0.258570
v 1.999927 4.640477 -0.226443
v 2.020978 4.640477 -0.192135
v 2.038486 4.640477 -0.155976
v 2.052280 4.640477 -0.118316
v 2.062230 4.640477 -0.079516
v 2.068238 4.640477 -0.039950
v 2.070247 4.640477 0.000000
v 2.068238 4.640477 0.039950
v 2.062230 4.640477 0.079516
v 2.052280 4.640477 0.118316
v 2.038485 4.640477 0.155976
v 1.609970 3.205144 -0.017404
v 1.547094 3.207419 -0.055286
v 1.463599 3.214812 -0.123608
v 1.550136 3.351814 1.020009
v 1.473892 3.311028 0.879476
v 1.448331 3.270242 0.659002
v 1.481729 3.232503 0.403857
v 1.551541 3.214812 0.198956
v 1.596385 3.207419 0.103434
v 1.627118 3.205144 0.037814
v 1.555060 3.391597 1.071820
v 1.652984 3.417532 1.094040
v 1.753078 3.440737 1.095237
v 1.763273 3.467354 1.093808
v 1.869714 3.497217 1.064303
v 1.530842 3.799964 0.916336
v 1.534097 3.769617 0.915895
v 1.556515 3.750268 0.926762
v 1.563387 3.749394 0.927253
v 1.570260 3.777068 0.935124
v 1.570260 3.750268 0.926762
v 1.738227 3.771997 0.938085
v 1.976047 3.506433 1.040294
v 1.976135 3.513674 1.040577
v 1.858092 3.621336 1.007229
v 1.750053 3.719564 0.966965
v 1.912337 4.171726 0.576263
v 2.139469 4.104701 0.581729
v 2.138723 4.110468 0.578147
v 2.094568 4.451174 0.350436
v 2.094568 4.372491 0.350436
v 2.080168 4.372491 0.343890
v 2.234551 4.222986 0.379578
v 2.228643 4.235425 0.375722
v 2.189634 4.125901 0.520793
v 2.234904 4.124352 0.473328
v 2.150818 4.089717 0.488764
v 2.106676 4.091879 0.537175
v 2.139084 4.123084 0.568049
v 2.048625 4.560073 0.309050
v 2.043643 4.624878 0.254976
v 2.046000 4.630009 0.245571
v 2.052935 4.633362 0.230634
v 2.059487 4.640477 0.212241
v 1.652984 3.958650 0.823288
v 1.566332 3.948306 0.833043
v 1.627192 3.948306 0.830184
v 1.760444 4.089639 0.684693
v 1.867247 4.096789 0.657444
v 1.839245 4.096280 0.660524
v 1.765160 4.075251 0.697571
v 1.779270 4.035790 0.736338
v 1.771642 4.055475 0.715270
v 1.672413 3.959270 0.823288
v 1.740441 3.964674 0.823288
v 1.741134 4.009915 0.769068
v 1.476914 3.214812 -0.141145
v 1.576814 3.207419 -0.090660
v 1.568084 3.207419 -0.082931
v 1.526441 3.214812 -0.184993
v 1.442028 3.232503 -0.385516
v 1.383189 3.270242 -0.636234
v 1.386502 3.311028 -0.858094
v 1.448277 3.351814 -1.005251
v 1.544991 3.391597 -1.070692
v 1.652984 3.417532 -1.094041
v 1.763371 3.440737 -1.094744
v 1.872502 3.467354 -1.077982
v 1.975470 3.497217 -1.038427
v 2.078881 3.506433 -1.004353
v 2.177753 3.513674 -0.959001
v 2.185813 3.781909 -0.778939
v 2.096708 4.222986 -0.528139
v 1.978911 4.640477 -0.318367
v 2.142542 4.235425 -0.478203
v 2.009288 4.640477 -0.285628
v 2.061437 4.522392 -0.327434
v 2.068261 4.504642 -0.334812
v 2.041374 4.603099 -0.278342
v 2.036233 4.640477 -0.250139
v 2.042097 4.619517 -0.262028
v 2.059487 4.640477 -0.212241
v 2.052695 4.633338 -0.231050
v 2.045919 4.629679 -0.246060
v 2.078827 4.640477 -0.172299
v 2.087633 4.607406 -0.197227
v 2.073960 4.622217 -0.206156
v 2.094066 4.640477 -0.130697
v 2.118450 4.565541 -0.188111
v 2.118081 4.566108 -0.188181
v 2.273201 4.326447 -0.152504
v 2.105057 4.640477 -0.087837
v 2.280470 4.327423 -0.121920
v 2.111693 4.640477 -0.044131
v 2.289625 4.327525 -0.061249
v 2.287452 4.326867 -0.078059
v 2.113913 4.640477 0.000000
v 2.292890 4.327200 0.000000
v 2.292867 4.327143 -0.001116
v 2.289588 4.327589 0.061246
v 2.111693 4.640477 0.044131
v 2.105056 4.640477 0.087837
v 2.280370 4.327602 0.121900
v 2.287703 4.327019 0.075827
v 2.274257 4.321312 0.160168
v 2.273599 4.326687 0.150404
v 2.094066 4.640477 0.130697
v 2.078827 4.640477 0.172299
v 2.118775 4.564792 0.188462
v 2.119143 4.564225 0.188396
v 2.074464 4.621564 0.205967
v 2.088230 4.606492 0.197184
v 1.611923 3.205144 -0.021438
v 1.553152 3.207419 -0.065159
v 1.559724 3.351814 1.020469
v 1.563004 3.311028 0.892388
v 1.515444 3.270242 0.675423
v 1.523078 3.232503 0.418309
v 1.565820 3.214812 0.205553
v 1.599510 3.207419 0.104877
v 1.631037 3.205144 0.040108
v 1.652984 3.391597 1.076519
v 1.752532 3.417532 1.089263
v 1.763368 3.440737 1.094744
v 1.872500 3.467354 1.077981
v 1.975467 3.497217 1.038428
v 1.510672 3.948306 0.827950
v 1.543816 3.855114 0.885229
v 1.530842 3.833810 0.895981
v 1.534097 3.820175 0.887498
v 1.538478 3.827070 0.883626
v 1.528837 3.808034 0.911164
v 1.530842 3.777483 0.911477
v 1.576868 3.752858 0.925308
v 1.582958 3.757063 0.922946
v 1.588296 3.789764 0.928328
v 1.729101 3.779814 0.933797
v 1.723010 3.784100 0.931502
v 1.746990 3.771917 0.937672
v 2.078879 3.506433 1.004353
v 2.078995 3.513674 1.004626
v 1.958174 3.621336 0.982741
v 1.846186 3.727530 0.948761
v 1.922448 4.172091 0.573636
v 1.954417 4.173247 0.565331
v 1.894103 4.097207 0.650995
v 1.989402 4.209643 0.605682
v 2.009044 4.173885 0.618830
v 2.382259 3.771696 0.615872
v 2.394351 3.781909 0.594313
v 2.376702 3.781909 0.613334
v 2.110045 4.425641 0.353942
v 2.269840 4.222986 0.322069
v 2.263572 4.235425 0.318797
v 2.240850 4.119278 0.471259
v 2.241565 4.118462 0.471103
v 2.147386 4.372492 0.354492
v 2.147208 4.372668 0.354562
v 2.194960 4.087554 0.440354
v 2.237800 4.122507 0.471784
v 2.105710 4.090637 0.540542
v 2.138375 4.119083 0.571778
v 2.048625 4.372492 0.309050
v 2.099090 4.372492 0.289769
v 2.112350 4.372492 0.299464
v 2.043346 4.583739 0.293859
v 2.042008 4.372492 0.261498
v 2.046000 4.372492 0.245571
v 2.041112 4.372492 0.277803
v 2.062546 4.631249 0.217262
v 2.052935 4.372491 0.230634
v 1.652984 3.948306 0.829933
v 1.634757 3.948306 0.830306
v 1.628105 3.948306 0.830169
v 1.559525 3.964749 0.823231
v 1.787897 4.089985 0.678179
v 1.866101 4.096698 0.654075
v 1.815328 4.090396 0.671607
v 1.794206 4.075406 0.690883
v 1.802878 4.055367 0.708345
v 1.778124 4.035699 0.732969
v 1.748776 3.971364 0.803604
v 1.560171 3.207419 -0.074403
v 1.623448 3.205144 -0.035155
v 1.620062 3.205144 -0.032158
v 1.586278 3.207419 -0.097517
v 1.545613 3.214812 -0.196218
v 1.481728 3.232503 -0.403857
v 1.448330 3.270242 -0.659002
v 1.473890 3.311028 -0.879476
v 1.550134 3.351814 -1.020010
v 1.652984 3.391597 -1.075875
v 1.762769 3.417532 -1.088772
v 1.872690 3.440737 -1.078904
v 1.979614 3.467354 -1.051773
v 2.078116 3.497217 -1.002551
v 2.177611 3.506433 -0.958740
v 2.271456 3.513674 -0.904139
v 2.261410 3.781909 -0.724173
v 2.147567 4.222986 -0.483112
v 2.057486 4.532520 -0.323162
v 2.043779 4.582580 -0.294374
v 2.042097 4.372492 -0.262028
v 2.041374 4.372491 -0.278342
v 2.043766 4.624619 -0.255056
v 2.062163 4.631535 -0.217576
v 2.052695 4.372492 -0.231050
v 2.045919 4.372491 -0.246060
v 2.064806 4.629921 -0.215018
v 2.102655 4.588281 -0.191134
v 2.273860 4.321072 -0.162268
v 2.282555 4.323702 -0.122325
v 2.276308 4.322906 -0.148511
v 2.295194 4.323168 0.000000
v 2.291852 4.323606 0.061464
v 2.276370 4.313468 0.169919
v 2.103317 4.587142 0.191251
v 2.064875 4.629784 0.215054
v 1.614272 3.205144 -0.025267
v 1.652984 3.351814 1.024945
v 1.571392 3.311028 0.892790
v 1.583881 3.270242 0.685339
v 1.565679 3.232503 0.428732
v 1.586865 3.214812 0.212909
v 1.607036 3.207419 0.108355
v 1.632248 3.205144 0.040668
v 1.750908 3.391597 1.071820
v 1.762766 3.417532 1.088772
v 1.872687 3.440737 1.078904
v 1.979612 3.467354 1.051773
v 2.078115 3.497217 1.002551
v 1.511898 3.948306 0.828113
v 1.549906 3.859885 0.883327
v 1.528837 3.825289 0.900787
v 1.530842 3.812309 0.891917
v 1.528160 3.816586 0.905914
v 1.588296 3.762722 0.919768
v 1.592677 3.796586 0.924396
v 1.717672 3.789764 0.928328
v 2.148643 3.506433 0.972122
v 2.148778 3.513674 0.972386
v 2.055317 3.621336 0.948789
v 1.958139 3.621336 0.984267
v 1.858057 3.621336 1.008755
v 1.846151 3.727530 0.950287
v 1.840089 3.781909 0.918822
v 1.900556 4.097307 0.649445
v 1.892957 4.097116 0.647626
v 2.035468 4.124809 0.638956
v 2.138245 4.113684 0.576077
v 2.130459 4.393767 0.356879
v 2.110045 4.372492 0.353942
v 2.299187 4.222986 0.261458
v 2.292622 4.235425 0.258802
v 2.498803 3.781909 0.441614
v 2.450417 3.781909 0.520470
v 2.187862 4.372491 0.293575
v 2.167438 4.372492 0.326861
v 2.245780 4.112929 0.470885
v 2.194301 3.988721 0.618019
v 2.238443 3.986558 0.569609
v 2.106150 4.087739 0.545206
v 2.043346 4.372492 0.293859
v 2.075753 4.372492 0.268627
v 2.086732 4.372492 0.279357
v 2.132590 4.372491 0.243084
v 2.145851 4.372491 0.252779
v 2.126004 4.372492 0.308069
v 2.054940 4.372492 0.238624
v 2.059545 4.372492 0.247862
v 2.062546 4.372491 0.217262
v 1.671212 3.948306 0.830306
v 1.629619 3.948306 0.830156
v 1.628931 3.948306 0.830151
v 1.582958 3.857495 0.887160
v 1.576868 3.861598 0.884716
v 1.566298 3.948306 0.833041
v 1.842754 4.090823 0.665021
v 1.870180 4.091249 0.658435
v 1.823175 4.075797 0.683985
v 1.811550 4.035327 0.725806
v 1.833960 4.055731 0.700996
v 1.785752 4.016014 0.754037
v 1.784606 4.015924 0.750669
v 1.739671 3.948306 0.833041
v 1.739637 3.948306 0.833043
v 1.678776 3.948306 0.830184
v 1.616994 3.205144 -0.028851
v 1.627118 3.205144 -0.037814
v 1.596385 3.207419 -0.103434
v 1.565819 3.214812 -0.205553
v 1.523077 3.232503 -0.418309
v 1.515442 3.270242 -0.675423
v 1.563002 3.311028 -0.892388
v 1.652984 3.351814 -1.024945
v 1.760978 3.391597 -1.070692
v 1.871491 3.417532 -1.073018
v 1.979894 3.440737 -1.052673
v 2.083580 3.467354 -1.015436
v 2.176670 3.497217 -0.957020
v 2.271288 3.506433 -0.903894
v 2.359203 3.513674 -0.840571
v 2.331146 3.781909 -0.662433
v 2.188169 4.235425 -0.429028
v 2.193663 4.222986 -0.433432
v 2.083323 4.472834 -0.344979
v 2.081130 4.476850 -0.344010
v 2.049219 4.558749 -0.309507
v 2.043779 4.372491 -0.294374
v 2.062163 4.372492 -0.217577
v 2.087633 4.372491 -0.197227
v 2.073960 4.372492 -0.206156
v 2.134411 4.539107 -0.188273
v 2.276949 4.317673 -0.158018
v 2.275973 4.313228 -0.172019
v 2.290001 4.322982 -0.076028
v 2.345322 4.235425 0.000000
v 2.341989 4.235425 0.066287
v 2.290252 4.323133 0.073797
v 2.282456 4.323879 0.122306
v 2.276706 4.323146 0.146411
v 2.277346 4.317913 0.155917
v 2.279404 4.310277 0.165411
v 2.281169 4.301070 0.179645
v 2.135101 4.537694 0.188728
v 2.074464 4.372491 0.205967
v 2.088230 4.372491 0.197184
v 1.746245 3.351814 1.020469
v 1.652984 3.311028 0.896706
v 1.590323 3.270242 0.685649
v 1.609120 3.232503 0.435027
v 1.608548 3.214812 0.218214
v 1.618130 3.207419 0.112232
v 1.635167 3.205144 0.042017
v 1.760975 3.391597 1.071337
v 1.871489 3.417532 1.073018
v 1.979891 3.440737 1.052673
v 2.083578 3.467354 1.015436
v 2.147754 3.497217 0.970378
v 1.559037 3.948306 0.832809
v 1.543816 3.832729 0.880448
v 1.528837 3.803773 0.896711
v 1.528837 3.786019 0.906682
v 1.595932 3.804305 0.919858
v 1.592677 3.769617 0.915895
v 1.713291 3.796586 0.924396
v 1.735709 3.777068 0.935124
v 1.738086 3.776731 0.935266
v 1.742581 3.776005 0.935463
v 1.746822 3.776372 0.935020
v 2.177609 3.506433 0.958740
v 2.177752 3.513674 0.959001
v 2.121222 3.621336 0.918341
v 2.055282 3.621336 0.950315
v 1.940423 3.727530 0.927220
v 1.940458 3.727530 0.925695
v 1.931386 3.781909 0.896483
v 1.920958 4.097625 0.644546
v 1.899410 4.097216 0.646077
v 1.897587 4.091733 0.651799
v 2.059623 4.075780 0.660453
v 2.081506 4.026797 0.683321
v 2.130459 4.372491 0.356879
v 2.141068 4.372492 0.316155
v 2.322311 4.222986 0.198329
v 2.315510 4.235425 0.196314
v 2.539044 3.781909 0.358506
v 2.207678 4.372491 0.255547
v 2.194511 4.372491 0.282739
v 2.634754 3.513674 0.512596
v 2.578590 3.513674 0.604126
v 2.251463 4.103892 0.472113
v 2.291524 4.008233 0.511566
v 2.163533 4.372492 0.333226
v 2.147208 4.372492 0.354562
v 2.148605 4.372492 0.352886
v 2.198212 4.086105 0.439096
v 2.282585 3.984396 0.521198
v 2.202869 4.083001 0.439135
v 2.191049 3.990170 0.619277
v 2.186392 3.993273 0.619238
v 2.107493 4.083780 0.550702
v 2.066573 4.372492 0.257992
v 2.105415 4.372491 0.227295
v 2.118937 4.372492 0.234479
v 2.164978 4.372491 0.198780
v 2.177749 4.372491 0.208115
v 2.158208 4.372491 0.263192
v 2.070689 4.372491 0.216692
v 2.080818 4.372491 0.218227
v 1.676350 3.948306 0.830156
v 1.592677 3.845420 0.894600
v 1.595932 3.837942 0.899334
v 1.588296 3.851973 0.890449
v 1.570472 3.864044 0.883260
v 1.565177 3.948306 0.832982
v 1.560040 3.948306 0.832965
v 1.852124 4.076247 0.677033
v 1.881073 4.076698 0.670081
v 1.820223 4.015288 0.743268
v 1.844745 4.035666 0.718008
v 1.865002 4.056214 0.693542
v 1.792233 3.996238 0.771737
v 1.791087 3.996147 0.768368
v 1.740792 3.948306 0.832982
v 1.735709 3.864117 0.883205
v 1.735497 3.864044 0.883260
v 1.677864 3.948306 0.830169
v 1.745929 3.948306 0.832965
v 1.746444 3.964749 0.823231
v 1.631036 3.205144 -0.040108
v 1.607036 3.207419 -0.108355
v 1.586865 3.214812 -0.212909
v 1.565678 3.232503 -0.428733
v 1.583879 3.270242 -0.685340
v 1.652984 3.311028 -0.896706
v 1.755835 3.351814 -1.020010
v 1.867928 3.391597 -1.055195
v 1.978110 3.417532 -1.046930
v 2.083949 3.440737 -1.016304
v 2.183400 3.467354 -0.969319
v 2.270179 3.497217 -0.902272
v 2.359011 3.506433 -0.840342
v 2.440149 3.513674 -0.768907
v 2.394352 3.781909 -0.594313
v 2.228643 4.235425 -0.375722
v 2.234552 4.222986 -0.379578
v 2.095599 4.449758 -0.350403
v 2.081130 4.372491 -0.344010
v 2.095599 4.372491 -0.350403
v 2.057486 4.372491 -0.323162
v 2.068261 4.372491 -0.334812
v 2.049219 4.372492 -0.309507
v 2.049498 4.372491 -0.253397
v 2.055892 4.372491 -0.261402
v 2.060617 4.372492 -0.228792
v 2.102655 4.372492 -0.191134
v 2.070920 4.372492 -0.228162
v 2.118450 4.372492 -0.188110
v 2.134411 4.372492 -0.188273
v 2.149924 4.511490 -0.191614
v 2.279007 4.310037 -0.167511
v 2.280772 4.300830 -0.181745
v 2.291890 4.323540 -0.061467
v 2.332020 4.235425 -0.131936
v 2.341989 4.235425 -0.066287
v 2.295171 4.323110 -0.001116
v 2.352429 4.222986 0.000000
v 2.349061 4.222986 0.066968
v 2.332019 4.235425 0.131936
v 2.284076 4.298205 0.174880
v 2.293560 4.277975 0.184305
v 2.318650 4.235425 0.184071
v 2.290480 4.281210 0.188897
v 2.103317 4.372491 0.191251
v 2.119143 4.372492 0.188396
v 2.135101 4.372491 0.188728
v 2.150578 4.510037 0.192234
v 1.755832 3.351814 1.020009
v 1.734576 3.311028 0.892790
v 1.652984 3.270242 0.688655
v 1.613209 3.232503 0.435223
v 1.630658 3.214812 0.221417
v 1.629560 3.207419 0.115029
v 1.639469 3.205144 0.043520
v 1.867925 3.391597 1.055840
v 1.978108 3.417532 1.046931
v 2.083947 3.440737 1.016305
v 2.154113 3.467354 0.982849
v 2.176668 3.497217 0.957020
v 1.556515 3.863145 0.882416
v 1.549906 3.836934 0.878086
v 1.556515 3.839523 0.876632
v 1.528160 3.794896 0.901697
v 1.597937 3.812624 0.914887
v 1.595932 3.777483 0.911477
v 1.710036 3.804305 0.919858
v 1.723010 3.757063 0.922946
v 1.717672 3.762722 0.919768
v 1.713291 3.769617 0.915895
v 1.729101 3.752858 0.925308
v 1.735709 3.750268 0.926762
v 1.742581 3.749394 0.927253
v 1.749454 3.776402 0.934584
v 1.749454 3.750268 0.926762
v 2.271287 3.506433 0.903894
v 2.271455 3.513674 0.904139
v 2.148585 3.621336 0.905699
v 2.121187 3.621336 0.919867
v 2.031927 3.727530 0.895239
v 2.031962 3.727530 0.893713
v 1.756062 3.778175 0.932468
v 1.762152 3.781577 0.929455
v 2.020003 3.781909 0.865511
v 1.913077 3.948306 0.807474
v 1.859468 3.948306 0.818607
v 1.964229 4.162994 0.572948
v 1.927123 4.092306 0.648311
v 1.919812 4.097534 0.641177
v 1.904409 4.091848 0.650151
v 1.909954 4.077355 0.662944
v 1.990437 4.135610 0.593293
v 2.023082 4.097851 0.622132
v 2.053479 4.060011 0.651555
v 2.111104 4.077150 0.558291
v 2.247999 3.817820 0.708212
v 2.152593 4.073323 0.594655
v 2.206684 3.818111 0.737936
v 2.179283 4.008872 0.620978
v 2.173004 4.004276 0.615402
v 2.081626 4.022089 0.675488
v 2.098159 3.981405 0.698200
v 2.100676 3.979187 0.702611
v 2.114003 3.948306 0.714559
v 2.129412 3.948306 0.701879
v 2.157342 4.372492 0.323633
v 2.172272 4.372491 0.275725
v 2.324701 4.222986 0.189010
v 2.317366 4.235425 0.189078
v 2.570751 3.781909 0.271945
v 2.291892 4.278627 0.189316
v 2.290890 4.280279 0.189318
v 2.681462 3.513674 0.416129
v 2.207178 4.372491 0.251954
v 2.183632 4.372492 0.287634
v 2.207178 4.376040 0.251954
v 2.634487 3.506433 0.512457
v 2.578339 3.506433 0.603962
v 2.291640 4.007650 0.511975
v 2.216256 4.071999 0.442971
v 2.278157 3.999125 0.500082
v 2.208429 4.078835 0.440007
v 2.283551 3.985638 0.517831
v 2.245873 3.990163 0.576253
v 2.291144 3.988614 0.528788
v 2.283110 3.988535 0.513167
v 2.244449 3.990211 0.577747
v 2.196913 3.989153 0.620652
v 2.193835 3.990872 0.622045
v 2.189856 3.994768 0.622548
v 2.180832 3.997440 0.618366
v 2.092544 4.372492 0.221807
v 2.150578 4.372491 0.192234
v 2.164978 4.482319 0.198780
v 2.177749 4.455605 0.208115
v 2.188400 4.372491 0.219879
v 1.677038 3.948306 0.830151
v 1.713291 3.845420 0.894600
v 1.710036 3.837942 0.899334
v 1.582958 3.832729 0.880448
v 1.588296 3.827070 0.883626
v 1.576868 3.836934 0.878086
v 1.570260 3.864117 0.883205
v 1.570260 3.839523 0.876632
v 1.563387 3.864713 0.882488
v 1.562662 3.864595 0.882519
v 1.896045 4.056697 0.686088
v 1.828895 3.995250 0.760729
v 1.855529 4.015600 0.735020
v 1.877881 4.036181 0.710051
v 1.830041 3.995341 0.764097
v 1.742581 3.864713 0.882488
v 1.729101 3.861598 0.884716
v 1.729101 3.836934 0.878086
v 1.735709 3.839523 0.876632
v 1.723011 3.857495 0.887160
v 1.801173 3.964830 0.817794
v 1.814792 3.970595 0.790993
v 1.746931 3.948306 0.832809
v 1.794070 3.948306 0.828112
v 1.635167 3.205144 -0.042017
v 1.618130 3.207419 -0.112232
v 1.608547 3.214812 -0.218214
v 1.609119 3.232503 -0.435027
v 1.652984 3.270242 -0.688656
v 1.742967 3.311028 -0.892388
v 1.857692 3.351814 -1.005251
v 1.972808 3.391597 -1.029533
v 2.081598 3.417532 -1.010760
v 2.183854 3.440737 -0.970149
v 2.278111 3.467354 -0.913868
v 2.357745 3.497217 -0.838835
v 2.439935 3.506433 -0.768698
v 2.513513 3.513674 -0.689838
v 2.450418 3.781909 -0.520470
v 2.263572 4.235425 -0.318797
v 2.269840 4.222986 -0.322069
v 2.131557 4.392666 -0.356463
v 2.147720 4.372491 -0.354052
v 2.111113 4.424350 -0.353744
v 2.089026 4.372492 -0.286287
v 2.103305 4.372491 -0.293809
v 2.064855 4.372492 -0.269766
v 2.076043 4.372491 -0.278169
v 2.083207 4.372492 -0.229182
v 2.149924 4.372492 -0.191614
v 2.097007 4.372492 -0.231815
v 2.111789 4.372492 -0.235959
v 2.164393 4.483752 -0.198007
v 2.283679 4.297966 -0.176981
v 2.318111 4.235425 -0.186173
v 2.293163 4.277735 -0.186405
v 2.286902 4.287754 -0.187837
v 2.338989 4.222986 -0.133290
v 2.349061 4.222986 -0.066967
v 2.463378 4.027829 0.077966
v 2.463749 4.027554 0.073797
v 2.467768 4.027032 0.000000
v 2.338989 4.222986 0.133290
v 1.857689 3.351814 1.005251
v 1.742964 3.311028 0.892388
v 1.715646 3.270242 0.685649
v 1.652984 3.232503 0.437132
v 1.632740 3.214812 0.221517
v 1.641215 3.207419 0.116717
v 1.643901 3.205144 0.044605
v 1.972805 3.391597 1.030178
v 2.081596 3.417532 1.010761
v 2.154542 3.440737 0.983690
v 2.183398 3.467354 0.969319
v 2.270178 3.497217 0.902272
v 1.598614 3.821223 0.909676
v 1.597937 3.786019 0.906682
v 1.708032 3.812624 0.914887
v 1.710036 3.777483 0.911477
v 2.359010 3.506433 0.840343
v 2.359202 3.513674 0.840571
v 2.237080 3.621336 0.853887
v 2.119816 3.727530 0.853125
v 2.094042 3.727530 0.865033
v 2.094006 3.727530 0.866558
v 1.756062 3.752858 0.925308
v 1.762152 3.757063 0.922946
v 1.767491 3.786476 0.925660
v 2.080123 3.781909 0.837735
v 1.987559 3.948306 0.784391
v 1.923293 3.948306 0.804381
v 1.830417 3.948306 0.824365
v 1.925977 4.092215 0.644942
v 1.917761 4.077512 0.661035
v 1.926952 4.057594 0.678263
v 1.943589 4.078100 0.658367
v 1.964067 4.058542 0.672706
v 2.248415 3.817817 0.707846
v 2.218189 3.783266 0.754513
v 2.261409 3.781909 0.724173
v 2.214001 3.783588 0.757317
v 2.210122 3.783053 0.760510
v 2.201119 3.818149 0.741984
v 2.178838 3.802486 0.769409
v 2.185812 3.781909 0.778939
v 2.056437 3.980711 0.722052
v 2.063124 3.978346 0.731338
v 2.177375 3.801459 0.771375
v 2.069541 3.948306 0.745845
v 2.200977 4.372491 0.236224
v 2.325985 4.222986 0.184003
v 2.422331 4.061994 0.188776
v 2.718266 3.513674 0.315655
v 2.681183 3.506433 0.416016
v 2.200977 4.397929 0.236224
v 2.632726 3.497217 0.511537
v 2.576679 3.497217 0.602878
v 2.513279 3.506433 0.689651
v 2.189896 3.716511 0.819298
v 2.206723 3.716416 0.809508
v 2.293046 3.999457 0.517465
v 2.281768 3.992495 0.507671
v 2.292572 3.990310 0.525797
v 2.293099 3.994184 0.521917
v 2.275490 3.817627 0.684023
v 2.316399 3.817340 0.648028
v 2.316638 3.817338 0.647771
v 2.185297 4.000063 0.622480
v 2.188400 4.430393 0.219879
v 2.183762 4.441669 0.214756
v 1.717672 3.851973 0.890449
v 1.592677 3.820175 0.887498
v 1.595932 3.812309 0.891917
v 1.597937 3.829772 0.904424
v 1.911016 4.036697 0.702094
v 1.866314 3.995535 0.752031
v 1.890759 4.016149 0.726560
v 1.867460 3.995626 0.755400
v 1.743307 3.864595 0.882519
v 1.742581 3.840398 0.876141
v 1.723011 3.832729 0.880448
v 1.829374 3.966254 0.814177
v 1.861705 3.967517 0.807037
v 1.873434 3.972133 0.776316
v 1.795296 3.948306 0.827950
v 1.639469 3.205144 -0.043520
v 1.629560 3.207419 -0.115029
v 1.630658 3.214812 -0.221418
v 1.652984 3.232503 -0.437132
v 1.722089 3.270242 -0.685340
v 1.832079 3.311028 -0.879476
v 1.957577 3.351814 -0.980811
v 2.074607 3.391597 -0.993953
v 2.180958 3.417532 -0.964856
v 2.278646 3.440737 -0.914650
v 2.366802 3.467354 -0.849615
v 2.438523 3.497217 -0.767319
v 2.513280 3.506433 -0.689651
v 2.578591 3.513674 -0.604126
v 2.498804 3.781909 -0.441614
v 2.292622 4.235425 -0.258801
v 2.299187 4.222986 -0.261458
v 2.173884 4.372491 -0.316356
v 2.194323 4.372491 -0.283047
v 2.149239 4.372491 -0.352053
v 2.111113 4.372491 -0.353744
v 2.118331 4.372491 -0.300445
v 2.126985 4.372492 -0.241454
v 2.164393 4.372491 -0.198007
v 2.177263 4.456957 -0.207205
v 2.290340 4.279947 -0.191368
v 2.325446 4.222986 -0.186105
v 2.452244 4.028796 -0.147500
v 2.449612 4.031363 -0.154784
v 2.463493 4.027632 -0.077977
v 2.463666 4.027504 -0.076029
v 2.467746 4.026974 -0.001116
v 2.449110 4.032233 0.154686
v 2.452484 4.028941 0.145348
v 1.957574 3.351814 0.980811
v 1.832077 3.311028 0.879476
v 1.722088 3.270242 0.685339
v 1.692759 3.232503 0.435223
v 1.652984 3.214812 0.222394
v 1.642312 3.207419 0.116770
v 1.648420 3.205144 0.045259
v 2.074605 3.391597 0.994598
v 2.151805 3.417532 0.978324
v 2.183852 3.440737 0.970149
v 2.278110 3.467354 0.913868
v 2.357744 3.497217 0.838835
v 1.563387 3.840398 0.876141
v 1.598614 3.794896 0.901697
v 1.597937 3.803773 0.896711
v 1.707355 3.821223 0.909676
v 1.708032 3.786019 0.906682
v 2.439934 3.506433 0.768698
v 2.440148 3.513674 0.768907
v 2.246574 3.716187 0.780798
v 2.234006 3.716259 0.789852
v 2.215683 3.716364 0.803053
v 2.213903 3.716374 0.804335
v 2.169630 3.796014 0.779837
v 2.105085 3.781909 0.826203
v 2.157837 3.781909 0.795318
v 1.771872 3.792685 0.921231
v 1.767491 3.762721 0.919768
v 2.041921 3.948306 0.759743
v 1.993920 3.948306 0.782436
v 1.804689 3.948306 0.826920
v 1.910686 3.970031 0.795853
v 1.942443 4.078009 0.654999
v 1.935595 4.057800 0.676118
v 1.943949 4.037834 0.693581
v 1.983109 4.038962 0.687389
v 2.248882 3.817814 0.707436
v 2.000716 4.019359 0.702417
v 2.013271 3.999574 0.718052
v 1.987303 3.998684 0.725295
v 2.179180 3.727530 0.818368
v 2.156847 3.750495 0.816432
v 2.421524 4.065443 0.183774
v 2.435986 4.043618 0.178955
v 2.744810 3.513674 0.212141
v 2.593620 3.781909 0.182765
v 2.717977 3.506433 0.315569
v 2.679338 3.497217 0.415270
v 2.645317 3.467354 0.518112
v 2.588550 3.467354 0.610627
v 2.511736 3.497217 0.688414
v 2.356694 3.809108 0.611639
v 2.358870 3.808322 0.609967
v 2.250238 3.817805 0.706242
v 2.290956 3.783866 0.696497
v 2.294921 3.783321 0.693409
v 2.331146 3.781909 0.662433
v 2.249800 3.817808 0.706628
v 2.249340 3.817811 0.707032
v 1.713291 3.820175 0.887498
v 1.717672 3.827070 0.883626
v 1.708032 3.829772 0.904424
v 1.710036 3.812309 0.891917
v 1.925988 4.016697 0.718100
v 1.903637 3.996116 0.743069
v 1.904783 3.996207 0.746437
v 1.749454 3.839523 0.876632
v 1.749454 3.863145 0.882416
v 1.796368 3.948306 0.827818
v 1.762153 3.855114 0.885229
v 1.756062 3.859885 0.883327
v 1.643901 3.205144 -0.044605
v 1.641215 3.207419 -0.116718
v 1.652984 3.214812 -0.222489
v 1.696850 3.232503 -0.435027
v 1.790526 3.270242 -0.675423
v 1.919467 3.311028 -0.858094
v 2.054528 3.351814 -0.946925
v 2.172347 3.391597 -0.948798
v 2.275233 3.417532 -0.909660
v 2.367413 3.440737 -0.850342
v 2.448618 3.467354 -0.777180
v 2.511736 3.497217 -0.688414
v 2.578339 3.506433 -0.603962
v 2.634754 3.513674 -0.512596
v 2.539044 3.781909 -0.358506
v 2.315511 4.235425 -0.196314
v 2.322311 4.222986 -0.198329
v 2.198179 4.372491 -0.275165
v 2.207831 4.372492 -0.255231
v 2.194512 4.372492 -0.282739
v 2.167407 4.372492 -0.315738
v 2.185438 4.372492 -0.274971
v 2.163533 4.372491 -0.333226
v 2.131557 4.372491 -0.356463
v 2.151413 4.372491 -0.311854
v 2.133527 4.372491 -0.305941
v 2.142011 4.372492 -0.248090
v 2.177263 4.372491 -0.207205
v 2.184536 4.440202 -0.215069
v 2.298753 4.266078 -0.191348
v 2.324162 4.222987 -0.191112
v 2.316827 4.235425 -0.191180
v 2.421129 4.065205 -0.185875
v 2.448522 4.032131 -0.157220
v 2.442808 4.037522 -0.166763
v 2.434424 4.047314 -0.176313
v 2.465828 4.023645 0.078202
v 2.466029 4.023507 0.075827
v 2.470124 4.023029 0.000000
v 2.054527 3.351814 0.946925
v 1.919465 3.311028 0.858094
v 1.790524 3.270242 0.675423
v 1.696848 3.232503 0.435027
v 1.673229 3.214812 0.221517
v 1.652984 3.207419 0.117232
v 1.648846 3.205144 0.045280
v 2.143670 3.391597 0.962690
v 2.180956 3.417532 0.964856
v 2.278645 3.440737 0.914650
v 2.366801 3.467354 0.849615
v 2.438522 3.497217 0.767319
v 1.707355 3.794896 0.901697
v 2.324059 3.715744 0.718774
v 2.312235 3.715811 0.729192
v 2.250329 3.716166 0.778092
v 2.230293 3.716281 0.792528
v 2.233733 3.739275 0.773983
v 2.229851 3.738737 0.777172
v 0.956122 4.222986 -0.051350
v 0.962156 4.218188 -0.050998
v 0.957326 4.225075 -0.051564
v 1.775127 3.799964 0.916336
v 1.771872 3.769617 0.915895
v 1.982769 3.972873 0.772414
v 1.922214 3.970486 0.792105
v 1.767491 3.849014 0.888049
v 1.771872 3.841821 0.891680
v 1.962921 4.058451 0.669337
v 1.953084 4.038083 0.691284
v 1.960946 4.018073 0.708899
v 1.981964 4.038871 0.684020
v 2.204880 3.774453 0.745772
v 2.208980 3.774043 0.742857
v 2.222527 3.782100 0.752204
v 2.201104 3.774022 0.749096
v 2.043859 3.980491 0.727850
v 2.035331 3.977010 0.746289
v 1.979089 3.998403 0.727586
v 2.434818 4.047552 0.174212
v 2.444597 4.033561 0.169146
v 2.760840 3.513674 0.106584
v 2.607430 3.781909 0.091825
v 2.744514 3.506433 0.212083
v 2.452275 4.026751 0.155301
v 2.450466 4.028024 0.159344
v 2.716066 3.497217 0.315003
v 2.692529 3.467354 0.420607
v 2.646167 3.440737 0.518555
v 2.589350 3.440737 0.611149
v 2.522772 3.467354 0.697261
v 2.356881 3.718580 0.687571
v 2.287301 3.783556 0.699973
v 2.334246 3.817214 0.628901
v 2.370724 3.792896 0.610382
v 1.708032 3.803773 0.896711
v 1.940960 3.996696 0.734106
v 1.931916 3.974246 0.761124
v 1.942106 3.996788 0.737474
v 1.756062 3.836934 0.878086
v 1.775127 3.777483 0.911477
v 1.777131 3.786019 0.906682
v 1.777808 3.794896 0.901697
v 1.777131 3.803773 0.896711
v 1.775127 3.812309 0.891917
v 1.771872 3.820175 0.887498
v 1.767491 3.827070 0.883626
v 1.762153 3.832729 0.880448
v 1.648420 3.205144 -0.045260
v 1.652984 3.207419 -0.117282
v 1.675311 3.214812 -0.221418
v 1.740291 3.232503 -0.428733
v 1.857639 3.270242 -0.659002
v 2.004288 3.311028 -0.828448
v 2.147613 3.351814 -0.903920
v 2.265084 3.391597 -0.894502
v 2.363515 3.417532 -0.845703
v 2.449299 3.440737 -0.777845
v 2.522773 3.467354 -0.697261
v 2.576679 3.497217 -0.602878
v 2.634488 3.506433 -0.512457
v 2.681463 3.513674 -0.416129
v 2.570751 3.781909 -0.271945
v 2.207156 4.372492 -0.250729
v 2.207156 4.377014 -0.250729
v 2.156290 4.372492 -0.255612
v 2.188038 4.431752 -0.218855
v 2.188038 4.372491 -0.218855
v 2.421937 4.061756 -0.190877
v 2.454167 4.024525 -0.151552
v 2.452777 4.025881 -0.155399
v 2.465934 4.023465 -0.078211
v 2.454407 4.024670 0.149400
v 2.470101 4.022973 -0.001116
v 2.612048 3.781909 0.000000
v 2.120302 3.351814 0.916537
v 2.004286 3.311028 0.828448
v 1.857637 3.270242 0.659002
v 1.740290 3.232503 0.428732
v 1.675310 3.214812 0.221417
v 1.663656 3.207419 0.116770
v 1.652984 3.205144 0.045459
v 2.172345 3.391597 0.949443
v 2.275231 3.417532 0.909660
v 2.367412 3.440737 0.850342
v 2.448618 3.467354 0.777180
v 2.327526 3.715724 0.715721
v 2.308800 3.715831 0.732218
v 2.310493 3.739358 0.712916
v 2.306836 3.739046 0.716389
v 2.253882 3.716146 0.775532
v 2.237162 3.740655 0.770536
v 2.226629 3.716302 0.795167
v 2.225665 3.739060 0.779979
v 2.225598 3.731127 0.763686
v 2.221823 3.730696 0.767009
v 2.203174 3.727530 0.804320
v 2.204787 3.753752 0.784847
v 2.203733 3.755405 0.784457
v 2.205856 3.752076 0.785243
v 2.217610 3.716353 0.801665
v 1.777131 3.808034 0.911164
v 1.989976 3.973466 0.769874
v 1.970227 4.018360 0.706532
v 1.977944 3.998312 0.724217
v 1.999570 4.019268 0.699048
v 2.213249 3.772808 0.740461
v 2.222948 3.781909 0.752036
v 2.207267 3.781909 0.763396
v 2.012125 3.999483 0.714683
v 1.986157 3.998593 0.721926
v 2.443202 4.037760 0.164662
v 2.766200 3.513674 0.000000
v 2.760539 3.506433 0.106555
v 2.742555 3.497217 0.211703
v 2.448916 4.032370 0.155119
v 2.729728 3.467354 0.319052
v 2.693418 3.440737 0.420967
v 2.640748 3.417532 0.515726
v 2.584242 3.417532 0.607815
v 2.523516 3.440737 0.697857
v 2.281765 3.774662 0.684864
v 2.285866 3.774252 0.681948
v 2.299044 3.781940 0.690829
v 1.990397 3.976360 0.745931
v 1.652984 3.205144 -0.045479
v 1.664754 3.207419 -0.116718
v 1.697421 3.214812 -0.218214
v 1.782891 3.232503 -0.418309
v 1.922780 3.270242 -0.636234
v 2.085726 3.311028 -0.790823
v 2.235934 3.351814 -0.852210
v 2.351927 3.391597 -0.831588
v 2.444955 3.417532 -0.773602
v 2.523517 3.440737 -0.697857
v 2.588550 3.467354 -0.610627
v 2.632726 3.497217 -0.511537
v 2.681183 3.506433 -0.416016
v 2.718266 3.513674 -0.315655
v 2.200788 4.399117 -0.235066
v 2.170825 4.372492 -0.264615
v 2.435592 4.043380 -0.181056
v 2.607430 3.781909 -0.091824
v 2.593620 3.781909 -0.182765
v 2.465946 4.023457 -0.078059
v 2.147611 3.351814 0.903920
v 2.061832 3.311028 0.801862
v 1.922779 3.270242 0.636234
v 1.782890 3.232503 0.418309
v 1.697421 3.214812 0.218214
v 1.664753 3.207419 0.116717
v 1.657123 3.205144 0.045280
v 2.265083 3.391597 0.895147
v 2.363514 3.417532 0.845703
v 2.449299 3.440737 0.777845
v 2.330837 3.715705 0.712803
v 2.313704 3.740520 0.709193
v 2.305443 3.715850 0.735175
v 2.302875 3.739595 0.719481
v 2.257071 3.716127 0.773235
v 2.240005 3.742822 0.766963
v 2.228903 3.732382 0.760082
v 2.223193 3.716321 0.797642
v 2.221334 3.740234 0.782297
v 2.217722 3.731106 0.769925
v 2.197944 3.744151 0.775228
v 2.196845 3.745797 0.774794
v 2.209136 3.748248 0.785538
v 2.220144 3.716339 0.799839
v 2.153730 3.776995 0.800934
v 1.777808 3.816586 0.905914
v 1.775127 3.833810 0.895981
v 2.226835 3.780123 0.750466
v 2.217522 3.770796 0.738678
v 2.206700 3.781680 0.763966
v 2.197800 3.772766 0.752700
v 2.765898 3.506433 0.000000
v 2.758552 3.497217 0.106364
v 2.756558 3.467354 0.214424
v 2.730649 3.440737 0.319325
v 2.687742 3.417532 0.418670
v 2.624639 3.391597 0.507637
v 2.569054 3.391597 0.598224
v 2.518767 3.417532 0.694051
v 2.353264 3.715576 0.693045
v 2.336406 3.715673 0.707897
v 2.319978 3.752323 0.694708
v 2.319545 3.748504 0.697981
v 2.277990 3.774230 0.688187
v 2.284097 3.782401 0.703704
v 2.290135 3.773017 0.679552
v 2.303153 3.779764 0.688839
v 1.657548 3.205144 -0.045260
v 1.676409 3.207419 -0.115029
v 1.719104 3.214812 -0.212909
v 1.824240 3.232503 -0.403857
v 1.985323 3.270242 -0.607340
v 2.162997 3.311028 -0.745583
v 2.318641 3.351814 -0.792292
v 2.432039 3.391597 -0.760663
v 2.518768 3.417532 -0.694051
v 2.589351 3.440737 -0.611149
v 2.645318 3.467354 -0.518111
v 2.679338 3.497217 -0.415270
v 2.717977 3.506433 -0.315569
v 2.744811 3.513674 -0.212141
v 2.200788 4.372491 -0.235066
v 2.444203 4.033322 -0.171248
v 2.450072 4.027786 -0.161446
v 2.631288 3.730857 -0.129796
v 2.631820 3.728628 -0.134808
v 2.235933 3.351814 0.852210
v 2.085725 3.311028 0.790823
v 1.966973 3.270242 0.615817
v 1.824239 3.232503 0.403857
v 1.719103 3.214812 0.212909
v 1.676409 3.207419 0.115029
v 1.657548 3.205144 0.045259
v 2.351926 3.391597 0.832233
v 2.444954 3.417532 0.773602
v 1.777131 3.825289 0.900787
v 2.333840 3.715688 0.710157
v 2.316347 3.742486 0.705366
v 2.305788 3.732591 0.699173
v 2.302483 3.731336 0.702777
v 2.302329 3.715868 0.737919
v 2.298760 3.740984 0.722072
v 2.298708 3.730905 0.706101
v 2.294607 3.731315 0.709017
v 2.285451 3.715965 0.752789
v 2.242154 3.745696 0.763401
v 2.231609 3.734414 0.756336
v 2.217027 3.742212 0.784036
v 2.213453 3.732340 0.772321
v 2.195761 3.747421 0.774366
v 2.201274 3.740374 0.775586
v 2.212909 3.744918 0.785131
v 2.230954 3.777417 0.749371
v 2.221634 3.768084 0.737575
v 2.203857 3.779512 0.767539
v 2.195093 3.770735 0.756446
v 2.203194 3.756252 0.784257
v 2.654499 3.706119 -0.021971
v 2.651750 3.710893 -0.022069
v 2.657164 3.701396 -0.022949
v 2.760539 3.506433 -0.106555
v 2.760840 3.513674 -0.106583
v 2.763901 3.497217 0.000000
v 2.772760 3.467354 0.107731
v 2.757503 3.440737 0.214607
v 2.724771 3.417532 0.317583
v 2.670866 3.391597 0.412165
v 2.525428 3.351814 0.569428
v 2.578365 3.351814 0.483155
v 2.504647 3.391597 0.683053
v 2.319600 3.756494 0.691886
v 2.274685 3.772975 0.691792
v 2.283434 3.781909 0.704674
v 2.294407 3.771005 0.677769
v 2.307098 3.776884 0.687525
v 1.662068 3.205144 -0.044605
v 1.687839 3.207419 -0.112232
v 1.740149 3.214812 -0.205553
v 1.863940 3.232503 -0.385516
v 2.044666 3.270242 -0.572596
v 2.235355 3.311028 -0.693162
v 2.394938 3.351814 -0.724745
v 2.504647 3.391597 -0.682409
v 2.584243 3.417532 -0.607815
v 2.646167 3.440737 -0.518555
v 2.692529 3.467354 -0.420607
v 2.716066 3.497217 -0.315003
v 2.744514 3.506433 -0.212083
v 2.644162 3.703660 -0.148943
v 2.646996 3.699079 -0.147787
v 2.617862 3.723060 -0.127595
v 2.618351 3.720807 -0.132599
v 2.631310 3.732217 -0.124456
v 2.632885 3.725618 -0.139299
v 2.639132 3.731080 -0.042293
v 2.638439 3.731811 -0.047712
v 2.318640 3.351814 0.792292
v 2.162996 3.311028 0.745583
v 1.985322 3.270242 0.607340
v 1.852292 3.232503 0.390897
v 1.740149 3.214812 0.205553
v 1.687838 3.207419 0.112232
v 1.662068 3.205144 0.044605
v 2.432038 3.391597 0.761307
v 2.318319 3.745183 0.701580
v 2.308495 3.734622 0.695427
v 2.299596 3.715884 0.740327
v 2.294652 3.743161 0.724063
v 2.290339 3.732549 0.711412
v 2.295689 3.715906 0.743769
v 2.243526 3.749163 0.759987
v 2.233615 3.737143 0.752592
v 2.209180 3.734353 0.774104
v 2.193087 3.768006 0.760190
v 2.191861 3.764683 0.763788
v 2.191460 3.760896 0.767101
v 2.191900 3.756789 0.770003
v 2.193165 3.752519 0.772382
v 2.205068 3.737065 0.775207
v 2.234842 3.740465 0.748994
v 2.235242 3.744253 0.745681
v 2.234802 3.748360 0.742779
v 2.233537 3.752629 0.740400
v 2.231496 3.756896 0.738635
v 2.228759 3.760998 0.737553
v 2.225429 3.764775 0.737195
v 2.234726 3.774086 0.748964
v 2.201708 3.776639 0.771101
v 2.201251 3.760617 0.782617
v 2.195206 3.748252 0.774146
v 2.649023 3.715537 -0.023239
v 2.642375 3.706119 -0.021971
v 2.639626 3.710893 -0.022069
v 2.645040 3.701396 -0.022949
v 2.659642 3.696907 -0.024965
v 2.758552 3.497217 -0.106363
v 2.666189 3.683129 -0.052224
v 2.666349 3.683333 -0.046719
v 2.778179 3.467354 0.000000
v 2.773718 3.440737 0.107823
v 2.751477 3.417532 0.213436
v 2.707290 3.391597 0.312725
v 2.622391 3.351814 0.392229
v 2.464088 3.351814 0.650217
v 2.416269 3.311028 0.498182
v 2.462584 3.311028 0.422704
v 2.311687 3.748569 0.681870
v 2.312127 3.744461 0.684772
v 2.318428 3.760855 0.689624
v 2.281457 3.780438 0.707536
v 2.271978 3.770944 0.695538
v 2.298520 3.768293 0.676666
v 2.310729 3.773412 0.686938
v 1.666500 3.205144 -0.043520
v 1.698933 3.207419 -0.108355
v 1.760356 3.214812 -0.196218
v 1.901609 3.232503 -0.363462
v 2.100236 3.270242 -0.532337
v 2.302106 3.311028 -0.634066
v 2.464089 3.351814 -0.650217
v 2.569054 3.391597 -0.597579
v 2.640749 3.417532 -0.515726
v 2.693419 3.440737 -0.420967
v 2.729729 3.467354 -0.319051
v 2.742556 3.497217 -0.211703
v 2.641386 3.708420 -0.149035
v 2.649780 3.694851 -0.145611
v 2.630575 3.695771 -0.146715
v 2.633420 3.691196 -0.145561
v 2.619377 3.717774 -0.137084
v 2.617930 3.724448 -0.122263
v 2.631883 3.732658 -0.118993
v 2.634442 3.721941 -0.143096
v 2.640331 3.729441 -0.037170
v 2.638279 3.731607 -0.053217
v 2.627007 3.731080 -0.042293
v 2.626314 3.731811 -0.047712
v 2.394937 3.351814 0.724744
v 2.235355 3.311028 0.693162
v 2.044665 3.270242 0.572596
v 1.863940 3.232503 0.385516
v 1.754427 3.214812 0.198956
v 1.698932 3.207419 0.108355
v 1.666500 3.205144 0.043520
v 2.310500 3.737352 0.691683
v 2.311727 3.740674 0.688085
v 2.310422 3.752838 0.679491
v 2.308382 3.757105 0.677727
v 2.305644 3.761206 0.676645
v 2.302314 3.764984 0.676287
v 2.269973 3.768215 0.699281
v 2.268746 3.764892 0.702879
v 2.268345 3.761105 0.706193
v 2.268786 3.756998 0.709095
v 2.270051 3.752728 0.711473
v 2.272091 3.748461 0.713238
v 2.274829 3.744360 0.714320
v 2.278159 3.740582 0.714678
v 2.281953 3.737274 0.714298
v 2.286066 3.734561 0.713195
v 2.297356 3.715897 0.742300
v 2.290706 3.746040 0.725377
v 2.283900 3.753444 0.725800
v 2.281300 3.757684 0.724894
v 2.200336 3.773172 0.774516
v 2.238006 3.770259 0.749259
v 2.200103 3.765004 0.780386
v 2.646422 3.719870 -0.025436
v 2.636899 3.715537 -0.023239
v 2.647518 3.696907 -0.024965
v 2.661839 3.692823 -0.027943
v 2.656795 3.685807 -0.133978
v 2.658387 3.684393 -0.128895
v 2.772761 3.467354 -0.107730
v 2.654065 3.683129 -0.052224
v 2.654224 3.683333 -0.046719
v 2.665496 3.683861 -0.057643
v 2.665969 3.684464 -0.041339
v 2.779141 3.440737 0.000000
v 2.767605 3.417532 0.107235
v 2.733562 3.391597 0.210278
v 2.657081 3.351814 0.297525
v 2.501101 3.311028 0.343154
v 2.362604 3.311028 0.568863
v 2.239175 3.270242 0.382596
v 2.274744 3.270242 0.324629
v 2.316504 3.765240 0.688008
v 2.279485 3.777742 0.711322
v 2.313905 3.769480 0.687101
v 1.670802 3.205144 -0.042017
v 1.709584 3.207419 -0.103434
v 1.779528 3.214812 -0.184993
v 1.936882 3.232503 -0.337907
v 2.151499 3.270242 -0.486952
v 2.362605 3.311028 -0.568863
v 2.525428 3.351814 -0.569428
v 2.624639 3.391597 -0.506992
v 2.687743 3.417532 -0.418670
v 2.730650 3.440737 -0.319324
v 2.756559 3.467354 -0.214423
v 2.638776 3.713174 -0.148060
v 2.627797 3.700529 -0.146807
v 2.636225 3.686979 -0.143389
v 2.652407 3.691138 -0.142499
v 2.620901 3.714078 -0.140876
v 2.618553 3.724917 -0.116808
v 2.619705 3.724448 -0.111440
v 2.621343 3.723060 -0.106365
v 2.623404 3.720807 -0.101778
v 2.625808 3.717774 -0.097856
v 2.628463 3.714078 -0.094749
v 2.631268 3.709862 -0.092577
v 2.634114 3.705287 -0.091422
v 2.636892 3.700529 -0.091330
v 2.639495 3.695771 -0.092304
v 2.641823 3.691196 -0.094307
v 2.643787 3.686979 -0.097261
v 2.645312 3.683283 -0.101054
v 2.646338 3.680251 -0.105538
v 2.646826 3.677997 -0.110543
v 2.646758 3.676609 -0.115875
v 2.646136 3.676141 -0.121330
v 2.644984 3.676609 -0.126698
v 2.643346 3.677997 -0.131773
v 2.641285 3.680251 -0.136359
v 2.638880 3.683283 -0.140282
v 2.625194 3.705287 -0.145833
v 2.622865 3.709862 -0.143830
v 2.632988 3.732162 -0.113617
v 2.636431 3.717739 -0.146054
v 2.641991 3.726958 -0.032538
v 2.628207 3.729441 -0.037170
v 2.626155 3.731607 -0.053217
v 2.638659 3.730476 -0.058598
v 2.302105 3.311028 0.634066
v 2.100235 3.270242 0.532337
v 1.901608 3.232503 0.363462
v 1.760355 3.214812 0.196218
v 1.706459 3.207419 0.104877
v 1.670802 3.205144 0.042017
v 2.287076 3.749513 0.725964
v 2.244068 3.753092 0.756851
v 2.199795 3.769243 0.777651
v 2.240669 3.766083 0.750245
v 2.644048 3.723726 -0.028576
v 2.634298 3.719870 -0.025436
v 2.649715 3.692823 -0.027943
v 2.663670 3.689303 -0.031766
v 2.654776 3.688084 -0.138571
v 2.659492 3.683896 -0.123519
v 2.773719 3.440737 -0.107823
v 2.653845 3.684464 -0.041339
v 2.653372 3.683861 -0.057643
v 2.664297 3.685499 -0.062767
v 2.665064 3.686480 -0.036290
v 2.772998 3.417532 0.000000
v 2.749426 3.391597 0.105808
v 2.682101 3.351814 0.199957
v 2.531450 3.311028 0.260300
v 2.304324 3.270242 0.263537
v 2.197961 3.270242 0.436878
v 2.025076 3.232503 0.242857
v 2.047653 3.232503 0.206062
v 2.278260 3.774420 0.714920
v 1.674932 3.205144 -0.040108
v 1.719690 3.207419 -0.097517
v 1.797481 3.214812 -0.171986
v 1.969422 3.232503 -0.309099
v 2.197961 3.270242 -0.436878
v 2.416270 3.311028 -0.498182
v 2.578366 3.351814 -0.483155
v 2.670866 3.391597 -0.411519
v 2.724771 3.417532 -0.317582
v 2.757503 3.440737 -0.214607
v 2.634580 3.730747 -0.108535
v 2.629867 3.726958 -0.032538
v 2.626534 3.730476 -0.058598
v 2.639563 3.728460 -0.063647
v 2.151499 3.270242 0.486952
v 1.936882 3.232503 0.337907
v 1.779528 3.214812 0.184993
v 1.709584 3.207419 0.103434
v 1.673720 3.205144 0.040668
v 2.243759 3.757331 0.754116
v 2.242611 3.761717 0.751885
v 2.631923 3.723726 -0.028576
v 2.651546 3.689303 -0.031766
v 2.660065 3.684337 -0.118057
v 2.767605 3.417532 -0.107234
v 2.652940 3.686480 -0.036290
v 2.652173 3.685499 -0.062767
v 2.654861 3.698976 -0.096388
v 2.662637 3.687982 -0.067399
v 2.754731 3.391597 0.000323
v 2.697210 3.351814 0.100462
v 2.553340 3.311028 0.174938
v 2.327632 3.270242 0.199906
v 2.066430 3.232503 0.167283
v 1.998915 3.232503 0.277313
v 1.842369 3.214812 0.123608
v 1.853861 3.214812 0.104880
v 2.277827 3.770601 0.718194
v 1.678851 3.205144 -0.037814
v 1.729154 3.207419 -0.090660
v 1.814043 3.214812 -0.157323
v 1.998915 3.232503 -0.277313
v 2.239175 3.270242 -0.382596
v 2.462584 3.311028 -0.422703
v 2.622392 3.351814 -0.392229
v 2.707291 3.391597 -0.312080
v 2.751477 3.417532 -0.213436
v 2.636600 3.728470 -0.103942
v 2.627439 3.728460 -0.063647
v 2.640958 3.725638 -0.068170
v 2.643635 3.718605 -0.095308
v 1.969422 3.232503 0.309098
v 1.797481 3.214812 0.171986
v 1.719690 3.207419 0.097516
v 1.674932 3.205144 0.040108
v 2.279377 3.762069 0.723278
v 2.660087 3.685697 -0.112717
v 2.749426 3.391597 -0.105163
v 2.643481 3.699404 -0.076698
v 2.640754 3.704047 -0.077868
v 2.638005 3.708822 -0.077966
v 2.635340 3.713545 -0.076987
v 2.632861 3.718034 -0.074971
v 2.630664 3.722117 -0.071994
v 2.628834 3.725638 -0.068170
v 2.650513 3.687982 -0.067399
v 2.648456 3.691214 -0.071361
v 2.646082 3.695071 -0.074501
v 2.660580 3.691214 -0.071361
v 2.654944 3.698815 -0.096458
v 2.702262 3.351814 0.000000
v 2.566559 3.311028 0.087893
v 2.344443 3.270242 0.134350
v 2.081225 3.232503 0.126892
v 1.863418 3.214812 0.085143
v 1.829054 3.214812 0.141145
v 1.752816 3.207419 0.065158
v 1.758874 3.207419 0.055286
v 2.278204 3.766430 0.721016
v 1.682521 3.205144 -0.035155
v 1.737885 3.207419 -0.082931
v 1.829054 3.214812 -0.141145
v 2.025076 3.232503 -0.242857
v 2.274744 3.270242 -0.324629
v 2.501101 3.311028 -0.343154
v 2.657081 3.351814 -0.297525
v 2.733562 3.391597 -0.209633
v 2.638968 3.725416 -0.100014
v 2.641595 3.721703 -0.096902
v 2.642789 3.722117 -0.071994
v 1.814043 3.214812 0.157323
v 1.729154 3.207419 0.090660
v 1.678851 3.205144 0.037814
v 2.659555 3.687926 -0.107705
v 2.697210 3.351814 -0.100462
v 2.658206 3.695071 -0.074501
v 2.652471 3.703306 -0.094432
v 2.656933 3.694613 -0.099416
v 2.570979 3.311028 0.000000
v 2.354595 3.270242 0.067500
v 2.091896 3.232503 0.085280
v 1.870948 3.214812 0.064585
v 1.763912 3.207419 0.044882
v 1.745797 3.207419 0.074403
v 1.691696 3.205144 0.025266
v 1.694045 3.205144 0.021438
v 1.685906 3.205144 -0.032158
v 1.745798 3.207419 -0.074403
v 1.842369 3.214812 -0.123608
v 2.047653 3.232503 -0.206062
v 2.304325 3.270242 -0.263537
v 2.531451 3.311028 -0.260299
v 2.682101 3.351814 -0.199956
v 2.644330 3.717447 -0.094718
v 2.644986 3.718034 -0.074971
v 1.737885 3.207419 0.082931
v 1.682521 3.205144 0.035155
v 2.658490 3.690936 -0.103214
v 2.566559 3.311028 -0.087892
v 2.655605 3.699404 -0.076698
v 2.649806 3.708028 -0.093448
v 2.357990 3.270242 0.000000
v 2.098340 3.232503 0.042846
v 1.876379 3.214812 0.043405
v 1.767881 3.207419 0.034045
v 1.695999 3.205144 0.017404
v 1.688975 3.205144 0.028851
v 1.688975 3.205144 -0.028851
v 1.752817 3.207419 -0.065159
v 1.853861 3.214812 -0.104880
v 2.066430 3.232503 -0.167283
v 2.327632 3.270242 -0.199906
v 2.553340 3.311028 -0.174938
v 2.647058 3.712803 -0.093544
v 2.647464 3.713545 -0.076987
v 1.685906 3.205144 0.032158
v 2.354595 3.270242 -0.067500
v 2.652878 3.704047 -0.077868
v 2.650129 3.708822 -0.077966
v 2.100494 3.232503 0.000000
v 1.879659 3.214812 0.021808
v 1.770744 3.207419 0.022881
v 1.697538 3.205144 0.013202
v 1.691696 3.205144 -0.025267
v 1.758874 3.207419 -0.055286
v 1.863418 3.214812 -0.085143
v 2.081225 3.232503 -0.126892
v 2.344443 3.270242 -0.134350
v 2.098340 3.232503 -0.042846
v 1.880756 3.214812 -0.000000
v 1.772473 3.207419 0.011496
v 1.698648 3.205144 0.008872
v 1.694045 3.205144 -0.021438
v 1.763912 3.207419 -0.044882
v 1.870948 3.214812 -0.064585
v 2.091896 3.232503 -0.085280
v 1.879659 3.214812 -0.021808
v 1.773051 3.207419 -0.000000
v 1.699319 3.205144 0.004458
v 1.695999 3.205144 -0.017404
v 1.767881 3.207419 -0.034045
v 1.876379 3.214812 -0.043405
v 1.772473 3.207419 -0.011496
v 1.699543 3.205144 -0.000000
v 1.697538 3.205144 -0.013202
v 1.770744 3.207419 -0.022881
v 1.699319 3.205144 -0.004458
v 1.698648 3.205144 -0.008872
v 0.981917 4.270114 -0.028889
v 0.991359 4.262868 -0.028889
v 0.987821 4.257456 -0.036768
v 0.993988 4.266891 -0.019899
v 0.984496 4.275755 -0.016093
v 0.976611 4.259809 -0.040447
v 0.983510 4.250860 -0.043235
v 0.995607 4.269367 -0.010145
v 0.985164 4.277448 -0.010145
v 0.974897 4.256562 -0.043235
v 0.985180 4.277824 -0.006177
v 0.972419 4.251996 -0.045840
v 0.978592 4.243335 -0.048040
v 0.985196 4.278347 -0.000546
v 0.996154 4.270204 -0.000001
v 0.985197 4.278398 -0.000001
v 0.970281 4.248061 -0.048040
v 0.985197 4.278398 0.000000
v 0.967692 4.243397 -0.049549
v 0.973256 4.235170 -0.050998
v 0.995607 4.269367 0.010143
v 0.965153 4.238825 -0.050998
v 0.984724 4.276341 0.013960
v 0.963229 4.235425 -0.051355
v 0.967706 4.226679 -0.051998
v 0.993988 4.266891 0.019898
v 0.984057 4.274651 0.019898
v 0.983195 4.272827 0.023470
v 0.991359 4.262868 0.028887
v 0.981917 4.270114 0.028887
v 0.954094 4.219570 -0.050998
v 0.980630 4.267575 0.032127
v 0.951933 4.215997 -0.049845
v 0.956819 4.210023 -0.048040
v 0.987821 4.257456 0.036766
v 0.978825 4.264008 0.036766
v 0.948481 4.210286 -0.048040
v 0.977107 4.260754 0.039562
v 0.946683 4.207373 -0.046383
v 0.951901 4.202498 -0.043235
v 0.983510 4.250860 0.043233
v 0.974896 4.256562 0.043233
v 0.943193 4.201714 -0.043235
v 0.972748 4.252606 0.045446
v 0.941783 4.199484 -0.041290
v 0.947590 4.195903 -0.036768
v 0.978592 4.243335 0.048038
v 0.970281 4.248061 0.048038
v 0.938436 4.194185 -0.036768
v 0.967717 4.243443 0.049503
v 0.937403 4.192605 -0.034724
v 0.944052 4.190490 -0.028889
v 0.973256 4.235170 0.050997
v 0.965153 4.238825 0.050997
v 0.934396 4.187994 -0.028889
v 0.963229 4.235425 0.051347
v 0.933701 4.186984 -0.026886
v 0.941423 4.186468 -0.019899
v 0.967706 4.226679 0.051996
v 0.931230 4.183383 -0.019899
v 0.956469 4.223586 0.051418
v 0.930819 4.182846 -0.018022
v 0.939804 4.183991 -0.010145
v 0.956123 4.222986 0.051355
v 0.962156 4.218188 0.050997
v 0.954094 4.219570 0.050997
v 0.929065 4.180538 -0.010145
v 0.930420 4.182321 -0.016232
v 0.950549 4.213706 0.049141
v 0.939258 4.183155 -0.000001
v 0.956819 4.210023 0.048038
v 0.948481 4.210286 0.048038
v 0.944886 4.204457 0.044791
v 0.927985 4.179570 0.000000
v 0.939804 4.183991 0.010143
v 0.951901 4.202498 0.043233
v 0.943193 4.201714 0.043233
v 0.929441 4.181030 0.011859
v 0.941423 4.186468 0.019897
v 0.947590 4.195903 0.036766
v 0.930239 4.182080 0.015447
v 0.931230 4.183383 0.019897
v 0.935339 4.189436 0.030752
v 0.931861 4.184299 0.021714
v 0.944052 4.190490 0.028887
v 0.934396 4.187994 0.028887
v 2.284408 4.272285 -0.187193
v 2.416381 4.054321 -0.186826
v 2.287333 4.270134 -0.182264
v 2.278088 4.290509 -0.172918
v 2.274912 4.293211 -0.177594
v 2.415825 4.057921 -0.181907
v 2.270456 4.305817 -0.167981
v 2.430510 4.036232 -0.177162
v 2.429580 4.040309 -0.172497
v 2.273749 4.302782 -0.163559
v 2.439599 4.026464 -0.167511
v 2.438430 4.030799 -0.163101
v 2.272076 4.310651 -0.154192
v 2.268737 4.313899 -0.158360
v 2.271848 4.316134 -0.144821
v 2.268503 4.319531 -0.148736
v 2.445950 4.021219 -0.157868
v 2.444613 4.025693 -0.153712
v 2.450818 4.018425 -0.148229
v 2.449352 4.022973 -0.144328
v 2.284546 4.315631 -0.076028
v 2.282148 4.319607 -0.078059
v 2.463935 4.018182 -0.078059
v 2.461537 4.022159 -0.076029
v 2.287309 4.319730 -0.001116
v 2.289708 4.315753 -0.001116
v 2.469096 4.018305 -0.001116
v 2.466698 4.022281 -0.001116
v 2.284546 4.315631 0.073797
v 2.282148 4.319607 0.075827
v 2.463935 4.018182 0.075827
v 2.461537 4.022159 0.073797
v 2.271848 4.316134 0.142590
v 2.268503 4.319531 0.146504
v 2.449352 4.022973 0.142096
v 2.450818 4.018425 0.145998
v 2.268737 4.313899 0.156129
v 2.272076 4.310651 0.151961
v 2.445950 4.021219 0.155637
v 2.444613 4.025693 0.151481
v 2.273749 4.302782 0.161328
v 2.270456 4.305817 0.165750
v 2.439599 4.026464 0.165280
v 2.438430 4.030799 0.160870
v 2.430510 4.036232 0.174930
v 2.429580 4.040309 0.170266
v 2.278088 4.290509 0.170687
v 2.274912 4.293211 0.175363
v 2.416381 4.054321 0.184595
v 2.415825 4.057921 0.179676
v 2.284408 4.272285 0.184962
v 2.287333 4.270134 0.180033
v 1.584888 4.208821 0.650149
v 1.652984 4.204582 0.650149
v 1.652984 3.781909 0.936423
v 1.721081 4.208821 0.650149
v 1.652984 3.391597 1.081536
v 1.652984 3.351814 1.024508
v 1.652984 3.417532 1.093573
v 1.652984 3.311028 0.896323
v 1.652984 3.440737 1.099572
v 1.652984 3.270242 0.688362
v 1.652984 3.467354 1.098632
v 1.652984 3.232503 0.436945
v 1.652984 3.497217 1.084691
v 1.652984 3.506433 1.086641
v 1.652984 3.513674 1.086936
v 1.652984 3.204191 0.004539
v 1.665499 3.663391 1.001359
v 1.665499 3.663391 0.984321
v 1.665499 3.688421 0.984321
v 1.665499 3.688421 1.006090
v 1.640469 3.663391 1.001359
v 1.640469 3.663391 0.984321
v 1.640469 3.688421 1.006090
v 1.640469 3.688421 0.984321
v 1.665499 3.663391 -1.001359
v 1.665499 3.688421 -1.006090
v 1.665499 3.688421 -0.984321
v 1.665499 3.663391 -0.984321
v 1.640469 3.663391 -1.001359
v 1.640469 3.688421 -1.006090
v 1.640469 3.663391 -0.984321
v 1.640469 3.688421 -0.984321
v 2.675448 3.663391 -0.012515
v 2.658052 3.663391 -0.012515
v 2.658052 3.688421 -0.012515
v 2.680280 3.688421 -0.012515
v 2.675448 3.663391 0.012515
v 2.658052 3.663391 0.012515
v 2.680280 3.688421 0.012515
v 2.658052 3.688421 0.012515
v 0.630520 3.663391 -0.012515
v 0.625689 3.688421 -0.012515
v 0.647917 3.688421 -0.012515
v 0.647917 3.663391 -0.012515
v 0.630520 3.663391 0.012515
v 0.625689 3.688421 0.012515
v 0.647917 3.663391 0.012515
v 0.647917 3.688421 0.012515
v 1.507645 4.783827 -0.169353
v 1.497593 4.769289 -0.171668
v 1.504146 4.767431 -0.163638
v 1.514216 4.783827 -0.161301
v 1.501073 4.783827 -0.177405
v 1.491039 4.771148 -0.179699
v 1.526495 4.783827 -0.171321
v 1.519923 4.783827 -0.179374
v 1.519215 4.767431 -0.175936
v 1.460689 4.732795 -0.186636
v 1.467189 4.725317 -0.178671
v 1.538773 4.783827 -0.181342
v 1.532201 4.783827 -0.189394
v 1.513351 4.783827 -0.187426
v 1.473689 4.717838 -0.170707
v 1.497198 4.717838 -0.189893
v 1.534284 4.767431 -0.188233
v 1.484198 4.732795 -0.205822
v 1.506108 4.771148 -0.191997
v 1.633376 4.783827 -0.220095
v 1.632035 4.783827 -0.230402
v 1.525629 4.783827 -0.197447
v 1.420306 4.681764 -0.195866
v 1.426734 4.666806 -0.187989
v 1.433162 4.651849 -0.180112
v 1.467901 4.651849 -0.208464
v 1.520707 4.717838 -0.209079
v 1.626004 4.767330 -0.227433
v 1.455045 4.681764 -0.224218
v 1.507707 4.732795 -0.225008
v 1.521176 4.771148 -0.204295
v 1.630693 4.783827 -0.240709
v 1.649092 4.783827 -0.222141
v 1.647750 4.783827 -0.232447
v 1.461473 4.666806 -0.216341
v 1.502640 4.651849 -0.236815
v 1.489784 4.681764 -0.252569
v 1.527730 4.769289 -0.196264
v 1.514207 4.725317 -0.217043
v 1.623329 4.771069 -0.247990
v 1.646409 4.783827 -0.242754
v 1.664807 4.783827 -0.224186
v 1.663466 4.783827 -0.234493
v 1.645314 4.767330 -0.229946
v 1.496212 4.666806 -0.244692
v 1.624667 4.769199 -0.237712
v 1.642638 4.771069 -0.250504
v 1.662124 4.783827 -0.244800
v 1.664623 4.767330 -0.232459
v 1.663285 4.769199 -0.242738
v 1.603891 4.717838 -0.249447
v 1.633981 4.717838 -0.253363
v 1.601237 4.732795 -0.269836
v 1.602564 4.725317 -0.259641
v 1.631327 4.732795 -0.273752
v 1.661948 4.771069 -0.253017
v 1.664071 4.717838 -0.257279
v 1.574405 4.651849 -0.278798
v 1.618870 4.651849 -0.284586
v 1.616246 4.681764 -0.304750
v 1.571781 4.681764 -0.298963
v 1.661418 4.732795 -0.277668
v 1.662744 4.725317 -0.267474
v 1.663335 4.651849 -0.290373
v 1.573093 4.666806 -0.288881
v 1.617558 4.666806 -0.294668
v 1.660711 4.681764 -0.310537
v 1.662023 4.666806 -0.300455
v 1.870319 4.783827 0.050693
v 1.879795 4.769289 0.046619
v 1.869762 4.767431 0.044015
v 1.860259 4.783827 0.048082
v 1.880379 4.783827 0.053303
v 1.889828 4.771148 0.049222
v 1.856278 4.783827 0.063423
v 1.866338 4.783827 0.066033
v 1.908458 4.725317 0.034296
v 1.898507 4.717838 0.031714
v 1.864877 4.767431 0.062842
v 1.852297 4.783827 0.078763
v 1.862358 4.783827 0.081373
v 1.876399 4.783827 0.068644
v 1.918409 4.732795 0.036878
v 1.890886 4.717838 0.061085
v 1.859991 4.767431 0.081668
v 1.910787 4.732795 0.066250
v 1.884943 4.771148 0.068049
v 1.798896 4.783827 0.165940
v 1.806070 4.783827 0.173461
v 1.872418 4.783827 0.083984
v 1.936756 4.651849 0.015346
v 1.925494 4.651849 0.058748
v 1.883264 4.717838 0.090457
v 1.945176 4.681764 0.063856
v 1.956439 4.681764 0.020454
v 1.903166 4.732795 0.095621
v 1.880058 4.771148 0.086875
v 1.813245 4.783827 0.180981
v 1.787429 4.783827 0.176879
v 1.794603 4.783827 0.184400
v 1.946598 4.666806 0.017900
v 1.935335 4.666806 0.061302
v 1.914231 4.651849 0.102151
v 1.893215 4.725317 0.093039
v 1.870025 4.769289 0.084272
v 1.809180 4.767330 0.167502
v 1.933914 4.681764 0.107258
v 1.823488 4.771069 0.182502
v 1.801777 4.783827 0.191921
v 1.775962 4.783827 0.187819
v 1.783136 4.783827 0.195339
v 1.795089 4.767330 0.180943
v 1.924073 4.666806 0.104704
v 1.816334 4.769199 0.175002
v 1.809399 4.771069 0.195943
v 1.790310 4.783827 0.202860
v 1.781000 4.767330 0.194383
v 1.840029 4.717838 0.172187
v 1.818073 4.717838 0.193132
v 1.854221 4.732795 0.187064
v 1.847125 4.725317 0.179626
v 1.832265 4.732795 0.208009
v 1.795309 4.771069 0.209383
v 1.788155 4.769199 0.201883
v 1.796116 4.717838 0.214077
v 1.881161 4.651849 0.178434
v 1.848716 4.651849 0.209384
v 1.862752 4.681764 0.224098
v 1.895196 4.681764 0.193147
v 1.810308 4.732795 0.228954
v 1.816271 4.651849 0.240335
v 1.888179 4.666806 0.185790
v 1.855734 4.666806 0.216741
v 1.830307 4.681764 0.255048
v 1.803212 4.725317 0.221515
v 1.823289 4.666806 0.247692
v 1.663188 4.372492 0.478965
v 1.652984 4.372492 0.477961
v 1.652984 4.379177 0.477961
v 1.663188 4.379177 0.478965
v 1.616002 4.372492 0.493279
v 1.609498 4.372492 0.501205
v 1.609498 4.379177 0.501205
v 1.616002 4.379177 0.493279
v 1.663188 4.372492 0.581558
v 1.672999 4.372492 0.578581
v 1.672999 4.379177 0.578581
v 1.663188 4.379177 0.581558
v 1.672999 4.372492 0.481942
v 1.672999 4.379177 0.481942
v 1.623927 4.372492 0.486775
v 1.623927 4.379177 0.486775
v 1.652984 4.372492 0.582563
v 1.652984 4.379177 0.582563
v 1.682041 4.372492 0.486775
v 1.682041 4.379177 0.486775
v 1.632970 4.372492 0.481942
v 1.632970 4.379177 0.481942
v 1.642781 4.372492 0.581558
v 1.642781 4.379177 0.581558
v 1.689967 4.372492 0.493279
v 1.689967 4.379177 0.493279
v 1.642781 4.372492 0.478965
v 1.642781 4.379177 0.478965
v 1.632969 4.372492 0.578581
v 1.632969 4.379177 0.578581
v 1.696471 4.372492 0.501205
v 1.696471 4.379177 0.501205
v 1.623927 4.372492 0.573748
v 1.623927 4.379177 0.573748
v 1.701304 4.372492 0.510247
v 1.701304 4.379177 0.510247
v 1.616002 4.372492 0.567244
v 1.616002 4.379177 0.567244
v 1.704280 4.372492 0.520058
v 1.704280 4.379177 0.520058
v 1.609497 4.372492 0.559318
v 1.609497 4.379177 0.559318
v 1.705285 4.372492 0.530262
v 1.705285 4.379177 0.530262
v 1.604664 4.372492 0.550276
v 1.604664 4.379177 0.550276
v 1.704280 4.372492 0.540465
v 1.704280 4.379177 0.540465
v 1.601688 4.372492 0.540465
v 1.601688 4.379177 0.540465
v 1.701304 4.372492 0.550276
v 1.701304 4.379177 0.550276
v 1.600683 4.372492 0.530261
v 1.600683 4.379177 0.530261
v 1.696471 4.372492 0.559318
v 1.696471 4.379177 0.559318
v 1.601688 4.372492 0.520058
v 1.601688 4.379177 0.520058
v 1.689967 4.372492 0.567244
v 1.689967 4.379177 0.567244
v 1.604664 4.372492 0.510247
v 1.604664 4.379177 0.510247
v 1.682041 4.372492 0.573748
v 1.682041 4.379177 0.573748
v 1.616458 4.379177 0.545391
v 1.614208 4.379177 0.537975
v 1.691761 4.379177 0.537975
v 1.689511 4.379177 0.545391
v 1.613448 4.379177 0.530261
v 1.685857 4.379177 0.552227
v 1.614208 4.379177 0.522548
v 1.680941 4.379177 0.558218
v 1.616458 4.379177 0.515132
v 1.674949 4.379177 0.563135
v 1.620111 4.379177 0.508296
v 1.668114 4.379177 0.566788
v 1.652984 4.379177 0.490725
v 1.660697 4.379177 0.491485
v 1.625028 4.379177 0.502305
v 1.660697 4.379177 0.569038
v 1.668114 4.379177 0.493735
v 1.631019 4.379177 0.497388
v 1.652984 4.379177 0.569798
v 1.674949 4.379177 0.497388
v 1.637855 4.379177 0.493735
v 1.645271 4.379177 0.569038
v 1.680941 4.379177 0.502305
v 1.645271 4.379177 0.491485
v 1.637854 4.379177 0.566788
v 1.685857 4.379177 0.508296
v 1.631019 4.379177 0.563135
v 1.689511 4.379177 0.515132
v 1.625028 4.379177 0.558218
v 1.691761 4.379177 0.522548
v 1.620111 4.379177 0.552227
v 1.692520 4.379177 0.530262
v 1.614208 4.384747 0.522548
v 1.616458 4.384747 0.515132
v 1.680941 4.384747 0.558218
v 1.674949 4.384747 0.563135
v 1.620111 4.384747 0.508296
v 1.668114 4.384747 0.566788
v 1.652984 4.384747 0.490725
v 1.660697 4.384747 0.491485
v 1.625028 4.384747 0.502305
v 1.660697 4.384747 0.569038
v 1.668114 4.384747 0.493735
v 1.631019 4.384747 0.497388
v 1.652984 4.384747 0.569798
v 1.674949 4.384747 0.497388
v 1.637855 4.384747 0.493735
v 1.645271 4.384747 0.569038
v 1.680941 4.384747 0.502305
v 1.645271 4.384747 0.491485
v 1.637854 4.384747 0.566788
v 1.685857 4.384747 0.508296
v 1.631019 4.384747 0.563135
v 1.689511 4.384747 0.515132
v 1.625028 4.384747 0.558218
v 1.691761 4.384747 0.522548
v 1.620111 4.384747 0.552227
v 1.692520 4.384747 0.530262
v 1.616458 4.384747 0.545391
v 1.691761 4.384747 0.537975
v 1.614208 4.384747 0.537975
v 1.689511 4.384747 0.545391
v 1.613448 4.384747 0.530261
v 1.685857 4.384747 0.552227
v 1.655748 4.384747 0.516367
v 1.658406 4.384747 0.517173
v 1.642967 4.384747 0.520244
v 1.645114 4.384747 0.518482
v 1.655748 4.384747 0.544156
v 1.652984 4.384747 0.544428
v 1.660855 4.384747 0.518483
v 1.647563 4.384747 0.517173
v 1.650221 4.384747 0.544156
v 1.663002 4.384747 0.520244
v 1.650221 4.384747 0.516367
v 1.647563 4.384747 0.543350
v 1.664763 4.384747 0.522391
v 1.652984 4.384747 0.516095
v 1.645114 4.384747 0.542041
v 1.666072 4.384747 0.524840
v 1.642967 4.384747 0.540279
v 1.666879 4.384747 0.527498
v 1.641205 4.384747 0.538132
v 1.667151 4.384747 0.530262
v 1.639896 4.384747 0.535683
v 1.666879 4.384747 0.533025
v 1.639090 4.384747 0.533025
v 1.666072 4.384747 0.535683
v 1.638818 4.384747 0.530262
v 1.664763 4.384747 0.538132
v 1.639090 4.384747 0.527498
v 1.663002 4.384747 0.540279
v 1.639896 4.384747 0.524840
v 1.660855 4.384747 0.542041
v 1.641205 4.384747 0.522391
v 1.658406 4.384747 0.543350
v 1.663002 4.469784 0.520244
v 1.664763 4.469784 0.522391
v 1.650221 4.469784 0.516367
v 1.652984 4.469784 0.516095
v 1.647563 4.469784 0.543350
v 1.645114 4.469784 0.542041
v 1.666072 4.469784 0.524840
v 1.642967 4.469784 0.540279
v 1.666879 4.469784 0.527498
v 1.641205 4.469784 0.538132
v 1.667151 4.469784 0.530262
v 1.639896 4.469784 0.535683
v 1.666879 4.469784 0.533025
v 1.639090 4.469784 0.533025
v 1.666072 4.469784 0.535683
v 1.638818 4.469784 0.530262
v 1.664763 4.469784 0.538132
v 1.639090 4.469784 0.527498
v 1.663002 4.469784 0.540279
v 1.639896 4.469784 0.524840
v 1.660855 4.469784 0.542041
v 1.641205 4.469784 0.522391
v 1.658406 4.469784 0.543350
v 1.655748 4.469784 0.516367
v 1.642967 4.469784 0.520244
v 1.655748 4.469784 0.544156
v 1.658406 4.469784 0.517173
v 1.645114 4.469784 0.518482
v 1.652984 4.469784 0.544428
v 1.660855 4.469784 0.518483
v 1.647563 4.469784 0.517173
v 1.650221 4.469784 0.544156
v 2.072882 4.372492 0.230646
v 2.066910 4.372492 0.238980
v 2.066910 4.379177 0.238980
v 2.072882 4.379177 0.230646
v 2.061685 4.372492 0.278667
v 2.065297 4.372492 0.288263
v 2.065297 4.379177 0.288263
v 2.061685 4.379177 0.278667
v 2.161730 4.372492 0.281942
v 2.164058 4.372492 0.271957
v 2.164058 4.379177 0.271957
v 2.161730 4.379177 0.281942
v 2.080365 4.372492 0.223638
v 2.080365 4.379177 0.223638
v 2.060015 4.372492 0.268551
v 2.060015 4.379177 0.268551
v 2.157498 4.372492 0.291281
v 2.157498 4.379177 0.291281
v 2.089072 4.372492 0.218223
v 2.089072 4.379177 0.218223
v 2.060351 4.372492 0.258304
v 2.060351 4.379177 0.258304
v 2.151526 4.372492 0.299615
v 2.151526 4.379177 0.299615
v 2.098668 4.372492 0.214612
v 2.098668 4.379177 0.214612
v 2.062679 4.372492 0.248319
v 2.062679 4.379177 0.248319
v 2.144043 4.372492 0.306624
v 2.144043 4.379177 0.306624
v 2.108783 4.372492 0.212942
v 2.108783 4.379177 0.212942
v 2.135336 4.372492 0.312038
v 2.135336 4.379177 0.312038
v 2.119031 4.372492 0.213277
v 2.119031 4.379177 0.213277
v 2.125741 4.372492 0.315650
v 2.125741 4.379177 0.315650
v 2.129016 4.372492 0.215605
v 2.129016 4.379177 0.215605
v 2.115625 4.372492 0.317320
v 2.115625 4.379177 0.317320
v 2.138355 4.372492 0.219837
v 2.138355 4.379177 0.219837
v 2.105377 4.372492 0.316984
v 2.105377 4.379177 0.316984
v 2.146689 4.372492 0.225809
v 2.146689 4.379177 0.225809
v 2.095392 4.372492 0.314656
v 2.095392 4.379177 0.314656
v 2.153697 4.372492 0.233292
v 2.153697 4.379177 0.233292
v 2.086054 4.372492 0.310425
v 2.086054 4.379177 0.310425
v 2.159112 4.372492 0.241999
v 2.159112 4.379177 0.241999
v 2.077720 4.372492 0.304453
v 2.077720 4.379177 0.304453
v 2.162723 4.372492 0.251594
v 2.162723 4.379177 0.251594
v 2.070711 4.372492 0.296970
v 2.070711 4.379177 0.296970
v 2.164393 4.372492 0.261710
v 2.164393 4.379177 0.261710
v 2.107044 4.379177 0.304329
v 2.099496 4.379177 0.302569
v 2.138272 4.379177 0.235406
v 2.143570 4.379177 0.241063
v 2.092436 4.379177 0.299370
v 2.147663 4.379177 0.247644
v 2.086136 4.379177 0.294856
v 2.150393 4.379177 0.254898
v 2.080838 4.379177 0.289199
v 2.151656 4.379177 0.262545
v 2.076746 4.379177 0.282617
v 2.151402 4.379177 0.270291
v 2.077965 4.379177 0.245363
v 2.082479 4.379177 0.239063
v 2.074015 4.379177 0.275363
v 2.149642 4.379177 0.277839
v 2.088136 4.379177 0.233765
v 2.072753 4.379177 0.267716
v 2.146443 4.379177 0.284899
v 2.094718 4.379177 0.229672
v 2.073006 4.379177 0.259970
v 2.141929 4.379177 0.291199
v 2.101972 4.379177 0.226942
v 2.074766 4.379177 0.252422
v 2.136272 4.379177 0.296497
v 2.109618 4.379177 0.225679
v 2.129691 4.379177 0.300590
v 2.117365 4.379177 0.225933
v 2.122437 4.379177 0.303320
v 2.124913 4.379177 0.227693
v 2.114790 4.379177 0.304582
v 2.131972 4.379177 0.230891
v 2.086136 4.384747 0.294856
v 2.080838 4.384747 0.289199
v 2.150393 4.384747 0.254898
v 2.151656 4.384747 0.262545
v 2.076746 4.384747 0.282617
v 2.151402 4.384747 0.270291
v 2.077965 4.384747 0.245363
v 2.082479 4.384747 0.239063
v 2.074015 4.384747 0.275363
v 2.149642 4.384747 0.277839
v 2.088136 4.384747 0.233765
v 2.072753 4.384747 0.267716
v 2.146443 4.384747 0.284899
v 2.094718 4.384747 0.229672
v 2.073006 4.384747 0.259970
v 2.141929 4.384747 0.291199
v 2.101972 4.384747 0.226942
v 2.074766 4.384747 0.252422
v 2.136272 4.384747 0.296497
v 2.109618 4.384747 0.225679
v 2.129691 4.384747 0.300590
v 2.117365 4.384747 0.225933
v 2.122437 4.384747 0.303320
v 2.124913 4.384747 0.227693
v 2.114790 4.384747 0.304582
v 2.131972 4.384747 0.230891
v 2.107044 4.384747 0.304329
v 2.138272 4.384747 0.235406
v 2.099496 4.384747 0.302569
v 2.143570 4.384747 0.241063
v 2.092436 4.384747 0.299370
v 2.147663 4.384747 0.247644
v 2.101553 4.384747 0.255790
v 2.103580 4.384747 0.253892
v 2.098521 4.384747 0.268797
v 2.098068 4.384747 0.266057
v 2.125619 4.384747 0.269684
v 2.124473 4.384747 0.272214
v 2.105938 4.384747 0.252425
v 2.098159 4.384747 0.263282
v 2.122855 4.384747 0.274471
v 2.108538 4.384747 0.251447
v 2.098790 4.384747 0.260577
v 2.120828 4.384747 0.276370
v 2.111278 4.384747 0.250995
v 2.099936 4.384747 0.258047
v 2.118470 4.384747 0.277836
v 2.114053 4.384747 0.251085
v 2.115871 4.384747 0.278815
v 2.116758 4.384747 0.251716
v 2.113131 4.384747 0.279267
v 2.119287 4.384747 0.252862
v 2.110355 4.384747 0.279176
v 2.121545 4.384747 0.254480
v 2.107651 4.384747 0.278545
v 2.123443 4.384747 0.256507
v 2.105121 4.384747 0.277399
v 2.124910 4.384747 0.258865
v 2.102864 4.384747 0.275782
v 2.125888 4.384747 0.261464
v 2.100965 4.384747 0.273755
v 2.126340 4.384747 0.264204
v 2.099499 4.384747 0.271396
v 2.126250 4.384747 0.266980
v 2.108538 4.469784 0.251447
v 2.111278 4.469784 0.250995
v 2.098790 4.469784 0.260577
v 2.099936 4.469784 0.258047
v 2.120828 4.469784 0.276370
v 2.118470 4.469784 0.277836
v 2.114053 4.469784 0.251085
v 2.115871 4.469784 0.278815
v 2.116758 4.469784 0.251716
v 2.113131 4.469784 0.279267
v 2.119287 4.469784 0.252862
v 2.110355 4.469784 0.279176
v 2.121545 4.469784 0.254480
v 2.107651 4.469784 0.278545
v 2.123443 4.469784 0.256507
v 2.105121 4.469784 0.277399
v 2.124910 4.469784 0.258865
v 2.102864 4.469784 0.275782
v 2.125888 4.469784 0.261464
v 2.100965 4.469784 0.273755
v 2.126340 4.469784 0.264204
v 2.099499 4.469784 0.271396
v 2.126250 4.469784 0.266980
v 2.101553 4.469784 0.255790
v 2.098521 4.469784 0.268797
v 2.125619 4.469784 0.269684
v 2.103580 4.469784 0.253892
v 2.098068 4.469784 0.266057
v 2.124473 4.469784 0.272214
v 2.105938 4.469784 0.252425
v 2.098159 4.469784 0.263282
v 2.122855 4.469784 0.274471
v 2.062679 4.372492 -0.248319
v 2.066910 4.372492 -0.238980
v 2.066910 4.379177 -0.238980
v 2.062679 4.379177 -0.248319
v 2.098668 4.372492 -0.214612
v 2.108783 4.372492 -0.212942
v 2.108783 4.379177 -0.212942
v 2.098668 4.379177 -0.214612
v 2.151526 4.372492 -0.299615
v 2.144043 4.372492 -0.306624
v 2.144043 4.379177 -0.306624
v 2.151526 4.379177 -0.299615
v 2.060351 4.372492 -0.258304
v 2.060351 4.379177 -0.258304
v 2.089072 4.372492 -0.218223
v 2.089072 4.379177 -0.218223
v 2.157498 4.372492 -0.291281
v 2.157498 4.379177 -0.291281
v 2.060015 4.372492 -0.268551
v 2.060015 4.379177 -0.268551
v 2.080365 4.372492 -0.223638
v 2.080365 4.379177 -0.223638
v 2.161730 4.372492 -0.281942
v 2.161730 4.379177 -0.281942
v 2.061685 4.372492 -0.278667
v 2.061685 4.379177 -0.278667
v 2.072882 4.372492 -0.230646
v 2.072882 4.379177 -0.230646
v 2.164058 4.372492 -0.271957
v 2.164058 4.379177 -0.271957
v 2.065297 4.372492 -0.288263
v 2.065297 4.379177 -0.288263
v 2.164393 4.372492 -0.261710
v 2.164393 4.379177 -0.261710
v 2.070711 4.372492 -0.296970
v 2.070711 4.379177 -0.296970
v 2.162723 4.372492 -0.251594
v 2.162723 4.379177 -0.251594
v 2.077720 4.372492 -0.304453
v 2.077720 4.379177 -0.304453
v 2.159111 4.372492 -0.241999
v 2.159111 4.379177 -0.241999
v 2.086054 4.372492 -0.310425
v 2.086054 4.379177 -0.310425
v 2.153697 4.372492 -0.233292
v 2.153697 4.379177 -0.233292
v 2.095392 4.372492 -0.314656
v 2.095392 4.379177 -0.314656
v 2.146689 4.372492 -0.225809
v 2.146689 4.379177 -0.225809
v 2.105377 4.372492 -0.316984
v 2.105377 4.379177 -0.316984
v 2.138355 4.372492 -0.219837
v 2.138355 4.379177 -0.219837
v 2.115625 4.372492 -0.317320
v 2.115625 4.379177 -0.317320
v 2.129016 4.372492 -0.215605
v 2.129016 4.379177 -0.215605
v 2.125741 4.372492 -0.315650
v 2.125741 4.379177 -0.315650
v 2.119031 4.372492 -0.213277
v 2.119031 4.379177 -0.213277
v 2.135336 4.372492 -0.312038
v 2.135336 4.379177 -0.312038
v 2.143570 4.379177 -0.241063
v 2.138272 4.379177 -0.235406
v 2.099496 4.379177 -0.302569
v 2.107044 4.379177 -0.304329
v 2.131972 4.379177 -0.230891
v 2.114790 4.379177 -0.304582
v 2.124913 4.379177 -0.227693
v 2.122437 4.379177 -0.303320
v 2.117365 4.379177 -0.225933
v 2.129691 4.379177 -0.300590
v 2.109618 4.379177 -0.225679
v 2.136272 4.379177 -0.296497
v 2.077965 4.379177 -0.245363
v 2.074766 4.379177 -0.252422
v 2.101971 4.379177 -0.226942
v 2.141929 4.379177 -0.291199
v 2.073006 4.379177 -0.259970
v 2.094718 4.379177 -0.229672
v 2.146443 4.379177 -0.284899
v 2.072753 4.379177 -0.267717
v 2.088136 4.379177 -0.233765
v 2.149642 4.379177 -0.277839
v 2.074015 4.379177 -0.275364
v 2.082479 4.379177 -0.239063
v 2.151402 4.379177 -0.270291
v 2.076745 4.379177 -0.282617
v 2.151656 4.379177 -0.262545
v 2.080838 4.379177 -0.289199
v 2.150393 4.379177 -0.254898
v 2.086136 4.379177 -0.294856
v 2.147663 4.379177 -0.247644
v 2.092436 4.379177 -0.299370
v 2.124913 4.384747 -0.227693
v 2.117365 4.384747 -0.225933
v 2.122437 4.384747 -0.303320
v 2.129691 4.384747 -0.300590
v 2.109618 4.384747 -0.225679
v 2.136272 4.384747 -0.296497
v 2.077965 4.384747 -0.245363
v 2.074766 4.384747 -0.252422
v 2.101971 4.384747 -0.226942
v 2.141929 4.384747 -0.291199
v 2.073006 4.384747 -0.259970
v 2.094718 4.384747 -0.229672
v 2.146443 4.384747 -0.284899
v 2.072753 4.384747 -0.267717
v 2.088136 4.384747 -0.233765
v 2.149642 4.384747 -0.277839
v 2.074015 4.384747 -0.275364
v 2.082479 4.384747 -0.239063
v 2.151402 4.384747 -0.270291
v 2.076745 4.384747 -0.282617
v 2.151656 4.384747 -0.262545
v 2.080838 4.384747 -0.289199
v 2.150393 4.384747 -0.254898
v 2.086136 4.384747 -0.294856
v 2.147663 4.384747 -0.247644
v 2.092436 4.384747 -0.299370
v 2.143570 4.384747 -0.241063
v 2.099496 4.384747 -0.302569
v 2.138272 4.384747 -0.235406
v 2.107044 4.384747 -0.304329
v 2.131972 4.384747 -0.230891
v 2.114790 4.384747 -0.304582
v 2.098789 4.384747 -0.260577
v 2.098159 4.384747 -0.263282
v 2.108538 4.384747 -0.251447
v 2.105938 4.384747 -0.252425
v 2.122855 4.384747 -0.274471
v 2.124473 4.384747 -0.272214
v 2.098068 4.384747 -0.266057
v 2.103580 4.384747 -0.253892
v 2.125619 4.384747 -0.269684
v 2.098521 4.384747 -0.268797
v 2.101553 4.384747 -0.255790
v 2.126249 4.384747 -0.266980
v 2.099499 4.384747 -0.271397
v 2.099936 4.384747 -0.258048
v 2.126340 4.384747 -0.264204
v 2.100965 4.384747 -0.273755
v 2.125888 4.384747 -0.261464
v 2.102864 4.384747 -0.275782
v 2.124910 4.384747 -0.258865
v 2.105121 4.384747 -0.277399
v 2.123443 4.384747 -0.256507
v 2.107650 4.384747 -0.278546
v 2.121545 4.384747 -0.254480
v 2.110355 4.384747 -0.279176
v 2.119287 4.384747 -0.252862
v 2.113131 4.384747 -0.279267
v 2.116758 4.384747 -0.251716
v 2.115871 4.384747 -0.278815
v 2.114053 4.384747 -0.251086
v 2.118470 4.384747 -0.277836
v 2.111278 4.384747 -0.250995
v 2.120828 4.384747 -0.276370
v 2.098521 4.469784 -0.268797
v 2.099499 4.469784 -0.271397
v 2.101553 4.469784 -0.255790
v 2.099936 4.469784 -0.258048
v 2.126249 4.469784 -0.266980
v 2.126340 4.469784 -0.264204
v 2.100965 4.469784 -0.273755
v 2.125888 4.469784 -0.261464
v 2.102864 4.469784 -0.275782
v 2.124910 4.469784 -0.258865
v 2.105121 4.469784 -0.277399
v 2.123443 4.469784 -0.256507
v 2.107650 4.469784 -0.278546
v 2.121545 4.469784 -0.254480
v 2.110355 4.469784 -0.279176
v 2.119287 4.469784 -0.252862
v 2.113131 4.469784 -0.279267
v 2.116758 4.469784 -0.251716
v 2.115871 4.469784 -0.278815
v 2.114053 4.469784 -0.251086
v 2.118470 4.469784 -0.277836
v 2.111278 4.469784 -0.250995
v 2.120828 4.469784 -0.276370
v 2.098789 4.469784 -0.260577
v 2.108538 4.469784 -0.251447
v 2.122855 4.469784 -0.274471
v 2.098159 4.469784 -0.263282
v 2.105938 4.469784 -0.252425
v 2.124473 4.469784 -0.272214
v 2.098068 4.469784 -0.266057
v 2.103580 4.469784 -0.253892
v 2.125619 4.469784 -0.269684
v 1.642781 4.372492 -0.478965
v 1.652984 4.372492 -0.477961
v 1.652984 4.379177 -0.477961
v 1.642781 4.379177 -0.478965
v 1.689967 4.372492 -0.493279
v 1.696471 4.372492 -0.501205
v 1.696471 4.379177 -0.501205
v 1.689967 4.379177 -0.493279
v 1.642781 4.372492 -0.581558
v 1.632969 4.372492 -0.578581
v 1.632969 4.379177 -0.578581
v 1.642781 4.379177 -0.581558
v 1.632969 4.372492 -0.481942
v 1.632969 4.379177 -0.481942
v 1.682041 4.372492 -0.486775
v 1.682041 4.379177 -0.486775
v 1.652984 4.372492 -0.582563
v 1.652984 4.379177 -0.582563
v 1.623927 4.372492 -0.486775
v 1.623927 4.379177 -0.486775
v 1.672999 4.372492 -0.481942
v 1.672999 4.379177 -0.481942
v 1.663188 4.372492 -0.581558
v 1.663188 4.379177 -0.581558
v 1.616002 4.372492 -0.493279
v 1.616002 4.379177 -0.493279
v 1.663188 4.372492 -0.478965
v 1.663188 4.379177 -0.478965
v 1.672999 4.372492 -0.578581
v 1.672999 4.379177 -0.578581
v 1.609497 4.372492 -0.501205
v 1.609497 4.379177 -0.501205
v 1.682041 4.372492 -0.573748
v 1.682041 4.379177 -0.573748
v 1.604664 4.372492 -0.510247
v 1.604664 4.379177 -0.510247
v 1.689967 4.372492 -0.567244
v 1.689967 4.379177 -0.567244
v 1.601688 4.372492 -0.520058
v 1.601688 4.379177 -0.520058
v 1.696471 4.372492 -0.559318
v 1.696471 4.379177 -0.559318
v 1.600683 4.372492 -0.530262
v 1.600683 4.379177 -0.530262
v 1.701304 4.372492 -0.550276
v 1.701304 4.379177 -0.550276
v 1.601688 4.372492 -0.540465
v 1.601688 4.379177 -0.540465
v 1.704280 4.372492 -0.540465
v 1.704280 4.379177 -0.540465
v 1.604664 4.372492 -0.550276
v 1.604664 4.379177 -0.550276
v 1.705285 4.372492 -0.530261
v 1.705285 4.379177 -0.530261
v 1.609497 4.372492 -0.559318
v 1.609497 4.379177 -0.559318
v 1.704280 4.372492 -0.520058
v 1.704280 4.379177 -0.520058
v 1.616002 4.372492 -0.567244
v 1.616002 4.379177 -0.567244
v 1.701304 4.372492 -0.510247
v 1.701304 4.379177 -0.510247
v 1.623927 4.372492 -0.573748
v 1.623927 4.379177 -0.573748
v 1.689511 4.379177 -0.545391
v 1.691761 4.379177 -0.537975
v 1.614208 4.379177 -0.537975
v 1.616458 4.379177 -0.545391
v 1.692520 4.379177 -0.530261
v 1.620111 4.379177 -0.552227
v 1.691761 4.379177 -0.522548
v 1.625028 4.379177 -0.558218
v 1.689511 4.379177 -0.515132
v 1.631019 4.379177 -0.563135
v 1.685857 4.379177 -0.508296
v 1.637854 4.379177 -0.566788
v 1.652984 4.379177 -0.490725
v 1.645271 4.379177 -0.491485
v 1.680940 4.379177 -0.502305
v 1.645271 4.379177 -0.569038
v 1.637854 4.379177 -0.493735
v 1.674949 4.379177 -0.497388
v 1.652984 4.379177 -0.569798
v 1.631019 4.379177 -0.497388
v 1.668114 4.379177 -0.493735
v 1.660697 4.379177 -0.569038
v 1.625028 4.379177 -0.502305
v 1.660697 4.379177 -0.491485
v 1.668114 4.379177 -0.566788
v 1.620111 4.379177 -0.508296
v 1.674949 4.379177 -0.563135
v 1.616458 4.379177 -0.515132
v 1.680940 4.379177 -0.558218
v 1.614208 4.379177 -0.522548
v 1.685857 4.379177 -0.552227
v 1.613448 4.379177 -0.530262
v 1.691761 4.384747 -0.522548
v 1.689511 4.384747 -0.515132
v 1.625028 4.384747 -0.558218
v 1.631019 4.384747 -0.563135
v 1.685857 4.384747 -0.508296
v 1.637854 4.384747 -0.566788
v 1.652984 4.384747 -0.490725
v 1.645271 4.384747 -0.491485
v 1.680940 4.384747 -0.502305
v 1.645271 4.384747 -0.569038
v 1.637854 4.384747 -0.493735
v 1.674949 4.384747 -0.497388
v 1.652984 4.384747 -0.569798
v 1.631019 4.384747 -0.497388
v 1.668114 4.384747 -0.493735
v 1.660697 4.384747 -0.569038
v 1.625028 4.384747 -0.502305
v 1.660697 4.384747 -0.491485
v 1.668114 4.384747 -0.566788
v 1.620111 4.384747 -0.508296
v 1.674949 4.384747 -0.563135
v 1.616458 4.384747 -0.515132
v 1.680940 4.384747 -0.558218
v 1.614208 4.384747 -0.522548
v 1.685857 4.384747 -0.552227
v 1.613448 4.384747 -0.530262
v 1.689511 4.384747 -0.545391
v 1.614208 4.384747 -0.537975
v 1.691761 4.384747 -0.537975
v 1.616458 4.384747 -0.545391
v 1.692520 4.384747 -0.530261
v 1.620111 4.384747 -0.552227
v 1.650221 4.384747 -0.516367
v 1.647563 4.384747 -0.517173
v 1.663001 4.384747 -0.520244
v 1.660855 4.384747 -0.518482
v 1.650221 4.384747 -0.544156
v 1.652984 4.384747 -0.544428
v 1.645114 4.384747 -0.518483
v 1.658405 4.384747 -0.517173
v 1.655748 4.384747 -0.544156
v 1.642967 4.384747 -0.520244
v 1.655748 4.384747 -0.516367
v 1.658405 4.384747 -0.543350
v 1.641205 4.384747 -0.522391
v 1.652984 4.384747 -0.516095
v 1.660855 4.384747 -0.542041
v 1.639896 4.384747 -0.524840
v 1.663001 4.384747 -0.540279
v 1.639090 4.384747 -0.527498
v 1.664763 4.384747 -0.538132
v 1.638818 4.384747 -0.530262
v 1.666072 4.384747 -0.535683
v 1.639090 4.384747 -0.533025
v 1.666878 4.384747 -0.533025
v 1.639896 4.384747 -0.535683
v 1.667151 4.384747 -0.530262
v 1.641205 4.384747 -0.538132
v 1.666878 4.384747 -0.527498
v 1.642967 4.384747 -0.540279
v 1.666072 4.384747 -0.524840
v 1.645114 4.384747 -0.542041
v 1.664763 4.384747 -0.522391
v 1.647563 4.384747 -0.543350
v 1.642967 4.469784 -0.520244
v 1.641205 4.469784 -0.522391
v 1.655748 4.469784 -0.516367
v 1.652984 4.469784 -0.516095
v 1.658405 4.469784 -0.543350
v 1.660855 4.469784 -0.542041
v 1.639896 4.469784 -0.524840
v 1.663001 4.469784 -0.540279
v 1.639090 4.469784 -0.527498
v 1.664763 4.469784 -0.538132
v 1.638818 4.469784 -0.530262
v 1.666072 4.469784 -0.535683
v 1.639090 4.469784 -0.533025
v 1.666878 4.469784 -0.533025
v 1.639896 4.469784 -0.535683
v 1.667151 4.469784 -0.530262
v 1.641205 4.469784 -0.538132
v 1.666878 4.469784 -0.527498
v 1.642967 4.469784 -0.540279
v 1.666072 4.469784 -0.524840
v 1.645114 4.469784 -0.542041
v 1.664763 4.469784 -0.522391
v 1.647563 4.469784 -0.543350
v 1.650221 4.469784 -0.516367
v 1.663001 4.469784 -0.520244
v 1.650221 4.469784 -0.544156
v 1.647563 4.469784 -0.517173
v 1.660855 4.469784 -0.518482
v 1.652984 4.469784 -0.544428
v 1.645114 4.469784 -0.518483
v 1.658405 4.469784 -0.517173
v 1.655748 4.469784 -0.544156
v 1.233086 4.372492 -0.230646
v 1.239058 4.372492 -0.238980
v 1.239058 4.379177 -0.238980
v 1.233086 4.379177 -0.230646
v 1.244283 4.372492 -0.278667
v 1.240672 4.372492 -0.288263
v 1.240672 4.379177 -0.288263
v 1.244283 4.379177 -0.278667
v 1.144239 4.372492 -0.281942
v 1.141911 4.372492 -0.271957
v 1.141911 4.379177 -0.271957
v 1.144239 4.379177 -0.281942
v 1.225603 4.372492 -0.223637
v 1.225603 4.379177 -0.223637
v 1.245953 4.372492 -0.268551
v 1.245953 4.379177 -0.268551
v 1.148470 4.372492 -0.291281
v 1.148470 4.379177 -0.291281
v 1.216896 4.372492 -0.218223
v 1.216896 4.379177 -0.218223
v 1.245618 4.372492 -0.258304
v 1.245618 4.379177 -0.258304
v 1.154442 4.372492 -0.299615
v 1.154442 4.379177 -0.299615
v 1.207301 4.372492 -0.214612
v 1.207301 4.379177 -0.214612
v 1.243290 4.372492 -0.248319
v 1.243290 4.379177 -0.248319
v 1.161926 4.372492 -0.306624
v 1.161926 4.379177 -0.306624
v 1.197185 4.372492 -0.212942
v 1.197185 4.379177 -0.212942
v 1.170632 4.372492 -0.312038
v 1.170632 4.379177 -0.312038
v 1.186938 4.372492 -0.213277
v 1.186938 4.379177 -0.213277
v 1.180228 4.372492 -0.315650
v 1.180228 4.379177 -0.315650
v 1.176953 4.372492 -0.215605
v 1.176953 4.379177 -0.215605
v 1.190344 4.372492 -0.317320
v 1.190344 4.379177 -0.317320
v 1.167614 4.372492 -0.219837
v 1.167614 4.379177 -0.219837
v 1.200591 4.372492 -0.316984
v 1.200591 4.379177 -0.316984
v 1.159280 4.372492 -0.225809
v 1.159280 4.379177 -0.225809
v 1.210576 4.372492 -0.314656
v 1.210576 4.379177 -0.314656
v 1.152271 4.372492 -0.233292
v 1.152271 4.379177 -0.233292
v 1.219915 4.372492 -0.310425
v 1.219915 4.379177 -0.310425
v 1.146857 4.372492 -0.241999
v 1.146857 4.379177 -0.241999
v 1.228249 4.372492 -0.304453
v 1.228249 4.379177 -0.304453
v 1.143245 4.372492 -0.251594
v 1.143245 4.379177 -0.251594
v 1.235258 4.372492 -0.296969
v 1.235258 4.379177 -0.296969
v 1.141575 4.372492 -0.261710
v 1.141575 4.379177 -0.261710
v 1.198925 4.379177 -0.304329
v 1.206473 4.379177 -0.302569
v 1.167696 4.379177 -0.235406
v 1.162398 4.379177 -0.241062
v 1.213532 4.379177 -0.299370
v 1.158305 4.379177 -0.247644
v 1.219832 4.379177 -0.294855
v 1.155575 4.379177 -0.254898
v 1.225130 4.379177 -0.289199
v 1.154313 4.379177 -0.262545
v 1.229223 4.379177 -0.282617
v 1.154567 4.379177 -0.270291
v 1.228004 4.379177 -0.245363
v 1.223489 4.379177 -0.239063
v 1.231953 4.379177 -0.275363
v 1.156326 4.379177 -0.277839
v 1.217832 4.379177 -0.233764
v 1.233216 4.379177 -0.267716
v 1.159525 4.379177 -0.284899
v 1.211251 4.379177 -0.229672
v 1.232962 4.379177 -0.259970
v 1.164039 4.379177 -0.291199
v 1.203997 4.379177 -0.226942
v 1.231202 4.379177 -0.252422
v 1.169696 4.379177 -0.296497
v 1.196350 4.379177 -0.225679
v 1.176278 4.379177 -0.300590
v 1.188604 4.379177 -0.225933
v 1.183532 4.379177 -0.303320
v 1.181056 4.379177 -0.227693
v 1.191179 4.379177 -0.304582
v 1.173996 4.379177 -0.230891
v 1.219832 4.384747 -0.294855
v 1.225130 4.384747 -0.289199
v 1.155575 4.384747 -0.254898
v 1.154313 4.384747 -0.262545
v 1.229223 4.384747 -0.282617
v 1.154567 4.384747 -0.270291
v 1.228004 4.384747 -0.245363
v 1.223489 4.384747 -0.239063
v 1.231953 4.384747 -0.275363
v 1.156326 4.384747 -0.277839
v 1.217832 4.384747 -0.233764
v 1.233216 4.384747 -0.267716
v 1.159525 4.384747 -0.284899
v 1.211251 4.384747 -0.229672
v 1.232962 4.384747 -0.259970
v 1.164039 4.384747 -0.291199
v 1.203997 4.384747 -0.226942
v 1.231202 4.384747 -0.252422
v 1.169696 4.384747 -0.296497
v 1.196350 4.384747 -0.225679
v 1.176278 4.384747 -0.300590
v 1.188604 4.384747 -0.225933
v 1.183532 4.384747 -0.303320
v 1.181056 4.384747 -0.227693
v 1.191179 4.384747 -0.304582
v 1.173996 4.384747 -0.230891
v 1.198925 4.384747 -0.304329
v 1.167696 4.384747 -0.235406
v 1.206473 4.384747 -0.302569
v 1.162398 4.384747 -0.241062
v 1.213532 4.384747 -0.299370
v 1.158305 4.384747 -0.247644
v 1.204415 4.384747 -0.255790
v 1.202388 4.384747 -0.253892
v 1.207448 4.384747 -0.268797
v 1.207901 4.384747 -0.266057
v 1.180350 4.384747 -0.269684
v 1.181496 4.384747 -0.272214
v 1.200030 4.384747 -0.252425
v 1.207810 4.384747 -0.263282
v 1.183113 4.384747 -0.274471
v 1.197431 4.384747 -0.251447
v 1.207179 4.384747 -0.260577
v 1.185140 4.384747 -0.276370
v 1.194691 4.384747 -0.250994
v 1.206033 4.384747 -0.258047
v 1.187499 4.384747 -0.277836
v 1.191915 4.384747 -0.251085
v 1.190098 4.384747 -0.278814
v 1.189211 4.384747 -0.251716
v 1.192838 4.384747 -0.279267
v 1.186681 4.384747 -0.252862
v 1.195613 4.384747 -0.279176
v 1.184424 4.384747 -0.254480
v 1.198318 4.384747 -0.278545
v 1.182525 4.384747 -0.256507
v 1.200847 4.384747 -0.277399
v 1.181059 4.384747 -0.258865
v 1.203105 4.384747 -0.275782
v 1.180080 4.384747 -0.261464
v 1.205003 4.384747 -0.273755
v 1.179628 4.384747 -0.264204
v 1.206470 4.384747 -0.271396
v 1.179719 4.384747 -0.266980
v 1.197431 4.469784 -0.251447
v 1.194691 4.469784 -0.250994
v 1.207179 4.469784 -0.260577
v 1.206033 4.469784 -0.258047
v 1.185140 4.469784 -0.276370
v 1.187499 4.469784 -0.277836
v 1.191915 4.469784 -0.251085
v 1.190098 4.469784 -0.278814
v 1.189211 4.469784 -0.251716
v 1.192838 4.469784 -0.279267
v 1.186681 4.469784 -0.252862
v 1.195613 4.469784 -0.279176
v 1.184424 4.469784 -0.254480
v 1.198318 4.469784 -0.278545
v 1.182525 4.469784 -0.256507
v 1.200847 4.469784 -0.277399
v 1.181059 4.469784 -0.258865
v 1.203105 4.469784 -0.275782
v 1.180080 4.469784 -0.261464
v 1.205003 4.469784 -0.273755
v 1.179628 4.469784 -0.264204
v 1.206470 4.469784 -0.271396
v 1.179719 4.469784 -0.266980
v 1.204415 4.469784 -0.255790
v 1.207448 4.469784 -0.268797
v 1.180350 4.469784 -0.269684
v 1.202388 4.469784 -0.253892
v 1.207901 4.469784 -0.266057
v 1.181496 4.469784 -0.272214
v 1.200030 4.469784 -0.252425
v 1.207810 4.469784 -0.263282
v 1.183113 4.469784 -0.274471
v 1.243290 4.372492 0.248319
v 1.239058 4.372492 0.238980
v 1.239058 4.379177 0.238980
v 1.243290 4.379177 0.248319
v 1.207301 4.372492 0.214612
v 1.197185 4.372492 0.212942
v 1.197185 4.379177 0.212942
v 1.207301 4.379177 0.214612
v 1.154443 4.372492 0.299615
v 1.161926 4.372492 0.306624
v 1.161926 4.379177 0.306624
v 1.154443 4.379177 0.299615
v 1.245618 4.372492 0.258304
v 1.245618 4.379177 0.258304
v 1.216897 4.372492 0.218224
v 1.216897 4.379177 0.218224
v 1.148470 4.372492 0.291281
v 1.148470 4.379177 0.291281
v 1.245954 4.372492 0.268552
v 1.245954 4.379177 0.268552
v 1.225603 4.372492 0.223638
v 1.225603 4.379177 0.223638
v 1.144239 4.372492 0.281943
v 1.144239 4.379177 0.281943
v 1.244283 4.372492 0.278667
v 1.244283 4.379177 0.278667
v 1.233086 4.372492 0.230647
v 1.233086 4.379177 0.230647
v 1.141911 4.372492 0.271957
v 1.141911 4.379177 0.271957
v 1.240672 4.372492 0.288263
v 1.240672 4.379177 0.288263
v 1.141575 4.372492 0.261710
v 1.141575 4.379177 0.261710
v 1.235258 4.372492 0.296970
v 1.235258 4.379177 0.296970
v 1.143245 4.372492 0.251594
v 1.143245 4.379177 0.251594
v 1.228249 4.372492 0.304453
v 1.228249 4.379177 0.304453
v 1.146857 4.372492 0.241999
v 1.146857 4.379177 0.241999
v 1.219915 4.372492 0.310425
v 1.219915 4.379177 0.310425
v 1.152271 4.372492 0.233292
v 1.152271 4.379177 0.233292
v 1.210576 4.372492 0.314656
v 1.210576 4.379177 0.314656
v 1.159280 4.372492 0.225809
v 1.159280 4.379177 0.225809
v 1.200591 4.372492 0.316985
v 1.200591 4.379177 0.316985
v 1.167614 4.372492 0.219837
v 1.167614 4.379177 0.219837
v 1.190344 4.372492 0.317320
v 1.190344 4.379177 0.317320
v 1.176953 4.372492 0.215606
v 1.176953 4.379177 0.215606
v 1.180228 4.372492 0.315650
v 1.180228 4.379177 0.315650
v 1.186938 4.372492 0.213277
v 1.186938 4.379177 0.213277
v 1.170632 4.372492 0.312038
v 1.170632 4.379177 0.312038
v 1.162398 4.379177 0.241063
v 1.167696 4.379177 0.235406
v 1.206473 4.379177 0.302569
v 1.198925 4.379177 0.304329
v 1.173996 4.379177 0.230892
v 1.191179 4.379177 0.304582
v 1.181056 4.379177 0.227693
v 1.183532 4.379177 0.303320
v 1.188604 4.379177 0.225933
v 1.176278 4.379177 0.300590
v 1.196350 4.379177 0.225679
v 1.169696 4.379177 0.296497
v 1.228004 4.379177 0.245363
v 1.231202 4.379177 0.252422
v 1.203997 4.379177 0.226942
v 1.164040 4.379177 0.291199
v 1.232962 4.379177 0.259970
v 1.211251 4.379177 0.229672
v 1.159525 4.379177 0.284899
v 1.233216 4.379177 0.267717
v 1.217833 4.379177 0.233765
v 1.156327 4.379177 0.277839
v 1.231954 4.379177 0.275364
v 1.223489 4.379177 0.239063
v 1.154567 4.379177 0.270291
v 1.229223 4.379177 0.282617
v 1.154313 4.379177 0.262545
v 1.225131 4.379177 0.289199
v 1.155576 4.379177 0.254898
v 1.219832 4.379177 0.294856
v 1.158306 4.379177 0.247644
v 1.213532 4.379177 0.299370
v 1.181056 4.384747 0.227693
v 1.188604 4.384747 0.225933
v 1.183532 4.384747 0.303320
v 1.176278 4.384747 0.300590
v 1.196350 4.384747 0.225679
v 1.169696 4.384747 0.296497
v 1.228004 4.384747 0.245363
v 1.231202 4.384747 0.252422
v 1.203997 4.384747 0.226942
v 1.164040 4.384747 0.291199
v 1.232962 4.384747 0.259970
v 1.211251 4.384747 0.229672
v 1.159525 4.384747 0.284899
v 1.233216 4.384747 0.267717
v 1.217833 4.384747 0.233765
v 1.156327 4.384747 0.277839
v 1.231954 4.384747 0.275364
v 1.223489 4.384747 0.239063
v 1.154567 4.384747 0.270291
v 1.229223 4.384747 0.282617
v 1.154313 4.384747 0.262545
v 1.225131 4.384747 0.289199
v 1.155576 4.384747 0.254898
v 1.219832 4.384747 0.294856
v 1.158306 4.384747 0.247644
v 1.213532 4.384747 0.299370
v 1.162398 4.384747 0.241063
v 1.206473 4.384747 0.302569
v 1.167696 4.384747 0.235406
v 1.198925 4.384747 0.304329
v 1.173996 4.384747 0.230892
v 1.191179 4.384747 0.304582
v 1.207179 4.384747 0.260577
v 1.207810 4.384747 0.263282
v 1.197431 4.384747 0.251447
v 1.200030 4.384747 0.252425
v 1.183113 4.384747 0.274472
v 1.181496 4.384747 0.272214
v 1.207901 4.384747 0.266057
v 1.202388 4.384747 0.253892
v 1.180350 4.384747 0.269685
v 1.207448 4.384747 0.268797
v 1.204415 4.384747 0.255790
v 1.179719 4.384747 0.266980
v 1.206470 4.384747 0.271397
v 1.206033 4.384747 0.258048
v 1.179628 4.384747 0.264204
v 1.205003 4.384747 0.273755
v 1.180081 4.384747 0.261464
v 1.203105 4.384747 0.275782
v 1.181059 4.384747 0.258865
v 1.200848 4.384747 0.277399
v 1.182525 4.384747 0.256507
v 1.198318 4.384747 0.278546
v 1.184424 4.384747 0.254480
v 1.195614 4.384747 0.279176
v 1.186681 4.384747 0.252862
v 1.192838 4.384747 0.279267
v 1.189211 4.384747 0.251716
v 1.190098 4.384747 0.278815
v 1.191915 4.384747 0.251086
v 1.187499 4.384747 0.277836
v 1.194691 4.384747 0.250995
v 1.185140 4.384747 0.276370
v 1.207448 4.469784 0.268797
v 1.206470 4.469784 0.271397
v 1.204415 4.469784 0.255790
v 1.206033 4.469784 0.258048
v 1.179719 4.469784 0.266980
v 1.179628 4.469784 0.264204
v 1.205003 4.469784 0.273755
v 1.180081 4.469784 0.261464
v 1.203105 4.469784 0.275782
v 1.181059 4.469784 0.258865
v 1.200848 4.469784 0.277399
v 1.182525 4.469784 0.256507
v 1.198318 4.469784 0.278546
v 1.184424 4.469784 0.254480
v 1.195614 4.469784 0.279176
v 1.186681 4.469784 0.252862
v 1.192838 4.469784 0.279267
v 1.189211 4.469784 0.251716
v 1.190098 4.469784 0.278815
v 1.191915 4.469784 0.251086
v 1.187499 4.469784 0.277836
v 1.194691 4.469784 0.250995
v 1.185140 4.469784 0.276370
v 1.207179 4.469784 0.260577
v 1.197431 4.469784 0.251447
v 1.183113 4.469784 0.274472
v 1.207810 4.469784 0.263282
v 1.200030 4.469784 0.252425
v 1.181496 4.469784 0.272214
v 1.207901 4.469784 0.266057
v 1.202388 4.469784 0.253892
v 1.180350 4.469784 0.269685
v 1.261607 3.976503 0.746751
v 1.264929 3.975374 0.749749
v 1.275851 3.963979 0.733354
v 1.272529 3.965108 0.730356
v 1.195091 3.941647 0.726665
v 1.191321 3.939088 0.725932
v 1.202243 3.927693 0.709537
v 1.206013 3.930252 0.710270
v 1.206302 3.963890 0.718673
v 1.206223 3.960077 0.721271
v 1.217145 3.948682 0.704877
v 1.217223 3.952495 0.702279
v 1.257897 3.976863 0.744029
v 1.268819 3.965468 0.727635
v 1.198501 3.944755 0.726776
v 1.209423 3.933361 0.710382
v 1.205590 3.967398 0.715760
v 1.216511 3.956003 0.699366
v 1.253942 3.976439 0.741688
v 1.264864 3.965045 0.725294
v 1.201419 3.948293 0.726261
v 1.212341 3.936899 0.709867
v 1.204113 3.970466 0.712645
v 1.215035 3.959071 0.696250
v 1.249894 3.975250 0.739819
v 1.260816 3.963855 0.723424
v 1.203734 3.952125 0.725139
v 1.214656 3.940731 0.708745
v 1.201930 3.972976 0.709446
v 1.212851 3.961581 0.693052
v 1.245909 3.973338 0.738492
v 1.256830 3.961944 0.722098
v 1.205356 3.956104 0.723455
v 1.216278 3.944709 0.707060
v 1.199123 3.974831 0.706287
v 1.210045 3.963436 0.689892
v 1.242139 3.970780 0.737759
v 1.253060 3.959385 0.721364
v 1.195801 3.975960 0.703289
v 1.206723 3.964566 0.686894
v 1.238729 3.967672 0.737647
v 1.249650 3.956277 0.721253
v 1.192091 3.976320 0.700567
v 1.203013 3.964925 0.684173
v 1.235811 3.964133 0.738163
v 1.246732 3.952739 0.721768
v 1.188136 3.975897 0.698226
v 1.199058 3.964502 0.681832
v 1.233496 3.960301 0.739284
v 1.244418 3.948907 0.722890
v 1.184088 3.974707 0.696357
v 1.195010 3.963312 0.679962
v 1.231874 3.956323 0.740969
v 1.242796 3.944928 0.724574
v 1.180102 3.972795 0.695030
v 1.191024 3.961401 0.678635
v 1.231007 3.952350 0.743152
v 1.241929 3.940955 0.726758
v 1.176332 3.970237 0.694297
v 1.187254 3.958842 0.677902
v 1.230928 3.948537 0.745750
v 1.241850 3.937142 0.729356
v 1.172923 3.967129 0.694185
v 1.183844 3.955734 0.677791
v 1.231640 3.945029 0.748663
v 1.242562 3.933634 0.732269
v 1.170004 3.963590 0.694700
v 1.180926 3.952196 0.678306
v 1.233117 3.941961 0.751779
v 1.244038 3.930566 0.735384
v 1.167690 3.959759 0.695822
v 1.178611 3.948364 0.679428
v 1.235300 3.939451 0.754978
v 1.246222 3.928056 0.738583
v 1.166068 3.955780 0.697507
v 1.176989 3.944385 0.681112
v 1.238107 3.937596 0.758137
v 1.249028 3.926201 0.741742
v 1.165201 3.951807 0.699690
v 1.176122 3.940413 0.683296
v 1.241429 3.936466 0.761135
v 1.252351 3.925072 0.744741
v 1.165122 3.947994 0.702288
v 1.176043 3.936599 0.685894
v 1.245139 3.936107 0.763856
v 1.256060 3.924712 0.747462
v 1.165834 3.944486 0.705201
v 1.176756 3.933091 0.688807
v 1.249094 3.936530 0.766197
v 1.260015 3.925135 0.749803
v 1.167310 3.941418 0.708317
v 1.178232 3.930023 0.691922
v 1.253142 3.937720 0.768067
v 1.264063 3.926325 0.751672
v 1.169494 3.938908 0.711516
v 1.180415 3.927514 0.695121
v 1.257128 3.939631 0.769394
v 1.268049 3.928236 0.752999
v 1.272029 3.960619 0.764733
v 1.271162 3.956647 0.766917
v 1.282084 3.945252 0.750522
v 1.282951 3.949224 0.748339
v 1.172300 3.937053 0.714675
v 1.183222 3.925658 0.698280
v 1.260898 3.942190 0.770127
v 1.271819 3.930795 0.753733
v 1.272108 3.964433 0.762135
v 1.283030 3.953038 0.745741
v 1.175623 3.935924 0.717673
v 1.186544 3.924529 0.701279
v 1.264307 3.945298 0.770238
v 1.275229 3.933903 0.753844
v 1.271396 3.967941 0.759222
v 1.282317 3.956546 0.742828
v 1.179332 3.935564 0.720394
v 1.190254 3.924169 0.704000
v 1.267226 3.948836 0.769723
v 1.278147 3.937441 0.753329
v 1.269919 3.971009 0.756107
v 1.280841 3.959614 0.739712
v 1.183287 3.935987 0.722735
v 1.194209 3.924592 0.706341
v 1.269540 3.952668 0.768601
v 1.280462 3.941273 0.752207
v 1.267736 3.973519 0.752908
v 1.278658 3.962124 0.736513
v 1.187335 3.937177 0.724605
v 1.198257 3.925782 0.708210
v 2.044361 3.976503 0.746751
v 2.033440 3.965108 0.730356
v 2.030118 3.963979 0.733354
v 2.041039 3.975374 0.749749
v 2.110877 3.941647 0.726665
v 2.099956 3.930252 0.710271
v 2.103726 3.927693 0.709537
v 2.114647 3.939088 0.725932
v 2.099667 3.963890 0.718674
v 2.088745 3.952495 0.702279
v 2.088824 3.948682 0.704877
v 2.099746 3.960076 0.721272
v 2.048071 3.976863 0.744029
v 2.037149 3.965468 0.727635
v 2.107467 3.944755 0.726776
v 2.096546 3.933360 0.710382
v 2.100379 3.967398 0.715761
v 2.089458 3.956003 0.699366
v 2.052026 3.976439 0.741689
v 2.041104 3.965045 0.725294
v 2.104549 3.948293 0.726261
v 2.093628 3.936898 0.709867
v 2.101855 3.970466 0.712645
v 2.090934 3.959071 0.696251
v 2.056074 3.975250 0.739819
v 2.045152 3.963855 0.723425
v 2.102235 3.952125 0.725140
v 2.091313 3.940731 0.708745
v 2.104039 3.972975 0.709446
v 2.093117 3.961581 0.693052
v 2.060060 3.973338 0.738492
v 2.049138 3.961944 0.722098
v 2.100613 3.956104 0.723455
v 2.089691 3.944709 0.707061
v 2.106846 3.974831 0.706287
v 2.095924 3.963436 0.689892
v 2.063830 3.970780 0.737759
v 2.052908 3.959385 0.721364
v 2.110168 3.975960 0.703289
v 2.099246 3.964565 0.686894
v 2.067240 3.967671 0.737648
v 2.056318 3.956277 0.721253
v 2.113877 3.976320 0.700567
v 2.102956 3.964925 0.684173
v 2.070158 3.964133 0.738163
v 2.059236 3.952739 0.721768
v 2.117832 3.975897 0.698227
v 2.106911 3.964502 0.681832
v 2.072473 3.960301 0.739284
v 2.061551 3.948907 0.722890
v 2.121881 3.974707 0.696357
v 2.110959 3.963312 0.679963
v 2.074095 3.956323 0.740969
v 2.063173 3.944928 0.724575
v 2.125866 3.972795 0.695030
v 2.114944 3.961401 0.678636
v 2.074962 3.952350 0.743152
v 2.064040 3.940955 0.726758
v 2.129636 3.970237 0.694297
v 2.118715 3.958842 0.677903
v 2.075041 3.948536 0.745750
v 2.064119 3.937142 0.729356
v 2.133046 3.967129 0.694186
v 2.122124 3.955734 0.677791
v 2.074328 3.945029 0.748663
v 2.063406 3.933634 0.732269
v 2.135964 3.963590 0.694701
v 2.125043 3.952196 0.678306
v 2.072852 3.941960 0.751779
v 2.061930 3.930566 0.735385
v 2.138279 3.959759 0.695822
v 2.127357 3.948364 0.679428
v 2.070668 3.939451 0.754978
v 2.059747 3.928056 0.738584
v 2.139901 3.955780 0.697507
v 2.128979 3.944385 0.681113
v 2.067862 3.937596 0.758137
v 2.056940 3.926201 0.741743
v 2.140768 3.951807 0.699690
v 2.129846 3.940413 0.683296
v 2.064540 3.936466 0.761135
v 2.053618 3.925072 0.744741
v 2.140847 3.947994 0.702288
v 2.129925 3.936599 0.685894
v 2.060830 3.936107 0.763857
v 2.049908 3.924712 0.747462
v 2.140135 3.944486 0.705201
v 2.129213 3.933091 0.688807
v 2.056875 3.936530 0.766197
v 2.045953 3.925135 0.749803
v 2.138658 3.941418 0.708317
v 2.127737 3.930023 0.691923
v 2.052827 3.937720 0.768067
v 2.041905 3.926325 0.751673
v 2.136475 3.938908 0.711516
v 2.125553 3.927513 0.695121
v 2.048841 3.939631 0.769394
v 2.037919 3.928236 0.752999
v 2.033939 3.960619 0.764733
v 2.023017 3.949224 0.748339
v 2.023885 3.945252 0.750523
v 2.034806 3.956647 0.766917
v 2.133668 3.937053 0.714675
v 2.122746 3.925658 0.698281
v 2.045071 3.942190 0.770127
v 2.034149 3.930795 0.753733
v 2.033860 3.964433 0.762135
v 2.022939 3.953038 0.745741
v 2.130346 3.935924 0.717673
v 2.119424 3.924529 0.701279
v 2.041661 3.945298 0.770238
v 2.030740 3.933903 0.753844
v 2.034573 3.967941 0.759223
v 2.023651 3.956546 0.742828
v 2.126636 3.935564 0.720394
v 2.115715 3.924169 0.704000
v 2.038743 3.948836 0.769723
v 2.027821 3.937441 0.753329
v 2.036049 3.971009 0.756107
v 2.025127 3.959614 0.739713
v 2.122681 3.935987 0.722735
v 2.111760 3.924592 0.706341
v 2.036428 3.952668 0.768602
v 2.025506 3.941273 0.752207
v 2.038232 3.973518 0.752908
v 2.027311 3.962124 0.736514
v 2.118633 3.937177 0.724605
v 2.107711 3.925782 0.708211
vn -0.0361 0.9784 0.2036
vn -0.0187 0.8140 0.5806
vn -0.9962 0.0272 -0.0828
vn -0.9908 -0.1059 0.0837
vn 0.0631 0.9592 0.2756
vn 0.0196 0.8321 0.5542
vn -0.0763 0.6918 0.7181
vn -0.9740 0.0989 -0.2040
vn -0.9937 0.0782 -0.0803
vn -0.9943 0.0525 0.0929
vn -0.0197 0.7138 0.7001
vn -0.0453 0.9990 -0.0028
vn -0.9870 -0.0818 0.1382
vn -0.9510 -0.2469 0.1861
vn -0.9879 -0.0754 0.1357
vn -0.1007 0.5646 0.8192
vn -0.1041 0.9942 0.0282
vn -0.8510 0.4957 0.1733
vn -0.3869 0.2232 0.8947
vn -0.2158 0.3549 0.9097
vn -0.9986 -0.0532 -0.0008
vn -0.0145 0.9999 -0.0007
vn -0.9742 0.1454 -0.1724
vn -0.9284 0.2023 -0.3116
vn -0.1564 0.5431 0.8249
vn -0.5036 0.8578 0.1026
vn -0.4909 0.8577 0.1526
vn -0.0735 0.9966 0.0359
vn -0.9675 -0.2383 0.0849
vn -0.9983 -0.0556 0.0202
vn -0.9970 -0.0683 -0.0372
vn -0.9364 0.2254 -0.2691
vn -0.8193 0.3630 -0.4438
vn -0.3346 0.3432 0.8777
vn -0.0000 1.0000 -0.0000
vn -0.6642 0.7185 0.2062
vn -0.6815 0.7186 0.1388
vn -0.8640 0.4960 0.0871
vn -0.5112 0.8579 0.0516
vn -0.8800 0.3715 -0.2959
vn -0.8873 0.2048 -0.4133
vn -0.6336 0.5985 -0.4903
vn -0.5420 0.1259 0.8309
vn -0.6403 0.7185 0.2715
vn -0.6919 0.7186 0.0698
vn -0.9054 -0.3179 0.2813
vn -0.9290 -0.3182 0.1892
vn -0.0693 0.9973 -0.0258
vn -0.0812 0.9962 -0.0311
vn -0.2618 0.9643 0.0388
vn -0.9878 -0.0782 -0.1350
vn -0.0394 0.9992 0.0039
vn -0.1417 0.9897 -0.0203
vn -0.0678 0.9971 -0.0345
vn -0.5138 0.8579 -0.0000
vn -0.8607 0.5017 0.0868
vn -0.8478 0.5014 0.1726
vn -0.7301 0.5538 -0.4004
vn -0.7672 0.4614 -0.4456
vn -0.4826 0.7617 -0.4323
vn -0.6749 -0.0021 0.7379
vn -0.3793 0.2223 0.8982
vn -0.4242 0.1087 0.8990
vn -0.6102 0.7185 0.3339
vn -0.4735 0.8576 0.2009
vn -0.5854 0.3011 0.7527
vn -0.5891 0.2921 0.7534
vn -0.8730 -0.3175 0.3703
vn -0.6954 0.7186 -0.0000
vn -0.9432 -0.3183 0.0951
vn -0.7876 -0.5656 0.2446
vn -0.8078 -0.5660 0.1645
vn -0.9847 -0.1534 -0.0831
vn -0.9796 -0.1992 -0.0253
vn -0.9906 -0.0985 -0.0950
vn -0.0210 0.9769 -0.2128
vn -0.9675 -0.2383 -0.0849
vn -0.9889 -0.0670 -0.1326
vn -0.5112 0.8579 -0.0516
vn -0.9895 0.0636 0.1299
vn -0.9513 -0.0905 0.2946
vn -0.9151 -0.0741 0.3964
vn -0.6417 0.3756 -0.6687
vn -0.6561 0.2966 -0.6940
vn -0.8001 0.4947 0.3392
vn -0.0751 0.4490 0.8904
vn -0.1848 0.4124 0.8920
vn -0.7687 0.4557 -0.4488
vn -0.7516 0.4567 -0.4759
vn -0.5589 0.7172 -0.4161
vn -0.3373 0.8730 -0.3524
vn -0.7847 -0.0454 0.6182
vn -0.6292 -0.0339 0.7765
vn -0.2959 0.3715 0.8800
vn -0.5742 0.7184 0.3927
vn -0.4514 0.8574 0.2472
vn -0.7028 0.2797 0.6541
vn -0.7628 0.2788 0.5835
vn -0.8319 -0.3171 0.4554
vn -0.6321 0.2848 0.7206
vn -0.7596 -0.5650 0.3221
vn -0.6919 0.7186 -0.0698
vn -0.9480 -0.3184 -0.0000
vn -0.8201 -0.5663 0.0827
vn -0.9181 -0.2755 0.2850
vn -0.9419 -0.2757 0.1917
vn -0.8513 -0.1142 0.5121
vn -0.7497 -0.0989 0.6543
vn -0.9691 -0.1256 0.2124
vn -0.9474 -0.1329 0.2913
vn -0.1275 0.9915 -0.0239
vn 0.0749 0.9553 -0.2860
vn -0.8927 -0.0210 0.4502
vn -0.9079 -0.0778 0.4119
vn -0.8640 0.4960 -0.0871
vn -0.6005 0.7362 -0.3120
vn -0.5797 0.7156 -0.3897
vn -0.8296 0.4953 0.2576
vn -0.8265 0.5010 0.2567
vn -0.7426 0.6689 0.0323
vn -0.4320 0.8269 -0.3601
vn -0.2047 0.9505 -0.2338
vn -0.8617 -0.0614 0.5037
vn -0.4004 0.3407 0.8506
vn -0.5327 0.7184 0.4475
vn -0.8241 0.2839 0.4902
vn -0.8620 0.2815 0.4215
vn -0.4250 0.8572 0.2909
vn -0.7828 -0.3166 0.5356
vn -0.7683 0.2683 0.5811
vn -0.7242 -0.5643 0.3963
vn -0.2062 0.6857 0.6981
vn -0.0651 0.6854 0.7253
vn -0.4974 0.3178 0.8072
vn -0.8852 -0.2752 0.3752
vn -0.6815 0.7186 -0.1388
vn -0.9432 -0.3183 -0.0951
vn -0.8242 -0.5664 -0.0000
vn -0.9564 -0.2759 0.0964
vn -0.6857 0.6960 0.2129
vn -0.7036 0.6960 0.1433
vn -0.9778 -0.0788 -0.1942
vn -0.9932 0.0591 -0.1005
vn -0.5036 0.8578 -0.1026
vn -0.9964 0.0389 0.0753
vn -0.0132 0.8138 -0.5809
vn -0.6412 0.3768 0.6685
vn -0.6544 0.2980 0.6950
vn -0.8510 0.4957 -0.1733
vn -0.9612 -0.0230 0.2749
vn -0.9956 0.0632 0.0692
vn -0.9898 0.0942 0.1070
vn -0.9881 0.1527 0.0182
vn -0.6425 0.7654 -0.0363
vn -0.6257 0.7800 -0.0074
vn -0.0399 0.4284 0.9027
vn -0.7971 0.5004 0.3380
vn -0.4465 0.8745 0.1892
vn -0.2925 0.9188 -0.2652
vn -0.0130 0.9978 -0.0644
vn 0.3610 0.6848 0.6330
vn 0.2251 0.6849 0.6930
vn 0.4818 0.6849 0.5466
vn -0.4862 0.7183 0.4977
vn -0.9119 0.2800 0.3001
vn -0.3945 0.8570 0.3316
vn -0.8788 0.2777 0.3880
vn -0.7263 -0.3161 0.6104
vn -0.7821 0.2826 0.5553
vn -0.8796 0.2681 0.3931
vn -0.6316 0.6865 0.3602
vn -0.6880 0.6865 0.2353
vn -0.6819 -0.5635 0.4664
vn -0.5528 0.6865 0.4724
vn -0.4539 0.6863 0.5684
vn -0.3372 0.6860 0.6447
vn -0.8436 -0.2748 0.4614
vn 0.0808 0.6851 0.7240
vn -0.6610 0.6960 0.2803
vn -0.6642 0.7185 -0.2062
vn -0.9290 -0.3182 -0.1892
vn -0.8201 -0.5662 -0.0827
vn -0.9612 -0.2759 -0.0000
vn -0.7144 0.6960 0.0720
vn 0.6642 0.7185 -0.2062
vn 0.6815 0.7186 -0.1388
vn 0.0331 0.8318 -0.5541
vn -0.0080 0.7137 -0.7004
vn -0.0914 0.5645 -0.8203
vn -0.2094 0.3549 -0.9112
vn -0.3840 0.2215 -0.8964
vn -0.6243 0.7811 0.0084
vn -0.9946 0.0593 -0.0854
vn -0.5934 0.8049 -0.0055
vn -0.8478 0.5014 -0.1726
vn -0.8607 0.5017 -0.0868
vn -0.9883 0.1462 -0.0428
vn -0.9872 0.1595 -0.0029
vn 0.0085 0.4682 0.8836
vn -0.7599 0.4998 0.4158
vn -0.7627 0.4941 0.4173
vn -0.5946 0.7157 -0.3664
vn -0.4725 0.8582 0.2005
vn -0.4258 0.8743 0.2328
vn -0.1889 0.9651 -0.1812
vn -0.3445 0.9246 -0.1624
vn 0.1381 0.9904 -0.0115
vn 0.5446 0.6982 0.4647
vn -0.4352 0.7183 0.5429
vn -0.9358 0.3470 -0.0618
vn -0.3602 0.8568 0.3690
vn -0.9400 0.3366 -0.0563
vn -0.6630 -0.3156 0.6789
vn -0.9358 0.2864 0.2054
vn -0.7203 0.6862 0.1012
vn -0.7266 0.6860 -0.0380
vn -0.6330 -0.5627 0.5317
vn -0.7938 -0.2744 0.5427
vn -0.6298 0.6961 0.3446
vn 0.6403 0.7185 -0.2715
vn -0.4909 0.8577 -0.1526
vn -0.6403 0.7185 -0.2715
vn -0.9054 -0.3179 -0.2813
vn -0.8078 -0.5660 -0.1645
vn -0.9564 -0.2758 -0.0964
vn -0.7181 0.6960 -0.0000
vn 0.6919 0.7186 -0.0698
vn 0.6857 0.6960 -0.2129
vn 0.7036 0.6960 -0.1433
vn -0.9936 0.0824 0.0779
vn -0.9746 0.1074 0.1966
vn -0.0709 0.6912 -0.7192
vn -0.3759 0.2203 -0.9001
vn 0.1610 0.5724 0.8040
vn 0.6364 0.6770 0.3697
vn -0.4530 0.8641 0.2192
vn -0.4468 0.8404 0.3067
vn -0.7153 0.4990 0.4892
vn -0.7180 0.4933 0.4911
vn -0.9657 0.2195 -0.1384
vn -0.8770 -0.4132 -0.2454
vn -0.4504 0.8581 0.2466
vn -0.8027 -0.4900 0.3401
vn -0.4863 0.6682 0.5631
vn -0.8473 0.5024 0.1725
vn -0.3803 0.7182 0.5827
vn -0.6085 0.4916 0.6229
vn -0.5537 0.4915 0.6722
vn -0.3227 0.8565 0.4028
vn -0.5935 -0.3150 0.7406
vn -0.9095 0.3804 -0.1679
vn -0.9498 0.3130 0.0022
vn -0.5781 -0.5618 0.5917
vn -0.9490 0.2972 0.1056
vn -0.7058 0.6857 -0.1780
vn -0.7365 -0.2739 0.6185
vn -0.5926 0.6961 0.4053
vn 0.6102 0.7185 -0.3339
vn 0.6610 0.6960 -0.2803
vn -0.6102 0.7185 -0.3339
vn -0.8730 -0.3175 -0.3703
vn -0.7876 -0.5656 -0.2446
vn -0.9419 -0.2757 -0.1917
vn -0.7144 0.6960 -0.0720
vn 0.6954 0.7186 -0.0000
vn 0.7144 0.6960 -0.0720
vn -0.9293 0.2077 0.3054
vn -0.1512 0.5420 -0.8267
vn -0.9742 0.1492 0.1695
vn -0.9888 -0.0874 -0.1208
vn -0.9524 -0.0811 -0.2938
vn -0.9617 -0.0133 -0.2737
vn -0.9879 0.1062 -0.1135
vn -0.9166 -0.0640 -0.3946
vn -0.4209 0.1084 -0.9006
vn -0.6292 -0.0333 -0.7766
vn -0.7503 -0.0965 -0.6541
vn -0.8510 -0.1083 -0.5139
vn -0.3312 0.3411 -0.8797
vn 0.1982 0.9802 0.0001
vn 0.7059 0.6814 0.1935
vn -0.4518 0.8571 0.2473
vn -0.4290 0.8641 0.2633
vn -0.4293 0.8639 0.2634
vn -0.6639 0.4982 0.5577
vn -0.6664 0.4925 0.5598
vn -0.7897 -0.5138 0.3351
vn -0.8498 0.4979 0.1730
vn -0.0663 0.7051 0.7060
vn -0.7647 -0.4904 0.4181
vn -0.0365 0.4955 0.8678
vn -0.1196 0.3149 0.9415
vn -0.1415 0.9899 -0.0095
vn 0.0532 0.9959 -0.0732
vn -0.8602 0.5026 0.0867
vn -0.3610 0.6848 -0.6330
vn -0.2251 0.6849 -0.6930
vn -0.1227 0.6982 -0.7053
vn -0.3221 0.7182 0.6168
vn -0.2823 0.8569 0.4313
vn -0.4700 0.4942 0.7313
vn -0.5187 -0.3145 0.7950
vn -0.6063 0.4973 0.6206
vn -0.5528 0.4968 0.6691
vn -0.8721 0.4098 -0.2675
vn -0.5178 -0.5609 0.6459
vn -0.4818 0.6849 -0.5466
vn -0.5819 0.6851 -0.4382
vn -0.6723 -0.2734 0.6879
vn -0.6573 0.6854 -0.3133
vn -0.5497 0.6962 0.4618
vn 0.5742 0.7184 -0.3927
vn 0.6298 0.6961 -0.3446
vn -0.4925 0.3188 -0.8098
vn -0.5810 0.3018 -0.7559
vn -0.5845 0.2934 -0.7565
vn -0.4735 0.8576 -0.2009
vn -0.4514 0.8574 -0.2472
vn -0.7597 0.2787 -0.5875
vn -0.6991 0.2799 -0.6579
vn -0.5742 0.7184 -0.3927
vn -0.8319 -0.3171 -0.4554
vn -0.7596 -0.5650 -0.3221
vn -0.9181 -0.2755 -0.2850
vn -0.7036 0.6960 -0.1433
vn 0.6919 0.7186 0.0698
vn 0.7181 0.6960 -0.0000
vn -0.8204 0.3669 0.4386
vn -0.9367 0.2286 0.2654
vn -0.8640 -0.0512 -0.5008
vn -0.5421 0.1239 -0.8311
vn -0.2534 0.0957 0.9626
vn -0.2424 0.0326 0.9696
vn -0.5166 0.8193 0.2488
vn -0.7575 0.4880 -0.4337
vn -0.7523 -0.5141 0.4119
vn -0.9282 0.2352 0.2881
vn -0.8949 0.2350 0.3793
vn -0.9524 0.2355 0.1938
vn -0.8627 0.4982 0.0870
vn -0.3471 -0.4163 0.8404
vn -0.4860 0.1992 0.8510
vn -0.1914 0.1772 0.9654
vn 0.1720 0.5939 0.7859
vn 0.0850 0.4368 0.8955
vn -0.6635 0.4991 0.5574
vn 0.0115 0.5675 0.8233
vn -0.8619 0.4026 -0.3083
vn -0.8008 0.4443 -0.4016
vn 0.0058 0.6770 -0.7360
vn -0.2610 0.7181 0.6451
vn -0.4393 -0.3140 0.8417
vn -0.4124 0.4912 0.7672
vn -0.3743 0.4900 0.7873
vn -0.2381 0.8570 0.4571
vn -0.4528 -0.5601 0.6937
vn -0.6728 -0.2602 0.6925
vn -0.7771 -0.0962 0.6220
vn -0.4714 0.4949 0.7300
vn -0.4671 0.4932 0.7339
vn -0.6019 -0.2729 0.7505
vn -0.5016 0.6962 0.5135
vn 0.5327 0.7184 -0.4475
vn 0.5926 0.6961 -0.4053
vn 0.6610 0.6961 -0.2803
vn -0.3952 0.3421 -0.8525
vn -0.0574 0.6854 -0.7259
vn 0.0885 0.6851 -0.7231
vn -0.6280 0.2852 -0.7241
vn -0.1988 0.6857 -0.7002
vn -0.7652 0.2684 -0.5852
vn -0.4250 0.8572 -0.2909
vn -0.8600 0.2817 -0.4256
vn -0.8218 0.2840 -0.4940
vn -0.5327 0.7184 -0.4475
vn -0.7828 -0.3166 -0.5356
vn -0.7242 -0.5643 -0.3963
vn -0.8852 -0.2752 -0.3752
vn -0.6857 0.6960 -0.2129
vn 0.6815 0.7186 0.1388
vn 0.7144 0.6960 0.0720
vn -0.6333 0.5999 0.4889
vn -0.8854 0.2023 0.4184
vn -0.8816 0.3730 0.2891
vn -0.0044 0.9979 0.0650
vn -0.1999 0.9507 0.2371
vn 0.1410 0.9899 0.0160
vn -0.4012 0.8638 0.3046
vn -0.3568 0.0164 0.9341
vn -0.7024 -0.2098 0.6802
vn -0.5924 -0.0796 0.8017
vn -0.8528 0.2346 0.4665
vn -0.9473 -0.1266 0.2941
vn -0.9133 -0.1264 0.3872
vn -0.9720 -0.1268 0.1979
vn -0.9670 0.2356 0.0975
vn -0.8670 0.4983 -0.0000
vn -0.8645 0.5027 -0.0000
vn -0.6654 0.4947 0.5590
vn 0.0357 0.6050 0.7954
vn 0.1285 0.9907 -0.0436
vn -0.1977 0.7181 0.6673
vn -0.1932 0.8561 0.4793
vn -0.2961 0.4866 0.8219
vn -0.3561 -0.3136 0.8803
vn -0.3837 -0.5593 0.7348
vn -0.4135 0.4934 0.7653
vn -0.5260 -0.2725 0.8056
vn -0.9326 -0.0274 0.3599
vn -0.4490 0.6963 0.5600
vn 0.4862 0.7183 -0.4977
vn 0.5497 0.6962 -0.4618
vn -0.2901 0.3732 -0.8812
vn 0.2325 0.6849 -0.6906
vn -0.4478 0.6862 -0.5732
vn -0.3304 0.6860 -0.6483
vn -0.7796 0.2825 -0.5590
vn -0.8774 0.2680 -0.3978
vn -0.6854 0.6866 -0.2427
vn -0.6277 0.6865 -0.3669
vn -0.4862 0.7183 -0.4977
vn -0.7263 -0.3161 -0.6104
vn -0.6819 -0.5635 -0.4664
vn -0.8436 -0.2748 -0.4614
vn -0.6610 0.6960 -0.2803
vn 0.6642 0.7185 0.2062
vn 0.7036 0.6960 0.1433
vn -0.4807 0.7624 0.4332
vn -0.6775 -0.0011 -0.7355
vn -0.1815 0.9661 0.1836
vn -0.2871 0.9179 0.2739
vn -0.2088 0.9524 0.2223
vn -0.7890 -0.0395 -0.6131
vn -0.3327 0.8738 0.3546
vn 0.1526 0.9882 -0.0169
vn 0.0752 0.9963 0.0413
vn -0.1091 0.2529 0.9613
vn -0.2562 0.0927 0.9622
vn -0.0274 0.3262 0.9449
vn -0.5636 -0.0874 0.8214
vn -0.7348 -0.0418 0.6770
vn -0.8025 0.2343 0.5487
vn -0.8703 -0.1262 0.4761
vn -0.9484 0.1171 0.2946
vn -0.9143 0.1169 0.3878
vn -0.9731 0.1172 0.1982
vn -0.9869 -0.1268 0.0995
vn -0.9718 0.2356 -0.0000
vn -0.6026 0.4297 -0.6725
vn -0.5727 0.4633 -0.6763
vn -0.7446 0.2339 0.6253
vn 0.1752 0.7305 0.6601
vn 0.0284 0.6819 0.7309
vn -0.1328 0.7181 0.6832
vn -0.2697 -0.3133 0.9106
vn -0.2153 0.4832 0.8486
vn -0.1466 0.8551 0.4973
vn -0.3111 -0.5587 0.7688
vn -0.3676 0.5054 0.7807
vn -0.2904 0.5002 0.8158
vn -0.4455 -0.2721 0.8529
vn -0.4008 0.4608 0.7919
vn -0.3923 0.6963 0.6010
vn -0.9824 0.0518 0.1795
vn -0.8702 -0.0957 0.4834
vn -0.9849 0.1643 0.0545
vn -0.9582 0.2815 0.0519
vn 0.4352 0.7183 -0.5428
vn 0.5016 0.6962 -0.5135
vn -0.1789 0.4149 -0.8921
vn 0.3677 0.6848 -0.6291
vn -0.5478 0.6865 -0.4782
vn -0.8767 0.2777 -0.3927
vn -0.7191 0.6863 -0.1089
vn -0.9103 0.2797 -0.3051
vn -0.3945 0.8570 -0.3316
vn -0.4352 0.7183 -0.5429
vn -0.6630 -0.3156 -0.6789
vn -0.6330 -0.5627 -0.5317
vn -0.7938 -0.2744 -0.5428
vn -0.6298 0.6961 -0.3446
vn 0.6403 0.7185 0.2715
vn 0.6857 0.6960 0.2129
vn 0.6955 0.7186 -0.0000
vn -0.7319 0.5530 0.3980
vn -0.7687 0.4624 0.4419
vn -0.7700 0.4565 0.4457
vn 0.0535 0.9973 0.0512
vn -0.8473 0.5024 -0.1725
vn -0.8260 0.5019 -0.2565
vn -0.8189 -0.1260 0.5600
vn -0.8712 0.1167 0.4769
vn -0.9279 0.2368 0.2880
vn -0.8946 0.2365 0.3792
vn -0.9520 0.2371 0.1938
vn -0.9881 0.1172 0.0997
vn -0.9919 -0.1268 -0.0000
vn -0.6334 0.2982 -0.7140
vn -0.7597 -0.1257 0.6381
vn -0.6796 0.2335 0.6954
vn -0.6076 0.4938 0.6220
vn -0.6356 0.4983 0.5897
vn -0.6336 0.5027 0.5880
vn 0.1582 0.8001 0.5786
vn -0.0633 0.7872 0.6134
vn -0.8602 0.5026 -0.0867
vn -0.0667 0.7181 0.6928
vn -0.1811 -0.3130 0.9323
vn -0.1496 0.4806 0.8641
vn -0.0985 0.8541 0.5106
vn -0.2358 -0.5581 0.7956
vn -0.2103 0.4950 0.8430
vn -0.3611 -0.2717 0.8921
vn -0.3322 0.6964 0.6362
vn -0.2859 0.5185 0.8059
vn 0.3803 0.7182 -0.5827
vn -0.9852 0.1333 0.1074
vn -0.9874 0.0608 0.1460
vn -0.9765 0.2151 -0.0123
vn -0.1560 0.9828 0.0987
vn -0.2932 0.9558 0.0201
vn -0.9528 0.2870 -0.0987
vn -0.8926 0.3968 -0.2139
vn -0.5303 0.4976 0.6864
vn -0.5120 0.4987 0.6994
vn -0.5090 0.4977 0.7023
vn -0.3933 0.6272 0.6723
vn 0.3904 0.2036 0.8978
vn -0.5279 0.4857 0.6967
vn -0.2675 0.1011 0.9582
vn -0.4589 -0.2092 0.8635
vn -0.3956 -0.1337 0.9086
vn -0.3337 -0.4124 0.8477
vn 0.4490 0.6963 -0.5600
vn 0.5497 0.6962 -0.4617
vn -0.0694 0.4516 -0.8895
vn -0.8001 0.4948 -0.3392
vn 0.4876 0.6849 -0.5414
vn -0.7076 0.6857 0.1704
vn -0.6606 0.6854 0.3063
vn -0.7269 0.6860 0.0303
vn -0.9348 0.2859 -0.2107
vn -0.9501 0.3120 -0.0081
vn -0.9406 0.3354 0.0527
vn -0.9367 0.3455 0.0562
vn -0.3602 0.8568 -0.3690
vn -0.5552 0.4921 -0.6705
vn -0.6085 0.4916 -0.6229
vn -0.3228 0.8570 -0.4017
vn -0.3803 0.7182 -0.5827
vn -0.5935 -0.3150 -0.7406
vn -0.5781 -0.5618 -0.5918
vn -0.7365 -0.2739 -0.6185
vn -0.5926 0.6961 -0.4053
vn 0.6102 0.7185 0.3339
vn 0.6610 0.6960 0.2803
vn 0.6858 0.6960 -0.2129
vn 0.7034 0.6962 -0.1433
vn -0.5591 0.7165 0.4171
vn -0.4298 0.8266 0.3634
vn -0.8265 0.5010 -0.2567
vn -0.8296 0.4953 -0.2576
vn -0.7519 0.4562 0.4760
vn -0.9282 0.2353 -0.2881
vn -0.9524 0.2354 -0.1938
vn 0.1490 0.8794 0.4521
vn 0.0223 0.9814 0.1909
vn -0.8197 0.1165 0.5609
vn -0.8525 0.2362 0.4663
vn -0.9492 -0.1104 0.2947
vn -0.9151 -0.1102 0.3879
vn -0.9739 -0.1105 0.1983
vn -0.9666 0.2372 0.0974
vn -0.9931 0.1173 -0.0000
vn -0.9869 -0.1268 -0.0995
vn -0.9670 0.2356 -0.0975
vn -0.5782 0.5424 -0.6095
vn -0.5725 0.3679 -0.7328
vn -0.5727 0.4632 -0.6763
vn -0.6701 0.1537 -0.7261
vn -0.6076 0.2225 -0.7625
vn -0.7603 0.1163 0.6390
vn -0.6933 -0.1254 0.7096
vn -0.5767 0.4930 0.6514
vn -0.5768 0.4930 0.6514
vn -0.6374 0.4938 0.5915
vn -0.6059 0.4982 0.6202
vn -0.2258 0.8855 0.4060
vn -0.8760 -0.4728 -0.0955
vn -0.8594 -0.4385 -0.2628
vn -0.0339 0.7071 0.7063
vn -0.0493 0.8531 0.5193
vn 0.2759 0.2791 0.9198
vn 0.2730 0.2686 0.9238
vn -0.0909 -0.3129 0.9454
vn 0.6234 0.3559 0.6963
vn 0.5458 0.3270 0.7715
vn -0.1256 0.4804 0.8680
vn -0.1583 -0.5577 0.8148
vn -0.1286 0.4893 0.8626
vn -0.2736 -0.2714 0.9228
vn -0.2692 0.6964 0.6652
vn -0.2072 0.5117 0.8338
vn 0.3221 0.7182 -0.6168
vn 0.3923 0.6963 -0.6010
vn -0.5015 0.8520 -0.1502
vn -0.5954 0.7746 -0.2131
vn -0.2541 0.9339 0.2515
vn -0.4332 0.8439 0.3167
vn -0.2625 0.9397 0.2192
vn -0.9296 0.3654 -0.0488
vn -0.7766 0.5632 -0.2825
vn -0.8774 0.4770 -0.0505
vn 0.2748 0.2659 0.9240
vn 0.2244 0.2475 0.9426
vn 0.2350 0.2406 0.9418
vn 0.0787 -0.0031 0.9969
vn -0.2696 -0.0154 0.9629
vn -0.2621 -0.0391 0.9642
vn 0.6612 0.6959 -0.2802
vn -0.0340 0.4312 -0.9016
vn 0.5495 0.6982 -0.4589
vn -0.5866 0.6851 0.4320
vn -0.9486 0.2965 -0.1110
vn -0.4876 0.6849 0.5414
vn -0.9113 0.3784 0.1624
vn -0.5549 0.4956 -0.6682
vn -0.6063 0.4973 -0.6206
vn -0.2811 0.8570 -0.4320
vn -0.4657 0.5094 -0.7237
vn -0.6664 0.4925 -0.5598
vn -0.8740 0.4078 0.2643
vn -0.3221 0.7182 -0.6168
vn -0.5187 -0.3145 -0.7950
vn -0.5178 -0.5609 -0.6459
vn -0.6723 -0.2734 -0.6879
vn -0.5497 0.6962 -0.4618
vn 0.5742 0.7184 0.3927
vn 0.6299 0.6961 0.3446
vn 0.6299 0.6961 -0.3446
vn 0.5018 0.6961 -0.5134
vn 0.3925 0.6963 -0.6010
vn 0.3321 0.6964 -0.6362
vn 0.2692 0.6964 -0.6653
vn 0.2039 0.6964 -0.6881
vn 0.1369 0.6965 -0.7044
vn 0.0687 0.6965 -0.7143
vn 0.1495 0.6948 -0.7035
vn -0.0000 0.6965 -0.7176
vn -0.0339 0.7071 -0.7063
vn -0.0687 0.6965 -0.7143
vn -0.1369 0.6965 -0.7044
vn -0.2039 0.6964 -0.6881
vn -0.2692 0.6964 -0.6653
vn -0.3321 0.6964 -0.6362
vn -0.3925 0.6963 -0.6010
vn -0.4490 0.6963 -0.5600
vn -0.5018 0.6961 -0.5134
vn -0.6299 0.6961 -0.3446
vn -0.6613 0.6958 -0.2802
vn -0.6858 0.6960 -0.2129
vn -0.7034 0.6962 -0.1433
vn -0.7178 0.6962 -0.0000
vn -0.7146 0.6959 0.0720
vn -0.6299 0.6961 0.3446
vn -0.3322 0.6963 0.6362
vn -0.2693 0.6964 0.6652
vn -0.2039 0.6964 0.6880
vn -0.1369 0.6965 0.7044
vn -0.0687 0.6965 0.7143
vn -0.0000 0.6965 0.7176
vn 0.0687 0.6965 0.7143
vn 0.1369 0.6965 0.7044
vn 0.2039 0.6964 0.6881
vn 0.2693 0.6964 0.6652
vn 0.3321 0.6964 0.6362
vn 0.3923 0.6963 0.6010
vn 0.4490 0.6963 0.5600
vn 0.5016 0.6962 0.5135
vn 0.5497 0.6962 0.4617
vn 0.5926 0.6961 0.4053
vn 0.7145 0.6960 0.0720
vn 0.7178 0.6962 -0.0000
vn -0.7966 0.5014 -0.3378
vn -0.7971 0.5004 -0.3380
vn -0.9764 -0.1842 0.1125
vn -0.9637 -0.1293 0.2336
vn -0.9473 -0.1266 -0.2941
vn -0.9720 -0.1267 -0.1979
vn -0.8949 0.2350 -0.3793
vn -0.5971 0.5873 0.5464
vn -0.6657 0.4765 0.5743
vn -0.8022 0.2358 0.5485
vn -0.8720 -0.1100 0.4770
vn -0.8674 -0.4186 0.2692
vn -0.8365 -0.4178 0.3545
vn -0.8896 -0.4193 0.1810
vn -0.9889 -0.1106 0.0997
vn -0.9715 0.2372 -0.0000
vn -0.9881 0.1172 -0.0997
vn -0.5246 0.8513 -0.0020
vn -0.5240 0.8467 -0.0927
vn -0.5438 0.4981 -0.6754
vn -0.5595 0.6349 -0.5328
vn -0.7113 0.0045 -0.7029
vn -0.6476 0.0701 -0.7588
vn -0.7443 0.2353 0.6251
vn -0.6939 0.1161 0.7106
vn -0.6207 -0.1251 0.7740
vn -0.6084 0.2330 0.7586
vn 0.1564 0.7033 0.6935
vn 0.1968 0.6508 0.7333
vn -0.5734 0.5019 0.6476
vn -0.5733 0.5019 0.6476
vn -0.8318 -0.3682 -0.4154
vn -0.8492 -0.5208 -0.0873
vn -0.8341 -0.4914 -0.2506
vn -0.8798 -0.4691 0.0765
vn -0.0000 0.7181 0.6960
vn -0.0244 0.8594 0.5107
vn 0.1345 0.2690 0.9537
vn 0.0492 0.2721 0.9610
vn -0.0456 -0.3097 0.9497
vn 0.3083 0.2649 0.9137
vn -0.0795 -0.5575 0.8264
vn -0.1837 -0.2712 0.9448
vn -0.1271 0.5049 0.8538
vn 0.2610 0.7181 -0.6451
vn -0.3095 -0.1539 0.9384
vn -0.3070 -0.1675 0.9368
vn 0.3322 0.6964 -0.6362
vn -0.6651 0.6985 -0.2642
vn -0.6001 0.7886 0.1346
vn -0.7139 0.7000 -0.0167
vn -0.5113 0.5006 0.6986
vn -0.5409 0.5019 0.6750
vn 0.2414 0.2686 0.9325
vn 0.5947 0.2054 0.7773
vn 0.3485 0.3420 0.8727
vn 0.4386 0.5309 0.7251
vn -0.3677 0.6848 0.6291
vn -0.5426 0.4974 -0.6769
vn -0.6059 0.4982 -0.6202
vn -0.4700 0.5136 -0.7178
vn -0.6639 0.4982 -0.5577
vn -0.2386 0.8559 -0.4587
vn -0.3678 0.5060 -0.7802
vn -0.2610 0.7181 -0.6451
vn -0.4393 -0.3140 -0.8417
vn -0.4528 -0.5601 -0.6937
vn -0.6019 -0.2729 -0.7505
vn -0.5016 0.6962 -0.5135
vn 0.5327 0.7184 0.4475
vn 0.6610 0.6961 0.2803
vn 0.6404 0.7185 0.2715
vn 0.4862 0.7183 0.4977
vn 0.4352 0.7182 0.5429
vn 0.3804 0.7182 0.5827
vn 0.3221 0.7182 0.6169
vn 0.2610 0.7181 0.6451
vn 0.1977 0.7181 0.6673
vn 0.1328 0.7181 0.6832
vn 0.0667 0.7180 0.6928
vn -0.0000 0.7180 0.6960
vn -0.0667 0.7180 0.6928
vn -0.1978 0.7181 0.6673
vn -0.2611 0.7181 0.6451
vn -0.3804 0.7182 0.5827
vn -0.4352 0.7182 0.5428
vn -0.6404 0.7185 0.2715
vn -0.6920 0.7186 0.0698
vn -0.6955 0.7186 -0.0000
vn -0.6404 0.7185 -0.2715
vn -0.6102 0.7184 -0.3339
vn -0.4352 0.7182 -0.5429
vn -0.3804 0.7182 -0.5827
vn -0.3221 0.7181 -0.6168
vn -0.2611 0.7181 -0.6451
vn -0.1978 0.7181 -0.6673
vn -0.1328 0.7181 -0.6832
vn -0.0667 0.7180 -0.6928
vn -0.0338 0.7071 -0.7063
vn -0.0000 0.7180 -0.6960
vn 0.0338 0.7071 -0.7063
vn 0.0667 0.7180 -0.6928
vn 0.1328 0.7181 -0.6832
vn 0.1978 0.7181 -0.6673
vn 0.2611 0.7181 -0.6451
vn 0.3804 0.7182 -0.5827
vn -0.7594 0.5007 -0.4155
vn -0.7599 0.4998 -0.4158
vn -0.7627 0.4941 -0.4173
vn 0.0144 0.4716 -0.8817
vn -0.9758 -0.2182 -0.0169
vn -0.9495 -0.1842 0.2541
vn -0.9621 -0.2426 0.1245
vn -0.9380 -0.0556 0.3420
vn -0.9484 0.1171 -0.2946
vn -0.9731 0.1172 -0.1982
vn -0.9133 -0.1264 -0.3872
vn -0.8528 0.2347 -0.4665
vn -0.7330 0.3615 0.5763
vn -0.5592 0.5826 0.5898
vn -0.6329 0.4641 0.6197
vn -0.5295 0.6895 0.4942
vn -0.8205 -0.1098 0.5611
vn -0.7975 -0.4169 0.4361
vn -0.6904 -0.6909 0.2146
vn -0.6662 -0.6902 0.2827
vn -0.7079 -0.6914 0.1443
vn -0.9030 -0.4199 0.0909
vn -0.9939 -0.1106 -0.0000
vn -0.9666 0.2372 -0.0974
vn -0.3183 0.9436 0.0908
vn -0.3578 0.9090 0.2137
vn -0.5275 0.8448 0.0900
vn -0.4772 0.8733 -0.0982
vn -0.4779 0.8784 0.0078
vn -0.5255 0.8310 -0.1825
vn -0.5210 0.6097 -0.5974
vn -0.5457 0.7078 -0.4486
vn -0.7542 -0.1388 -0.6418
vn -0.6907 -0.0799 -0.7187
vn -0.7611 -0.1096 0.6393
vn -0.6793 0.2349 0.6952
vn -0.6211 0.1159 0.7751
vn -0.5424 -0.1249 0.8308
vn -0.5317 0.2326 0.8143
vn 0.1671 0.5981 0.7838
vn 0.1226 0.7949 0.5942
vn 0.2465 0.7038 0.6663
vn 0.2261 0.6548 0.7212
vn -0.5767 0.4929 0.6514
vn 0.1542 0.4838 0.8615
vn -0.6337 0.5028 0.5880
vn -0.6337 0.5027 0.5879
vn -0.7957 -0.2660 -0.5442
vn -0.8085 -0.4288 -0.4030
vn -0.8528 -0.5162 0.0795
vn -0.8444 -0.4780 0.2418
vn -0.8248 -0.4077 0.3917
vn -0.7953 -0.3087 0.5217
vn -0.7583 -0.1852 0.6250
vn -0.7164 -0.0431 0.6963
vn -0.6728 0.1095 0.7316
vn -0.6306 0.2637 0.7299
vn -0.5925 0.4102 0.6933
vn -0.5599 0.5409 0.6276
vn -0.5337 0.6504 0.5405
vn -0.5135 0.7367 0.4401
vn -0.4985 0.8003 0.3331
vn -0.4882 0.8435 0.2239
vn -0.4815 0.8689 0.1153
vn -0.4791 0.8540 -0.2030
vn -0.4838 0.8197 -0.3066
vn -0.4920 0.7688 -0.4084
vn -0.5042 0.6994 -0.5066
vn -0.7340 -0.2181 -0.6431
vn -0.7742 -0.3365 -0.5360
vn -0.8707 -0.4276 0.2431
vn 0.0339 0.7071 0.7063
vn 0.0250 0.2462 0.9689
vn 0.0405 0.2590 0.9650
vn -0.0000 0.8526 0.5225
vn -0.0000 -0.3128 0.9498
vn 0.0245 0.2470 0.9687
vn -0.0398 -0.5575 0.8292
vn 0.2239 0.2696 0.9366
vn 0.5014 0.6857 0.5276
vn 0.3897 0.6860 0.6144
vn 0.3695 0.2899 0.8829
vn -0.0922 -0.2711 0.9581
vn 0.7287 0.6848 0.0039
vn 0.7127 0.6849 0.1515
vn 0.4602 0.3055 0.8336
vn -0.1074 0.4786 0.8714
vn 0.6914 0.3817 0.6134
vn 0.1977 0.7181 -0.6673
vn -0.2753 -0.1670 0.9467
vn -0.2276 -0.1662 0.9595
vn -0.0537 0.4390 0.8969
vn -0.0615 0.5125 0.8565
vn -0.2529 -0.0523 0.9661
vn -0.2575 -0.0609 0.9643
vn -0.7843 0.6173 -0.0614
vn -0.4079 0.4812 0.7759
vn -0.4559 0.4636 0.7598
vn -0.5175 0.4871 0.7035
vn -0.6191 0.2855 0.7315
vn -0.6040 0.5028 0.6183
vn -0.4771 -0.1992 0.8560
vn -0.5861 -0.2119 0.7821
vn -0.5426 0.4974 0.6769
vn -0.5732 0.5018 0.6478
vn 0.3590 0.3629 0.8599
vn -0.3087 0.7874 0.5335
vn -0.1828 0.9070 0.3793
vn 0.3276 0.3461 0.8791
vn 0.3477 0.3440 0.8722
vn 0.4352 0.7183 -0.5429
vn 0.6403 0.6770 -0.3629
vn -0.8648 0.4003 0.3032
vn -0.2325 0.6849 0.6905
vn -0.6084 0.2330 -0.7586
vn -0.6796 0.2335 -0.6954
vn -0.4757 0.4952 -0.7270
vn -0.6635 0.4991 -0.5574
vn -0.7153 0.4990 -0.4893
vn -0.7180 0.4933 -0.4911
vn -0.1939 0.8549 -0.4812
vn -0.2905 0.5010 -0.8153
vn -0.1977 0.7181 -0.6673
vn -0.3561 -0.3136 -0.8803
vn -0.3837 -0.5593 -0.7348
vn -0.5261 -0.2725 -0.8056
vn 0.6298 0.6961 0.3446
vn 0.3322 0.6964 0.6362
vn 0.2692 0.6964 0.6653
vn 0.2039 0.6964 0.6880
vn 0.1369 0.6964 0.7044
vn -0.2692 0.6964 0.6653
vn -0.5497 0.6962 0.4617
vn -0.7145 0.6960 -0.0720
vn -0.3923 0.6963 -0.6010
vn -0.3322 0.6964 -0.6362
vn -0.1369 0.6964 -0.7044
vn 0.0339 0.7071 -0.7063
vn 0.2039 0.6964 -0.6880
vn -0.7148 0.4999 -0.4889
vn -0.4464 0.8415 -0.3043
vn -0.4515 0.8574 -0.2472
vn 0.1666 0.5776 -0.7992
vn -0.9616 -0.2300 -0.1496
vn -0.9229 -0.1056 0.3702
vn -0.9603 -0.2785 -0.0135
vn -0.9005 0.0339 0.4335
vn -0.9279 0.2368 -0.2880
vn -0.9520 0.2371 -0.1938
vn -0.9143 0.1169 -0.3878
vn -0.8703 -0.1262 -0.4761
vn -0.8025 0.2343 -0.5487
vn -0.7959 0.2465 0.5529
vn -0.7049 0.3409 0.6220
vn -0.4866 0.6918 0.5335
vn -0.4655 0.7794 0.4193
vn -0.7507 -0.4159 0.5133
vn -0.6354 -0.6894 0.3479
vn -0.4412 -0.8869 0.1370
vn -0.4256 -0.8867 0.1805
vn -0.4524 -0.8870 0.0921
vn -0.7184 -0.6919 0.0726
vn -0.9074 -0.4204 -0.0001
vn -0.9889 -0.1106 -0.0997
vn -0.4075 0.8535 0.3246
vn -0.2598 0.9603 0.1013
vn -0.3023 0.9244 0.2328
vn -0.2905 0.9561 -0.0396
vn -0.5329 0.8260 0.1838
vn -0.5294 0.8036 -0.2719
vn -0.5359 0.7632 -0.3609
vn -0.6968 -0.4149 0.5851
vn -0.6947 -0.1094 0.7109
vn -0.6082 0.2344 0.7584
vn -0.5428 0.1157 0.8319
vn -0.2009 0.9600 0.1952
vn -0.0983 0.9530 0.2867
vn -0.5107 0.4921 0.7050
vn -0.4593 -0.1246 0.8795
vn -0.4503 0.2323 0.8621
vn 0.0670 0.8689 0.4904
vn 0.2116 0.7979 0.5645
vn 0.1187 0.3654 0.9233
vn -0.8494 -0.3507 0.3945
vn 0.0244 0.8594 0.5107
vn 0.0242 0.2747 0.9612
vn -0.0306 0.2463 0.9687
vn 0.0456 -0.3097 0.9497
vn 0.0667 0.7181 0.6928
vn -0.0000 -0.5574 0.8302
vn 0.1327 0.6865 0.7150
vn -0.0039 0.6865 0.7271
vn 0.2653 0.6863 0.6772
vn -0.0461 -0.2729 0.9609
vn 0.5956 0.6854 0.4190
vn 0.6674 0.6851 0.2920
vn -0.0893 0.4768 0.8745
vn -0.1896 -0.1605 0.9687
vn -0.5735 0.5019 0.6475
vn -0.4779 0.4919 0.7277
vn 0.7079 0.6814 -0.1859
vn -0.6206 -0.1251 -0.7740
vn -0.6933 -0.1254 -0.7096
vn -0.5318 0.2326 -0.8143
vn -0.7446 0.2339 -0.6253
vn -0.3687 0.5094 -0.7775
vn -0.4645 0.8453 -0.2640
vn -0.6099 0.5974 0.5207
vn -0.8048 0.4413 0.3970
vn -0.2697 -0.3133 -0.9106
vn -0.3111 -0.5587 -0.7688
vn -0.4455 -0.2721 -0.8529
vn 0.4352 0.7183 0.5428
vn 0.3803 0.7182 0.5827
vn 0.3221 0.7182 0.6168
vn 0.0001 0.7180 -0.6960
vn 0.0340 0.7071 -0.7063
vn -0.4290 0.8641 -0.2633
vn -0.4291 0.8641 -0.2632
vn -0.9345 -0.2189 -0.2805
vn -0.9442 -0.2907 -0.1548
vn -0.8834 -0.0100 0.4685
vn -0.8525 0.1359 0.5047
vn -0.9492 -0.1104 -0.2947
vn -0.9739 -0.1105 -0.1983
vn -0.8946 0.2365 -0.3792
vn -0.8712 0.1167 -0.4769
vn -0.8189 -0.1260 -0.5600
vn -0.7723 0.2177 0.5968
vn -0.4180 0.7875 0.4530
vn -0.5985 -0.6885 0.4096
vn -0.4060 -0.8865 0.2222
vn -0.2339 -0.9695 0.0727
vn -0.2258 -0.9695 0.0958
vn -0.2397 -0.9696 0.0488
vn -0.4593 -0.8871 0.0463
vn -0.7218 -0.6921 0.0002
vn -0.9026 -0.4207 -0.0911
vn -0.3556 0.8660 0.3515
vn -0.2298 0.9725 -0.0377
vn -0.2138 0.9603 -0.1789
vn -0.2122 0.9244 -0.3171
vn -0.2248 0.8660 -0.4466
vn -0.2513 0.7875 -0.5628
vn -0.2908 0.6918 -0.6610
vn -0.3417 0.5826 -0.7375
vn -0.4020 0.4641 -0.7893
vn -0.4694 0.3409 -0.8145
vn -0.5413 0.2177 -0.8122
vn -0.6150 0.0993 -0.7823
vn -0.6876 -0.0099 -0.7260
vn -0.7564 -0.1056 -0.6455
vn -0.8186 -0.1842 -0.5440
vn -0.8720 -0.2425 -0.4253
vn -0.9144 -0.2785 -0.2938
vn -0.8326 0.0994 0.5449
vn -0.2755 0.9457 -0.1724
vn -0.4232 0.5544 -0.7166
vn -0.5413 0.7931 0.2794
vn -0.5559 -0.6876 0.4672
vn -0.6363 -0.4139 0.6510
vn -0.6219 -0.1091 0.7755
vn -0.5315 0.2340 0.8141
vn -0.4596 0.1155 0.8806
vn -0.3109 0.9433 0.1158
vn -0.0077 0.9223 0.3864
vn -0.1217 0.9801 0.1571
vn -0.0150 0.9679 0.2509
vn -0.1489 0.9599 0.2375
vn -0.0464 0.9440 0.3268
vn -0.4161 -0.1247 0.9007
vn -0.4078 0.2338 0.8826
vn 0.1550 0.8750 0.4587
vn 0.2575 0.5970 0.7598
vn 0.2452 0.4808 0.8418
vn 0.0621 0.2477 0.9668
vn 0.2094 0.3601 0.9091
vn -0.7049 0.0692 -0.7059
vn -0.8179 -0.2429 0.5216
vn -0.0275 0.2463 0.9688
vn 0.0398 -0.5575 0.8292
vn 0.0909 -0.3129 0.9454
vn -0.1394 0.2689 0.9530
vn 0.0493 0.8531 0.5193
vn -0.0538 0.2719 0.9608
vn -0.0000 -0.2710 0.9626
vn 0.0667 0.7181 -0.6928
vn 0.7028 0.3827 0.5997
vn 0.7143 0.6849 -0.1440
vn -0.0892 0.4768 0.8745
vn -0.1581 -0.1909 0.9688
vn -0.1673 -0.7572 0.6314
vn -0.2500 -0.0620 0.9663
vn -0.2529 -0.0561 0.9659
vn -0.0000 0.5270 0.8499
vn -0.0000 0.5044 0.8635
vn -0.0657 0.4772 0.8764
vn -0.1250 0.2887 0.9492
vn 0.0988 0.4922 0.8649
vn 0.2692 0.6964 -0.6652
vn -0.2208 -0.3895 0.8942
vn -0.2208 -0.3896 0.8941
vn -0.2209 -0.3894 0.8942
vn -0.6868 -0.2011 0.6984
vn -0.4846 -0.2450 0.8397
vn -0.6006 -0.2567 0.7572
vn -0.3656 -0.1665 0.9158
vn 0.5230 0.1402 0.8407
vn 0.4998 0.2723 0.8223
vn -0.0666 0.7683 0.6366
vn 0.5243 0.1073 0.8447
vn -0.0804 0.9159 0.3932
vn 0.2491 -0.0297 0.9680
vn -0.2208 -0.3894 0.8942
vn -0.1302 0.6982 0.7040
vn -0.6211 0.1159 -0.7751
vn -0.6939 0.1161 -0.7106
vn -0.5424 -0.1249 -0.8308
vn -0.7596 -0.1257 -0.6381
vn -0.4503 0.2323 -0.8621
vn -0.4021 0.4938 -0.7710
vn -0.2909 0.5072 -0.8113
vn -0.7622 0.4843 0.4295
vn 0.1854 0.6814 0.7081
vn -0.4012 0.8638 -0.3049
vn -0.2104 0.4958 -0.8425
vn -0.1472 0.8539 -0.4993
vn -0.0667 0.7181 -0.6928
vn -0.1811 -0.3130 -0.9323
vn -0.2358 -0.5581 -0.7956
vn -0.3611 -0.2717 -0.8921
vn 0.2692 0.6964 0.6652
vn -0.6610 0.6961 0.2803
vn -0.6610 0.6961 -0.2803
vn -0.5497 0.6962 -0.4617
vn -0.2692 0.6964 -0.6652
vn -0.2039 0.6964 -0.6880
vn -0.0001 0.6965 -0.7176
vn -0.4249 0.8572 -0.2908
vn -0.8955 -0.1855 -0.4046
vn -0.8663 -0.4208 -0.2691
vn -0.8889 -0.4208 -0.1811
vn -0.9151 -0.1102 -0.3879
vn -0.8525 0.2362 -0.4663
vn -0.8197 0.1165 -0.5609
vn -0.3824 -0.8862 0.2616
vn -0.2155 -0.9694 0.1179
vn -0.1600 -0.9859 0.0497
vn -0.1545 -0.9858 0.0655
vn -0.1640 -0.9859 0.0334
vn -0.2433 -0.9697 0.0245
vn -0.4617 -0.8871 -0.0001
vn -0.7180 -0.6923 -0.0722
vn -0.2741 0.9129 -0.3026
vn -0.3968 0.5928 -0.7008
vn -0.5533 0.7436 0.3754
vn -0.3552 -0.8858 0.2985
vn -0.5079 -0.6867 0.5201
vn -0.5698 -0.4129 0.7105
vn -0.5434 -0.1089 0.8324
vn -0.4502 0.2336 0.8619
vn -0.4167 0.1142 0.9019
vn -0.4240 0.9042 0.0514
vn 0.0782 0.9324 0.3529
vn -0.2376 0.9685 0.0746
vn 0.0424 0.9053 0.4226
vn -0.2612 0.9522 0.1584
vn -0.3687 0.4767 0.7980
vn -0.3722 -0.1244 0.9198
vn -0.3650 0.2320 0.9017
vn -0.0128 0.1358 0.9907
vn 0.1518 0.2396 0.9589
vn -0.7234 0.0335 -0.6896
vn -0.7791 -0.1110 0.6170
vn -0.1403 0.6865 0.7135
vn 0.0461 -0.2729 0.9609
vn 0.0795 -0.5575 0.8264
vn 0.1811 -0.3130 0.9323
vn -0.2010 0.2586 0.9448
vn -0.2725 0.6862 0.6744
vn 0.7547 0.4219 0.5024
vn 0.6747 0.6982 -0.2393
vn -0.7287 0.6848 -0.0039
vn -0.7127 0.6849 -0.1515
vn -0.0408 0.4771 0.8779
vn -0.0388 0.8556 0.5163
vn 0.0999 0.7607 0.6414
vn -0.2212 -0.3844 0.8963
vn -0.2212 -0.3845 0.8962
vn -0.2213 -0.3844 0.8962
vn -0.5314 -0.2015 0.8228
vn -0.6358 -0.2105 0.7426
vn -0.7310 -0.1979 0.6530
vn -0.7072 -0.2443 0.6634
vn -0.3640 -0.2103 0.9074
vn -0.2971 -0.1726 0.9391
vn 0.5095 0.0719 0.8575
vn 0.5626 0.1632 0.8105
vn 0.5371 0.1193 0.8351
vn 0.6122 0.5840 0.5330
vn 0.5251 0.0863 0.8466
vn -0.0722 0.9217 0.3812
vn -0.1417 0.9091 0.3917
vn -0.2327 0.8017 0.5506
vn -0.3879 0.4629 0.7970
vn -0.0714 0.9198 0.3858
vn -0.0676 0.9229 0.3791
vn 0.6374 0.4938 0.5915
vn 0.6374 0.4938 0.5914
vn 0.7446 0.2339 0.6253
vn -0.4447 0.4785 0.7571
vn -0.7355 -0.2182 0.6414
vn 0.5001 0.0323 0.8653
vn 0.1419 -0.3877 0.9108
vn -0.2211 -0.3844 0.8963
vn -0.0020 0.6770 0.7360
vn -0.6082 0.2344 -0.7584
vn -0.6794 0.2349 -0.6952
vn -0.5428 0.1157 -0.8319
vn -0.7603 0.1163 -0.6390
vn -0.4593 -0.1246 -0.8795
vn -0.3650 0.2320 -0.9017
vn -0.3256 0.4944 -0.8059
vn -0.2106 0.5051 -0.8370
vn -0.1284 0.4907 -0.8618
vn -0.0989 0.8529 -0.5127
vn -0.0496 0.8519 -0.5213
vn 0.1862 0.2639 -0.9464
vn 0.1863 0.2700 -0.9447
vn -0.0000 0.7181 -0.6960
vn -0.0909 -0.3129 -0.9454
vn -0.1583 -0.5577 -0.8148
vn -0.2736 -0.2714 -0.9228
vn -0.4352 0.7183 0.5428
vn -0.4352 0.7183 -0.5428
vn 0.0001 0.7181 -0.6960
vn -0.8460 -0.1307 -0.5169
vn -0.6894 -0.6921 -0.2139
vn -0.7072 -0.6922 -0.1438
vn -0.8352 -0.4207 -0.3542
vn -0.8720 -0.1100 -0.4770
vn -0.8022 0.2358 -0.5485
vn -0.2031 -0.9692 0.1390
vn -0.1475 -0.9858 0.0807
vn -0.1088 -0.9935 0.0338
vn -0.1050 -0.9935 0.0446
vn -0.1115 -0.9935 0.0227
vn -0.1665 -0.9859 0.0168
vn -0.2444 -0.9697 -0.0000
vn -0.4595 -0.8869 -0.0464
vn -0.2861 0.8588 -0.4250
vn -0.3487 0.6958 -0.6279
vn -0.4788 0.5036 -0.7191
vn -0.5698 0.6746 0.4692
vn -0.3247 -0.8855 0.3324
vn -0.1888 -0.9691 0.1587
vn -0.4552 -0.6857 0.5679
vn -0.4982 -0.4120 0.7629
vn -0.4602 -0.1087 0.8811
vn -0.4077 0.2345 0.8825
vn -0.3724 0.1154 0.9209
vn -0.3581 0.9336 0.0069
vn -0.5353 0.8446 0.0043
vn -0.5767 0.4930 0.6515
vn 0.1142 0.8459 0.5209
vn -0.0151 0.9679 0.2508
vn 0.0784 0.9324 0.3528
vn -0.3787 0.9209 0.0929
vn -0.1216 0.9801 0.1570
vn -0.2378 0.9685 0.0743
vn -0.4401 0.4913 0.7516
vn -0.4400 0.4913 0.7516
vn -0.4758 0.4922 0.7290
vn -0.3291 0.4775 0.8146
vn -0.2820 -0.1243 0.9513
vn -0.2765 0.2317 0.9327
vn -0.1026 0.0340 0.9941
vn -0.7879 -0.0568 -0.6132
vn -0.6897 0.1400 -0.7104
vn -0.7366 0.0364 0.6754
vn 0.0922 -0.2711 0.9581
vn 0.1583 -0.5577 0.8148
vn 0.2697 -0.3133 0.9106
vn -0.2055 0.2698 0.9407
vn -0.3745 0.2906 0.8805
vn 0.0997 0.8535 0.5115
vn -0.2811 0.2796 0.9181
vn -0.2753 0.2696 0.9228
vn -0.6000 0.6854 0.4126
vn -0.6704 0.6851 0.2849
vn -0.7143 0.6849 0.1440
vn -0.6721 0.6982 -0.2464
vn -0.0413 0.4769 0.8780
vn -0.0231 0.8592 0.5111
vn -0.0607 -0.7168 0.6946
vn -0.1596 0.6869 0.7090
vn -0.4219 -0.1708 0.8904
vn -0.4847 -0.2451 0.8397
vn -0.8007 -0.2090 0.5614
vn -0.7750 -0.1751 0.6072
vn -0.2558 -0.1198 0.9593
vn -0.2433 -0.1532 0.9578
vn 0.5087 0.0428 0.8599
vn -0.1604 0.6863 0.7094
vn 0.4979 0.0364 0.8665
vn -0.6219 -0.1091 -0.7755
vn -0.6947 -0.1094 -0.7109
vn -0.5315 0.2340 -0.8141
vn -0.7443 0.2353 -0.6251
vn -0.4596 0.1155 -0.8806
vn -0.3722 -0.1244 -0.9198
vn -0.2765 0.2317 -0.9327
vn -0.2463 0.4953 -0.8331
vn -0.1285 0.5032 -0.8546
vn 0.5656 0.3228 -0.7589
vn 0.6415 0.3504 -0.6824
vn 0.2404 0.2496 -0.9380
vn -0.0000 0.8515 -0.5244
vn 0.0535 0.2696 -0.9615
vn 0.1391 0.2665 -0.9537
vn -0.0000 -0.3128 -0.9498
vn -0.0795 -0.5575 -0.8264
vn -0.1837 -0.2712 -0.9448
vn -0.4419 -0.8865 -0.1373
vn -0.4529 -0.8868 -0.0923
vn -0.6649 -0.6917 -0.2817
vn -0.7959 -0.4205 -0.4355
vn -0.8205 -0.1098 -0.5610
vn -0.1390 -0.9857 0.0951
vn -0.1003 -0.9934 0.0549
vn -0.0713 -0.9972 0.0222
vn -0.0689 -0.9972 0.0292
vn -0.0731 -0.9972 0.0149
vn -0.1132 -0.9935 0.0114
vn -0.1673 -0.9859 -0.0000
vn -0.2433 -0.9697 -0.0245
vn -0.3113 0.7855 -0.5348
vn -0.5467 0.3814 -0.7455
vn -0.5919 0.5837 0.5558
vn -0.2910 -0.8851 0.3631
vn -0.1727 -0.9690 0.1768
vn -0.1292 -0.9856 0.1086
vn -0.3982 -0.6849 0.6102
vn -0.4220 -0.4112 0.8080
vn -0.4169 -0.1090 0.9024
vn -0.3648 0.2332 0.9014
vn -0.2821 0.1152 0.9524
vn -0.4791 0.8767 -0.0435
vn -0.6408 0.7673 -0.0242
vn -0.5442 0.4930 0.6788
vn 0.1663 0.7685 0.6179
vn 0.1547 0.8751 0.4586
vn -0.3583 0.9336 0.0068
vn -0.4964 0.8670 0.0440
vn -0.5108 0.4921 0.7049
vn -0.8024 0.5967 0.0135
vn -0.8745 0.4831 0.0432
vn -0.3205 0.4629 0.8265
vn -0.2450 0.4839 0.8401
vn -0.1893 -0.1241 0.9740
vn -0.1855 0.2317 0.9549
vn -0.2036 -0.0539 0.9776
vn 0.0743 0.1237 0.9895
vn -0.0198 0.0169 0.9997
vn -0.6180 0.2584 -0.7425
vn -0.6940 0.1892 0.6947
vn 0.1837 -0.2712 0.9448
vn 0.2358 -0.5581 0.7956
vn 0.3561 -0.3136 0.8803
vn -0.3963 0.6860 0.6102
vn -0.4649 0.3065 0.8306
vn -0.5070 0.6857 0.5222
vn 0.1459 0.8545 0.4985
vn 0.2148 0.4839 0.8484
vn 0.2963 0.4872 0.8215
vn 0.1944 0.8555 0.4799
vn 0.1502 0.4813 0.8636
vn -0.5501 0.3283 0.7679
vn -0.6271 0.3576 0.6920
vn -0.7058 0.3848 0.5947
vn -0.6947 0.3838 0.6083
vn -0.7569 0.4247 0.4968
vn 0.0519 0.8593 0.5088
vn -0.0989 0.7627 0.6392
vn 0.0244 -0.9884 -0.1500
vn -0.0237 0.8596 0.5105
vn 0.0237 0.8596 0.5105
vn 0.0230 0.8594 0.5109
vn -0.7498 -0.0321 0.6609
vn -0.0003 0.4772 0.8788
vn 0.0537 0.4390 0.8969
vn 0.0615 0.5125 0.8565
vn 0.0395 0.4770 0.8780
vn 0.0410 0.4769 0.8780
vn 0.4146 -0.7060 0.5742
vn 0.1250 0.2887 0.9492
vn 0.0607 -0.7168 0.6946
vn -0.6976 0.3781 0.6086
vn -0.1595 0.6869 0.7090
vn -0.8138 -0.1644 0.5574
vn -0.3640 -0.2102 0.9074
vn -0.3115 -0.1246 0.9420
vn -0.7072 -0.2444 0.6634
vn -0.8772 -0.1516 0.4555
vn -0.8505 -0.1228 0.5114
vn -0.1500 -0.0499 0.9874
vn -0.1270 -0.0767 0.9889
vn -0.1470 0.8585 0.4914
vn -0.1420 0.8200 0.5544
vn -0.0774 0.8961 0.4371
vn -0.0710 0.9187 0.3885
vn -0.0683 0.9244 0.3754
vn -0.5680 -0.4188 -0.7085
vn -0.6344 -0.4193 -0.6494
vn -0.5434 -0.1089 -0.8324
vn -0.7611 -0.1096 -0.6393
vn -0.4502 0.2336 -0.8619
vn -0.3725 0.1153 -0.9209
vn -0.2820 -0.1243 -0.9513
vn -0.1856 0.2315 -0.9550
vn -0.1651 0.4964 -0.8523
vn -0.0454 0.5014 -0.8640
vn -0.0451 0.4856 -0.8730
vn 0.5654 0.3129 -0.7632
vn 0.7059 0.3873 -0.5931
vn 0.2806 0.2766 -0.9191
vn 0.1403 0.6864 -0.7135
vn 0.2725 0.6862 -0.6744
vn -0.0245 0.2730 -0.9617
vn 0.0496 0.8519 -0.5213
vn -0.1341 0.2666 -0.9544
vn -0.0489 0.2698 -0.9617
vn 0.0909 -0.3129 -0.9454
vn -0.0000 -0.5574 -0.8303
vn -0.0922 -0.2711 -0.9581
vn -0.2339 -0.9695 -0.0726
vn -0.2397 -0.9696 -0.0488
vn -0.4266 -0.8862 -0.1810
vn -0.6340 -0.6913 -0.3467
vn -0.7490 -0.4201 -0.5123
vn -0.0945 -0.9934 0.0647
vn -0.0657 -0.9972 0.0360
vn -0.0481 -0.9987 0.0150
vn -0.0465 -0.9987 0.0197
vn -0.0493 -0.9987 0.0101
vn -0.0742 -0.9972 0.0075
vn -0.1137 -0.9935 -0.0000
vn -0.1665 -0.9859 -0.0168
vn -0.6200 0.4704 0.6279
vn -0.6544 0.3369 0.6770
vn -0.2547 -0.8848 0.3902
vn -0.1549 -0.9689 0.1932
vn -0.1182 -0.9856 0.1210
vn -0.0879 -0.9934 0.0738
vn -0.3375 -0.6841 0.6466
vn -0.3821 -0.4124 0.8270
vn -0.3730 -0.1085 0.9215
vn -0.2764 0.2329 0.9324
vn -0.1894 0.1151 0.9751
vn -0.5952 0.8001 -0.0746
vn -0.7365 0.6756 -0.0332
vn -0.5768 0.4929 0.6514
vn 0.1971 0.6763 0.7097
vn -0.4790 0.8767 -0.0436
vn -0.6093 0.7928 0.0137
vn -0.7128 0.7014 0.0034
vn -0.2623 0.4670 0.8445
vn -0.2578 0.4775 0.8400
vn -0.1579 0.4948 0.8545
vn -0.0951 -0.1241 0.9877
vn -0.0932 0.2318 0.9683
vn 0.2736 -0.2714 0.9228
vn 0.3111 -0.5587 0.7688
vn 0.4393 -0.3140 0.8417
vn 0.1286 0.4893 0.8626
vn 0.2104 0.4951 0.8430
vn 0.1254 0.4806 0.8679
vn 0.2377 0.8564 0.4584
vn 0.3737 0.4907 0.7871
vn 0.0893 0.4768 0.8744
vn 0.0892 0.4768 0.8745
vn 0.0388 0.8556 0.5162
vn 0.0237 0.8592 0.5111
vn 0.0408 0.4771 0.8779
vn -0.8512 -0.1702 0.4965
vn -0.8007 -0.2091 0.5614
vn -0.2433 -0.1533 0.9578
vn -0.0524 0.0351 0.9980
vn -0.9085 -0.0517 0.4148
vn -0.4535 -0.6889 -0.5655
vn -0.5062 -0.6896 -0.5180
vn -0.4965 -0.4183 -0.7606
vn -0.6950 -0.4197 -0.5838
vn -0.4602 -0.1087 -0.8811
vn -0.3648 0.2332 -0.9014
vn -0.2821 0.1152 -0.9524
vn -0.1893 -0.1241 -0.9740
vn -0.0932 0.2314 -0.9684
vn -0.0825 0.4977 -0.8634
vn -0.0000 0.5010 -0.8654
vn -0.0000 0.4831 -0.8756
vn 0.0986 0.7643 -0.6373
vn -0.0610 0.8627 -0.5020
vn 0.6704 0.6851 -0.2849
vn 0.4645 0.3033 -0.8320
vn 0.7567 0.4272 -0.4949
vn 0.3740 0.2875 -0.8817
vn 0.3962 0.6860 -0.6102
vn 0.5070 0.6857 -0.5222
vn 0.0039 0.6865 -0.7271
vn -0.0407 0.2571 -0.9655
vn -0.2737 0.2696 -0.9233
vn 0.0989 0.8529 -0.5127
vn -0.2755 0.2762 -0.9208
vn 0.1811 -0.3130 -0.9323
vn 0.0795 -0.5575 -0.8264
vn -0.0000 -0.2710 -0.9626
vn 0.5497 0.6962 0.4618
vn -0.1600 -0.9859 -0.0497
vn -0.1640 -0.9859 -0.0334
vn -0.2258 -0.9695 -0.0958
vn -0.4071 -0.8858 -0.2229
vn -0.5969 -0.6908 -0.4081
vn -0.0620 -0.9972 0.0424
vn -0.0444 -0.9987 0.0243
vn -0.0258 -0.9996 0.0080
vn -0.0249 -0.9996 0.0106
vn -0.0264 -0.9996 0.0054
vn -0.0501 -0.9987 0.0051
vn -0.0746 -0.9972 -0.0000
vn -0.1132 -0.9935 -0.0114
vn -0.2159 -0.8845 0.4136
vn -0.1356 -0.9687 0.2078
vn -0.1060 -0.9855 0.1323
vn -0.0804 -0.9934 0.0823
vn -0.0576 -0.9972 0.0484
vn -0.3053 -0.6857 0.6607
vn -0.3421 -0.4105 0.8453
vn -0.2825 -0.1084 0.9531
vn -0.1856 0.2327 0.9547
vn -0.0951 0.1150 0.9888
vn -0.7025 0.7066 -0.0855
vn -0.8192 0.5731 -0.0231
vn -0.5953 0.8000 -0.0747
vn -0.9263 0.3654 0.0914
vn -0.7966 0.5998 -0.0753
vn -0.7025 0.7066 -0.0853
vn -0.2154 0.4798 0.8505
vn -0.0476 -0.1242 0.9911
vn -0.0467 0.2332 0.9713
vn 0.3611 -0.2717 0.8921
vn 0.3837 -0.5593 0.7348
vn 0.5187 -0.3145 0.7950
vn 0.4124 0.4912 0.7672
vn 0.4703 0.4941 0.7313
vn 0.2823 0.8569 0.4313
vn 0.4352 0.7183 0.5429
vn 0.1072 0.4789 0.8713
vn 0.0657 0.4771 0.8764
vn -0.8688 0.4313 0.2432
vn 0.0001 0.8526 0.5225
vn 0.1271 0.5049 0.8538
vn 0.0148 0.5722 0.8200
vn -0.8142 0.4007 0.4201
vn -0.8466 0.4493 0.2853
vn 0.1581 -0.1909 0.9688
vn 0.1673 -0.7572 0.6314
vn -0.0148 0.5722 0.8200
vn 0.8142 0.4007 0.4201
vn -0.8150 0.5112 0.2728
vn -0.7519 -0.3033 0.5854
vn -0.8078 0.5175 0.2823
vn -0.8772 -0.1517 0.4555
vn -0.8798 -0.1168 0.4608
vn -0.9339 -0.0744 0.3498
vn -0.9686 0.0195 0.2480
vn -0.9465 0.0360 0.3208
vn -0.0199 0.0170 0.9997
vn 0.0336 0.1325 0.9906
vn -0.1416 0.8288 0.5414
vn -0.0851 0.8907 0.4466
vn -0.0774 0.9209 0.3821
vn -0.0762 0.9230 0.3771
vn -0.2923 -0.8840 -0.3648
vn -0.3260 -0.8845 -0.3339
vn -0.3966 -0.6883 -0.6074
vn -0.5541 -0.6902 -0.4654
vn -0.4205 -0.4179 -0.8053
vn -0.3730 -0.1085 -0.9215
vn -0.2764 0.2329 -0.9324
vn -0.1894 0.1151 -0.9751
vn -0.0951 -0.1240 -0.9877
vn -0.0000 0.2314 -0.9729
vn -0.0000 0.4985 -0.8669
vn 0.0451 0.4856 -0.8730
vn 0.0454 0.5014 -0.8640
vn -0.0128 0.8619 -0.5069
vn -0.0395 0.8495 -0.5261
vn -0.0027 0.8593 -0.5115
vn -0.0734 0.8590 -0.5067
vn 0.6721 0.6982 0.2464
vn 0.6000 0.6854 -0.4126
vn -0.1327 0.6865 -0.7150
vn -0.2653 0.6863 -0.6772
vn -0.2350 0.2492 -0.9395
vn -0.2440 0.2686 -0.9318
vn -0.3897 0.6860 -0.6144
vn -0.5014 0.6857 -0.5276
vn -0.3691 0.2868 -0.8840
vn 0.1472 0.8539 -0.4993
vn 0.2104 0.4958 -0.8425
vn 0.1284 0.4907 -0.8618
vn 0.2697 -0.3133 -0.9106
vn 0.1583 -0.5577 -0.8148
vn 0.0922 -0.2711 -0.9581
vn 0.1837 -0.2712 -0.9448
vn 0.2736 -0.2714 -0.9228
vn 0.3611 -0.2717 -0.8921
vn 0.4455 -0.2721 -0.8529
vn 0.5261 -0.2725 -0.8056
vn 0.6019 -0.2730 -0.7505
vn 0.6723 -0.2734 -0.6879
vn 0.7365 -0.2739 -0.6185
vn 0.7938 -0.2744 -0.5427
vn 0.8436 -0.2748 -0.4614
vn 0.8852 -0.2752 -0.3752
vn 0.9181 -0.2755 -0.2850
vn 0.9419 -0.2757 -0.1917
vn 0.9564 -0.2758 -0.0964
vn 0.9612 -0.2759 -0.0000
vn 0.9564 -0.2759 0.0964
vn 0.9419 -0.2757 0.1917
vn 0.9181 -0.2755 0.2850
vn 0.8852 -0.2752 0.3752
vn 0.8436 -0.2748 0.4614
vn 0.7938 -0.2744 0.5427
vn 0.7365 -0.2739 0.6185
vn 0.6723 -0.2734 0.6879
vn 0.6019 -0.2729 0.7505
vn 0.5261 -0.2725 0.8056
vn 0.4455 -0.2721 0.8529
vn -0.1088 -0.9935 -0.0338
vn -0.1115 -0.9935 -0.0227
vn -0.1545 -0.9858 -0.0655
vn -0.2155 -0.9694 -0.1179
vn -0.3836 -0.8854 -0.2626
vn -0.0418 -0.9987 0.0286
vn -0.0238 -0.9996 0.0130
vn -0.0000 -1.0000 -0.0000
vn -0.0268 -0.9996 0.0027
vn -0.0503 -0.9987 -0.0000
vn -0.0742 -0.9972 -0.0075
vn -0.1942 -0.8863 0.4204
vn -0.1150 -0.9686 0.2204
vn -0.0929 -0.9855 0.1423
vn -0.0721 -0.9933 0.0900
vn -0.0527 -0.9972 0.0540
vn -0.0389 -0.9987 0.0327
vn -0.2738 -0.6834 0.6768
vn -0.2592 -0.4099 0.8745
vn -0.1897 -0.1083 0.9759
vn -0.0932 0.2326 0.9681
vn -0.0476 0.1138 0.9924
vn -0.7966 0.5997 -0.0753
vn -0.8859 0.4639 0.0058
vn 0.2060 0.5732 0.7931
vn 0.2460 0.7040 0.6662
vn -0.8740 0.4839 -0.0447
vn -0.9317 0.3633 0.0052
vn -0.9560 0.2487 0.1557
vn -0.0866 0.8865 0.4546
vn -0.1757 0.4901 0.8538
vn -0.0847 0.5024 0.8605
vn -0.0437 0.5023 0.8636
vn -0.4303 -0.1119 0.8957
vn -0.3967 0.2125 0.8930
vn -0.8739 0.4840 -0.0448
vn -0.9317 0.3633 0.0051
vn -0.9674 0.2427 0.0725
vn -0.9799 0.1264 0.1543
vn -0.9685 0.0197 0.2482
vn -0.9339 -0.0745 0.3497
vn 0.4528 -0.5601 0.6937
vn 0.5935 -0.3150 0.7406
vn 0.2902 0.5003 0.8158
vn 0.3677 0.5054 0.7807
vn 0.2072 0.5117 0.8338
vn 0.4133 0.4939 0.7650
vn 0.5533 0.4912 0.6727
vn 0.3227 0.8565 0.4028
vn -0.0000 0.5706 0.8212
vn 0.0471 0.5806 0.8129
vn -0.7569 0.4426 0.4809
vn -0.7938 0.4968 0.3508
vn 0.1896 -0.1605 0.9687
vn 0.7498 -0.0321 0.6609
vn 0.2529 -0.0561 0.9659
vn 0.8466 0.4493 0.2853
vn 0.8688 0.4313 0.2432
vn -0.8133 0.5126 0.2752
vn -0.9301 -0.0467 0.3643
vn -0.9799 0.1265 0.1544
vn -0.9627 0.1374 0.2332
vn 0.0744 0.1236 0.9895
vn 0.1048 0.2387 0.9654
vn -0.0796 0.9205 0.3825
vn -0.0781 0.9236 0.3752
vn -0.0834 0.8867 0.4548
vn -0.3565 -0.8849 -0.2997
vn -0.1549 -0.9689 -0.1932
vn -0.1727 -0.9690 -0.1768
vn -0.2559 -0.8836 -0.3922
vn -0.3361 -0.6877 -0.6435
vn -0.3409 -0.4175 -0.8423
vn -0.2825 -0.1084 -0.9531
vn -0.1856 0.2327 -0.9547
vn -0.0951 0.1151 -0.9888
vn -0.0000 -0.1240 -0.9923
vn 0.0825 0.4977 -0.8634
vn 0.0932 0.2314 -0.9684
vn 0.1285 0.5032 -0.8546
vn -0.0000 0.8515 -0.5243
vn -0.6674 0.6851 -0.2920
vn -0.4598 0.3023 -0.8350
vn -0.5956 0.6854 -0.4190
vn 0.1939 0.8549 -0.4812
vn 0.2905 0.5010 -0.8153
vn 0.3561 -0.3136 -0.8803
vn 0.2358 -0.5581 -0.7956
vn 0.3111 -0.5587 -0.7688
vn 0.3837 -0.5593 -0.7348
vn 0.4528 -0.5601 -0.6937
vn 0.5178 -0.5609 -0.6459
vn 0.5781 -0.5618 -0.5918
vn 0.6330 -0.5627 -0.5317
vn 0.6819 -0.5635 -0.4664
vn 0.7242 -0.5643 -0.3963
vn 0.7596 -0.5650 -0.3221
vn 0.7876 -0.5656 -0.2446
vn 0.8078 -0.5660 -0.1645
vn 0.8201 -0.5663 -0.0827
vn 0.8242 -0.5664 -0.0000
vn 0.8201 -0.5663 0.0827
vn 0.8078 -0.5660 0.1645
vn 0.7876 -0.5656 0.2446
vn 0.7596 -0.5650 0.3221
vn 0.7242 -0.5643 0.3963
vn 0.6819 -0.5635 0.4664
vn 0.6330 -0.5627 0.5317
vn 0.5781 -0.5618 0.5917
vn 0.5178 -0.5609 0.6459
vn -0.0713 -0.9972 -0.0222
vn -0.0731 -0.9972 -0.0149
vn -0.1050 -0.9935 -0.0446
vn -0.1475 -0.9858 -0.0807
vn -0.2031 -0.9692 -0.1390
vn -0.0224 -0.9996 0.0153
vn -0.0270 -0.9996 -0.0000
vn -0.0501 -0.9987 -0.0051
vn -0.1752 -0.8842 0.4330
vn -0.1038 -0.9689 0.2246
vn -0.0788 -0.9854 0.1509
vn -0.0631 -0.9933 0.0968
vn -0.0473 -0.9971 0.0590
vn -0.0356 -0.9987 0.0364
vn -0.0208 -0.9996 0.0175
vn -0.2075 -0.6829 0.7005
vn -0.1741 -0.4095 0.8956
vn -0.0952 -0.1082 0.9896
vn -0.0466 0.2337 0.9712
vn -0.5331 0.0973 0.8404
vn 0.1929 0.4632 0.8650
vn -0.9674 0.2425 0.0724
vn -0.1276 0.4952 0.8593
vn 0.0476 -0.1242 0.9911
vn 0.0466 0.2333 0.9713
vn -0.9346 0.3519 0.0518
vn 0.6630 -0.3156 0.6789
vn 0.2859 0.5185 0.8059
vn 0.2276 -0.1662 0.9595
vn 0.2716 -0.1600 0.9490
vn 0.6085 0.4916 0.6229
vn 0.3602 0.8568 0.3690
vn -0.0000 0.5801 0.8145
vn 0.0388 0.5767 0.8160
vn -0.6748 0.4805 0.5601
vn -0.0471 0.5806 0.8129
vn 0.7569 0.4426 0.4809
vn -0.8078 0.5175 0.2824
vn -0.9615 0.0383 0.2722
vn 0.1517 0.2395 0.9590
vn 0.1586 0.3503 0.9231
vn -0.0883 0.9192 0.3838
vn -0.0882 0.9255 0.3684
vn -0.1888 -0.9691 -0.1587
vn -0.1060 -0.9855 -0.1323
vn -0.1182 -0.9856 -0.1210
vn -0.1356 -0.9687 -0.2078
vn -0.2170 -0.8832 -0.4158
vn -0.2726 -0.6872 -0.6734
vn -0.2582 -0.4171 -0.8714
vn -0.1897 -0.1083 -0.9759
vn -0.0932 0.2326 -0.9681
vn -0.0000 0.1150 -0.9934
vn 0.0951 -0.1241 -0.9877
vn 0.1651 0.4964 -0.8523
vn 0.1856 0.2315 -0.9550
vn 0.2106 0.5051 -0.8370
vn 0.0610 0.8627 -0.5020
vn -0.0996 0.7624 -0.6394
vn 0.0128 0.8619 -0.5069
vn -0.5613 0.3216 -0.7626
vn -0.5611 0.3117 -0.7668
vn -0.6378 0.3487 -0.6867
vn 0.2909 0.5072 -0.8113
vn 0.2386 0.8559 -0.4587
vn 0.3678 0.5060 -0.7802
vn 0.4393 -0.3140 -0.8417
vn 0.5187 -0.3145 -0.7950
vn 0.5935 -0.3150 -0.7406
vn 0.6630 -0.3156 -0.6789
vn 0.7263 -0.3161 -0.6104
vn 0.7828 -0.3166 -0.5356
vn 0.8319 -0.3171 -0.4554
vn 0.8730 -0.3175 -0.3703
vn 0.9054 -0.3179 -0.2813
vn 0.9290 -0.3182 -0.1892
vn 0.9432 -0.3183 -0.0951
vn 0.9480 -0.3184 -0.0000
vn 0.9432 -0.3183 0.0951
vn 0.9290 -0.3182 0.1892
vn 0.9054 -0.3179 0.2813
vn 0.8730 -0.3175 0.3703
vn 0.8319 -0.3171 0.4554
vn 0.7828 -0.3166 0.5356
vn 0.7263 -0.3161 0.6104
vn -0.0482 -0.9987 -0.0150
vn -0.0493 -0.9987 -0.0101
vn -0.0689 -0.9972 -0.0292
vn -0.1003 -0.9934 -0.0549
vn -0.1390 -0.9857 -0.0951
vn -0.0268 -0.9996 -0.0027
vn -0.1328 -0.8840 0.4483
vn -0.0934 -0.9685 0.2308
vn -0.0713 -0.9855 0.1543
vn -0.0535 -0.9933 0.1026
vn -0.0414 -0.9971 0.0635
vn -0.0319 -0.9987 0.0398
vn -0.0190 -0.9996 0.0195
vn -0.1394 -0.6824 0.7175
vn -0.0874 -0.4092 0.9082
vn -0.0477 -0.1085 0.9929
vn -0.4089 0.2122 0.8875
vn 0.0476 0.1138 0.9924
vn 0.2576 0.5969 0.7598
vn 0.2450 0.4809 0.8419
vn 0.2094 0.3602 0.9091
vn -0.0964 0.8216 0.5619
vn -0.0408 0.8892 0.4557
vn -0.0895 0.4960 0.8637
vn 0.6577 0.7157 0.2349
vn 0.5549 0.8247 0.1092
vn 0.3928 0.9196 0.0050
vn -0.1445 0.9863 0.0795
vn -0.0406 0.9958 -0.0818
vn -0.4411 0.4583 0.7716
vn 0.0951 -0.1241 0.9877
vn 0.0932 0.2317 0.9683
vn 0.0428 0.4895 0.8710
vn -0.9639 0.2411 0.1131
vn 0.3992 0.4594 0.7935
vn 0.3095 -0.1539 0.9384
vn 0.3109 -0.1642 0.9362
vn 0.2580 -0.0615 0.9642
vn 0.2496 -0.0622 0.9663
vn 0.4673 0.4935 0.7335
vn 0.5524 0.4970 0.6692
vn 0.8742 0.4077 -0.2638
vn 0.9113 0.3784 -0.1622
vn 0.6664 0.4925 0.5598
vn 0.6063 0.4973 0.6206
vn 0.9367 0.3455 -0.0562
vn 0.9406 0.3352 -0.0538
vn 0.3945 0.8570 0.3316
vn -0.0000 0.5783 0.8158
vn 0.0334 0.5611 0.8271
vn -0.5924 0.4905 0.6392
vn -0.6958 0.5598 0.4500
vn -0.8113 0.5142 0.2782
vn 0.6976 0.3781 0.6086
vn 0.2208 -0.3896 0.8941
vn 0.2208 -0.3895 0.8942
vn 0.8133 0.5126 0.2751
vn 0.8150 0.5112 0.2728
vn 0.7938 0.4968 0.3509
vn 0.8113 0.5142 0.2781
vn -0.0388 0.5767 0.8160
vn 0.6748 0.4805 0.5601
vn -0.9729 0.1354 0.1875
vn -0.2619 0.8162 0.5151
vn -0.6781 0.7264 0.1119
vn -0.0850 0.8747 0.4771
vn -0.1292 -0.9856 -0.1086
vn -0.0721 -0.9933 -0.0900
vn -0.0804 -0.9934 -0.0823
vn -0.0929 -0.9855 -0.1423
vn -0.1150 -0.9686 -0.2204
vn -0.1761 -0.8829 -0.4354
vn -0.2066 -0.6868 -0.6969
vn -0.1734 -0.4169 -0.8923
vn -0.0952 -0.1082 -0.9896
vn -0.0000 0.2325 -0.9726
vn 0.0951 0.1151 -0.9888
vn 0.1893 -0.1241 -0.9740
vn 0.2463 0.4953 -0.8331
vn 0.2765 0.2317 -0.9327
vn 0.0395 0.8495 -0.5260
vn -0.7546 0.4244 -0.5005
vn -0.6747 0.6982 0.2393
vn -0.7029 0.3851 -0.5980
vn 0.3256 0.4944 -0.8059
vn 0.3687 0.5094 -0.7775
vn 0.2811 0.8570 -0.4320
vn 0.4657 0.5094 -0.7237
vn -0.0258 -0.9996 -0.0080
vn -0.0264 -0.9996 -0.0054
vn -0.0465 -0.9987 -0.0197
vn -0.0658 -0.9972 -0.0360
vn -0.0945 -0.9934 -0.0647
vn -0.0892 -0.8838 0.4593
vn -0.0708 -0.9684 0.2391
vn -0.0639 -0.9854 0.1581
vn -0.0482 -0.9934 0.1044
vn -0.0352 -0.9971 0.0673
vn -0.0279 -0.9987 0.0428
vn -0.0171 -0.9996 0.0213
vn -0.0700 -0.6822 0.7278
vn -0.0437 -0.4107 0.9107
vn -0.4190 -0.0982 0.9027
vn 0.0466 0.2337 0.9712
vn 0.0951 0.1150 0.9888
vn -0.0657 0.7958 0.6020
vn 0.2973 0.2107 0.9313
vn -0.0999 0.4946 0.8633
vn 0.3953 0.2378 0.8872
vn 0.7060 0.6120 0.3563
vn 0.6147 0.7873 0.0480
vn 0.7146 0.6824 0.1538
vn 0.4598 0.8869 -0.0448
vn 0.1478 0.9870 -0.0630
vn 0.0559 0.9937 -0.0966
vn -0.6398 0.7587 0.1221
vn -0.5020 0.8646 0.0209
vn 0.0443 0.4897 0.8708
vn 0.1893 -0.1241 0.9740
vn 0.1855 0.2316 0.9550
vn 0.0838 0.4902 0.8676
vn 0.3346 -0.4124 0.8474
vn 0.3643 0.3379 0.8678
vn 0.4545 -0.2061 0.8666
vn 0.2529 -0.0523 0.9661
vn 0.2675 0.1011 0.9582
vn 0.6639 0.4982 0.5577
vn 0.7748 -0.0938 0.6252
vn 0.6859 -0.1942 0.7013
vn 0.5865 0.6851 -0.4320
vn 0.9501 0.3120 0.0077
vn 0.4876 0.6849 -0.5415
vn 0.4250 0.8572 0.2909
vn 0.9103 0.2797 0.3051
vn 0.8767 0.2777 0.3927
vn -0.0000 0.5624 0.8269
vn 0.0254 0.5350 0.8445
vn -0.0856 0.6392 0.7642
vn -0.6057 0.5855 0.5388
vn -0.8095 0.5156 0.2808
vn 0.7519 -0.3033 0.5854
vn 0.2212 -0.3844 0.8963
vn 0.6958 0.5598 0.4500
vn -0.0334 0.5611 0.8271
vn 0.5924 0.4905 0.6392
vn -0.8061 0.5171 0.2878
vn -0.3398 0.7842 0.5191
vn -0.0879 -0.9934 -0.0738
vn -0.0473 -0.9971 -0.0590
vn -0.0527 -0.9972 -0.0540
vn -0.0631 -0.9933 -0.0968
vn -0.0788 -0.9854 -0.1509
vn -0.0934 -0.9685 -0.2308
vn -0.1335 -0.8826 -0.4508
vn -0.1387 -0.6865 -0.7138
vn -0.0871 -0.4167 -0.9049
vn -0.0000 -0.1082 -0.9941
vn 0.0932 0.2326 -0.9681
vn 0.1894 0.1151 -0.9751
vn 0.2820 -0.1243 -0.9513
vn 0.3650 0.2320 -0.9017
vn 0.4021 0.4938 -0.7710
vn 0.4700 0.5136 -0.7178
vn 0.3228 0.8570 -0.4017
vn 0.5552 0.4921 -0.6705
vn -0.0249 -0.9996 -0.0106
vn -0.0444 -0.9987 -0.0243
vn -0.0620 -0.9972 -0.0424
vn -0.0448 -0.8837 0.4659
vn -0.0476 -0.9684 0.2450
vn -0.0485 -0.9853 0.1637
vn -0.0435 -0.9933 0.1075
vn -0.0318 -0.9971 0.0689
vn -0.0237 -0.9987 0.0454
vn -0.0150 -0.9996 0.0229
vn -0.0350 -0.6841 0.7285
vn -0.4140 -0.3724 0.8306
vn 0.0477 -0.1085 0.9929
vn 0.0932 0.2326 0.9681
vn 0.1894 0.1151 0.9751
vn 0.7126 0.5199 0.4711
vn 0.7683 0.5835 0.2631
vn 0.2474 0.9624 -0.1122
vn 0.0023 0.9907 -0.1357
vn -0.2907 0.9550 -0.0596
vn -0.2444 0.9636 -0.1082
vn 0.0438 0.5022 0.8636
vn 0.2820 -0.1242 0.9513
vn 0.2765 0.2317 0.9327
vn -0.3151 0.0534 0.9476
vn 0.0840 0.4901 0.8676
vn 0.2621 -0.0391 0.9642
vn 0.9579 0.2823 0.0519
vn 0.9848 0.1659 0.0508
vn 0.8648 0.4003 -0.3032
vn 0.2325 0.6849 -0.6905
vn 0.7153 0.4990 0.4893
vn 0.7180 0.4933 0.4911
vn 0.7050 -0.2083 0.6779
vn 0.5924 -0.0796 0.8017
vn 0.7372 -0.0441 0.6742
vn 0.8682 -0.0985 0.4863
vn 0.9326 -0.0273 0.3599
vn 0.9486 0.2965 0.1110
vn 0.8775 0.2680 0.3977
vn 0.8600 0.2817 0.4256
vn 0.8218 0.2840 0.4940
vn 0.4514 0.8574 0.2472
vn -0.0003 0.5412 0.8409
vn -0.0021 0.5124 0.8587
vn 0.0267 0.5207 0.8533
vn 0.8078 0.5175 0.2823
vn 0.2212 -0.3845 0.8962
vn 0.8095 0.5156 0.2808
vn 0.8078 0.5175 0.2824
vn -0.0255 0.5350 0.8445
vn 0.0857 0.6393 0.7642
vn 0.6057 0.5855 0.5388
vn -0.0576 -0.9972 -0.0484
vn -0.0319 -0.9987 -0.0398
vn -0.0355 -0.9987 -0.0364
vn -0.0414 -0.9971 -0.0635
vn -0.0536 -0.9933 -0.1026
vn -0.0640 -0.9854 -0.1581
vn -0.0708 -0.9684 -0.2391
vn -0.0897 -0.8824 -0.4619
vn -0.0697 -0.6863 -0.7240
vn -0.0000 -0.4167 -0.9091
vn 0.0952 -0.1082 -0.9896
vn 0.1856 0.2327 -0.9547
vn 0.2821 0.1152 -0.9524
vn 0.3722 -0.1244 -0.9198
vn 0.4503 0.2323 -0.8621
vn 0.4757 0.4952 -0.7270
vn 0.5549 0.4956 -0.6682
vn 0.3603 0.8568 -0.3690
vn 0.6085 0.4916 -0.6229
vn 0.3945 0.8570 -0.3316
vn 0.9397 0.3367 0.0593
vn 0.9358 0.3470 0.0618
vn 0.9119 0.2799 -0.3001
vn 0.4250 0.8572 -0.2909
vn 0.8788 0.2777 -0.3881
vn 0.4514 0.8574 -0.2472
vn 0.8241 0.2838 -0.4902
vn 0.8620 0.2815 -0.4215
vn 0.4735 0.8576 -0.2009
vn 0.7028 0.2797 -0.6541
vn 0.7628 0.2788 -0.5834
vn 0.4909 0.8577 -0.1526
vn 0.5855 0.3011 -0.7527
vn 0.5901 0.2924 -0.7525
vn 0.5115 0.8107 -0.2849
vn 0.5036 0.8578 -0.1026
vn 0.5511 0.8262 -0.1170
vn 0.5112 0.8579 -0.0516
vn 0.5166 0.8537 -0.0663
vn 0.4974 0.8639 -0.0794
vn 0.5138 0.8579 -0.0000
vn 0.5189 0.8546 -0.0184
vn 0.5029 0.8636 -0.0372
vn 0.5564 0.8284 0.0644
vn 0.5112 0.8579 0.0516
vn 0.5036 0.8578 0.1026
vn 0.5155 0.8504 0.1049
vn 0.4967 0.8631 0.0916
vn 0.4816 0.7589 0.4383
vn 0.5112 0.8105 0.2859
vn 0.4909 0.8577 0.1526
vn 0.4735 0.8576 0.2009
vn 0.5852 0.2930 0.7561
vn 0.5810 0.3018 0.7559
vn 0.7598 0.2787 0.5874
vn 0.6991 0.2799 0.6579
vn -0.0238 -0.9996 -0.0130
vn -0.0418 -0.9987 -0.0286
vn -0.0222 -0.8856 0.4638
vn -0.0239 -0.9683 0.2486
vn -0.0326 -0.9853 0.1678
vn -0.0330 -0.9932 0.1113
vn -0.0285 -0.9971 0.0705
vn -0.0213 -0.9987 0.0461
vn -0.0126 -0.9996 0.0243
vn 0.4888 -0.5951 0.6379
vn 0.0437 -0.4107 0.9107
vn 0.0952 -0.1082 0.9896
vn 0.1856 0.2327 0.9547
vn 0.2821 0.1152 0.9524
vn -0.1105 0.4916 0.8638
vn 0.1950 0.1890 0.9624
vn 0.4843 0.2748 0.8306
vn 0.5213 0.2197 0.8246
vn 0.4301 0.1879 0.8830
vn 0.6867 0.4411 0.5778
vn 0.7852 0.4954 0.3716
vn -0.4538 0.8903 -0.0370
vn -0.6076 0.7918 0.0621
vn -0.7184 0.6554 0.2331
vn 0.5031 0.8640 0.0188
vn 0.6397 0.7589 0.1219
vn 0.0847 0.5025 0.8604
vn 0.3722 -0.1244 0.9198
vn 0.3650 0.2320 0.9017
vn 0.2430 -0.5167 0.8209
vn -0.0630 0.7053 0.7061
vn 0.2696 -0.0154 0.9629
vn -0.0787 -0.0031 0.9969
vn 0.2208 -0.3894 0.8942
vn -0.2350 0.2406 0.9418
vn -0.2244 0.2475 0.9426
vn 0.6635 0.4991 0.5574
vn 0.6356 0.4983 0.5897
vn 0.8048 0.4413 -0.3969
vn 0.7599 0.4998 0.4158
vn 0.7627 0.4941 0.4173
vn 0.2642 0.0557 0.9628
vn 0.2539 0.0954 0.9625
vn 0.4636 0.8455 0.2649
vn 0.6098 0.5978 -0.5203
vn 0.5636 -0.0874 0.8214
vn 0.3567 0.0163 0.9341
vn 0.9874 0.0608 0.1459
vn 0.9824 0.0518 0.1794
vn 0.6606 0.6854 -0.3063
vn 0.9348 0.2859 0.2107
vn 0.7191 0.6863 0.1089
vn 0.6855 0.6865 0.2426
vn 0.7270 0.6860 -0.0303
vn 0.7796 0.2825 0.5590
vn 0.6277 0.6866 0.3669
vn -0.4796 0.5615 0.6743
vn -0.0038 0.5388 0.8424
vn 0.0162 0.5257 0.8505
vn -0.0296 0.7714 0.6357
vn 0.1596 0.6869 0.7090
vn 0.3398 0.7842 0.5191
vn -0.0389 -0.9987 -0.0327
vn -0.0171 -0.9996 -0.0213
vn -0.0191 -0.9996 -0.0195
vn -0.0279 -0.9987 -0.0428
vn -0.0351 -0.9971 -0.0673
vn -0.0435 -0.9933 -0.1075
vn -0.0485 -0.9853 -0.1637
vn -0.0476 -0.9684 -0.2450
vn -0.0451 -0.8822 -0.4686
vn -0.0000 -0.6862 -0.7274
vn 0.0871 -0.4167 -0.9049
vn 0.1897 -0.1083 -0.9759
vn 0.2764 0.2329 -0.9324
vn 0.3724 0.1153 -0.9209
vn 0.4593 -0.1246 -0.8795
vn 0.5318 0.2327 -0.8143
vn 0.5426 0.4974 -0.6769
vn 0.6063 0.4973 -0.6206
vn 0.9498 0.3130 -0.0023
vn 0.9358 0.2864 -0.2054
vn 0.7203 0.6862 -0.1012
vn 0.7266 0.6860 0.0381
vn 0.8795 0.2681 -0.3931
vn 0.7821 0.2827 -0.5553
vn 0.6316 0.6865 -0.3602
vn 0.6880 0.6865 -0.2353
vn 0.7683 0.2683 -0.5812
vn 0.6322 0.2848 -0.7206
vn 0.4814 0.7589 -0.4386
vn 0.9782 0.0701 -0.1955
vn 0.9683 0.2085 -0.1376
vn 0.9870 0.1600 0.0136
vn 0.9932 0.0710 0.0923
vn 0.5042 0.6907 0.5184
vn 0.6280 0.2852 0.7241
vn 0.7654 0.2684 0.5850
vn -0.0224 -0.9996 -0.0153
vn -0.4123 -0.8051 0.4265
vn -0.0119 -0.9687 0.2481
vn -0.0164 -0.9853 0.1703
vn -0.0222 -0.9932 0.1141
vn -0.0216 -0.9971 0.0730
vn -0.0193 -0.9987 0.0476
vn -0.0113 -0.9996 0.0249
vn 0.0350 -0.6841 0.7285
vn 0.0874 -0.4092 0.9082
vn 0.1897 -0.1083 0.9759
vn 0.2764 0.2329 0.9324
vn 0.3725 0.1153 0.9209
vn -0.0998 0.4959 0.8626
vn 0.0943 0.1760 0.9799
vn 0.5659 0.3204 0.7597
vn 0.6052 0.2568 0.7535
vn 0.6356 0.3751 0.6748
vn -0.7053 0.6875 0.1728
vn -0.7531 0.5627 0.3411
vn 0.7184 0.6554 0.2331
vn 0.4161 -0.1247 0.9007
vn 0.4078 0.2338 0.8826
vn 0.3210 -0.5165 0.7938
vn 0.2472 -0.4936 0.8338
vn -0.4538 -0.4161 0.7880
vn -0.6089 0.6468 0.4593
vn 0.1568 0.4937 0.8554
vn 0.2213 -0.3844 0.8962
vn -0.2414 0.2686 0.9325
vn 0.9852 0.1332 0.1075
vn 0.7622 0.4843 -0.4295
vn 0.1302 0.6982 -0.7040
vn 0.7971 0.5004 0.3380
vn 0.8001 0.4947 0.3392
vn 0.7594 0.5007 0.4155
vn 0.7148 0.4999 0.4889
vn 0.4290 0.8641 0.2633
vn 0.1914 0.1772 0.9654
vn 0.3043 0.9524 0.0175
vn 0.1550 0.9826 0.1022
vn 0.9765 0.2151 -0.0123
vn 0.7076 0.6857 -0.1705
vn 0.5478 0.6865 0.4782
vn 0.0038 0.5388 0.8424
vn -0.0152 0.5347 0.8449
vn 0.0065 0.5285 0.8489
vn -0.2828 0.1961 0.9389
vn -0.1880 0.1866 0.9643
vn -0.0449 0.5102 0.8589
vn 0.8061 0.5171 0.2878
vn 0.0449 0.5097 0.8592
vn 0.0025 0.5121 0.8589
vn -0.0271 0.5207 0.8533
vn -0.0209 -0.9996 -0.0175
vn -0.0150 -0.9996 -0.0229
vn -0.0237 -0.9987 -0.0454
vn -0.0285 -0.9971 -0.0705
vn -0.0330 -0.9932 -0.1113
vn -0.0326 -0.9853 -0.1678
vn -0.0239 -0.9683 -0.2486
vn -0.0000 -0.8822 -0.4709
vn 0.0697 -0.6863 -0.7240
vn 0.1734 -0.4169 -0.8923
vn 0.2825 -0.1084 -0.9531
vn 0.3648 0.2332 -0.9014
vn 0.4596 0.1155 -0.8806
vn 0.5424 -0.1249 -0.8308
vn 0.6084 0.2330 -0.7586
vn 0.6059 0.4982 -0.6202
vn 0.6664 0.4925 -0.5598
vn 0.6639 0.4982 -0.5577
vn 0.8720 0.4096 0.2680
vn 0.9095 0.3804 0.1679
vn 0.9490 0.2972 -0.1056
vn 0.7058 0.6857 0.1780
vn 0.5529 0.6864 -0.4723
vn 0.3372 0.6860 -0.6447
vn 0.4539 0.6863 -0.5684
vn 0.4974 0.3178 -0.8072
vn 0.9702 0.2402 -0.0304
vn 0.5041 0.6904 -0.5189
vn 0.9788 0.1494 -0.1400
vn 0.8683 0.4961 -0.0000
vn 0.8640 0.4960 0.0871
vn 0.9793 0.1462 0.1402
vn 0.9717 0.1389 0.1910
vn 0.9694 0.2012 0.1405
vn 0.9719 0.2339 0.0252
vn 0.9598 0.2782 -0.0373
vn 0.5369 0.6041 0.5889
vn 0.4925 0.3188 0.8098
vn 0.4478 0.6863 0.5731
vn 0.3303 0.6860 0.6483
vn 0.0222 -0.8856 0.4638
vn -0.4348 -0.8720 0.2249
vn -0.0082 -0.9853 0.1704
vn -0.0111 -0.9932 0.1158
vn -0.0145 -0.9971 0.0748
vn -0.0146 -0.9987 0.0493
vn -0.0103 -0.9996 0.0255
vn 0.0700 -0.6822 0.7278
vn 0.1741 -0.4095 0.8956
vn 0.2825 -0.1084 0.9531
vn 0.3648 0.2332 0.9014
vn 0.4167 0.1142 0.9019
vn -0.1097 0.5021 0.8578
vn 0.3331 0.1596 0.9293
vn 0.6781 0.3012 0.6704
vn 0.7725 0.4193 0.4769
vn -0.7563 0.4822 0.4421
vn -0.7568 0.5887 0.2842
vn 0.7531 0.5627 0.3411
vn 0.2926 0.9544 -0.0597
vn 0.1543 0.9822 -0.1072
vn 0.0303 0.9964 -0.0796
vn -0.0348 0.9956 0.0876
vn 0.4593 -0.1246 0.8795
vn 0.4503 0.2323 0.8621
vn 0.6621 0.3110 0.6819
vn 0.3265 -0.4933 0.8062
vn 0.1466 0.8565 0.4950
vn 0.1402 0.8699 0.4728
vn 0.2465 0.4822 0.8406
vn -0.2491 -0.0297 0.9680
vn 0.2211 -0.3844 0.8963
vn -0.2748 0.2659 0.9240
vn -0.3940 0.2032 0.8963
vn 0.0020 0.6770 -0.7360
vn 0.8265 0.5010 0.2567
vn 0.8296 0.4953 0.2576
vn 0.7966 0.5014 0.3378
vn 0.4465 0.8415 0.3043
vn 0.4515 0.8574 0.2472
vn 0.8528 0.2346 0.4665
vn 0.8025 0.2343 0.5487
vn 0.1196 0.3149 0.9415
vn 0.0376 0.4972 0.8668
vn -0.1855 0.6814 -0.7080
vn 0.4041 0.8627 0.3042
vn 0.2565 0.0928 0.9621
vn -0.0223 0.9814 0.1909
vn 0.1090 0.2533 0.9612
vn 0.5015 0.8520 -0.1502
vn 0.5954 0.7746 -0.2131
vn 0.9528 0.2870 -0.0987
vn 0.0154 0.5347 0.8449
vn -0.4923 0.2434 0.8357
vn -0.5819 0.2635 0.7694
vn -0.3896 0.2146 0.8956
vn -0.2438 -0.0367 0.9691
vn -0.0241 0.5097 0.8600
vn -0.0678 0.5067 0.8594
vn 0.2619 0.8162 0.5151
vn 0.6781 0.7264 0.1119
vn 0.0241 0.5098 0.8600
vn 0.1303 0.1687 0.9770
vn 0.2471 -0.0381 0.9682
vn -0.0160 0.5257 0.8505
vn 0.0679 0.5068 0.8594
vn 0.0294 0.7715 0.6356
vn -0.0127 -0.9996 -0.0243
vn -0.0192 -0.9987 -0.0476
vn -0.0216 -0.9971 -0.0730
vn -0.0222 -0.9932 -0.1141
vn -0.0164 -0.9853 -0.1703
vn -0.0000 -0.9683 -0.2498
vn 0.0451 -0.8822 -0.4686
vn 0.1387 -0.6865 -0.7138
vn 0.2582 -0.4171 -0.8714
vn 0.3730 -0.1085 -0.9215
vn 0.4502 0.2336 -0.8619
vn 0.5428 0.1157 -0.8319
vn 0.6206 -0.1251 -0.7740
vn 0.6796 0.2335 -0.6954
vn 0.6635 0.4991 -0.5574
vn 0.7180 0.4933 -0.4911
vn 0.7153 0.4990 -0.4893
vn 0.8619 0.4026 0.3083
vn 0.5819 0.6851 0.4382
vn 0.6574 0.6854 0.3133
vn 0.2062 0.6857 -0.6981
vn 0.0651 0.6854 -0.7253
vn -0.0808 0.6851 -0.7240
vn 0.4005 0.3407 -0.8506
vn 0.9588 0.2822 0.0317
vn 0.5366 0.6038 -0.5894
vn 0.9932 0.0708 -0.0924
vn 0.8510 0.4957 -0.1733
vn 0.8640 0.4960 -0.0871
vn 0.9877 0.1509 -0.0412
vn 0.8650 0.5017 -0.0000
vn 0.8607 0.5017 0.0868
vn 0.8510 0.4957 0.1733
vn 0.9371 0.3346 -0.0997
vn 0.8930 0.4237 -0.1521
vn 0.8439 0.4987 -0.1981
vn 0.5592 0.5345 0.6337
vn 0.1988 0.6857 0.7002
vn 0.0574 0.6854 0.7259
vn -0.0885 0.6851 0.7231
vn 0.3952 0.3421 0.8526
vn 0.0448 -0.8837 0.4659
vn 0.0119 -0.9687 0.2481
vn -0.4422 -0.8837 0.1534
vn -0.0055 -0.9933 0.1153
vn -0.0074 -0.9971 0.0759
vn -0.0098 -0.9987 0.0505
vn -0.0078 -0.9996 0.0264
vn 0.1394 -0.6824 0.7175
vn 0.2592 -0.4099 0.8745
vn 0.3730 -0.1085 0.9215
vn 0.4077 0.2345 0.8825
vn 0.4596 0.1155 0.8806
vn -0.0157 0.1735 0.9847
vn 0.2294 0.1344 0.9640
vn 0.1152 0.1103 0.9872
vn 0.7353 0.3549 0.5774
vn -0.7366 0.4133 0.5354
vn -0.7731 0.4999 0.3905
vn 0.7563 0.4822 0.4421
vn 0.6076 0.7918 0.0621
vn 0.7053 0.6875 0.1728
vn 0.7568 0.5887 0.2842
vn 0.4538 0.8903 -0.0370
vn 0.2442 0.9637 -0.1084
vn -0.0040 0.9906 -0.1367
vn -0.1305 0.9896 -0.0610
vn -0.2456 0.9627 -0.1140
vn 0.5424 -0.1249 0.8308
vn 0.5317 0.2326 0.8143
vn 0.4031 0.4914 0.7720
vn 0.7212 -0.4254 0.5467
vn 0.1934 0.8566 0.4783
vn 0.1850 0.8701 0.4568
vn -0.3812 0.9243 0.0184
vn -0.5558 0.8238 0.1117
vn 0.3291 0.4775 0.8146
vn 0.2173 0.4821 0.8487
vn 0.1730 0.4933 0.8525
vn -0.3276 0.3461 0.8792
vn -0.5001 0.0323 0.8654
vn -0.1420 -0.3877 0.9108
vn 0.1595 0.6869 0.7090
vn -0.3477 0.3440 0.8722
vn -0.3590 0.3629 0.8599
vn -0.3485 0.3420 0.8727
vn 0.8924 0.3971 -0.2144
vn 0.5409 0.5019 0.6750
vn 0.9284 0.3696 -0.0378
vn 0.5094 0.5005 0.7000
vn 0.8787 0.4750 -0.0481
vn 0.7789 0.5595 -0.2832
vn -0.5947 0.2054 0.7773
vn -0.4386 0.5309 0.7251
vn 0.3452 0.6152 0.7088
vn 0.5264 0.4940 0.6921
vn 0.5318 0.4976 0.6853
vn 0.6468 0.3840 0.6589
vn 0.6512 0.3803 0.6568
vn 0.8260 0.5019 0.2565
vn 0.6429 0.3831 0.6633
vn 0.5721 0.4735 0.6697
vn 0.8949 0.2350 0.3793
vn -0.7079 0.6814 0.1860
vn -0.1665 0.5776 0.7992
vn 0.8703 -0.1262 0.4761
vn 0.8189 -0.1260 0.5600
vn -0.0126 0.5655 0.8246
vn -0.0850 0.4368 0.8955
vn -0.1734 0.5946 0.7851
vn 0.0273 0.3262 0.9449
vn -0.1490 0.8795 0.4521
vn 0.2622 0.9398 0.2193
vn 0.2258 0.8855 0.4061
vn -0.1581 0.8002 0.5785
vn 0.2468 0.9363 0.2497
vn 0.4373 0.8459 0.3054
vn 0.6001 0.7885 0.1346
vn 0.7139 0.7000 -0.0167
vn 0.6651 0.6985 -0.2642
vn -0.2325 0.6849 0.6906
vn 0.2901 0.3732 0.8812
vn 0.1789 0.4149 0.8921
vn -0.5495 0.6982 0.4589
vn -0.0062 0.5287 0.8488
vn 0.4850 0.2434 0.8400
vn 0.5719 0.2763 0.7724
vn -0.3533 0.1372 0.9254
vn -0.4532 0.1669 0.8756
vn -0.2431 0.1143 0.9632
vn -0.1301 0.1683 0.9771
vn -0.1250 0.1003 0.9871
vn -0.0362 0.1718 0.9845
vn -0.0154 0.1496 0.9886
vn 0.0882 0.9255 0.3684
vn 0.0883 0.9192 0.3838
vn 0.0363 0.1703 0.9847
vn 0.1859 0.1823 0.9655
vn 0.2430 0.1140 0.9633
vn 0.1254 0.1000 0.9871
vn 0.2828 0.1961 0.9389
vn 0.0634 0.7952 0.6030
vn 0.0854 0.8762 0.4743
vn 0.1091 0.5026 0.8576
vn 0.1004 0.4960 0.8625
vn -0.0103 -0.9996 -0.0255
vn -0.0146 -0.9987 -0.0493
vn -0.0145 -0.9971 -0.0748
vn -0.0111 -0.9932 -0.1158
vn -0.0000 -0.9853 -0.1711
vn 0.0239 -0.9683 -0.2486
vn 0.0897 -0.8824 -0.4619
vn 0.2066 -0.6868 -0.6969
vn 0.3409 -0.4175 -0.8423
vn 0.4602 -0.1087 -0.8811
vn 0.5315 0.2340 -0.8141
vn 0.6211 0.1159 -0.7751
vn 0.6933 -0.1254 -0.7096
vn 0.7446 0.2339 -0.6253
vn 0.7148 0.4999 -0.4889
vn 0.7627 0.4941 -0.4173
vn 0.7599 0.4998 -0.4158
vn 0.7575 0.4880 0.4337
vn 0.5166 0.8193 -0.2488
vn 0.8008 0.4443 0.4016
vn 0.2958 0.3714 -0.8801
vn 0.9369 0.3365 0.0947
vn 0.8442 0.4988 0.1963
vn 0.8942 0.4262 0.1368
vn 0.5597 0.5417 -0.6271
vn 0.8478 0.5014 -0.1726
vn 0.8607 0.5017 -0.0868
vn 0.5085 0.8608 0.0230
vn 0.4925 0.8703 0.0004
vn 0.5278 0.8492 -0.0192
vn 0.8478 0.5014 0.1726
vn 0.0892 -0.8838 0.4593
vn 0.0239 -0.9683 0.2486
vn 0.0082 -0.9853 0.1704
vn -0.4398 -0.8920 0.1045
vn -0.0036 -0.9971 0.0761
vn -0.0048 -0.9987 0.0512
vn -0.0053 -0.9996 0.0271
vn 0.2075 -0.6829 0.7005
vn 0.3421 -0.4105 0.8453
vn 0.4169 -0.1090 0.9024
vn 0.4502 0.2336 0.8619
vn 0.5428 0.1157 0.8319
vn -0.6991 0.3546 0.6209
vn -0.7627 0.4220 0.4901
vn 0.7366 0.4133 0.5353
vn 0.7731 0.4998 0.3905
vn 0.6207 -0.1251 0.7740
vn 0.6084 0.2330 0.7586
vn 0.4758 0.4922 0.7290
vn 0.4696 0.6218 0.6268
vn 0.5777 0.7601 0.2975
vn -0.4598 0.8869 -0.0448
vn -0.6147 0.7873 0.0480
vn -0.6577 0.7157 0.2349
vn 0.3687 0.4767 0.7980
vn 0.2635 0.4662 0.8445
vn 0.2568 0.4767 0.8407
vn 0.1276 0.4952 0.8593
vn -0.4979 0.0364 0.8665
vn -0.5095 0.0719 0.8575
vn -0.5243 0.1073 0.8447
vn 0.5733 0.5019 0.6477
vn 0.4771 -0.1992 0.8560
vn 0.5426 0.4974 0.6769
vn 0.5855 -0.2110 0.7827
vn 0.6870 -0.2015 0.6982
vn 0.5127 0.4979 0.6995
vn 0.5310 0.4980 0.6855
vn 0.4807 0.4897 0.7274
vn 0.1828 0.9070 0.3793
vn 0.3149 0.7845 0.5342
vn 0.5091 0.4927 0.7057
vn 0.4514 0.4731 0.7566
vn -0.6403 0.6770 0.3629
vn 0.8409 0.5040 -0.1972
vn 0.6988 0.3381 0.6304
vn 0.9282 0.2352 0.2881
vn 0.9133 -0.1264 0.3872
vn -0.0144 0.4716 0.8817
vn 0.8712 0.1167 0.4769
vn 0.8197 0.1165 0.5609
vn 0.7597 -0.1257 0.6381
vn 0.4400 0.4913 0.7516
vn 0.4758 0.4922 0.7289
vn -0.0342 0.6039 0.7964
vn -0.1772 0.7283 0.6619
vn 0.0633 0.7872 0.6134
vn -0.0285 0.6819 0.7309
vn 0.5733 0.5019 0.6476
vn 0.6041 0.5029 0.6183
vn 0.6337 0.5029 0.5879
vn 0.7843 0.6173 -0.0614
vn 0.0340 0.4311 0.9016
vn 0.0681 0.4522 0.8893
vn 0.3896 0.2146 0.8956
vn -0.5431 0.2026 0.8149
vn -0.6203 0.2452 0.7450
vn -0.6468 0.3049 0.6990
vn 0.0781 0.9236 0.3752
vn 0.0796 0.9205 0.3825
vn 0.0146 0.1476 0.9889
vn 0.0001 0.0968 0.9953
vn 0.3533 0.1372 0.9254
vn 0.0718 0.8115 0.5800
vn 0.0911 0.8247 0.5582
vn 0.0811 0.8870 0.4545
vn 0.1105 0.4916 0.8638
vn -0.0078 -0.9996 -0.0264
vn -0.0098 -0.9987 -0.0505
vn -0.0073 -0.9971 -0.0759
vn -0.0000 -0.9932 -0.1163
vn 0.0164 -0.9853 -0.1703
vn 0.0476 -0.9684 -0.2450
vn 0.1335 -0.8826 -0.4508
vn 0.2726 -0.6872 -0.6734
vn 0.4205 -0.4179 -0.8053
vn 0.5434 -0.1089 -0.8324
vn 0.6082 0.2344 -0.7584
vn 0.6939 0.1161 -0.7106
vn 0.7596 -0.1257 -0.6381
vn 0.8025 0.2343 -0.5487
vn 0.7594 0.5007 -0.4155
vn 0.8001 0.4947 -0.3392
vn 0.7971 0.5004 -0.3380
vn 0.4291 0.8641 -0.2633
vn 0.4289 0.8639 -0.2639
vn 0.4012 0.8638 -0.3047
vn 0.1227 0.6982 0.7053
vn 0.1848 0.4124 -0.8920
vn 0.5664 0.4673 -0.6788
vn 0.8412 0.5042 0.1952
vn 0.5033 0.8625 0.0534
vn 0.5539 0.8303 0.0612
vn 0.5134 0.8575 -0.0338
vn 0.4927 0.8701 0.0141
vn 0.5103 0.8593 -0.0346
vn 0.5554 0.8295 -0.0596
vn 0.5053 0.8612 -0.0540
vn 0.1328 -0.8840 0.4483
vn 0.0476 -0.9684 0.2450
vn 0.0164 -0.9853 0.1703
vn 0.0055 -0.9933 0.1153
vn -0.0000 -0.9971 0.0763
vn -0.0023 -0.9987 0.0509
vn -0.0027 -0.9996 0.0275
vn 0.2738 -0.6834 0.6768
vn 0.3821 -0.4124 0.8270
vn 0.4602 -0.1087 0.8811
vn 0.5315 0.2340 0.8141
vn 0.6211 0.1159 0.7751
vn -0.0000 0.0967 0.9953
vn -0.7316 0.3542 0.5824
vn -0.6836 0.2956 0.6673
vn 0.6991 0.3546 0.6209
vn 0.7627 0.4220 0.4901
vn 0.6933 -0.1254 0.7096
vn 0.6796 0.2335 0.6954
vn 0.5107 0.4921 0.7050
vn 0.5107 0.4921 0.7049
vn 0.4572 0.4747 0.7521
vn 0.4067 0.4781 0.7785
vn 0.4438 0.4780 0.7580
vn -0.7060 0.6120 0.3563
vn -0.7146 0.6824 0.1537
vn 0.3880 0.4636 0.7966
vn 0.3207 0.4631 0.8263
vn 0.0895 0.4960 0.8637
vn 0.1194 0.8224 0.5562
vn -0.5086 0.0428 0.8599
vn -0.5230 0.1402 0.8407
vn 0.5735 0.5020 0.6474
vn -0.4998 0.2722 0.8223
vn 0.0666 0.7683 0.6366
vn 0.0804 0.9159 0.3932
vn 0.4401 0.4913 0.7516
vn 0.8044 0.5623 -0.1917
vn 0.7870 0.2249 0.5745
vn 0.9524 0.2355 0.1938
vn 0.8473 0.5024 0.1725
vn 0.9473 -0.1266 0.2941
vn 0.9143 0.1169 0.3878
vn 0.8525 0.2362 0.4663
vn 0.8022 0.2358 0.5485
vn 0.7603 0.1163 0.6390
vn 0.6336 0.5028 0.5880
vn 0.6337 0.5028 0.5880
vn 0.5732 0.5019 0.6477
vn 0.6359 -0.2105 0.7425
vn 0.5317 -0.2018 0.8225
vn 0.6059 0.4982 0.6202
vn 0.5734 0.5019 0.6475
vn 0.5431 0.2026 0.8149
vn 0.4532 0.1669 0.8757
vn 0.6468 0.3049 0.6990
vn 0.6203 0.2452 0.7451
vn 0.0762 0.9230 0.3771
vn 0.0774 0.9209 0.3821
vn -0.1152 0.1103 0.9872
vn 0.0100 0.1694 0.9855
vn 0.1000 0.4946 0.8633
vn -0.1950 0.1890 0.9624
vn -0.0930 0.1723 0.9807
vn -0.0053 -0.9996 -0.0271
vn -0.0049 -0.9987 -0.0512
vn -0.0000 -0.9971 -0.0763
vn 0.0111 -0.9932 -0.1158
vn 0.0326 -0.9853 -0.1678
vn 0.0708 -0.9684 -0.2391
vn 0.1761 -0.8829 -0.4354
vn 0.3361 -0.6877 -0.6435
vn 0.4965 -0.4183 -0.7606
vn 0.6219 -0.1091 -0.7755
vn 0.6794 0.2349 -0.6952
vn 0.7603 0.1163 -0.6390
vn 0.8189 -0.1260 -0.5600
vn 0.8528 0.2347 -0.4665
vn 0.7966 0.5014 -0.3378
vn 0.8296 0.4953 -0.2576
vn 0.8265 0.5010 -0.2567
vn 0.4526 0.8643 -0.2194
vn 0.4469 0.8404 -0.3067
vn 0.4511 0.8574 -0.2477
vn -0.0058 0.6770 0.7360
vn 0.0751 0.4490 -0.8904
vn 0.6428 0.3826 -0.6636
vn 0.6463 0.3836 -0.6597
vn 0.6506 0.3800 -0.6575
vn 0.8053 0.5615 0.1902
vn 0.5701 0.8179 0.0776
vn 0.6388 0.7556 0.1451
vn 0.7105 0.6787 0.1859
vn 0.9649 0.2359 0.1158
vn 0.9702 0.2349 0.0597
vn 0.9586 0.2845 0.0119
vn 0.1752 -0.8842 0.4330
vn 0.0708 -0.9684 0.2391
vn 0.0326 -0.9853 0.1678
vn 0.0111 -0.9932 0.1158
vn 0.0036 -0.9971 0.0761
vn -0.0000 -0.9987 0.0514
vn -0.0012 -0.9996 0.0275
vn 0.3053 -0.6857 0.6607
vn 0.4220 -0.4112 0.8080
vn 0.5434 -0.1089 0.8324
vn 0.6082 0.2344 0.7584
vn 0.6939 0.1161 0.7106
vn 0.7316 0.3543 0.5824
vn 0.5768 0.4930 0.6514
vn 0.5768 0.4929 0.6514
vn 0.0464 0.9440 0.3268
vn 0.1489 0.9599 0.2375
vn -0.6015 0.4220 0.6783
vn -0.5322 0.4855 0.6935
vn -0.6020 0.4205 0.6788
vn -0.7126 0.5199 0.4710
vn -0.7683 0.5835 0.2631
vn 0.1422 0.8205 0.5537
vn 0.1435 0.8284 0.5415
vn -0.2993 0.2107 0.9306
vn -0.3988 0.2336 0.8868
vn -0.5252 0.0863 0.8466
vn -0.5371 0.1193 0.8351
vn 0.6006 -0.2567 0.7572
vn 0.4846 -0.2450 0.8397
vn 0.3657 -0.1664 0.9157
vn 0.7072 -0.2443 0.6635
vn 0.1419 0.9092 0.3915
vn 0.2363 0.7996 0.5521
vn 0.0714 0.9198 0.3858
vn 0.7104 0.6788 -0.1856
vn 0.8479 0.1738 0.5008
vn 0.9670 0.2356 0.0974
vn 0.8602 0.5026 0.0867
vn 0.9720 -0.1268 0.1979
vn 0.9335 0.0934 0.3463
vn 0.8988 0.1472 0.4129
vn 0.9484 0.1171 0.2946
vn 0.8946 0.2365 0.3792
vn 0.8720 -0.1100 0.4770
vn 0.8205 -0.1098 0.5611
vn 0.7443 0.2353 0.6251
vn 0.6076 0.4938 0.6220
vn 0.7303 -0.1968 0.6542
vn 0.6836 0.2956 0.6673
vn 0.0683 0.9244 0.3754
vn 0.0852 0.8908 0.4464
vn 0.0710 0.9187 0.3885
vn -0.2294 0.1344 0.9640
vn -0.7852 0.4954 0.3716
vn -0.7725 0.4193 0.4769
vn -0.7353 0.3549 0.5774
vn -0.6781 0.3012 0.6704
vn -0.6052 0.2567 0.7535
vn -0.5213 0.2197 0.8246
vn -0.4301 0.1880 0.8830
vn -0.3331 0.1596 0.9293
vn -0.0026 -0.9996 -0.0275
vn -0.0000 -0.9987 -0.0515
vn 0.0073 -0.9971 -0.0759
vn 0.0222 -0.9932 -0.1141
vn 0.0485 -0.9853 -0.1637
vn 0.0934 -0.9685 -0.2308
vn 0.2170 -0.8832 -0.4158
vn 0.3966 -0.6883 -0.6074
vn 0.5680 -0.4188 -0.7085
vn 0.6947 -0.1094 -0.7109
vn 0.7443 0.2353 -0.6251
vn 0.8197 0.1165 -0.5609
vn 0.8703 -0.1262 -0.4761
vn 0.8949 0.2350 -0.3793
vn 0.8260 0.5019 -0.2565
vn -0.7059 0.6814 -0.1935
vn -0.1610 0.5725 -0.8040
vn 0.0399 0.4284 -0.9027
vn -0.5446 0.6982 -0.4647
vn 0.6980 0.3386 -0.6310
vn 0.9559 0.1555 -0.2491
vn 0.9332 0.1559 -0.3236
vn 0.9635 0.2449 -0.1083
vn 0.9569 0.1514 0.2480
vn 0.9584 0.2825 -0.0417
vn 0.8645 0.5027 -0.0000
vn 0.1942 -0.8863 0.4204
vn 0.0934 -0.9685 0.2308
vn 0.0485 -0.9853 0.1637
vn 0.0222 -0.9932 0.1141
vn 0.0074 -0.9971 0.0759
vn 0.0023 -0.9987 0.0509
vn -0.0000 -0.9996 0.0276
vn 0.3375 -0.6841 0.6466
vn 0.4982 -0.4120 0.7629
vn 0.6219 -0.1091 0.7755
vn 0.6793 0.2349 0.6952
vn 0.5767 0.4929 0.6514
vn 0.5767 0.4929 0.6515
vn 0.0983 0.9530 0.2867
vn 0.2009 0.9600 0.1952
vn -0.0424 0.9053 0.4226
vn 0.2612 0.9522 0.1584
vn 0.0152 0.9679 0.2508
vn 0.1217 0.9801 0.1569
vn 0.8439 0.5364 -0.0063
vn 0.8439 0.5364 -0.0065
vn 0.8023 0.5968 0.0135
vn -0.6867 0.4411 0.5778
vn 0.1698 0.8190 0.5481
vn 0.1604 0.6863 0.7094
vn 0.0677 0.9229 0.3791
vn -0.5625 0.1632 0.8105
vn 0.3640 -0.2102 0.9074
vn 0.2972 -0.1724 0.9391
vn 0.7356 -0.2182 0.6413
vn -0.6122 0.5840 0.5330
vn 0.0722 0.9217 0.3812
vn 0.6389 0.7557 -0.1440
vn 0.9718 0.2356 -0.0000
vn 0.9869 -0.1268 0.0995
vn 0.9731 0.1171 0.1982
vn 0.5698 0.8184 -0.0740
vn 0.9279 0.2368 0.2880
vn 0.9151 -0.1102 0.3879
vn 0.7975 -0.4169 0.4361
vn 0.7507 -0.4159 0.5133
vn 0.7611 -0.1096 0.6393
vn 0.6005 -0.2567 0.7573
vn 0.4847 -0.2452 0.8396
vn 0.4219 -0.1708 0.8904
vn 0.0774 0.8961 0.4371
vn -0.0000 -0.9996 -0.0276
vn 0.0049 -0.9987 -0.0512
vn 0.0145 -0.9971 -0.0748
vn 0.0330 -0.9932 -0.1113
vn 0.0640 -0.9854 -0.1581
vn 0.1150 -0.9686 -0.2204
vn 0.2559 -0.8836 -0.3922
vn 0.4535 -0.6889 -0.5655
vn 0.6344 -0.4193 -0.6494
vn 0.7611 -0.1096 -0.6393
vn 0.8022 0.2358 -0.5485
vn 0.8712 0.1167 -0.4769
vn 0.9133 -0.1264 -0.3872
vn 0.9282 0.2353 -0.2881
vn -0.0085 0.4682 -0.8836
vn 0.7867 0.2255 -0.5747
vn 0.8602 0.5026 -0.0867
vn 0.8473 0.5024 -0.1725
vn 0.9693 0.2385 -0.0603
vn 0.2159 -0.8845 0.4136
vn 0.1038 -0.9689 0.2246
vn 0.0639 -0.9854 0.1581
vn 0.0330 -0.9932 0.1113
vn 0.0145 -0.9971 0.0748
vn 0.0048 -0.9987 0.0512
vn 0.0012 -0.9996 0.0275
vn 0.3982 -0.6849 0.6102
vn 0.5698 -0.4129 0.7105
vn 0.6947 -0.1094 0.7109
vn 0.0077 0.9223 0.3864
vn 0.3109 0.9433 0.1158
vn -0.1142 0.8459 0.5209
vn -0.0785 0.9324 0.3528
vn 0.3787 0.9208 0.0929
vn 0.2378 0.9685 0.0743
vn 0.7966 0.5999 -0.0751
vn 0.8352 0.5489 -0.0335
vn 0.7128 0.7014 0.0034
vn -0.6356 0.3751 0.6748
vn -0.4843 0.2748 0.8306
vn 0.2557 -0.1197 0.9593
vn 0.2433 -0.1533 0.9578
vn 0.7751 -0.1749 0.6071
vn 0.8007 -0.2091 0.5614
vn 0.9919 -0.1268 -0.0000
vn 0.9881 0.1172 0.0997
vn 0.9520 0.2371 0.1938
vn 0.9492 -0.1104 0.2947
vn 0.8365 -0.4178 0.3545
vn 0.6354 -0.6894 0.3479
vn 0.5985 -0.6885 0.4096
vn 0.6968 -0.4149 0.5851
vn -0.1671 0.5981 0.7838
vn -0.1564 0.7033 0.6934
vn 0.7073 -0.2446 0.6632
vn 0.8138 -0.1644 0.5575
vn 0.3639 -0.2102 0.9074
vn 0.3115 -0.1246 0.9420
vn 0.0026 -0.9996 -0.0275
vn 0.0098 -0.9987 -0.0505
vn 0.0216 -0.9971 -0.0730
vn 0.0435 -0.9933 -0.1075
vn 0.0788 -0.9854 -0.1509
vn 0.1356 -0.9687 -0.2078
vn 0.2923 -0.8840 -0.3648
vn 0.5062 -0.6896 -0.5180
vn 0.6950 -0.4197 -0.5838
vn 0.8205 -0.1098 -0.5610
vn 0.8525 0.2362 -0.4663
vn 0.9143 0.1169 -0.3878
vn 0.9473 -0.1266 -0.2941
vn 0.9524 0.2355 -0.1938
vn -0.6364 0.6770 -0.3697
vn 0.8478 0.1754 -0.5005
vn 0.8978 0.1516 -0.4136
vn 0.9764 -0.1842 0.1125
vn 0.9637 -0.1293 0.2337
vn 0.2547 -0.8848 0.3902
vn 0.1150 -0.9686 0.2204
vn 0.0713 -0.9855 0.1543
vn 0.0435 -0.9933 0.1075
vn 0.0216 -0.9971 0.0730
vn 0.0098 -0.9987 0.0505
vn 0.0027 -0.9996 0.0275
vn 0.4552 -0.6857 0.5680
vn 0.6363 -0.4139 0.6510
vn -0.5659 0.3204 0.7597
vn -0.0670 0.8689 0.4904
vn -0.0783 0.9324 0.3528
vn 0.0150 0.9679 0.2509
vn 0.4239 0.9042 0.0514
vn 0.1218 0.9800 0.1573
vn 0.2376 0.9685 0.0746
vn 0.5442 0.4930 0.6788
vn -0.1663 0.7685 0.6179
vn -0.1547 0.8750 0.4587
vn 0.4963 0.8670 0.0440
vn 0.3583 0.9336 0.0069
vn 0.7025 0.7065 -0.0854
vn 0.6093 0.7928 0.0137
vn 0.1500 -0.0499 0.9874
vn 0.1270 -0.0767 0.9889
vn 0.8505 -0.1228 0.5114
vn 0.8771 -0.1517 0.4557
vn 0.8745 0.4831 0.0432
vn 0.6030 0.4296 -0.6721
vn 0.6334 0.2983 -0.7140
vn 0.5782 0.5424 -0.6095
vn 0.9869 -0.1268 -0.0995
vn 0.9670 0.2356 -0.0975
vn 0.9931 0.1173 -0.0000
vn 0.9666 0.2372 0.0974
vn 0.9739 -0.1105 0.1983
vn 0.8674 -0.4186 0.2692
vn 0.6662 -0.6902 0.2827
vn 0.3824 -0.8862 0.2616
vn 0.4060 -0.8865 0.2222
vn 0.5559 -0.6876 0.4672
vn -0.1543 0.4838 0.8615
vn 0.8006 -0.2090 0.5615
vn 0.8511 -0.1703 0.4965
vn 0.2432 -0.1534 0.9578
vn 0.2036 -0.0538 0.9776
vn 0.0053 -0.9996 -0.0271
vn 0.0146 -0.9987 -0.0493
vn 0.0285 -0.9971 -0.0705
vn 0.0536 -0.9933 -0.1026
vn 0.0929 -0.9855 -0.1423
vn 0.1549 -0.9689 -0.1932
vn 0.3260 -0.8845 -0.3339
vn 0.5541 -0.6902 -0.4654
vn 0.7490 -0.4201 -0.5123
vn 0.8720 -0.1100 -0.4770
vn 0.8946 0.2365 -0.3792
vn 0.9484 0.1170 -0.2946
vn 0.9720 -0.1267 -0.1979
vn 0.6656 0.4766 0.5744
vn 0.5971 0.5873 0.5464
vn 0.9621 -0.2425 0.1244
vn 0.9495 -0.1842 0.2541
vn 0.9757 -0.2182 -0.0169
vn 0.9380 -0.0556 0.3420
vn 0.8594 -0.4385 -0.2628
vn 0.8760 -0.4728 -0.0955
vn 0.2910 -0.8851 0.3631
vn 0.1356 -0.9687 0.2078
vn 0.0788 -0.9854 0.1509
vn 0.0482 -0.9934 0.1044
vn 0.0285 -0.9971 0.0705
vn 0.0146 -0.9987 0.0493
vn 0.0053 -0.9996 0.0271
vn 0.5079 -0.6867 0.5201
vn -0.1226 0.7949 0.5942
vn -0.1550 0.8750 0.4587
vn 0.5353 0.8447 0.0043
vn 0.3580 0.9337 0.0068
vn -0.1971 0.6763 0.7097
vn -0.2116 0.7979 0.5645
vn 0.4790 0.8767 -0.0436
vn 0.9339 -0.0745 0.3497
vn 0.9686 0.0196 0.2479
vn 0.9799 0.1265 0.1543
vn 0.9674 0.2425 0.0724
vn 0.9317 0.3632 0.0051
vn 0.5953 0.8000 -0.0747
vn -0.2461 0.7039 0.6663
vn -0.2577 0.5969 0.7598
vn -0.2449 0.4809 0.8419
vn -0.2095 0.3601 0.9091
vn -0.1516 0.2395 0.9590
vn -0.0743 0.1237 0.9895
vn 0.0199 0.0169 0.9997
vn 0.0524 0.0351 0.9980
vn 0.9085 -0.0517 0.4148
vn 0.9263 0.3655 0.0914
vn 0.8741 0.4837 -0.0449
vn 0.6701 0.1537 -0.7262
vn 0.5726 0.3679 -0.7327
vn 0.6074 0.2224 -0.7626
vn 0.5437 0.4987 -0.6751
vn 0.5595 0.6349 -0.5328
vn 0.9881 0.1172 -0.0997
vn 0.5246 0.8513 -0.0020
vn 0.5240 0.8467 -0.0927
vn 0.9715 0.2372 -0.0000
vn 0.9889 -0.1106 0.0997
vn 0.8896 -0.4193 0.1810
vn 0.6904 -0.6909 0.2146
vn 0.4256 -0.8867 0.1805
vn 0.3552 -0.8858 0.2985
vn 0.2031 -0.9692 0.1390
vn 0.2155 -0.9694 0.1179
vn -0.2452 0.4808 0.8419
vn -0.2571 0.5971 0.7599
vn -0.1188 0.3654 0.9233
vn 0.8798 -0.1168 0.4607
vn 0.8772 -0.1517 0.4555
vn 0.1269 -0.0769 0.9889
vn 0.1026 0.0340 0.9941
vn 0.0078 -0.9996 -0.0264
vn 0.0192 -0.9987 -0.0476
vn 0.0351 -0.9971 -0.0673
vn 0.0631 -0.9933 -0.0968
vn 0.1060 -0.9855 -0.1323
vn 0.1727 -0.9690 -0.1768
vn 0.3565 -0.8849 -0.2997
vn 0.5969 -0.6908 -0.4081
vn 0.7959 -0.4205 -0.4355
vn 0.9151 -0.1102 -0.3879
vn 0.9279 0.2368 -0.2880
vn 0.9731 0.1172 -0.1982
vn 0.7330 0.3615 0.5763
vn 0.5295 0.6895 0.4942
vn 0.6329 0.4641 0.6197
vn 0.5593 0.5826 0.5897
vn 0.9230 -0.1056 0.3700
vn 0.9603 -0.2785 -0.0135
vn 0.9616 -0.2300 -0.1496
vn 0.9005 0.0339 0.4335
vn 0.8318 -0.3682 -0.4154
vn 0.8798 -0.4691 0.0765
vn 0.8341 -0.4914 -0.2506
vn 0.8493 -0.5207 -0.0873
vn 0.3247 -0.8855 0.3324
vn 0.1549 -0.9689 0.1932
vn 0.0929 -0.9855 0.1423
vn 0.0535 -0.9933 0.1026
vn 0.0318 -0.9971 0.0689
vn 0.0193 -0.9987 0.0476
vn 0.0078 -0.9996 0.0264
vn -0.2118 0.7979 0.5643
vn -0.2462 0.7040 0.6662
vn -0.2095 0.3600 0.9091
vn -0.1517 0.2395 0.9590
vn -0.0744 0.1236 0.9895
vn 0.0198 0.0168 0.9997
vn 0.9339 -0.0746 0.3497
vn 0.9685 0.0195 0.2481
vn 0.9674 0.2426 0.0723
vn 0.9316 0.3634 0.0053
vn 0.8740 0.4839 -0.0447
vn 0.7966 0.5998 -0.0753
vn 0.7025 0.7066 -0.0855
vn 0.5952 0.8001 -0.0749
vn 0.4791 0.8767 -0.0435
vn 0.6408 0.7674 -0.0241
vn 0.8192 0.5731 -0.0231
vn 0.8859 0.4639 0.0058
vn 0.9465 0.0360 0.3208
vn -0.0336 0.1325 0.9906
vn 0.9560 0.2486 0.1557
vn 0.7112 0.0045 -0.7029
vn 0.6476 0.0701 -0.7587
vn 0.5211 0.6096 -0.5974
vn 0.5457 0.7078 -0.4485
vn 0.3578 0.9090 0.2137
vn 0.3183 0.9436 0.0907
vn 0.9666 0.2372 -0.0974
vn 0.4779 0.8784 0.0078
vn 0.4774 0.8732 -0.0981
vn 0.5275 0.8448 0.0900
vn 0.5255 0.8310 -0.1825
vn 0.9939 -0.1106 -0.0000
vn 0.9030 -0.4199 0.0909
vn 0.7079 -0.6914 0.1443
vn 0.4412 -0.8869 0.1370
vn 0.2258 -0.9695 0.0958
vn 0.1888 -0.9691 0.1587
vn 0.1390 -0.9857 0.0951
vn 0.1475 -0.9858 0.0807
vn -0.0621 0.2477 0.9668
vn 0.9301 -0.0467 0.3643
vn 0.0128 0.1358 0.9907
vn 0.0103 -0.9996 -0.0255
vn 0.0237 -0.9987 -0.0454
vn 0.0414 -0.9971 -0.0635
vn 0.0721 -0.9933 -0.0900
vn 0.1182 -0.9856 -0.1210
vn 0.1888 -0.9691 -0.1587
vn 0.3836 -0.8854 -0.2626
vn 0.6340 -0.6913 -0.3467
vn 0.8352 -0.4207 -0.3542
vn 0.9492 -0.1104 -0.2947
vn 0.9520 0.2371 -0.1938
vn 0.7959 0.2465 0.5529
vn 0.7048 0.3409 0.6221
vn 0.4866 0.6918 0.5335
vn 0.4655 0.7794 0.4193
vn 0.8834 -0.0100 0.4684
vn 0.9442 -0.2909 -0.1547
vn 0.9144 -0.2784 -0.2938
vn 0.8719 -0.2426 -0.4253
vn 0.8186 -0.1842 -0.5440
vn 0.7564 -0.1056 -0.6455
vn 0.6875 -0.0100 -0.7261
vn 0.6150 0.0993 -0.7823
vn 0.5413 0.2177 -0.8122
vn 0.4693 0.3409 -0.8146
vn 0.4019 0.4641 -0.7893
vn 0.3417 0.5826 -0.7374
vn 0.2908 0.6918 -0.6610
vn 0.2511 0.7874 -0.5630
vn 0.2248 0.8661 -0.4466
vn 0.2122 0.9244 -0.3170
vn 0.2138 0.9603 -0.1790
vn 0.2299 0.9725 -0.0378
vn 0.2598 0.9603 0.1013
vn 0.3023 0.9243 0.2328
vn 0.3556 0.8660 0.3515
vn 0.4180 0.7874 0.4530
vn 0.7722 0.2177 0.5969
vn 0.8329 0.0995 0.5445
vn 0.9345 -0.2189 -0.2806
vn 0.8525 0.1359 0.5047
vn 0.7957 -0.2660 -0.5442
vn 0.8085 -0.4290 -0.4029
vn 0.8527 -0.5163 0.0796
vn 0.8707 -0.4276 0.2430
vn 0.1727 -0.9690 0.1768
vn 0.1060 -0.9855 0.1323
vn 0.0631 -0.9933 0.0968
vn 0.0352 -0.9971 0.0673
vn 0.0213 -0.9987 0.0461
vn 0.0103 -0.9996 0.0255
vn 0.7366 0.6756 -0.0332
vn -0.2060 0.5732 0.7931
vn 0.9627 0.1374 0.2332
vn -0.1048 0.2387 0.9654
vn 0.7542 -0.1388 -0.6417
vn 0.6907 -0.0799 -0.7187
vn 0.5041 0.6992 -0.5069
vn 0.5359 0.7632 -0.3609
vn 0.4075 0.8535 0.3246
vn 0.2905 0.9560 -0.0396
vn 0.9889 -0.1106 -0.0997
vn 0.4790 0.8540 -0.2030
vn 0.4814 0.8689 0.1153
vn 0.5329 0.8260 0.1838
vn 0.5294 0.8036 -0.2719
vn 0.9074 -0.4204 -0.0001
vn 0.7184 -0.6919 0.0726
vn 0.4524 -0.8870 0.0921
vn 0.2339 -0.9695 0.0727
vn 0.1545 -0.9858 0.0655
vn 0.1292 -0.9856 0.1086
vn 0.0945 -0.9934 0.0647
vn 0.1003 -0.9934 0.0549
vn 0.9615 0.0384 0.2722
vn 0.0127 -0.9996 -0.0243
vn 0.0279 -0.9987 -0.0428
vn 0.0473 -0.9971 -0.0590
vn 0.0804 -0.9934 -0.0823
vn 0.1292 -0.9856 -0.1086
vn 0.2031 -0.9692 -0.1390
vn 0.4071 -0.8858 -0.2229
vn 0.6649 -0.6917 -0.2817
vn 0.8663 -0.4208 -0.2691
vn 0.9739 -0.1105 -0.1983
vn 0.8955 -0.1855 -0.4046
vn 0.7741 -0.3364 -0.5363
vn 0.8444 -0.4780 0.2418
vn 0.8494 -0.3507 0.3945
vn 0.1182 -0.9856 0.1210
vn 0.0721 -0.9933 0.0900
vn 0.0414 -0.9971 0.0635
vn 0.0237 -0.9987 0.0454
vn 0.0114 -0.9996 0.0249
vn -0.1929 0.4632 0.8650
vn -0.1586 0.3503 0.9231
vn 0.7340 -0.2180 -0.6432
vn 0.4921 0.7688 -0.4084
vn 0.2755 0.9457 -0.1724
vn 0.9026 -0.4207 -0.0911
vn 0.4838 0.8197 -0.3067
vn 0.4882 0.8435 0.2239
vn 0.4237 0.5545 -0.7163
vn 0.5413 0.7930 0.2794
vn 0.7218 -0.6921 0.0002
vn 0.4593 -0.8871 0.0463
vn 0.2397 -0.9696 0.0488
vn 0.1600 -0.9859 0.0497
vn 0.1050 -0.9935 0.0446
vn 0.0879 -0.9934 0.0738
vn 0.0620 -0.9972 0.0424
vn 0.0657 -0.9972 0.0360
vn 0.9729 0.1354 0.1875
vn 0.0150 -0.9996 -0.0229
vn 0.0319 -0.9987 -0.0398
vn 0.0527 -0.9972 -0.0540
vn 0.0879 -0.9934 -0.0738
vn 0.1390 -0.9857 -0.0951
vn 0.2155 -0.9694 -0.1179
vn 0.4266 -0.8862 -0.1810
vn 0.6894 -0.6921 -0.2139
vn 0.8889 -0.4208 -0.1811
vn 0.8460 -0.1307 -0.5169
vn 0.8248 -0.4076 0.3919
vn 0.8179 -0.2429 0.5216
vn 0.7049 0.0692 -0.7059
vn 0.0804 -0.9934 0.0823
vn 0.0473 -0.9971 0.0590
vn 0.0279 -0.9987 0.0428
vn 0.0126 -0.9996 0.0243
vn 0.9346 0.3519 0.0518
vn 0.2740 0.9129 -0.3026
vn 0.7180 -0.6923 -0.0722
vn 0.5599 0.5409 0.6276
vn 0.5926 0.4103 0.6932
vn 0.6307 0.2637 0.7299
vn 0.6732 0.1096 0.7313
vn 0.7164 -0.0431 0.6964
vn 0.7582 -0.1850 0.6252
vn 0.7953 -0.3087 0.5217
vn 0.4986 0.8004 0.3330
vn 0.5135 0.7367 0.4400
vn 0.5337 0.6505 0.5403
vn 0.5532 0.7436 0.3754
vn 0.3982 0.5941 -0.6989
vn 0.4617 -0.8871 -0.0001
vn 0.2433 -0.9697 0.0245
vn 0.1640 -0.9859 0.0334
vn 0.1088 -0.9935 0.0338
vn 0.0689 -0.9972 0.0292
vn 0.0576 -0.9972 0.0484
vn 0.0418 -0.9987 0.0286
vn 0.0444 -0.9987 0.0243
vn 0.9639 0.2411 0.1131
vn 0.0171 -0.9996 -0.0213
vn 0.0355 -0.9987 -0.0364
vn 0.0576 -0.9972 -0.0484
vn 0.0945 -0.9934 -0.0647
vn 0.1475 -0.9858 -0.0807
vn 0.2258 -0.9695 -0.0958
vn 0.4419 -0.8865 -0.1373
vn 0.7072 -0.6922 -0.1438
vn 0.7879 -0.0568 -0.6132
vn 0.7234 0.0335 -0.6896
vn 0.7791 -0.1110 0.6170
vn 0.0527 -0.9972 0.0540
vn 0.0319 -0.9987 0.0398
vn 0.0150 -0.9996 0.0229
vn 0.2861 0.8588 -0.4249
vn 0.4595 -0.8869 -0.0464
vn 0.5698 0.6746 0.4693
vn 0.4788 0.5036 -0.7191
vn 0.3487 0.6957 -0.6280
vn 0.2444 -0.9697 -0.0000
vn 0.1665 -0.9859 0.0168
vn 0.1115 -0.9935 0.0227
vn 0.0713 -0.9972 0.0222
vn 0.0465 -0.9987 0.0197
vn 0.0389 -0.9987 0.0327
vn 0.0224 -0.9996 0.0153
vn 0.0238 -0.9996 0.0130
vn 0.0191 -0.9996 -0.0195
vn 0.0389 -0.9987 -0.0327
vn 0.0620 -0.9972 -0.0424
vn 0.1003 -0.9934 -0.0549
vn 0.1545 -0.9858 -0.0655
vn 0.2339 -0.9695 -0.0727
vn 0.4529 -0.8868 -0.0923
vn 0.6897 0.1400 -0.7104
vn 0.7366 0.0364 0.6754
vn 0.0356 -0.9987 0.0364
vn 0.0171 -0.9996 0.0213
vn 0.3113 0.7855 -0.5348
vn 0.2433 -0.9697 -0.0245
vn 0.5919 0.5837 0.5558
vn 0.5467 0.3814 -0.7454
vn 0.1673 -0.9859 -0.0000
vn 0.1132 -0.9935 0.0114
vn 0.0731 -0.9972 0.0149
vn 0.0481 -0.9987 0.0150
vn 0.0249 -0.9996 0.0106
vn 0.0208 -0.9996 0.0175
vn 0.0209 -0.9996 -0.0175
vn 0.0418 -0.9987 -0.0286
vn 0.0657 -0.9972 -0.0360
vn 0.1050 -0.9935 -0.0446
vn 0.1600 -0.9859 -0.0497
vn 0.2397 -0.9696 -0.0488
vn 0.6180 0.2584 -0.7425
vn 0.6940 0.1892 0.6947
vn 0.0190 -0.9996 0.0195
vn 0.1665 -0.9859 -0.0168
vn 0.6200 0.4704 0.6279
vn 0.6544 0.3368 0.6770
vn 0.1137 -0.9935 -0.0000
vn 0.0742 -0.9972 0.0075
vn 0.0493 -0.9987 0.0101
vn 0.0258 -0.9996 0.0080
vn 0.0224 -0.9996 -0.0153
vn 0.0444 -0.9987 -0.0243
vn 0.0689 -0.9972 -0.0292
vn 0.1088 -0.9935 -0.0338
vn 0.1640 -0.9859 -0.0334
vn 0.1132 -0.9935 -0.0114
vn 0.0746 -0.9972 -0.0000
vn 0.0501 -0.9987 0.0051
vn 0.0264 -0.9996 0.0054
vn 0.0238 -0.9996 -0.0130
vn 0.0465 -0.9987 -0.0197
vn 0.0713 -0.9972 -0.0222
vn 0.1115 -0.9935 -0.0227
vn 0.0742 -0.9972 -0.0075
vn 0.0503 -0.9987 -0.0000
vn 0.0268 -0.9996 0.0027
vn 0.0249 -0.9996 -0.0106
vn 0.0481 -0.9987 -0.0150
vn 0.0731 -0.9972 -0.0149
vn 0.0501 -0.9987 -0.0051
vn 0.0270 -0.9996 -0.0000
vn 0.0258 -0.9996 -0.0080
vn 0.0493 -0.9987 -0.0101
vn 0.0268 -0.9996 -0.0027
vn 0.0264 -0.9996 -0.0054
vn -0.9382 -0.0812 0.3365
vn -0.9123 -0.1022 0.3965
vn -0.8588 -0.0378 0.5109
vn -0.9509 -0.1515 0.2700
vn -0.9716 -0.1731 0.1612
vn -0.8550 -0.0071 0.5187
vn -0.7931 0.0429 0.6076
vn -0.9733 -0.1867 0.1337
vn -0.9845 -0.1549 0.0823
vn -0.8348 0.0557 0.5478
vn -0.9808 -0.1939 0.0213
vn -0.7916 0.0795 0.6059
vn -0.7197 0.1384 0.6804
vn -0.9807 -0.1942 0.0210
vn -0.9794 -0.2021 0.0013
vn -0.9819 -0.1768 -0.0678
vn -0.7687 0.1494 0.6219
vn -0.9987 0.0403 -0.0325
vn -0.7230 0.1817 0.6666
vn -0.6466 0.2469 0.7218
vn -0.9731 -0.1866 -0.1353
vn -0.7013 0.2559 0.6653
vn -0.9711 -0.1752 -0.1619
vn -0.6545 0.2975 0.6950
vn -0.5801 0.3660 0.7277
vn -0.9507 -0.1525 -0.2701
vn -0.9694 -0.1232 -0.2123
vn -0.9451 -0.1458 -0.2926
vn -0.9121 -0.1030 -0.3967
vn -0.9390 -0.0785 -0.3350
vn -0.5932 0.5044 0.6274
vn -0.9069 -0.0798 -0.4137
vn -0.5636 0.5476 0.6185
vn -0.5093 0.5990 0.6179
vn -0.8586 -0.0383 -0.5113
vn -0.8939 -0.0188 -0.4479
vn -0.5759 0.6112 0.5430
vn -0.8538 -0.0090 -0.5206
vn -0.5577 0.6498 0.5165
vn -0.5124 0.6924 0.5080
vn -0.7926 0.0424 -0.6082
vn -0.8363 0.0571 -0.5453
vn -0.5827 0.6902 0.4291
vn -0.7904 0.0780 -0.6076
vn -0.5697 0.7196 0.3971
vn -0.5335 0.7545 0.3822
vn -0.7192 0.1379 -0.6810
vn -0.7702 0.1499 -0.6200
vn -0.6025 0.7361 0.3084
vn -0.7219 0.1804 -0.6680
vn -0.5911 0.7574 0.2774
vn -0.5587 0.7866 0.2629
vn -0.6456 0.2467 -0.7228
vn -0.7023 0.2576 -0.6637
vn -0.6231 0.7559 0.2009
vn -0.6567 0.3006 -0.6916
vn -0.6097 0.7734 0.1734
vn -0.5782 0.7998 0.1615
vn -0.5806 0.3644 -0.7281
vn -0.6373 0.7624 0.1118
vn -0.6029 0.4211 -0.6777
vn -0.6210 0.7791 0.0858
vn -0.5884 0.8050 0.0762
vn -0.6010 0.4234 -0.6779
vn -0.5336 0.4851 -0.6928
vn -0.5930 0.5027 -0.6290
vn -0.6432 0.7648 0.0366
vn 0.1967 0.9800 0.0284
vn -0.5678 0.5481 -0.6142
vn -0.5897 0.8076 -0.0004
vn -0.5121 0.6000 -0.6147
vn -0.5749 0.6094 -0.5461
vn -0.5643 0.6479 -0.5116
vn -0.5199 0.8542 0.0056
vn -0.5895 0.8044 -0.0734
vn -0.5172 0.6940 -0.5008
vn -0.5809 0.6894 -0.4328
vn -0.6243 0.7766 -0.0846
vn -0.5824 0.7977 -0.1563
vn -0.5399 0.7547 -0.3726
vn -0.6190 0.7801 -0.0907
vn -0.6360 0.7635 -0.1126
vn -0.6002 0.7523 -0.2717
vn -0.6162 0.7690 -0.1702
vn -0.5648 0.7849 -0.2546
vn -0.6213 0.7568 -0.2031
vn -0.8203 -0.3669 -0.4387
vn -0.6333 -0.5999 -0.4889
vn -0.3312 -0.3412 0.8797
vn -0.1512 -0.5420 0.8267
vn -0.9293 -0.2077 -0.3053
vn -0.5421 -0.1239 0.8311
vn -0.9746 -0.1074 -0.1966
vn -0.4807 -0.7624 -0.4332
vn -0.6775 0.0011 0.7355
vn -0.0709 -0.6912 0.7192
vn -0.3327 -0.8738 -0.3546
vn -0.7890 0.0395 0.6131
vn -0.0133 -0.8139 0.5809
vn -0.9964 -0.0389 -0.0754
vn -0.0210 -0.9769 0.2128
vn -0.9916 0.0934 0.0893
vn -0.1999 -0.9507 -0.2371
vn -0.8640 0.0512 0.5008
vn -0.0106 -0.9973 -0.0731
vn -0.9617 0.0133 0.2737
vn -0.0380 -0.9992 -0.0092
vn -0.9864 0.0781 0.1445
vn 0.1393 -0.9902 -0.0049
vn -0.9879 -0.1061 0.1135
vn -0.9986 0.0532 0.0008
vn -0.0135 -0.9999 -0.0018
vn 0.1983 -0.9802 -0.0001
vn -0.9874 -0.1581 0.0055
vn -0.0438 -0.9990 0.0091
vn -0.9873 0.0841 -0.1348
vn 0.1333 -0.9911 0.0008
vn -0.9899 -0.0919 -0.1075
vn -0.0358 -0.9782 -0.2045
vn -0.9908 0.1059 -0.0837
vn -0.9600 0.0261 -0.2787
vn -0.0130 -0.9978 0.0645
vn -0.9962 -0.0272 0.0828
vn -0.0187 -0.8140 -0.5806
vn -0.2047 -0.9505 0.2338
vn -0.8617 0.0614 -0.5037
vn -0.0763 -0.6918 -0.7181
vn -0.9740 -0.0989 0.2041
vn -0.3373 -0.8730 0.3524
vn -0.7847 0.0454 -0.6182
vn -0.4826 -0.7617 0.4323
vn -0.6749 0.0021 -0.7379
vn -0.1564 -0.5431 -0.8250
vn -0.9284 -0.2023 0.3116
vn -0.6336 -0.5985 0.4903
vn -0.5420 -0.1259 -0.8309
vn -0.8193 -0.3630 0.4439
vn -0.3346 -0.3432 -0.8776
vn 0.5588 0.6128 -0.5588
vn 0.3193 0.2559 -0.9125
vn -1.0000 -0.0000 -0.0000
vn -0.5588 0.6128 -0.5588
vn 1.0000 -0.0000 -0.0000
vn -0.0000 -0.0000 1.0000
vn 0.5878 -0.6229 0.5162
vn 0.5773 -0.5773 -0.5774
vn 0.5774 0.5773 -0.5773
vn 0.5681 0.5251 0.6336
vn -0.5878 -0.6229 0.5162
vn -0.5774 -0.5773 -0.5773
vn -0.5682 0.5251 0.6336
vn -0.5773 0.5774 -0.5774
vn 0.5878 -0.6229 -0.5162
vn 0.5681 0.5251 -0.6336
vn 0.5774 0.5773 0.5773
vn 0.5773 -0.5773 0.5774
vn -0.5878 -0.6229 -0.5162
vn -0.5682 0.5251 -0.6336
vn -0.5774 -0.5773 0.5773
vn -0.5773 0.5774 0.5774
vn 0.5149 -0.6238 -0.5881
vn -0.5774 -0.5774 -0.5773
vn 0.6348 0.5239 -0.5680
vn 0.5149 -0.6238 0.5880
vn -0.5773 -0.5773 0.5774
vn 0.6347 0.5239 0.5680
vn -0.5774 0.5774 0.5773
vn -0.5149 -0.6238 -0.5881
vn -0.6347 0.5239 -0.5680
vn 0.5773 0.5773 -0.5774
vn 0.5774 -0.5773 -0.5773
vn -0.5149 -0.6238 0.5880
vn -0.6347 0.5239 0.5680
vn 0.5774 0.5774 0.5773
vn -0.4282 0.8292 0.3593
vn -0.6783 0.3668 0.6367
vn -0.0942 -0.0709 0.9930
vn 0.1113 0.4908 0.8641
vn -0.5844 0.8114 -0.0084
vn -0.7930 0.6092 -0.0043
vn 0.5377 0.5262 0.6588
vn 0.5658 -0.4463 0.6933
vn -0.7947 0.6018 0.0799
vn -0.5907 0.2898 0.7530
vn 0.4264 0.5623 0.7085
vn -0.3035 0.8773 -0.3718
vn -0.0282 -0.1152 0.9929
vn 0.5805 -0.6972 0.4207
vn -0.5324 0.5393 -0.6524
vn -0.1033 0.6120 0.7841
vn -0.3599 0.9315 0.0518
vn -0.2612 0.8590 -0.4403
vn -0.9948 0.0845 -0.0574
vn -0.9367 -0.3041 0.1732
vn -0.4419 -0.7595 0.4774
vn 0.0424 -0.9977 0.0520
vn 0.9564 -0.2856 0.0605
vn -0.3621 -0.5202 0.7735
vn -0.6322 -0.0137 -0.7747
vn 0.1847 0.4144 -0.8912
vn -0.1456 0.2753 -0.9503
vn -0.3857 0.8513 -0.3557
vn 0.1097 0.5261 0.8433
vn -0.5229 -0.5622 -0.6407
vn 0.4780 -0.8208 -0.3126
vn -0.0129 0.0003 -0.9999
vn 0.5027 -0.6578 -0.5608
vn 0.7935 0.0430 -0.6070
vn -0.6535 0.4578 -0.6028
vn -0.0619 0.8773 -0.4759
vn 0.6298 0.4461 0.6359
vn 0.6795 0.7285 -0.0874
vn 0.1155 -0.4463 0.8874
vn 0.2035 -0.3856 -0.9000
vn -0.9861 -0.1299 0.1033
vn -0.1087 0.5393 -0.8350
vn 0.5341 0.7154 -0.4505
vn 0.7880 -0.2818 0.5474
vn 0.9914 0.0551 -0.1187
vn -0.5473 -0.1152 0.8290
vn -0.7174 0.6018 -0.3509
vn -0.8989 0.2898 0.3287
vn 0.6162 0.4194 -0.6666
vn 0.7810 -0.2856 0.5554
vn -0.6272 -0.7595 0.1728
vn 0.0087 -0.9977 0.0666
vn -0.1291 -0.0137 -0.9915
vn -0.8152 0.0845 -0.5730
vn 0.6267 0.4144 -0.6600
vn 0.9943 0.0430 -0.0977
vn 0.5710 -0.8208 -0.0138
vn -0.8874 -0.3041 -0.3465
vn -0.1067 -0.5622 -0.8201
vn 0.5160 0.0003 -0.8566
vn 0.6472 -0.3856 -0.6576
vn 0.1331 0.8292 -0.5429
vn 0.1708 0.3668 -0.9145
vn -0.5109 -0.0709 -0.8567
vn -0.6005 0.4908 -0.6312
vn 0.4763 0.8114 -0.3387
vn 0.6422 0.6091 -0.4653
vn -0.8231 0.5261 -0.2136
vn 0.0314 0.2898 -0.9566
vn -0.5642 -0.1152 -0.8176
vn -0.8662 -0.4463 -0.2248
vn -0.7627 0.5623 -0.3195
vn 0.4645 0.8773 0.1205
vn 0.5938 0.6018 -0.5341
vn -0.7169 -0.6972 0.0037
vn 0.8151 0.5393 0.2115
vn 0.8151 0.5394 0.2115
vn -0.3801 0.6120 -0.6935
vn 0.2597 0.9316 -0.2545
vn 0.4710 0.8590 0.2008
vn 0.0743 -0.7595 -0.6463
vn -0.0650 -0.9977 -0.0169
vn -0.8072 -0.2856 0.5166
vn 0.9679 -0.0137 0.2512
vn 0.8363 0.0845 -0.5417
vn 0.3777 0.4144 0.8280
vn 0.6791 0.2753 0.6804
vn 0.5214 0.8513 0.0589
vn -0.5870 0.5261 -0.6153
vn 0.6532 -0.3041 -0.6934
vn 0.8005 -0.5622 0.2077
vn -0.2008 -0.8208 0.5347
vn -0.2812 0.0430 0.9587
vn -0.0740 -0.6578 0.7495
vn -0.1651 -0.5202 -0.8379
vn 0.6014 0.0003 0.7989
vn 0.8834 0.4578 0.0999
vn 0.3313 0.8773 0.3473
vn -0.8839 0.4461 -0.1406
vn -0.4964 0.7285 0.4722
vn -0.6177 -0.4463 -0.6475
vn 0.3679 -0.3856 0.8462
vn 0.7343 -0.1299 -0.6662
vn 0.5812 0.5393 0.6093
vn -0.1645 0.7154 0.6791
vn -0.9592 -0.2818 0.0243
vn -0.0486 -0.1152 -0.9922
vn 0.7861 0.6018 -0.1410
vn 0.5308 0.2898 -0.7964
vn -0.1030 0.4194 0.9019
vn -0.7295 0.0551 0.6818
vn -0.9582 -0.2856 0.0136
vn 0.4037 -0.7595 -0.5101
vn -0.0463 -0.9977 -0.0486
vn 0.6902 -0.0137 0.7235
vn 0.9962 0.0845 -0.0196
vn -0.1153 0.4144 0.9028
vn -0.4524 -0.8208 0.3486
vn 0.9206 -0.3041 -0.2451
vn 0.5708 -0.5622 0.5984
vn 0.0901 0.0003 0.9959
vn -0.7443 0.0430 0.6665
vn -0.1333 -0.3856 0.9130
vn 0.1951 -0.0000 -0.9808
vn -0.0000 -0.0000 -1.0000
vn -0.0000 0.6857 -0.7279
vn 0.1420 0.6857 -0.7139
vn -0.7071 -0.0000 -0.7071
vn -0.8315 -0.0000 -0.5556
vn -0.6052 0.6857 -0.4044
vn -0.5147 0.6857 -0.5147
vn 0.1951 -0.0000 0.9808
vn 0.3827 -0.0000 0.9239
vn 0.2785 0.6857 0.6725
vn 0.1420 0.6857 0.7139
vn 0.3827 -0.0000 -0.9239
vn 0.2785 0.6857 -0.6725
vn -0.5556 -0.0000 -0.8315
vn -0.4044 0.6857 -0.6052
vn -0.0000 0.6857 0.7279
vn 0.5556 -0.0000 -0.8315
vn 0.4044 0.6857 -0.6052
vn -0.3827 -0.0000 -0.9239
vn -0.2785 0.6857 -0.6725
vn -0.1951 -0.0000 0.9808
vn -0.1420 0.6857 0.7139
vn 0.7071 -0.0000 -0.7071
vn 0.5147 0.6857 -0.5147
vn -0.1951 -0.0000 -0.9808
vn -0.1420 0.6857 -0.7139
vn -0.3827 -0.0000 0.9239
vn -0.2785 0.6857 0.6725
vn 0.8315 -0.0000 -0.5556
vn 0.6052 0.6857 -0.4044
vn -0.5556 -0.0000 0.8315
vn -0.4044 0.6857 0.6052
vn 0.9239 -0.0000 -0.3827
vn 0.6725 0.6857 -0.2785
vn -0.7071 -0.0000 0.7071
vn -0.5147 0.6857 0.5147
vn 0.9808 -0.0000 -0.1951
vn 0.7139 0.6857 -0.1420
vn -0.8315 -0.0000 0.5556
vn -0.6052 0.6857 0.4044
vn 0.7279 0.6857 -0.0000
vn -0.9239 -0.0000 0.3827
vn -0.6725 0.6857 0.2785
vn 0.9808 -0.0000 0.1951
vn 0.7139 0.6857 0.1420
vn -0.9808 -0.0000 0.1951
vn -0.7139 0.6857 0.1420
vn 0.9239 -0.0000 0.3827
vn 0.6725 0.6857 0.2785
vn -0.7279 0.6857 -0.0000
vn 0.8315 -0.0000 0.5556
vn 0.6052 0.6857 0.4044
vn -0.9808 -0.0000 -0.1951
vn -0.7139 0.6857 -0.1420
vn 0.7071 -0.0000 0.7071
vn 0.5147 0.6857 0.5147
vn -0.9239 -0.0000 -0.3827
vn -0.6725 0.6857 -0.2785
vn 0.5556 -0.0000 0.8315
vn 0.4044 0.6857 0.6052
vn -0.6316 0.7298 0.2616
vn -0.6705 0.7298 0.1334
vn 0.6705 0.7298 0.1334
vn 0.6316 0.7299 0.2616
vn -0.6836 0.7298 -0.0000
vn 0.5684 0.7298 0.3798
vn -0.6705 0.7298 -0.1334
vn 0.4834 0.7298 0.4834
vn -0.6316 0.7299 -0.2616
vn 0.3798 0.7299 0.5684
vn -0.5684 0.7298 -0.3798
vn 0.2616 0.7298 0.6316
vn -0.0000 0.7298 -0.6836
vn 0.1334 0.7298 -0.6705
vn -0.4834 0.7298 -0.4834
vn 0.1334 0.7298 0.6705
vn 0.2616 0.7298 -0.6316
vn -0.3798 0.7299 -0.5684
vn -0.0000 0.7298 0.6836
vn 0.3798 0.7298 -0.5684
vn -0.2616 0.7298 -0.6316
vn -0.1334 0.7298 0.6705
vn 0.4834 0.7299 -0.4834
vn -0.1334 0.7298 -0.6705
vn -0.2616 0.7298 0.6316
vn 0.5684 0.7298 -0.3798
vn -0.3798 0.7298 0.5684
vn 0.6316 0.7298 -0.2616
vn -0.4834 0.7298 0.4834
vn 0.6705 0.7298 -0.1334
vn -0.5684 0.7298 0.3798
vn 0.6836 0.7298 -0.0000
vn -0.6725 0.6857 -0.2786
vn 0.2786 0.6857 0.6725
vn 0.2786 0.6857 -0.6725
vn -0.2786 0.6857 0.6725
vn 0.6725 0.6857 -0.2786
vn -0.6725 0.6857 0.2786
vn 0.6725 0.6857 0.2786
vn -0.4833 0.7299 -0.4834
vn -0.3799 0.7298 -0.5684
vn -0.2617 0.7298 -0.6316
vn 0.4834 0.7298 -0.4834
vn 0.6316 0.7298 -0.2617
vn -0.6316 0.7298 0.2617
vn 0.6316 0.7298 0.2616
vn 0.5684 0.7299 0.3798
vn 0.4834 0.7299 0.4834
vn -0.6316 0.7298 -0.2616
vn 0.3799 0.7298 0.5684
vn -0.5684 0.7299 -0.3798
vn 0.2617 0.7298 0.6316
vn -0.1418 0.6857 -0.7139
vn -0.4037 0.6859 0.6054
vn -0.5148 0.6856 0.5146
vn -0.6052 0.6857 0.4043
vn 0.5148 0.6856 0.5147
vn 0.4037 0.6859 0.6054
vn 0.1419 0.6857 -0.7139
vn -0.4037 0.6859 -0.6054
vn 0.4037 0.6859 -0.6054
vn -0.7518 -0.0000 -0.6593
vn -0.8660 -0.0000 -0.5000
vn -0.6304 0.6857 -0.3639
vn -0.5473 0.6857 -0.4799
vn -0.9659 -0.0000 0.2588
vn -0.8969 -0.0000 0.4423
vn -0.6528 0.6857 0.3219
vn -0.7031 0.6857 0.1884
vn 0.9469 -0.0000 0.3214
vn 0.9914 -0.0000 0.1305
vn 0.7217 0.6857 0.0950
vn 0.6893 0.6857 0.2340
vn -0.6088 -0.0000 -0.7933
vn -0.4431 0.6857 -0.5775
vn -0.9979 -0.0000 0.0654
vn -0.7263 0.6857 0.0476
vn 0.8660 -0.0000 0.5000
vn 0.6304 0.6857 0.3640
vn -0.4423 -0.0000 -0.8969
vn -0.3219 0.6857 -0.6528
vn -0.9914 -0.0000 -0.1305
vn -0.7217 0.6857 -0.0950
vn 0.7518 -0.0000 0.6593
vn 0.5472 0.6857 0.4799
vn -0.2588 -0.0000 -0.9659
vn -0.1884 0.6857 -0.7031
vn -0.9469 -0.0000 -0.3214
vn -0.6893 0.6857 -0.2340
vn 0.6088 -0.0000 0.7933
vn 0.4431 0.6857 0.5775
vn -0.0654 -0.0000 -0.9979
vn -0.0476 0.6857 -0.7263
vn 0.4423 -0.0000 0.8969
vn 0.3219 0.6857 0.6528
vn 0.1305 -0.0000 -0.9914
vn 0.0950 0.6857 -0.7217
vn 0.2588 -0.0000 0.9659
vn 0.1884 0.6857 0.7031
vn 0.3215 -0.0000 -0.9469
vn 0.2340 0.6857 -0.6893
vn 0.0654 -0.0000 0.9979
vn 0.0476 0.6857 0.7263
vn 0.5000 -0.0000 -0.8660
vn 0.3639 0.6857 -0.6304
vn -0.1305 -0.0000 0.9914
vn -0.0950 0.6857 0.7217
vn 0.6594 -0.0000 -0.7518
vn 0.4799 0.6857 -0.5472
vn -0.3215 -0.0000 0.9469
vn -0.2340 0.6857 0.6893
vn 0.7933 -0.0000 -0.6088
vn 0.5775 0.6857 -0.4431
vn -0.5000 -0.0000 0.8660
vn -0.3639 0.6857 0.6304
vn 0.8969 -0.0000 -0.4423
vn 0.6528 0.6857 -0.3219
vn -0.6593 -0.0000 0.7518
vn -0.4799 0.6857 0.5473
vn 0.9659 -0.0000 -0.2588
vn 0.7031 0.6857 -0.1884
vn -0.7934 -0.0000 0.6088
vn -0.5775 0.6857 0.4431
vn 0.9979 -0.0000 -0.0654
vn 0.7263 0.6857 -0.0476
vn -0.0892 0.7298 0.6778
vn -0.2197 0.7298 0.6473
vn 0.4508 0.7298 -0.5139
vn 0.5424 0.7298 -0.4161
vn -0.3418 0.7298 0.5920
vn 0.6131 0.7299 -0.3024
vn -0.4508 0.7298 0.5140
vn 0.6603 0.7299 -0.1769
vn -0.5424 0.7298 0.4161
vn 0.6821 0.7299 -0.0447
vn -0.6131 0.7298 0.3024
vn 0.6778 0.7298 0.0892
vn -0.5920 0.7298 -0.3418
vn -0.5140 0.7299 -0.4507
vn -0.6603 0.7298 0.1769
vn 0.6473 0.7299 0.2197
vn -0.4161 0.7299 -0.5423
vn -0.6821 0.7299 0.0447
vn 0.5920 0.7298 0.3418
vn -0.3023 0.7298 -0.6131
vn -0.6778 0.7298 -0.0892
vn 0.5140 0.7299 0.4507
vn -0.1769 0.7298 -0.6603
vn -0.6473 0.7299 -0.2197
vn 0.4162 0.7298 0.5423
vn -0.0447 0.7298 -0.6821
vn 0.3024 0.7298 0.6131
vn 0.0892 0.7298 -0.6778
vn 0.1769 0.7298 0.6603
vn 0.2198 0.7298 -0.6473
vn 0.0447 0.7298 0.6821
vn 0.3418 0.7298 -0.5920
vn -0.4799 0.6857 0.5472
vn -0.6528 0.6857 0.3220
vn 0.6304 0.6857 0.3639
vn 0.2339 0.6857 -0.6893
vn 0.6528 0.6857 -0.3220
vn -0.5139 0.7299 -0.4508
vn -0.6603 0.7298 0.1770
vn 0.6473 0.7298 0.2198
vn 0.5921 0.7298 0.3418
vn -0.3024 0.7298 -0.6131
vn -0.6778 0.7298 -0.0893
vn 0.5140 0.7298 0.4507
vn -0.1770 0.7298 -0.6603
vn -0.6473 0.7298 -0.2198
vn 0.4162 0.7298 0.5424
vn -0.0447 0.7298 -0.6822
vn 0.0894 0.7298 -0.6778
vn 0.0447 0.7298 0.6822
vn 0.3417 0.7299 -0.5920
vn -0.0893 0.7298 0.6778
vn 0.4508 0.7298 -0.5140
vn -0.2198 0.7298 0.6473
vn 0.6131 0.7298 -0.3024
vn -0.4507 0.7298 0.5140
vn 0.6603 0.7298 -0.1770
vn 0.6822 0.7298 -0.0448
vn -0.0478 0.6857 -0.7263
vn -0.6897 0.6853 -0.2338
vn 0.3220 0.6857 0.6528
vn 0.2338 0.6857 -0.6893
vn 0.0478 0.6857 0.7263
vn 0.4796 0.6858 -0.5474
vn -0.2338 0.6857 0.6893
vn 0.6533 0.6853 -0.3217
vn -0.4803 0.6856 0.5471
vn 0.7031 0.6857 -0.1883
vn 0.7267 0.6853 -0.0475
vn -0.6533 0.6853 0.3218
vn 0.7217 0.6856 0.0950
vn -0.5478 0.6854 -0.4797
vn -0.7030 0.6858 0.1884
vn 0.6302 0.6858 0.3640
vn -0.7217 0.6856 -0.0949
vn 0.5473 0.6857 0.4799
vn -0.9469 -0.0000 0.3214
vn -0.8660 -0.0000 0.5000
vn -0.6304 0.6857 0.3639
vn -0.6893 0.6857 0.2340
vn -0.2588 -0.0000 0.9659
vn -0.0654 -0.0000 0.9979
vn -0.0476 0.6857 0.7263
vn -0.1884 0.6857 0.7031
vn 0.7518 -0.0000 -0.6594
vn 0.6087 -0.0000 -0.7934
vn 0.4431 0.6857 -0.5775
vn 0.5472 0.6857 -0.4799
vn -0.9914 -0.0000 0.1305
vn -0.7217 0.6857 0.0950
vn -0.4423 -0.0000 0.8969
vn -0.3219 0.6857 0.6528
vn 0.8660 -0.0000 -0.5000
vn 0.6304 0.6857 -0.3639
vn -0.9979 -0.0000 -0.0654
vn -0.7263 0.6857 -0.0476
vn -0.6088 -0.0000 0.7934
vn -0.4431 0.6857 0.5775
vn 0.9469 -0.0000 -0.3215
vn 0.6893 0.6857 -0.2340
vn -0.9659 -0.0000 -0.2588
vn -0.7031 0.6857 -0.1884
vn -0.7518 -0.0000 0.6594
vn -0.5472 0.6857 0.4799
vn 0.9914 -0.0000 -0.1305
vn 0.7217 0.6857 -0.0950
vn -0.8969 -0.0000 -0.4423
vn -0.6528 0.6857 -0.3219
vn 0.9979 -0.0000 0.0654
vn 0.7263 0.6857 0.0476
vn -0.7933 -0.0000 -0.6088
vn -0.5775 0.6857 -0.4431
vn 0.9659 -0.0000 0.2588
vn 0.7031 0.6857 0.1884
vn -0.6593 -0.0000 -0.7519
vn -0.4800 0.6857 -0.5472
vn 0.8969 -0.0000 0.4423
vn 0.6528 0.6857 0.3219
vn -0.5000 -0.0000 -0.8660
vn -0.3640 0.6857 -0.6304
vn 0.7934 -0.0000 0.6087
vn 0.5775 0.6857 0.4431
vn -0.3214 -0.0000 -0.9469
vn -0.2340 0.6857 -0.6893
vn 0.6593 -0.0000 0.7519
vn 0.4799 0.6857 0.5473
vn -0.1305 -0.0000 -0.9914
vn -0.0950 0.6857 -0.7217
vn 0.5000 -0.0000 0.8660
vn 0.3640 0.6857 0.6304
vn 0.0654 -0.0000 -0.9979
vn 0.0476 0.6857 -0.7263
vn 0.3214 -0.0000 0.9469
vn 0.2340 0.6857 0.6893
vn 0.2588 -0.0000 -0.9659
vn 0.1884 0.6857 -0.7031
vn 0.1305 -0.0000 0.9914
vn 0.0950 0.6857 0.7217
vn 0.4423 -0.0000 -0.8969
vn 0.3219 0.6857 -0.6528
vn 0.5423 0.7298 0.4162
vn 0.4507 0.7299 0.5140
vn -0.2197 0.7299 -0.6473
vn -0.0892 0.7298 -0.6778
vn 0.3418 0.7298 0.5920
vn 0.0447 0.7298 -0.6821
vn 0.2197 0.7298 0.6473
vn 0.1769 0.7299 -0.6603
vn 0.0892 0.7298 0.6778
vn 0.3024 0.7298 -0.6131
vn -0.0447 0.7298 0.6821
vn 0.4162 0.7298 -0.5423
vn -0.5920 0.7298 0.3418
vn -0.6473 0.7299 0.2197
vn -0.1769 0.7298 0.6603
vn 0.5140 0.7299 -0.4507
vn -0.6778 0.7298 0.0892
vn -0.3024 0.7298 0.6131
vn 0.5920 0.7298 -0.3418
vn -0.6821 0.7298 -0.0447
vn -0.4161 0.7298 0.5423
vn 0.6473 0.7298 -0.2197
vn -0.6603 0.7298 -0.1769
vn -0.5140 0.7298 0.4507
vn 0.6778 0.7298 -0.0892
vn -0.6131 0.7299 -0.3023
vn 0.6821 0.7298 0.0447
vn -0.5423 0.7299 -0.4161
vn 0.6603 0.7298 0.1769
vn -0.4507 0.7298 -0.5140
vn 0.6131 0.7299 0.3024
vn -0.3418 0.7299 -0.5920
vn 0.3220 0.6857 -0.6528
vn 0.5473 0.6857 -0.4799
vn -0.7216 0.6857 0.0950
vn -0.5473 0.6857 0.4799
vn -0.4799 0.6857 -0.5473
vn 0.4800 0.6857 0.5472
vn -0.6473 0.7298 0.2198
vn -0.1770 0.7298 0.6603
vn 0.5140 0.7298 -0.4507
vn -0.6822 0.7298 -0.0448
vn -0.4162 0.7298 0.5424
vn 0.6473 0.7299 -0.2198
vn -0.6131 0.7298 -0.3023
vn -0.5423 0.7298 -0.4162
vn -0.4508 0.7298 -0.5140
vn -0.3419 0.7298 -0.5920
vn 0.5424 0.7298 0.4162
vn -0.2197 0.7298 -0.6473
vn 0.4508 0.7298 0.5139
vn 0.0447 0.7298 -0.6822
vn 0.1769 0.7298 -0.6603
vn -0.0448 0.7298 0.6822
vn -0.7031 0.6857 -0.1883
vn -0.6302 0.6858 0.3640
vn 0.7267 0.6853 0.0476
vn -0.5774 0.6857 -0.4432
vn 0.7031 0.6857 0.1883
vn 0.5775 0.6857 0.4432
vn 0.4806 0.6854 0.5470
vn 0.1883 0.6857 -0.7031
vn -0.0477 0.6857 0.7263
vn -0.1883 0.6857 0.7031
vn -0.3220 0.6857 0.6528
vn -0.7267 0.6853 -0.0476
vn -0.3798 0.7299 0.5684
vn 0.1333 0.7298 0.6705
vn -0.6705 0.7299 0.1334
vn 0.3798 0.7298 0.5684
vn -0.3798 0.7298 -0.5684
vn -0.5146 0.6857 0.5147
vn 0.1418 0.6857 0.7139
vn 0.5148 0.6856 -0.5147
vn -0.7280 0.6856 -0.0000
vn 0.6053 0.6857 0.4043
vn -0.1419 0.6857 0.7139
vn 0.5148 0.6856 0.5146
vn -0.1422 0.6857 -0.7139
vn 0.7519 -0.0000 0.6593
vn -0.7519 -0.0000 -0.6593
vn -0.5472 0.6857 -0.4799
vn -0.7933 -0.0000 0.6088
vn 0.6593 -0.0000 -0.7519
vn 0.4799 0.6857 -0.5473
vn 0.2197 0.7298 -0.6473
vn -0.5423 0.7298 0.4162
vn -0.6131 0.7299 0.3023
vn 0.4507 0.7298 -0.5140
vn -0.6603 0.7299 0.1769
vn 0.5423 0.7298 -0.4162
vn 0.5920 0.7299 0.3418
vn 0.5139 0.7299 0.4507
vn 0.6603 0.7298 -0.1769
vn -0.5920 0.7299 -0.3418
vn 0.6778 0.7299 0.0892
vn -0.5140 0.7298 -0.4507
vn 0.1770 0.7298 0.6603
vn 0.6473 0.7299 0.2198
vn -0.4162 0.7298 -0.5423
vn -0.3023 0.7299 -0.6131
vn 0.6892 0.6857 0.2340
vn -0.0951 0.6857 0.7217
vn -0.3640 0.6857 0.6304
vn 0.5140 0.7298 0.4508
vn 0.6822 0.7298 -0.0447
vn 0.6474 0.7298 0.2197
vn -0.4162 0.7298 -0.5424
vn 0.0448 0.7298 0.6822
vn -0.0891 0.7298 0.6778
vn -0.2197 0.7299 0.6473
vn -0.0448 0.7298 -0.6822
vn 0.5424 0.7298 -0.4162
vn -0.6822 0.7298 0.0447
vn -0.6778 0.7299 -0.0892
vn 0.6888 0.6861 0.2341
vn -0.4796 0.6858 0.5474
vn 0.2340 0.6857 -0.6892
vn -0.7267 0.6853 0.0476
vn -0.7217 0.6856 -0.0950
vn -0.6304 0.6857 -0.3640
vn 0.9469 -0.0000 -0.3214
vn 0.6304 0.6857 -0.3640
vn -0.7518 -0.0000 0.6593
vn -0.6304 0.6857 0.3640
vn 0.6088 -0.0000 -0.7933
vn 0.7518 -0.0000 -0.6593
vn 0.7934 -0.0000 0.6088
vn 0.6594 -0.0000 0.7518
vn 0.4799 0.6857 0.5472
vn 0.3639 0.6857 0.6304
vn -0.7934 -0.0000 -0.6087
vn -0.3639 0.6857 -0.6304
vn -0.5423 0.7299 -0.4162
vn -0.4507 0.7299 -0.5140
vn -0.3418 0.7298 -0.5920
vn -0.2198 0.7298 -0.6473
vn 0.0448 0.7298 -0.6821
vn 0.6473 0.7299 -0.2197
vn 0.1770 0.7298 -0.6603
vn -0.5140 0.7299 0.4507
vn 0.6778 0.7299 -0.0892
vn 0.6822 0.7298 0.0447
vn 0.4161 0.7299 -0.5424
vn -0.6473 0.7298 0.2197
vn 0.6603 0.7299 0.1769
vn 0.5423 0.7299 0.4162
vn 0.4507 0.7298 0.5140
vn -0.6131 0.7299 -0.3024
vn 0.6473 0.7298 -0.2198
vn -0.5139 0.7299 0.4507
vn 0.4162 0.7298 -0.5424
vn 0.5140 0.7298 -0.4508
vn -0.0447 0.7298 0.6822
vn 0.0448 0.7298 -0.6822
vn -0.4161 0.7299 0.5424
vn 0.7030 0.6858 0.1885
vn -0.7032 0.6856 -0.1884
vn 0.3638 0.6857 0.6304
vn -0.5775 0.6856 -0.4431
vn 0.6888 0.6861 -0.2341
vn -0.6303 0.6858 0.3640
vn -0.6897 0.6853 0.2338
vn -0.0172 0.9623 0.2716
vn 0.0856 0.9273 0.3643
vn 0.5697 0.8023 -0.1781
vn 0.4286 0.8503 -0.3055
vn -0.0391 -0.0986 0.9944
vn -0.1559 -0.1778 0.9716
vn 0.2383 -0.7159 0.6563
vn 0.3984 -0.6072 0.6875
vn 0.3075 0.5891 0.7473
vn 0.3048 0.4712 0.8277
vn 0.8712 0.1756 0.4584
vn 0.8746 0.3376 0.3480
vn -0.1319 0.9734 0.1874
vn 0.2710 0.8656 -0.4211
vn 0.0663 -0.0025 0.9978
vn 0.5432 -0.4752 0.6922
vn 0.2858 0.6973 0.6573
vn 0.8443 0.4866 0.2243
vn -0.2543 0.9603 0.1150
vn 0.1029 0.8476 -0.5205
vn 0.1566 0.1068 0.9819
vn 0.6672 -0.3249 0.6703
vn 0.2399 0.7924 0.5609
vn 0.7817 0.6169 0.0919
vn -0.3793 0.9235 0.0573
vn -0.0689 0.7971 -0.5999
vn 0.2280 0.2253 0.9472
vn 0.7655 -0.1621 0.6227
vn 0.1722 0.8700 0.4620
vn 0.6889 0.7235 -0.0440
vn -0.5025 0.8644 0.0162
vn -0.2382 0.7159 -0.6563
vn 0.2783 0.3483 0.8951
vn 0.8344 0.0069 0.5511
vn 0.0855 0.9274 0.3642
vn -0.6190 0.7853 -0.0064
vn -0.3983 0.6072 -0.6875
vn -0.0168 0.9623 0.2716
vn -0.7246 0.6891 -0.0096
vn -0.5432 0.4752 -0.6922
vn -0.1318 0.9734 0.1874
vn -0.8147 0.5798 0.0061
vn -0.6672 0.3249 -0.6703
vn -0.2540 0.9603 0.1151
vn 0.1031 0.8476 -0.5205
vn -0.8863 0.4614 0.0407
vn -0.7655 0.1621 -0.6227
vn -0.9364 0.3383 0.0929
vn -0.8344 -0.0069 -0.5511
vn -0.5024 0.8645 0.0164
vn -0.9633 0.2155 0.1603
vn -0.8712 -0.1756 -0.4584
vn -0.6191 0.7853 -0.0064
vn -0.3984 0.6072 -0.6875
vn -0.9657 0.0976 0.2407
vn -0.8746 -0.3376 -0.3480
vn -0.7246 0.6891 -0.0097
vn -0.9436 -0.0108 0.3310
vn -0.8443 -0.4866 -0.2243
vn -0.8147 0.5798 0.0060
vn -0.8980 -0.1057 0.4270
vn -0.7816 -0.6169 -0.0919
vn -0.8863 0.4614 0.0409
vn -0.8306 -0.1834 0.5257
vn -0.6889 -0.7235 0.0440
vn -0.9364 0.3383 0.0928
vn -0.7437 -0.2407 0.6237
vn -0.5697 -0.8023 0.1782
vn -0.9633 0.2156 0.1601
vn -0.8712 -0.1756 -0.4583
vn -0.6410 -0.2756 0.7164
vn -0.4286 -0.8503 0.3055
vn -0.5263 -0.2867 0.8005
vn -0.2710 -0.8656 0.4211
vn -0.9437 -0.0108 0.3308
vn -0.8443 -0.4867 -0.2243
vn -0.4041 -0.2738 0.8728
vn -0.1030 -0.8476 0.5205
vn -0.7816 -0.6170 -0.0919
vn -0.2789 -0.2369 0.9307
vn 0.0689 -0.7971 0.5999
vn -0.8306 -0.1833 0.5259
vn -0.6888 -0.7236 0.0440
vn -0.1556 -0.1779 0.9717
vn 0.2382 -0.7159 0.6563
vn 0.3048 0.4713 0.8276
vn 0.8712 0.1756 0.4583
vn -0.5696 -0.8024 0.1782
vn -0.0391 -0.0987 0.9944
vn -0.6410 -0.2756 0.7163
vn 0.0664 -0.0026 0.9978
vn 0.2856 0.6975 0.6572
vn -0.4045 -0.2736 0.8727
vn 0.2284 0.2253 0.9471
vn 0.1722 0.8701 0.4618
vn 0.6889 0.7235 -0.0439
vn 0.0172 0.9623 0.2715
vn -0.4286 0.8503 -0.3055
vn -0.5697 0.8023 -0.1782
vn -0.0856 0.9274 0.3643
vn 0.0391 -0.0987 0.9944
vn -0.3984 -0.6072 0.6874
vn -0.2383 -0.7159 0.6563
vn 0.1557 -0.1777 0.9717
vn -0.3076 0.5891 0.7473
vn -0.8746 0.3376 0.3480
vn -0.8712 0.1756 0.4583
vn -0.3047 0.4715 0.8276
vn 0.1318 0.9734 0.1874
vn -0.2709 0.8656 -0.4211
vn -0.0665 -0.0026 0.9978
vn -0.5432 -0.4752 0.6922
vn -0.2856 0.6975 0.6572
vn -0.8443 0.4866 0.2243
vn 0.2542 0.9603 0.1150
vn -0.1030 0.8476 -0.5205
vn -0.1566 0.1068 0.9819
vn -0.6672 -0.3249 0.6703
vn -0.2399 0.7924 0.5609
vn -0.7816 0.6169 0.0919
vn 0.3793 0.9235 0.0572
vn 0.0689 0.7971 -0.5999
vn -0.2281 0.2253 0.9472
vn -0.7655 -0.1621 0.6227
vn -0.1722 0.8700 0.4620
vn -0.6889 0.7235 -0.0440
vn 0.5027 0.8643 0.0161
vn 0.2382 0.7159 -0.6563
vn -0.2783 0.3483 0.8951
vn -0.8344 0.0069 0.5511
vn -0.0856 0.9273 0.3643
vn 0.6191 0.7853 -0.0065
vn 0.3984 0.6072 -0.6875
vn 0.0170 0.9623 0.2715
vn -0.4285 0.8503 -0.3055
vn 0.7245 0.6892 -0.0095
vn 0.5433 0.4752 -0.6922
vn 0.1318 0.9734 0.1875
vn 0.8147 0.5798 0.0061
vn 0.6672 0.3249 -0.6703
vn 0.2543 0.9602 0.1151
vn 0.8863 0.4614 0.0409
vn 0.7655 0.1621 -0.6226
vn 0.3793 0.9235 0.0573
vn 0.9364 0.3384 0.0929
vn 0.8344 -0.0069 -0.5511
vn 0.5025 0.8644 0.0163
vn 0.2383 0.7159 -0.6563
vn 0.9633 0.2154 0.1605
vn 0.8712 -0.1756 -0.4584
vn 0.6191 0.7853 -0.0064
vn 0.3984 0.6072 -0.6874
vn 0.9657 0.0976 0.2407
vn 0.8746 -0.3376 -0.3480
vn 0.7245 0.6892 -0.0098
vn 0.9436 -0.0108 0.3310
vn 0.8443 -0.4866 -0.2243
vn 0.8981 -0.1058 0.4270
vn 0.7816 -0.6169 -0.0919
vn 0.8863 0.4613 0.0409
vn 0.8304 -0.1832 0.5262
vn 0.6889 -0.7235 0.0439
vn 0.9364 0.3383 0.0928
vn 0.7437 -0.2407 0.6236
vn 0.5697 -0.8023 0.1782
vn 0.9633 0.2155 0.1603
vn 0.6409 -0.2756 0.7165
vn 0.4285 -0.8503 0.3055
vn 0.9657 0.0976 0.2406
vn 0.5264 -0.2867 0.8005
vn 0.2710 -0.8656 0.4211
vn 0.9435 -0.0108 0.3311
vn 0.4038 -0.2738 0.8729
vn 0.1030 -0.8476 0.5205
vn 0.8980 -0.1057 0.4270
vn 0.7816 -0.6170 -0.0919
vn 0.2789 -0.2369 0.9307
vn -0.0690 -0.7971 0.5999
vn 0.8304 -0.1830 0.5262
vn 0.6889 -0.7236 0.0440
vn -0.3052 0.4714 0.8274
vn -0.8712 0.1756 0.4584
vn 0.5697 -0.8023 0.1781
vn 0.0391 -0.0986 0.9944
vn -0.3984 -0.6072 0.6875
vn -0.3075 0.5891 0.7473
vn 0.6411 -0.2755 0.7163
vn 0.4286 -0.8503 0.3055
vn -0.0665 -0.0027 0.9978
vn -0.2856 0.6976 0.6571
vn 0.5263 -0.2867 0.8005
vn -0.6671 -0.3249 0.6703
vn 0.4041 -0.2738 0.8728
vn -0.2282 0.2254 0.9472
vn -0.1724 0.8699 0.4620
vn -0.6889 0.7235 -0.0439
s 1
f 1//1 2//2 3//3
f 3//3 4//4 1//1
f 2//2 1//1 5//5
f 5//5 6//6 2//2
f 2//2 7//7 8//8
f 8//8 3//3 2//2
f 4//4 3//3 9//9
f 9//9 10//10 4//4
f 7//7 2//2 6//6
f 6//6 11//11 7//7
f 12//12 1//1 4//4
f 4//4 13//13 12//12
f 13//13 4//4 10//10
f 10//10 14//14 15//15
f 10//10 15//15 13//13
f 16//16 11//11 6//6
f 6//6 5//5 17//17
f 17//17 18//18 19//19
f 19//19 20//20 16//16
f 16//16 6//6 17//17
f 17//17 19//19 16//16
f 13//13 21//21 22//22
f 22//22 12//12 13//13
f 3//3 8//8 23//23
f 23//23 9//9 3//3
f 24//24 8//8 7//7
f 7//7 25//25 24//24
f 14//14 10//10 26//26
f 9//9 27//27 26//26
f 26//26 10//10 9//9
f 12//12 28//28 17//17
f 17//17 5//5 1//1
f 17//17 1//1 12//12
f 21//21 13//13 15//15
f 15//15 29//29 30//30
f 30//30 31//31 21//21
f 15//15 30//30 21//21
f 8//8 24//24 32//32
f 32//32 23//23 8//8
f 33//33 24//24 25//25
f 25//25 34//34 33//33
f 25//25 7//7 11//11
f 11//11 16//16 25//25
f 27//27 9//9 23//23
f 35//35 36//36 37//37
f 37//37 38//35 35//35
f 16//16 20//20 34//34
f 34//34 25//25 16//16
f 18//18 17//17 28//28
f 28//28 39//38 18//18
f 40//39 29//29 15//15
f 15//15 14//14 26//26
f 15//15 26//26 40//39
f 24//24 33//33 41//40
f 41//40 42//41 32//32
f 41//40 32//32 24//24
f 43//42 33//33 34//34
f 34//34 44//43 43//42
f 27//27 23//23 32//32
f 45//35 46//44 36//36
f 36//36 35//35 45//35
f 38//35 37//37 47//45
f 47//45 48//35 38//35
f 36//36 49//46 50//47
f 50//47 37//37 36//36
f 22//22 51//48 52//49
f 52//49 53//50 28//28
f 28//28 12//12 22//22
f 52//49 28//28 22//22
f 54//51 55//52 22//22
f 22//22 21//21 54//51
f 56//53 51//48 22//22
f 22//22 55//52 57//54
f 22//22 57//54 56//53
f 29//29 40//39 58//55
f 58//55 30//30 29//29
f 59//56 60//57 18//18
f 18//18 39//38 59//56
f 39//38 28//28 53//50
f 33//33 43//42 61//58
f 61//58 62//59 33//33
f 63//60 43//42 44//43
f 44//43 64//61 63//60
f 34//34 65//62 66//63
f 66//63 44//43 34//34
f 20//20 19//19 34//34
f 27//27 32//32 42//41
f 67//35 68//64 46//44
f 46//44 45//35 67//35
f 69//65 27//27 70//66
f 70//66 71//67 69//65
f 46//44 72//68 49//46
f 49//46 36//36 46//44
f 48//35 47//45 73//69
f 73//69 74//35 48//35
f 37//37 50//47 75//70
f 75//70 47//45 37//37
f 49//46 76//71 77//72
f 77//72 50//47 49//46
f 60//57 65//62 19//19
f 19//19 18//18 60//57
f 78//73 52//49 79//74
f 55//52 54//51 80//75
f 80//75 81//76 55//52
f 54//51 21//21 31//31
f 31//31 82//77 83//78
f 31//31 83//78 54//51
f 82//77 31//31 30//30
f 30//30 58//55 84//79
f 30//30 84//79 82//77
f 60//57 59//56 85//80
f 85//80 86//81 87//82
f 85//80 87//82 60//57
f 88//83 39//38 89//84
f 42//41 41//40 90//85
f 90//85 91//86 92//87
f 90//85 92//87 42//41
f 41//40 33//33 93//88
f 93//88 94//89 41//40
f 93//88 33//33 62//59
f 63//60 95//90 61//58
f 61//58 43//42 63//60
f 96//91 63//60 64//61
f 64//61 97//92 96//91
f 64//61 44//43 66//63
f 66//63 98//93 64//61
f 65//62 34//34 19//19
f 27//27 42//41 92//87
f 92//87 99//94 27//27
f 100//35 101//95 68//64
f 68//64 67//35 100//35
f 102//96 69//65 103//97
f 103//97 104//98 102//96
f 68//64 105//99 72//68
f 72//68 46//44 68//64
f 106//100 69//65 71//67
f 72//68 107//101 76//71
f 76//71 49//46 72//68
f 74//35 73//69 108//102
f 108//102 109//35 74//35
f 47//45 75//70 110//103
f 110//103 73//69 47//45
f 50//47 77//72 111//104
f 111//104 75//70 50//47
f 76//71 112//105 113//106
f 113//106 77//72 76//71
f 66//63 65//62 60//57
f 60//57 87//82 114//107
f 114//107 115//108 98//93
f 98//93 66//63 60//57
f 60//57 114//107 98//93
f 116//109 51//48 56//53
f 56//53 117//110 116//109
f 118//111 57//54 55//52
f 55//52 81//76 119//112
f 55//52 119//112 118//111
f 56//53 120//113 121//114
f 57//54 122//115 56//53
f 123//116 85//80 124//117
f 90//85 41//40 94//89
f 94//89 125//118 90//85
f 126//119 62//59 61//58
f 61//58 127//120 126//119
f 62//59 126//119 125//118
f 125//118 93//88 62//59
f 96//91 128//121 95//90
f 95//90 63//60 96//91
f 129//122 96//91 97//92
f 97//92 130//123 129//122
f 97//92 64//61 98//93
f 98//93 115//108 97//92
f 27//27 99//94 131//124
f 132//35 133//125 101//95
f 101//95 100//35 132//35
f 102//96 134//126 135//127
f 135//127 136//128 102//96
f 101//95 137//129 105//99
f 105//99 68//64 101//95
f 102//96 104//98 138//130
f 105//99 139//131 107//101
f 107//101 72//68 105//99
f 103//97 69//65 106//100
f 140//132 106//100 71//67
f 71//67 70//66 141//133
f 71//67 141//133 140//132
f 142//134 70//66 27//27
f 107//101 143//135 112//105
f 112//105 76//71 107//101
f 109//35 108//102 144//136
f 144//136 145//35 109//35
f 73//69 110//103 146//137
f 146//137 108//102 73//69
f 75//70 111//104 147//138
f 147//138 110//103 75//70
f 77//72 113//106 148//139
f 148//139 111//104 77//72
f 112//105 149//140 150//141
f 150//141 113//106 112//105
f 54//51 83//78 151//142
f 151//142 152//143 80//75
f 151//142 80//75 54//51
f 151//142 83//78 82//77
f 82//77 84//79 153//144
f 82//77 153//144 151//142
f 81//76 80//75 154//145
f 154//145 155//146 81//76
f 122//115 156//147 157//148
f 57//54 118//111 158//149
f 158//149 122//115 57//54
f 130//123 114//107 87//82
f 87//82 86//81 159//150
f 87//82 159//150 130//123
f 159//150 86//81 85//80
f 85//80 160//151 161//152
f 85//80 161//152 159//150
f 162//153 163//154 164//155
f 90//85 165//156 91//86
f 126//119 166//157 90//85
f 90//85 125//118 126//119
f 93//88 125//118 94//89
f 95//90 127//120 61//58
f 127//120 167//158 166//157
f 166//157 126//119 127//120
f 128//121 127//120 95//90
f 128//121 96//91 129//122
f 129//122 168//159 128//121
f 169//160 129//122 130//123
f 130//123 159//150 169//160
f 115//108 114//107 130//123
f 130//123 97//92 115//108
f 27//27 131//124 142//134
f 99//94 170//161 171//162
f 171//162 131//124 99//94
f 92//87 172//163 170//161
f 170//161 99//94 92//87
f 173//35 174//164 133//125
f 133//125 132//35 173//35
f 175//165 176//166 136//128
f 136//128 177//167 175//165
f 133//125 178//168 137//129
f 137//129 101//95 133//125
f 134//126 102//96 179//169
f 136//128 135//127 180//170
f 134//126 181//171 182//172
f 182//172 135//127 134//126
f 137//129 183//173 139//131
f 139//131 105//99 137//129
f 179//169 102//96 138//130
f 184//174 179//169 138//130
f 138//130 104//98 185//175
f 138//130 185//175 184//174
f 103//97 186//176 185//175
f 185//175 104//98 103//97
f 139//131 187//177 143//135
f 143//135 107//101 139//131
f 106//100 140//132 186//176
f 186//176 103//97 106//100
f 142//134 188//178 141//133
f 141//133 70//66 142//134
f 143//135 189//179 149//140
f 149//140 112//105 143//135
f 145//35 144//136 190//180
f 190//180 191//35 145//35
f 108//102 146//137 192//181
f 192//181 144//136 108//102
f 110//103 147//138 193//182
f 193//182 146//137 110//103
f 111//104 148//139 194//183
f 194//183 147//138 111//104
f 113//106 150//141 195//184
f 195//184 148//139 113//106
f 149//140 196//185 197//186
f 197//186 150//141 149//140
f 81//76 155//146 198//187
f 198//187 119//112 81//76
f 158//149 118//111 119//112
f 119//112 198//187 199//188
f 199//188 200//189 201//190
f 201//190 202//191 158//149
f 158//149 119//112 199//188
f 199//188 201//190 158//149
f 203//192 204//193 205//194
f 206//195 207//196 122//115
f 122//115 158//149 206//195
f 161//152 160//151 162//153
f 162//153 208//197 209//198
f 162//153 209//198 161//152
f 90//85 210//199 165//156
f 166//157 211//200 212//201
f 212//201 90//85 166//157
f 127//120 213//202 214//203
f 214//203 167//158 127//120
f 167//158 215//204 211//200
f 211//200 166//157 167//158
f 127//120 128//121 168//159
f 129//122 169//160 216//205
f 216//205 217//206 168//159
f 216//205 168//159 129//122
f 159//150 161//152 218//207
f 218//207 169//160 159//150
f 131//124 171//162 188//178
f 188//178 142//134 131//124
f 219//35 171//162 170//161
f 170//161 220//35 219//35
f 172//163 92//87 91//86
f 91//86 165//156 221//208
f 91//86 221//208 172//163
f 220//35 170//161 172//163
f 172//163 222//35 220//35
f 223//35 224//209 174//164
f 174//164 173//35 223//35
f 225//210 226//211 176//166
f 176//166 227//212 225//210
f 174//164 228//213 178//168
f 178//168 133//125 174//164
f 176//166 175//165 229//214
f 177//167 230//215 231//216
f 231//216 175//165 177//167
f 177//167 136//128 180//170
f 178//168 232//217 183//173
f 183//173 137//129 178//168
f 179//169 184//174 181//171
f 181//171 134//126 179//169
f 177//167 180//170 135//127
f 135//127 182//172 230//215
f 135//127 230//215 177//167
f 233//35 182//172 181//171
f 181//171 234//35 233//35
f 183//173 235//218 187//177
f 187//177 139//131 183//173
f 185//175 186//176 236//35
f 236//35 234//35 185//175
f 187//177 237//219 189//179
f 189//179 143//135 187//177
f 236//35 186//176 140//132
f 140//132 238//35 236//35
f 239//35 141//133 188//178
f 188//178 240//35 239//35
f 189//179 241//220 196//185
f 196//185 149//140 189//179
f 152//143 151//142 153//144
f 153//144 242//221 152//143
f 191//35 190//180 243//222
f 243//222 244//35 191//35
f 144//136 192//181 245//223
f 245//223 190//180 144//136
f 146//137 193//182 246//224
f 246//224 192//181 146//137
f 147//138 194//183 247//225
f 247//225 193//182 147//138
f 148//139 195//184 248//226
f 248//226 194//183 148//139
f 150//141 197//186 249//227
f 249//227 195//184 150//141
f 196//185 250//228 251//229
f 251//229 197//186 196//185
f 154//145 80//75 152//143
f 152//143 252//230 154//145
f 253//231 254//232 155//146
f 155//146 154//145 253//231
f 255//233 206//195 158//149
f 158//149 202//191 255//233
f 90//85 256//234 210//199
f 210//199 257//235 221//208
f 221//208 165//156 210//199
f 258//236 259//237 90//85
f 90//85 212//201 258//236
f 211//200 260//238 261//239
f 261//239 212//201 211//200
f 262//240 263//241 213//202
f 213//202 127//120 262//240
f 167//158 214//203 264//242
f 264//242 215//204 167//158
f 263//241 265//243 214//203
f 214//203 213//202 263//241
f 215//204 266//244 260//238
f 260//238 211//200 215//204
f 217//206 267//245 127//120
f 127//120 168//159 217//206
f 216//205 267//245 217//206
f 240//35 188//178 171//162
f 171//162 219//35 240//35
f 268//35 219//35 220//35
f 220//35 269//35 268//35
f 269//35 220//35 222//35
f 222//35 270//35 269//35
f 222//35 172//163 221//208
f 221//208 271//35 222//35
f 272//35 273//246 224//209
f 224//209 223//35 272//35
f 274//247 275//248 276//249
f 276//249 226//211 274//247
f 224//209 277//250 228//213
f 228//213 174//164 224//209
f 225//210 278//251 226//211
f 176//166 279//252 227//212
f 228//213 280//253 232//217
f 232//217 178//168 228//213
f 176//166 229//214 281//254
f 175//165 231//216 282//255
f 282//255 229//214 175//165
f 230//215 182//172 233//35
f 233//35 231//216 230//215
f 232//217 283//256 235//218
f 235//218 183//173 232//217
f 181//171 184//174 185//175
f 185//175 234//35 181//171
f 233//35 234//35 236//35
f 236//35 284//35 233//35
f 235//218 285//257 237//219
f 237//219 187//177 235//218
f 237//219 286//258 241//220
f 241//220 189//179 237//219
f 284//35 236//35 238//35
f 238//35 287//35 284//35
f 238//35 140//132 141//133
f 141//133 239//35 238//35
f 288//35 239//35 240//35
f 240//35 289//35 288//35
f 241//220 290//259 250//228
f 250//228 196//185 241//220
f 152//143 242//221 252//230
f 244//35 243//222 291//260
f 291//260 292//35 244//35
f 190//180 245//223 293//261
f 293//261 243//222 190//180
f 192//181 246//224 294//262
f 294//262 245//223 192//181
f 193//182 247//225 295//263
f 295//263 246//224 193//182
f 194//183 248//226 296//264
f 296//264 247//225 194//183
f 195//184 249//227 297//265
f 297//265 248//226 195//184
f 197//186 251//229 298//266
f 298//266 249//227 197//186
f 250//228 299//185 300//186
f 300//186 251//229 250//228
f 301//267 302//268 254//232
f 254//232 253//231 301//267
f 253//231 154//145 252//230
f 252//230 303//269 253//231
f 155//146 254//232 199//188
f 199//188 198//187 155//146
f 304//270 305//271 306//272
f 306//272 307//273 204//193
f 306//272 204//193 304//270
f 206//195 308//274 305//271
f 305//271 304//270 207//196
f 305//271 207//196 206//195
f 308//274 206//195 255//233
f 255//233 309//275 310//276
f 310//276 311//277 312//278
f 312//278 308//274 255//233
f 255//233 310//276 312//278
f 313//279 255//233 202//191
f 313//279 202//191 201//190
f 161//152 209//198 314//280
f 314//280 218//207 161//152
f 90//85 259//237 256//234
f 256//234 315//281 257//235
f 257//235 210//199 256//234
f 271//35 221//208 257//235
f 257//235 316//35 271//35
f 258//236 315//281 259//237
f 317//282 258//236 212//201
f 212//201 261//239 318//283
f 318//283 319//284 212//201
f 260//238 320//285 321//286
f 321//286 261//239 260//238
f 322//287 265//243 263//241
f 263//241 262//240 322//287
f 323//288 262//240 127//120
f 127//120 267//245 323//288
f 215//204 264//242 324//289
f 324//289 266//244 215//204
f 265//243 325//290 264//242
f 264//242 214//203 265//243
f 260//238 266//244 326//291
f 326//291 327//292 260//238
f 328//293 216//205 169//160
f 169//160 218//207 329//294
f 169//160 329//294 328//293
f 330//295 267//245 216//205
f 216//205 328//293 330//295
f 289//35 240//35 219//35
f 219//35 268//35 289//35
f 331//296 268//35 269//35
f 269//35 332//297 331//296
f 332//297 269//35 270//35
f 270//35 333//298 332//297
f 270//35 222//35 271//35
f 271//35 334//35 270//35
f 335//35 336//299 273//246
f 273//246 272//35 335//35
f 337//300 276//249 275//248
f 275//248 338//301 337//300
f 273//246 339//302 277//250
f 277//250 224//209 273//246
f 340//303 341//304 275//248
f 275//248 274//247 340//303
f 342//305 321//286 274//247
f 274//247 226//211 278//251
f 274//247 278//251 342//305
f 277//250 343//306 280//253
f 280//253 228//213 277//250
f 225//210 344//307 331//296
f 331//296 278//251 225//210
f 225//210 227//212 279//252
f 279//252 345//308 344//307
f 279//252 344//307 225//210
f 176//166 281//254 279//252
f 280//253 346//309 283//256
f 283//256 232//217 280//253
f 229//214 282//255 347//310
f 347//310 281//254 229//214
f 231//216 233//35 284//35
f 284//35 282//255 231//216
f 283//256 348//311 285//257
f 285//257 235//218 283//256
f 285//257 349//312 286//258
f 286//258 237//219 285//257
f 286//258 350//313 290//259
f 290//259 241//220 286//258
f 282//255 284//35 287//35
f 287//35 347//310 282//255
f 287//35 238//35 239//35
f 239//35 288//35 287//35
f 345//308 288//35 289//35
f 289//35 344//307 345//308
f 290//259 351//220 299//185
f 299//185 250//228 290//259
f 303//269 252//230 242//221
f 352//314 242//221 353//315
f 354//316 353//315 242//221
f 242//221 355//317 354//316
f 356//318 357//319 358//320
f 358//320 355//317 356//318
f 292//35 291//260 359//321
f 359//321 360//35 292//35
f 243//222 293//261 361//322
f 361//322 291//260 243//222
f 245//223 294//262 362//323
f 362//323 293//261 245//223
f 246//224 295//263 363//324
f 363//324 294//262 246//224
f 247//225 296//264 364//325
f 364//325 295//263 247//225
f 248//226 297//265 365//326
f 365//326 296//264 248//226
f 249//227 298//266 366//327
f 366//327 297//265 249//227
f 251//229 300//186 367//227
f 367//227 298//266 251//229
f 299//185 368//228 369//229
f 369//229 300//186 299//185
f 370//328 313//279 302//268
f 302//268 301//267 370//328
f 301//267 253//231 303//269
f 303//269 371//329 301//267
f 254//232 302//268 200//189
f 200//189 199//188 254//232
f 201//190 200//189 302//268
f 302//268 313//279 201//190
f 306//272 305//271 308//274
f 308//274 312//278 372//330
f 308//274 372//330 306//272
f 309//275 255//233 313//279
f 313//279 373//331 309//275
f 307//273 209//198 208//197
f 208//197 204//193 307//273
f 259//237 315//281 256//234
f 316//35 257//235 315//281
f 315//281 258//236 317//282
f 317//282 319//284 316//35
f 315//281 317//282 316//35
f 334//35 271//35 316//35
f 316//35 374//35 334//35
f 212//201 319//284 317//282
f 319//284 318//283 374//35
f 374//35 316//35 319//284
f 318//283 261//239 375//128
f 320//285 260//238 376//332
f 376//332 377//333 320//285
f 378//334 261//239 321//286
f 321//286 379//335 378//334
f 320//285 340//303 274//247
f 274//247 321//286 320//285
f 380//336 325//290 265//243
f 265//243 322//287 380//336
f 381//337 382//338 322//287
f 322//287 262//240 381//337
f 383//339 381//337 262//240
f 262//240 323//288 383//339
f 384//340 323//288 267//245
f 267//245 330//295 384//340
f 266//244 324//289 385//341
f 385//341 386//342 266//244
f 325//290 385//341 324//289
f 324//289 264//242 325//290
f 260//238 327//292 387//343
f 327//292 326//291 388//344
f 388//344 389//345 327//292
f 266//244 390//346 391//347
f 391//347 326//291 266//244
f 329//294 330//295 328//293
f 344//307 289//35 268//35
f 268//35 331//296 344//307
f 331//296 332//297 392//348
f 392//348 342//305 278//251
f 392//348 278//251 331//296
f 392//348 332//297 333//298
f 333//298 393//349 392//348
f 333//298 270//35 334//35
f 334//35 394//350 333//298
f 395//35 396//351 336//299
f 336//299 335//35 395//35
f 336//299 397//352 339//302
f 339//302 273//246 336//299
f 337//300 338//301 398//353
f 398//353 399//354 400//355
f 398//353 400//355 337//300
f 339//302 401//356 343//306
f 343//306 277//250 339//302
f 340//303 402//357 403//358
f 403//358 341//304 340//303
f 404//359 338//301 275//248
f 275//248 341//304 405//360
f 275//248 405//360 404//359
f 343//306 406//361 346//309
f 346//309 280//253 343//306
f 281//254 347//310 345//308
f 345//308 279//252 281//254
f 346//309 407//362 348//311
f 348//311 283//256 346//309
f 348//311 408//363 349//312
f 349//312 285//257 348//311
f 349//312 409//364 350//313
f 350//313 286//258 349//312
f 350//313 410//258 351//220
f 351//220 290//259 350//313
f 347//310 287//35 288//35
f 288//35 345//308 347//310
f 351//220 411//365 368//228
f 368//228 299//185 351//220
f 371//329 303//269 242//221
f 412//366 242//221 352//314
f 353//315 413//367 414//368
f 414//368 352//314 353//315
f 353//315 354//316 415//369
f 415//369 416//370 413//367
f 415//369 413//367 353//315
f 355//317 415//369 354//316
f 357//319 356//318 417//371
f 418//372 419//373 420//374
f 420//374 356//318 418//372
f 360//35 359//321 421//375
f 421//375 422//35 360//35
f 291//260 361//322 423//376
f 423//376 359//321 291//260
f 293//261 362//323 424//377
f 424//377 361//322 293//261
f 294//262 363//324 425//378
f 425//378 362//323 294//262
f 295//263 364//325 426//379
f 426//379 363//324 295//263
f 296//264 365//326 427//380
f 427//380 364//325 296//264
f 297//265 366//327 428//381
f 428//381 365//326 297//265
f 298//266 367//227 429//265
f 429//265 366//327 298//266
f 300//186 369//229 430//266
f 430//266 367//227 300//186
f 368//228 431//185 432//186
f 432//186 369//229 368//228
f 433//382 373//331 313//279
f 313//279 370//328 433//382
f 370//328 301//267 371//329
f 371//329 434//383 435//384
f 371//329 435//384 370//328
f 436//385 306//272 372//330
f 372//330 437//386 436//385
f 314//280 209//198 307//273
f 307//273 438//387 314//280
f 334//35 374//35 439//388
f 439//388 378//334 394//350
f 439//388 394//350 334//35
f 439//388 374//35 318//283
f 318//283 375//128 439//388
f 261//239 439//388 375//128
f 377//333 440//389 320//285
f 260//238 387//343 376//332
f 439//388 261//239 378//334
f 379//335 394//350 378//334
f 379//335 321//286 393//349
f 441//390 340//303 320//285
f 320//285 442//391 441//390
f 386//342 385//341 325//290
f 325//290 380//336 386//342
f 382//338 443//392 380//336
f 380//336 322//287 382//338
f 444//393 445//394 382//338
f 382//338 381//337 444//393
f 446//395 444//393 381//337
f 381//337 383//339 446//395
f 447//396 383//339 323//288
f 323//288 384//340 447//396
f 448//397 384//340 330//295
f 330//295 449//398 448//397
f 386//342 450//399 390//346
f 390//346 266//244 386//342
f 390//346 451//400 391//347
f 449//398 330//295 329//294
f 329//294 452//401 449//398
f 393//349 321//286 392//348
f 393//349 333//298 394//350
f 394//350 379//335 393//349
f 453//35 454//402 396//351
f 396//351 395//35 453//35
f 455//403 400//355 399//354
f 399//354 456//404 455//403
f 396//351 457//405 397//352
f 397//352 336//299 396//351
f 397//352 458//406 401//356
f 401//356 339//302 397//352
f 338//301 459//407 398//353
f 401//356 460//408 406//361
f 406//361 343//306 401//356
f 340//303 441//390 402//357
f 461//409 341//304 403//358
f 392//348 321//286 342//305
f 406//361 462//410 407//362
f 407//362 346//309 406//361
f 407//362 463//411 408//363
f 408//363 348//311 407//362
f 408//363 464//412 409//364
f 409//364 349//312 408//363
f 409//364 465//312 410//258
f 410//258 350//313 409//364
f 410//258 466//313 411//365
f 411//365 351//220 410//258
f 411//365 467//220 431//185
f 431//185 368//228 411//365
f 434//383 371//329 242//221
f 412//366 468//413 242//221
f 352//314 414//368 469//414
f 469//414 412//366 352//314
f 413//367 470//35 471//35
f 471//35 414//368 413//367
f 355//317 358//320 415//369
f 357//319 472//415 473//416
f 473//416 358//320 357//319
f 356//318 474//417 417//371
f 419//373 418//372 475//418
f 356//318 420//374 474//417
f 419//373 476//419 477//420
f 477//420 420//374 419//373
f 422//35 421//375 478//421
f 478//421 479//35 422//35
f 359//321 423//376 480//422
f 480//422 421//375 359//321
f 361//322 424//377 481//423
f 481//423 423//376 361//322
f 362//323 425//378 482//424
f 482//424 424//377 362//323
f 363//324 426//379 483//425
f 483//425 425//378 363//324
f 364//325 427//380 484//426
f 484//426 426//379 364//325
f 365//326 428//381 485//427
f 485//427 427//380 365//326
f 366//327 429//265 486//326
f 486//326 428//381 366//327
f 367//227 430//266 487//327
f 487//327 429//265 367//227
f 369//229 432//186 488//227
f 488//227 430//266 369//229
f 431//185 489//228 490//229
f 490//229 432//186 431//185
f 491//428 492//429 373//331
f 373//331 433//382 491//428
f 493//430 436//385 437//386
f 437//386 494//431 495//432
f 437//386 495//432 493//430
f 437//386 372//330 496//433
f 496//433 497//434 437//386
f 496//433 372//330 312//278
f 312//278 311//277 496//433
f 438//387 307//273 306//272
f 306//272 436//385 438//387
f 310//276 309//275 373//331
f 373//331 492//429 310//276
f 314//280 498//435 452//401
f 452//401 329//294 218//207
f 452//401 218//207 314//280
f 314//280 438//387 499//436
f 499//436 498//435 314//280
f 440//389 442//391 320//285
f 440//389 377//333 376//332
f 376//332 500//437 501//438
f 376//332 501//438 440//389
f 387//343 502//439 500//437
f 500//437 376//332 387//343
f 441//390 442//391 503//440
f 503//440 504//441 441//390
f 443//392 505//442 386//342
f 386//342 380//336 443//392
f 445//394 506//443 443//392
f 443//392 382//338 445//394
f 507//444 508//445 445//394
f 445//394 444//393 507//444
f 509//446 507//444 444//393
f 444//393 446//395 509//446
f 510//447 446//395 383//339
f 383//339 447//396 510//447
f 511//448 447//396 384//340
f 384//340 448//397 511//448
f 449//398 512//449 513//450
f 513//450 448//397 449//398
f 505//442 514//451 450//399
f 450//399 386//342 505//442
f 502//439 387//343 327//292
f 327//292 389//345 502//439
f 515//452 502//439 389//345
f 389//345 388//344 515//452
f 326//291 391//347 451//400
f 451//400 515//452 388//344
f 451//400 388//344 326//291
f 390//346 516//453 451//400
f 498//435 449//398 452//401
f 517//35 518//454 454//402
f 454//402 453//35 517//35
f 454//402 519//455 457//405
f 457//405 396//351 454//402
f 456//404 520//456 521//457
f 521//457 455//403 456//404
f 457//405 522//458 458//406
f 458//406 397//352 457//405
f 456//404 399//354 523//459
f 523//459 524//460 456//404
f 458//406 525//461 460//408
f 460//408 401//356 458//406
f 526//462 523//459 459//407
f 459//407 404//359 405//360
f 459//407 405//360 526//462
f 460//408 527//463 462//410
f 462//410 406//361 460//408
f 341//304 461//409 528//464
f 504//441 529//465 403//358
f 403//358 402//357 441//390
f 403//358 441//390 504//441
f 530//466 531//467 405//360
f 405//360 341//304 530//466
f 462//410 532//468 463//411
f 463//411 407//362 462//410
f 463//411 533//469 464//412
f 464//412 408//363 463//411
f 464//412 534//363 465//312
f 465//312 409//364 464//412
f 465//312 535//364 466//313
f 466//313 410//258 465//312
f 466//313 536//258 467//220
f 467//220 411//365 466//313
f 467//220 537//259 489//228
f 489//228 431//185 467//220
f 538//470 434//383 242//221
f 242//221 468//413 538//470
f 412//366 469//414 539//471
f 539//471 468//413 412//366
f 414//368 471//35 540//35
f 540//35 469//414 414//368
f 416//370 541//35 470//35
f 470//35 413//367 416//370
f 470//35 542//35 543//35
f 543//35 471//35 470//35
f 358//320 473//416 416//370
f 416//370 415//369 358//320
f 474//417 544//472 472//415
f 472//415 357//319 417//371
f 472//415 417//371 474//417
f 419//373 475//418 545//473
f 545//473 546//474 476//419
f 545//473 476//419 419//373
f 418//372 545//473 475//418
f 420//374 477//420 544//472
f 544//472 474//417 420//374
f 547//475 545//473 418//372
f 418//372 548//476 547//475
f 479//35 478//421 549//477
f 549//477 550//35 479//35
f 421//375 480//422 551//478
f 551//478 478//421 421//375
f 423//376 481//423 552//479
f 552//479 480//422 423//376
f 424//377 482//424 553//480
f 553//480 481//423 424//377
f 425//378 483//425 554//481
f 554//481 482//424 425//378
f 426//379 484//426 555//482
f 555//482 483//425 426//379
f 427//380 485//427 556//483
f 556//483 484//426 427//380
f 428//381 486//326 557//380
f 557//380 485//427 428//381
f 429//265 487//327 558//381
f 558//381 486//326 429//265
f 430//266 488//227 559//484
f 559//484 487//327 430//266
f 432//186 490//229 560//266
f 560//266 488//227 432//186
f 489//228 561//185 562//186
f 562//186 490//229 489//228
f 491//428 497//434 496//433
f 496//433 492//429 491//428
f 563//485 433//382 370//328
f 370//328 564//486 563//485
f 564//486 370//328 565//487
f 436//385 493//430 566//488
f 566//488 499//436 438//387
f 566//488 438//387 436//385
f 567//489 493//430 495//432
f 494//431 568//490 567//489
f 567//489 495//432 494//431
f 492//429 496//433 311//277
f 311//277 310//276 492//429
f 506//443 569//491 505//442
f 505//442 443//392 506//443
f 508//445 570//492 506//443
f 506//443 445//394 508//445
f 571//493 572//494 508//445
f 508//445 507//444 571//493
f 573//495 571//493 507//444
f 507//444 509//446 573//495
f 574//496 509//446 446//395
f 446//395 510//447 574//496
f 575//497 510//447 447//396
f 447//396 511//448 575//497
f 449//398 576//498 512//449
f 569//491 577//499 514//451
f 514//451 505//442 569//491
f 514//451 578//500 579//501
f 579//501 450//399 514//451
f 580//502 581//503 390//346
f 582//504 500//437 502//439
f 502//439 515//452 582//504
f 451//400 516//453 582//504
f 582//504 515//452 451//400
f 390//346 583//505 516//453
f 584//506 449//398 498//435
f 498//435 499//436 584//506
f 585//35 586//507 518//454
f 518//454 517//35 585//35
f 518//454 587//508 519//455
f 519//455 454//402 518//454
f 520//456 588//509 589//510
f 589//510 521//457 520//456
f 519//455 590//511 522//458
f 522//458 457//405 519//455
f 520//456 456//404 524//460
f 524//460 591//512 520//456
f 522//458 592//513 525//461
f 525//461 458//406 522//458
f 525//461 593//514 527//463
f 527//463 460//408 525//461
f 526//462 594//515 524//460
f 524//460 523//459 526//462
f 527//463 595//516 532//468
f 532//468 462//410 527//463
f 341//304 528//464 596//517
f 528//464 461//409 597//518
f 597//518 598//519 528//464
f 529//465 597//518 461//409
f 461//409 403//358 529//465
f 504//441 599//520 600//521
f 600//521 529//465 504//441
f 341//304 596//517 530//466
f 531//467 530//466 596//517
f 596//517 601//522 602//523
f 596//517 602//523 531//467
f 603//524 604//525 605//526
f 606//527 607//528 405//360
f 405//360 603//524 608//529
f 405//360 608//529 606//527
f 609//530 610//531 526//462
f 526//462 405//360 609//530
f 526//462 610//531 611//532
f 611//532 612//533 594//515
f 611//532 594//515 526//462
f 532//468 613//534 533//469
f 533//469 463//411 532//468
f 533//469 614//411 534//363
f 534//363 464//412 533//469
f 534//363 615//535 535//364
f 535//364 465//312 534//363
f 535//364 616//312 536//258
f 536//258 466//313 535//364
f 536//258 617//313 537//259
f 537//259 467//220 536//258
f 537//259 618//220 561//185
f 561//185 489//228 537//259
f 434//383 538//470 619//536
f 619//536 620//537 435//384
f 619//536 435//384 434//383
f 468//413 539//471 621//538
f 621//538 538//470 468//413
f 469//414 540//35 622//35
f 622//35 539//471 469//414
f 471//35 543//35 623//35
f 623//35 540//35 471//35
f 473//416 624//35 541//35
f 541//35 416//370 473//416
f 541//35 625//35 542//35
f 542//35 470//35 541//35
f 542//35 626//539 627//540
f 627//540 543//35 542//35
f 624//35 473//416 472//415
f 472//415 544//472 624//35
f 628//35 624//35 544//472
f 544//472 477//420 628//35
f 546//474 628//35 477//420
f 477//420 476//419 546//474
f 547//475 629//541 546//474
f 546//474 545//473 547//475
f 548//476 630//542 547//475
f 631//543 548//476 632//544
f 633//545 632//544 548//476
f 548//476 634//546 633//545
f 635//547 636//548 634//546
f 634//546 637//549 635//547
f 550//35 549//477 638//550
f 638//550 639//35 550//35
f 478//421 551//478 640//551
f 640//551 549//477 478//421
f 480//422 552//479 641//552
f 641//552 551//478 480//422
f 481//423 553//480 642//553
f 642//553 552//479 481//423
f 482//424 554//481 643//554
f 643//554 553//480 482//424
f 483//425 555//482 644//555
f 644//555 554//481 483//425
f 484//426 556//483 645//556
f 645//556 555//482 484//426
f 485//427 557//380 646//426
f 646//426 556//483 485//427
f 486//326 558//381 647//427
f 647//427 557//380 486//326
f 487//327 559//484 648//326
f 648//326 558//381 487//327
f 488//227 560//266 649//327
f 649//327 559//484 488//227
f 490//229 562//186 650//227
f 650//227 560//266 490//229
f 561//185 651//557 652//558
f 652//558 562//186 561//185
f 497//434 491//428 653//559
f 653//559 654//560 497//434
f 563//485 653//559 491//428
f 491//428 433//382 563//485
f 655//561 568//490 563//485
f 563//485 564//486 655//561
f 655//561 564//486 565//487
f 565//487 656//562 655//561
f 565//487 370//328 435//384
f 435//384 657//563 565//487
f 435//384 620//537 656//562
f 656//562 657//563 435//384
f 493//430 567//489 584//506
f 584//506 566//488 493//430
f 654//560 568//490 494//431
f 658//564 659//565 567//489
f 567//489 568//490 658//564
f 654//560 494//431 437//386
f 437//386 497//434 654//560
f 503//440 442//391 440//389
f 440//389 501//438 503//440
f 660//566 501//438 500//437
f 500//437 582//504 660//566
f 599//520 504//441 503//440
f 503//440 661//567 599//520
f 570//492 662//568 569//491
f 569//491 506//443 570//492
f 572//494 663//569 570//492
f 570//492 508//445 572//494
f 664//570 665//571 572//494
f 572//494 571//493 664//570
f 666//572 664//570 571//493
f 571//493 573//495 666//572
f 667//573 573//495 509//446
f 509//446 574//496 667//573
f 668//574 574//496 510//447
f 510//447 575//497 668//574
f 669//575 575//497 511//448
f 511//448 670//576 669//575
f 671//577 511//448 448//397
f 448//397 513//450 671//577
f 512//449 672//578 673//579
f 673//579 513//450 512//449
f 449//398 674//580 576//498
f 576//498 675//581 672//578
f 672//578 512//449 576//498
f 662//568 676//582 577//499
f 577//499 569//491 662//568
f 577//499 677//583 578//500
f 578//500 514//451 577//499
f 579//501 578//500 678//584
f 678//584 679//585 579//501
f 580//502 680//586 681//586
f 681//586 682//501 683//587
f 681//586 683//587 580//502
f 583//505 390//346 684//588
f 516//453 583//505 660//566
f 660//566 582//504 516//453
f 449//398 584//506 685//589
f 685//589 686//590 449//398
f 584//506 499//436 566//488
f 687//35 688//591 586//507
f 586//507 585//35 687//35
f 689//592 589//510 690//593
f 690//593 691//594 689//592
f 586//507 692//595 587//508
f 587//508 518//454 586//507
f 693//596 694//597 589//510
f 589//510 588//509 695//598
f 589//510 695//598 693//596
f 587//508 696//599 590//511
f 590//511 519//455 587//508
f 588//509 520//456 591//512
f 591//512 697//600 588//509
f 590//511 698//601 592//513
f 592//513 522//458 590//511
f 592//513 699//602 593//514
f 593//514 525//461 592//513
f 594//515 700//603 591//512
f 591//512 524//460 594//515
f 593//514 701//604 595//516
f 595//516 527//463 593//514
f 595//516 702//605 613//534
f 613//534 532//468 595//516
f 596//517 528//464 598//519
f 598//519 601//522 596//517
f 529//465 600//521 703//606
f 703//606 597//518 529//465
f 597//518 703//606 704//607
f 704//607 598//519 597//518
f 705//608 706//609 600//521
f 600//521 599//520 707//610
f 600//521 707//610 705//608
f 708//611 531//467 602//523
f 602//523 709//612 710//613
f 602//523 710//613 708//611
f 405//360 607//528 711//614
f 405//360 712//615 713//616
f 713//616 609//530 405//360
f 611//532 610//531 609//530
f 609//530 714//617 715//618
f 715//618 716//619 611//532
f 609//530 715//618 611//532
f 613//534 717//468 614//411
f 614//411 533//469 613//534
f 614//411 718//469 615//535
f 615//535 534//363 614//411
f 615//535 719//363 616//312
f 616//312 535//364 615//535
f 616//312 720//364 617//313
f 617//313 536//258 616//312
f 617//313 721//258 618//220
f 618//220 537//259 617//313
f 618//220 722//620 651//557
f 651//557 561//185 618//220
f 723//621 619//536 538//470
f 538//470 621//538 724//622
f 538//470 724//622 723//621
f 539//471 622//35 725//35
f 725//35 621//538 539//471
f 540//35 623//35 726//35
f 726//35 622//35 540//35
f 543//35 627//540 727//623
f 727//623 623//35 543//35
f 624//35 628//35 625//35
f 625//35 541//35 624//35
f 625//35 629//541 626//539
f 626//539 542//35 625//35
f 728//624 627//540 626//539
f 626//539 630//542 728//624
f 628//35 546//474 629//541
f 629//541 625//35 628//35
f 630//542 626//539 629//541
f 629//541 547//475 630//542
f 630//542 548//476 728//624
f 728//624 548//476 631//543
f 631//543 632//544 633//545
f 633//545 729//625 727//623
f 633//545 727//623 631//543
f 634//546 730//626 633//545
f 731//627 732//628 636//548
f 636//548 635//547 731//627
f 637//549 733//629 734//630
f 734//630 635//547 637//549
f 634//546 636//548 735//631
f 735//631 736//632 730//626
f 735//631 730//626 634//546
f 639//35 638//550 737//633
f 737//633 738//35 639//35
f 549//477 640//551 739//634
f 739//634 638//550 549//477
f 551//478 641//552 740//635
f 740//635 640//551 551//478
f 552//479 642//553 741//636
f 741//636 641//552 552//479
f 553//480 643//554 742//637
f 742//637 642//553 553//480
f 554//481 644//555 743//638
f 743//638 643//554 554//481
f 555//482 645//556 744//639
f 744//639 644//555 555//482
f 556//483 646//426 745//482
f 745//482 645//556 556//483
f 557//380 647//427 746//483
f 746//483 646//426 557//380
f 558//381 648//326 747//380
f 747//380 647//427 558//381
f 559//484 649//327 748//381
f 748//381 648//326 559//484
f 560//266 650//227 749//484
f 749//484 649//327 560//266
f 562//186 652//558 750//266
f 750//266 650//227 562//186
f 750//266 652//558 651//557
f 651//557 722//620 751//640
f 751//640 752//364 753//412
f 753//412 754//641 755//534
f 755//534 756//642 757//643
f 757//643 758//644 759//645
f 759//645 760//646 761//647
f 761//647 762//648 763//649
f 763//649 764//650 765//651
f 765//651 766//652 767//653
f 767//653 768//654 769//655
f 769//655 770//656 771//657
f 771//657 772//658 773//637
f 773//637 774//554 775//659
f 775//659 776//660 777//661
f 777//661 778//662 779//264
f 779//264 780//663 781//664
f 781//664 782//141 783//140
f 783//140 784//179 785//665
f 785//665 786//257 787//311
f 787//311 788//362 789//410
f 789//410 790//463 791//666
f 791//666 792//667 793//668
f 793//668 794//669 795//670
f 795//670 796//671 797//672
f 797//672 798//673 799//674
f 799//674 800//675 801//676
f 801//676 802//677 803//678
f 803//678 804//679 805//680
f 805//680 806//681 807//639
f 807//639 808//556 809//483
f 809//483 810//427 811//682
f 811//682 812//683 750//266
f 750//266 651//557 751//640
f 751//640 753//412 755//534
f 755//534 757//643 759//645
f 759//645 761//647 763//649
f 763//649 765//651 767//653
f 767//653 769//655 771//657
f 771//657 773//637 775//659
f 775//659 777//661 779//264
f 779//264 781//664 783//140
f 783//140 785//665 787//311
f 787//311 789//410 791//666
f 791//666 793//668 795//670
f 795//670 797//672 799//674
f 799//674 801//676 803//678
f 803//678 805//680 807//639
f 807//639 809//483 811//682
f 811//682 750//266 751//640
f 751//640 755//534 759//645
f 759//645 763//649 767//653
f 767//653 771//657 775//659
f 775//659 779//264 783//140
f 783//140 787//311 791//666
f 791//666 795//670 799//674
f 799//674 803//678 807//639
f 807//639 811//682 751//640
f 751//640 759//645 767//653
f 767//653 775//659 783//140
f 783//140 791//666 799//674
f 799//674 807//639 751//640
f 751//640 767//653 783//140
f 751//640 783//140 799//674
f 568//490 653//559 563//485
f 568//490 654//560 653//559
f 813//684 568//490 655//561
f 655//561 814//685 813//684
f 814//685 655//561 656//562
f 656//562 620//537 814//685
f 656//562 565//487 657//563
f 723//621 620//537 619//536
f 815//686 584//506 567//489
f 567//489 816//687 815//686
f 817//688 818//689 659//565
f 659//565 658//564 817//688
f 819//690 658//564 568//490
f 568//490 813//684 819//690
f 567//489 659//565 820//691
f 820//691 821//692 567//489
f 661//567 503//440 501//438
f 501//438 660//566 661//567
f 599//520 661//567 684//588
f 684//588 707//610 599//520
f 663//569 822//693 662//568
f 662//568 570//492 663//569
f 665//571 823//694 663//569
f 663//569 572//494 665//571
f 824//695 825//696 665//571
f 665//571 664//570 824//695
f 826//697 824//695 664//570
f 664//570 666//572 826//697
f 827//698 666//572 573//495
f 573//495 667//573 827//698
f 828//699 667//573 574//496
f 574//496 668//574 828//699
f 829//700 668//574 575//497
f 575//497 669//575 829//700
f 818//689 669//575 670//576
f 670//576 659//565 818//689
f 830//701 670//576 511//448
f 511//448 831//702 830//701
f 513//450 673//579 832//703
f 832//703 671//577 513//450
f 833//704 511//448 671//577
f 449//398 834//705 674//580
f 674//580 835//706 675//581
f 675//581 576//498 674//580
f 822//693 836//707 676//582
f 676//582 662//568 822//693
f 676//582 837//708 677//583
f 677//583 577//499 676//582
f 677//583 838//709 839//710
f 839//710 578//500 677//583
f 840//584 682//501 579//501
f 678//584 841//711 842//712
f 842//712 679//585 678//584
f 578//500 843//584 678//584
f 583//505 684//588 661//567
f 661//567 660//566 583//505
f 706//609 705//608 844//713
f 844//713 845//714 706//609
f 449//398 686//590 846//715
f 685//589 847//716 848//717
f 848//717 686//590 685//589
f 685//589 584//506 849//718
f 850//35 851//719 688//591
f 688//591 687//35 850//35
f 852//720 689//592 853//721
f 853//721 854//722 852//720
f 688//591 855//723 692//595
f 692//595 586//507 688//591
f 691//594 856//724 689//592
f 692//595 857//725 696//599
f 696//599 587//508 692//595
f 696//599 858//726 698//601
f 698//601 590//511 696//599
f 588//509 697//600 695//598
f 698//601 859//668 699//602
f 699//602 592//513 698//601
f 700//603 860//727 697//600
f 697//600 591//512 700//603
f 699//602 861//728 701//604
f 701//604 593//514 699//602
f 862//729 863//730 700//603
f 700//603 594//515 862//729
f 701//604 864//731 702//605
f 702//605 595//516 701//604
f 702//605 865//516 717//468
f 717//468 613//534 702//605
f 598//519 704//607 866//732
f 866//732 601//522 598//519
f 600//521 706//609 867//733
f 867//733 703//606 600//521
f 703//606 867//733 868//734
f 868//734 704//607 703//606
f 869//735 708//611 870//736
f 405//360 711//614 871//737
f 711//614 607//528 872//738
f 872//738 873//739 711//614
f 874//740 607//528 606//527
f 405//360 871//737 712//615
f 717//468 875//534 718//469
f 718//469 614//411 717//468
f 718//469 876//411 719//363
f 719//363 615//535 718//469
f 719//363 877//535 720//364
f 720//364 616//312 719//363
f 720//364 878//312 721//258
f 721//258 617//313 720//364
f 721//258 751//640 722//620
f 722//620 618//220 721//258
f 621//538 725//35 879//35
f 879//35 724//622 621//538
f 622//35 726//35 880//35
f 880//35 725//35 622//35
f 623//35 727//623 729//625
f 729//625 726//35 623//35
f 631//543 727//623 627//540
f 627//540 728//624 631//543
f 730//626 881//741 729//625
f 729//625 633//545 730//626
f 882//742 883//743 732//628
f 732//628 731//627 882//742
f 635//547 734//630 884//744
f 884//744 731//627 635//547
f 732//628 885//745 735//631
f 735//631 636//548 732//628
f 733//629 886//746 887//747
f 887//747 734//630 733//629
f 738//35 737//633 888//748
f 888//748 889//35 738//35
f 638//550 739//634 890//749
f 890//749 737//633 638//550
f 640//551 740//635 891//750
f 891//750 739//634 640//551
f 641//552 741//636 892//751
f 892//751 740//635 641//552
f 642//553 742//637 893//752
f 893//752 741//636 642//553
f 643//554 743//638 894//753
f 894//753 742//637 643//554
f 644//555 744//639 895//681
f 895//681 743//638 644//555
f 645//556 745//482 896//555
f 896//555 744//639 645//556
f 646//426 746//483 897//754
f 897//754 745//482 646//426
f 647//427 747//380 898//426
f 898//426 746//483 647//427
f 648//326 748//381 899//427
f 899//427 747//380 648//326
f 649//327 749//484 900//326
f 900//326 748//381 649//327
f 650//227 750//266 812//683
f 812//683 749//484 650//227
f 749//484 812//683 811//682
f 811//682 900//326 749//484
f 900//326 811//682 810//427
f 810//427 901//380 900//326
f 901//380 810//427 809//483
f 809//483 902//426 901//380
f 902//426 809//483 808//556
f 808//556 903//755 902//426
f 903//755 808//556 807//639
f 807//639 904//555 903//755
f 904//555 807//639 806//681
f 806//681 905//638 904//555
f 905//638 806//681 805//680
f 805//680 906//753 905//638
f 906//753 805//680 804//679
f 804//679 907//756 906//753
f 907//756 804//679 803//678
f 803//678 908//757 907//756
f 908//757 803//678 802//677
f 802//677 909//758 908//757
f 909//758 802//677 801//676
f 801//676 910//759 909//758
f 910//759 801//676 800//675
f 800//675 911//760 910//759
f 911//760 800//675 799//674
f 799//674 912//761 911//760
f 912//761 799//674 798//673
f 798//673 913//762 912//761
f 913//762 798//673 797//672
f 797//672 914//763 913//762
f 914//763 797//672 796//671
f 796//671 915//764 914//763
f 915//764 796//671 795//670
f 795//670 916//765 915//764
f 916//765 795//670 794//669
f 794//669 917//454 916//765
f 917//454 794//669 793//668
f 793//668 918//766 917//454
f 918//766 793//668 792//667
f 792//667 919//767 918//766
f 919//767 792//667 791//666
f 791//666 920//299 919//767
f 920//299 791//666 790//463
f 790//463 921//768 920//299
f 921//768 790//463 789//410
f 789//410 922//769 921//768
f 922//769 789//410 788//362
f 788//362 923//164 922//769
f 923//164 788//362 787//311
f 787//311 924//125 923//164
f 924//125 787//311 786//257
f 786//257 925//95 924//125
f 925//95 786//257 785//665
f 785//665 926//64 925//95
f 926//64 785//665 784//179
f 784//179 927//770 926//64
f 927//770 784//179 783//140
f 783//140 928//36 927//770
f 928//36 783//140 782//141
f 782//141 929//37 928//36
f 929//37 782//141 781//664
f 781//664 930//771 929//37
f 930//771 781//664 780//663
f 780//663 931//772 930//771
f 931//772 780//663 779//264
f 779//264 932//102 931//772
f 932//102 779//264 778//662
f 778//662 933//136 932//102
f 933//136 778//662 777//661
f 777//661 934//180 933//136
f 934//180 777//661 776//660
f 776//660 935//773 934//180
f 935//773 776//660 775//659
f 775//659 936//774 935//773
f 936//774 775//659 774//554
f 774//554 937//321 936//774
f 937//321 774//554 773//637
f 773//637 938//375 937//321
f 938//375 773//637 772//658
f 772//658 939//421 938//375
f 939//421 772//658 771//657
f 771//657 940//775 939//421
f 940//775 771//657 770//656
f 770//656 941//776 940//775
f 941//776 770//656 769//655
f 769//655 942//777 941//776
f 942//777 769//655 768//654
f 768//654 943//778 942//777
f 943//778 768//654 767//653
f 767//653 944//779 943//778
f 944//779 767//653 766//652
f 766//652 945//780 944//779
f 945//780 766//652 765//651
f 765//651 946//781 945//780
f 946//781 765//651 764//650
f 764//650 947//782 946//781
f 947//782 764//650 763//649
f 763//649 948//783 947//782
f 948//783 763//649 762//648
f 762//648 949//784 948//783
f 949//784 762//648 761//647
f 761//647 950//785 949//784
f 950//785 761//647 760//646
f 760//646 951//786 950//785
f 951//786 760//646 759//645
f 759//645 952//787 951//786
f 952//787 759//645 758//644
f 758//644 953//788 952//787
f 953//788 758//644 757//643
f 757//643 954//604 953//788
f 954//604 757//643 756//642
f 756//642 955//789 954//604
f 955//789 756//642 755//534
f 755//534 956//468 955//789
f 956//468 755//534 754//641
f 754//641 957//411 956//468
f 957//411 754//641 753//412
f 753//412 958//363 957//411
f 958//363 753//412 752//364
f 752//364 878//312 958//363
f 878//312 752//364 751//640
f 751//640 721//258 878//312
f 959//790 813//684 814//685
f 814//685 960//791 959//790
f 960//791 814//685 620//537
f 620//537 961//792 960//791
f 962//793 620//537 723//621
f 584//506 815//686 963//794
f 816//687 964//795 965//796
f 965//796 815//686 816//687
f 567//489 966//797 816//687
f 967//798 968//799 818//689
f 818//689 817//688 967//798
f 969//800 817//688 658//564
f 658//564 819//690 969//800
f 970//801 819//690 813//684
f 813//684 959//790 970//801
f 567//489 821//692 971//802
f 820//691 972//803 973//804
f 973//804 821//692 820//691
f 820//691 659//565 974//805
f 823//694 975//806 822//693
f 822//693 663//569 823//694
f 825//696 976//807 823//694
f 823//694 665//571 825//696
f 977//808 978//809 825//696
f 825//696 824//695 977//808
f 979//810 977//808 824//695
f 824//695 826//697 979//810
f 980//811 826//697 666//572
f 666//572 827//698 980//811
f 981//812 827//698 667//573
f 667//573 828//699 981//812
f 982//813 828//699 668//574
f 668//574 829//700 982//813
f 968//799 829//700 669//575
f 669//575 818//689 968//799
f 659//565 670//576 983//814
f 983//814 984//815 659//565
f 670//576 830//701 985//816
f 831//702 986//817 987//818
f 987//818 830//701 831//702
f 831//702 511//448 988//819
f 671//577 832//703 989//820
f 989//820 833//704 671//577
f 990//821 511//448 833//704
f 449//398 991//822 834//705
f 834//705 992//823 835//706
f 835//706 674//580 834//705
f 975//806 993//824 836//707
f 836//707 822//693 975//806
f 836//707 994//825 837//708
f 837//708 676//582 836//707
f 837//708 995//826 838//709
f 838//709 677//583 837//708
f 578//500 839//710 996//584
f 996//584 997//584 578//500
f 838//709 998//827 999//828
f 999//828 839//710 838//709
f 682//501 840//584 679//585
f 679//585 842//712 1000//829
f 1000//829 683//587 682//501
f 679//585 1000//829 682//501
f 843//584 1001//830 841//711
f 841//711 678//584 843//584
f 841//711 1002//831 1003//832
f 1003//832 842//712 841//711
f 578//500 1004//833 843//584
f 1000//829 1005//834 683//587
f 1006//835 581//503 580//502
f 580//502 683//587 1007//835
f 1007//835 1008//836 1006//835
f 580//502 1007//835 1006//835
f 449//398 846//715 1009//837
f 686//590 848//717 1010//838
f 1010//838 846//715 686//590
f 849//718 1011//839 847//716
f 847//716 685//589 849//718
f 1010//838 848//717 847//716
f 847//716 1011//839 1012//840
f 1012//840 1013//841 1014//842
f 1014//842 1015//843 1016//844
f 1016//844 1017//845 1018//846
f 1018//846 1019//847 1020//848
f 1020//848 1021//849 1022//850
f 1022//850 1023//851 1024//852
f 1024//852 1025//853 987//818
f 987//818 986//817 1026//854
f 1026//854 1027//855 1028//856
f 1028//856 1029//857 989//820
f 989//820 832//703 673//579
f 673//579 672//578 675//581
f 675//581 835//706 992//823
f 992//823 1030//858 1031//859
f 1031//859 1010//838 847//716
f 847//716 1012//840 1014//842
f 1014//842 1016//844 1018//846
f 1018//846 1020//848 1022//850
f 1022//850 1024//852 987//818
f 987//818 1026//854 1028//856
f 1028//856 989//820 673//579
f 673//579 675//581 992//823
f 992//823 1031//859 847//716
f 847//716 1014//842 1018//846
f 1018//846 1022//850 987//818
f 987//818 1028//856 673//579
f 673//579 992//823 847//716
f 847//716 1018//846 987//818
f 847//716 987//818 673//579
f 849//718 584//506 1032//860
f 850//35 1033//35 1034//861
f 1034//861 851//719 850//35
f 1035//862 1036//863 1037//864
f 1037//864 852//720 1035//862
f 851//719 1038//865 855//723
f 855//723 688//591 851//719
f 852//720 854//722 1039//866
f 855//723 1040//867 857//725
f 857//725 692//595 855//723
f 1041//868 689//592 856//724
f 1041//868 856//724 691//594
f 691//594 690//593 1042//869
f 1042//869 1043//870 1041//868
f 691//594 1042//869 1041//868
f 589//510 1044//871 690//593
f 857//725 1045//872 858//726
f 858//726 696//599 857//725
f 693//596 1046//873 1047//874
f 1047//874 694//597 693//596
f 589//510 694//597 1048//875
f 693//596 695//598 1049//876
f 1049//876 1050//877 693//596
f 858//726 1051//669 859//668
f 859//668 698//601 858//726
f 695//598 697//600 1049//876
f 859//668 1052//878 861//728
f 861//728 699//602 859//668
f 700//603 1053//879 1054//880
f 1054//880 860//727 700//603
f 860//727 1055//881 1056//882
f 1056//882 697//600 860//727
f 861//728 1057//644 864//731
f 864//731 701//604 861//728
f 862//729 1058//883 1059//884
f 1059//884 863//730 862//729
f 862//729 594//515 612//533
f 700//603 863//730 1053//879
f 864//731 1060//604 865//516
f 865//516 702//605 864//731
f 865//516 1061//605 875//534
f 875//534 717//468 865//516
f 601//522 866//732 709//612
f 709//612 602//523 601//522
f 704//607 868//734 1062//885
f 1062//885 866//732 704//607
f 1063//886 1064//887 608//529
f 608//529 1065//888 1066//889
f 608//529 1066//889 1063//886
f 707//610 1007//835 1067//890
f 1067//890 705//608 707//610
f 1068//891 1069//892 869//735
f 869//735 870//736 1070//893
f 869//735 1070//893 1068//891
f 710//613 1071//894 870//736
f 870//736 708//611 710//613
f 871//737 711//614 873//739
f 873//739 1072//895 871//737
f 874//740 872//738 607//528
f 874//740 606//527 1073//896
f 1073//896 1074//897 874//740
f 608//529 1064//887 1073//896
f 1073//896 606//527 608//529
f 603//524 1075//524 1065//888
f 1065//888 608//529 603//524
f 609//530 713//616 1076//898
f 1076//898 714//617 609//530
f 713//616 712//615 1077//899
f 1077//899 1076//898 713//616
f 712//615 871//737 1072//895
f 1072//895 1077//899 712//615
f 875//534 1078//900 876//411
f 876//411 718//469 875//534
f 876//411 1079//469 877//535
f 877//535 719//363 876//411
f 877//535 958//363 878//312
f 878//312 720//364 877//535
f 723//621 724//622 1080//901
f 1080//901 962//793 723//621
f 724//622 879//35 1081//35
f 1081//35 1080//901 724//622
f 725//35 880//35 1082//35
f 1082//35 879//35 725//35
f 726//35 729//625 881//741
f 881//741 880//35 726//35
f 881//741 730//626 736//632
f 736//632 1083//902 1084//903
f 736//632 1084//903 881//741
f 1085//904 1086//905 883//743
f 883//743 882//742 1085//904
f 731//627 884//744 1087//906
f 1087//906 882//742 731//627
f 883//743 1088//907 885//745
f 885//745 732//628 883//743
f 885//745 1089//908 1090//909
f 1090//909 735//631 885//745
f 735//631 1083//902 736//632
f 886//746 1091//910 1092//911
f 1092//911 887//747 886//746
f 889//35 888//748 1093//912
f 1093//912 1094//35 889//35
f 737//633 890//749 1095//913
f 1095//913 888//748 737//633
f 739//634 891//750 1096//914
f 1096//914 890//749 739//634
f 740//635 892//751 1097//915
f 1097//915 891//750 740//635
f 741//636 893//752 1098//657
f 1098//657 892//751 741//636
f 742//637 894//753 1099//756
f 1099//756 893//752 742//637
f 743//638 895//681 1100//680
f 1100//680 894//753 743//638
f 744//639 896//555 1101//638
f 1101//638 895//681 744//639
f 745//482 897//754 1102//916
f 1102//916 896//555 745//482
f 746//483 898//426 1103//755
f 1103//755 897//754 746//483
f 747//380 899//427 1104//483
f 1104//483 898//426 747//380
f 748//381 900//326 901//380
f 901//380 899//427 748//381
f 899//427 901//380 902//426
f 902//426 1104//483 899//427
f 1104//483 902//426 903//755
f 903//755 1105//556 1104//483
f 1105//556 903//755 904//555
f 904//555 1106//916 1105//556
f 1106//916 904//555 905//638
f 905//638 1107//681 1106//916
f 1107//681 905//638 906//753
f 906//753 1108//680 1107//681
f 1108//680 906//753 907//756
f 907//756 1109//679 1108//680
f 1109//679 907//756 908//757
f 908//757 1110//678 1109//679
f 1110//678 908//757 909//758
f 909//758 1111//677 1110//678
f 1111//677 909//758 910//759
f 910//759 1112//917 1111//677
f 1112//917 910//759 911//760
f 911//760 1113//918 1112//917
f 1113//918 911//760 912//761
f 912//761 1114//919 1113//918
f 1114//919 912//761 913//762
f 913//762 1115//920 1114//919
f 1115//920 913//762 914//763
f 914//763 1116//672 1115//920
f 1116//672 914//763 915//764
f 915//764 1117//671 1116//672
f 1117//671 915//764 916//765
f 916//765 1118//670 1117//671
f 1118//670 916//765 917//454
f 917//454 1119//669 1118//670
f 1119//669 917//454 918//766
f 918//766 1120//668 1119//669
f 1120//668 918//766 919//767
f 919//767 1121//921 1120//668
f 1121//921 919//767 920//299
f 920//299 1122//514 1121//921
f 1122//514 920//299 921//768
f 921//768 1123//463 1122//514
f 1123//463 921//768 922//769
f 922//769 1124//410 1123//463
f 1124//410 922//769 923//164
f 923//164 1125//362 1124//410
f 1125//362 923//164 924//125
f 924//125 1126//922 1125//362
f 1126//922 924//125 925//95
f 925//95 1127//257 1126//922
f 1127//257 925//95 926//64
f 926//64 1128//665 1127//257
f 1128//665 926//64 927//770
f 927//770 1129//179 1128//665
f 1129//179 927//770 928//36
f 928//36 1130//140 1129//179
f 1130//140 928//36 929//37
f 929//37 1131//141 1130//140
f 1131//141 929//37 930//771
f 930//771 1132//184 1131//141
f 1132//184 930//771 931//772
f 931//772 1133//226 1132//184
f 1133//226 931//772 932//102
f 932//102 1134//923 1133//226
f 1134//923 932//102 933//136
f 933//136 1135//325 1134//923
f 1135//325 933//136 934//180
f 934//180 1136//379 1135//325
f 1136//379 934//180 935//773
f 935//773 1137//425 1136//379
f 1137//425 935//773 936//774
f 936//774 1138//659 1137//425
f 1138//659 936//774 937//321
f 937//321 1139//554 1138//659
f 1139//554 937//321 938//375
f 938//375 1140//637 1139//554
f 1140//637 938//375 939//421
f 939//421 1141//752 1140//637
f 1141//752 939//421 940//775
f 940//775 1142//657 1141//752
f 1142//657 940//775 941//776
f 941//776 1143//924 1142//657
f 1143//924 941//776 942//777
f 942//777 1144//925 1143//924
f 1144//925 942//777 943//778
f 943//778 1145//654 1144//925
f 1145//654 943//778 944//779
f 944//779 1146//653 1145//654
f 1146//653 944//779 945//780
f 945//780 1147//926 1146//653
f 1147//926 945//780 946//781
f 946//781 1148//651 1147//926
f 1148//651 946//781 947//782
f 947//782 1149//650 1148//651
f 1149//650 947//782 948//783
f 948//783 1150//649 1149//650
f 1150//649 948//783 949//784
f 949//784 1151//927 1150//649
f 1151//927 949//784 950//785
f 950//785 1152//647 1151//927
f 1152//647 950//785 951//786
f 951//786 1153//646 1152//647
f 1153//646 951//786 952//787
f 952//787 1154//928 1153//646
f 1154//928 952//787 953//788
f 953//788 1155//644 1154//928
f 1155//644 953//788 954//604
f 954//604 1156//731 1155//644
f 1156//731 954//604 955//789
f 955//789 1157//605 1156//731
f 1157//605 955//789 956//468
f 956//468 1158//534 1157//605
f 1158//534 956//468 957//411
f 957//411 1079//469 1158//534
f 1079//469 957//411 958//363
f 958//363 877//535 1079//469
f 1159//929 959//790 960//791
f 960//791 1089//908 1159//929
f 1089//908 960//791 961//792
f 961//792 1090//909 1089//908
f 961//792 620//537 1160//930
f 1160//930 1161//931 961//792
f 1162//932 620//537 962//793
f 584//506 963//794 1163//933
f 966//797 1164//934 964//795
f 964//795 816//687 966//797
f 965//796 1165//935 963//794
f 963//794 815//686 965//796
f 567//489 1166//936 966//797
f 1167//937 1168//938 968//799
f 968//799 967//798 1167//937
f 1169//939 967//798 817//688
f 817//688 969//800 1169//939
f 1170//940 969//800 819//690
f 819//690 970//801 1170//940
f 1171//941 970//801 959//790
f 959//790 1159//929 1171//941
f 567//489 971//802 1172//942
f 821//692 973//804 1173//943
f 1173//943 971//802 821//692
f 974//805 1174//944 972//803
f 972//803 820//691 974//805
f 974//805 659//565 1175//945
f 976//807 1176//946 975//806
f 975//806 823//694 976//807
f 978//809 1177//947 976//807
f 976//807 825//696 978//809
f 978//809 977//808 1178//948
f 1178//948 1179//949 978//809
f 977//808 979//810 1180//950
f 1180//950 1178//948 977//808
f 1181//951 979//810 826//697
f 826//697 980//811 1181//951
f 1182//952 980//811 827//698
f 827//698 981//812 1182//952
f 1183//953 981//812 828//699
f 828//699 982//813 1183//953
f 1168//938 982//813 829//700
f 829//700 968//799 1168//938
f 1184//954 659//565 984//815
f 983//814 1185//955 1186//956
f 1186//956 984//815 983//814
f 983//814 670//576 1187//957
f 670//576 985//816 1188//958
f 830//701 987//818 1025//853
f 1025//853 985//816 830//701
f 988//819 1026//854 986//817
f 986//817 831//702 988//819
f 988//819 511//448 1189//959
f 833//704 989//820 1029//857
f 1029//857 990//821 833//704
f 1190//960 511//448 990//821
f 449//398 1009//837 991//822
f 991//822 1030//858 992//823
f 992//823 834//705 991//822
f 1176//946 1191//961 993//824
f 993//824 975//806 1176//946
f 993//824 1192//962 994//825
f 994//825 836//707 993//824
f 994//825 1193//963 995//826
f 995//826 837//708 994//825
f 995//826 1194//964 998//827
f 998//827 838//709 995//826
f 578//500 997//584 1195//584
f 996//584 1196//965 1197//966
f 1197//966 997//584 996//584
f 996//584 839//710 1198//584
f 839//710 999//828 1199//967
f 1199//967 1200//967 839//710
f 998//827 1201//968 1202//969
f 1202//969 999//828 998//827
f 1004//833 1203//970 1001//830
f 1001//830 843//584 1004//833
f 1002//831 841//711 1001//830
f 1001//830 1204//971 1002//831
f 578//500 1195//584 1004//833
f 683//587 1005//834 1205//972
f 846//715 1010//838 1031//859
f 1031//859 1009//837 846//715
f 1032//860 1012//840 1011//839
f 1011//839 849//718 1032//860
f 1206//973 1032//860 584//506
f 1207//974 1037//864 1208//975
f 1208//975 1209//976 1207//974
f 851//719 1034//861 1210//977
f 1210//977 1038//865 851//719
f 1033//35 1211//35 1212//978
f 1212//978 1034//861 1033//35
f 1039//866 1035//862 852//720
f 1208//975 1037//864 1036//863
f 1038//865 1213//979 1040//867
f 1040//867 855//723 1038//865
f 854//722 1214//980 1215//981
f 1215//981 1039//866 854//722
f 853//721 1216//982 1214//980
f 1214//980 854//722 853//721
f 853//721 689//592 1041//868
f 1040//867 1217//983 1045//872
f 1045//872 857//725 1040//867
f 589//510 1048//875 1044//871
f 1044//871 1218//984 1042//869
f 1042//869 690//593 1044//871
f 1045//872 1219//670 1051//669
f 1051//669 858//726 1045//872
f 694//597 1047//874 1220//985
f 1220//985 1048//875 694//597
f 1221//35 1047//874 1046//873
f 1046//873 1222//35 1221//35
f 1051//669 1223//786 1052//878
f 1052//878 859//668 1051//669
f 697//600 1224//986 1049//876
f 1052//878 1225//928 1057//644
f 1057//644 861//728 1052//878
f 860//727 1054//880 1226//987
f 1057//644 1227//728 1060//604
f 1060//604 864//731 1057//644
f 716//619 1058//883 862//729
f 862//729 612//533 611//532
f 862//729 611//532 716//619
f 1060//604 1228//731 1061//605
f 1061//605 865//516 1060//604
f 1061//605 1229//789 1078//900
f 1078//900 875//534 1061//605
f 866//732 1062//885 710//613
f 710//613 709//612 866//732
f 867//733 1230//988 1231//713
f 1231//713 868//734 867//733
f 1007//835 683//587 1067//890
f 1062//885 1232//714 1071//894
f 1071//894 710//613 1062//885
f 1071//894 1070//893 870//736
f 1075//524 1233//989 1065//888
f 1078//900 1158//534 1079//469
f 1079//469 876//411 1078//900
f 962//793 1080//901 1234//990
f 1234//990 1162//932 962//793
f 1080//901 1081//35 1235//35
f 1235//35 1234//990 1080//901
f 879//35 1082//35 1236//35
f 1236//35 1081//35 879//35
f 880//35 881//741 1084//903
f 1084//903 1082//35 880//35
f 1237//991 1238//992 1086//905
f 1086//905 1085//904 1237//991
f 1239//993 1085//904 882//742
f 882//742 1087//906 1239//993
f 1086//905 1240//994 1088//907
f 1088//907 883//743 1086//905
f 1088//907 1159//929 1089//908
f 1089//908 885//745 1088//907
f 1241//995 884//744 734//630
f 734//630 887//747 1241//995
f 735//631 1090//909 1242//996
f 1242//996 1243//997 735//631
f 735//631 1244//998 1083//902
f 1094//35 1093//912 1245//780
f 1245//780 1246//35 1094//35
f 888//748 1095//913 1247//999
f 1247//999 1093//912 888//748
f 890//749 1096//914 1248//1000
f 1248//1000 1095//913 890//749
f 891//750 1097//915 1249//1001
f 1249//1001 1096//914 891//750
f 892//751 1098//657 1250//924
f 1250//924 1097//915 892//751
f 893//752 1099//756 1251//1002
f 1251//1002 1098//657 893//752
f 894//753 1100//680 1252//679
f 1252//679 1099//756 894//753
f 895//681 1101//638 1253//753
f 1253//753 1100//680 895//681
f 896//555 1102//916 1254//681
f 1254//681 1101//638 896//555
f 897//754 1103//755 1255//555
f 1255//555 1102//916 897//754
f 898//426 1104//483 1105//556
f 1105//556 1103//755 898//426
f 1103//755 1105//556 1106//916
f 1106//916 1255//555 1103//755
f 1255//555 1106//916 1107//681
f 1107//681 1256//638 1255//555
f 1256//638 1107//681 1108//680
f 1108//680 1257//753 1256//638
f 1257//753 1108//680 1109//679
f 1109//679 1258//756 1257//753
f 1258//756 1109//679 1110//678
f 1110//678 1259//1002 1258//756
f 1259//1002 1110//678 1111//677
f 1111//677 1260//1003 1259//1002
f 1260//1003 1111//677 1112//917
f 1112//917 1261//1004 1260//1003
f 1261//1004 1112//917 1113//918
f 1113//918 1262//760 1261//1004
f 1262//760 1113//918 1114//919
f 1114//919 1263//761 1262//760
f 1263//761 1114//919 1115//920
f 1115//920 1264//762 1263//761
f 1264//762 1115//920 1116//672
f 1116//672 1265//763 1264//762
f 1265//763 1116//672 1117//671
f 1117//671 1266//764 1265//763
f 1266//764 1117//671 1118//670
f 1118//670 1267//765 1266//764
f 1267//765 1118//670 1119//669
f 1119//669 1268//454 1267//765
f 1268//454 1119//669 1120//668
f 1120//668 1269//766 1268//454
f 1269//766 1120//668 1121//921
f 1121//921 1270//351 1269//766
f 1270//351 1121//921 1122//514
f 1122//514 1271//299 1270//351
f 1271//299 1122//514 1123//463
f 1123//463 1272//768 1271//299
f 1272//768 1123//463 1124//410
f 1124//410 1273//209 1272//768
f 1273//209 1124//410 1125//362
f 1125//362 1274//164 1273//209
f 1274//164 1125//362 1126//922
f 1126//922 1275//125 1274//164
f 1275//125 1126//922 1127//257
f 1127//257 1276//95 1275//125
f 1276//95 1127//257 1128//665
f 1128//665 1277//64 1276//95
f 1277//64 1128//665 1129//179
f 1129//179 1278//770 1277//64
f 1278//770 1129//179 1130//140
f 1130//140 1279//36 1278//770
f 1279//36 1130//140 1131//141
f 1131//141 1280//37 1279//36
f 1280//37 1131//141 1132//184
f 1132//184 1281//45 1280//37
f 1281//45 1132//184 1133//226
f 1133//226 1282//772 1281//45
f 1282//772 1133//226 1134//923
f 1134//923 1283//102 1282//772
f 1283//102 1134//923 1135//325
f 1135//325 1284//136 1283//102
f 1284//136 1135//325 1136//379
f 1136//379 1285//180 1284//136
f 1285//180 1136//379 1137//425
f 1137//425 1286//222 1285//180
f 1286//222 1137//425 1138//659
f 1138//659 1287//260 1286//222
f 1287//260 1138//659 1139//554
f 1139//554 1288//321 1287//260
f 1288//321 1139//554 1140//637
f 1140//637 1289//375 1288//321
f 1289//375 1140//637 1141//752
f 1141//752 1290//421 1289//375
f 1290//421 1141//752 1142//657
f 1142//657 1291//477 1290//421
f 1291//477 1142//657 1143//924
f 1143//924 1292//776 1291//477
f 1292//776 1143//924 1144//925
f 1144//925 1293//633 1292//776
f 1293//633 1144//925 1145//654
f 1145//654 1294//748 1293//633
f 1294//748 1145//654 1146//653
f 1146//653 1295//912 1294//748
f 1295//912 1146//653 1147//926
f 1147//926 1296//780 1295//912
f 1296//780 1147//926 1148//651
f 1148//651 1297//781 1296//780
f 1297//781 1148//651 1149//650
f 1149//650 1298//650 1297//781
f 1298//650 1149//650 1150//649
f 1150//649 1299//1005 1298//650
f 1299//1005 1150//649 1151//927
f 1151//927 1300//1006 1299//1005
f 1300//1006 1151//927 1152//647
f 1152//647 1301//785 1300//1006
f 1301//785 1152//647 1153//646
f 1153//646 1302//786 1301//785
f 1302//786 1153//646 1154//928
f 1154//928 1303//878 1302//786
f 1303//878 1154//928 1155//644
f 1155//644 1304//728 1303//878
f 1304//728 1155//644 1156//731
f 1156//731 1305//604 1304//728
f 1305//604 1156//731 1157//605
f 1157//605 1229//789 1305//604
f 1229//789 1157//605 1158//534
f 1158//534 1078//900 1229//789
f 1090//909 961//792 1306//1007
f 1306//1007 1307//1008 1090//909
f 1306//1007 961//792 1161//931
f 1161//931 1160//930 1234//990
f 1234//990 1235//35 1306//1007
f 1234//990 1306//1007 1161//931
f 620//537 1162//932 1160//930
f 584//506 1163//933 1308//1009
f 963//794 1165//935 1309//1010
f 1309//1010 1163//933 963//794
f 1166//936 1310//1011 1164//934
f 1164//934 966//797 1166//936
f 567//489 1311//1012 1166//936
f 1312//1013 1313//1014 1168//938
f 1168//938 1167//937 1312//1013
f 1314//1015 1167//937 967//798
f 967//798 1169//939 1314//1015
f 1315//1016 1169//939 969//800
f 969//800 1170//940 1315//1016
f 1316//1017 1170//940 970//801
f 970//801 1171//941 1316//1017
f 1240//994 1171//941 1159//929
f 1159//929 1088//907 1240//994
f 567//489 1172//942 1311//1012
f 971//802 1173//943 1317//1018
f 1317//1018 1172//942 971//802
f 1175//945 1318//1019 1174//944
f 1174//944 974//805 1175//945
f 1175//945 659//565 1184//954
f 1177//947 1319//1020 1176//946
f 1176//946 976//807 1177//947
f 1177//947 978//809 1179//949
f 1179//949 1320//1021 1177//947
f 1179//949 1178//948 1321//1022
f 1321//1022 1322//1023 1179//949
f 1178//948 1180//950 1323//1024
f 1323//1024 1321//1022 1178//948
f 979//810 1181//951 1324//1025
f 1324//1025 1180//950 979//810
f 1325//1026 1181//951 980//811
f 980//811 1182//952 1325//1026
f 1326//1027 1182//952 981//812
f 981//812 1183//953 1326//1027
f 1313//1014 1183//953 982//813
f 982//813 1168//938 1313//1014
f 984//815 1186//956 1327//1028
f 1327//1028 1184//954 984//815
f 983//814 1187//957 1328//1029
f 1328//1029 1185//955 983//814
f 1327//1028 1186//956 1185//955
f 1185//955 1328//1029 1329//1030
f 1329//1030 1330//1031 1331//1032
f 1331//1032 1332//1033 1333//1034
f 1333//1034 1334//1035 1335//1036
f 1335//1036 1336//1037 1337//1038
f 1337//1038 1338//1039 1339//1040
f 1339//1040 1340//1041 1341//1042
f 1341//1042 1342//1043 1343//1044
f 1343//1044 1309//1010 1165//935
f 1165//935 965//796 964//795
f 964//795 1164//934 1310//1011
f 1310//1011 1344//1045 1317//1018
f 1317//1018 1173//943 973//804
f 973//804 972//803 1174//944
f 1174//944 1318//1019 1327//1028
f 1327//1028 1185//955 1329//1030
f 1329//1030 1331//1032 1333//1034
f 1333//1034 1335//1036 1337//1038
f 1337//1038 1339//1040 1341//1042
f 1341//1042 1343//1044 1165//935
f 1165//935 964//795 1310//1011
f 1310//1011 1317//1018 973//804
f 973//804 1174//944 1327//1028
f 1327//1028 1329//1030 1333//1034
f 1333//1034 1337//1038 1341//1042
f 1341//1042 1165//935 1310//1011
f 1310//1011 973//804 1327//1028
f 1327//1028 1333//1034 1341//1042
f 1341//1042 1310//1011 1327//1028
f 1187//957 670//576 1345//1046
f 1346//1047 670//576 1188//958
f 1188//958 1347//1048 1346//1047
f 985//816 1025//853 1024//852
f 1024//852 1188//958 985//816
f 1189//959 1027//855 1026//854
f 1026//854 988//819 1189//959
f 1189//959 511//448 1190//960
f 990//821 1029//857 1028//856
f 1028//856 1190//960 990//821
f 1009//837 1031//859 1030//858
f 1030//858 991//822 1009//837
f 1319//1020 1348//1049 1191//961
f 1191//961 1176//946 1319//1020
f 1191//961 1349//1050 1192//962
f 1192//962 993//824 1191//961
f 1192//962 1350//1051 1193//963
f 1193//963 994//825 1192//962
f 1193//963 1351//1052 1194//964
f 1194//964 995//826 1193//963
f 1194//964 1352//1053 1201//968
f 1201//968 998//827 1194//964
f 1196//965 996//584 1198//584
f 1198//584 1353//1054 1196//965
f 1197//966 1354//1055 1195//584
f 1195//584 997//584 1197//966
f 1196//965 1355//1056 1356//1057
f 1356//1057 1197//966 1196//965
f 1198//584 839//710 1357//584
f 839//710 1200//967 1358//967
f 1199//967 1359//1058 1360//1059
f 1360//1059 1200//967 1199//967
f 1199//967 999//828 1361//967
f 1201//968 1362//1060 1363//1061
f 1363//1061 1202//969 1201//968
f 1195//584 1354//1055 1203//970
f 1203//970 1004//833 1195//584
f 1203//970 1364//1062 1204//971
f 1204//971 1001//830 1203//970
f 1365//1063 1000//829 842//712
f 842//712 1003//832 1365//1063
f 1366//1064 1005//834 1000//829
f 1000//829 1365//1063 1366//1064
f 683//587 1205//972 1367//1065
f 1005//834 1366//1064 1368//1066
f 1368//1066 1205//972 1005//834
f 1206//973 1013//841 1012//840
f 1012//840 1032//860 1206//973
f 584//506 1369//1067 1370//1068
f 1370//1068 1206//973 584//506
f 1209//976 1371//1069 1207//974
f 1215//981 1209//976 1208//975
f 1038//865 1210//977 1372//1070
f 1372//1070 1213//979 1038//865
f 1034//861 1212//978 1373//1071
f 1373//1071 1210//977 1034//861
f 1374//1072 1375//1073 1207//974
f 1207//974 1376//1074 1374//1072
f 1211//35 1377//35 1378//762
f 1378//762 1212//978 1211//35
f 1215//981 1208//975 1036//863
f 1036//863 1035//862 1215//981
f 1039//866 1215//981 1035//862
f 1213//979 1379//1075 1217//983
f 1217//983 1040//867 1213//979
f 1215//981 1214//980 1216//982
f 1216//982 1380//35 1215//981
f 1041//868 1043//870 1216//982
f 1216//982 853//721 1041//868
f 1217//983 1381//591 1219//670
f 1219//670 1045//872 1217//983
f 1048//875 1220//985 1218//984
f 1218//984 1044//871 1048//875
f 1382//35 1042//869 1218//984
f 1218//984 1383//35 1382//35
f 1219//670 1384//1076 1223//786
f 1223//786 1051//669 1219//670
f 1385//1077 1386//1078 1046//873
f 1046//873 693//596 1050//877
f 1046//873 1050//877 1385//1077
f 1387//35 1220//985 1047//874
f 1047//874 1221//35 1387//35
f 1388//35 1221//35 1222//35
f 1222//35 1389//35 1388//35
f 1222//35 1046//873 1386//1078
f 1386//1078 1390//35 1222//35
f 1385//1077 1050//877 1049//876
f 1049//876 1224//986 1385//1077
f 1223//786 1391//646 1225//928
f 1225//928 1052//878 1223//786
f 697//600 1392//1079 1224//986
f 1225//928 1393//878 1227//728
f 1227//728 1057//644 1225//928
f 1226//987 1394//1080 860//727
f 1395//1081 1394//1080 1226//987
f 1226//987 1054//880 1396//1082
f 1396//1082 1397//1083 1395//1081
f 1226//987 1396//1082 1395//1081
f 863//730 1059//884 1396//1082
f 1396//1082 1054//880 1053//879
f 1396//1082 1053//879 863//730
f 1055//881 1398//1084 1399//1085
f 1399//1085 1056//882 1055//881
f 1056//882 1400//1086 1401//1079
f 1401//1079 697//600 1056//882
f 1394//1080 1402//1087 1055//881
f 1055//881 860//727 1394//1080
f 1055//881 1402//1087 1403//1088
f 1403//1088 1398//1084 1055//881
f 1227//728 1404//1089 1228//731
f 1228//731 1060//604 1227//728
f 1058//883 1405//1090 1406//1091
f 1406//1091 1059//884 1058//883
f 716//619 1407//1092 1405//1090
f 1405//1090 1058//883 716//619
f 1228//731 1305//604 1229//789
f 1229//789 1061//605 1228//731
f 868//734 1231//713 1232//714
f 1232//714 1062//885 868//734
f 1408//988 1230//988 867//733
f 867//733 706//609 1408//988
f 1230//988 1070//893 1231//713
f 1408//988 706//609 845//714
f 604//525 869//735 1069//892
f 1069//892 1409//1093 1233//989
f 1233//989 1075//524 605//526
f 605//526 604//525 1069//892
f 1069//892 1233//989 605//526
f 1068//891 1410//1094 1411//1095
f 1411//1095 1069//892 1068//891
f 1412//1096 1068//891 1070//893
f 1232//714 1070//893 1071//894
f 1413//1097 873//739 872//738
f 872//738 1414//1098 1413//1097
f 1414//1098 872//738 874//740
f 874//740 1415//1099 1414//1098
f 1416//1100 1072//895 873//739
f 873//739 1413//1097 1416//1100
f 1415//1099 874//740 1074//897
f 1074//897 1417//1101 1415//1099
f 714//617 1418//1102 1419//1103
f 1419//1103 715//618 714//617
f 715//618 1419//1103 1407//1092
f 1407//1092 716//619 715//618
f 1162//932 1234//990 1160//930
f 1081//35 1236//35 1420//35
f 1420//35 1235//35 1081//35
f 1082//35 1084//903 1421//1104
f 1421//1104 1236//35 1082//35
f 1244//998 1421//1104 1084//903
f 1084//903 1083//902 1244//998
f 1422//1105 1423//1106 1238//992
f 1238//992 1237//991 1422//1105
f 1424//1107 1237//991 1085//904
f 1085//904 1239//993 1424//1107
f 1238//992 1425//1108 1240//994
f 1240//994 1086//905 1238//992
f 1426//1109 1239//993 1087//906
f 1087//906 1427//1110 1426//1109
f 1428//1111 1241//995 887//747
f 887//747 1092//911 1428//1111
f 735//631 1243//997 1429//1112
f 1242//996 1430//1113 1243//997
f 1431//1114 1242//996 1090//909
f 735//631 1429//1112 1244//998
f 1432//1115 1092//911 1091//910
f 1091//910 1433//1116 1432//1115
f 1246//35 1245//780 1434//1117
f 1434//1117 1435//35 1246//35
f 1093//912 1247//999 1436//1118
f 1436//1118 1245//780 1093//912
f 1095//913 1248//1000 1437//1119
f 1437//1119 1247//999 1095//913
f 1096//914 1249//1001 1438//1120
f 1438//1120 1248//1000 1096//914
f 1097//915 1250//924 1439//925
f 1439//925 1249//1001 1097//915
f 1098//657 1251//1002 1440//1003
f 1440//1003 1250//924 1098//657
f 1099//756 1252//679 1441//678
f 1441//678 1251//1002 1099//756
f 1100//680 1253//753 1442//756
f 1442//756 1252//679 1100//680
f 1101//638 1254//681 1443//680
f 1443//680 1253//753 1101//638
f 1102//916 1255//555 1256//638
f 1256//638 1254//681 1102//916
f 1254//681 1256//638 1257//753
f 1257//753 1443//680 1254//681
f 1443//680 1257//753 1258//756
f 1258//756 1444//679 1443//680
f 1444//679 1258//756 1259//1002
f 1259//1002 1445//678 1444//679
f 1445//678 1259//1002 1260//1003
f 1260//1003 1446//677 1445//678
f 1446//677 1260//1003 1261//1004
f 1261//1004 1447//917 1446//677
f 1447//917 1261//1004 1262//760
f 1262//760 1448//1121 1447//917
f 1448//1121 1262//760 1263//761
f 1263//761 1449//919 1448//1121
f 1449//919 1263//761 1264//762
f 1264//762 1450//673 1449//919
f 1450//673 1264//762 1265//763
f 1265//763 1451//672 1450//673
f 1451//672 1265//763 1266//764
f 1266//764 1452//671 1451//672
f 1452//671 1266//764 1267//765
f 1267//765 1453//670 1452//671
f 1453//670 1267//765 1268//454
f 1268//454 1454//669 1453//670
f 1454//669 1268//454 1269//766
f 1269//766 1455//668 1454//669
f 1455//668 1269//766 1270//351
f 1270//351 1456//602 1455//668
f 1456//602 1270//351 1271//299
f 1271//299 1457//514 1456//602
f 1457//514 1271//299 1272//768
f 1272//768 1458//463 1457//514
f 1458//463 1272//768 1273//209
f 1273//209 1459//410 1458//463
f 1459//410 1273//209 1274//164
f 1274//164 1460//362 1459//410
f 1460//362 1274//164 1275//125
f 1275//125 1461//922 1460//362
f 1461//922 1275//125 1276//95
f 1276//95 1462//257 1461//922
f 1462//257 1276//95 1277//64
f 1277//64 1463//219 1462//257
f 1463//219 1277//64 1278//770
f 1278//770 1464//1122 1463//219
f 1464//1122 1278//770 1279//36
f 1279//36 1465//140 1464//1122
f 1465//140 1279//36 1280//37
f 1280//37 1466//141 1465//140
f 1466//141 1280//37 1281//45
f 1281//45 1467//184 1466//141
f 1467//184 1281//45 1282//772
f 1282//772 1468//226 1467//184
f 1468//226 1282//772 1283//102
f 1283//102 1469//264 1468//226
f 1469//264 1283//102 1284//136
f 1284//136 1470//325 1469//264
f 1470//325 1284//136 1285//180
f 1285//180 1471//379 1470//325
f 1471//379 1285//180 1286//222
f 1286//222 1472//1123 1471//379
f 1472//1123 1286//222 1287//260
f 1287//260 1473//481 1472//1123
f 1473//481 1287//260 1288//321
f 1288//321 1474//554 1473//481
f 1474//554 1288//321 1289//375
f 1289//375 1475//1124 1474//554
f 1475//1124 1289//375 1290//421
f 1290//421 1476//752 1475//1124
f 1476//752 1290//421 1291//477
f 1291//477 1477//657 1476//752
f 1477//657 1291//477 1292//776
f 1292//776 1478//924 1477//657
f 1478//924 1292//776 1293//633
f 1293//633 1479//925 1478//924
f 1479//925 1293//633 1294//748
f 1294//748 1480//1125 1479//925
f 1480//1125 1294//748 1295//912
f 1295//912 1481//1126 1480//1125
f 1481//1126 1295//912 1296//780
f 1296//780 1482//652 1481//1126
f 1482//652 1296//780 1297//781
f 1297//781 1483//651 1482//652
f 1483//651 1297//781 1298//650
f 1298//650 1484//650 1483//651
f 1484//650 1298//650 1299//1005
f 1299//1005 1485//1127 1484//650
f 1485//1127 1299//1005 1300//1006
f 1300//1006 1486//784 1485//1127
f 1486//784 1300//1006 1301//785
f 1301//785 1487//647 1486//784
f 1487//647 1301//785 1302//786
f 1302//786 1488//646 1487//647
f 1488//646 1302//786 1303//878
f 1303//878 1489//928 1488//646
f 1489//928 1303//878 1304//728
f 1304//728 1404//1089 1489//928
f 1404//1089 1304//728 1305//604
f 1305//604 1228//731 1404//1089
f 1090//909 1307//1008 1490//1128
f 584//506 1308//1009 1491//1129
f 1309//1010 1343//1044 1308//1009
f 1308//1009 1163//933 1309//1010
f 1311//1012 1344//1045 1310//1011
f 1310//1011 1166//936 1311//1012
f 1492//1130 1493//1131 1313//1014
f 1313//1014 1312//1013 1492//1130
f 1494//1132 1312//1013 1167//937
f 1167//937 1314//1015 1494//1132
f 1495//1133 1314//1015 1169//939
f 1169//939 1315//1016 1495//1133
f 1496//1134 1315//1016 1170//940
f 1170//940 1316//1017 1496//1134
f 1425//1108 1316//1017 1171//941
f 1171//941 1240//994 1425//1108
f 1172//942 1317//1018 1344//1045
f 1344//1045 1311//1012 1172//942
f 1184//954 1327//1028 1318//1019
f 1318//1019 1175//945 1184//954
f 1319//1020 1177//947 1320//1021
f 1320//1021 1497//1135 1319//1020
f 1320//1021 1179//949 1322//1023
f 1322//1023 1498//1136 1320//1021
f 1322//1023 1321//1022 1499//1137
f 1499//1137 1500//1138 1322//1023
f 1321//1022 1323//1024 1501//1139
f 1501//1139 1499//1137 1321//1022
f 1180//950 1324//1025 1502//1140
f 1502//1140 1323//1024 1180//950
f 1181//951 1325//1026 1503//1141
f 1503//1141 1324//1025 1181//951
f 1504//1142 1325//1026 1182//952
f 1182//952 1326//1027 1504//1142
f 1493//1131 1326//1027 1183//953
f 1183//953 1313//1014 1493//1131
f 1328//1029 1187//957 1345//1046
f 1345//1046 1329//1030 1328//1029
f 1345//1046 670//576 1505//1143
f 1506//1144 670//576 1346//1047
f 1346//1047 1347//1048 1507//1145
f 1188//958 1024//852 1023//851
f 1023//851 1347//1048 1188//958
f 1190//960 1028//856 1027//855
f 1027//855 1189//959 1190//960
f 1348//1049 1319//1020 1497//1135
f 1497//1135 1508//1146 1348//1049
f 1348//1049 1509//1147 1349//1050
f 1349//1050 1191//961 1348//1049
f 1349//1050 1510//1148 1350//1051
f 1350//1051 1192//962 1349//1050
f 1350//1051 1511//1149 1351//1052
f 1351//1052 1193//963 1350//1051
f 1351//1052 1512//1150 1352//1053
f 1352//1053 1194//964 1351//1052
f 1352//1053 1513//1151 1362//1060
f 1362//1060 1201//968 1352//1053
f 1353//1054 1198//584 1357//584
f 1357//584 1514//1152 1353//1054
f 1197//966 1356//1057 1515//1153
f 1515//1153 1354//1055 1197//966
f 1355//1056 1196//965 1353//1054
f 1353//1054 1516//1154 1355//1056
f 1357//584 839//710 1517//584
f 839//710 1358//967 1518//967
f 1200//967 1360//1059 1519//1155
f 1519//1155 1358//967 1200//967
f 1359//1058 1199//967 1361//967
f 1361//967 1520//1156 1359//1058
f 1361//967 999//828 1521//967
f 1202//969 1363//1061 1522//1157
f 1522//1157 1063//886 1202//969
f 1362//1060 1523//1158 1524//1159
f 1524//1159 1363//1061 1362//1060
f 1354//1055 1515//1153 1364//1062
f 1364//1062 1203//970 1354//1055
f 683//587 1367//1065 1525//1160
f 1205//972 1368//1066 1526//1161
f 1526//1161 1367//1065 1205//972
f 1370//1068 1014//842 1013//841
f 1013//841 1206//973 1370//1068
f 584//506 1527//1162 1369//1067
f 1370//1068 1369//1067 1528//1163
f 1376//1074 1371//1069 1209//976
f 1209//976 1215//981 1529//1164
f 1209//976 1529//1164 1376//1074
f 1376//1074 1207//974 1371//1069
f 1213//979 1372//1070 1530//1165
f 1530//1165 1379//1075 1213//979
f 1210//977 1373//1071 1531//1166
f 1531//1166 1372//1070 1210//977
f 1212//978 1378//762 1532//1167
f 1532//1167 1373//1071 1212//978
f 1375//1073 1374//1072 1533//1168
f 1376//1074 1529//1164 1534//1169
f 1534//1169 1374//1072 1376//1074
f 1377//35 1535//35 1536//761
f 1536//761 1378//762 1377//35
f 1379//1075 1537//671 1381//591
f 1381//591 1217//983 1379//1075
f 1381//591 1538//927 1384//1076
f 1384//1076 1219//670 1381//591
f 1539//35 1043//870 1042//869
f 1042//869 1382//35 1539//35
f 1383//35 1218//984 1220//985
f 1220//985 1387//35 1383//35
f 1540//35 1382//35 1383//35
f 1383//35 1541//35 1540//35
f 1384//1076 1542//647 1391//646
f 1391//646 1223//786 1384//1076
f 1543//1170 1544//1171 1386//1078
f 1386//1078 1385//1077 1543//1170
f 1545//35 1387//35 1221//35
f 1221//35 1388//35 1545//35
f 1546//1172 1388//35 1389//35
f 1389//35 1547//1173 1546//1172
f 1389//35 1222//35 1390//35
f 1390//35 1548//35 1389//35
f 1390//35 1386//1078 1544//1171
f 1544//1171 1549//35 1390//35
f 1392//1079 1543//1170 1385//1077
f 1385//1077 1224//986 1392//1079
f 1391//646 1550//786 1393//878
f 1393//878 1225//928 1391//646
f 697//600 1401//1079 1392//1079
f 1393//878 1489//928 1404//1089
f 1404//1089 1227//728 1393//878
f 1056//882 1551//1174 1400//1086
f 1400//1086 1552//1175 1553//1176
f 1553//1176 1401//1079 1400//1086
f 1059//884 1406//1091 1554//1090
f 1554//1090 1396//1082 1059//884
f 1405//1090 1555//1177 1556//1178
f 1556//1178 1406//1091 1405//1090
f 1407//1092 1557//1179 1555//1177
f 1555//1177 1405//1090 1407//1092
f 1231//713 1070//893 1232//714
f 1070//893 1230//988 1408//988
f 1558//1180 1559//1181 845//714
f 845//714 844//713 1067//890
f 1067//890 683//587 1558//1180
f 845//714 1067//890 1558//1180
f 1560//1182 1070//893 1408//988
f 1408//988 845//714 1559//1181
f 1408//988 1559//1181 1560//1182
f 1561//1183 1409//1093 1069//892
f 1069//892 1411//1095 1561//1183
f 1412//1096 1562//1184 1410//1094
f 1410//1094 1068//891 1412//1096
f 1563//1185 1412//1096 1070//893
f 1564//1186 1077//899 1072//895
f 1072//895 1416//1100 1564//1186
f 1414//1098 1565//1187 1566//1188
f 1566//1188 1413//1097 1414//1098
f 1415//1099 1567//1189 1565//1187
f 1565//1187 1414//1098 1415//1099
f 1413//1097 1566//1188 1568//1190
f 1568//1190 1416//1100 1413//1097
f 1415//1099 1417//1101 1569//1191
f 1569//1191 1567//1189 1415//1099
f 1570//1192 1074//897 1073//896
f 1073//896 1571//1193 1570//1192
f 1571//1193 1073//896 1064//887
f 1064//887 1572//1194 1571//1193
f 1570//1192 1573//1195 1417//1101
f 1417//1101 1074//897 1570//1192
f 1417//1101 1573//1195 1574//1196
f 1574//1196 1569//1191 1417//1101
f 1572//1194 1064//887 1063//886
f 1063//886 1522//1157 1572//1194
f 1575//1197 1576//1198 1577//1199
f 1578//1200 1066//889 1065//888
f 1065//888 1233//989 1578//1200
f 1233//989 1409//1093 1579//1201
f 1418//1102 714//617 1076//898
f 1076//898 1580//1202 1418//1102
f 1580//1202 1076//898 1077//899
f 1077//899 1564//1186 1580//1202
f 1418//1102 1581//1203 1582//1204
f 1582//1204 1419//1103 1418//1102
f 1419//1103 1582//1204 1557//1179
f 1557//1179 1407//1092 1419//1103
f 1235//35 1420//35 1307//1008
f 1307//1008 1306//1007 1235//35
f 1236//35 1421//1104 1583//1205
f 1583//1205 1420//35 1236//35
f 1429//1112 1583//1205 1421//1104
f 1421//1104 1244//998 1429//1112
f 1584//1206 1585//1207 1423//1106
f 1423//1106 1422//1105 1584//1206
f 1586//1208 1422//1105 1237//991
f 1237//991 1424//1107 1586//1208
f 1423//1106 1587//1209 1425//1108
f 1425//1108 1238//992 1423//1106
f 1588//1210 1424//1107 1239//993
f 1239//993 1426//1109 1588//1210
f 1589//1211 1426//1109 1427//1110
f 1427//1110 1590//1212 1589//1211
f 1427//1110 1087//906 884//744
f 884//744 1241//995 1427//1110
f 1241//995 1428//1111 1590//1212
f 1590//1212 1427//1110 1241//995
f 1591//1213 1428//1111 1092//911
f 1092//911 1432//1115 1591//1213
f 1243//997 1430//1113 1583//1205
f 1583//1205 1429//1112 1243//997
f 1431//1114 1430//1113 1242//996
f 1490//1128 1431//1114 1090//909
f 1592//1214 1432//1115 1433//1116
f 1433//1116 1593//1215 1592//1214
f 1594//1216 1595//1217 1596//1218
f 1596//1218 1593//1215 1594//1216
f 1435//35 1434//1117 1597//1219
f 1597//1219 1598//35 1435//35
f 1245//780 1436//1118 1599//1220
f 1599//1220 1434//1117 1245//780
f 1247//999 1437//1119 1600//1221
f 1600//1221 1436//1118 1247//999
f 1248//1000 1438//1120 1601//1222
f 1601//1222 1437//1119 1248//1000
f 1249//1001 1439//925 1602//1125
f 1602//1125 1438//1120 1249//1001
f 1250//924 1440//1003 1603//1004
f 1603//1004 1439//925 1250//924
f 1251//1002 1441//678 1604//677
f 1604//677 1440//1003 1251//1002
f 1252//679 1442//756 1605//1002
f 1605//1002 1441//678 1252//679
f 1253//753 1443//680 1444//679
f 1444//679 1442//756 1253//753
f 1442//756 1444//679 1445//678
f 1445//678 1605//1002 1442//756
f 1605//1002 1445//678 1446//677
f 1446//677 1606//1003 1605//1002
f 1606//1003 1446//677 1447//917
f 1447//917 1607//1004 1606//1003
f 1607//1004 1447//917 1448//1121
f 1448//1121 1608//760 1607//1004
f 1608//760 1448//1121 1449//919
f 1449//919 1609//761 1608//760
f 1609//761 1449//919 1450//673
f 1450//673 1610//762 1609//761
f 1610//762 1450//673 1451//672
f 1451//672 1611//978 1610//762
f 1611//978 1451//672 1452//671
f 1452//671 1612//719 1611//978
f 1612//719 1452//671 1453//670
f 1453//670 1613//507 1612//719
f 1613//507 1453//670 1454//669
f 1454//669 1614//454 1613//507
f 1614//454 1454//669 1455//668
f 1455//668 1615//402 1614//454
f 1615//402 1455//668 1456//602
f 1456//602 1616//351 1615//402
f 1616//351 1456//602 1457//514
f 1457//514 1617//299 1616//351
f 1617//299 1457//514 1458//463
f 1458//463 1618//246 1617//299
f 1618//246 1458//463 1459//410
f 1459//410 1619//1223 1618//246
f 1619//1223 1459//410 1460//362
f 1460//362 1620//164 1619//1223
f 1620//164 1460//362 1461//922
f 1461//922 1621//125 1620//164
f 1621//125 1461//922 1462//257
f 1462//257 1622//95 1621//125
f 1622//95 1462//257 1463//219
f 1463//219 1623//64 1622//95
f 1623//64 1463//219 1464//1122
f 1464//1122 1624//44 1623//64
f 1624//44 1464//1122 1465//140
f 1465//140 1625//36 1624//44
f 1625//36 1465//140 1466//141
f 1466//141 1626//37 1625//36
f 1626//37 1466//141 1467//184
f 1467//184 1627//45 1626//37
f 1627//45 1467//184 1468//226
f 1468//226 1628//69 1627//45
f 1628//69 1468//226 1469//264
f 1469//264 1629//102 1628//69
f 1629//102 1469//264 1470//325
f 1470//325 1630//136 1629//102
f 1630//136 1470//325 1471//379
f 1471//379 1631//180 1630//136
f 1631//180 1471//379 1472//1123
f 1472//1123 1632//222 1631//180
f 1632//222 1472//1123 1473//481
f 1473//481 1633//260 1632//222
f 1633//260 1473//481 1474//554
f 1474//554 1634//321 1633//260
f 1634//321 1474//554 1475//1124
f 1475//1124 1635//375 1634//321
f 1635//375 1475//1124 1476//752
f 1476//752 1636//421 1635//375
f 1636//421 1476//752 1477//657
f 1477//657 1637//1224 1636//421
f 1637//1224 1477//657 1478//924
f 1478//924 1638//550 1637//1224
f 1638//550 1478//924 1479//925
f 1479//925 1639//633 1638//550
f 1639//633 1479//925 1480//1125
f 1480//1125 1640//748 1639//633
f 1640//748 1480//1125 1481//1126
f 1481//1126 1641//912 1640//748
f 1641//912 1481//1126 1482//652
f 1482//652 1642//780 1641//912
f 1642//780 1482//652 1483//651
f 1483//651 1643//1117 1642//780
f 1643//1117 1483//651 1484//650
f 1484//650 1644//782 1643//1117
f 1644//782 1484//650 1485//1127
f 1485//1127 1645//1225 1644//782
f 1645//1225 1485//1127 1486//784
f 1486//784 1646//927 1645//1225
f 1646//927 1486//784 1487//647
f 1487//647 1647//1076 1646//927
f 1647//1076 1487//647 1488//646
f 1488//646 1550//786 1647//1076
f 1550//786 1488//646 1489//928
f 1489//928 1393//878 1550//786
f 584//506 1491//1129 1648//1226
f 1308//1009 1343//1044 1342//1043
f 1342//1043 1491//1129 1308//1009
f 1649//1227 1650//1228 1493//1131
f 1493//1131 1492//1130 1649//1227
f 1651//1229 1492//1130 1312//1013
f 1312//1013 1494//1132 1651//1229
f 1652//1230 1494//1132 1314//1015
f 1314//1015 1495//1133 1652//1230
f 1653//1231 1495//1133 1315//1016
f 1315//1016 1496//1134 1653//1231
f 1587//1209 1496//1134 1316//1017
f 1316//1017 1425//1108 1587//1209
f 1497//1135 1320//1021 1498//1136
f 1498//1136 1654//1232 1497//1135
f 1498//1136 1322//1023 1500//1138
f 1500//1138 1655//1233 1498//1136
f 1500//1138 1499//1137 1656//1234
f 1656//1234 1657//1235 1500//1138
f 1499//1137 1501//1139 1658//1236
f 1658//1236 1656//1234 1499//1137
f 1323//1024 1502//1140 1659//1237
f 1659//1237 1501//1139 1323//1024
f 1324//1025 1503//1141 1660//1238
f 1660//1238 1502//1140 1324//1025
f 1325//1026 1504//1142 1661//1239
f 1661//1239 1503//1141 1325//1026
f 1650//1228 1504//1142 1326//1027
f 1326//1027 1493//1131 1650//1228
f 1505//1143 1330//1031 1329//1030
f 1329//1030 1345//1046 1505//1143
f 1505//1143 670//576 1662//1240
f 1663//1241 670//576 1506//1144
f 1346//1047 1664//1242 1335//1036
f 1335//1036 1334//1035 1506//1144
f 1335//1036 1506//1144 1346//1047
f 1507//1145 1665//1243 1346//1047
f 1347//1048 1023//851 1022//850
f 1022//850 1507//1145 1347//1048
f 1509//1147 1348//1049 1508//1146
f 1508//1146 1666//1244 1509//1147
f 1508//1146 1497//1135 1654//1232
f 1654//1232 1667//1245 1508//1146
f 1509//1147 1668//1246 1510//1148
f 1510//1148 1349//1050 1509//1147
f 1510//1148 1669//1247 1511//1149
f 1511//1149 1350//1051 1510//1148
f 1511//1149 1670//1248 1512//1150
f 1512//1150 1351//1052 1511//1149
f 1512//1150 1671//1249 1513//1151
f 1513//1151 1352//1053 1512//1150
f 1513//1151 1672//1250 1523//1158
f 1523//1158 1362//1060 1513//1151
f 1514//1152 1673//1251 1516//1154
f 1516//1154 1353//1054 1514//1152
f 1514//1152 1357//584 1517//584
f 1517//584 1674//1252 1514//1152
f 1517//584 839//710 1675//1253
f 839//710 1518//967 1676//967
f 1358//967 1519//1155 1677//1254
f 1677//1254 1518//967 1358//967
f 1360//1059 1678//1255 1679//1256
f 1679//1256 1519//1155 1360//1059
f 1361//967 1521//967 1680//1257
f 1680//1257 1520//1156 1361//967
f 1678//1255 1360//1059 1359//1058
f 1359//1058 1681//1258 1678//1255
f 1681//1258 1359//1058 1520//1156
f 1520//1156 1682//1259 1681//1258
f 1521//967 999//828 1683//967
f 1684//1260 1685//1260 1686//1261
f 1686//1261 1578//1200 1233//989
f 1233//989 1687//1262 1684//1260
f 1686//1261 1233//989 1684//1260
f 1688//967 999//828 1687//1262
f 1363//1061 1524//1159 1689//1263
f 1689//1263 1522//1157 1363//1061
f 1523//1158 1690//1264 1691//1265
f 1691//1265 1524//1159 1523//1158
f 683//587 1525//1160 1692//1266
f 1528//1163 1015//843 1014//842
f 1014//842 1370//1068 1528//1163
f 584//506 1693//1267 1527//1162
f 1369//1067 1527//1162 1339//1040
f 1339//1040 1338//1039 1694//1268
f 1339//1040 1694//1268 1369//1067
f 1528//1163 1369//1067 1694//1268
f 1694//1268 1695//1269 1528//1163
f 1379//1075 1530//1165 1696//861
f 1696//861 1537//671 1379//1075
f 1372//1070 1531//1166 1697//1270
f 1697//1270 1530//1165 1372//1070
f 1373//1071 1532//1167 1698//1271
f 1698//1271 1531//1166 1373//1071
f 1378//762 1536//761 1699//1272
f 1699//1272 1532//1167 1378//762
f 1375//1073 1533//1168 1700//1273
f 1701//1274 1702//1275 1703//1276
f 1704//1277 1703//1276 1702//1275
f 1702//1275 1375//1073 1704//1277
f 1535//35 1705//35 1706//760
f 1706//760 1536//761 1535//35
f 1537//671 1707//783 1538//927
f 1538//927 1381//591 1537//671
f 1708//35 1529//1164 1215//981
f 1215//981 1380//35 1708//35
f 1539//35 1380//35 1216//982
f 1216//982 1043//870 1539//35
f 1538//927 1709//784 1542//647
f 1542//647 1384//1076 1538//927
f 1710//35 1539//35 1382//35
f 1382//35 1540//35 1710//35
f 1541//35 1383//35 1387//35
f 1387//35 1545//35 1541//35
f 1711//1278 1540//35 1541//35
f 1541//35 1712//1279 1711//1278
f 1542//647 1647//1076 1550//786
f 1550//786 1391//646 1542//647
f 1553//1176 1544//1171 1543//1170
f 1713//1280 1545//35 1388//35
f 1388//35 1546//1172 1713//1280
f 1547//1173 1389//35 1548//35
f 1548//35 1714//1281 1547//1173
f 1548//35 1390//35 1549//35
f 1549//35 1715//35 1548//35
f 1401//1079 1553//1176 1543//1170
f 1543//1170 1392//1079 1401//1079
f 1056//882 1399//1085 1716//1282
f 1716//1282 1551//1174 1056//882
f 1551//1174 1717//1283 1552//1175
f 1552//1175 1400//1086 1551//1174
f 1718//1284 1402//1087 1394//1080
f 1394//1080 1395//1081 1718//1284
f 1396//1082 1554//1090 1719//1091
f 1719//1091 1397//1083 1396//1082
f 1556//1178 1720//1177 1554//1090
f 1554//1090 1406//1091 1556//1178
f 1721//1285 1556//1178 1555//1177
f 1555//1177 1722//1285 1721//1285
f 1722//1285 1555//1177 1557//1179
f 1557//1179 1723//1285 1722//1285
f 1724//1286 1558//1180 683//587
f 1558//1180 1725//1287 1726//1095
f 1726//1095 1559//1181 1558//1180
f 1579//1201 1409//1093 1561//1183
f 1561//1183 1727//1288 1728//1289
f 1561//1183 1728//1289 1579//1201
f 1563//1185 1729//1290 1730//1291
f 1730//1291 1562//1184 1412//1096
f 1730//1291 1412//1096 1563//1185
f 1070//893 1729//1290 1563//1185
f 1416//1100 1568//1190 1731//1292
f 1731//1292 1564//1186 1416//1100
f 1565//1187 1567//1189 1569//1191
f 1569//1191 1732//1293 1565//1187
f 1685//1260 1063//886 1686//1261
f 1728//1289 1233//989 1579//1201
f 1580//1202 1733//1294 1581//1203
f 1581//1203 1418//1102 1580//1202
f 1564//1186 1731//1292 1733//1294
f 1733//1294 1580//1202 1564//1186
f 1734//1285 1582//1204 1581//1203
f 1581//1203 1733//1294 1734//1285
f 1723//1285 1557//1179 1582//1204
f 1582//1204 1734//1285 1723//1285
f 1735//1295 1736//1296 1585//1207
f 1585//1207 1584//1206 1735//1295
f 1737//1297 1584//1206 1422//1105
f 1422//1105 1586//1208 1737//1297
f 1585//1207 1738//1298 1587//1209
f 1587//1209 1423//1106 1585//1207
f 1739//1299 1586//1208 1424//1107
f 1424//1107 1588//1210 1739//1299
f 1740//1300 1588//1210 1426//1109
f 1426//1109 1589//1211 1740//1300
f 1741//1301 1589//1211 1590//1212
f 1590//1212 1742//1302 1741//1301
f 1743//1303 1591//1213 1432//1115
f 1432//1115 1592//1214 1743//1303
f 1430//1113 1431//1114 1490//1128
f 1490//1128 1307//1008 1420//35
f 1420//35 1583//1205 1430//1113
f 1490//1128 1420//35 1430//1113
f 1593//1215 1744//1304 1745//1305
f 1745//1305 1592//1214 1593//1215
f 1746//1306 1595//1217 1594//1216
f 1594//1216 1747//1307 1748//1308
f 1748//1308 1749//1309 1594//1216
f 1750//35 1598//35 1597//1219
f 1597//1219 1751//1076 1750//35
f 1434//1117 1599//1220 1752//1310
f 1752//1310 1597//1219 1434//1117
f 1436//1118 1600//1221 1753//1311
f 1753//1311 1599//1220 1436//1118
f 1437//1119 1601//1222 1754//1312
f 1754//1312 1600//1221 1437//1119
f 1438//1120 1602//1125 1755//1126
f 1755//1126 1601//1222 1438//1120
f 1439//925 1603//1004 1756//760
f 1756//760 1602//1125 1439//925
f 1440//1003 1604//677 1757//917
f 1757//917 1603//1004 1440//1003
f 1441//678 1605//1002 1606//1003
f 1606//1003 1604//677 1441//678
f 1604//677 1606//1003 1607//1004
f 1607//1004 1757//917 1604//677
f 1757//917 1607//1004 1608//760
f 1608//760 1758//918 1757//917
f 1758//918 1608//760 1609//761
f 1609//761 1759//919 1758//918
f 1759//919 1609//761 1610//762
f 1610//762 1760//673 1759//919
f 1760//673 1610//762 1611//978
f 1611//978 1761//672 1760//673
f 1761//672 1611//978 1612//719
f 1612//719 1762//671 1761//672
f 1762//671 1612//719 1613//507
f 1613//507 1763//670 1762//671
f 1763//670 1613//507 1614//454
f 1614//454 1764//669 1763//670
f 1764//669 1614//454 1615//402
f 1615//402 1765//668 1764//669
f 1765//668 1615//402 1616//351
f 1616//351 1766//921 1765//668
f 1766//921 1616//351 1617//299
f 1617//299 1767//514 1766//921
f 1767//514 1617//299 1618//246
f 1618//246 1768//463 1767//514
f 1768//463 1618//246 1619//1223
f 1619//1223 1769//410 1768//463
f 1769//410 1619//1223 1620//164
f 1620//164 1770//362 1769//410
f 1770//362 1620//164 1621//125
f 1621//125 1771//922 1770//362
f 1771//922 1621//125 1622//95
f 1622//95 1772//257 1771//922
f 1772//257 1622//95 1623//64
f 1623//64 1773//219 1772//257
f 1773//219 1623//64 1624//44
f 1624//44 1774//179 1773//219
f 1774//179 1624//44 1625//36
f 1625//36 1775//140 1774//179
f 1775//140 1625//36 1626//37
f 1626//37 1776//141 1775//140
f 1776//141 1626//37 1627//45
f 1627//45 1777//184 1776//141
f 1777//184 1627//45 1628//69
f 1628//69 1778//226 1777//184
f 1778//226 1628//69 1629//102
f 1629//102 1779//264 1778//226
f 1779//264 1629//102 1630//136
f 1630//136 1780//325 1779//264
f 1780//325 1630//136 1631//180
f 1631//180 1781//379 1780//325
f 1781//379 1631//180 1632//222
f 1632//222 1782//425 1781//379
f 1782//425 1632//222 1633//260
f 1633//260 1783//481 1782//425
f 1783//481 1633//260 1634//321
f 1634//321 1784//554 1783//481
f 1784//554 1634//321 1635//375
f 1635//375 1785//637 1784//554
f 1785//637 1635//375 1636//421
f 1636//421 1786//752 1785//637
f 1786//752 1636//421 1637//1224
f 1637//1224 1787//657 1786//752
f 1787//657 1637//1224 1638//550
f 1638//550 1788//924 1787//657
f 1788//924 1638//550 1639//633
f 1639//633 1789//925 1788//924
f 1789//925 1639//633 1640//748
f 1640//748 1790//654 1789//925
f 1790//654 1640//748 1641//912
f 1641//912 1791//1126 1790//654
f 1791//1126 1641//912 1642//780
f 1642//780 1792//652 1791//1126
f 1792//652 1642//780 1643//1117
f 1643//1117 1793//651 1792//652
f 1793//651 1643//1117 1644//782
f 1644//782 1794//650 1793//651
f 1794//650 1644//782 1645//1225
f 1645//1225 1795//1127 1794//650
f 1795//1127 1645//1225 1646//927
f 1646//927 1709//784 1795//1127
f 1709//784 1646//927 1647//1076
f 1647//1076 1542//647 1709//784
f 584//506 1648//1226 1693//1267
f 1650//1228 1649//1227 1796//1313
f 1796//1313 1797//1314 1650//1228
f 1798//1315 1649//1227 1492//1130
f 1492//1130 1651//1229 1798//1315
f 1799//1316 1651//1229 1494//1132
f 1494//1132 1652//1230 1799//1316
f 1800//1317 1652//1230 1495//1133
f 1495//1133 1653//1231 1800//1317
f 1738//1298 1653//1231 1496//1134
f 1496//1134 1587//1209 1738//1298
f 1654//1232 1498//1136 1655//1233
f 1655//1233 1801//1318 1654//1232
f 1655//1233 1500//1138 1657//1235
f 1657//1235 1802//1319 1655//1233
f 1657//1235 1656//1234 1803//1320
f 1803//1320 1804//1321 1657//1235
f 1656//1234 1658//1236 1805//1322
f 1805//1322 1803//1320 1656//1234
f 1501//1139 1659//1237 1806//1323
f 1806//1323 1658//1236 1501//1139
f 1502//1140 1660//1238 1807//1324
f 1807//1324 1659//1237 1502//1140
f 1503//1141 1661//1239 1808//1325
f 1808//1325 1660//1238 1503//1141
f 1504//1142 1650//1228 1797//1314
f 1797//1314 1661//1239 1504//1142
f 1662//1240 1331//1032 1330//1031
f 1330//1031 1505//1143 1662//1240
f 1662//1240 670//576 1809//1326
f 1809//1326 670//576 1663//1241
f 1506//1144 1334//1035 1333//1034
f 1333//1034 1663//1241 1506//1144
f 1810//1327 1336//1037 1335//1036
f 1335//1036 1664//1242 1810//1327
f 1665//1243 1811//1328 1664//1242
f 1664//1242 1346//1047 1665//1243
f 1507//1145 1022//850 1021//849
f 1021//849 1665//1243 1507//1145
f 1668//1246 1509//1147 1666//1244
f 1666//1244 1812//1329 1668//1246
f 1666//1244 1508//1146 1667//1245
f 1667//1245 1813//1330 1666//1244
f 1667//1245 1654//1232 1801//1318
f 1801//1318 1814//1331 1667//1245
f 1668//1246 1815//1332 1669//1247
f 1669//1247 1510//1148 1668//1246
f 1669//1247 1816//1333 1670//1248
f 1670//1248 1511//1149 1669//1247
f 1670//1248 1817//1334 1671//1249
f 1671//1249 1512//1150 1670//1248
f 1671//1249 1818//1335 1672//1250
f 1672//1250 1513//1151 1671//1249
f 1672//1250 1819//1336 1690//1264
f 1690//1264 1523//1158 1672//1250
f 1673//1251 1514//1152 1674//1252
f 1674//1252 1820//1337 1673//1251
f 1674//1252 1517//584 1675//1253
f 1675//1253 1821//1338 1674//1252
f 1675//1253 839//710 1822//585
f 1823//1339 839//710 1676//967
f 1518//967 1677//1254 1824//1340
f 1824//1340 1676//967 1518//967
f 1519//1155 1679//1256 1825//1341
f 1825//1341 1677//1254 1519//1155
f 1680//1257 1826//1342 1682//1259
f 1682//1259 1520//1156 1680//1257
f 1680//1257 1521//967 1683//967
f 1683//967 1827//1343 1680//1257
f 1683//967 999//828 1828//967
f 1829//1344 999//828 1688//967
f 1830//1345 1688//967 1687//1262
f 1687//1262 1233//989 1831//1346
f 1687//1262 1831//1346 1830//1345
f 1689//1263 1832//1347 1572//1194
f 1572//1194 1522//1157 1689//1263
f 1524//1159 1691//1265 1833//1348
f 1833//1348 1689//1263 1524//1159
f 1690//1264 1834//1349 1835//1350
f 1835//1350 1691//1265 1690//1264
f 683//587 1692//1266 1836//1351
f 1525//1160 1837//1352 1838//1353
f 1838//1353 1692//1266 1525//1160
f 1837//1352 1525//1160 1367//1065
f 1367//1065 1526//1161 1837//1352
f 1695//1269 1016//844 1015//843
f 1015//843 1528//1163 1695//1269
f 1693//1267 1340//1041 1339//1040
f 1339//1040 1527//1162 1693//1267
f 1694//1268 1338//1039 1337//1038
f 1337//1038 1839//1354 1694//1268
f 1695//1269 1694//1268 1839//1354
f 1839//1354 1840//1355 1695//1269
f 1537//671 1696//861 1841//650
f 1841//650 1707//783 1537//671
f 1530//1165 1697//1270 1842//672
f 1842//672 1696//861 1530//1165
f 1531//1166 1698//1271 1843//1356
f 1843//1356 1697//1270 1531//1166
f 1532//1167 1699//1272 1844//1357
f 1844//1357 1698//1271 1532//1167
f 1536//761 1706//760 1845//1358
f 1845//1358 1699//1272 1536//761
f 1375//1073 1700//1273 1704//1277
f 1374//1072 1534//1169 1846//1359
f 1846//1359 1700//1273 1533//1168
f 1846//1359 1533//1168 1374//1072
f 1708//35 1846//1359 1534//1169
f 1534//1169 1529//1164 1708//35
f 1847//1360 1702//1275 1701//1274
f 1703//1276 1848//1361 1711//1278
f 1711//1278 1701//1274 1703//1276
f 1703//1276 1704//1277 1700//1273
f 1700//1273 1846//1359 1848//1361
f 1700//1273 1848//1361 1703//1276
f 1849//1362 1850//1363 1851//1364
f 1851//1364 1852//1365 1849//1362
f 1853//1366 1850//1363 1849//1362
f 1849//1362 1702//1275 1853//1366
f 1705//35 1854//35 1855//1004
f 1855//1004 1706//760 1705//35
f 1707//783 1795//1127 1709//784
f 1709//784 1538//927 1707//783
f 1708//35 1380//35 1539//35
f 1539//35 1710//35 1708//35
f 1848//1361 1710//35 1540//35
f 1540//35 1711//1278 1848//1361
f 1712//1279 1541//35 1545//35
f 1545//35 1713//1280 1712//1279
f 1701//1274 1711//1278 1712//1279
f 1712//1279 1847//1360 1701//1274
f 1856//1367 1713//1280 1546//1172
f 1546//1172 1857//1368 1856//1367
f 1858//1369 1859//1370 1857//1368
f 1857//1368 1546//1172 1547//1173
f 1857//1368 1547//1173 1858//1369
f 1858//1369 1547//1173 1714//1281
f 1714//1281 1860//1371 1858//1369
f 1861//1372 1862//1373 1714//1281
f 1714//1281 1548//35 1715//35
f 1714//1281 1715//35 1861//1372
f 1715//35 1549//35 1863//1374
f 1863//1374 1864//1375 1865//1376
f 1865//1376 1866//1377 1715//35
f 1863//1374 1865//1376 1715//35
f 1552//1175 1717//1283 1863//1374
f 1863//1374 1549//35 1544//1171
f 1544//1171 1553//1176 1552//1175
f 1863//1374 1544//1171 1552//1175
f 1395//1081 1397//1083 1867//1378
f 1867//1378 1718//1284 1395//1081
f 1399//1085 1868//1379 1716//1282
f 1869//1380 1870//1381 1399//1085
f 1399//1085 1398//1084 1869//1380
f 1399//1085 1870//1381 1871//1382
f 1871//1382 1872//1383 1399//1085
f 1718//1284 1873//1384 1403//1088
f 1403//1088 1402//1087 1718//1284
f 1869//1380 1398//1084 1403//1088
f 1403//1088 1874//1385 1869//1380
f 1403//1088 1873//1384 1875//1386
f 1875//1386 1874//1385 1403//1088
f 1397//1083 1719//1091 1876//1387
f 1876//1387 1867//1378 1397//1083
f 1554//1090 1720//1177 1877//1177
f 1877//1177 1719//1091 1554//1090
f 1878//1285 1720//1177 1556//1178
f 1556//1178 1721//1285 1878//1285
f 1879//1285 1721//1285 1722//1285
f 1722//1285 1880//1285 1879//1285
f 1880//1285 1722//1285 1723//1285
f 1723//1285 1881//1388 1880//1285
f 1070//893 1560//1182 1882//1389
f 1558//1180 1724//1286 1883//1390
f 1883//1390 1725//1287 1558//1180
f 683//587 1884//1391 1724//1286
f 1559//1181 1726//1095 1885//1392
f 1885//1392 1560//1182 1559//1181
f 1728//1289 1727//1288 1886//1393
f 1886//1393 1887//1394 1728//1289
f 1888//1395 1889//1396 1730//1291
f 1730//1291 1729//1290 1888//1395
f 1070//893 1888//1395 1729//1290
f 1890//1285 1891//1388 1731//1292
f 1731//1292 1568//1190 1890//1285
f 1732//1293 1892//1285 1566//1188
f 1566//1188 1565//1187 1732//1293
f 1892//1285 1890//1285 1568//1190
f 1568//1190 1566//1188 1892//1285
f 1732//1293 1569//1191 1574//1196
f 1574//1196 1893//1285 1732//1293
f 1571//1193 1894//1397 1895//1398
f 1895//1398 1896//1399 1570//1192
f 1895//1398 1570//1192 1571//1193
f 1896//1399 1897//1400 1573//1195
f 1573//1195 1570//1192 1896//1399
f 1894//1397 1571//1193 1572//1194
f 1572//1194 1832//1347 1894//1397
f 1573//1195 1897//1400 1898//1401
f 1898//1401 1574//1196 1573//1195
f 1887//1394 1233//989 1728//1289
f 1891//1388 1734//1285 1733//1294
f 1733//1294 1731//1292 1891//1388
f 1881//1388 1723//1285 1734//1285
f 1734//1285 1891//1388 1881//1388
f 1899//1402 1900//1403 1736//1296
f 1736//1296 1735//1295 1899//1402
f 1901//1404 1735//1295 1584//1206
f 1584//1206 1737//1297 1901//1404
f 1736//1296 1902//1405 1738//1298
f 1738//1298 1585//1207 1736//1296
f 1903//1406 1737//1297 1586//1208
f 1586//1208 1739//1299 1903//1406
f 1904//1407 1739//1299 1588//1210
f 1588//1210 1740//1300 1904//1407
f 1905//1408 1740//1300 1589//1211
f 1589//1211 1741//1301 1905//1408
f 1906//1409 1741//1301 1742//1302
f 1742//1302 1907//1410 1906//1409
f 1742//1302 1590//1212 1428//1111
f 1428//1111 1591//1213 1742//1302
f 1591//1213 1743//1303 1907//1410
f 1907//1410 1742//1302 1591//1213
f 1908//1411 1743//1303 1592//1214
f 1592//1214 1909//1412 1908//1411
f 1744//1304 1593//1215 1910//1413
f 1911//1414 1592//1214 1745//1305
f 1744//1304 1912//1078 1913//873
f 1913//873 1745//1305 1744//1304
f 1593//1215 1596//1218 1914//1415
f 1594//1216 1749//1309 1746//1306
f 1748//1308 1915//1416 1916//1417
f 1916//1417 1749//1309 1748//1308
f 1748//1308 1747//1307 1917//1418
f 1747//1307 1918//1419 1919//1420
f 1919//1420 1920//1421 1747//1307
f 1921//35 1750//35 1751//1076
f 1751//1076 1922//786 1921//35
f 1751//1076 1597//1219 1752//1310
f 1752//1310 1923//1422 1751//1076
f 1599//1220 1753//1311 1924//1423
f 1924//1423 1752//1310 1599//1220
f 1600//1221 1754//1312 1925//1424
f 1925//1424 1753//1311 1600//1221
f 1601//1222 1755//1126 1926//652
f 1926//652 1754//1312 1601//1222
f 1602//1125 1756//760 1927//761
f 1927//761 1755//1126 1602//1125
f 1603//1004 1757//917 1758//918
f 1758//918 1756//760 1603//1004
f 1756//760 1758//918 1759//919
f 1759//919 1927//761 1756//760
f 1927//761 1759//919 1760//673
f 1760//673 1928//762 1927//761
f 1928//762 1760//673 1761//672
f 1761//672 1929//978 1928//762
f 1929//978 1761//672 1762//671
f 1762//671 1930//719 1929//978
f 1931//507 1930//719 1762//671
f 1762//671 1763//670 1931//507
f 1932//454 1931//507 1763//670
f 1763//670 1764//669 1932//454
f 1933//402 1932//454 1764//669
f 1764//669 1765//668 1933//402
f 1934//351 1933//402 1765//668
f 1765//668 1766//921 1934//351
f 1935//299 1934//351 1766//921
f 1766//921 1767//514 1935//299
f 1936//246 1935//299 1767//514
f 1767//514 1768//463 1936//246
f 1937//1223 1936//246 1768//463
f 1768//463 1769//410 1937//1223
f 1938//164 1937//1223 1769//410
f 1769//410 1770//362 1938//164
f 1939//125 1938//164 1770//362
f 1770//362 1771//922 1939//125
f 1940//95 1939//125 1771//922
f 1771//922 1772//257 1940//95
f 1941//64 1940//95 1772//257
f 1772//257 1773//219 1941//64
f 1942//44 1941//64 1773//219
f 1773//219 1774//179 1942//44
f 1943//36 1942//44 1774//179
f 1774//179 1775//140 1943//36
f 1944//37 1943//36 1775//140
f 1775//140 1776//141 1944//37
f 1945//45 1944//37 1776//141
f 1776//141 1777//184 1945//45
f 1946//69 1945//45 1777//184
f 1777//184 1778//226 1946//69
f 1947//102 1946//69 1778//226
f 1778//226 1779//264 1947//102
f 1948//136 1947//102 1779//264
f 1779//264 1780//325 1948//136
f 1949//180 1948//136 1780//325
f 1780//325 1781//379 1949//180
f 1950//222 1949//180 1781//379
f 1781//379 1782//425 1950//222
f 1951//260 1950//222 1782//425
f 1782//425 1783//481 1951//260
f 1952//321 1951//260 1783//481
f 1783//481 1784//554 1952//321
f 1953//375 1952//321 1784//554
f 1784//554 1785//637 1953//375
f 1954//421 1953//375 1785//637
f 1785//637 1786//752 1954//421
f 1955//1224 1954//421 1786//752
f 1786//752 1787//657 1955//1224
f 1956//550 1955//1224 1787//657
f 1787//657 1788//924 1956//550
f 1957//633 1956//550 1788//924
f 1788//924 1789//925 1957//633
f 1958//748 1957//633 1789//925
f 1789//925 1790//654 1958//748
f 1959//912 1958//748 1790//654
f 1790//654 1791//1126 1959//912
f 1960//780 1959//912 1791//1126
f 1791//1126 1792//652 1960//780
f 1961//1117 1960//780 1792//652
f 1792//652 1793//651 1961//1117
f 1841//650 1961//1117 1793//651
f 1793//651 1794//650 1841//650
f 1707//783 1841//650 1794//650
f 1794//650 1795//1127 1707//783
f 1648//1226 1341//1042 1340//1041
f 1340//1041 1693//1267 1648//1226
f 1342//1043 1341//1042 1648//1226
f 1648//1226 1491//1129 1342//1043
f 1797//1314 1796//1313 1962//1425
f 1962//1425 1963//1426 1797//1314
f 1649//1227 1798//1315 1964//1427
f 1964//1427 1796//1313 1649//1227
f 1965//1428 1798//1315 1651//1229
f 1651//1229 1799//1316 1965//1428
f 1966//1429 1799//1316 1652//1230
f 1652//1230 1800//1317 1966//1429
f 1902//1405 1800//1317 1653//1231
f 1653//1231 1738//1298 1902//1405
f 1801//1318 1655//1233 1802//1319
f 1802//1319 1967//1430 1801//1318
f 1802//1319 1657//1235 1804//1321
f 1804//1321 1968//1431 1802//1319
f 1804//1321 1803//1320 1969//1432
f 1969//1432 1970//1433 1804//1321
f 1803//1320 1805//1322 1971//1434
f 1971//1434 1969//1432 1803//1320
f 1658//1236 1806//1323 1972//1435
f 1972//1435 1805//1322 1658//1236
f 1659//1237 1807//1324 1973//1436
f 1973//1436 1806//1323 1659//1237
f 1660//1238 1808//1325 1974//1437
f 1974//1437 1807//1324 1660//1238
f 1661//1239 1797//1314 1963//1426
f 1963//1426 1808//1325 1661//1239
f 1809//1326 1332//1033 1331//1032
f 1331//1032 1662//1240 1809//1326
f 1663//1241 1333//1034 1332//1033
f 1332//1033 1809//1326 1663//1241
f 1839//1354 1337//1038 1336//1037
f 1336//1037 1810//1327 1839//1354
f 1810//1327 1664//1242 1975//1438
f 1975//1438 1976//1439 1810//1327
f 1665//1243 1021//849 1020//848
f 1020//848 1811//1328 1665//1243
f 1664//1242 1811//1328 1975//1438
f 1815//1332 1668//1246 1812//1329
f 1812//1329 1977//1440 1815//1332
f 1812//1329 1666//1244 1813//1330
f 1813//1330 1978//1441 1812//1329
f 1813//1330 1667//1245 1814//1331
f 1814//1331 1979//1442 1813//1330
f 1814//1331 1801//1318 1967//1430
f 1967//1430 1980//1443 1814//1331
f 1815//1332 1981//1444 1816//1333
f 1816//1333 1669//1247 1815//1332
f 1816//1333 1982//1445 1817//1334
f 1817//1334 1670//1248 1816//1333
f 1817//1334 1983//1446 1818//1335
f 1818//1335 1671//1249 1817//1334
f 1818//1335 1984//1447 1819//1336
f 1819//1336 1672//1250 1818//1335
f 1819//1336 1985//1448 1834//1349
f 1834//1349 1690//1264 1819//1336
f 1821//1338 1986//1449 1820//1337
f 1820//1337 1674//1252 1821//1338
f 1821//1338 1675//1253 1822//585
f 1822//585 1987//1450 1821//1338
f 1822//585 839//710 1988//1451
f 1988//1451 839//710 1823//1339
f 1989//1452 1070//893 1823//1339
f 1823//1339 1676//967 1824//1340
f 1823//1339 1824//1340 1989//1452
f 1677//1254 1825//1341 1990//971
f 1990//971 1824//1340 1677//1254
f 1827//1343 1991//1453 1826//1342
f 1826//1342 1680//1257 1827//1343
f 1827//1343 1683//967 1828//967
f 1828//967 1992//1454 1827//1343
f 1828//967 999//828 1829//1344
f 1993//1455 1829//1344 1688//967
f 1688//967 1830//1345 1993//1455
f 1689//1263 1994//1456 1832//1347
f 1833//1348 1995//1457 1994//1456
f 1994//1456 1689//1263 1833//1348
f 1691//1265 1835//1350 1996//1458
f 1996//1458 1833//1348 1691//1265
f 1834//1349 1997//1459 1998//1460
f 1998//1460 1835//1350 1834//1349
f 683//587 1836//1351 1884//1391
f 1836//1351 1692//1266 1838//1353
f 1838//1353 1999//1396 1836//1351
f 1840//1355 1017//845 1016//844
f 1016//844 1695//1269 1840//1355
f 1840//1355 1839//1354 1810//1327
f 1810//1327 1976//1439 1840//1355
f 1696//861 1842//672 1961//1117
f 1961//1117 1841//650 1696//861
f 1697//1270 1843//1356 2000//673
f 2000//673 1842//672 1697//1270
f 1698//1271 1844//1357 2001//1461
f 2001//1461 1843//1356 1698//1271
f 1699//1272 1845//1358 2002//1462
f 2002//1462 1844//1357 1699//1272
f 1706//760 1855//1004 2003//1463
f 2003//1463 1845//1358 1706//760
f 1846//1359 1708//35 1710//35
f 1710//35 1848//1361 1846//1359
f 1702//1275 1847//1360 1856//1367
f 1853//1366 2004//1464 2005//1465
f 2005//1465 1850//1363 1853//1366
f 1853//1366 1702//1275 1856//1367
f 1856//1367 1857//1368 2006//1466
f 1856//1367 2006//1466 1853//1366
f 2007//1467 1852//1365 1851//1364
f 1851//1364 2008//1468 2007//1467
f 1854//35 2009//35 2010//1003
f 2010//1003 1855//1004 1854//35
f 1847//1360 1712//1279 1713//1280
f 1713//1280 1856//1367 1847//1360
f 1860//1371 2011//1469 2012//1469
f 2012//1469 1858//1369 1860//1371
f 1860//1371 1714//1281 1862//1373
f 1862//1373 1861//1372 2013//1470
f 2013//1470 2014//1470 1862//1373
f 2015//1471 1861//1372 1715//35
f 1715//35 1866//1377 2016//1472
f 1715//35 2016//1472 2015//1471
f 1399//1085 1872//1383 1868//1379
f 1871//1382 1866//1377 1865//1376
f 1865//1376 1872//1383 1871//1382
f 1871//1382 1870//1381 2017//1473
f 2018//1285 1877//1177 1720//1177
f 1720//1177 1878//1285 2018//1285
f 2019//1285 1878//1285 1721//1285
f 1721//1285 1879//1285 2019//1285
f 2020//1285 1879//1285 1880//1285
f 1880//1285 2021//1285 2020//1285
f 2021//1285 1880//1285 1881//1388
f 1881//1388 2022//1285 2021//1285
f 1882//1389 2023//1474 1070//893
f 1560//1182 1885//1392 2024//1475
f 2024//1475 1882//1389 1560//1182
f 1884//1391 2025//1476 1883//1390
f 1883//1390 1724//1286 1884//1391
f 1070//893 2026//1477 1888//1395
f 2022//1285 1881//1388 1891//1388
f 1891//1388 1890//1285 2022//1285
f 1893//1285 2027//1285 1892//1285
f 1892//1285 1732//1293 1893//1285
f 2027//1285 2022//1285 1890//1285
f 1890//1285 1892//1285 2027//1285
f 1994//1456 1895//1398 1894//1397
f 1894//1397 1832//1347 1994//1456
f 1898//1401 2028//1285 1893//1285
f 1893//1285 1574//1196 1898//1401
f 2029//1478 1233//989 1887//1394
f 2030//1479 2031//1480 1900//1403
f 1900//1403 1899//1402 2030//1479
f 2032//1481 1899//1402 1735//1295
f 1735//1295 1901//1404 2032//1481
f 1900//1403 2033//1482 1902//1405
f 1902//1405 1736//1296 1900//1403
f 2034//1483 1901//1404 1737//1297
f 1737//1297 1903//1406 2034//1483
f 2035//1484 1903//1406 1739//1299
f 1739//1299 1904//1407 2035//1484
f 2036//1485 1904//1407 1740//1300
f 1740//1300 1905//1408 2036//1485
f 2037//1486 1905//1408 1741//1301
f 1741//1301 1906//1409 2037//1486
f 2038//1487 1906//1409 1907//1410
f 1907//1410 2039//1488 2038//1487
f 2040//1489 1908//1411 1909//1412
f 1909//1412 2041//1490 2040//1489
f 1909//1412 1592//1214 2042//1491
f 2042//1491 2043//1492 1909//1412
f 1744//1304 1910//1413 2044//1493
f 2044//1493 1912//1078 1744//1304
f 1593//1215 2045//1494 1910//1413
f 1592//1214 1911//1414 2046//1495
f 1745//1305 1913//873 2047//874
f 2047//874 1911//1414 1745//1305
f 1912//1078 2048//35 2049//35
f 2049//35 1913//873 1912//1078
f 1593//1215 1914//1415 2050//1496
f 1596//1218 2051//1497 2052//1498
f 2052//1498 1914//1415 1596//1218
f 1916//1417 1746//1306 1749//1309
f 1917//1418 2053//1499 1915//1416
f 1915//1416 1748//1308 1917//1418
f 2051//1497 1916//1417 1915//1416
f 1915//1416 2054//35 2051//1497
f 1917//1418 1747//1307 2055//1500
f 1747//1307 1920//1421 2055//1500
f 2056//1501 1918//1419 2057//1502
f 2057//1502 2058//1503 2056//1501
f 2059//35 1921//35 1922//786
f 1922//786 2060//878 2059//35
f 1922//786 1751//1076 1923//1422
f 1923//1422 2061//1504 1922//786
f 1923//1422 1752//1310 1924//1423
f 1924//1423 2062//1505 1923//1422
f 1753//1311 1925//1424 2063//1506
f 2063//1506 1924//1423 1753//1311
f 1754//1312 1926//652 2064//651
f 2064//651 1925//1424 1754//1312
f 1755//1126 1927//761 1928//762
f 1928//762 1926//652 1755//1126
f 1926//652 1928//762 1929//978
f 1929//978 2064//651 1926//652
f 2064//651 1929//978 1930//719
f 1930//719 2065//649 2064//651
f 2066//647 2065//649 1930//719
f 1930//719 1931//507 2066//647
f 2067//646 2066//647 1931//507
f 1931//507 1932//454 2067//646
f 2068//928 2067//646 1932//454
f 1932//454 1933//402 2068//928
f 2069//1089 2068//928 1933//402
f 1933//402 1934//351 2069//1089
f 2070//731 2069//1089 1934//351
f 1934//351 1935//299 2070//731
f 2071//605 2070//731 1935//299
f 1935//299 1936//246 2071//605
f 2072//534 2071//605 1936//246
f 1936//246 1937//1223 2072//534
f 2073//469 2072//534 1937//1223
f 1937//1223 1938//164 2073//469
f 2074//412 2073//469 1938//164
f 1938//164 1939//125 2074//412
f 2075//364 2074//412 1939//125
f 1939//125 1940//95 2075//364
f 2076//313 2075//364 1940//95
f 1940//95 1941//64 2076//313
f 2077//259 2076//313 1941//64
f 1941//64 1942//44 2077//259
f 2078//228 2077//259 1942//44
f 1942//44 1943//36 2078//228
f 2079//229 2078//228 1943//36
f 1943//36 1944//37 2079//229
f 2080//266 2079//229 1944//37
f 1944//37 1945//45 2080//266
f 2081//327 2080//266 1945//45
f 1945//45 1946//69 2081//327
f 2082//381 2081//327 1946//69
f 1946//69 1947//102 2082//381
f 2083//427 2082//381 1947//102
f 1947//102 1948//136 2083//427
f 2084//483 2083//427 1948//136
f 1948//136 1949//180 2084//483
f 2085//556 2084//483 1949//180
f 1949//180 1950//222 2085//556
f 2086//916 2085//556 1950//222
f 1950//222 1951//260 2086//916
f 2087//681 2086//916 1951//260
f 1951//260 1952//321 2087//681
f 2088//1507 2087//681 1952//321
f 1952//321 1953//375 2088//1507
f 2089//679 2088//1507 1953//375
f 1953//375 1954//421 2089//679
f 2090//678 2089//679 1954//421
f 1954//421 1955//1224 2090//678
f 2091//677 2090//678 1955//1224
f 1955//1224 1956//550 2091//677
f 2092//917 2091//677 1956//550
f 1956//550 1957//633 2092//917
f 2093//1121 2092//917 1957//633
f 1957//633 1958//748 2093//1121
f 2094//919 2093//1121 1958//748
f 1958//748 1959//912 2094//919
f 2000//673 2094//919 1959//912
f 1959//912 1960//780 2000//673
f 1842//672 2000//673 1960//780
f 1960//780 1961//1117 1842//672
f 1963//1426 1962//1425 2095//1508
f 2095//1508 2096//1509 1963//1426
f 1796//1313 1964//1427 2097//1510
f 2097//1510 1962//1425 1796//1313
f 1798//1315 1965//1428 2098//1511
f 2098//1511 1964//1427 1798//1315
f 2099//1512 1965//1428 1799//1316
f 1799//1316 1966//1429 2099//1512
f 2033//1482 1966//1429 1800//1317
f 1800//1317 1902//1405 2033//1482
f 1967//1430 1802//1319 1968//1431
f 1968//1431 2100//1513 1967//1430
f 1968//1431 1804//1321 1970//1433
f 1970//1433 2101//1514 1968//1431
f 1970//1433 1969//1432 2102//1515
f 2102//1515 2103//1516 1970//1433
f 1969//1432 1971//1434 2104//1517
f 2104//1517 2102//1515 1969//1432
f 1805//1322 1972//1435 2105//1518
f 2105//1518 1971//1434 1805//1322
f 1806//1323 1973//1436 2106//1519
f 2106//1519 1972//1435 1806//1323
f 1807//1324 1974//1437 2107//1520
f 2107//1520 1973//1436 1807//1324
f 1808//1325 1963//1426 2096//1509
f 2096//1509 1974//1437 1808//1325
f 1811//1328 1020//848 1019//847
f 1019//847 1975//1438 1811//1328
f 1981//1444 1815//1332 1977//1440
f 1977//1440 2108//1521 1981//1444
f 1977//1440 1812//1329 1978//1441
f 1978//1441 2109//1522 1977//1440
f 1978//1441 1813//1330 1979//1442
f 1979//1442 2110//1523 1978//1441
f 1979//1442 1814//1331 1980//1443
f 1980//1443 2111//1524 1979//1442
f 1980//1443 1967//1430 2100//1513
f 2100//1513 2112//1525 1980//1443
f 1981//1444 2113//1526 1982//1445
f 1982//1445 1816//1333 1981//1444
f 1982//1445 2114//1527 1983//1446
f 1983//1446 1817//1334 1982//1445
f 1983//1446 2115//1528 1984//1447
f 1984//1447 1818//1335 1983//1446
f 1984//1447 2116//1529 1985//1448
f 1985//1448 1819//1336 1984//1447
f 1985//1448 2117//1530 1997//1459
f 1997//1459 1834//1349 1985//1448
f 1987//1450 2118//1531 1986//1449
f 1986//1449 1821//1338 1987//1450
f 1987//1450 1822//585 1988//1451
f 1988//1451 2119//1532 1987//1450
f 1992//1454 2120//1533 1991//1453
f 1991//1453 1827//1343 1992//1454
f 1992//1454 1828//967 1829//1344
f 1829//1344 1993//1455 1992//1454
f 1831//1346 1233//989 2121//1534
f 1830//1345 2122//1535 2123//1536
f 2123//1536 1993//1455 1830//1345
f 1995//1457 1833//1348 2124//1537
f 1997//1459 2125//1538 2126//1539
f 2126//1539 1998//1460 1997//1459
f 1976//1439 1018//846 1017//845
f 1017//845 1840//1355 1976//1439
f 1843//1356 2001//1461 2094//919
f 2094//919 2000//673 1843//1356
f 1844//1357 2002//1462 2127//1540
f 2127//1540 2001//1461 1844//1357
f 1845//1358 2003//1463 2128//1541
f 2128//1541 2002//1462 1845//1358
f 1855//1004 2010//1003 2129//1542
f 2129//1542 2003//1463 1855//1004
f 2006//1466 2004//1464 1853//1366
f 2007//1467 2008//1468 2130//1543
f 2130//1543 2131//1544 2132//1545
f 2130//1543 2132//1545 2007//1467
f 2009//35 2133//35 2134//1546
f 2134//1546 2010//1003 2009//35
f 1858//1369 2012//1469 2135//1547
f 2135//1547 1859//1370 1858//1369
f 2011//1469 1860//1371 1862//1373
f 1862//1373 2014//1470 2011//1469
f 2011//1469 2004//1464 2012//1469
f 2013//1470 1861//1372 2015//1471
f 2015//1471 2136//1548 2013//1470
f 2136//1548 2015//1471 2016//1472
f 2016//1472 2017//1473 2136//1548
f 2016//1472 1866//1377 1871//1382
f 1871//1382 2017//1473 2016//1472
f 1864//1375 1863//1374 1717//1283
f 1717//1283 1551//1174 1716//1282
f 1717//1283 1716//1282 1864//1375
f 1867//1378 2137//1549 1718//1284
f 1868//1379 1872//1383 1865//1376
f 1865//1376 2138//1550 1868//1379
f 2138//1550 1864//1375 1716//1282
f 1716//1282 1868//1379 2138//1550
f 2013//1470 1870//1381 2004//1464
f 2004//1464 2014//1470 2013//1470
f 2139//1551 2004//1464 1870//1381
f 1870//1381 1869//1380 2139//1551
f 1870//1381 2136//1548 2017//1473
f 2140//1552 1873//1384 1718//1284
f 1718//1284 2141//1553 2140//1552
f 2141//1553 1718//1284 2137//1549
f 2137//1549 2142//1554 2141//1553
f 2143//1555 2139//1551 1869//1380
f 1869//1380 1874//1385 2143//1555
f 1875//1386 2144//1556 2143//1555
f 2143//1555 1874//1385 1875//1386
f 1875//1386 1873//1384 2145//1557
f 2145//1557 2146//1558 1875//1386
f 2147//1559 2137//1549 1867//1378
f 1867//1378 1876//1387 2147//1559
f 1877//1177 2148//1560 1876//1387
f 1876//1387 1719//1091 1877//1177
f 1876//1387 2148//1560 2149//1561
f 2149//1561 2147//1559 1876//1387
f 2149//1561 2148//1560 1877//1177
f 1877//1177 2018//1285 2149//1561
f 2150//1285 2018//1285 1878//1285
f 1878//1285 2019//1285 2150//1285
f 2151//1285 2019//1285 1879//1285
f 1879//1285 2020//1285 2151//1285
f 2152//1285 2020//1285 2021//1285
f 2021//1285 2153//1285 2152//1285
f 2153//1285 2021//1285 2022//1285
f 2022//1285 2027//1285 2153//1285
f 2023//1474 1882//1389 2024//1475
f 2024//1475 2154//1562 2155//1563
f 2024//1475 2155//1563 2023//1474
f 2155//1563 1070//893 2023//1474
f 2025//1476 1884//1391 1836//1351
f 1836//1351 1999//1396 2025//1476
f 1887//1394 1886//1393 2156//1564
f 2156//1564 2029//1478 1887//1394
f 2029//1478 2156//1564 2157//1565
f 2157//1565 2158//1566 2029//1478
f 2159//1567 1889//1396 1888//1395
f 1888//1395 2026//1477 2159//1567
f 1070//893 2160//1568 2026//1477
f 2028//1285 2153//1285 2027//1285
f 2027//1285 1893//1285 2028//1285
f 1895//1398 2161//1569 2162//1570
f 2162//1570 1896//1399 1895//1398
f 2163//1571 2164//1572 1898//1401
f 1898//1401 1897//1400 2163//1571
f 2162//1570 2163//1571 1897//1400
f 1897//1400 1896//1399 2162//1570
f 1994//1456 1995//1457 2161//1569
f 2161//1569 1895//1398 1994//1456
f 2164//1572 2165//1285 2028//1285
f 2028//1285 1898//1401 2164//1572
f 2158//1566 1233//989 2029//1478
f 2031//1480 2030//1479 2166//1573
f 2166//1573 2167//1574 2031//1480
f 2168//1575 2030//1479 1899//1402
f 1899//1402 2032//1481 2168//1575
f 2031//1480 2169//1576 2033//1482
f 2033//1482 1900//1403 2031//1480
f 2170//1577 2032//1481 1901//1404
f 1901//1404 2034//1483 2170//1577
f 2171//1578 2034//1483 1903//1406
f 1903//1406 2035//1484 2171//1578
f 2172//1579 2035//1484 1904//1407
f 1904//1407 2036//1485 2172//1579
f 2173//1580 2036//1485 1905//1408
f 1905//1408 2037//1486 2173//1580
f 2174//1581 2037//1486 1906//1409
f 1906//1409 2038//1487 2174//1581
f 2175//1582 2038//1487 2039//1488
f 2039//1488 2176//1583 2175//1582
f 2039//1488 1907//1410 1743//1303
f 1743//1303 1908//1411 2039//1488
f 1908//1411 2040//1489 2176//1583
f 2176//1583 2039//1488 1908//1411
f 2040//1489 2041//1490 2177//1584
f 2177//1584 2178//1585 2040//1489
f 2179//1586 2041//1490 1909//1412
f 1909//1412 2180//1587 2181//1588
f 1909//1412 2181//1588 2179//1586
f 1909//1412 2043//1492 2182//1589
f 2183//1590 2043//1492 2042//1491
f 1592//1214 2046//1495 2042//1491
f 2044//1493 2184//35 2048//35
f 2048//35 1912//1078 2044//1493
f 2044//1493 1910//1413 2045//1494
f 1593//1215 2050//1496 2045//1494
f 1911//1414 2047//874 2183//1590
f 2183//1590 2046//1495 1911//1414
f 1913//873 2049//35 2185//35
f 2185//35 2047//874 1913//873
f 2048//35 2186//35 2187//35
f 2187//35 2049//35 2048//35
f 1916//1417 2051//1497 1596//1218
f 1596//1218 1595//1217 1746//1306
f 1596//1218 1746//1306 1916//1417
f 1914//1415 2052//1498 2188//1591
f 2188//1591 2050//1496 1914//1415
f 2051//1497 2054//35 2189//35
f 2189//35 2052//1498 2051//1497
f 1915//1416 2053//1499 2190//35
f 2190//35 2054//35 1915//1416
f 2053//1499 1917//1418 2055//1500
f 2055//1500 1920//1421 2191//1592
f 2055//1500 2191//1592 2053//1499
f 1919//1420 2192//1593 2191//1592
f 2191//1592 1920//1421 1919//1420
f 1919//1420 1918//1419 2193//1594
f 1918//1419 2056//1501 2194//1595
f 2195//1596 2194//1595 2056//1501
f 2056//1501 2058//1503 2196//1597
f 2056//1501 2196//1597 2195//1596
f 2057//1502 2197//1598 2058//1503
f 2198//1599 2199//1600 2200//1601
f 2200//1601 2057//1502 2198//1599
f 2201//35 2059//35 2060//878
f 2060//878 2202//728 2201//35
f 2060//878 1922//786 2061//1504
f 2061//1504 2203//1602 2060//878
f 2061//1504 1923//1422 2062//1505
f 2062//1505 2204//1603 2061//1504
f 2062//1505 1924//1423 2063//1506
f 2063//1506 2205//1604 2062//1505
f 1925//1424 2064//651 2065//649
f 2065//649 2063//1506 1925//1424
f 2205//1604 2063//1506 2065//649
f 2065//649 2066//647 2205//1604
f 2206//1605 2205//1604 2066//647
f 2066//647 2067//646 2206//1605
f 2207//1606 2206//1605 2067//646
f 2067//646 2068//928 2207//1606
f 2208//1607 2207//1606 2068//928
f 2068//928 2069//1089 2208//1607
f 2209//1608 2208//1607 2069//1089
f 2069//1089 2070//731 2209//1608
f 2210//1609 2209//1608 2070//731
f 2070//731 2071//605 2210//1609
f 2211//1610 2210//1609 2071//605
f 2071//605 2072//534 2211//1610
f 2212//1611 2211//1610 2072//534
f 2072//534 2073//469 2212//1611
f 2213//1612 2212//1611 2073//469
f 2073//469 2074//412 2213//1612
f 2214//1613 2213//1612 2074//412
f 2074//412 2075//364 2214//1613
f 2215//1614 2214//1613 2075//364
f 2075//364 2076//313 2215//1614
f 2216//1615 2215//1614 2076//313
f 2076//313 2077//259 2216//1615
f 2217//1616 2216//1615 2077//259
f 2077//259 2078//228 2217//1616
f 2218//1617 2217//1616 2078//228
f 2078//228 2079//229 2218//1617
f 2219//1618 2218//1617 2079//229
f 2079//229 2080//266 2219//1618
f 2220//1619 2219//1618 2080//266
f 2080//266 2081//327 2220//1619
f 2221//1620 2220//1619 2081//327
f 2081//327 2082//381 2221//1620
f 2222//1621 2221//1620 2082//381
f 2082//381 2083//427 2222//1621
f 2223//1622 2222//1621 2083//427
f 2083//427 2084//483 2223//1622
f 2224//1623 2223//1622 2084//483
f 2084//483 2085//556 2224//1623
f 2225//1624 2224//1623 2085//556
f 2085//556 2086//916 2225//1624
f 2226//1625 2225//1624 2086//916
f 2086//916 2087//681 2226//1625
f 2227//1626 2226//1625 2087//681
f 2087//681 2088//1507 2227//1626
f 2228//1627 2227//1626 2088//1507
f 2088//1507 2089//679 2228//1627
f 2229//1628 2228//1627 2089//679
f 2089//679 2090//678 2229//1628
f 2230//1629 2229//1628 2090//678
f 2090//678 2091//677 2230//1629
f 2231//1630 2230//1629 2091//677
f 2091//677 2092//917 2231//1630
f 2127//1540 2231//1630 2092//917
f 2092//917 2093//1121 2127//1540
f 2001//1461 2127//1540 2093//1121
f 2093//1121 2094//919 2001//1461
f 2096//1509 2095//1508 2232//1631
f 2232//1631 2233//1632 2096//1509
f 1962//1425 2097//1510 2234//1633
f 2234//1633 2095//1508 1962//1425
f 1964//1427 2098//1511 2235//1634
f 2235//1634 2097//1510 1964//1427
f 1965//1428 2099//1512 2236//1635
f 2236//1635 2098//1511 1965//1428
f 2169//1576 2099//1512 1966//1429
f 1966//1429 2033//1482 2169//1576
f 2100//1513 1968//1431 2101//1514
f 2101//1514 2237//1636 2100//1513
f 2101//1514 1970//1433 2103//1516
f 2103//1516 2238//1637 2101//1514
f 2103//1516 2102//1515 2239//1638
f 2102//1515 2104//1517 2239//1638
f 1971//1434 2105//1518 2240//1639
f 2240//1639 2104//1517 1971//1434
f 1972//1435 2106//1519 2241//1640
f 2241//1640 2105//1518 1972//1435
f 1973//1436 2107//1520 2242//1641
f 2242//1641 2106//1519 1973//1436
f 1974//1437 2096//1509 2233//1632
f 2233//1632 2107//1520 1974//1437
f 1975//1438 1019//847 1018//846
f 1018//846 1976//1439 1975//1438
f 2113//1526 1981//1444 2108//1521
f 2108//1521 2243//1642 2113//1526
f 2108//1521 1977//1440 2109//1522
f 2109//1522 2244//1643 2108//1521
f 2109//1522 1978//1441 2110//1523
f 2110//1523 2245//1644 2109//1522
f 2110//1523 1979//1442 2111//1524
f 2111//1524 2246//1645 2110//1523
f 2111//1524 1980//1443 2112//1525
f 2112//1525 2247//1646 2111//1524
f 2112//1525 2100//1513 2237//1636
f 2237//1636 2248//1647 2112//1525
f 2113//1526 2249//1648 2114//1527
f 2114//1527 1982//1445 2113//1526
f 2114//1527 2250//1649 2115//1528
f 2115//1528 1983//1446 2114//1527
f 2115//1528 2251//1650 2116//1529
f 2116//1529 1984//1447 2115//1528
f 2116//1529 2252//1651 2117//1530
f 2117//1530 1985//1448 2116//1529
f 2117//1530 2253//1652 2125//1538
f 2125//1538 1997//1459 2117//1530
f 2119//1532 2254//1653 2118//1531
f 2118//1531 1987//1450 2119//1532
f 1823//1339 1070//893 2255//1654
f 2255//1654 2119//1532 1988//1451
f 2255//1654 1988//1451 1823//1339
f 1070//893 1989//1452 2256//1655
f 2257//1656 1989//1452 1824//1340
f 1824//1340 1990//971 2257//1656
f 2120//1533 1992//1454 1993//1455
f 1993//1455 2123//1536 2120//1533
f 2122//1535 1830//1345 1831//1346
f 1831//1346 2258//1657 2122//1535
f 2121//1534 2259//1658 2258//1657
f 2258//1657 1831//1346 2121//1534
f 2121//1534 1233//989 2260//1659
f 2161//1569 1995//1457 2124//1537
f 2124//1537 2261//1660 2161//1569
f 2262//1661 2124//1537 1833//1348
f 1833//1348 1996//1458 2262//1661
f 2263//1662 1996//1458 1835//1350
f 1835//1350 1998//1460 2263//1662
f 1998//1460 2126//1539 2264//1663
f 2264//1663 2263//1662 1998//1460
f 2125//1538 2265//1664 2266//1665
f 2266//1665 2126//1539 2125//1538
f 2254//1653 2267//1666 2268//1667
f 2268//1667 2269//1668 2270//1669
f 2270//1669 2271//1670 2272//1671
f 2272//1671 2154//1562 2024//1475
f 2024//1475 1885//1392 1726//1095
f 1726//1095 1725//1287 1883//1390
f 1883//1390 2025//1476 1999//1396
f 1999//1396 1838//1353 1837//1352
f 1837//1352 1526//1161 1368//1066
f 1368//1066 1366//1064 1365//1063
f 1003//832 1002//831 1204//971
f 1368//1066 1365//1063 1003//832
f 1999//1396 1837//1352 1368//1066
f 1726//1095 1883//1390 1999//1396
f 2272//1671 2024//1475 1726//1095
f 2268//1667 2270//1669 2272//1671
f 2118//1531 2254//1653 2268//1667
f 1820//1337 1986//1449 2118//1531
f 1516//1154 1673//1251 1820//1337
f 1356//1057 1355//1056 1516//1154
f 1364//1062 1515//1153 1356//1057
f 1003//832 1204//971 1364//1062
f 1999//1396 1368//1066 1003//832
f 2272//1671 1726//1095 1999//1396
f 2118//1531 2268//1667 2272//1671
f 1516//1154 1820//1337 2118//1531
f 1364//1062 1356//1057 1516//1154
f 1999//1396 1003//832 1364//1062
f 2118//1531 2272//1671 1999//1396
f 1364//1062 1516//1154 2118//1531
f 1999//1396 1364//1062 2118//1531
f 2002//1462 2128//1541 2231//1630
f 2231//1630 2127//1540 2002//1462
f 2003//1463 2129//1542 2273//1672
f 2273//1672 2128//1541 2003//1463
f 2010//1003 2134//1546 2274//1673
f 2274//1673 2129//1542 2010//1003
f 1851//1364 2275//1674 2276//1675
f 2276//1675 2008//1468 1851//1364
f 2005//1465 2275//1674 1851//1364
f 1851//1364 1850//1363 2005//1465
f 2277//1676 2005//1465 2004//1464
f 2004//1464 2139//1551 2277//1676
f 2004//1464 2006//1466 2135//1547
f 2276//1675 2278//1677 2130//1543
f 2130//1543 2008//1468 2276//1675
f 2132//1545 2131//1544 2279//1678
f 2279//1678 2280//1679 2132//1545
f 2133//35 2281//35 2282//756
f 2282//756 2134//1546 2133//35
f 2135//1547 2006//1466 1857//1368
f 1857//1368 1859//1370 2135//1547
f 2012//1469 2004//1464 2135//1547
f 2004//1464 2011//1469 2014//1470
f 1870//1381 2013//1470 2136//1548
f 1865//1376 1864//1375 2138//1550
f 2140//1552 2283//1680 1873//1384
f 2284//1681 2140//1552 2141//1553
f 2141//1553 2285//1682 2284//1681
f 2142//1554 2286//1683 2285//1682
f 2285//1682 2141//1553 2142//1554
f 2287//1684 2139//1551 2143//1555
f 2144//1556 1875//1386 2288//1685
f 2288//1685 2289//1686 2144//1556
f 2146//1558 2290//1687 2291//1688
f 2291//1688 1875//1386 2146//1558
f 2137//1549 2147//1559 2292//1689
f 2292//1689 2142//1554 2137//1549
f 2293//1561 2149//1561 2018//1285
f 2018//1285 2150//1285 2293//1561
f 2294//1285 2150//1285 2019//1285
f 2019//1285 2151//1285 2294//1285
f 2295//1285 2151//1285 2020//1285
f 2020//1285 2152//1285 2295//1285
f 2165//1285 2152//1285 2153//1285
f 2153//1285 2028//1285 2165//1285
f 2155//1563 2154//1562 2272//1671
f 2272//1671 2296//1690 2155//1563
f 2296//1690 1070//893 2155//1563
f 2158//1566 2157//1565 2297//1691
f 2297//1691 2298//1692 2158//1566
f 2026//1477 2160//1568 2299//1693
f 2299//1693 2159//1567 2026//1477
f 1070//893 2300//1694 2160//1568
f 2301//1695 2302//1696 2164//1572
f 2164//1572 2163//1571 2301//1695
f 2163//1571 2162//1570 2303//1697
f 2303//1697 2301//1695 2163//1571
f 2302//1696 2304//1285 2165//1285
f 2165//1285 2164//1572 2302//1696
f 2298//1692 1233//989 2158//1566
f 2169//1576 2031//1480 2167//1574
f 2167//1574 2305//1698 2169//1576
f 2167//1574 2166//1573 2306//1699
f 2306//1699 2307//1700 2167//1574
f 2030//1479 2168//1575 2308//1701
f 2308//1701 2166//1573 2030//1479
f 2309//1702 2168//1575 2032//1481
f 2032//1481 2170//1577 2309//1702
f 2310//1703 2170//1577 2034//1483
f 2034//1483 2171//1578 2310//1703
f 2311//1704 2171//1578 2035//1484
f 2035//1484 2172//1579 2311//1704
f 2312//1705 2172//1579 2036//1485
f 2036//1485 2173//1580 2312//1705
f 2313//1706 2173//1580 2037//1486
f 2037//1486 2174//1581 2313//1706
f 2314//1707 2174//1581 2038//1487
f 2038//1487 2175//1582 2314//1707
f 2175//1582 2176//1583 2315//1708
f 2315//1708 2316//1709 2175//1582
f 2178//1585 2315//1708 2176//1583
f 2176//1583 2040//1489 2178//1585
f 2178//1585 2177//1584 2200//1601
f 2200//1601 2317//1710 2178//1585
f 2041//1490 2179//1586 2318//1711
f 1909//1412 2182//1589 2180//1587
f 2319//35 2182//1589 2043//1492
f 2043//1492 2183//1590 2320//35
f 2043//1492 2320//35 2319//35
f 2046//1495 2183//1590 2042//1491
f 2188//1591 2321//35 2184//35
f 2184//35 2044//1493 2188//1591
f 2184//35 2322//35 2186//35
f 2186//35 2048//35 2184//35
f 2050//1496 2188//1591 2044//1493
f 2044//1493 2045//1494 2050//1496
f 2047//874 2185//35 2320//35
f 2320//35 2183//1590 2047//874
f 2049//35 2187//35 2323//35
f 2323//35 2185//35 2049//35
f 2186//35 2324//1712 2325//1173
f 2325//1173 2187//35 2186//35
f 2052//1498 2189//35 2321//35
f 2321//35 2188//1591 2052//1498
f 2054//35 2190//35 2326//35
f 2326//35 2189//35 2054//35
f 2193//1594 2192//1593 1919//1420
f 2053//1499 2191//1592 2192//1593
f 2192//1593 2190//35 2053//1499
f 1918//1419 2194//1595 2193//1594
f 2197//1598 2057//1502 2327//1713
f 2197//1598 2328//1714 2196//1597
f 2196//1597 2058//1503 2197//1598
f 2329//1715 2330//1716 2199//1600
f 2199//1600 2198//1599 2329//1715
f 2331//35 2201//35 2202//728
f 2202//728 2332//604 2331//35
f 2202//728 2060//878 2203//1602
f 2203//1602 2333//1717 2202//728
f 2203//1602 2061//1504 2204//1603
f 2204//1603 2334//1718 2203//1602
f 2204//1603 2062//1505 2205//1604
f 2205//1604 2206//1605 2204//1603
f 2334//1718 2204//1603 2206//1605
f 2206//1605 2207//1606 2334//1718
f 2335//1719 2334//1718 2207//1606
f 2207//1606 2208//1607 2335//1719
f 2336//1720 2335//1719 2208//1607
f 2208//1607 2209//1608 2336//1720
f 2337//1721 2336//1720 2209//1608
f 2209//1608 2210//1609 2337//1721
f 2338//1722 2337//1721 2210//1609
f 2210//1609 2211//1610 2338//1722
f 2339//1723 2338//1722 2211//1610
f 2211//1610 2212//1611 2339//1723
f 2340//1724 2339//1723 2212//1611
f 2212//1611 2213//1612 2340//1724
f 2341//1725 2340//1724 2213//1612
f 2213//1612 2214//1613 2341//1725
f 2342//1726 2341//1725 2214//1613
f 2214//1613 2215//1614 2342//1726
f 2343//1727 2342//1726 2215//1614
f 2215//1614 2216//1615 2343//1727
f 2344//1728 2343//1727 2216//1615
f 2216//1615 2217//1616 2344//1728
f 2345//1729 2344//1728 2217//1616
f 2217//1616 2218//1617 2345//1729
f 2346//1730 2345//1729 2218//1617
f 2218//1617 2219//1618 2346//1730
f 2347//1731 2346//1730 2219//1618
f 2219//1618 2220//1619 2347//1731
f 2348//1732 2347//1731 2220//1619
f 2220//1619 2221//1620 2348//1732
f 2349//1733 2348//1732 2221//1620
f 2221//1620 2222//1621 2349//1733
f 2350//1734 2349//1733 2222//1621
f 2222//1621 2223//1622 2350//1734
f 2351//1735 2350//1734 2223//1622
f 2223//1622 2224//1623 2351//1735
f 2352//1736 2351//1735 2224//1623
f 2224//1623 2225//1624 2352//1736
f 2353//1737 2352//1736 2225//1624
f 2225//1624 2226//1625 2353//1737
f 2354//1738 2353//1737 2226//1625
f 2226//1625 2227//1626 2354//1738
f 2355//1739 2354//1738 2227//1626
f 2227//1626 2228//1627 2355//1739
f 2356//1740 2355//1739 2228//1627
f 2228//1627 2229//1628 2356//1740
f 2273//1672 2356//1740 2229//1628
f 2229//1628 2230//1629 2273//1672
f 2128//1541 2273//1672 2230//1629
f 2230//1629 2231//1630 2128//1541
f 2233//1632 2232//1631 2357//1741
f 2357//1741 2358//1742 2233//1632
f 2095//1508 2234//1633 2359//1743
f 2359//1743 2232//1631 2095//1508
f 2097//1510 2235//1634 2360//1744
f 2360//1744 2234//1633 2097//1510
f 2098//1511 2236//1635 2361//1745
f 2361//1745 2235//1634 2098//1511
f 2099//1512 2169//1576 2305//1698
f 2305//1698 2236//1635 2099//1512
f 2237//1636 2101//1514 2238//1637
f 2238//1637 2362//1746 2237//1636
f 2238//1637 2103//1516 2239//1638
f 2104//1517 2240//1639 2239//1638
f 2105//1518 2241//1640 2363//1747
f 2363//1747 2240//1639 2105//1518
f 2106//1519 2242//1641 2364//1748
f 2364//1748 2241//1640 2106//1519
f 2107//1520 2233//1632 2358//1742
f 2358//1742 2242//1641 2107//1520
f 2249//1648 2113//1526 2243//1642
f 2243//1642 2365//1749 2249//1648
f 2243//1642 2108//1521 2244//1643
f 2244//1643 2366//1750 2243//1642
f 2244//1643 2109//1522 2245//1644
f 2245//1644 2367//1751 2244//1643
f 2245//1644 2110//1523 2246//1645
f 2246//1645 2368//1752 2245//1644
f 2246//1645 2111//1524 2247//1646
f 2247//1646 2369//1753 2246//1645
f 2247//1646 2112//1525 2248//1647
f 2248//1647 2370//1754 2247//1646
f 2248//1647 2237//1636 2362//1746
f 2362//1746 2371//1755 2248//1647
f 2249//1648 2372//1756 2250//1649
f 2250//1649 2114//1527 2249//1648
f 2250//1649 2373//1757 2251//1650
f 2251//1650 2115//1528 2250//1649
f 2251//1650 2374//1758 2252//1651
f 2252//1651 2116//1529 2251//1650
f 2252//1651 2375//1759 2253//1652
f 2253//1652 2117//1530 2252//1651
f 2253//1652 2376//1760 2265//1664
f 2265//1664 2125//1538 2253//1652
f 2255//1654 2267//1666 2254//1653
f 2254//1653 2119//1532 2255//1654
f 2256//1655 2377//1761 1070//893
f 2260//1659 2378//1762 2259//1658
f 2259//1658 2121//1534 2260//1659
f 2260//1659 1233//989 2298//1692
f 2262//1661 1996//1458 2379//1763
f 2380//1764 2381//1765 2266//1665
f 2266//1665 2265//1664 2380//1764
f 2382//1766 2268//1667 2267//1666
f 2267//1666 2255//1654 2382//1766
f 2129//1542 2274//1673 2356//1740
f 2356//1740 2273//1672 2129//1542
f 2134//1546 2282//756 2383//1767
f 2383//1767 2274//1673 2134//1546
f 2384//1768 2275//1674 2005//1465
f 2005//1465 2277//1676 2384//1768
f 2277//1676 2139//1551 2385//1769
f 2385//1769 2386//1770 2277//1676
f 2387//1771 2388//1772 2280//1679
f 2280//1679 2279//1678 2387//1771
f 2281//35 2389//35 2390//753
f 2390//753 2282//756 2281//35
f 2283//1680 2140//1552 2284//1681
f 2284//1681 2391//1773 2283//1680
f 2145//1557 1873//1384 2283//1680
f 2392//1774 2284//1681 2285//1682
f 2285//1682 2393//1775 2392//1774
f 2139//1551 2287//1684 2385//1769
f 2394//1776 2395//1777 2146//1558
f 2146//1558 2145//1557 2394//1776
f 2147//1559 2149//1561 2293//1561
f 2293//1561 2292//1689 2147//1559
f 2396//1778 2293//1561 2150//1285
f 2150//1285 2294//1285 2396//1778
f 2397//1285 2294//1285 2151//1285
f 2151//1285 2295//1285 2397//1285
f 2304//1285 2295//1285 2152//1285
f 2152//1285 2165//1285 2304//1285
f 2398//1779 1070//893 2296//1690
f 2298//1692 2297//1691 2378//1762
f 2378//1762 2260//1659 2298//1692
f 2300//1694 2399//1780 2299//1693
f 2299//1693 2160//1568 2300//1694
f 1070//893 2400//1781 2300//1694
f 2401//1782 2402//1783 2302//1696
f 2302//1696 2301//1695 2401//1782
f 2402//1783 2403//1285 2304//1285
f 2304//1285 2302//1696 2402//1783
f 2305//1698 2167//1574 2307//1700
f 2307//1700 2404//1784 2305//1698
f 2307//1700 2306//1699 2405//1785
f 2405//1785 2406//1786 2307//1700
f 2166//1573 2308//1701 2407//1787
f 2407//1787 2306//1699 2166//1573
f 2168//1575 2309//1702 2408//1788
f 2408//1788 2308//1701 2168//1575
f 2409//1789 2309//1702 2170//1577
f 2170//1577 2310//1703 2409//1789
f 2410//1790 2310//1703 2171//1578
f 2171//1578 2311//1704 2410//1790
f 2411//1791 2311//1704 2172//1579
f 2172//1579 2312//1705 2411//1791
f 2412//1792 2312//1705 2173//1580
f 2173//1580 2313//1706 2412//1792
f 2413//1793 2313//1706 2174//1581
f 2174//1581 2314//1707 2413//1793
f 2314//1707 2175//1582 2316//1709
f 2316//1709 2414//1794 2314//1707
f 2316//1709 2315//1708 2415//1795
f 2415//1795 2416//1796 2316//1709
f 2315//1708 2178//1585 2317//1710
f 2317//1710 2415//1795 2315//1708
f 2317//1710 2200//1601 2199//1600
f 2199//1600 2417//1797 2317//1710
f 2177//1584 2418//1798 2419//1799
f 2419//1799 2200//1601 2177//1584
f 2041//1490 2318//1711 2420//1800
f 2182//1589 2319//35 2181//1588
f 2181//1588 2180//1587 2182//1589
f 2320//35 2421//35 2422//35
f 2422//35 2319//35 2320//35
f 2321//35 2423//35 2322//35
f 2322//35 2184//35 2321//35
f 2322//35 2328//1714 2324//1712
f 2324//1712 2186//35 2322//35
f 2185//35 2323//35 2421//35
f 2421//35 2320//35 2185//35
f 2187//35 2325//1173 2424//1172
f 2424//1172 2323//35 2187//35
f 2425//1801 2325//1173 2324//1712
f 2324//1712 2426//1802 2425//1801
f 2189//35 2326//35 2423//35
f 2423//35 2321//35 2189//35
f 2190//35 2192//1593 2195//1596
f 2195//1596 2326//35 2190//35
f 2194//1595 2195//1596 2192//1593
f 2192//1593 2193//1594 2194//1595
f 2327//1713 2324//1712 2328//1714
f 2328//1714 2197//1598 2327//1713
f 2327//1713 2057//1502 2426//1802
f 2423//35 2196//1597 2328//1714
f 2328//1714 2322//35 2423//35
f 2200//1601 2427//1803 2425//1801
f 2425//1801 2057//1502 2200//1601
f 2417//1797 2199//1600 2330//1716
f 2330//1716 2428//1804 2417//1797
f 2429//1805 2430//1806 2330//1716
f 2330//1716 2329//1715 2429//1805
f 2431//35 2331//35 2332//604
f 2332//604 2432//516 2431//35
f 2332//604 2202//728 2333//1717
f 2333//1717 2433//1807 2332//604
f 2333//1717 2203//1602 2334//1718
f 2334//1718 2335//1719 2333//1717
f 2433//1807 2333//1717 2335//1719
f 2335//1719 2336//1720 2433//1807
f 2434//1808 2433//1807 2336//1720
f 2336//1720 2337//1721 2434//1808
f 2435//1809 2434//1808 2337//1721
f 2337//1721 2338//1722 2435//1809
f 2436//1810 2435//1809 2338//1722
f 2338//1722 2339//1723 2436//1810
f 2437//1811 2436//1810 2339//1723
f 2339//1723 2340//1724 2437//1811
f 2438//1812 2437//1811 2340//1724
f 2340//1724 2341//1725 2438//1812
f 2439//1813 2438//1812 2341//1725
f 2341//1725 2342//1726 2439//1813
f 2440//1814 2439//1813 2342//1726
f 2342//1726 2343//1727 2440//1814
f 2441//1815 2440//1814 2343//1727
f 2343//1727 2344//1728 2441//1815
f 2442//1816 2441//1815 2344//1728
f 2344//1728 2345//1729 2442//1816
f 2443//1817 2442//1816 2345//1729
f 2345//1729 2346//1730 2443//1817
f 2444//1818 2443//1817 2346//1730
f 2346//1730 2347//1731 2444//1818
f 2445//1819 2444//1818 2347//1731
f 2347//1731 2348//1732 2445//1819
f 2446//1820 2445//1819 2348//1732
f 2348//1732 2349//1733 2446//1820
f 2447//1821 2446//1820 2349//1733
f 2349//1733 2350//1734 2447//1821
f 2448//1822 2447//1821 2350//1734
f 2350//1734 2351//1735 2448//1822
f 2449//1823 2448//1822 2351//1735
f 2351//1735 2352//1736 2449//1823
f 2450//1824 2449//1823 2352//1736
f 2352//1736 2353//1737 2450//1824
f 2451//1825 2450//1824 2353//1737
f 2353//1737 2354//1738 2451//1825
f 2383//1767 2451//1825 2354//1738
f 2354//1738 2355//1739 2383//1767
f 2274//1673 2383//1767 2355//1739
f 2355//1739 2356//1740 2274//1673
f 2358//1742 2357//1741 2452//1826
f 2452//1826 2453//1827 2358//1742
f 2232//1631 2359//1743 2454//1828
f 2454//1828 2357//1741 2232//1631
f 2234//1633 2360//1744 2455//1829
f 2455//1829 2359//1743 2234//1633
f 2235//1634 2361//1745 2456//1830
f 2456//1830 2360//1744 2235//1634
f 2236//1635 2305//1698 2404//1784
f 2404//1784 2361//1745 2236//1635
f 2362//1746 2238//1637 2239//1638
f 2240//1639 2363//1747 2239//1638
f 2241//1640 2364//1748 2457//1831
f 2457//1831 2363//1747 2241//1640
f 2242//1641 2358//1742 2453//1827
f 2453//1827 2364//1748 2242//1641
f 2372//1756 2249//1648 2365//1749
f 2365//1749 2458//1832 2372//1756
f 2365//1749 2243//1642 2366//1750
f 2366//1750 2459//1833 2365//1749
f 2366//1750 2244//1643 2367//1751
f 2367//1751 2460//1834 2366//1750
f 2367//1751 2245//1644 2368//1752
f 2368//1752 2461//1835 2367//1751
f 2368//1752 2246//1645 2369//1753
f 2369//1753 2462//1836 2368//1752
f 2369//1753 2247//1646 2370//1754
f 2370//1754 2463//1837 2369//1753
f 2370//1754 2248//1647 2371//1755
f 2371//1755 2464//1838 2370//1754
f 2371//1755 2362//1746 2239//1638
f 2372//1756 2465//1839 2373//1757
f 2373//1757 2250//1649 2372//1756
f 2373//1757 2466//1840 2374//1758
f 2374//1758 2251//1650 2373//1757
f 2374//1758 2467//1841 2375//1759
f 2375//1759 2252//1651 2374//1758
f 2375//1759 2468//1842 2376//1760
f 2376//1760 2253//1652 2375//1759
f 2469//1843 2380//1764 2265//1664
f 2265//1664 2376//1760 2469//1843
f 2382//1766 2255//1654 1070//893
f 2256//1655 2470//1844 2471//1845
f 2471//1845 2377//1761 2256//1655
f 1070//893 2377//1761 2400//1781
f 2470//1844 2256//1655 1989//1452
f 1989//1452 2257//1656 2470//1844
f 1826//1342 1991//1453 2120//1533
f 2120//1533 2123//1536 2122//1535
f 2122//1535 2258//1657 2259//1658
f 2259//1658 2378//1762 2297//1691
f 2297//1691 2157//1565 2156//1564
f 2156//1564 1886//1393 1727//1288
f 1727//1288 1561//1183 1411//1095
f 1411//1095 1410//1094 1562//1184
f 1562//1184 1730//1291 1889//1396
f 1889//1396 2159//1567 2299//1693
f 2299//1693 2399//1780 2472//1846
f 2472//1846 2471//1845 2470//1844
f 2470//1844 2257//1656 1990//971
f 1990//971 1825//1341 1679//1256
f 1679//1256 1678//1255 1681//1258
f 1681//1258 1682//1259 1826//1342
f 1826//1342 2120//1533 2122//1535
f 2122//1535 2259//1658 2297//1691
f 2297//1691 2156//1564 1727//1288
f 1727//1288 1411//1095 1562//1184
f 1562//1184 1889//1396 2299//1693
f 2299//1693 2472//1846 2470//1844
f 2470//1844 1990//971 1679//1256
f 1679//1256 1681//1258 1826//1342
f 1826//1342 2122//1535 2297//1691
f 2297//1691 1727//1288 1562//1184
f 1562//1184 2299//1693 2470//1844
f 2470//1844 1679//1256 1826//1342
f 1826//1342 2297//1691 1562//1184
f 1562//1184 2470//1844 1826//1342
f 2303//1697 2162//1570 2161//1569
f 2161//1569 2261//1660 2473//1847
f 2161//1569 2473//1847 2303//1697
f 2473//1847 2261//1660 2124//1537
f 2124//1537 2262//1661 2473//1847
f 2473//1847 2262//1661 2379//1763
f 2379//1763 2474//1848 2473//1847
f 1996//1458 2475//1849 2379//1763
f 2476//1850 1996//1458 2477//1851
f 2478//1852 2477//1851 1996//1458
f 1996//1458 2263//1662 2478//1852
f 2263//1662 2264//1663 2479//1853
f 2479//1853 2480//1854 2263//1662
f 2481//1855 2264//1663 2126//1539
f 2126//1539 2266//1665 2481//1855
f 2482//1856 2483//1857 2381//1765
f 2381//1765 2380//1764 2482//1856
f 2484//1858 2266//1665 2381//1765
f 2271//1670 2398//1779 2296//1690
f 2296//1690 2272//1671 2271//1670
f 2268//1667 2382//1766 2485//1859
f 2485//1859 2269//1668 2268//1667
f 2282//756 2390//753 2451//1825
f 2451//1825 2383//1767 2282//756
f 2486//1860 2276//1675 2275//1674
f 2275//1674 2384//1768 2486//1860
f 2487//1861 2384//1768 2277//1676
f 2277//1676 2488//1862 2487//1861
f 2277//1676 2386//1770 2488//1862
f 2489//1863 2488//1862 2386//1770
f 2386//1770 2385//1769 2490//1864
f 2386//1770 2490//1864 2489//1863
f 2491//1865 2131//1544 2278//1677
f 2131//1544 2491//1865 2492//1866
f 2492//1866 2279//1678 2131//1544
f 2493//1867 2494//1868 2388//1772
f 2388//1772 2387//1771 2495//1869
f 2388//1772 2495//1869 2493//1867
f 2496//1870 2387//1771 2279//1678
f 2279//1678 2492//1866 2496//1870
f 2497//1871 2498//1872 2499//1873
f 2499//1873 2388//1772 2497//1871
f 2389//35 2500//35 2501//638
f 2501//638 2390//753 2389//35
f 2283//1680 2391//1773 2394//1776
f 2394//1776 2145//1557 2283//1680
f 2391//1773 2284//1681 2392//1774
f 2392//1774 2502//1874 2391//1773
f 2503//1875 2392//1774 2393//1775
f 2393//1775 2504//1876 2503//1875
f 2393//1775 2285//1682 2286//1683
f 2286//1683 2505//1877 2393//1775
f 2506//1878 2286//1683 2142//1554
f 2142//1554 2292//1689 2506//1878
f 2288//1685 1875//1386 2291//1688
f 2289//1686 2288//1685 2507//1879
f 2507//1879 2508//1880 2289//1686
f 2490//1864 2385//1769 2287//1684
f 2287//1684 2143//1555 2144//1556
f 2144//1556 2289//1686 2490//1864
f 2287//1684 2144//1556 2490//1864
f 2490//1864 2289//1686 2508//1880
f 2508//1880 2509//1881 2490//1864
f 2291//1688 2290//1687 2510//1882
f 2510//1882 2511//1883 2291//1688
f 2395//1777 2512//1884 2290//1687
f 2290//1687 2146//1558 2395//1777
f 2290//1687 2512//1884 2513//1885
f 2513//1885 2510//1882 2290//1687
f 2514//1886 2515//1887 2395//1777
f 2395//1777 2394//1776 2514//1886
f 2292//1689 2293//1561 2396//1778
f 2396//1778 2506//1878 2292//1689
f 2516//1778 2396//1778 2294//1285
f 2294//1285 2397//1285 2516//1778
f 2403//1285 2397//1285 2295//1285
f 2295//1285 2304//1285 2403//1285
f 2517//1888 1070//893 2398//1779
f 2471//1845 2472//1846 2400//1781
f 2400//1781 2377//1761 2471//1845
f 2400//1781 2472//1846 2399//1780
f 2399//1780 2300//1694 2400//1781
f 2518//1889 2519//1890 2402//1783
f 2402//1783 2401//1782 2518//1889
f 2301//1695 2303//1697 2520//1891
f 2520//1891 2401//1782 2301//1695
f 2519//1890 2521//1778 2403//1285
f 2403//1285 2402//1783 2519//1890
f 2404//1784 2307//1700 2406//1786
f 2406//1786 2522//1892 2404//1784
f 2406//1786 2405//1785 2523//1893
f 2523//1893 2524//1894 2406//1786
f 2306//1699 2407//1787 2525//1895
f 2525//1895 2405//1785 2306//1699
f 2308//1701 2408//1788 2526//1896
f 2526//1896 2407//1787 2308//1701
f 2309//1702 2409//1789 2527//1897
f 2527//1897 2408//1788 2309//1702
f 2528//1898 2409//1789 2310//1703
f 2310//1703 2410//1790 2528//1898
f 2529//1899 2410//1790 2311//1704
f 2311//1704 2411//1791 2529//1899
f 2530//1900 2411//1791 2312//1705
f 2312//1705 2412//1792 2530//1900
f 2531//1901 2412//1792 2313//1706
f 2313//1706 2413//1793 2531//1901
f 2413//1793 2314//1707 2414//1794
f 2414//1794 2532//1902 2413//1793
f 2414//1794 2316//1709 2416//1796
f 2416//1796 2533//1903 2414//1794
f 2416//1796 2415//1795 2534//1904
f 2534//1904 2535//1905 2416//1796
f 2415//1795 2317//1710 2417//1797
f 2417//1797 2534//1904 2415//1795
f 2177//1584 2536//1906 2418//1798
f 2537//1907 2200//1601 2419//1799
f 2418//1798 2538//1908 2419//1799
f 2420//1800 2539//35 2536//1906
f 2536//1906 2177//1584 2041//1490
f 2536//1906 2041//1490 2420//1800
f 2319//35 2179//1586 2181//1588
f 2318//1711 2179//1586 2319//35
f 2319//35 2422//35 2420//1800
f 2319//35 2420//1800 2318//1711
f 2421//35 2540//1280 2538//1908
f 2538//1908 2422//35 2421//35
f 2323//35 2424//1172 2540//1280
f 2540//1280 2421//35 2323//35
f 2427//1803 2424//1172 2325//1173
f 2325//1173 2425//1801 2427//1803
f 2057//1502 2425//1801 2426//1802
f 2426//1802 2324//1712 2327//1713
f 2326//35 2195//1596 2196//1597
f 2196//1597 2423//35 2326//35
f 2200//1601 2541//1909 2427//1803
f 2428//1804 2542//1910 2534//1904
f 2534//1904 2417//1797 2428//1804
f 2428//1804 2330//1716 2430//1806
f 2430//1806 2543//1911 2428//1804
f 2430//1806 2429//1805 2544//1912
f 2544//1912 2545//1913 2430//1806
f 2546//35 2431//35 2432//516
f 2432//516 2547//900 2546//35
f 2432//516 2332//604 2433//1807
f 2433//1807 2434//1808 2432//516
f 2547//900 2432//516 2434//1808
f 2434//1808 2435//1809 2547//900
f 2548//411 2547//900 2435//1809
f 2435//1809 2436//1810 2548//411
f 2549//363 2548//411 2436//1810
f 2436//1810 2437//1811 2549//363
f 2550//312 2549//363 2437//1811
f 2437//1811 2438//1812 2550//312
f 2551//258 2550//312 2438//1812
f 2438//1812 2439//1813 2551//258
f 2552//220 2551//258 2439//1813
f 2439//1813 2440//1814 2552//220
f 2553//185 2552//220 2440//1814
f 2440//1814 2441//1815 2553//185
f 2554//186 2553//185 2441//1815
f 2441//1815 2442//1816 2554//186
f 2555//227 2554//186 2442//1816
f 2442//1816 2443//1817 2555//227
f 2556//265 2555//227 2443//1817
f 2443//1817 2444//1818 2556//265
f 2557//326 2556//265 2444//1818
f 2444//1818 2445//1819 2557//326
f 2558//380 2557//326 2445//1819
f 2445//1819 2446//1820 2558//380
f 2559//426 2558//380 2446//1820
f 2446//1820 2447//1821 2559//426
f 2560//482 2559//426 2447//1821
f 2447//1821 2448//1822 2560//482
f 2561//555 2560//482 2448//1822
f 2448//1822 2449//1823 2561//555
f 2501//638 2561//555 2449//1823
f 2449//1823 2450//1824 2501//638
f 2390//753 2501//638 2450//1824
f 2450//1824 2451//1825 2390//753
f 2453//1827 2452//1826 2562//1914
f 2562//1914 2563//1915 2453//1827
f 2357//1741 2454//1828 2564//1916
f 2564//1916 2452//1826 2357//1741
f 2359//1743 2455//1829 2565//1917
f 2565//1917 2454//1828 2359//1743
f 2360//1744 2456//1830 2566//1918
f 2566//1918 2455//1829 2360//1744
f 2361//1745 2404//1784 2522//1892
f 2522//1892 2456//1830 2361//1745
f 2363//1747 2457//1831 2239//1638
f 2364//1748 2453//1827 2563//1915
f 2563//1915 2457//1831 2364//1748
f 2465//1839 2372//1756 2458//1832
f 2458//1832 2567//1919 2465//1839
f 2458//1832 2365//1749 2459//1833
f 2459//1833 2568//1920 2458//1832
f 2459//1833 2366//1750 2460//1834
f 2460//1834 2569//1921 2459//1833
f 2460//1834 2367//1751 2461//1835
f 2461//1835 2570//1922 2460//1834
f 2461//1835 2368//1752 2462//1836
f 2462//1836 2571//1923 2461//1835
f 2462//1836 2369//1753 2463//1837
f 2463//1837 2572//1924 2462//1836
f 2463//1837 2370//1754 2464//1838
f 2464//1838 2573//1925 2463//1837
f 2464//1838 2371//1755 2239//1638
f 2465//1839 2574//1926 2466//1840
f 2466//1840 2373//1757 2465//1839
f 2466//1840 2575//1927 2467//1841
f 2467//1841 2374//1758 2466//1840
f 2467//1841 2576//1928 2468//1842
f 2468//1842 2375//1759 2467//1841
f 2577//1929 2469//1843 2376//1760
f 2376//1760 2468//1842 2577//1929
f 2578//1930 2482//1856 2380//1764
f 2380//1764 2469//1843 2578//1930
f 2382//1766 1070//893 2485//1859
f 2520//1891 2303//1697 2473//1847
f 2473//1847 2474//1848 2579//1931
f 2473//1847 2579//1931 2520//1891
f 2475//1849 2579//1931 2474//1848
f 2474//1848 2379//1763 2475//1849
f 2580//1932 2581//1933 2475//1849
f 2475//1849 1996//1458 2582//1934
f 2475//1849 2582//1934 2580//1932
f 2583//1935 1996//1458 2476//1850
f 2477//1851 2584//1936 2585//1937
f 2585//1937 2476//1850 2477//1851
f 2478//1852 2586//1938 2584//1936
f 2584//1936 2477//1851 2478//1852
f 2478//1852 2263//1662 2587//1939
f 2263//1662 2480//1854 2588//1940
f 2264//1663 2481//1855 2589//1941
f 2589//1941 2590//1942 2264//1663
f 2481//1855 2266//1665 2484//1858
f 2484//1858 2591//1943 2481//1855
f 2592//1944 2593//1945 2483//1857
f 2483//1857 2482//1856 2592//1944
f 2484//1858 2381//1765 2483//1857
f 2483//1857 2594//1946 2484//1858
f 2398//1779 2271//1670 2270//1669
f 2270//1669 2517//1888 2398//1779
f 2270//1669 2269//1668 2485//1859
f 2485//1859 2517//1888 2270//1669
f 2486//1860 2384//1768 2595//1947
f 2595//1947 2596//1948 2597//1949
f 2595//1947 2597//1949 2486//1860
f 2487//1861 2595//1947 2384//1768
f 2487//1861 2488//1862 2489//1863
f 2489//1863 2598//1950 2487//1861
f 2486//1860 2597//1949 2599//1951
f 2599//1951 2491//1865 2486//1860
f 2600//1952 2495//1869 2387//1771
f 2387//1771 2496//1870 2600//1952
f 2496//1870 2492//1866 2601//1953
f 2601//1953 2602//1954 2496//1870
f 2603//1955 2604//1956 2498//1872
f 2498//1872 2497//1871 2605//1957
f 2498//1872 2605//1957 2603//1955
f 2388//1772 2494//1868 2497//1871
f 2604//1956 2499//1873 2498//1872
f 2606//1958 2499//1873 2607//1959
f 2607//1959 2608//1960 2606//1958
f 2500//35 2609//35 2561//555
f 2561//555 2501//638 2500//35
f 2502//1874 2392//1774 2503//1875
f 2503//1875 2610//1961 2502//1874
f 2611//1962 2503//1875 2504//1876
f 2504//1876 2612//1963 2611//1962
f 2505//1877 2613//1964 2504//1876
f 2504//1876 2393//1775 2505//1877
f 2286//1683 2506//1878 2614//1965
f 2614//1965 2505//1877 2286//1683
f 2507//1879 2615//1966 2616//1967
f 2616//1967 2508//1880 2507//1879
f 2489//1863 2490//1864 2509//1881
f 2509//1881 2617//1880 2489//1863
f 2509//1881 2508//1880 2616//1967
f 2616//1967 2618//1967 2509//1881
f 2511//1883 2507//1879 2288//1685
f 2288//1685 2291//1688 2511//1883
f 2512//1884 2395//1777 2515//1887
f 2515//1887 2619//1968 2512//1884
f 2620//1969 2621//1970 2515//1887
f 2515//1887 2514//1886 2620//1969
f 2514//1886 2394//1776 2391//1773
f 2391//1773 2502//1874 2514//1886
f 2506//1878 2396//1778 2516//1778
f 2516//1778 2614//1965 2506//1878
f 2521//1778 2516//1778 2397//1285
f 2397//1285 2403//1285 2521//1778
f 2485//1859 1070//893 2517//1888
f 2622//1971 2521//1778 2519//1890
f 2519//1890 2518//1889 2622//1971
f 2401//1782 2520//1891 2623//1972
f 2623//1972 2518//1889 2401//1782
f 2522//1892 2406//1786 2524//1894
f 2524//1894 2624//1973 2522//1892
f 2524//1894 2523//1893 2625//1974
f 2625//1974 2626//1975 2524//1894
f 2405//1785 2525//1895 2627//1976
f 2627//1976 2523//1893 2405//1785
f 2407//1787 2526//1896 2628//1977
f 2628//1977 2525//1895 2407//1787
f 2408//1788 2527//1897 2629//1978
f 2629//1978 2526//1896 2408//1788
f 2409//1789 2528//1898 2630//1979
f 2630//1979 2527//1897 2409//1789
f 2631//1980 2528//1898 2410//1790
f 2410//1790 2529//1899 2631//1980
f 2632//1981 2529//1899 2411//1791
f 2411//1791 2530//1900 2632//1981
f 2633//1982 2530//1900 2412//1792
f 2412//1792 2531//1901 2633//1982
f 2531//1901 2413//1793 2532//1902
f 2532//1902 2634//1983 2531//1901
f 2532//1902 2414//1794 2533//1903
f 2533//1903 2635//1984 2532//1902
f 2533//1903 2416//1796 2535//1905
f 2535//1905 2636//1985 2533//1903
f 2535//1905 2534//1904 2542//1910
f 2542//1910 2637//1986 2535//1905
f 2541//1909 2200//1601 2537//1907
f 2419//1799 2538//1908 2537//1907
f 2536//1906 2539//35 2422//35
f 2422//35 2538//1908 2418//1798
f 2422//35 2418//1798 2536//1906
f 2420//1800 2422//35 2539//35
f 2537//1907 2538//1908 2540//1280
f 2540//1280 2541//1909 2537//1907
f 2541//1909 2540//1280 2424//1172
f 2424//1172 2427//1803 2541//1909
f 2542//1910 2428//1804 2543//1911
f 2543//1911 2638//1987 2542//1910
f 2543//1911 2430//1806 2545//1913
f 2545//1913 2639//1988 2543//1911
f 2545//1913 2544//1912 2640//1989
f 2640//1989 2641//1990 2545//1913
f 2642//35 2546//35 2547//900
f 2547//900 2548//411 2642//35
f 2643//35 2642//35 2548//411
f 2548//411 2549//363 2643//35
f 2644//35 2643//35 2549//363
f 2549//363 2550//312 2644//35
f 2645//35 2644//35 2550//312
f 2550//312 2551//258 2645//35
f 2646//35 2645//35 2551//258
f 2551//258 2552//220 2646//35
f 2647//35 2646//35 2552//220
f 2552//220 2553//185 2647//35
f 2648//35 2647//35 2553//185
f 2553//185 2554//186 2648//35
f 2649//35 2648//35 2554//186
f 2554//186 2555//227 2649//35
f 2650//35 2649//35 2555//227
f 2555//227 2556//265 2650//35
f 2651//35 2650//35 2556//265
f 2556//265 2557//326 2651//35
f 2652//35 2651//35 2557//326
f 2557//326 2558//380 2652//35
f 2653//35 2652//35 2558//380
f 2558//380 2559//426 2653//35
f 2654//35 2653//35 2559//426
f 2559//426 2560//482 2654//35
f 2609//35 2654//35 2560//482
f 2560//482 2561//555 2609//35
f 2563//1915 2562//1914 2239//1638
f 2452//1826 2564//1916 2655//1991
f 2655//1991 2562//1914 2452//1826
f 2454//1828 2565//1917 2656//1992
f 2656//1992 2564//1916 2454//1828
f 2455//1829 2566//1918 2657//1993
f 2657//1993 2565//1917 2455//1829
f 2456//1830 2522//1892 2624//1973
f 2624//1973 2566//1918 2456//1830
f 2457//1831 2563//1915 2239//1638
f 2574//1926 2465//1839 2567//1919
f 2567//1919 2658//1994 2574//1926
f 2567//1919 2458//1832 2568//1920
f 2568//1920 2659//1995 2567//1919
f 2568//1920 2459//1833 2569//1921
f 2569//1921 2660//1996 2568//1920
f 2569//1921 2460//1834 2570//1922
f 2570//1922 2661//1997 2569//1921
f 2570//1922 2461//1835 2571//1923
f 2571//1923 2662//1998 2570//1922
f 2571//1923 2462//1836 2572//1924
f 2572//1924 2663//1999 2571//1923
f 2572//1924 2463//1837 2573//1925
f 2573//1925 2664//2000 2572//1924
f 2573//1925 2464//1838 2239//1638
f 2574//1926 2665//2001 2575//1927
f 2575//1927 2466//1840 2574//1926
f 2575//1927 2666//2002 2576//1928
f 2576//1928 2467//1841 2575//1927
f 2667//2003 2577//1929 2468//1842
f 2468//1842 2576//1928 2667//2003
f 2668//2004 2578//1930 2469//1843
f 2469//1843 2577//1929 2668//2004
f 2669//2005 2592//1944 2482//1856
f 2482//1856 2578//1930 2669//2005
f 2579//1931 2475//1849 2581//1933
f 2670//2006 1996//1458 2583//1935
f 2476//1850 2585//1937 2671//2007
f 2671//2007 2583//1935 2476//1850
f 2586//1938 2478//1852 2587//1939
f 2587//1939 2672//2008 2586//1938
f 2587//1939 2263//1662 2588//1940
f 2672//2008 2587//1939 2588//1940
f 2588//1940 2480//1854 2673//2009
f 2588//1940 2673//2009 2672//2008
f 2480//1854 2479//1853 2674//2010
f 2674//2010 2675//2011 2673//2009
f 2674//2010 2673//2009 2480//1854
f 2264//1663 2674//2010 2479//1853
f 2264//1663 2590//1942 2674//2010
f 2481//1855 2591//1943 2676//2012
f 2677//2013 2678//2014 2593//1945
f 2593//1945 2592//1944 2677//2013
f 2593//1945 2679//2015 2594//1946
f 2594//1946 2483//1857 2593//1945
f 2591//1943 2484//1858 2594//1946
f 2594//1946 2680//2016 2591//1943
f 2596//1948 2595//1947 2487//1861
f 2487//1861 2598//1950 2681//2017
f 2487//1861 2681//2017 2596//1948
f 2491//1865 2682//2018 2683//2019
f 2683//2019 2492//1866 2491//1865
f 2494//1868 2493//1867 2684//2020
f 2684//2020 2685//2021 2686//471
f 2684//2020 2686//471 2494//1868
f 2495//1869 2684//2020 2493//1867
f 2687//2022 2688//2023 2495//1869
f 2495//1869 2600//1952 2687//2022
f 2689//2024 2690//2025 2600//1952
f 2600//1952 2496//1870 2689//2024
f 2496//1870 2602//1954 2689//2024
f 2691//2026 2689//2024 2602//1954
f 2602//1954 2601//1953 2692//2027
f 2602//1954 2692//2027 2691//2026
f 2693//2028 2601//1953 2492//1866
f 2494//1868 2686//471 2605//1957
f 2605//1957 2497//1871 2494//1868
f 2694//2029 2499//1873 2604//1956
f 2606//1958 2608//1960 2695//2030
f 2606//1958 2696//2031 2697//2032
f 2697//2032 2698//2033 2606//1958
f 2610//1961 2503//1875 2611//1962
f 2611//1962 2699//2034 2610//1961
f 2611//1962 2612//1963 2700//2035
f 2700//2035 2701//2036 2611//1962
f 2613//1964 2623//1972 2612//1963
f 2612//1963 2504//1876 2613//1964
f 2505//1877 2614//1965 2622//1971
f 2622//1971 2613//1964 2505//1877
f 2507//1879 2511//1883 2702//2037
f 2702//2037 2615//1966 2507//1879
f 2598//1950 2489//1863 2617//1880
f 2617//1880 2703//1881 2598//1950
f 2509//1881 2618//1967 2704//2038
f 2704//2038 2617//1880 2509//1881
f 2511//1883 2510//1882 2705//2037
f 2705//2037 2702//2037 2511//1883
f 2512//1884 2619//1968 2706//2039
f 2706//2039 2513//1885 2512//1884
f 2510//1882 2513//1885 2707//2040
f 2707//2040 2705//2037 2510//1882
f 2708//2041 2709//2042 2621//1970
f 2621//1970 2620//1969 2708//2041
f 2620//1969 2514//1886 2502//1874
f 2502//1874 2610//1961 2620//1969
f 2619//1968 2515//1887 2621//1970
f 2621//1970 2710//2043 2619//1968
f 2614//1965 2516//1778 2521//1778
f 2521//1778 2622//1971 2614//1965
f 2518//1889 2623//1972 2613//1964
f 2613//1964 2622//1971 2518//1889
f 2624//1973 2524//1894 2626//1975
f 2626//1975 2711//2044 2624//1973
f 2626//1975 2625//1974 2712//2045
f 2712//2045 2713//2046 2626//1975
f 2523//1893 2627//1976 2714//2047
f 2714//2047 2625//1974 2523//1893
f 2525//1895 2628//1977 2715//2048
f 2715//2048 2627//1976 2525//1895
f 2526//1896 2629//1978 2716//2049
f 2716//2049 2628//1977 2526//1896
f 2527//1897 2630//1979 2717//2050
f 2717//2050 2629//1978 2527//1897
f 2528//1898 2631//1980 2718//2051
f 2718//2051 2630//1979 2528//1898
f 2719//2052 2631//1980 2529//1899
f 2529//1899 2632//1981 2719//2052
f 2720//2053 2632//1981 2530//1900
f 2530//1900 2633//1982 2720//2053
f 2633//1982 2531//1901 2634//1983
f 2634//1983 2721//2054 2633//1982
f 2634//1983 2532//1902 2635//1984
f 2635//1984 2722//2055 2634//1983
f 2635//1984 2533//1903 2636//1985
f 2636//1985 2723//2056 2635//1984
f 2636//1985 2535//1905 2637//1986
f 2637//1986 2724//2057 2636//1985
f 2637//1986 2542//1910 2638//1987
f 2638//1987 2725//2058 2637//1986
f 2638//1987 2543//1911 2639//1988
f 2639//1988 2726//2059 2638//1987
f 2641//1990 2727//2060 2639//1988
f 2639//1988 2545//1913 2641//1990
f 2641//1990 2640//1989 2728//2061
f 2728//2061 2729//2062 2641//1990
f 2730//2063 2731//2064 2732//2065
f 2732//2065 2728//2061 2730//2063
f 2733//2066 2730//2063 2734//2067
f 2734//2067 2735//2068 2733//2066
f 2736//2069 2737//2070 2738//2071
f 2738//2071 2734//2067 2736//2069
f 2736//2069 2739//2072 2740//2073
f 2740//2073 2741//2074 2736//2069
f 2739//2072 2742//2075 2743//2076
f 2743//2076 2744//2077 2739//2072
f 2745//2078 2742//2075 2746//2079
f 2746//2079 2747//2080 2745//2078
f 2747//2080 2746//2079 2748//2081
f 2748//2081 2749//2082 2750//2083
f 2748//2081 2750//2083 2747//2080
f 2749//2082 2748//2081 2751//2084
f 2751//2084 2752//2085 2753//2086
f 2751//2084 2753//2086 2749//2082
f 2754//2087 2752//2085 2751//2084
f 2751//2084 2755//2088 2754//2087
f 2755//2088 2756//2089 2757//2090
f 2757//2090 2758//2091 2754//2087
f 2757//2090 2754//2087 2755//2088
f 2759//2092 2760//2093 2756//2089
f 2756//2089 2761//2094 2759//2092
f 2762//2095 2763//2096 2764//2097
f 2764//2097 2761//2094 2762//2095
f 2698//2033 2765//2098 2766//2099
f 2766//2099 2762//2095 2698//2033
f 2562//1914 2655//1991 2239//1638
f 2564//1916 2656//1992 2767//2100
f 2767//2100 2655//1991 2564//1916
f 2565//1917 2657//1993 2768//2101
f 2768//2101 2656//1992 2565//1917
f 2566//1918 2624//1973 2711//2044
f 2711//2044 2657//1993 2566//1918
f 2665//2001 2574//1926 2658//1994
f 2658//1994 2769//2102 2665//2001
f 2658//1994 2567//1919 2659//1995
f 2659//1995 2770//2103 2658//1994
f 2659//1995 2568//1920 2660//1996
f 2660//1996 2771//2104 2659//1995
f 2660//1996 2569//1921 2661//1997
f 2661//1997 2772//2105 2660//1996
f 2661//1997 2570//1922 2662//1998
f 2662//1998 2773//2106 2661//1997
f 2662//1998 2571//1923 2663//1999
f 2663//1999 2774//2107 2662//1998
f 2663//1999 2572//1924 2664//2000
f 2664//2000 2775//2108 2663//1999
f 2664//2000 2573//1925 2239//1638
f 2665//2001 2776//2109 2666//2002
f 2666//2002 2575//1927 2665//2001
f 2777//2110 2667//2003 2576//1928
f 2576//1928 2666//2002 2777//2110
f 2778//2111 2668//2004 2577//1929
f 2577//1929 2667//2003 2778//2111
f 2779//2112 2669//2005 2578//1930
f 2578//1930 2668//2004 2779//2112
f 2780//2113 2677//2013 2592//1944
f 2592//1944 2669//2005 2780//2113
f 2781//2114 2579//1931 2581//1933
f 2580//1932 2782//2115 2781//2114
f 2781//2114 2581//1933 2580//1932
f 1996//1458 2783//2116 2582//1934
f 2582//1934 2784//2117 2785//2118
f 2785//2118 2580//1932 2582//1934
f 2786//2119 1996//1458 2670//2006
f 2583//1935 2671//2007 2787//2120
f 2787//2120 2670//2006 2583//1935
f 2590//1942 2788//2121 2675//2011
f 2675//2011 2674//2010 2590//1942
f 2589//1941 2789//2122 2788//2121
f 2788//2121 2590//1942 2589//1941
f 2481//1855 2790//2123 2589//1941
f 2481//1855 2676//2012 2791//2124
f 2791//2124 2792//2125 2481//1855
f 2676//2012 2591//1943 2680//2016
f 2680//2016 2793//2126 2676//2012
f 2794//2127 2795//2128 2678//2014
f 2678//2014 2677//2013 2794//2127
f 2678//2014 2796//2129 2679//2015
f 2679//2015 2593//1945 2678//2014
f 2679//2015 2797//2130 2680//2016
f 2680//2016 2594//1946 2679//2015
f 2599//1951 2597//1949 2596//1948
f 2596//1948 2681//2017 2798//2131
f 2798//2131 2799//2132 2599//1951
f 2596//1948 2798//2131 2599//1951
f 2681//2017 2598//1950 2703//1881
f 2703//1881 2800//2133 2681//2017
f 2491//1865 2599//1951 2801//2134
f 2801//2134 2802//2135 2491//1865
f 2803//1197 2804//2136 2805//2137
f 2495//1869 2806//2138 2684//2020
f 2807//2139 2808//2140 2688//2023
f 2688//2023 2687//2022 2807//2139
f 2600//1952 2809//2141 2810//2142
f 2810//2142 2687//2022 2600//1952
f 2495//1869 2688//2023 2811//2143
f 2811//2143 2812//2144 2495//1869
f 2689//2024 2691//2026 2813//2145
f 2813//2145 2690//2025 2689//2024
f 2814//2146 2600//1952 2690//2025
f 2693//2028 2815//2147 2692//2027
f 2692//2027 2601//1953 2693//2028
f 2492//1866 2816//2148 2693//2028
f 2604//1956 2603//1955 2817//2149
f 2817//2149 2694//2029 2604//1956
f 2818//35 2605//1957 2686//471
f 2686//471 2819//35 2818//35
f 2820//2150 2499//1873 2694//2029
f 2696//2031 2606//1958 2695//2030
f 2696//2031 2695//2030 2608//1960
f 2608//1960 2821//2151 2822//2152
f 2608//1960 2822//2152 2696//2031
f 2607//1959 2823//2153 2821//2151
f 2821//2151 2608//1960 2607//1959
f 2499//1873 2820//2150 2607//1959
f 2698//2033 2697//2032 2824//2154
f 2696//2031 2822//2152 2825//2155
f 2825//2155 2697//2032 2696//2031
f 2610//1961 2699//2034 2708//2041
f 2708//2041 2620//1969 2610//1961
f 2826//2156 2699//2034 2611//1962
f 2611//1962 2827//2157 2826//2156
f 2828//2158 2611//1962 2701//2036
f 2829//2159 2612//1963 2623//1972
f 2623//1972 2520//1891 2579//1931
f 2623//1972 2579//1931 2829//2159
f 2702//2037 2830//2160 2616//1967
f 2616//1967 2615//1966 2702//2037
f 2703//1881 2617//1880 2704//2038
f 2704//2038 2831//1967 2703//1881
f 2830//2160 2832//2160 2618//1967
f 2618//1967 2616//1967 2830//2160
f 2705//2037 2833//2160 2830//2160
f 2830//2160 2702//2037 2705//2037
f 2707//2040 2834//2160 2833//2160
f 2833//2160 2705//2037 2707//2040
f 2513//1885 2706//2039 2835//2040
f 2835//2040 2707//2040 2513//1885
f 2709//2042 2836//2161 2710//2043
f 2710//2043 2621//1970 2709//2042
f 2711//2044 2626//1975 2713//2046
f 2713//2046 2837//2162 2711//2044
f 2713//2046 2712//2045 2838//2163
f 2838//2163 2839//2164 2713//2046
f 2625//1974 2714//2047 2840//2165
f 2840//2165 2712//2045 2625//1974
f 2627//1976 2715//2048 2841//2166
f 2841//2166 2714//2047 2627//1976
f 2628//1977 2716//2049 2842//2167
f 2842//2167 2715//2048 2628//1977
f 2629//1978 2717//2050 2843//2168
f 2843//2168 2716//2049 2629//1978
f 2630//1979 2718//2051 2844//2169
f 2844//2169 2717//2050 2630//1979
f 2631//1980 2719//2052 2845//2170
f 2845//2170 2718//2051 2631//1980
f 2846//2171 2719//2052 2632//1981
f 2632//1981 2720//2053 2846//2171
f 2720//2053 2633//1982 2721//2054
f 2721//2054 2847//2172 2720//2053
f 2721//2054 2634//1983 2722//2055
f 2722//2055 2848//2173 2721//2054
f 2722//2055 2635//1984 2723//2056
f 2723//2056 2849//2174 2722//2055
f 2723//2056 2636//1985 2724//2057
f 2724//2057 2850//2175 2723//2056
f 2724//2057 2637//1986 2725//2058
f 2725//2058 2851//2176 2724//2057
f 2725//2058 2638//1987 2726//2059
f 2726//2059 2852//2177 2725//2058
f 2727//2060 2853//2178 2726//2059
f 2726//2059 2639//1988 2727//2060
f 2727//2060 2641//1990 2729//2062
f 2729//2062 2854//2179 2727//2060
f 2730//2063 2855//2180 2731//2064
f 2730//2063 2733//2066 2856//2181
f 2735//2068 2857//2182 2858//2183
f 2858//2183 2733//2066 2735//2068
f 2735//2068 2734//2067 2859//2184
f 2737//2070 2736//2069 2860//2185
f 2734//2067 2738//2071 2859//2184
f 2737//2070 2861//2186 2862//2187
f 2862//2187 2738//2071 2737//2070
f 2736//2069 2741//2074 2863//2188
f 2864//2189 2739//2072 2744//2077
f 2745//2078 2865//2190 2742//2075
f 2747//2080 2866//2191 2867//2192
f 2867//2192 2745//2078 2747//2080
f 2868//2193 2752//2085 2754//2087
f 2754//2087 2869//2194 2868//2193
f 2761//2094 2870//2195 2759//2092
f 2757//2090 2756//2089 2760//2093
f 2762//2095 2871//2196 2763//2096
f 2765//2098 2698//2033 2872//2197
f 2655//1991 2767//2100 2239//1638
f 2656//1992 2768//2101 2873//2198
f 2873//2198 2767//2100 2656//1992
f 2657//1993 2711//2044 2837//2162
f 2837//2162 2768//2101 2657//1993
f 2776//2109 2665//2001 2769//2102
f 2769//2102 2874//2199 2776//2109
f 2769//2102 2658//1994 2770//2103
f 2770//2103 2875//2200 2769//2102
f 2770//2103 2659//1995 2771//2104
f 2771//2104 2876//2201 2770//2103
f 2771//2104 2660//1996 2772//2105
f 2772//2105 2877//2202 2771//2104
f 2772//2105 2661//1997 2773//2106
f 2773//2106 2878//2203 2772//2105
f 2773//2106 2662//1998 2774//2107
f 2774//2107 2879//2204 2773//2106
f 2774//2107 2663//1999 2775//2108
f 2775//2108 2880//2205 2774//2107
f 2775//2108 2664//2000 2239//1638
f 2881//2206 2777//2110 2666//2002
f 2666//2002 2776//2109 2881//2206
f 2882//2207 2778//2111 2667//2003
f 2667//2003 2777//2110 2882//2207
f 2883//2208 2779//2112 2668//2004
f 2668//2004 2778//2111 2883//2208
f 2884//2209 2780//2113 2669//2005
f 2669//2005 2779//2112 2884//2209
f 2885//2210 2794//2127 2677//2013
f 2677//2013 2780//2113 2885//2210
f 2886//2211 2579//1931 2781//2114
f 2887//2212 2886//2211 2781//2114
f 2781//2114 2782//2115 2887//2212
f 1996//1458 2888//2213 2783//2116
f 2783//2116 2889//2214 2784//2117
f 2784//2117 2582//1934 2783//2116
f 1996//1458 2786//2119 2890//2215
f 2789//2122 2589//1941 2790//2123
f 2790//2123 2891//2216 2789//2122
f 2481//1855 2892//2217 2790//2123
f 2893//2218 2481//1855 2792//2125
f 2894//2219 2895//2220 2795//2128
f 2795//2128 2794//2127 2894//2219
f 2795//2128 2896//2221 2796//2129
f 2796//2129 2678//2014 2795//2128
f 2796//2129 2897//2222 2898//2223
f 2898//2223 2679//2015 2796//2129
f 2679//2015 2898//2223 2899//2224
f 2899//2224 2797//2130 2679//2015
f 2797//2130 2900//2225 2793//2126
f 2793//2126 2680//2016 2797//2130
f 2798//2131 2681//2017 2800//2133
f 2800//2133 2901//2133 2798//2131
f 2800//2133 2703//1881 2831//1967
f 2831//1967 2902//2226 2800//2133
f 2491//1865 2802//2135 2903//2227
f 2492//1866 2683//2019 2904//2228
f 2495//1869 2905//2229 2806//2138
f 2806//2138 2906//2230 2685//2021
f 2685//2021 2684//2020 2806//2138
f 2907//2231 2908//2232 2808//2140
f 2808//2140 2807//2139 2907//2231
f 2909//2233 2807//2139 2687//2022
f 2687//2022 2910//2234 2909//2233
f 2688//2023 2808//2140 2911//2235
f 2911//2235 2912//2235 2688//2023
f 2809//2141 2600//1952 2814//2146
f 2687//2022 2810//2142 2913//2236
f 2495//1869 2812//2144 2905//2229
f 2691//2026 2692//2027 2914//2237
f 2914//2237 2915//2238 2691//2026
f 2815//2147 2693//2028 2816//2148
f 2816//2148 2916//2239 2815//2147
f 2492//1866 2904//2228 2816//2148
f 2694//2029 2817//2149 2917//2240
f 2917//2240 2820//2150 2694//2029
f 2918//35 2817//2149 2603//1955
f 2603//1955 2919//35 2918//35
f 2919//35 2603//1955 2605//1957
f 2605//1957 2818//35 2919//35
f 2920//35 2818//35 2819//35
f 2819//35 2921//35 2920//35
f 2819//35 2686//471 2685//2021
f 2685//2021 2922//35 2819//35
f 2820//2150 2917//2240 2823//2153
f 2823//2153 2607//1959 2820//2150
f 2923//35 2821//2151 2823//2153
f 2823//2153 2924//35 2923//35
f 2698//2033 2824//2154 2872//2197
f 2697//2032 2825//2155 2925//2241
f 2925//2241 2824//2154 2697//2032
f 2926//2242 2708//2041 2699//2034
f 2699//2034 2826//2156 2926//2242
f 2481//1855 2826//2156 2827//2157
f 2827//2157 2611//1962 2927//2243
f 2928//2244 2611//1962 2828//2158
f 2929//2245 2828//2158 2701//2036
f 2701//2036 2930//2246 2929//2245
f 2612//1963 2931//2247 2700//2035
f 2932//2160 2933//2160 2831//1967
f 2831//1967 2704//2038 2932//2160
f 2832//2160 2932//2160 2704//2038
f 2704//2038 2618//1967 2832//2160
f 2833//2160 2934//2160 2832//2160
f 2832//2160 2830//2160 2833//2160
f 2835//2040 2935//2160 2834//2160
f 2834//2160 2707//2040 2835//2040
f 2834//2160 2936//2160 2934//2160
f 2934//2160 2833//2160 2834//2160
f 2706//2039 2937//2248 2938//2037
f 2938//2037 2835//2040 2706//2039
f 2939//2249 2709//2042 2940//2250
f 2941//2251 2940//2250 2709//2042
f 2709//2042 2708//2041 2941//2251
f 2937//2248 2706//2039 2619//1968
f 2619//1968 2710//2043 2937//2248
f 2837//2162 2713//2046 2839//2164
f 2839//2164 2942//2252 2837//2162
f 2839//2164 2838//2163 2239//1638
f 2712//2045 2840//2165 2943//2253
f 2943//2253 2838//2163 2712//2045
f 2714//2047 2841//2166 2944//2254
f 2944//2254 2840//2165 2714//2047
f 2715//2048 2842//2167 2945//2255
f 2945//2255 2841//2166 2715//2048
f 2716//2049 2843//2168 2946//2256
f 2946//2256 2842//2167 2716//2049
f 2717//2050 2844//2169 2947//2257
f 2947//2257 2843//2168 2717//2050
f 2718//2051 2845//2170 2948//2258
f 2948//2258 2844//2169 2718//2051
f 2719//2052 2846//2171 2949//2259
f 2949//2259 2845//2170 2719//2052
f 2846//2171 2720//2053 2847//2172
f 2847//2172 2950//2260 2846//2171
f 2847//2172 2721//2054 2848//2173
f 2848//2173 2951//2261 2847//2172
f 2848//2173 2722//2055 2849//2174
f 2849//2174 2952//2262 2848//2173
f 2849//2174 2723//2056 2850//2175
f 2850//2175 2953//2263 2849//2174
f 2850//2175 2724//2057 2851//2176
f 2851//2176 2954//2264 2850//2175
f 2851//2176 2725//2058 2852//2177
f 2852//2177 2955//2265 2851//2176
f 2852//2177 2726//2059 2853//2178
f 2853//2178 2956//2266 2852//2177
f 2853//2178 2727//2060 2854//2179
f 2854//2179 2957//2267 2853//2178
f 2854//2179 2729//2062 2958//2268
f 2958//2268 2959//2269 2854//2179
f 2960//2270 2958//2268 2729//2062
f 2729//2062 2728//2061 2961//2271
f 2729//2062 2961//2271 2960//2270
f 2728//2061 2732//2065 2961//2271
f 2730//2063 2962//2272 2855//2180
f 2730//2063 2856//2181 2962//2272
f 2733//2066 2858//2183 2963//2273
f 2963//2273 2856//2181 2733//2066
f 2862//2187 2857//2182 2735//2068
f 2735//2068 2859//2184 2738//2071
f 2735//2068 2738//2071 2862//2187
f 2860//2185 2964//2274 2861//2186
f 2861//2186 2737//2070 2860//2185
f 2860//2185 2736//2069 2863//2188
f 2740//2073 2965//2275 2966//2276
f 2966//2276 2741//2074 2740//2073
f 2740//2073 2739//2072 2864//2189
f 2967//2277 2743//2076 2742//2075
f 2865//2190 2745//2078 2867//2192
f 2867//2192 2968//2278 2865//2190
f 2969//2279 2742//2075 2865//2190
f 2750//2083 2970//2280 2866//2191
f 2866//2191 2747//2080 2750//2083
f 2971//2281 2868//2193 2869//2194
f 2869//2194 2972//2282 2971//2281
f 2973//2283 2758//2091 2757//2090
f 2757//2090 2974//2284 2973//2283
f 2975//2285 2760//2093 2759//2092
f 2759//2092 2976//2286 2975//2285
f 2976//2286 2759//2092 2870//2195
f 2870//2195 2977//2287 2976//2286
f 2761//2094 2978//2288 2870//2195
f 2764//2097 2979//2289 2761//2094
f 2762//2095 2766//2099 2871//2196
f 2765//2098 2980//2290 2981//2291
f 2981//2291 2766//2099 2765//2098
f 2765//2098 2872//2197 2824//2154
f 2824//2154 2925//2241 2980//2290
f 2824//2154 2980//2290 2765//2098
f 2767//2100 2873//2198 2239//1638
f 2768//2101 2837//2162 2942//2252
f 2942//2252 2873//2198 2768//2101
f 2776//2109 2874//2199 2982//2292
f 2982//2292 2881//2206 2776//2109
f 2874//2199 2769//2102 2875//2200
f 2875//2200 2983//2293 2874//2199
f 2875//2200 2770//2103 2876//2201
f 2876//2201 2984//2294 2875//2200
f 2876//2201 2771//2104 2877//2202
f 2877//2202 2985//2295 2876//2201
f 2877//2202 2772//2105 2878//2203
f 2878//2203 2986//2296 2877//2202
f 2878//2203 2773//2106 2879//2204
f 2879//2204 2987//2297 2878//2203
f 2879//2204 2774//2107 2880//2205
f 2880//2205 2988//2298 2879//2204
f 2239//1638 2880//2205 2775//2108
f 2989//2299 2882//2207 2777//2110
f 2777//2110 2881//2206 2989//2299
f 2990//2300 2883//2208 2778//2111
f 2778//2111 2882//2207 2990//2300
f 2991//2301 2884//2209 2779//2112
f 2779//2112 2883//2208 2991//2301
f 2992//2302 2885//2210 2780//2113
f 2780//2113 2884//2209 2992//2302
f 2993//2303 2894//2219 2794//2127
f 2794//2127 2885//2210 2993//2303
f 2886//2211 2994//2304 2829//2159
f 2829//2159 2579//1931 2886//2211
f 2995//2305 2782//2115 2580//1932
f 2580//1932 2785//2118 2995//2305
f 1996//1458 2890//2215 2888//2213
f 2889//2214 2783//2116 2888//2213
f 2888//2213 2996//2306 2889//2214
f 2997//2307 2786//2119 2670//2006
f 2670//2006 2787//2120 2997//2307
f 2481//1855 2998//2308 2892//2217
f 2891//2216 2790//2123 2892//2217
f 2892//2217 2999//2309 2891//2216
f 3000//2310 2481//1855 2893//2218
f 3001//2311 2791//2124 2676//2012
f 3002//2312 2676//2012 2793//2126
f 2793//2126 3003//2313 3002//2312
f 3004//2314 3003//2313 2793//2126
f 3005//2315 3006//2316 2895//2220
f 2895//2220 2894//2219 3005//2315
f 2895//2220 3007//2317 2896//2221
f 2896//2221 2795//2128 2895//2220
f 2896//2221 3008//2318 2897//2222
f 2897//2222 2796//2129 2896//2221
f 2897//2222 3009//2319 2899//2224
f 2899//2224 2898//2223 2897//2222
f 2797//2130 2899//2224 3009//2319
f 3009//2319 3010//2320 2797//2130
f 3010//2320 3011//2321 2900//2225
f 2900//2225 2797//2130 3010//2320
f 2799//2132 2798//2131 2901//2133
f 2901//2133 3012//2322 2799//2132
f 2901//2133 2800//2133 2902//2226
f 2902//2226 3013//2323 2901//2133
f 2933//2160 3014//2160 2902//2226
f 2902//2226 2831//1967 2933//2160
f 2491//1865 2903//2227 3015//2324
f 2491//1865 3015//2324 3016//2325
f 2905//2229 3017//2326 2906//2230
f 2906//2230 2806//2138 2905//2229
f 2922//35 2685//2021 2906//2230
f 2906//2230 3018//35 2922//35
f 3019//2327 3020//2328 2908//2232
f 2908//2232 2907//2231 3019//2327
f 3021//2329 2907//2231 2807//2139
f 2807//2139 2909//2233 3021//2329
f 2808//2140 2908//2232 3022//2330
f 3022//2330 3023//2331 2808//2140
f 3024//2332 2909//2233 2910//2234
f 2910//2234 3025//2333 3024//2332
f 2687//2022 3026//2334 3027//2335
f 3027//2335 2910//2234 2687//2022
f 2688//2023 2912//2235 3028//1958
f 3023//2331 2911//2235 2808//2140
f 2687//2022 2913//2236 3026//2334
f 2812//2144 3029//2336 3017//2326
f 3017//2326 2905//2229 2812//2144
f 2811//2143 3029//2336 2812//2144
f 3030//2337 2811//2143 2688//2023
f 2813//2145 3031//2338 2814//2146
f 2814//2146 2690//2025 2813//2145
f 2915//2238 3032//2339 2813//2145
f 2813//2145 2691//2026 2915//2238
f 2814//2146 3031//2338 3033//2340
f 3033//2340 2810//2142 2809//2141
f 3033//2340 2809//2141 2814//2146
f 2692//2027 2815//2147 3034//2341
f 3034//2341 2914//2237 2692//2027
f 2815//2147 2916//2239 3035//2342
f 3035//2342 3034//2341 2815//2147
f 2916//2239 2816//2148 2904//2228
f 2904//2228 3036//2343 2916//2239
f 3037//35 2917//2240 2817//2149
f 2817//2149 2918//35 3037//35
f 3038//35 2918//35 2919//35
f 2919//35 3039//35 3038//35
f 3039//35 2919//35 2818//35
f 2818//35 2920//35 3039//35
f 3040//741 2920//35 2921//35
f 2921//35 3041//625 3040//741
f 2921//35 2819//35 2922//35
f 2922//35 3042//35 2921//35
f 2924//35 2823//2153 2917//2240
f 2917//2240 3037//35 2924//35
f 2821//2151 2923//35 2825//2155
f 2825//2155 2822//2152 2821//2151
f 3043//35 2923//35 2924//35
f 2924//35 3044//35 3043//35
f 2925//2241 2825//2155 2923//35
f 2923//35 3043//35 2925//2241
f 2708//2041 2926//2242 3045//2344
f 2481//1855 2926//2242 2826//2156
f 2827//2157 2927//2243 3046//2345
f 3046//2345 3047//2346 2481//1855
f 3046//2345 2481//1855 2827//2157
f 2927//2243 2611//1962 2928//2244
f 3048//2347 2928//2244 2828//2158
f 2828//2158 2929//2245 3048//2347
f 3049//2348 2930//2246 2701//2036
f 2701//2036 2700//2035 3049//2348
f 2612//1963 3050//2349 2931//2247
f 3051//2350 3050//2349 2612//1963
f 2612//1963 2829//2159 3051//2350
f 3052//2160 3053//2160 2933//2160
f 2933//2160 2932//2160 3052//2160
f 2934//2160 3052//2160 2932//2160
f 2932//2160 2832//2160 2934//2160
f 2938//2037 3054//2160 2935//2160
f 2935//2160 2835//2040 2938//2037
f 2935//2160 3055//2160 2936//2160
f 2936//2160 2834//2160 2935//2160
f 2936//2160 3056//2160 3052//2160
f 3052//2160 2934//2160 2936//2160
f 2937//2248 3057//2351 3058//2352
f 3058//2352 2938//2037 2937//2248
f 3059//2353 2709//2042 2939//2249
f 3060//2354 2939//2249 2940//2250
f 2940//2250 3061//2355 3060//2354
f 2941//2251 2708//2041 3062//2356
f 2709//2042 3059//2353 3063//2357
f 3063//2357 3064//2358 2709//2042
f 3057//2351 2937//2248 2710//2043
f 2710//2043 2836//2161 3057//2351
f 2942//2252 2839//2164 2239//1638
f 2838//2163 2943//2253 2239//1638
f 2840//2165 2944//2254 3065//2359
f 3065//2359 2943//2253 2840//2165
f 2841//2166 2945//2255 3066//2360
f 3066//2360 2944//2254 2841//2166
f 2842//2167 2946//2256 3067//2361
f 3067//2361 2945//2255 2842//2167
f 2843//2168 2947//2257 3068//2362
f 3068//2362 2946//2256 2843//2168
f 2844//2169 2948//2258 3069//2363
f 3069//2363 2947//2257 2844//2169
f 2845//2170 2949//2259 3070//2364
f 3070//2364 2948//2258 2845//2170
f 2950//2260 3071//2365 2949//2259
f 2949//2259 2846//2171 2950//2260
f 2950//2260 2847//2172 2951//2261
f 2951//2261 3072//2366 2950//2260
f 2951//2261 2848//2173 2952//2262
f 2952//2262 3073//2367 2951//2261
f 2952//2262 2849//2174 2953//2263
f 2953//2263 3074//2368 2952//2262
f 2953//2263 2850//2175 2954//2264
f 2954//2264 3075//2369 2953//2263
f 2954//2264 2851//2176 2955//2265
f 2955//2265 3076//2370 2954//2264
f 2955//2265 2852//2177 2956//2266
f 2956//2266 3077//2371 2955//2265
f 2956//2266 2853//2178 2957//2267
f 2957//2267 3078//2372 2956//2266
f 2957//2267 2854//2179 2959//2269
f 2959//2269 3079//2373 2957//2267
f 2959//2269 2958//2268 3080//2374
f 3080//2374 3081//2375 2959//2269
f 3082//2376 2960//2270 2961//2271
f 2961//2271 3083//161 3084//162
f 2961//2271 3084//162 3082//2376
f 3082//2376 2958//2268 2960//2270
f 2855//2180 3085//2377 3086//163
f 3086//163 2732//2065 2731//2064
f 3086//163 2731//2064 2855//2180
f 2732//2065 3086//163 3083//161
f 3083//161 2961//2271 2732//2065
f 2962//2272 3087//2378 3085//2377
f 3085//2377 2855//2180 2962//2272
f 2856//2181 2963//2273 3087//2378
f 3087//2378 2962//2272 2856//2181
f 2858//2183 3088//35 3089//35
f 3089//35 2963//2273 2858//2183
f 3088//35 2858//2183 2857//2182
f 2857//2182 2862//2187 3088//35
f 2741//2074 2966//2276 2964//2274
f 2964//2274 2860//2185 2863//2188
f 2964//2274 2863//2188 2741//2074
f 2861//2186 2964//2274 2966//2276
f 2966//2276 3090//35 2861//2186
f 3088//35 2862//2187 2861//2186
f 2861//2186 3090//35 3088//35
f 2864//2189 3091//2379 2965//2275
f 2965//2275 2740//2073 2864//2189
f 2966//2276 2965//2275 3092//35
f 3092//35 3090//35 2966//2276
f 3091//2379 2864//2189 2744//2077
f 2744//2077 2743//2076 3093//2380
f 2744//2077 3093//2380 3091//2379
f 2967//2277 3094//2381 3093//2380
f 3093//2380 2743//2076 2967//2277
f 2742//2075 3095//2382 2967//2277
f 2968//2278 3096//2383 2969//2279
f 2969//2279 2865//2190 2968//2278
f 3097//2384 2742//2075 2969//2279
f 2750//2083 2749//2082 3098//2385
f 3098//2385 2970//2280 2750//2083
f 3099//2386 2866//2191 2970//2280
f 2970//2280 3100//2387 3099//2386
f 3098//2385 2749//2082 2753//2086
f 2753//2086 3101//2388 3098//2385
f 3101//2388 2753//2086 2752//2085
f 2752//2085 2868//2193 3101//2388
f 2971//2281 3101//2388 2868//2193
f 3102//2389 2971//2281 2972//2282
f 2972//2282 3103//2390 3102//2389
f 2973//2283 2972//2282 2869//2194
f 2973//2283 2869//2194 2754//2087
f 2754//2087 2758//2091 2973//2283
f 3104//2391 2972//2282 2973//2283
f 2973//2283 2974//2284 3104//2391
f 3104//2391 2974//2284 2975//2285
f 2975//2285 2976//2286 2977//2287
f 2977//2287 3105//2392 3106//2393
f 3106//2393 3107//2394 3104//2391
f 3104//2391 2975//2285 2977//2287
f 2977//2287 3106//2393 3104//2391
f 2975//2285 2974//2284 2757//2090
f 2757//2090 2760//2093 2975//2285
f 2977//2287 2870//2195 2978//2288
f 2978//2288 3105//2392 2977//2287
f 2761//2094 3108//2395 2978//2288
f 2871//2196 3109//2396 3110//2397
f 3110//2397 2764//2097 2763//2096
f 3110//2397 2763//2096 2871//2196
f 2764//2097 3110//2397 3111//2398
f 3111//2398 2979//2289 2764//2097
f 2979//2289 3112//2399 2761//2094
f 2766//2099 2981//2291 3109//2396
f 3109//2396 2871//2196 2766//2099
f 2980//2290 2925//2241 3043//35
f 3043//35 2981//2291 2980//2290
f 2873//2198 2942//2252 2239//1638
f 2881//2206 2982//2292 3113//2400
f 3113//2400 2989//2299 2881//2206
f 2874//2199 2983//2293 3114//2401
f 3114//2401 2982//2292 2874//2199
f 2983//2293 2875//2200 2984//2294
f 2984//2294 3115//2402 2983//2293
f 2984//2294 2876//2201 2985//2295
f 2985//2295 3116//2403 2984//2294
f 2985//2295 2877//2202 2986//2296
f 2986//2296 3117//2404 2985//2295
f 2986//2296 2878//2203 2987//2297
f 2987//2297 3118//2405 2986//2296
f 2987//2297 2879//2204 2988//2298
f 2988//2298 3119//2406 2987//2297
f 2239//1638 2988//2298 2880//2205
f 3120//2407 2990//2300 2882//2207
f 2882//2207 2989//2299 3120//2407
f 3121//2408 2991//2301 2883//2208
f 2883//2208 2990//2300 3121//2408
f 3122//2409 2992//2302 2884//2209
f 2884//2209 2991//2301 3122//2409
f 3123//2410 2993//2303 2885//2210
f 2885//2210 2992//2302 3123//2410
f 3124//2411 3005//2315 2894//2219
f 2894//2219 2993//2303 3124//2411
f 2829//2159 2994//2304 3051//2350
f 2994//2304 2886//2211 2887//2212
f 2887//2212 3125//2412 2994//2304
f 2887//2212 3126//2413 3127//2414
f 3127//2414 3125//2412 2887//2212
f 3126//2413 2887//2212 2782//2115
f 2782//2115 2995//2305 3126//2413
f 2890//2215 3128//2415 2996//2306
f 2996//2306 2888//2213 2890//2215
f 3128//2415 2890//2215 2786//2119
f 2786//2119 2997//2307 3128//2415
f 2481//1855 3129//2416 2998//2308
f 2999//2309 2892//2217 2998//2308
f 2998//2308 3130//2417 2999//2309
f 3131//2418 2481//1855 3000//2310
f 3132//2419 3133//2420 2893//2218
f 2893//2218 2792//2125 3132//2419
f 3133//2420 3134//2421 3000//2310
f 3000//2310 2893//2218 3133//2420
f 3135//2422 3132//2419 2792//2125
f 2792//2125 2791//2124 3135//2422
f 2791//2124 3001//2311 3136//2423
f 3136//2423 3135//2422 2791//2124
f 3001//2311 2676//2012 3002//2312
f 3136//2423 3001//2311 3002//2312
f 3002//2312 3003//2313 3137//2424
f 3002//2312 3137//2424 3136//2423
f 3003//2313 3004//2314 3138//2425
f 3138//2425 3139//2426 3137//2424
f 3138//2425 3137//2424 3003//2313
f 2793//2126 3138//2425 3004//2314
f 3140//2427 3141//2428 3006//2316
f 3006//2316 3005//2315 3140//2427
f 3006//2316 3142//2429 3007//2317
f 3007//2317 2895//2220 3006//2316
f 3007//2317 3143//2430 3008//2318
f 3008//2318 2896//2221 3007//2317
f 3008//2318 3144//2431 3009//2319
f 3009//2319 2897//2222 3008//2318
f 3010//2320 3009//2319 3144//2431
f 3144//2431 3145//2432 3010//2320
f 2793//2126 3146//2433 3138//2425
f 3147//2434 3146//2433 2793//2126
f 2793//2126 2900//2225 3147//2434
f 3145//2432 3148//2435 3011//2321
f 3011//2321 3010//2320 3145//2432
f 2900//2225 3011//2321 3149//2436
f 3149//2436 3150//2437 2900//2225
f 3151//2438 2801//2134 2599//1951
f 2599//1951 2799//2132 3151//2438
f 3012//2322 3152//2439 3151//2438
f 3151//2438 2799//2132 3012//2322
f 3012//2322 2901//2133 3013//2323
f 3013//2323 3153//2440 3012//2322
f 3014//2160 3154//2160 3013//2323
f 3013//2323 2902//2226 3014//2160
f 3053//2160 3155//2441 3014//2160
f 3014//2160 2933//2160 3053//2160
f 3156//2442 2802//2135 2801//2134
f 2801//2134 3151//2438 3156//2442
f 2903//2227 3157//2443 3158//2444
f 3158//2444 3015//2324 2903//2227
f 3157//2443 2903//2227 2802//2135
f 2802//2135 3156//2442 3157//2443
f 3159//2445 3036//2343 2904//2228
f 2904//2228 2683//2019 2682//2018
f 2904//2228 2682//2018 3159//2445
f 3160//2446 3161//2447 3162//2448
f 3161//2447 3163//2449 3164//2450
f 3164//2450 3159//2445 2682//2018
f 3164//2450 2682//2018 3161//2447
f 3015//2324 3158//2444 3165//2451
f 3165//2451 3016//2325 3015//2324
f 3166//2452 3167//2453 3016//2325
f 3016//2325 3167//2453 3168//2454
f 3168//2454 3169//2455 2491//1865
f 3168//2454 2491//1865 3016//2325
f 3018//35 2906//2230 3017//2326
f 3017//2326 3170//35 3018//35
f 3042//35 2922//35 3018//35
f 3018//35 3171//35 3042//35
f 3172//2456 3173//2457 3020//2328
f 3020//2328 3019//2327 3172//2456
f 3174//2458 3019//2327 2907//2231
f 2907//2231 3021//2329 3174//2458
f 3020//2328 3175//2459 3176//2460
f 3176//2460 2908//2232 3020//2328
f 3177//2461 3021//2329 2909//2233
f 2909//2233 3024//2332 3177//2461
f 3023//2331 3022//2330 3178//2462
f 3178//2462 3179//35 2911//2235
f 3178//2462 2911//2235 3023//2331
f 2908//2232 3180//2463 3022//2330
f 3181//2464 3024//2332 3025//2333
f 3025//2333 3182//2465 3181//2464
f 3025//2333 2910//2234 2804//2136
f 2804//2136 1577//1199 3025//2333
f 3027//2335 3183//2466 2804//2136
f 2804//2136 2910//2234 3027//2335
f 3026//2334 3184//2467 3185//2468
f 3185//2468 3027//2335 3026//2334
f 3028//1958 3030//2337 2688//2023
f 3028//1958 2912//2235 3170//35
f 3170//35 3017//2326 3029//2336
f 3029//2336 3030//2337 3028//1958
f 3170//35 3029//2336 3028//1958
f 3179//35 3170//35 2912//2235
f 2912//2235 2911//2235 3179//35
f 3186//2469 3184//2467 3026//2334
f 3026//2334 2913//2236 3186//2469
f 3033//2340 3186//2469 2913//2236
f 2913//2236 2810//2142 3033//2340
f 3030//2337 3029//2336 2811//2143
f 3032//2339 3187//2470 3031//2338
f 3031//2338 2813//2145 3032//2339
f 2915//2238 3188//2471 3189//2472
f 3189//2472 3032//2339 2915//2238
f 3187//2470 3190//2473 3033//2340
f 3033//2340 3031//2338 3187//2470
f 3191//2474 3188//2471 2915//2238
f 2915//2238 2914//2237 3192//2475
f 2915//2238 3192//2475 3191//2474
f 2914//2237 3034//2341 3193//2476
f 3193//2476 3192//2475 2914//2237
f 3034//2341 3035//2342 3194//2477
f 3194//2477 3193//2476 3034//2341
f 2916//2239 3036//2343 3195//2478
f 3195//2478 3035//2342 2916//2239
f 3196//35 3037//35 2918//35
f 2918//35 3038//35 3196//35
f 3111//2398 3038//35 3039//35
f 3039//35 3197//2479 3111//2398
f 3197//2479 3039//35 2920//35
f 2920//35 3040//741 3197//2479
f 3198//2480 3040//741 3041//625
f 3041//625 3199//2481 3198//2480
f 3041//625 2921//35 3042//35
f 3042//35 3200//2482 3041//625
f 3044//35 2924//35 3037//35
f 3037//35 3196//35 3044//35
f 2981//2291 3043//35 3044//35
f 3044//35 3109//2396 2981//2291
f 3201//2483 2708//2041 3045//2344
f 3202//2484 3045//2344 2926//2242
f 2926//2242 2481//1855 3203//2485
f 2926//2242 3203//2485 3202//2484
f 3046//2345 2927//2243 2928//2244
f 2928//2244 3048//2347 3046//2345
f 2929//2245 3204//2486 3205//2487
f 3205//2487 3048//2347 2929//2245
f 3204//2486 2929//2245 2930//2246
f 2930//2246 3206//2488 3204//2486
f 2930//2246 3049//2348 3207//2489
f 3207//2489 3208//2490 3206//2488
f 3207//2489 3206//2488 2930//2246
f 2931//2247 3050//2349 3209//2491
f 3209//2491 3207//2489 2931//2247
f 3207//2489 3049//2348 2700//2035
f 2700//2035 2931//2247 3207//2489
f 3050//2349 3051//2350 3210//2492
f 3210//2492 3209//2491 3050//2349
f 3056//2160 3211//2160 3053//2160
f 3053//2160 3052//2160 3056//2160
f 3058//2352 3212//2493 3054//2160
f 3054//2160 2938//2037 3058//2352
f 3054//2160 3213//2160 3055//2160
f 3055//2160 2935//2160 3054//2160
f 3055//2160 3214//2160 3056//2160
f 3056//2160 2936//2160 3055//2160
f 3057//2351 3215//2494 3212//2493
f 3212//2493 3058//2352 3057//2351
f 3216//2495 3059//2353 2939//2249
f 2939//2249 3060//2354 3216//2495
f 3060//2354 3061//2355 3217//2496
f 3217//2496 3218//2497 3219//2498
f 3217//2496 3219//2498 3060//2354
f 3217//2496 3061//2355 2940//2250
f 2940//2250 2941//2251 3217//2496
f 3217//2496 2941//2251 3062//2356
f 3062//2356 3220//2499 3217//2496
f 3062//2356 2708//2041 3201//2483
f 3221//2500 3222//2501 2836//2161
f 2836//2161 2709//2042 3064//2358
f 2836//2161 3064//2358 3221//2500
f 3221//2500 3064//2358 3223//2502
f 3223//2502 3224//2503 3221//2500
f 2836//2161 3222//2501 3215//2494
f 3215//2494 3057//2351 2836//2161
f 2943//2253 3065//2359 2239//1638
f 2944//2254 3066//2360 3225//2504
f 3225//2504 3065//2359 2944//2254
f 2945//2255 3067//2361 3226//2505
f 3226//2505 3066//2360 2945//2255
f 2946//2256 3068//2362 3227//2506
f 3227//2506 3067//2361 2946//2256
f 2947//2257 3069//2363 3228//2507
f 3228//2507 3068//2362 2947//2257
f 2948//2258 3070//2364 3229//2508
f 3229//2508 3069//2363 2948//2258
f 3071//2365 3230//2509 3070//2364
f 3070//2364 2949//2259 3071//2365
f 3072//2366 3231//2510 3071//2365
f 3071//2365 2950//2260 3072//2366
f 3072//2366 2951//2261 3073//2367
f 3073//2367 3232//2511 3072//2366
f 3073//2367 2952//2262 3074//2368
f 3074//2368 3233//2512 3073//2367
f 3074//2368 2953//2263 3075//2369
f 3075//2369 3234//2513 3074//2368
f 3075//2369 2954//2264 3076//2370
f 3076//2370 3235//2514 3075//2369
f 3076//2370 2955//2265 3077//2371
f 3077//2371 3236//2515 3076//2370
f 3077//2371 2956//2266 3078//2372
f 3078//2372 3237//2516 3077//2371
f 3078//2372 2957//2267 3079//2373
f 3079//2373 3238//2517 3078//2372
f 3079//2373 2959//2269 3081//2375
f 3081//2375 3239//2518 3079//2373
f 3081//2375 3080//2374 3240//2519
f 3240//2519 3241//2520 3081//2375
f 3080//2374 2958//2268 3242//2521
f 3242//2521 3243//2522 3080//2374
f 3244//2523 2958//2268 3082//2376
f 3086//163 3245//35 3246//35
f 3246//35 3083//161 3086//163
f 3087//2378 3247//35 3248//35
f 3248//35 3085//2377 3087//2378
f 2963//2273 3089//35 3247//35
f 3247//35 3087//2378 2963//2273
f 3088//35 3090//35 3092//35
f 3092//35 3089//35 3088//35
f 3092//35 2965//2275 3091//2379
f 3091//2379 3249//35 3092//35
f 3095//2382 3250//297 3094//2381
f 3094//2381 2967//2277 3095//2382
f 3251//35 3093//2380 3094//2381
f 3094//2381 3252//35 3251//35
f 3095//2382 2742//2075 3253//2524
f 3254//2525 3096//2383 2968//2278
f 2968//2278 2867//2192 2866//2191
f 2866//2191 3099//2386 3255//2526
f 3255//2526 3256//2527 3254//2525
f 3254//2525 2968//2278 2866//2191
f 2866//2191 3255//2526 3254//2525
f 3097//2384 2969//2279 3096//2383
f 3096//2383 3254//2525 3097//2384
f 3257//2528 2742//2075 3097//2384
f 3100//2387 2970//2280 3098//2385
f 3258//2529 3099//2386 3100//2387
f 3100//2387 3259//2530 3258//2529
f 3100//2387 3098//2385 3101//2388
f 3101//2388 2971//2281 3100//2387
f 3259//2530 3100//2387 2971//2281
f 2971//2281 3102//2389 3259//2530
f 3102//2389 3103//2390 3260//2531
f 3260//2531 3261//2532 3262//2533
f 3260//2531 3262//2533 3102//2389
f 3103//2390 2972//2282 3104//2391
f 3104//2391 3263//2534 3103//2390
f 3199//2481 3108//2395 2761//2094
f 2761//2094 3198//2480 3199//2481
f 3108//2395 3105//2392 2978//2288
f 2979//2289 3111//2398 3197//2479
f 3197//2479 3112//2399 2979//2289
f 3110//2397 3196//35 3038//35
f 3038//35 3111//2398 3110//2397
f 3112//2399 3198//2480 2761//2094
f 2989//2299 3113//2400 3264//2535
f 3264//2535 3120//2407 2989//2299
f 2982//2292 3114//2401 3265//2536
f 3265//2536 3113//2400 2982//2292
f 2983//2293 3115//2402 3266//2537
f 3266//2537 3114//2401 2983//2293
f 3115//2402 2984//2294 3116//2403
f 3116//2403 3267//2538 3115//2402
f 3116//2403 2985//2295 3117//2404
f 3117//2404 3268//2539 3116//2403
f 3117//2404 2986//2296 3118//2405
f 3118//2405 3269//2540 3117//2404
f 3118//2405 2987//2297 3119//2406
f 3119//2406 3270//2541 3118//2405
f 3119//2406 2988//2298 2239//1638
f 3271//2542 3121//2408 2990//2300
f 2990//2300 3120//2407 3271//2542
f 3272//2543 3122//2409 2991//2301
f 2991//2301 3121//2408 3272//2543
f 3273//2544 3123//2410 2992//2302
f 2992//2302 3122//2409 3273//2544
f 3274//2545 3124//2411 2993//2303
f 2993//2303 3123//2410 3274//2545
f 3275//2546 3140//2427 3005//2315
f 3005//2315 3124//2411 3275//2546
f 2994//2304 3125//2412 3210//2492
f 3210//2492 3051//2350 2994//2304
f 2481//1855 3276//2547 3129//2416
f 3130//2417 2998//2308 3129//2416
f 3129//2416 3277//2548 3130//2417
f 3278//2549 2481//1855 3131//2418
f 3131//2418 3000//2310 3134//2421
f 3134//2421 3279//2550 3131//2418
f 3280//2551 3281//2552 3141//2428
f 3141//2428 3140//2427 3280//2551
f 3141//2428 3282//2553 3142//2429
f 3142//2429 3006//2316 3141//2428
f 3142//2429 3283//2429 3284//2554
f 3284//2554 3007//2317 3142//2429
f 3284//2554 3285//2555 3143//2430
f 3143//2430 3007//2317 3284//2554
f 3143//2430 3285//2555 3144//2431
f 3144//2431 3008//2318 3143//2430
f 3145//2432 3144//2431 3285//2555
f 3285//2555 3284//2554 3145//2432
f 3138//2425 3146//2433 3286//2556
f 3286//2556 3139//2426 3138//2425
f 3146//2433 3147//2434 3287//2557
f 3287//2557 3286//2556 3146//2433
f 2900//2225 3288//2558 3147//2434
f 3284//2554 3289//2559 3148//2435
f 3148//2435 3145//2432 3284//2554
f 3011//2321 3148//2435 3290//2560
f 3290//2560 3291//2561 3011//2321
f 3292//2562 2900//2225 3150//2437
f 3152//2439 3012//2322 3153//2440
f 3153//2440 3293//2563 3152//2439
f 3154//2160 3293//2563 3153//2440
f 3153//2440 3013//2323 3154//2160
f 3155//2441 3294//2441 3154//2160
f 3154//2160 3014//2160 3155//2441
f 3211//2160 3295//2160 3155//2441
f 3155//2441 3053//2160 3211//2160
f 3156//2442 3151//2438 3152//2439
f 3152//2439 3296//2564 3156//2442
f 3157//2443 3156//2442 3296//2564
f 3296//2564 3297//2565 3157//2443
f 3036//2343 3159//2445 3164//2450
f 3164//2450 3195//2478 3036//2343
f 3163//2449 3161//2447 3160//2446
f 3160//2446 3298//2566 3163//2449
f 3299//2567 3300//2568 3160//2446
f 3160//2446 3162//2448 3301//2569
f 3160//2446 3301//2569 3299//2567
f 3302//2570 3301//2569 3162//2448
f 3162//2448 3303//2571 3304//2572
f 3304//2572 3305//2573 3302//2570
f 3162//2448 3304//2572 3302//2570
f 3166//2452 3306//2574 3307//2575
f 3307//2575 3167//2453 3166//2452
f 3166//2452 3016//2325 3165//2451
f 3168//2454 3308//2576 3304//2572
f 3304//2572 3169//2455 3168//2454
f 3167//2453 3307//2575 3309//2577
f 3309//2577 3168//2454 3167//2453
f 3171//35 3018//35 3170//35
f 3170//35 3179//35 3171//35
f 3200//2482 3042//35 3171//35
f 3171//35 3310//2578 3200//2482
f 3172//2456 3311//2579 3107//2394
f 3107//2394 3173//2457 3172//2456
f 3019//2327 3174//2458 3312//2580
f 3312//2580 3172//2456 3019//2327
f 3173//2457 3175//2459 3020//2328
f 3313//2581 3174//2458 3021//2329
f 3021//2329 3177//2461 3313//2581
f 3175//2459 3106//2393 3105//2392
f 3105//2392 3176//2460 3175//2459
f 3314//2582 3177//2461 3024//2332
f 3024//2332 3181//2464 3314//2582
f 3180//2463 3178//2462 3022//2330
f 2908//2232 3315//2583 3180//2463
f 3316//2584 3181//2464 3182//2465
f 3182//2465 3317//2585 3316//2584
f 3182//2465 3025//2333 1577//1199
f 1577//1199 3318//2586 3182//2465
f 3319//2587 3282//2553 3320//2588
f 3321//2589 3183//2466 3027//2335
f 3027//2335 3185//2468 3322//2590
f 3027//2335 3322//2590 3321//2589
f 3322//2590 3185//2468 3184//2467
f 3184//2467 3186//2469 3322//2590
f 3190//2473 3322//2590 3186//2469
f 3186//2469 3033//2340 3190//2473
f 3032//2339 3189//2472 3323//2591
f 3323//2591 3187//2470 3032//2339
f 3187//2470 3323//2591 3324//2592
f 3324//2592 3190//2473 3187//2470
f 3192//2475 3325//2593 3326//2594
f 3326//2594 3191//2474 3192//2475
f 3188//2471 3191//2474 3326//2594
f 3326//2594 3327//2595 3188//2471
f 3035//2342 3195//2478 3328//2596
f 3328//2596 3194//2477 3035//2342
f 3112//2399 3197//2479 3040//741
f 3040//741 3198//2480 3112//2399
f 3041//625 3200//2482 3329//2597
f 3329//2597 3330//2598 3199//2481
f 3329//2597 3199//2481 3041//625
f 3109//2396 3044//35 3196//35
f 3196//35 3110//2397 3109//2396
f 3202//2484 3331//2599 3201//2483
f 3201//2483 3045//2344 3202//2484
f 3046//2345 3332//2600 3333//2601
f 3333//2601 3047//2346 3046//2345
f 3334//2602 2481//1855 3047//2346
f 3048//2347 3205//2487 3332//2600
f 3332//2600 3046//2345 3048//2347
f 3214//2160 3335//2160 3211//2160
f 3211//2160 3056//2160 3214//2160
f 3212//2493 3336//2603 3213//2160
f 3213//2160 3054//2160 3212//2493
f 3213//2160 3337//2160 3214//2160
f 3214//2160 3055//2160 3213//2160
f 3215//2494 3338//2604 3336//2603
f 3336//2603 3212//2493 3215//2494
f 3216//2495 3339//2605 3063//2357
f 3063//2357 3059//2353 3216//2495
f 3216//2495 3060//2354 3219//2498
f 3219//2498 3340//2606 3216//2495
f 3217//2496 3220//2499 3341//2607
f 3341//2607 3218//2497 3217//2496
f 3220//2499 3062//2356 3201//2483
f 3201//2483 3331//2599 3220//2499
f 3222//2501 3221//2500 3342//2608
f 3342//2608 3343//2609 3344//2610
f 3342//2608 3344//2610 3222//2501
f 3345//2611 3221//2500 3224//2503
f 3223//2502 3064//2358 3063//2357
f 3065//2359 3225//2504 2239//1638
f 3066//2360 3226//2505 3346//2612
f 3346//2612 3225//2504 3066//2360
f 3067//2361 3227//2506 3347//2613
f 3347//2613 3226//2505 3067//2361
f 3068//2362 3228//2507 3348//2614
f 3348//2614 3227//2506 3068//2362
f 3069//2363 3229//2508 3349//2615
f 3349//2615 3228//2507 3069//2363
f 3230//2509 3350//2616 3229//2508
f 3229//2508 3070//2364 3230//2509
f 3231//2510 3351//2617 3230//2509
f 3230//2509 3071//2365 3231//2510
f 3232//2511 3352//2618 3231//2510
f 3231//2510 3072//2366 3232//2511
f 3232//2511 3073//2367 3233//2512
f 3233//2512 3353//2619 3232//2511
f 3233//2512 3074//2368 3234//2513
f 3234//2513 3354//2620 3233//2512
f 3234//2513 3075//2369 3235//2514
f 3235//2514 3355//2621 3234//2513
f 3235//2514 3076//2370 3236//2515
f 3236//2515 3356//2622 3235//2514
f 3236//2515 3077//2371 3237//2516
f 3237//2516 3357//2623 3236//2515
f 3237//2516 3078//2372 3238//2517
f 3238//2517 3358//2624 3237//2516
f 3238//2517 3079//2373 3239//2518
f 3239//2518 3359//2625 3238//2517
f 3239//2518 3081//2375 3241//2520
f 3241//2520 3360//2626 3239//2518
f 3241//2520 3240//2519 3361//2627
f 3361//2627 3362//2628 3241//2520
f 3240//2519 3080//2374 3363//2629
f 3363//2629 3364//2630 3240//2519
f 3365//2631 3080//2374 3243//2522
f 3242//2521 2958//2268 3244//2523
f 3082//2376 3084//162 3366//2632
f 3366//2632 3244//2523 3082//2376
f 3085//2377 3248//35 3245//35
f 3245//35 3086//163 3085//2377
f 3083//161 3246//35 3367//35
f 3367//35 3084//162 3083//161
f 3245//35 3252//35 3368//35
f 3368//35 3246//35 3245//35
f 3247//35 3249//35 3251//35
f 3251//35 3248//35 3247//35
f 3089//35 3092//35 3249//35
f 3249//35 3247//35 3089//35
f 3249//35 3091//2379 3093//2380
f 3093//2380 3251//35 3249//35
f 3253//2524 3369//296 3250//297
f 3250//297 3095//2382 3253//2524
f 3252//35 3094//2381 3250//297
f 3250//297 3368//35 3252//35
f 3248//35 3251//35 3252//35
f 3252//35 3245//35 3248//35
f 2742//2075 3257//2528 3370//2633
f 3370//2633 3253//2524 2742//2075
f 3256//2527 3371//2634 3257//2528
f 3257//2528 3097//2384 3254//2525
f 3257//2528 3254//2525 3256//2527
f 3372//2635 3255//2526 3099//2386
f 3099//2386 3258//2529 3372//2635
f 3373//2636 3374//2637 3258//2529
f 3258//2529 3259//2530 3375//2638
f 3258//2529 3375//2638 3373//2636
f 3376//2639 3375//2638 3259//2530
f 3259//2530 3102//2389 3262//2533
f 3262//2533 3377//2640 3376//2639
f 3259//2530 3262//2533 3376//2639
f 3103//2390 3263//2534 3378//2641
f 3378//2641 3379//2642 3260//2531
f 3378//2641 3260//2531 3103//2390
f 3263//2534 3104//2391 3107//2394
f 3107//2394 3311//2579 3263//2534
f 3108//2395 3199//2481 3330//2598
f 3330//2598 2908//2232 3176//2460
f 3330//2598 3176//2460 3108//2395
f 3176//2460 3105//2392 3108//2395
f 3120//2407 3264//2535 3380//2643
f 3380//2643 3271//2542 3120//2407
f 3113//2400 3265//2536 3381//2644
f 3381//2644 3264//2535 3113//2400
f 3114//2401 3266//2537 3382//2645
f 3382//2645 3265//2536 3114//2401
f 3115//2402 3267//2538 3383//2646
f 3383//2646 3266//2537 3115//2402
f 3267//2538 3116//2403 3268//2539
f 3268//2539 3384//2647 3267//2538
f 3268//2539 3117//2404 3269//2540
f 3269//2540 3385//2648 3268//2539
f 3269//2540 3118//2405 3270//2541
f 3270//2541 3386//2649 3269//2540
f 3270//2541 3119//2406 2239//1638
f 3387//2650 3272//2543 3121//2408
f 3121//2408 3271//2542 3387//2650
f 3388//2651 3273//2544 3122//2409
f 3122//2409 3272//2543 3388//2651
f 3389//2652 3274//2545 3123//2410
f 3123//2410 3273//2544 3389//2652
f 3390//2653 3275//2546 3124//2411
f 3124//2411 3274//2545 3390//2653
f 3391//2654 3280//2551 3140//2427
f 3140//2427 3275//2546 3391//2654
f 3210//2492 3125//2412 3127//2414
f 3127//2414 3392//2655 3209//2491
f 3127//2414 3209//2491 3210//2492
f 3208//2490 3392//2655 3127//2414
f 3127//2414 3126//2413 2995//2305
f 2995//2305 2785//2118 2784//2117
f 2784//2117 2889//2214 2996//2306
f 2996//2306 3128//2415 2997//2307
f 2997//2307 2787//2120 2671//2007
f 2671//2007 2585//1937 2584//1936
f 2584//1936 2586//1938 2672//2008
f 2672//2008 2673//2009 2675//2011
f 2675//2011 2788//2121 2789//2122
f 2789//2122 2891//2216 2999//2309
f 2999//2309 3130//2417 3277//2548
f 3277//2548 3393//2656 3394//2657
f 3394//2657 3333//2601 3332//2600
f 3332//2600 3205//2487 3204//2486
f 3204//2486 3206//2488 3208//2490
f 3208//2490 3127//2414 2995//2305
f 2995//2305 2784//2117 2996//2306
f 2996//2306 2997//2307 2671//2007
f 2671//2007 2584//1936 2672//2008
f 2672//2008 2675//2011 2789//2122
f 2789//2122 2999//2309 3277//2548
f 3277//2548 3394//2657 3332//2600
f 3332//2600 3204//2486 3208//2490
f 3208//2490 2995//2305 2996//2306
f 2996//2306 2671//2007 2672//2008
f 2672//2008 2789//2122 3277//2548
f 3277//2548 3332//2600 3208//2490
f 3208//2490 2996//2306 2672//2008
f 2672//2008 3277//2548 3208//2490
f 2481//1855 3334//2602 3276//2547
f 3276//2547 3393//2656 3277//2548
f 3277//2548 3129//2416 3276//2547
f 2481//1855 3278//2549 3395//2658
f 3278//2549 3131//2418 3279//2550
f 3279//2550 3396//2659 3278//2549
f 3397//2660 3398//2661 3281//2552
f 3281//2552 3280//2551 3397//2660
f 3281//2552 3399//2662 3400//2662
f 3400//2662 3141//2428 3281//2552
f 3282//2553 3141//2428 3401//2663
f 3401//2663 3402//2662 3282//2553
f 3403//2664 3404//2665 3405//2666
f 3283//2429 3404//2665 3289//2559
f 3289//2559 3284//2554 3283//2429
f 2900//2225 3406//2667 3288//2558
f 3147//2434 3288//2558 3407//2668
f 3407//2668 3287//2557 3147//2434
f 3148//2435 3289//2559 3408//2669
f 3408//2669 3409//2670 3148//2435
f 3149//2436 3011//2321 3291//2561
f 2900//2225 3292//2562 3410//2671
f 3343//2609 3342//2608 3292//2562
f 3292//2562 3150//2437 3343//2609
f 3149//2436 3411//2672 3343//2609
f 3343//2609 3150//2437 3149//2436
f 3296//2564 3152//2439 3293//2563
f 3293//2563 3412//2673 3296//2564
f 3294//2441 3412//2673 3293//2563
f 3293//2563 3154//2160 3294//2441
f 3295//2160 3413//2160 3294//2441
f 3294//2441 3155//2441 3295//2160
f 3335//2160 3414//2160 3295//2160
f 3295//2160 3211//2160 3335//2160
f 3297//2565 3415//2674 3158//2444
f 3158//2444 3157//2443 3297//2565
f 3195//2478 3164//2450 3163//2449
f 3163//2449 3328//2596 3195//2478
f 3328//2596 3163//2449 3298//2566
f 3298//2566 3416//2675 3328//2596
f 3160//2446 3300//2568 3298//2566
f 3165//2451 3158//2444 3415//2674
f 3415//2674 3417//2676 3165//2451
f 3306//2574 3166//2452 3418//2677
f 3418//2677 3419//2678 3306//2574
f 3166//2452 3165//2451 3417//2676
f 3417//2676 3418//2677 3166//2452
f 3420//2679 3421//2679 3283//2429
f 3308//2576 3305//2573 3304//2572
f 3310//2578 3171//35 3179//35
f 3179//35 3178//2462 3310//2578
f 3329//2597 3200//2482 3310//2578
f 3310//2578 3315//2583 3329//2597
f 3422//2680 3311//2579 3172//2456
f 3172//2456 3312//2580 3422//2680
f 3423//2681 3312//2580 3174//2458
f 3106//2393 3175//2459 3173//2457
f 3173//2457 3107//2394 3106//2393
f 3424//2682 3425//2683 3174//2458
f 3174//2458 3313//2581 3424//2682
f 3426//2684 3313//2581 3177//2461
f 3177//2461 3314//2582 3426//2684
f 3427//2685 3314//2582 3181//2464
f 3181//2464 3316//2584 3427//2685
f 3315//2583 3310//2578 3178//2462
f 3178//2462 3180//2463 3315//2583
f 3315//2583 2908//2232 3329//2597
f 3428//2686 3316//2584 3317//2585
f 3317//2585 3429//2687 3428//2686
f 3317//2585 3182//2465 3318//2586
f 3318//2586 3430//2688 3317//2585
f 3318//2586 1577//1199 3398//2661
f 3398//2661 3397//2660 3318//2586
f 2804//2136 3183//2466 3321//2589
f 3190//2473 3324//2592 3321//2589
f 3321//2589 3322//2590 3190//2473
f 3189//2472 3431//2689 3432//2690
f 3325//2593 3192//2475 3433//2691
f 3326//2594 3325//2593 3434//2692
f 3434//2692 3435//2693 3436//2694
f 3434//2692 3436//2694 3326//2594
f 3326//2594 3436//2694 3327//2595
f 3433//2691 3192//2475 3193//2476
f 3193//2476 3437//2566 3433//2691
f 3193//2476 3194//2477 3438//2695
f 3438//2695 3437//2566 3193//2476
f 3331//2599 3202//2484 3439//2696
f 3439//2696 3440//2697 3331//2599
f 2481//1855 3441//2698 3203//2485
f 3202//2484 3203//2485 3442//2699
f 3442//2699 3439//2696 3202//2484
f 3047//2346 3333//2601 3394//2657
f 3394//2657 3334//2602 3047//2346
f 3209//2491 3392//2655 3208//2490
f 3208//2490 3207//2489 3209//2491
f 3337//2160 3443//2160 3335//2160
f 3335//2160 3214//2160 3337//2160
f 3336//2603 3444//2700 3337//2160
f 3337//2160 3213//2160 3336//2603
f 3222//2501 3344//2610 3338//2604
f 3338//2604 3215//2494 3222//2501
f 3338//2604 3445//2701 3444//2700
f 3444//2700 3336//2603 3338//2604
f 3446//2702 3447//2703 3339//2605
f 3339//2605 3216//2495 3340//2606
f 3339//2605 3340//2606 3446//2702
f 3220//2499 3331//2599 3440//2697
f 3440//2697 3341//2607 3220//2499
f 3292//2562 3342//2608 3221//2500
f 3221//2500 3410//2671 3292//2562
f 3448//2704 3221//2500 3345//2611
f 3449//2705 3345//2611 3224//2503
f 3224//2503 3450//2706 3449//2705
f 3224//2503 3223//2502 3447//2703
f 3447//2703 3450//2706 3224//2503
f 3447//2703 3223//2502 3063//2357
f 3063//2357 3339//2605 3447//2703
f 3225//2504 3346//2612 2239//1638
f 3226//2505 3347//2613 3451//2707
f 3451//2707 3346//2612 3226//2505
f 3227//2506 3348//2614 3452//2708
f 3452//2708 3347//2613 3227//2506
f 3228//2507 3349//2615 3453//2709
f 3453//2709 3348//2614 3228//2507
f 3350//2616 3454//2710 3349//2615
f 3349//2615 3229//2508 3350//2616
f 3351//2617 3455//2711 3350//2616
f 3350//2616 3230//2509 3351//2617
f 3352//2618 3456//2712 3351//2617
f 3351//2617 3231//2510 3352//2618
f 3353//2619 3457//2713 3352//2618
f 3352//2618 3232//2511 3353//2619
f 3353//2619 3233//2512 3354//2620
f 3354//2620 3458//2714 3353//2619
f 3354//2620 3234//2513 3355//2621
f 3355//2621 3459//2715 3354//2620
f 3355//2621 3235//2514 3356//2622
f 3356//2622 3460//2716 3355//2621
f 3356//2622 3236//2515 3357//2623
f 3357//2623 3461//2717 3356//2622
f 3357//2623 3237//2516 3358//2624
f 3358//2624 3462//2718 3357//2623
f 3358//2624 3238//2517 3359//2625
f 3359//2625 3463//2719 3358//2624
f 3359//2625 3239//2518 3360//2626
f 3360//2626 3464//2720 3359//2625
f 3360//2626 3241//2520 3362//2628
f 3362//2628 3465//2721 3360//2626
f 3362//2628 3361//2627 3466//2722
f 3466//2722 3467//2723 3362//2628
f 3468//2724 3469//2725 3361//2627
f 3361//2627 3240//2519 3468//2724
f 3240//2519 3364//2630 3470//2726
f 3364//2630 3363//2629 3471//35
f 3471//35 3472//35 3364//2630
f 3473//2067 3363//2629 3080//2374
f 3080//2374 3365//2631 3473//2067
f 3365//2631 3243//2522 3474//2727
f 3474//2727 3475//35 3471//35
f 3474//2727 3471//35 3365//2631
f 3242//2521 3474//2727 3243//2522
f 3244//2523 3366//2632 3474//2727
f 3474//2727 3242//2521 3244//2523
f 3084//162 3367//35 3476//35
f 3476//35 3366//2632 3084//162
f 3246//35 3368//35 3477//35
f 3477//35 3367//35 3246//35
f 3370//2633 3478//307 3369//296
f 3369//296 3253//2524 3370//2633
f 3368//35 3250//297 3369//296
f 3369//296 3477//35 3368//35
f 3257//2528 3371//2634 3361//2627
f 3361//2627 3479//2728 3370//2633
f 3361//2627 3370//2633 3257//2528
f 3256//2527 3255//2526 3480//2729
f 3480//2729 3371//2634 3256//2527
f 3255//2526 3372//2635 3481//2730
f 3481//2730 3482//2731 3255//2526
f 3483//2732 3372//2635 3258//2529
f 3258//2529 3374//2637 3484//2733
f 3484//2733 3485//2734 3486//2735
f 3486//2735 3483//2732 3258//2529
f 3258//2529 3484//2733 3486//2735
f 3260//2531 3487//2736 3488//2737
f 3488//2737 3261//2532 3260//2531
f 3261//2532 3488//2737 3489//2738
f 3489//2738 3262//2533 3261//2532
f 3271//2542 3380//2643 3490//2739
f 3490//2739 3387//2650 3271//2542
f 3264//2535 3381//2644 3491//2740
f 3491//2740 3380//2643 3264//2535
f 3265//2536 3382//2645 3492//2741
f 3492//2741 3381//2644 3265//2536
f 3266//2537 3383//2646 3493//2742
f 3493//2742 3382//2645 3266//2537
f 3267//2538 3384//2647 3494//2743
f 3494//2743 3383//2646 3267//2538
f 3384//2647 3268//2539 3385//2648
f 3385//2648 3495//2744 3384//2647
f 3385//2648 3269//2540 3386//2649
f 3386//2649 3496//2745 3385//2648
f 3386//2649 3270//2541 2239//1638
f 3497//2746 3388//2651 3272//2543
f 3272//2543 3387//2650 3497//2746
f 3498//2747 3389//2652 3273//2544
f 3273//2544 3388//2651 3498//2747
f 3499//2748 3390//2653 3274//2545
f 3274//2545 3389//2652 3499//2748
f 3500//2749 3391//2654 3275//2546
f 3275//2546 3390//2653 3500//2749
f 3501//2750 3397//2660 3280//2551
f 3280//2551 3391//2654 3501//2750
f 3393//2656 3276//2547 3334//2602
f 3334//2602 3394//2657 3393//2656
f 2481//1855 3395//2658 3441//2698
f 3395//2658 3278//2549 3396//2659
f 3396//2659 3502//2751 3395//2658
f 3398//2661 3503//2752 3504//2753
f 3504//2753 3281//2552 3398//2661
f 3281//2552 3505//2662 3399//2662
f 3506//2662 3141//2428 3400//2662
f 3399//2662 3507//2754 3508//2755
f 3508//2755 3400//2662 3399//2662
f 3282//2553 3402//2662 3320//2588
f 3509//2756 3510//2757 3511//2758
f 3404//2665 3309//2577 3408//2669
f 3408//2669 3289//2559 3404//2665
f 2900//2225 3512//2759 3406//2667
f 3288//2558 3406//2667 3513//2760
f 3513//2760 3407//2668 3288//2558
f 3148//2435 3409//2670 3290//2560
f 3291//2561 3290//2560 3514//2761
f 3514//2761 3515//2762 3291//2561
f 3515//2762 3411//2672 3149//2436
f 3149//2436 3291//2561 3515//2762
f 3516//2763 3517//2764 2900//2225
f 2900//2225 3410//2671 3448//2704
f 2900//2225 3448//2704 3516//2763
f 3297//2565 3296//2564 3412//2673
f 3412//2673 3518//2765 3297//2565
f 3413//2160 3518//2765 3412//2673
f 3412//2673 3294//2441 3413//2160
f 3414//2160 3519//2160 3413//2160
f 3413//2160 3295//2160 3414//2160
f 3443//2160 3520//2160 3414//2160
f 3414//2160 3335//2160 3443//2160
f 3415//2674 3297//2565 3518//2765
f 3518//2765 3521//2766 3415//2674
f 3194//2477 3328//2596 3416//2675
f 3416//2675 3438//2695 3194//2477
f 3298//2566 3300//2568 3416//2675
f 3299//2567 3301//2569 3522//2767
f 3522//2767 3523//2768 3299//2567
f 3524//2769 3300//2568 3299//2567
f 3301//2569 3302//2570 3525//2770
f 3525//2770 3522//2767 3301//2569
f 3307//2575 3306//2574 3526//2771
f 3526//2771 3527//2772 3307//2575
f 3419//2678 3528//2773 3526//2771
f 3526//2771 3306//2574 3419//2678
f 3403//2664 3405//2666 3305//2573
f 3305//2573 3308//2576 3403//2664
f 3307//2575 3527//2772 3408//2669
f 3408//2669 3309//2577 3307//2575
f 3312//2580 3423//2681 3529//2774
f 3529//2774 3422//2680 3312//2580
f 3530//2775 3423//2681 3174//2458
f 3531//2776 3532//2777 3425//2683
f 3425//2683 3424//2682 3531//2776
f 3533//2778 3424//2682 3313//2581
f 3313//2581 3426//2684 3533//2778
f 3534//2779 3535//2780 3174//2458
f 3174//2458 3425//2683 3534//2779
f 3536//2781 3426//2684 3314//2582
f 3314//2582 3427//2685 3536//2781
f 3329//2597 2908//2232 3330//2598
f 3537//2782 3427//2685 3316//2584
f 3316//2584 3428//2686 3537//2782
f 3538//2783 3428//2686 3429//2687
f 3429//2687 3539//2784 3538//2783
f 3429//2687 3317//2585 3430//2688
f 3430//2688 3540//2785 3429//2687
f 3430//2688 3318//2586 3397//2660
f 3397//2660 3501//2750 3430//2688
f 1575//1197 2803//1197 2805//2137
f 2805//2137 3436//2694 3541//2786
f 3541//2786 1576//1198 1575//1197
f 2805//2137 3541//2786 1575//1197
f 2804//2136 3321//2589 3324//2592
f 3323//2591 3189//2472 2804//2136
f 2804//2136 3324//2592 3323//2591
f 3325//2593 3433//2691 3300//2568
f 3300//2568 3542//2787 3434//2692
f 3300//2568 3434//2692 3325//2593
f 3543//2690 3327//2595 3436//2694
f 3436//2694 2805//2137 3544//2690
f 3544//2690 3432//2690 3431//2689
f 3431//2689 3543//2690 3436//2694
f 3436//2694 3544//2690 3431//2689
f 3300//2568 3433//2691 3437//2566
f 3438//2695 3300//2568 3437//2566
f 3203//2485 3441//2698 3545//2788
f 3545//2788 3442//2699 3203//2485
f 3444//2700 3546//2789 3443//2160
f 3443//2160 3337//2160 3444//2700
f 3344//2610 3547//2790 3445//2701
f 3445//2701 3338//2604 3344//2610
f 3445//2701 3548//2791 3546//2789
f 3546//2789 3444//2700 3445//2701
f 3446//2702 3549//2792 3450//2706
f 3450//2706 3447//2703 3446//2702
f 3139//2426 3286//2556 3287//2557
f 3287//2557 3407//2668 3513//2760
f 3513//2760 3550//2793 3551//2794
f 3551//2794 3552//2795 3553//2796
f 3553//2796 3554//2797 3555//2798
f 3555//2798 3556//2799 3557//2800
f 3557//2800 3549//2792 3446//2702
f 3446//2702 3340//2606 3219//2498
f 3219//2498 3218//2497 3341//2607
f 3341//2607 3440//2697 3439//2696
f 3439//2696 3442//2699 3545//2788
f 3545//2788 3502//2751 3396//2659
f 3396//2659 3279//2550 3134//2421
f 3134//2421 3133//2420 3132//2419
f 3132//2419 3135//2422 3136//2423
f 3136//2423 3137//2424 3139//2426
f 3139//2426 3287//2557 3513//2760
f 3513//2760 3551//2794 3553//2796
f 3553//2796 3555//2798 3557//2800
f 3557//2800 3446//2702 3219//2498
f 3219//2498 3341//2607 3439//2696
f 3439//2696 3545//2788 3396//2659
f 3396//2659 3134//2421 3132//2419
f 3132//2419 3136//2423 3139//2426
f 3139//2426 3513//2760 3553//2796
f 3553//2796 3557//2800 3219//2498
f 3219//2498 3439//2696 3396//2659
f 3396//2659 3132//2419 3139//2426
f 3139//2426 3553//2796 3219//2498
f 3219//2498 3396//2659 3139//2426
f 3410//2671 3221//2500 3448//2704
f 3516//2763 3448//2704 3345//2611
f 3345//2611 3449//2705 3516//2763
f 3449//2705 3450//2706 3549//2792
f 3549//2792 3557//2800 3449//2705
f 3346//2612 3451//2707 2239//1638
f 3347//2613 3452//2708 3558//2801
f 3558//2801 3451//2707 3347//2613
f 3348//2614 3453//2709 3559//2802
f 3559//2802 3452//2708 3348//2614
f 3454//2710 3560//2803 3453//2709
f 3453//2709 3349//2615 3454//2710
f 3455//2711 3561//2804 3454//2710
f 3454//2710 3350//2616 3455//2711
f 3456//2712 3562//2805 3455//2711
f 3455//2711 3351//2617 3456//2712
f 3457//2713 3563//2806 3456//2712
f 3456//2712 3352//2618 3457//2713
f 3458//2714 3564//2807 3457//2713
f 3457//2713 3353//2619 3458//2714
f 3458//2714 3354//2620 3459//2715
f 3459//2715 3565//2808 3458//2714
f 3459//2715 3355//2621 3460//2716
f 3460//2716 3566//2809 3459//2715
f 3460//2716 3356//2622 3461//2717
f 3461//2717 3567//2810 3460//2716
f 3461//2717 3357//2623 3462//2718
f 3462//2718 3568//2811 3461//2717
f 3462//2718 3358//2624 3463//2719
f 3463//2719 3569//2812 3462//2718
f 3463//2719 3359//2625 3464//2720
f 3464//2720 3570//2813 3463//2719
f 3464//2720 3360//2626 3465//2721
f 3465//2721 3571//2814 3464//2720
f 3465//2721 3362//2628 3467//2723
f 3467//2723 3572//2815 3465//2721
f 3467//2723 3466//2722 3482//2731
f 3482//2731 3481//2730 3467//2723
f 3371//2634 3480//2729 3466//2722
f 3466//2722 3361//2627 3371//2634
f 3468//2724 3573//2816 3469//2725
f 3470//2726 3468//2724 3240//2519
f 3361//2627 3469//2725 3574//2817
f 3365//2631 3471//35 3363//2629
f 3363//2629 3473//2067 3365//2631
f 3366//2632 3476//35 3475//35
f 3475//35 3474//2727 3366//2632
f 3367//35 3477//35 3575//35
f 3575//35 3476//35 3367//35
f 3478//307 3370//2633 3479//2728
f 3479//2728 3576//2818 3577//2819
f 3479//2728 3577//2819 3478//307
f 3477//35 3369//296 3478//307
f 3478//307 3575//35 3477//35
f 3480//2729 3255//2526 3482//2731
f 3578//2820 3481//2730 3372//2635
f 3372//2635 3483//2732 3578//2820
f 3374//2637 3373//2636 3579//2821
f 3579//2821 3580//2822 3374//2637
f 3373//2636 3375//2638 3581//2823
f 3581//2823 3579//2821 3373//2636
f 3379//2642 3582//2824 3487//2736
f 3487//2736 3260//2531 3379//2642
f 3262//2533 3489//2738 3583//2825
f 3583//2825 3377//2640 3262//2533
f 3584//2826 3489//2738 3488//2737
f 3488//2737 3532//2777 3584//2826
f 3379//2642 3378//2641 3534//2779
f 3534//2779 3582//2824 3379//2642
f 3387//2650 3490//2739 3585//2827
f 3585//2827 3497//2746 3387//2650
f 3380//2643 3491//2740 3586//2828
f 3586//2828 3490//2739 3380//2643
f 3381//2644 3492//2741 3587//2829
f 3587//2829 3491//2740 3381//2644
f 3382//2645 3493//2742 3588//2830
f 3588//2830 3492//2741 3382//2645
f 3383//2646 3494//2743 3589//2831
f 3589//2831 3493//2742 3383//2646
f 3384//2647 3495//2744 3590//2832
f 3590//2832 3494//2743 3384//2647
f 3495//2744 3385//2648 3496//2745
f 3496//2745 3591//2833 3495//2744
f 2239//1638 3496//2745 3386//2649
f 3592//2834 3498//2747 3388//2651
f 3388//2651 3497//2746 3592//2834
f 3593//2835 3499//2748 3389//2652
f 3389//2652 3498//2747 3593//2835
f 3594//2836 3500//2749 3390//2653
f 3390//2653 3499//2748 3594//2836
f 3595//2837 3501//2750 3391//2654
f 3391//2654 3500//2749 3595//2837
f 3502//2751 3545//2788 3441//2698
f 3441//2698 3395//2658 3502//2751
f 3398//2661 3596//2838 3503//2752
f 3597//2839 3281//2552 3504//2753
f 3503//2752 3598//2840 3599//2841
f 3599//2841 3504//2753 3503//2752
f 3281//2552 3600//2662 3505//2662
f 3505//2662 3601//2842 3507//2754
f 3507//2754 3399//2662 3505//2662
f 3602//2662 3141//2428 3506//2662
f 3508//2755 3603//2843 3506//2662
f 3506//2662 3400//2662 3508//2755
f 3508//2755 3507//2754 3604//2844
f 3604//2844 3605//2845 3508//2755
f 3606//2588 3320//2588 3402//2662
f 3402//2662 3607//2846 3608//2847
f 3402//2662 3608//2847 3606//2588
f 3609//2848 3607//2846 3402//2662
f 3402//2662 3401//2663 3609//2848
f 3401//2663 3141//2428 3610//2662
f 3320//2588 3606//2588 3420//2679
f 3420//2679 3319//2587 3320//2588
f 2900//2225 3611//2849 3512//2759
f 3406//2667 3512//2759 3550//2793
f 3550//2793 3513//2760 3406//2667
f 3409//2670 3408//2669 3527//2772
f 3527//2772 3612//2850 3409//2670
f 3409//2670 3612//2850 3514//2761
f 3514//2761 3290//2560 3409//2670
f 3344//2610 3343//2609 3411//2672
f 3411//2672 3515//2762 3547//2790
f 3411//2672 3547//2790 3344//2610
f 3519//2160 3521//2766 3518//2765
f 3518//2765 3413//2160 3519//2160
f 3520//2160 3613//2851 3519//2160
f 3519//2160 3414//2160 3520//2160
f 3546//2789 3614//2852 3520//2160
f 3520//2160 3443//2160 3546//2789
f 3417//2676 3415//2674 3521//2766
f 3521//2766 3615//2853 3417//2676
f 3416//2675 3300//2568 3438//2695
f 3523//2768 3616//2854 3524//2769
f 3524//2769 3299//2567 3523//2768
f 3617//2855 3300//2568 3524//2769
f 3305//2573 3618//2856 3302//2570
f 3418//2677 3417//2676 3615//2853
f 3615//2853 3619//2857 3418//2677
f 3418//2677 3619//2857 3620//2858
f 3620//2858 3419//2678 3418//2677
f 3419//2678 3620//2858 3614//2852
f 3614//2852 3528//2773 3419//2678
f 3529//2774 3423//2681 3530//2775
f 3530//2775 3621//2859 3529//2774
f 3174//2458 3535//2780 3530//2775
f 3622//2860 3584//2826 3532//2777
f 3532//2777 3531//2776 3622//2860
f 3623//2861 3531//2776 3424//2682
f 3424//2682 3533//2778 3623//2861
f 3532//2777 3487//2736 3582//2824
f 3582//2824 3425//2683 3532//2777
f 3624//2862 3533//2778 3426//2684
f 3426//2684 3536//2781 3624//2862
f 3535//2780 3534//2779 3378//2641
f 3378//2641 3625//2863 3535//2780
f 3582//2824 3534//2779 3425//2683
f 3626//2864 3536//2781 3427//2685
f 3427//2685 3537//2782 3626//2864
f 3627//2865 3537//2782 3428//2686
f 3428//2686 3538//2783 3627//2865
f 3628//2866 3538//2783 3539//2784
f 3539//2784 3629//2867 3628//2866
f 3539//2784 3429//2687 3540//2785
f 3540//2785 3630//2868 3539//2784
f 3540//2785 3430//2688 3501//2750
f 3501//2750 3595//2837 3540//2785
f 3435//2693 3434//2692 3631//2869
f 3631//2869 3632//2870 3435//2693
f 3633//2871 3436//2694 3435//2693
f 3547//2790 3634//2872 3548//2791
f 3548//2791 3445//2701 3547//2790
f 3516//2763 3449//2705 3557//2800
f 3557//2800 3556//2799 3516//2763
f 3451//2707 3558//2801 2239//1638
f 3452//2708 3559//2802 3635//2873
f 3635//2873 3558//2801 3452//2708
f 3560//2803 3636//2874 3559//2802
f 3559//2802 3453//2709 3560//2803
f 3561//2804 3637//2875 3560//2803
f 3560//2803 3454//2710 3561//2804
f 3562//2805 3638//2876 3561//2804
f 3561//2804 3455//2711 3562//2805
f 3563//2806 3639//2877 3562//2805
f 3562//2805 3456//2712 3563//2806
f 3564//2807 3640//2878 3563//2806
f 3563//2806 3457//2713 3564//2807
f 3565//2808 3641//2879 3564//2807
f 3564//2807 3458//2714 3565//2808
f 3565//2808 3459//2715 3566//2809
f 3566//2809 3642//2880 3565//2808
f 3566//2809 3460//2716 3567//2810
f 3567//2810 3643//2881 3566//2809
f 3567//2810 3461//2717 3568//2811
f 3568//2811 3644//2882 3567//2810
f 3568//2811 3462//2718 3569//2812
f 3569//2812 3645//2883 3568//2811
f 3569//2812 3463//2719 3570//2813
f 3570//2813 3646//2884 3569//2812
f 3570//2813 3464//2720 3571//2814
f 3571//2814 3647//2885 3570//2813
f 3571//2814 3465//2721 3572//2815
f 3572//2815 3648//2886 3571//2814
f 3467//2723 3481//2730 3578//2820
f 3578//2820 3572//2815 3467//2723
f 3466//2722 3480//2729 3482//2731
f 3469//2725 3573//2816 3574//2817
f 3361//2627 3574//2817 3649//2887
f 3475//35 3650//35 3472//35
f 3472//35 3471//35 3475//35
f 3476//35 3575//35 3650//35
f 3650//35 3475//35 3476//35
f 3575//35 3478//307 3577//2819
f 3577//2819 3650//35 3575//35
f 3361//2627 3576//2818 3479//2728
f 3483//2732 3486//2735 3651//2888
f 3651//2888 3578//2820 3483//2732
f 3579//2821 3581//2823 3652//2889
f 3652//2889 3653//2890 3579//2821
f 3376//2639 3654//2891 3581//2823
f 3581//2823 3375//2638 3376//2639
f 3488//2737 3487//2736 3532//2777
f 3583//2825 3489//2738 3584//2826
f 3497//2746 3585//2827 3655//2892
f 3655//2892 3592//2834 3497//2746
f 3490//2739 3586//2828 3656//2893
f 3656//2893 3585//2827 3490//2739
f 3491//2740 3587//2829 3657//2894
f 3657//2894 3586//2828 3491//2740
f 3492//2741 3588//2830 3658//2895
f 3658//2895 3587//2829 3492//2741
f 3493//2742 3589//2831 3659//2896
f 3659//2896 3588//2830 3493//2742
f 3494//2743 3590//2832 3660//2897
f 3660//2897 3589//2831 3494//2743
f 3495//2744 3591//2833 3661//2898
f 3661//2898 3590//2832 3495//2744
f 2239//1638 3591//2833 3496//2745
f 3662//2899 3593//2835 3498//2747
f 3498//2747 3592//2834 3662//2899
f 3663//2900 3594//2836 3499//2748
f 3499//2748 3593//2835 3663//2900
f 3664//2901 3595//2837 3500//2749
f 3500//2749 3594//2836 3664//2901
f 3398//2661 3665//2838 3596//2838
f 3596//2838 3666//2902 3598//2840
f 3598//2840 3503//2752 3596//2838
f 3667//2839 3281//2552 3597//2839
f 3599//2841 3668//2903 3597//2839
f 3597//2839 3504//2753 3599//2841
f 3281//2552 3669//2662 3600//2662
f 3600//2662 3670//2904 3601//2842
f 3601//2842 3505//2662 3600//2662
f 3507//2754 3601//2842 3671//2905
f 3671//2905 3604//2844 3507//2754
f 3672//2662 3141//2428 3602//2662
f 3603//2843 3673//2906 3602//2662
f 3602//2662 3506//2662 3603//2843
f 3603//2843 3508//2755 3605//2845
f 3605//2845 3674//2907 3603//2843
f 3607//2846 3609//2848 3675//2908
f 3675//2908 3676//2909 3607//2846
f 3677//2910 3609//2848 3401//2663
f 3401//2663 3610//2662 3677//2910
f 3610//2662 3141//2428 3678//2662
f 3421//2679 3420//2679 3606//2588
f 3606//2588 3305//2573 3405//2666
f 3405//2666 3679//2679 3421//2679
f 3606//2588 3405//2666 3421//2679
f 2900//2225 3680//2911 3611//2849
f 3547//2790 3515//2762 3514//2761
f 3514//2761 3634//2872 3547//2790
f 3681//2912 2900//2225 3517//2764
f 3613//2851 3615//2853 3521//2766
f 3521//2766 3519//2160 3613//2851
f 3613//2851 3520//2160 3614//2852
f 3614//2852 3620//2858 3613//2851
f 3300//2568 3617//2855 3682//2913
f 3683//2914 3682//2913 3617//2855
f 3617//2855 3524//2769 3616//2854
f 3617//2855 3616//2854 3683//2914
f 3525//2770 3302//2570 3618//2856
f 3618//2856 3684//2915 3685//2916
f 3618//2856 3685//2916 3525//2770
f 3684//2915 3618//2856 3305//2573
f 3615//2853 3613//2851 3620//2858
f 3620//2858 3619//2857 3615//2853
f 3621//2859 3530//2775 3535//2780
f 3535//2780 3625//2863 3621//2859
f 3686//2917 3622//2860 3531//2776
f 3531//2776 3623//2861 3686//2917
f 3687//2918 3623//2861 3533//2778
f 3533//2778 3624//2862 3687//2918
f 3688//2919 3624//2862 3536//2781
f 3536//2781 3626//2864 3688//2919
f 3621//2859 3625//2863 3378//2641
f 3378//2641 3263//2534 3311//2579
f 3311//2579 3422//2680 3529//2774
f 3529//2774 3621//2859 3378//2641
f 3378//2641 3311//2579 3529//2774
f 3689//2920 3626//2864 3537//2782
f 3537//2782 3627//2865 3689//2920
f 3690//2921 3627//2865 3538//2783
f 3538//2783 3628//2866 3690//2921
f 3691//2922 3628//2866 3629//2867
f 3629//2867 3692//2923 3691//2922
f 3629//2867 3539//2784 3630//2868
f 3630//2868 3693//2924 3629//2867
f 3630//2868 3540//2785 3595//2837
f 3595//2837 3664//2901 3630//2868
f 3694//2753 3695//2839 3398//2661
f 3541//2786 3436//2694 3696//2925
f 3696//2925 3697//2926 3695//2839
f 3695//2839 3694//2753 3541//2786
f 3696//2925 3695//2839 3541//2786
f 3434//2692 3542//2787 3698//2927
f 3698//2927 3631//2869 3434//2692
f 3300//2568 3699//2928 3542//2787
f 3700//2929 3633//2871 3435//2693
f 3435//2693 3632//2870 3700//2929
f 3436//2694 3633//2871 3701//2930
f 3634//2872 3526//2771 3528//2773
f 3528//2773 3548//2791 3634//2872
f 3528//2773 3614//2852 3546//2789
f 3546//2789 3548//2791 3528//2773
f 3556//2799 3555//2798 3517//2764
f 3517//2764 3516//2763 3556//2799
f 3558//2801 3635//2873 2239//1638
f 3636//2874 3702//2931 3635//2873
f 3635//2873 3559//2802 3636//2874
f 3637//2875 3703//2932 3636//2874
f 3636//2874 3560//2803 3637//2875
f 3638//2876 3704//2933 3637//2875
f 3637//2875 3561//2804 3638//2876
f 3639//2877 3705//2934 3638//2876
f 3638//2876 3562//2805 3639//2877
f 3640//2878 3706//2935 3639//2877
f 3639//2877 3563//2806 3640//2878
f 3641//2879 3707//2936 3640//2878
f 3640//2878 3564//2807 3641//2879
f 3642//2880 3708//2937 3641//2879
f 3641//2879 3565//2808 3642//2880
f 3642//2880 3566//2809 3643//2881
f 3643//2881 3709//2938 3642//2880
f 3643//2881 3567//2810 3644//2882
f 3644//2882 3710//2939 3643//2881
f 3644//2882 3568//2811 3645//2883
f 3645//2883 3711//2940 3644//2882
f 3645//2883 3569//2812 3646//2884
f 3646//2884 3712//2941 3645//2883
f 3646//2884 3570//2813 3647//2885
f 3647//2885 3713//2942 3646//2884
f 3647//2885 3571//2814 3648//2886
f 3648//2886 3714//2943 3647//2885
f 3648//2886 3572//2815 3653//2890
f 3653//2890 3715//2944 3648//2886
f 3572//2815 3578//2820 3651//2888
f 3472//35 3716//2945 3573//2816
f 3573//2816 3468//2724 3470//2726
f 3470//2726 3364//2630 3472//35
f 3573//2816 3470//2726 3472//35
f 3574//2817 3573//2816 3716//2945
f 3716//2945 3649//2887 3574//2817
f 3361//2627 3649//2887 3576//2818
f 3650//35 3577//2819 3716//2945
f 3716//2945 3472//35 3650//35
f 3649//2887 3716//2945 3577//2819
f 3577//2819 3576//2818 3649//2887
f 3486//2735 3485//2734 3717//2946
f 3717//2946 3651//2888 3486//2735
f 3653//2890 3580//2822 3579//2821
f 3484//2733 3374//2637 3580//2822
f 3580//2822 3718//2947 3484//2733
f 3718//2947 3580//2822 3653//2890
f 3653//2890 3572//2815 3718//2947
f 3719//2948 3720//2949 3653//2890
f 3653//2890 3652//2889 3719//2948
f 3652//2889 3581//2823 3654//2891
f 3583//2825 3654//2891 3376//2639
f 3376//2639 3377//2640 3583//2825
f 3652//2889 3654//2891 3583//2825
f 3583//2825 3584//2826 3652//2889
f 3592//2834 3655//2892 3721//2950
f 3721//2950 3662//2899 3592//2834
f 3585//2827 3656//2893 3722//2951
f 3722//2951 3655//2892 3585//2827
f 3586//2828 3657//2894 3723//2952
f 3723//2952 3656//2893 3586//2828
f 3587//2829 3658//2895 3724//2953
f 3724//2953 3657//2894 3587//2829
f 3588//2830 3659//2896 3725//2954
f 3725//2954 3658//2895 3588//2830
f 3589//2831 3660//2897 3726//2955
f 3726//2955 3659//2896 3589//2831
f 3590//2832 3661//2898 3727//2956
f 3727//2956 3660//2897 3590//2832
f 2239//1638 3661//2898 3591//2833
f 3728//2957 3663//2900 3593//2835
f 3593//2835 3662//2899 3728//2957
f 3729//2958 3664//2901 3594//2836
f 3594//2836 3663//2900 3729//2958
f 3553//2796 3552//2795 3680//2911
f 3680//2911 3730//2959 3553//2796
f 3552//2795 3551//2794 3611//2849
f 3611//2849 3680//2911 3552//2795
f 3551//2794 3550//2793 3512//2759
f 3512//2759 3611//2849 3551//2794
f 3398//2661 3731//2839 3665//2838
f 3665//2838 3732//2960 3666//2902
f 3666//2902 3596//2838 3665//2838
f 3598//2840 3666//2902 3733//2961
f 3733//2961 3734//2962 3598//2840
f 3735//2752 3281//2552 3667//2839
f 3668//2903 3736//2963 3667//2839
f 3667//2839 3597//2839 3668//2903
f 3734//2962 3737//2964 3599//2841
f 3599//2841 3598//2840 3734//2962
f 3737//2964 3738//2965 3668//2903
f 3668//2903 3599//2841 3737//2964
f 3669//2662 3281//2552 3739//2966
f 3669//2662 3740//2967 3670//2904
f 3670//2904 3600//2662 3669//2662
f 3601//2842 3670//2904 3741//2968
f 3741//2968 3671//2905 3601//2842
f 3678//2662 3141//2428 3672//2662
f 3673//2906 3742//2969 3672//2662
f 3672//2662 3602//2662 3673//2906
f 3673//2906 3603//2843 3674//2907
f 3674//2907 3743//2970 3673//2906
f 3676//2909 3744//2909 3608//2847
f 3608//2847 3607//2846 3676//2909
f 3745//2971 3676//2909 3675//2908
f 3609//2848 3677//2910 3745//2971
f 3745//2971 3675//2908 3609//2848
f 3746//2972 3677//2910 3610//2662
f 3610//2662 3678//2662 3746//2972
f 2900//2225 3730//2959 3680//2911
f 3612//2850 3527//2772 3526//2771
f 3526//2771 3634//2872 3514//2761
f 3526//2771 3514//2761 3612//2850
f 3555//2798 3554//2797 3681//2912
f 3681//2912 3517//2764 3555//2798
f 3730//2959 2900//2225 3681//2912
f 3300//2568 3682//2913 3747//2973
f 3747//2973 3682//2913 3683//2914
f 3683//2914 3748//2974 3747//2973
f 3684//2915 3749//2975 3750//2976
f 3750//2976 3685//2916 3684//2915
f 3749//2975 3684//2915 3305//2573
f 3606//2588 3608//2847 3751//2977
f 3751//2977 3305//2573 3606//2588
f 3584//2826 3752//2978 3753//2979
f 3754//2980 3752//2978 3584//2826
f 3584//2826 3622//2860 3754//2980
f 3755//2981 3756//2982 3622//2860
f 3622//2860 3686//2917 3755//2981
f 3757//2983 3686//2917 3623//2861
f 3623//2861 3687//2918 3757//2983
f 3758//2984 3687//2918 3624//2862
f 3624//2862 3688//2919 3758//2984
f 3759//2985 3688//2919 3626//2864
f 3626//2864 3689//2920 3759//2985
f 3760//2986 3689//2920 3627//2865
f 3627//2865 3690//2921 3760//2986
f 3761//2987 3690//2921 3628//2866
f 3628//2866 3691//2922 3761//2987
f 3692//2923 3762//2988 3763//2989
f 3763//2989 3691//2922 3692//2923
f 3692//2923 3629//2867 3693//2924
f 3693//2924 3764//2990 3692//2923
f 3693//2924 3630//2868 3664//2901
f 3664//2901 3729//2958 3693//2924
f 3398//2661 3695//2839 3731//2839
f 3696//2925 3436//2694 3765//2991
f 3542//2787 3699//2928 3766//2992
f 3766//2992 3698//2927 3542//2787
f 3699//2928 3300//2568 3767//2993
f 3701//2930 3633//2871 3700//2929
f 3700//2929 3768//2994 3701//2930
f 3436//2694 3701//2930 3769//2995
f 3702//2931 2239//1638 3635//2873
f 3703//2932 3770//2996 3702//2931
f 3702//2931 3636//2874 3703//2932
f 3704//2933 3771//2997 3703//2932
f 3703//2932 3637//2875 3704//2933
f 3705//2934 3772//2998 3704//2933
f 3704//2933 3638//2876 3705//2934
f 3706//2935 3773//2999 3705//2934
f 3705//2934 3639//2877 3706//2935
f 3707//2936 3774//3000 3706//2935
f 3706//2935 3640//2878 3707//2936
f 3708//2937 3775//3001 3707//2936
f 3707//2936 3641//2879 3708//2937
f 3709//2938 3776//3002 3708//2937
f 3708//2937 3642//2880 3709//2938
f 3709//2938 3643//2881 3710//2939
f 3710//2939 3777//3003 3709//2938
f 3710//2939 3644//2882 3711//2940
f 3711//2940 3778//3004 3710//2939
f 3711//2940 3645//2883 3712//2941
f 3712//2941 3779//3005 3711//2940
f 3712//2941 3646//2884 3713//2942
f 3713//2942 3780//3006 3712//2941
f 3713//2942 3647//2885 3714//2943
f 3714//2943 3781//3007 3713//2942
f 3714//2943 3648//2886 3715//2944
f 3715//2944 3782//3008 3714//2943
f 3653//2890 3783//3009 3784//3010
f 3784//3010 3715//2944 3653//2890
f 3572//2815 3651//2888 3717//2946
f 3718//2947 3717//2946 3485//2734
f 3485//2734 3484//2733 3718//2947
f 3717//2946 3718//2947 3572//2815
f 3720//2949 3719//2948 3785//3011
f 3785//3011 3786//3012 3720//2949
f 3652//2889 3787//3013 3719//2948
f 3653//2890 3720//2949 3788//3014
f 3584//2826 3789//3015 3790//3016
f 3790//3016 3652//2889 3584//2826
f 3662//2899 3721//2950 3791//3017
f 3791//3017 3728//2957 3662//2899
f 3655//2892 3722//2951 3792//3018
f 3792//3018 3721//2950 3655//2892
f 3656//2893 3723//2952 3793//3019
f 3793//3019 3722//2951 3656//2893
f 3657//2894 3724//2953 3794//3020
f 3794//3020 3723//2952 3657//2894
f 3658//2895 3725//2954 3795//3021
f 3795//3021 3724//2953 3658//2895
f 3659//2896 3726//2955 3796//3022
f 3796//3022 3725//2954 3659//2896
f 3660//2897 3727//2956 3797//3023
f 3797//3023 3726//2955 3660//2897
f 2239//1638 3727//2956 3661//2898
f 3798//3024 3729//2958 3663//2900
f 3663//2900 3728//2957 3798//3024
f 3730//2959 3681//2912 3554//2797
f 3554//2797 3553//2796 3730//2959
f 3731//2839 3799//3025 3732//2960
f 3732//2960 3665//2838 3731//2839
f 3666//2902 3732//2960 3800//3026
f 3800//3026 3733//2961 3666//2902
f 3801//2838 3281//2552 3735//2752
f 3736//2963 3802//3027 3735//2752
f 3735//2752 3667//2839 3736//2963
f 3736//2963 3668//2903 3738//2965
f 3738//2965 3803//3028 3736//2963
f 3739//2966 3281//2552 3804//2752
f 3805//3029 3740//2967 3669//2662
f 3669//2662 3739//2966 3300//2568
f 3669//2662 3300//2568 3805//3029
f 3670//2904 3740//2967 3806//3030
f 3806//3030 3741//2968 3670//2904
f 3742//2969 3746//2972 3678//2662
f 3678//2662 3672//2662 3742//2969
f 3742//2969 3673//2906 3743//2970
f 3743//2970 3807//3031 3742//2969
f 3748//2974 3683//2914 3616//2854
f 3616//2854 3523//2768 3522//2767
f 3522//2767 3525//2770 3685//2916
f 3685//2916 3750//2976 3808//3032
f 3808//3032 3809//3033 3810//3034
f 3810//3034 3811//3035 3812//3036
f 3812//3036 3744//2909 3676//2909
f 3676//2909 3745//2971 3813//3037
f 3813//3037 3807//3031 3743//2970
f 3743//2970 3674//2907 3605//2845
f 3605//2845 3604//2844 3671//2905
f 3671//2905 3741//2968 3806//3030
f 3806//3030 3814//3038 3815//3039
f 3815//3039 3816//3040 3817//3041
f 3817//3041 3818//3042 3819//3043
f 3819//3043 3820//3044 3748//2974
f 3748//2974 3616//2854 3522//2767
f 3522//2767 3685//2916 3808//3032
f 3808//3032 3810//3034 3812//3036
f 3812//3036 3676//2909 3813//3037
f 3813//3037 3743//2970 3605//2845
f 3605//2845 3671//2905 3806//3030
f 3806//3030 3815//3039 3817//3041
f 3817//3041 3819//3043 3748//2974
f 3748//2974 3522//2767 3808//3032
f 3808//3032 3812//3036 3813//3037
f 3813//3037 3605//2845 3806//3030
f 3806//3030 3817//3041 3748//2974
f 3748//2974 3808//3032 3813//3037
f 3813//3037 3806//3030 3748//2974
f 3677//2910 3746//2972 3813//3037
f 3813//3037 3745//2971 3677//2910
f 3300//2568 3747//2973 3821//3045
f 3747//2973 3748//2974 3820//3044
f 3820//3044 3821//3045 3747//2973
f 3822//3046 3749//2975 3305//2573
f 3751//2977 3823//3047 3305//2573
f 3751//2977 3608//2847 3744//2909
f 3744//2909 3824//3048 3751//2977
f 3584//2826 3753//2979 3825//3049
f 3753//2979 3752//2978 3826//3050
f 3826//3050 3827//3051 3753//2979
f 3752//2978 3754//2980 3828//3052
f 3828//3052 3826//3050 3752//2978
f 3829//3053 3754//2980 3622//2860
f 3782//3008 3715//2944 3756//2982
f 3756//2982 3755//2981 3782//3008
f 3830//3054 3755//2981 3686//2917
f 3686//2917 3757//2983 3830//3054
f 3831//3055 3832//3056 3622//2860
f 3622//2860 3756//2982 3831//3055
f 3833//3057 3757//2983 3687//2918
f 3687//2918 3758//2984 3833//3057
f 3834//3058 3758//2984 3688//2919
f 3688//2919 3759//2985 3834//3058
f 3835//3059 3759//2985 3689//2920
f 3689//2920 3760//2986 3835//3059
f 3836//3060 3760//2986 3690//2921
f 3690//2921 3761//2987 3836//3060
f 3691//2922 3763//2989 3837//3061
f 3837//3061 3761//2987 3691//2922
f 3764//2990 3838//3062 3762//2988
f 3762//2988 3692//2923 3764//2990
f 3762//2988 3839//3063 3840//3064
f 3840//3064 3763//2989 3762//2988
f 3764//2990 3693//2924 3729//2958
f 3729//2958 3798//3024 3764//2990
f 3695//2839 3697//2926 3799//3025
f 3799//3025 3731//2839 3695//2839
f 3696//2925 3765//2991 3841//3065
f 3841//3065 3842//3066 3696//2925
f 3436//2694 3843//3067 3765//2991
f 3766//2992 3699//2928 3767//2993
f 3767//2993 3844//3068 3845//3069
f 3767//2993 3845//3069 3766//2992
f 3844//3068 3767//2993 3300//2568
f 3768//2994 3846//3070 3769//2995
f 3769//2995 3701//2930 3768//2994
f 3436//2694 3769//2995 3847//3071
f 3770//2996 2239//1638 3702//2931
f 3771//2997 3848//3072 3770//2996
f 3770//2996 3703//2932 3771//2997
f 3772//2998 3849//3073 3771//2997
f 3771//2997 3704//2933 3772//2998
f 3773//2999 3850//3074 3772//2998
f 3772//2998 3705//2934 3773//2999
f 3774//3000 3851//3075 3773//2999
f 3773//2999 3706//2935 3774//3000
f 3775//3001 3852//3076 3774//3000
f 3774//3000 3707//2936 3775//3001
f 3776//3002 3853//3077 3775//3001
f 3775//3001 3708//2937 3776//3002
f 3777//3003 3854//3078 3776//3002
f 3776//3002 3709//2938 3777//3003
f 3777//3003 3710//2939 3778//3004
f 3778//3004 3855//3079 3777//3003
f 3778//3004 3711//2940 3779//3005
f 3779//3005 3856//3080 3778//3004
f 3779//3005 3712//2941 3780//3006
f 3780//3006 3857//3081 3779//3005
f 3780//3006 3713//2942 3781//3007
f 3781//3007 3858//3082 3780//3006
f 3781//3007 3714//2943 3782//3008
f 3782//3008 3859//3083 3781//3007
f 3653//2890 3860//3084 3783//3009
f 3784//3010 3861//3085 3715//2944
f 3784//3010 3783//3009 3862//3086
f 3862//3086 3863//3087 3784//3010
f 3788//3014 3720//2949 3786//3012
f 3786//3012 3864//3088 3788//3014
f 3719//2948 3787//3013 3865//3089
f 3865//3089 3785//3011 3719//2948
f 3652//2889 3866//3090 3787//3013
f 3653//2890 3788//3014 3867//3091
f 3584//2826 3868//3092 3789//3015
f 3790//3016 3869//3093 3652//2889
f 3790//3016 3789//3015 3870//3094
f 3870//3094 3871//3095 3790//3016
f 3728//2957 3791//3017 3872//3096
f 3872//3096 3798//3024 3728//2957
f 3721//2950 3792//3018 3873//3097
f 3873//3097 3791//3017 3721//2950
f 3722//2951 3793//3019 3874//3098
f 3874//3098 3792//3018 3722//2951
f 3723//2952 3794//3020 3875//3099
f 3875//3099 3793//3019 3723//2952
f 3724//2953 3795//3021 3876//3100
f 3876//3100 3794//3020 3724//2953
f 3725//2954 3796//3022 3877//3101
f 3877//3101 3795//3021 3725//2954
f 3726//2955 3797//3023 3878//3102
f 3878//3102 3796//3022 3726//2955
f 3727//2956 2239//1638 3797//3023
f 3732//2960 3799//3025 3879//3103
f 3879//3103 3800//3026 3732//2960
f 3738//2965 3737//2964 3734//2962
f 3734//2962 3733//2961 3800//3026
f 3800//3026 3879//3103 3880//3104
f 3880//3104 3842//3066 3841//3065
f 3841//3065 3881//3105 3882//3106
f 3882//3106 3883//3107 3884//3108
f 3884//3108 3846//3070 3768//2994
f 3768//2994 3700//2929 3632//2870
f 3632//2870 3631//2869 3698//2927
f 3698//2927 3766//2992 3845//3069
f 3845//3069 3885//3109 3886//3110
f 3886//3110 3887//3034 3888//3111
f 3888//3111 3889//3112 3890//3113
f 3890//3113 3891//3114 3892//3115
f 3892//3115 3893//3116 3894//3117
f 3894//3117 3803//3028 3738//2965
f 3738//2965 3734//2962 3800//3026
f 3800//3026 3880//3104 3841//3065
f 3841//3065 3882//3106 3884//3108
f 3884//3108 3768//2994 3632//2870
f 3632//2870 3698//2927 3845//3069
f 3845//3069 3886//3110 3888//3111
f 3888//3111 3890//3113 3892//3115
f 3892//3115 3894//3117 3738//2965
f 3738//2965 3800//3026 3841//3065
f 3841//3065 3884//3108 3632//2870
f 3632//2870 3845//3069 3888//3111
f 3888//3111 3892//3115 3738//2965
f 3738//2965 3841//3065 3632//2870
f 3632//2870 3888//3111 3738//2965
f 3895//2752 3281//2552 3801//2838
f 3802//3027 3896//3118 3801//2838
f 3801//2838 3735//2752 3802//3027
f 3803//3028 3894//3117 3802//3027
f 3802//3027 3736//2963 3803//3028
f 3300//2568 3739//2966 3804//2752
f 3804//2752 3897//3119 3898//3120
f 3804//2752 3898//3120 3300//2568
f 3804//2752 3281//2552 3895//2752
f 3740//2967 3805//3029 3814//3038
f 3814//3038 3806//3030 3740//2967
f 3746//2972 3742//2969 3807//3031
f 3807//3031 3813//3037 3746//2972
f 3822//3046 3899//3121 3809//3033
f 3809//3033 3808//3032 3822//3046
f 3300//2568 3821//3045 3900//3122
f 3749//2975 3822//3046 3808//3032
f 3808//3032 3750//2976 3749//2975
f 3899//3121 3822//3046 3305//2573
f 3823//3047 3751//2977 3824//3048
f 3824//3048 3812//3036 3823//3047
f 3823//3047 3901//3123 3305//2573
f 3744//2909 3812//3036 3824//3048
f 3584//2826 3825//3049 3902//3124
f 3825//3049 3753//2979 3827//3051
f 3827//3051 3903//3125 3825//3049
f 3754//2980 3829//3053 3904//3126
f 3904//3126 3828//3052 3754//2980
f 3905//3127 3829//3053 3622//2860
f 3859//3083 3782//3008 3755//2981
f 3755//2981 3830//3054 3859//3083
f 3715//2944 3906//3128 3907//3129
f 3907//3129 3756//2982 3715//2944
f 3908//3130 3830//3054 3757//2983
f 3757//2983 3833//3057 3908//3130
f 3832//3056 3831//3055 3909//3131
f 3909//3131 3910//3132 3832//3056
f 3756//2982 3911//3133 3831//3055
f 3832//3056 3912//3134 3622//2860
f 3913//3135 3833//3057 3758//2984
f 3758//2984 3834//3058 3913//3135
f 3914//3136 3834//3058 3759//2985
f 3759//2985 3835//3059 3914//3136
f 3915//3137 3835//3059 3760//2986
f 3760//2986 3836//3060 3915//3137
f 3761//2987 3837//3061 3916//3138
f 3916//3138 3836//3060 3761//2987
f 3763//2989 3840//3064 3917//3139
f 3917//3139 3837//3061 3763//2989
f 3798//3024 3872//3096 3838//3062
f 3838//3062 3764//2990 3798//3024
f 3838//3062 3918//3140 3839//3063
f 3839//3063 3762//2988 3838//3062
f 3839//3063 3919//3141 3920//3142
f 3920//3142 3840//3064 3839//3063
f 3799//3025 3697//2926 3880//3104
f 3880//3104 3879//3103 3799//3025
f 3842//3066 3880//3104 3697//2926
f 3697//2926 3696//2925 3842//3066
f 3436//2694 3921//3143 3843//3067
f 3765//2991 3843//3067 3881//3105
f 3881//3105 3841//3065 3765//2991
f 3844//3068 3922//3144 3885//3109
f 3885//3109 3845//3069 3844//3068
f 3922//3144 3844//3068 3300//2568
f 3436//2694 3847//3071 3923//3145
f 3769//2995 3846//3070 3884//3108
f 3884//3108 3847//3071 3769//2995
f 3848//3072 2239//1638 3770//2996
f 3849//3073 3924//3146 3848//3072
f 3848//3072 3771//2997 3849//3073
f 3850//3074 3925//3147 3849//3073
f 3849//3073 3772//2998 3850//3074
f 3851//3075 3926//3148 3850//3074
f 3850//3074 3773//2999 3851//3075
f 3852//3076 3927//3149 3851//3075
f 3851//3075 3774//3000 3852//3076
f 3853//3077 3928//3150 3852//3076
f 3852//3076 3775//3001 3853//3077
f 3854//3078 3929//3151 3853//3077
f 3853//3077 3776//3002 3854//3078
f 3855//3079 3930//3152 3854//3078
f 3854//3078 3777//3003 3855//3079
f 3855//3079 3778//3004 3856//3080
f 3856//3080 3931//3153 3855//3079
f 3856//3080 3779//3005 3857//3081
f 3857//3081 3932//3154 3856//3080
f 3857//3081 3780//3006 3858//3082
f 3858//3082 3933//3155 3857//3081
f 3858//3082 3781//3007 3859//3083
f 3859//3083 3934//3156 3858//3082
f 3653//2890 3935//3157 3860//3084
f 3783//3009 3860//3084 3936//3158
f 3936//3158 3862//3086 3783//3009
f 3861//3085 3784//3010 3863//3087
f 3863//3087 3937//3159 3861//3085
f 3861//3085 3938//3160 3715//2944
f 3867//3091 3788//3014 3864//3088
f 3864//3088 3939//3161 3867//3091
f 3939//3161 3864//3088 3786//3012
f 3786//3012 3785//3011 3865//3089
f 3865//3089 3940//3162 3941//3163
f 3941//3163 3942//3164 3943//3165
f 3943//3165 3944//3166 3945//3167
f 3945//3167 3946//3168 3947//3169
f 3947//3169 3948//3170 3949//3171
f 3949//3171 3950//3172 3951//3173
f 3951//3173 3952//3174 3953//3175
f 3953//3175 3954//3176 3955//3177
f 3955//3177 3956//3178 3957//3179
f 3957//3179 3958//3180 3959//3181
f 3959//3181 3960//3182 3937//3159
f 3937//3159 3863//3087 3862//3086
f 3862//3086 3936//3158 3961//3183
f 3961//3183 3962//3184 3939//3161
f 3939//3161 3786//3012 3865//3089
f 3865//3089 3941//3163 3943//3165
f 3943//3165 3945//3167 3947//3169
f 3947//3169 3949//3171 3951//3173
f 3951//3173 3953//3175 3955//3177
f 3955//3177 3957//3179 3959//3181
f 3959//3181 3937//3159 3862//3086
f 3862//3086 3961//3183 3939//3161
f 3939//3161 3865//3089 3943//3165
f 3943//3165 3947//3169 3951//3173
f 3951//3173 3955//3177 3959//3181
f 3959//3181 3862//3086 3939//3161
f 3939//3161 3943//3165 3951//3173
f 3951//3173 3959//3181 3939//3161
f 3787//3013 3866//3090 3940//3162
f 3940//3162 3865//3089 3787//3013
f 3652//2889 3963//3185 3866//3090
f 3653//2890 3867//3091 3964//3186
f 3584//2826 3965//3187 3868//3092
f 3789//3015 3868//3092 3966//3188
f 3966//3188 3870//3094 3789//3015
f 3869//3093 3790//3016 3871//3095
f 3871//3095 3967//3189 3869//3093
f 3869//3093 3968//3190 3652//2889
f 3791//3017 3873//3097 3969//3191
f 3969//3191 3872//3096 3791//3017
f 3792//3018 3874//3098 3970//3192
f 3970//3192 3873//3097 3792//3018
f 3793//3019 3875//3099 3971//3193
f 3971//3193 3874//3098 3793//3019
f 3794//3020 3876//3100 3972//3194
f 3972//3194 3875//3099 3794//3020
f 3795//3021 3877//3101 3973//3195
f 3973//3195 3876//3100 3795//3021
f 3796//3022 3878//3102 3974//3196
f 3974//3196 3877//3101 3796//3022
f 3797//3023 2239//1638 3878//3102
f 3896//3118 3975//3197 3895//2752
f 3895//2752 3801//2838 3896//3118
f 3896//3118 3802//3027 3894//3117
f 3894//3117 3893//3116 3896//3118
f 3300//2568 3976//3198 3805//3029
f 3975//3197 3897//3119 3804//2752
f 3804//2752 3895//2752 3975//3197
f 3899//3121 3977//3199 3810//3034
f 3810//3034 3809//3033 3899//3121
f 3300//2568 3900//3122 3978//3200
f 3900//3122 3821//3045 3820//3044
f 3820//3044 3819//3043 3900//3122
f 3977//3199 3899//3121 3305//2573
f 3901//3123 3823//3047 3812//3036
f 3812//3036 3811//3035 3901//3123
f 3901//3123 3977//3199 3305//2573
f 3584//2826 3902//3124 3979//3201
f 3902//3124 3825//3049 3903//3125
f 3903//3125 3980//3202 3902//3124
f 3829//3053 3905//3127 3981//3203
f 3981//3203 3904//3126 3829//3053
f 3982//3204 3905//3127 3622//2860
f 3934//3156 3859//3083 3830//3054
f 3830//3054 3908//3130 3934//3156
f 3983//3205 3906//3128 3715//2944
f 3907//3129 3984//3206 3756//2982
f 3907//3129 3906//3128 3958//3180
f 3958//3180 3957//3179 3907//3129
f 3985//3207 3908//3130 3833//3057
f 3833//3057 3913//3135 3985//3207
f 3912//3134 3832//3056 3910//3132
f 3910//3132 3986//3208 3912//3134
f 3831//3055 3911//3133 3987//3209
f 3987//3209 3909//3131 3831//3055
f 3756//2982 3988//3210 3911//3133
f 3912//3134 3989//3211 3622//2860
f 3990//3212 3913//3135 3834//3058
f 3834//3058 3914//3136 3990//3212
f 3991//3213 3914//3136 3835//3059
f 3835//3059 3915//3137 3991//3213
f 3836//3060 3916//3138 3992//3214
f 3992//3214 3915//3137 3836//3060
f 3837//3061 3917//3139 3993//3215
f 3993//3215 3916//3138 3837//3061
f 3840//3064 3920//3142 3994//3216
f 3994//3216 3917//3139 3840//3064
f 3872//3096 3969//3191 3918//3140
f 3918//3140 3838//3062 3872//3096
f 3918//3140 3995//3217 3919//3141
f 3919//3141 3839//3063 3918//3140
f 3919//3141 3996//3218 3997//3219
f 3997//3219 3920//3142 3919//3141
f 3436//2694 3923//3145 3921//3143
f 3843//3067 3921//3143 3882//3106
f 3882//3106 3881//3105 3843//3067
f 3922//3144 3998//3220 3886//3110
f 3886//3110 3885//3109 3922//3144
f 3998//3220 3922//3144 3300//2568
f 3923//3145 3847//3071 3884//3108
f 3884//3108 3883//3107 3923//3145
f 3924//3146 2239//1638 3848//3072
f 3925//3147 3999//3221 3924//3146
f 3924//3146 3849//3073 3925//3147
f 3926//3148 4000//3222 3925//3147
f 3925//3147 3850//3074 3926//3148
f 3927//3149 4001//3223 3926//3148
f 3926//3148 3851//3075 3927//3149
f 3928//3150 4002//3224 3927//3149
f 3927//3149 3852//3076 3928//3150
f 3929//3151 4003//3225 3928//3150
f 3928//3150 3853//3077 3929//3151
f 3930//3152 4004//3226 3929//3151
f 3929//3151 3854//3078 3930//3152
f 3931//3153 4005//3227 3930//3152
f 3930//3152 3855//3079 3931//3153
f 3931//3153 3856//3080 3932//3154
f 3932//3154 4006//3228 3931//3153
f 3932//3154 3857//3081 3933//3155
f 3933//3155 4007//3229 3932//3154
f 3933//3155 3858//3082 3934//3156
f 3934//3156 4008//3230 3933//3155
f 3653//2890 3964//3186 3935//3157
f 3860//3084 3935//3157 3961//3183
f 3961//3183 3936//3158 3860//3084
f 3938//3160 3861//3085 3937//3159
f 3937//3159 3960//3182 3938//3160
f 3938//3160 3983//3205 3715//2944
f 3964//3186 3867//3091 3939//3161
f 3939//3161 3962//3184 3964//3186
f 3652//2889 4009//3231 3963//3185
f 3866//3090 3963//3185 3941//3163
f 3941//3163 3940//3162 3866//3090
f 3584//2826 3979//3201 3965//3187
f 3868//3092 3965//3187 4010//3232
f 4010//3232 3966//3188 3868//3092
f 3968//3190 3869//3093 3967//3189
f 3967//3189 4011//3233 3968//3190
f 4012//3234 3652//2889 3968//3190
f 3873//3097 3970//3192 4013//3235
f 4013//3235 3969//3191 3873//3097
f 3874//3098 3971//3193 4014//3236
f 4014//3236 3970//3192 3874//3098
f 3875//3099 3972//3194 4015//3237
f 4015//3237 3971//3193 3875//3099
f 3876//3100 3973//3195 4016//3238
f 4016//3238 3972//3194 3876//3100
f 3877//3101 3974//3196 4017//3239
f 4017//3239 3973//3195 3877//3101
f 3878//3102 2239//1638 3974//3196
f 3975//3197 3896//3118 3893//3116
f 3893//3116 3892//3115 3975//3197
f 3976//3198 3300//2568 4018//3240
f 3805//3029 3976//3198 3815//3039
f 3815//3039 3814//3038 3805//3029
f 3897//3119 3975//3197 3892//3115
f 3892//3115 3891//3114 3897//3119
f 3977//3199 3901//3123 3811//3035
f 3811//3035 3810//3034 3977//3199
f 3300//2568 3978//3200 4019//3241
f 3978//3200 3900//3122 3819//3043
f 3819//3043 3818//3042 3978//3200
f 3979//3201 3902//3124 3980//3202
f 3980//3202 4020//3242 3979//3201
f 3905//3127 3982//3204 4021//3243
f 4021//3243 3981//3203 3905//3127
f 3989//3211 3982//3204 3622//2860
f 4008//3230 3934//3156 3908//3130
f 3908//3130 3985//3207 4008//3230
f 3906//3128 3983//3205 3959//3181
f 3959//3181 3958//3180 3906//3128
f 3984//3206 4022//3244 3756//2982
f 3957//3179 3956//3178 3984//3206
f 3984//3206 3907//3129 3957//3179
f 4023//3245 3985//3207 3913//3135
f 3913//3135 3990//3212 4023//3245
f 3989//3211 3912//3134 3986//3208
f 3986//3208 4024//3246 3989//3211
f 3911//3133 3988//3210 4025//3247
f 4025//3247 3987//3209 3911//3133
f 3988//3210 3756//2982 4026//3248
f 4026//3248 4027//3249 3988//3210
f 4028//3250 3990//3212 3914//3136
f 3914//3136 3991//3213 4028//3250
f 3915//3137 3992//3214 4029//3251
f 4029//3251 3991//3213 3915//3137
f 3916//3138 3993//3215 4030//3252
f 4030//3252 3992//3214 3916//3138
f 3917//3139 3994//3216 4031//3253
f 4031//3253 3993//3215 3917//3139
f 3920//3142 3997//3219 4032//3254
f 4032//3254 3994//3216 3920//3142
f 3969//3191 4013//3235 3995//3217
f 3995//3217 3918//3140 3969//3191
f 3995//3217 4033//3255 3996//3218
f 3996//3218 3919//3141 3995//3217
f 3996//3218 4034//3256 4035//3257
f 4035//3257 3997//3219 3996//3218
f 4036//3258 3998//3220 3300//2568
f 3883//3107 3882//3106 3921//3143
f 3921//3143 3923//3145 3883//3107
f 3999//3221 2239//1638 3924//3146
f 4000//3222 4037//3259 3999//3221
f 3999//3221 3925//3147 4000//3222
f 4001//3223 4038//3260 4000//3222
f 4000//3222 3926//3148 4001//3223
f 4002//3224 4039//3261 4001//3223
f 4001//3223 3927//3149 4002//3224
f 4003//3225 4040//3262 4002//3224
f 4002//3224 3928//3150 4003//3225
f 4004//3226 4041//3263 4003//3225
f 4003//3225 3929//3151 4004//3226
f 4005//3227 4042//3264 4004//3226
f 4004//3226 3930//3152 4005//3227
f 4006//3228 4043//3265 4005//3227
f 4005//3227 3931//3153 4006//3228
f 4006//3228 3932//3154 4007//3229
f 4007//3229 4044//3266 4006//3228
f 4007//3229 3933//3155 4008//3230
f 4008//3230 4045//3267 4007//3229
f 3935//3157 3964//3186 3962//3184
f 3962//3184 3961//3183 3935//3157
f 3983//3205 3938//3160 3960//3182
f 3960//3182 3959//3181 3983//3205
f 3652//2889 4046//3268 4009//3231
f 3963//3185 4009//3231 3942//3164
f 3942//3164 3941//3163 3963//3185
f 3965//3187 3979//3201 4020//3242
f 4020//3242 4010//3232 3965//3187
f 4012//3234 3968//3190 4011//3233
f 4011//3233 4047//3269 4012//3234
f 3652//2889 4012//3234 4048//3270
f 4048//3270 4049//3271 3652//2889
f 3970//3192 4014//3236 4050//3272
f 4050//3272 4013//3235 3970//3192
f 3971//3193 4015//3237 4051//3273
f 4051//3273 4014//3236 3971//3193
f 3972//3194 4016//3238 4052//3274
f 4052//3274 4015//3237 3972//3194
f 3973//3195 4017//3239 4053//3275
f 4053//3275 4016//3238 3973//3195
f 4017//3239 3974//3196 2239//1638
f 3976//3198 4018//3240 3816//3040
f 3816//3040 3815//3039 3976//3198
f 3300//2568 4019//3241 4018//3240
f 4054//3276 3300//2568 3898//3120
f 3898//3120 3897//3119 3891//3114
f 3891//3114 3890//3113 3898//3120
f 4019//3241 3978//3200 3818//3042
f 3818//3042 3817//3041 4019//3241
f 4018//3240 4019//3241 3817//3041
f 3817//3041 3816//3040 4018//3240
f 3982//3204 3989//3211 4024//3246
f 4024//3246 4021//3243 3982//3204
f 4045//3267 4008//3230 3985//3207
f 3985//3207 4023//3245 4045//3267
f 3956//3178 3955//3177 4022//3244
f 4022//3244 3984//3206 3956//3178
f 4022//3244 4055//3277 3756//2982
f 4056//3278 4023//3245 3990//3212
f 3990//3212 4028//3250 4056//3278
f 4057//3279 4058//3280 4059//3281
f 4059//3281 4060//3282 4061//3283
f 4061//3283 4062//3284 4063//3285
f 4063//3285 4047//3269 4011//3233
f 4011//3233 3967//3189 3871//3095
f 3871//3095 3870//3094 3966//3188
f 3966//3188 4010//3232 4020//3242
f 4020//3242 3980//3202 3903//3125
f 3903//3125 3827//3051 3826//3050
f 3826//3050 3828//3052 3904//3126
f 3904//3126 3981//3203 4021//3243
f 4021//3243 4024//3246 3986//3208
f 3986//3208 3910//3132 3909//3131
f 3909//3131 3987//3209 4025//3247
f 4025//3247 4064//3286 4065//3287
f 4065//3287 4066//3288 4057//3279
f 4057//3279 4059//3281 4061//3283
f 4061//3283 4063//3285 4011//3233
f 4011//3233 3871//3095 3966//3188
f 3966//3188 4020//3242 3903//3125
f 3903//3125 3826//3050 3904//3126
f 3904//3126 4021//3243 3986//3208
f 3986//3208 3909//3131 4025//3247
f 4025//3247 4065//3287 4057//3279
f 4057//3279 4061//3283 4011//3233
f 4011//3233 3966//3188 3903//3125
f 3903//3125 3904//3126 3986//3208
f 3986//3208 4025//3247 4057//3279
f 4057//3279 4011//3233 3903//3125
f 3903//3125 3986//3208 4057//3279
f 3988//3210 4027//3249 4064//3286
f 4064//3286 4025//3247 3988//3210
f 4026//3248 4067//3289 4027//3249
f 4068//3290 4026//3248 3756//2982
f 3991//3213 4029//3251 4069//3291
f 4069//3291 4028//3250 3991//3213
f 3992//3214 4030//3252 4070//3292
f 4070//3292 4029//3251 3992//3214
f 3993//3215 4031//3253 4071//3293
f 4071//3293 4030//3252 3993//3215
f 3994//3216 4032//3254 4072//3294
f 4072//3294 4031//3253 3994//3216
f 3997//3219 4035//3257 4073//3295
f 4073//3295 4032//3254 3997//3219
f 4013//3235 4050//3272 4033//3255
f 4033//3255 3995//3217 4013//3235
f 4033//3255 4074//3296 4034//3256
f 4034//3256 3996//3218 4033//3255
f 4034//3256 4075//3297 4076//3298
f 4076//3298 4035//3257 4034//3256
f 3889//3112 3888//3111 4077//3299
f 4077//3299 4054//3276 3889//3112
f 3998//3220 4036//3258 3887//3034
f 3887//3034 3886//3110 3998//3220
f 4077//3299 4036//3258 3300//2568
f 4037//3259 2239//1638 3999//3221
f 4038//3260 4078//3300 4037//3259
f 4037//3259 4000//3222 4038//3260
f 4039//3261 4079//3301 4038//3260
f 4038//3260 4001//3223 4039//3261
f 4040//3262 4080//3302 4039//3261
f 4039//3261 4002//3224 4040//3262
f 4041//3263 4081//3303 4040//3262
f 4040//3262 4003//3225 4041//3263
f 4042//3264 4082//3304 4041//3263
f 4041//3263 4004//3226 4042//3264
f 4043//3265 4083//3305 4042//3264
f 4042//3264 4005//3227 4043//3265
f 4044//3266 4084//3306 4043//3265
f 4043//3265 4006//3228 4044//3266
f 4044//3266 4007//3229 4045//3267
f 4045//3267 4085//3307 4044//3266
f 3942//3164 4009//3231 4046//3268
f 4046//3268 3943//3165 3942//3164
f 3652//2889 4086//3308 4046//3268
f 4048//3270 4012//3234 4047//3269
f 4047//3269 4063//3285 4048//3270
f 3652//2889 4049//3271 4087//3309
f 4048//3270 4088//3310 4049//3271
f 4014//3236 4051//3273 4089//3311
f 4089//3311 4050//3272 4014//3236
f 4015//3237 4052//3274 4090//3312
f 4090//3312 4051//3273 4015//3237
f 4016//3238 4053//3275 4091//3313
f 4091//3313 4052//3274 4016//3238
f 4017//3239 2239//1638 4053//3275
f 4054//3276 4077//3299 3300//2568
f 4054//3276 3898//3120 3890//3113
f 3890//3113 3889//3112 4054//3276
f 4085//3307 4045//3267 4023//3245
f 4023//3245 4056//3278 4085//3307
f 4055//3277 4022//3244 3955//3177
f 3955//3177 3954//3176 4055//3277
f 4055//3277 4092//3314 3756//2982
f 4028//3250 4069//3291 4093//3315
f 4093//3315 4056//3278 4028//3250
f 4027//3249 4067//3289 4065//3287
f 4065//3287 4064//3286 4027//3249
f 4067//3289 4026//3248 4094//3316
f 3949//3171 4095//3317 4026//3248
f 4026//3248 4068//3290 3950//3172
f 4026//3248 3950//3172 3949//3171
f 4096//3318 4068//3290 3756//2982
f 4029//3251 4070//3292 4097//3319
f 4097//3319 4069//3291 4029//3251
f 4030//3252 4071//3293 4098//3320
f 4098//3320 4070//3292 4030//3252
f 4031//3253 4072//3294 4099//3321
f 4099//3321 4071//3293 4031//3253
f 4032//3254 4073//3295 4100//3322
f 4100//3322 4072//3294 4032//3254
f 4035//3257 4076//3298 4101//3323
f 4101//3323 4073//3295 4035//3257
f 4050//3272 4089//3311 4074//3296
f 4074//3296 4033//3255 4050//3272
f 4074//3296 4102//3324 4075//3297
f 4075//3297 4034//3256 4074//3296
f 4075//3297 4103//3325 4104//3326
f 4104//3326 4076//3298 4075//3297
f 4077//3299 3888//3111 3887//3034
f 3887//3034 4036//3258 4077//3299
f 4078//3300 2239//1638 4037//3259
f 4079//3301 4105//3327 4078//3300
f 4078//3300 4038//3260 4079//3301
f 4080//3302 4106//3328 4079//3301
f 4079//3301 4039//3261 4080//3302
f 4081//3303 4107//3329 4080//3302
f 4080//3302 4040//3262 4081//3303
f 4082//3304 4108//3330 4081//3303
f 4081//3303 4041//3263 4082//3304
f 4083//3305 4109//3331 4082//3304
f 4082//3304 4042//3264 4083//3305
f 4084//3306 4110//3332 4083//3305
f 4083//3305 4043//3265 4084//3306
f 4085//3307 4111//3333 4084//3306
f 4084//3306 4044//3266 4085//3307
f 3652//2889 4087//3309 4086//3308
f 4046//3268 4086//3308 3944//3166
f 3944//3166 3943//3165 4046//3268
f 4088//3310 4048//3270 4063//3285
f 4063//3285 4062//3284 4088//3310
f 3945//3167 4087//3309 4049//3271
f 4049//3271 4112//3334 3946//3168
f 4049//3271 3946//3168 3945//3167
f 4088//3310 4113//3335 4112//3334
f 4112//3334 4049//3271 4088//3310
f 4051//3273 4090//3312 4114//3336
f 4114//3336 4089//3311 4051//3273
f 4052//3274 4091//3313 4115//3337
f 4115//3337 4090//3312 4052//3274
f 4053//3275 2239//1638 4091//3313
f 4056//3278 4093//3315 4111//3333
f 4111//3333 4085//3307 4056//3278
f 4092//3314 4055//3277 3954//3176
f 3954//3176 3953//3175 4092//3314
f 4092//3314 4116//3338 3756//2982
f 4069//3291 4097//3319 4117//3339
f 4117//3339 4093//3315 4069//3291
f 4067//3289 4094//3316 4066//3288
f 4066//3288 4065//3287 4067//3289
f 4094//3316 4026//3248 4095//3317
f 4095//3317 4118//3340 4094//3316
f 4119//3341 4095//3317 3949//3171
f 3949//3171 3948//3170 4119//3341
f 4068//3290 4096//3318 3951//3173
f 3951//3173 3950//3172 4068//3290
f 4116//3338 4096//3318 3756//2982
f 4070//3292 4098//3320 4120//3342
f 4120//3342 4097//3319 4070//3292
f 4071//3293 4099//3321 4121//3343
f 4121//3343 4098//3320 4071//3293
f 4072//3294 4100//3322 4122//3344
f 4122//3344 4099//3321 4072//3294
f 4073//3295 4101//3323 4123//3345
f 4123//3345 4100//3322 4073//3295
f 4076//3298 4104//3326 4124//3346
f 4124//3346 4101//3323 4076//3298
f 4089//3311 4114//3336 4102//3324
f 4102//3324 4074//3296 4089//3311
f 4102//3324 4125//3347 4103//3325
f 4103//3325 4075//3297 4102//3324
f 4103//3325 2239//1638 4104//3326
f 4105//3327 2239//1638 4078//3300
f 4106//3328 4126//3348 4105//3327
f 4105//3327 4079//3301 4106//3328
f 4107//3329 4127//3349 4106//3328
f 4106//3328 4080//3302 4107//3329
f 4108//3330 4128//3350 4107//3329
f 4107//3329 4081//3303 4108//3330
f 4109//3331 4129//3351 4108//3330
f 4108//3330 4082//3304 4109//3331
f 4110//3332 4130//3352 4109//3331
f 4109//3331 4083//3305 4110//3332
f 4111//3333 4131//3353 4110//3332
f 4110//3332 4084//3306 4111//3333
f 4086//3308 4087//3309 3945//3167
f 3945//3167 3944//3166 4086//3308
f 4113//3335 4088//3310 4062//3284
f 4062//3284 4061//3283 4113//3335
f 4112//3334 4132//3354 3947//3169
f 3947//3169 3946//3168 4112//3334
f 4113//3335 4133//3355 4132//3354
f 4132//3354 4112//3334 4113//3335
f 4090//3312 4115//3337 4134//3356
f 4134//3356 4114//3336 4090//3312
f 4091//3313 2239//1638 4115//3337
f 4093//3315 4117//3339 4131//3353
f 4131//3353 4111//3333 4093//3315
f 4116//3338 4092//3314 3953//3175
f 3953//3175 3952//3174 4116//3338
f 4097//3319 4120//3342 4135//3357
f 4135//3357 4117//3339 4097//3319
f 4094//3316 4118//3340 4057//3279
f 4057//3279 4066//3288 4094//3316
f 4095//3317 4136//3358 4118//3340
f 4095//3317 4119//3341 4137//3359
f 4137//3359 4136//3358 4095//3317
f 4132//3354 4119//3341 3948//3170
f 3948//3170 3947//3169 4132//3354
f 4096//3318 4116//3338 3952//3174
f 3952//3174 3951//3173 4096//3318
f 4098//3320 4121//3343 4138//3360
f 4138//3360 4120//3342 4098//3320
f 4099//3321 4122//3344 4139//3361
f 4139//3361 4121//3343 4099//3321
f 4100//3322 4123//3345 4140//3362
f 4140//3362 4122//3344 4100//3322
f 4101//3323 4124//3346 4141//3363
f 4141//3363 4123//3345 4101//3323
f 4104//3326 2239//1638 4124//3346
f 4114//3336 4134//3356 4125//3347
f 4125//3347 4102//3324 4114//3336
f 4125//3347 2239//1638 4103//3325
f 4126//3348 2239//1638 4105//3327
f 4127//3349 4142//3364 4126//3348
f 4126//3348 4106//3328 4127//3349
f 4128//3350 4143//3365 4127//3349
f 4127//3349 4107//3329 4128//3350
f 4129//3351 4144//3366 4128//3350
f 4128//3350 4108//3330 4129//3351
f 4130//3352 4145//3367 4129//3351
f 4129//3351 4109//3331 4130//3352
f 4131//3353 4146//3368 4130//3352
f 4130//3352 4110//3332 4131//3353
f 4133//3355 4113//3335 4061//3283
f 4061//3283 4060//3282 4133//3355
f 4133//3355 4137//3359 4119//3341
f 4119//3341 4132//3354 4133//3355
f 4115//3337 2239//1638 4134//3356
f 4117//3339 4135//3357 4146//3368
f 4146//3368 4131//3353 4117//3339
f 4120//3342 4138//3360 4147//3369
f 4147//3369 4135//3357 4120//3342
f 4118//3340 4136//3358 4058//3280
f 4058//3280 4057//3279 4118//3340
f 4121//3343 4139//3361 4148//3370
f 4148//3370 4138//3360 4121//3343
f 4122//3344 4140//3362 4149//3371
f 4149//3371 4139//3361 4122//3344
f 4123//3345 4141//3363 4150//3372
f 4150//3372 4140//3362 4123//3345
f 4124//3346 2239//1638 4141//3363
f 4134//3356 2239//1638 4125//3347
f 4142//3364 2239//1638 4126//3348
f 4143//3365 4151//3373 4142//3364
f 4142//3364 4127//3349 4143//3365
f 4144//3366 4152//3374 4143//3365
f 4143//3365 4128//3350 4144//3366
f 4145//3367 4153//3375 4144//3366
f 4144//3366 4129//3351 4145//3367
f 4146//3368 4154//3376 4145//3367
f 4145//3367 4130//3352 4146//3368
f 4137//3359 4133//3355 4060//3282
f 4060//3282 4059//3281 4137//3359
f 4135//3357 4147//3369 4154//3376
f 4154//3376 4146//3368 4135//3357
f 4138//3360 4148//3370 4155//3377
f 4155//3377 4147//3369 4138//3360
f 4136//3358 4137//3359 4059//3281
f 4059//3281 4058//3280 4136//3358
f 4139//3361 4149//3371 4156//3378
f 4156//3378 4148//3370 4139//3361
f 4140//3362 4150//3372 4157//3379
f 4157//3379 4149//3371 4140//3362
f 4141//3363 2239//1638 4150//3372
f 4151//3373 2239//1638 4142//3364
f 4152//3374 4158//3380 4151//3373
f 4151//3373 4143//3365 4152//3374
f 4153//3375 4159//3381 4152//3374
f 4152//3374 4144//3366 4153//3375
f 4154//3376 4160//3382 4153//3375
f 4153//3375 4145//3367 4154//3376
f 4147//3369 4155//3377 4160//3382
f 4160//3382 4154//3376 4147//3369
f 4148//3370 4156//3378 4161//3383
f 4161//3383 4155//3377 4148//3370
f 4149//3371 4157//3379 4162//3384
f 4162//3384 4156//3378 4149//3371
f 4150//3372 2239//1638 4157//3379
f 4158//3380 2239//1638 4151//3373
f 4159//3381 4163//3385 4158//3380
f 4158//3380 4152//3374 4159//3381
f 4160//3382 4164//3386 4159//3381
f 4159//3381 4153//3375 4160//3382
f 4155//3377 4161//3383 4164//3386
f 4164//3386 4160//3382 4155//3377
f 4156//3378 4162//3384 4165//3387
f 4165//3387 4161//3383 4156//3378
f 4157//3379 2239//1638 4162//3384
f 4163//3385 2239//1638 4158//3380
f 4164//3386 4166//3388 4163//3385
f 4163//3385 4159//3381 4164//3386
f 4161//3383 4165//3387 4166//3388
f 4166//3388 4164//3386 4161//3383
f 4162//3384 2239//1638 4165//3387
f 4166//3388 2239//1638 4163//3385
f 4165//3387 2239//1638 4166//3388
f 4167//3389 4168//3390 117//110
f 121//114 4169//3391 4168//3390
f 4168//3390 4167//3389 121//114
f 117//110 4168//3390 4170//3392
f 4170//3392 116//109 117//110
f 120//113 4169//3391 121//114
f 116//109 4170//3392 4171//3393
f 4172//3394 4173//3395 4169//3391
f 4169//3391 120//113 4172//3394
f 4171//3393 4170//3392 4174//3396
f 4174//3396 4175//3397 4171//3393
f 4176//3398 4173//3395 4172//3394
f 4175//3397 4174//3396 4177//3399
f 4178//3400 4179//3401 4173//3395
f 4173//3395 4176//3398 4178//3400
f 4180//3402 4177//3399 4174//3396
f 4174//3396 4181//3403 4182//3404
f 4174//3396 4182//3404 4180//3402
f 4183//3405 4179//3401 4178//3400
f 4182//3404 4181//3403 79//74
f 79//74 4184//3406 4182//3404
f 4185//3407 4186//3408 4179//3401
f 4179//3401 4183//3405 4185//3407
f 79//74 4181//3403 4187//3409
f 4187//3409 78//73 79//74
f 4188//3410 4186//3408 4185//3407
f 78//73 4187//3409 4189//3411
f 4190//3412 157//148 4191//3413
f 4191//3413 4186//3408 4188//3410
f 4191//3413 4188//3410 4190//3412
f 4189//3411 4187//3409 4192//3414
f 4192//3414 4193//3415 4189//3411
f 156//147 4191//3413 157//148
f 4193//3415 4192//3414 4194//3416
f 3511//2758 3510//2757 4191//3413
f 4191//3413 156//147 3511//2758
f 4194//3416 4192//3414 4195//3417
f 4195//3417 4196//3418 4194//3416
f 3509//2756 4197//3419 3510//2757
f 4196//3418 4195//3417 4198//3420
f 4199//3421 4200//3422 3510//2757
f 3510//2757 4197//3419 4199//3421
f 4198//3420 4195//3417 4201//3423
f 4201//3423 4202//3424 4198//3420
f 4203//3425 4200//3422 4199//3421
f 4202//3424 4201//3423 4204//3426
f 4205//3427 4206//3428 4200//3422
f 4200//3422 4203//3425 4205//3427
f 4204//3426 4201//3423 4207//3429
f 4207//3429 4208//3430 4204//3426
f 4209//3431 4206//3428 4205//3427
f 4208//3430 4207//3429 4210//3432
f 4211//3433 4212//3434 4206//3428
f 4206//3428 4209//3431 4211//3433
f 4210//3432 4207//3429 4213//3435
f 4213//3435 4214//3436 4210//3432
f 4215//3437 4212//3434 4211//3433
f 4214//3436 4213//3435 4216//3438
f 4217//3439 4218//3440 4212//3434
f 4212//3434 4215//3437 4217//3439
f 4216//3438 4213//3435 4219//3441
f 4219//3441 4220//3442 4216//3438
f 4221//3443 4218//3440 4217//3439
f 4222//3444 4220//3442 4219//3441
f 4223//3445 4224//3446 4218//3440
f 4218//3440 4221//3443 4223//3445
f 89//84 4219//3441 4225//3447
f 4225//3447 88//83 89//84
f 4226//3448 4224//3446 4223//3445
f 88//83 4225//3447 4227//3449
f 4228//3450 4229//3451 4224//3446
f 4224//3446 4226//3448 4228//3450
f 4230//3452 4231//3453 4232//3454
f 4233//3455 4229//3451 4228//3450
f 4228//3450 4234//3456 4233//3455
f 4232//3454 4231//3453 4235//3457
f 203//192 4236//3458 4229//3451
f 4229//3451 4233//3455 203//192
f 4235//3457 4231//3453 4237//3459
f 4237//3459 4238//3460 4235//3457
f 205//194 4236//3458 203//192
f 4238//3460 4237//3459 4239//3461
f 4240//3462 164//155 4241//3463
f 4241//3463 4236//3458 205//194
f 4241//3463 205//194 4240//3462
f 4239//3461 4237//3459 4242//3464
f 4242//3464 4243//3465 4239//3461
f 163//154 4241//3463 164//155
f 4243//3465 4242//3464 124//117
f 4244//3466 4245//3467 4241//3463
f 4241//3463 163//154 4244//3466
f 124//117 4242//3464 4246//3468
f 4246//3468 123//116 124//117
f 4247//3469 4248//3470 4245//3467
f 123//116 4246//3468 4249//3471
f 4250//3472 4251//3473 4245//3467
f 4245//3467 4248//3470 4250//3472
f 4249//3471 4246//3468 4251//3473
f 4251//3473 4252//3474 4249//3471
f 4252//3474 4251//3473 4250//3472
f 3482//2731 4253//3475 3371//2634
f 3371//2634 3480//2729 3482//2731
f 3481//2730 4253//3475 3482//2731
f 4253//3475 3481//2730 3578//2820
f 3578//2820 4254//3476 4253//3475
f 4253//3475 4255//3477 4256//3478
f 4256//3478 4257//3479 4253//3475
f 4253//3475 4257//3479 3097//2384
f 3097//2384 3257//2528 3371//2634
f 3097//2384 3371//2634 4253//3475
f 4254//3476 4258//3480 4255//3477
f 4255//3477 4253//3475 4254//3476
f 4256//3478 4255//3477 3256//2527
f 3256//2527 3254//2525 4256//3478
f 4257//3479 4259//3481 2969//2279
f 2969//2279 3097//2384 4257//3479
f 3578//2820 3651//2888 4260//3482
f 4260//3482 4254//3476 3578//2820
f 4260//3482 4261//3483 4258//3480
f 4258//3480 4254//3476 4260//3482
f 4255//3477 4258//3480 3483//2732
f 3483//2732 3372//2635 4255//3477
f 4259//3481 4257//3479 4256//3478
f 4256//3478 4262//3484 4259//3481
f 3254//2525 3096//2383 4262//3484
f 4262//3484 4256//3478 3254//2525
f 4261//3483 4260//3482 4263//3485
f 4263//3485 4264//3486 4261//3483
f 4258//3480 4261//3483 3486//2735
f 3486//2735 3483//2732 4258//3480
f 4255//3477 3372//2635 3255//2526
f 4259//3481 4262//3484 4265//3487
f 4265//3487 4266//3488 4259//3481
f 4255//3477 3255//2526 3256//2527
f 3651//2888 3717//2946 4263//3485
f 4263//3485 4260//3482 3651//2888
f 4261//3483 4264//3486 3485//2734
f 3485//2734 3486//2735 4261//3483
f 4266//3488 4265//3487 4267//3489
f 4267//3489 4268//3490 4266//3488
f 4265//3487 4262//3484 3096//2383
f 3096//2383 2968//2278 4265//3487
f 2865//2190 2969//2279 4259//3481
f 4259//3481 4266//3488 2865//2190
f 2968//2278 2867//2192 4267//3489
f 4267//3489 4265//3487 2968//2278
f 3717//2946 3718//2947 4269//3491
f 4269//3491 4263//3485 3717//2946
f 4269//3491 4270//3492 4264//3486
f 4264//3486 4263//3485 4269//3491
f 2745//2078 2865//2190 4266//3488
f 4266//3488 4268//3490 2745//2078
f 3484//2733 3485//2734 4264//3486
f 4264//3486 4270//3492 3484//2733
f 4271//3493 4272//3494 4270//3492
f 4270//3492 4269//3491 4271//3493
f 4273//3495 4267//3489 2867//2192
f 2867//2192 2866//2191 2970//2280
f 2867//2192 2970//2280 4273//3495
f 4268//3490 4274//3496 2750//2083
f 2750//2083 2747//2080 2745//2078
f 2750//2083 2745//2078 4268//3490
f 4273//3495 4274//3496 4268//3490
f 4268//3490 4267//3489 4273//3495
f 3579//2821 4271//3493 4269//3491
f 4269//3491 3718//2947 3580//2822
f 4269//3491 3580//2822 3579//2821
f 4272//3494 3373//2636 3374//2637
f 3374//2637 3484//2733 4270//3492
f 3374//2637 4270//3492 4272//3494
f 4272//3494 4271//3493 4275//3497
f 4275//3497 4276//3498 4272//3494
f 3375//2638 3373//2636 4272//3494
f 4272//3494 4276//3498 3376//2639
f 4272//3494 3376//2639 3375//2638
f 2749//2082 2750//2083 4274//3496
f 4274//3496 4277//3499 2753//2086
f 4274//3496 2753//2086 2749//2082
f 4278//3500 4277//3499 4274//3496
f 4274//3496 4273//3495 4278//3500
f 4276//3498 4275//3497 4279//3501
f 4279//3501 4280//3502 4276//3498
f 4278//3500 4273//3495 2970//2280
f 2970//2280 3098//2385 3101//2388
f 2970//2280 3101//2388 4278//3500
f 4278//3500 4281//3503 4282//3504
f 4282//3504 4277//3499 4278//3500
f 3581//2823 3654//2891 4275//3497
f 4275//3497 4271//3493 3579//2821
f 4275//3497 3579//2821 3581//2823
f 4276//3498 4280//3502 3377//2640
f 3377//2640 3376//2639 4276//3498
f 4279//3501 4283//3505 4284//3506
f 4284//3506 4280//3502 4279//3501
f 4279//3501 4275//3497 3654//2891
f 3654//2891 3583//2825 4279//3501
f 4277//3499 4282//3504 2758//2091
f 2758//2091 2754//2087 2752//2085
f 2752//2085 2753//2086 4277//3499
f 2758//2091 2752//2085 4277//3499
f 4281//3503 4285//3507 4286//3508
f 4286//3508 4282//3504 4281//3503
f 2868//2193 2869//2194 2973//2283
f 2973//2283 4281//3503 4278//3500
f 4278//3500 3101//2388 2868//2193
f 2973//2283 4278//3500 2868//2193
f 3262//2533 3377//2640 4280//3502
f 4280//3502 4284//3506 3261//2532
f 4280//3502 3261//2532 3262//2533
f 4279//3501 3583//2825 3489//2738
f 3489//2738 3488//2737 4283//3505
f 3489//2738 4283//3505 4279//3501
f 2757//2090 2758//2091 4282//3504
f 4282//3504 4286//3508 2760//2093
f 4282//3504 2760//2093 2757//2090
f 2974//2284 2975//2285 4285//3507
f 4285//3507 4281//3503 2973//2283
f 4285//3507 2973//2283 2974//2284
f 4287//3509 4284//3506 4283//3505
f 4283//3505 4288//3510 4287//3509
f 4283//3505 3488//2737 3487//2736
f 3487//2736 3582//2824 4288//3510
f 3487//2736 4288//3510 4283//3505
f 4289//3511 4286//3508 4285//3507
f 4285//3507 4290//3512 4289//3511
f 4290//3512 4285//3507 2975//2285
f 2975//2285 2976//2286 4290//3512
f 3260//2531 3261//2532 4284//3506
f 4284//3506 4287//3509 3379//2642
f 4284//3506 3379//2642 3260//2531
f 4288//3510 4291//3513 4292//3514
f 4292//3514 4287//3509 4288//3510
f 4286//3508 4289//3511 2759//2092
f 2759//2092 2760//2093 4286//3508
f 4290//3512 4293//3515 4294//3516
f 4294//3516 4289//3511 4290//3512
f 2976//2286 2977//2287 4293//3515
f 4293//3515 4290//3512 2976//2286
f 4291//3513 4288//3510 3582//2824
f 3582//2824 3534//2779 3535//2780
f 3582//2824 3535//2780 4291//3513
f 4292//3514 3625//2863 3378//2641
f 3378//2641 3379//2642 4287//3509
f 3378//2641 4287//3509 4292//3514
f 4291//3513 4295//3517 4296//3518
f 4296//3518 4292//3514 4291//3513
f 4295//3517 4297//3519 4298//3520
f 4298//3520 4296//3518 4295//3517
f 4289//3511 4294//3516 2870//2195
f 2870//2195 2759//2092 4289//3511
f 4294//3516 4293//3515 4299//3521
f 4299//3521 4300//3522 4294//3516
f 2977//2287 3105//2392 4299//3521
f 4299//3521 4293//3515 2977//2287
f 3530//2775 4295//3517 4291//3513
f 4291//3513 3535//2780 3530//2775
f 3621//2859 3625//2863 4292//3514
f 4292//3514 4296//3518 3621//2859
f 4295//3517 3530//2775 3423//2681
f 3423//2681 4297//3519 4295//3517
f 4297//3519 4301//3523 4302//3524
f 4302//3524 4298//3520 4297//3519
f 4294//3516 4300//3522 2978//2288
f 2978//2288 2870//2195 4294//3516
f 3529//2774 3621//2859 4296//3518
f 4296//3518 4298//3520 3529//2774
f 4301//3523 4303//3525 4304//3526
f 4304//3526 4302//3524 4301//3523
f 4303//3525 4300//3522 4299//3521
f 4299//3521 4304//3526 4303//3525
f 3105//2392 3106//2393 4304//3526
f 4304//3526 4299//3521 3105//2392
f 3312//2580 4301//3523 4297//3519
f 4297//3519 3423//2681 3312//2580
f 3422//2680 3529//2774 4298//3520
f 4298//3520 4302//3524 3422//2680
f 4303//3525 4301//3523 3312//2580
f 3312//2580 3172//2456 4303//3525
f 4304//3526 3311//2579 3422//2680
f 3422//2680 4302//3524 4304//3526
f 3108//2395 2978//2288 4300//3522
f 4300//3522 4303//3525 3176//2460
f 4300//3522 3176//2460 3108//2395
f 3173//2457 4303//3525 3172//2456
f 3311//2579 4304//3526 3107//2394
f 3107//2394 4304//3526 3106//2393
f 3176//2460 4303//3525 3173//2457
f 3173//2457 3175//2459 3176//2460
f 1873//1384 1718//1284 4305//3527
f 4305//3527 4306//3528 1873//1384
f 1867//1378 4305//3527 1718//1284
f 1402//1087 1403//1088 4306//3528
f 4306//3528 4305//3527 1402//1087
f 2699//2034 4307//3529 2481//1855
f 2481//1855 2826//2156 2699//2034
f 4308//3530 1875//1386 1873//1384
f 1873//1384 4306//3528 4308//3530
f 2288//1685 1875//1386 4308//3530
f 4306//3528 1403//1088 1874//1385
f 1874//1385 4308//3530 4306//3528
f 4309//3531 4310//3529 2874//2199
f 2776//2109 2666//2002 4311//3529
f 4310//3529 4312//3529 2983//2293
f 2983//2293 2874//2199 4310//3529
f 2666//2002 2576//1928 4313//3529
f 4313//3529 4311//3529 2666//2002
f 4312//3529 4314//3529 3115//2402
f 3115//2402 2983//2293 4312//3529
f 2576//1928 2468//1842 4315//3529
f 4315//3529 4313//3529 2576//1928
f 4314//3529 4316//3529 3267//2538
f 3267//2538 3115//2402 4314//3529
f 2468//1842 2376//1760 4317//3529
f 4317//3529 4315//3529 2468//1842
f 4316//3529 3384//2647 3267//2538
f 2376//1760 2265//1664 4318//3529
f 4318//3529 4317//3529 2376//1760
f 2265//1664 2266//1665 4319//3529
f 4319//3529 4318//3529 2265//1664
f 2266//1665 2481//1855 4307//3529
f 4307//3529 4319//3529 2266//1665
f 4320//3532 2239//1638 3591//2833
f 1873//1384 4306//3528 1403//1088
f 4321//3533 4322//3534 4323//3535
f 4323//3535 4324//3536 4321//3533
f 4322//3534 4321//3533 4325//3537
f 4325//3537 4326//3538 4322//3534
f 4325//3537 4321//3533 4324//3536
f 4324//3536 4327//3539 4325//3537
f 4328//3540 4327//3539 4324//3536
f 4324//3536 4323//3535 4328//3540
f 4322//3534 4326//3538 4328//3540
f 4328//3540 4323//3535 4322//3534
f 4326//3538 4325//3537 4327//3539
f 4327//3539 4328//3540 4326//3538
f 4329//3541 4330//3542 4331//3543
f 4331//3543 4332//3544 4329//3541
f 4333//3545 4334//3546 4330//3542
f 4330//3542 4329//3541 4333//3545
f 4332//3544 4335//3547 4333//3545
f 4333//3545 4329//3541 4332//3544
f 4332//3544 4331//3543 4336//3548
f 4336//3548 4335//3547 4332//3544
f 4336//3548 4331//3543 4330//3542
f 4330//3542 4334//3546 4336//3548
f 4335//3547 4336//3548 4334//3546
f 4334//3546 4333//3545 4335//3547
f 4337//3549 4338//3550 4339//3540
f 4339//3540 4340//3551 4337//3549
f 4338//3550 4337//3549 4341//3552
f 4341//3552 4342//3553 4338//3550
f 4341//3552 4337//3549 4340//3551
f 4340//3551 4343//3554 4341//3552
f 4344//3555 4343//3554 4340//3551
f 4340//3551 4339//3540 4344//3555
f 4338//3550 4342//3553 4344//3555
f 4344//3555 4339//3540 4338//3550
f 4342//3553 4341//3552 4343//3554
f 4343//3554 4344//3555 4342//3553
f 4345//3556 4346//3557 4347//3558
f 4347//3558 4348//3559 4345//3556
f 4349//3560 4350//3561 4346//3557
f 4346//3557 4345//3556 4349//3560
f 4348//3559 4351//3544 4349//3560
f 4349//3560 4345//3556 4348//3559
f 4348//3559 4347//3558 4352//3562
f 4352//3562 4351//3544 4348//3559
f 4352//3562 4347//3558 4346//3557
f 4346//3557 4350//3561 4352//3562
f 4351//3544 4352//3562 4350//3561
f 4350//3561 4349//3560 4351//3544
f 4353//3563 4354//3564 4355//3565
f 4355//3565 4356//3566 4353//3563
f 4354//3564 4353//3563 4357//3567
f 4357//3567 4358//3568 4354//3564
f 4359//3569 4360//35 4353//3563
f 4353//3563 4356//3566 4359//3569
f 4355//3565 4361//3570 4359//3569
f 4359//3569 4356//3566 4355//3565
f 4358//3568 4362//3571 4363//3572
f 4363//3572 4354//3564 4358//3568
f 4364//3573 4365//35 4360//35
f 4360//35 4359//3569 4364//3573
f 4360//35 4366//3574 4357//3567
f 4357//3567 4353//3563 4360//35
f 4367//3575 4355//3565 4354//3564
f 4354//3564 4363//3572 4367//3575
f 4367//3575 4368//3570 4361//3570
f 4361//3570 4355//3565 4367//3575
f 4361//3570 4369//3576 4364//3573
f 4364//3573 4359//3569 4361//3570
f 4370//3577 4362//3571 4358//3568
f 4358//3568 4371//3577 4370//3577
f 4371//3577 4358//3568 4357//3567
f 4357//3567 4366//3574 4371//3577
f 4364//3573 4372//3578 4373//3579
f 4373//3579 4365//35 4364//3573
f 4365//35 4374//3580 4366//3574
f 4366//3574 4360//35 4365//35
f 4362//3571 4375//3581 4376//3582
f 4376//3582 4363//3572 4362//3571
f 4377//3583 4378//3584 4368//3570
f 4368//3570 4367//3575 4377//3583
f 4368//3570 4379//3585 4369//3576
f 4369//3576 4361//3570 4368//3570
f 4364//3573 4369//3576 4380//3586
f 4380//3586 4372//3578 4364//3573
f 4381//3587 4375//3581 4362//3571
f 4362//3571 4370//3577 4381//3587
f 4382//3588 4370//3577 4371//3577
f 4371//3577 4383//3589 4382//3588
f 4383//3589 4371//3577 4366//3574
f 4366//3574 4374//3580 4383//3589
f 4365//35 4373//3579 4384//3590
f 4384//3590 4374//3580 4365//35
f 4385//3591 4386//35 4373//3579
f 4373//3579 4372//3578 4385//3591
f 4377//3583 4367//3575 4363//3572
f 4363//3572 4376//3582 4377//3583
f 4377//3583 4376//3582 4387//3592
f 4387//3592 4378//3584 4377//3583
f 4378//3584 4388//3593 4379//3585
f 4379//3585 4368//3570 4378//3584
f 4376//3582 4375//3581 4381//3587
f 4381//3587 4387//3592 4376//3582
f 4389//3594 4381//3587 4370//3577
f 4370//3577 4382//3588 4389//3594
f 4382//3588 4383//3589 4390//3595
f 4390//3595 4391//3596 4382//3588
f 4384//3590 4392//3597 4383//3589
f 4383//3589 4374//3580 4384//3590
f 4386//35 4393//3598 4384//3590
f 4384//3590 4373//3579 4386//35
f 4394//3599 4395//3600 4386//35
f 4386//35 4385//3591 4394//3599
f 4380//3586 4396//3601 4385//3591
f 4385//3591 4372//3578 4380//3586
f 4378//3584 4387//3592 4397//3602
f 4397//3602 4388//3593 4378//3584
f 4379//3585 4388//3593 4397//3602
f 4397//3602 4391//3596 4379//3585
f 4391//3596 4390//3595 4369//3576
f 4369//3576 4379//3585 4391//3596
f 4369//3576 4390//3595 4398//3603
f 4398//3603 4380//3586 4369//3576
f 4387//3592 4381//3587 4389//3594
f 4389//3594 4397//3602 4387//3592
f 4389//3594 4382//3588 4391//3596
f 4391//3596 4397//3602 4389//3594
f 4399//3604 4392//3597 4384//3590
f 4384//3590 4393//3598 4399//3604
f 4395//3600 4400//3605 4393//3598
f 4393//3598 4386//35 4395//3600
f 4394//3599 4401//3606 4402//3607
f 4402//3607 4395//3600 4394//3599
f 4396//3601 4401//3606 4394//3599
f 4394//3599 4385//3591 4396//3601
f 4403//3608 4404//3601 4396//3601
f 4396//3601 4380//3586 4403//3608
f 4390//3595 4383//3589 4392//3597
f 4392//3597 4398//3603 4390//3595
f 4392//3597 4405//3609 4406//3610
f 4406//3610 4398//3603 4392//3597
f 4407//3604 4405//3609 4392//3597
f 4392//3597 4399//3604 4407//3604
f 4408//3611 4399//3604 4393//3598
f 4393//3598 4400//3605 4408//3611
f 4395//3600 4402//3607 4408//3611
f 4408//3611 4400//3605 4395//3600
f 4404//3601 4409//3612 4401//3606
f 4401//3606 4396//3601 4404//3601
f 4410//3613 4411//3614 4404//3601
f 4404//3601 4403//3608 4410//3613
f 4403//3608 4380//3586 4398//3603
f 4398//3603 4406//3610 4403//3608
f 4412//3615 4413//3616 4405//3609
f 4405//3609 4407//3604 4412//3615
f 4414//3617 4407//3604 4399//3604
f 4399//3604 4408//3611 4414//3617
f 4401//3606 4409//3612 4415//3618
f 4415//3618 4402//3607 4401//3606
f 4411//3614 4416//3619 4409//3612
f 4409//3612 4404//3601 4411//3614
f 4410//3613 4417//3620 4418//3621
f 4418//3621 4411//3614 4410//3613
f 4410//3613 4403//3608 4406//3610
f 4406//3610 4417//3620 4410//3613
f 4417//3620 4413//3616 4412//3615
f 4412//3615 4418//3621 4417//3620
f 4419//3622 4412//3615 4407//3604
f 4407//3604 4414//3617 4419//3622
f 4402//3607 4415//3618 4414//3617
f 4414//3617 4408//3611 4402//3607
f 4411//3614 4418//3621 4420//3623
f 4420//3623 4416//3619 4411//3614
f 4409//3612 4416//3619 4420//3623
f 4420//3623 4415//3618 4409//3612
f 4417//3620 4406//3610 4405//3609
f 4405//3609 4413//3616 4417//3620
f 4418//3621 4412//3615 4419//3622
f 4419//3622 4420//3623 4418//3621
f 4419//3622 4414//3617 4415//3618
f 4415//3618 4420//3623 4419//3622
f 4380//3586 4372//3578 4373//3579
f 4373//3579 4398//3603 4380//3586
f 4398//3603 4373//3579 4384//3590
f 4384//3590 4392//3597 4398//3603
f 4421//3624 4422//3625 4423//3626
f 4423//3626 4424//3627 4421//3624
f 4422//3625 4421//3624 4425//3628
f 4425//3628 4426//3629 4422//3625
f 4427//3630 4428//35 4421//3624
f 4421//3624 4424//3627 4427//3630
f 4422//3625 4429//3631 4430//3632
f 4430//3632 4423//3626 4422//3625
f 4423//3626 4431//3633 4427//3630
f 4427//3630 4424//3627 4423//3626
f 4432//3634 4433//35 4428//35
f 4428//35 4427//3630 4432//3634
f 4428//35 4434//3635 4425//3628
f 4425//3628 4421//3624 4428//35
f 4429//3631 4422//3625 4426//3629
f 4426//3629 4435//3636 4429//3631
f 4430//3632 4436//3633 4431//3633
f 4431//3633 4423//3626 4430//3632
f 4431//3633 4437//3637 4432//3634
f 4432//3634 4427//3630 4431//3633
f 4438//3638 4435//3636 4426//3629
f 4426//3629 4439//3639 4438//3638
f 4439//3639 4426//3629 4425//3628
f 4425//3628 4434//3635 4439//3639
f 4432//3634 4440//3640 4441//3641
f 4441//3641 4433//35 4432//3634
f 4433//35 4442//3642 4434//3635
f 4434//3635 4428//35 4433//35
f 4443//3643 4444//3644 4436//3633
f 4436//3633 4430//3632 4443//3643
f 4436//3633 4445//3645 4437//3637
f 4437//3637 4431//3633 4436//3633
f 4446//3646 4447//3647 4435//3636
f 4435//3636 4438//3638 4446//3646
f 4448//3648 4438//3638 4439//3639
f 4439//3639 4449//3649 4448//3648
f 4449//3649 4439//3639 4434//3635
f 4434//3635 4442//3642 4449//3649
f 4433//35 4441//3641 4450//3650
f 4450//3650 4442//3642 4433//35
f 4451//3651 4452//35 4441//3641
f 4441//3641 4440//3640 4451//3651
f 4443//3643 4430//3632 4429//3631
f 4429//3631 4453//3652 4443//3643
f 4453//3652 4429//3631 4435//3636
f 4435//3636 4447//3647 4453//3652
f 4443//3643 4453//3652 4454//3653
f 4454//3653 4444//3644 4443//3643
f 4444//3644 4455//3654 4445//3645
f 4445//3645 4436//3633 4444//3644
f 4437//3637 4445//3645 4456//3655
f 4456//3655 4457//3656 4437//3637
f 4458//3657 4440//3640 4432//3634
f 4432//3634 4437//3637 4458//3657
f 4453//3652 4447//3647 4446//3646
f 4446//3646 4454//3653 4453//3652
f 4459//3658 4446//3646 4438//3638
f 4438//3638 4448//3648 4459//3658
f 4448//3648 4449//3649 4457//3656
f 4457//3656 4456//3655 4448//3648
f 4449//3649 4442//3642 4450//3650
f 4450//3650 4460//3659 4449//3649
f 4452//35 4461//3660 4450//3650
f 4450//3650 4441//3641 4452//35
f 4462//3661 4463//3662 4452//35
f 4452//35 4451//3651 4462//3661
f 4458//3657 4464//3663 4451//3651
f 4451//3651 4440//3640 4458//3657
f 4444//3644 4454//3653 4465//3664
f 4465//3664 4455//3654 4444//3644
f 4445//3645 4455//3654 4465//3664
f 4465//3664 4456//3655 4445//3645
f 4437//3637 4457//3656 4466//3665
f 4466//3665 4458//3657 4437//3637
f 4454//3653 4446//3646 4459//3658
f 4459//3658 4465//3664 4454//3653
f 4459//3658 4448//3648 4456//3655
f 4456//3655 4465//3664 4459//3658
f 4460//3659 4466//3665 4457//3656
f 4457//3656 4449//3649 4460//3659
f 4467//3666 4460//3659 4450//3650
f 4450//3650 4461//3660 4467//3666
f 4463//3662 4468//3667 4461//3660
f 4461//3660 4452//35 4463//3662
f 4464//3663 4469//3668 4462//3661
f 4462//3661 4451//3651 4464//3663
f 4470//3669 4471//3663 4464//3663
f 4464//3663 4458//3657 4470//3669
f 4460//3659 4472//3670 4473//3671
f 4473//3671 4466//3665 4460//3659
f 4474//3666 4472//3670 4460//3659
f 4460//3659 4467//3666 4474//3666
f 4475//3672 4467//3666 4461//3660
f 4461//3660 4468//3667 4475//3672
f 4463//3662 4476//3673 4475//3672
f 4475//3672 4468//3667 4463//3662
f 4476//3673 4463//3662 4462//3661
f 4462//3661 4469//3668 4476//3673
f 4471//3663 4477//3674 4469//3668
f 4469//3668 4464//3663 4471//3663
f 4478//3675 4479//3676 4471//3663
f 4471//3663 4470//3669 4478//3675
f 4470//3669 4458//3657 4466//3665
f 4466//3665 4473//3671 4470//3669
f 4480//3677 4481//3678 4472//3670
f 4472//3670 4474//3666 4480//3677
f 4482//3679 4474//3666 4467//3666
f 4467//3666 4475//3672 4482//3679
f 4479//3676 4483//3680 4477//3674
f 4477//3674 4471//3663 4479//3676
f 4478//3675 4484//3681 4485//3682
f 4485//3682 4479//3676 4478//3675
f 4473//3671 4484//3681 4478//3675
f 4478//3675 4470//3669 4473//3671
f 4472//3670 4481//3678 4484//3681
f 4484//3681 4473//3671 4472//3670
f 4484//3681 4481//3678 4480//3677
f 4480//3677 4485//3682 4484//3681
f 4486//3683 4480//3677 4474//3666
f 4474//3666 4482//3679 4486//3683
f 4476//3673 4487//3684 4482//3679
f 4482//3679 4475//3672 4476//3673
f 4487//3684 4476//3673 4469//3668
f 4469//3668 4477//3674 4487//3684
f 4479//3676 4485//3682 4488//3685
f 4488//3685 4483//3680 4479//3676
f 4477//3674 4483//3680 4488//3685
f 4488//3685 4487//3684 4477//3674
f 4485//3682 4480//3677 4486//3683
f 4486//3683 4488//3685 4485//3682
f 4486//3683 4482//3679 4487//3684
f 4487//3684 4488//3685 4486//3683
f 4458//3657 4440//3640 4441//3641
f 4441//3641 4466//3665 4458//3657
f 4450//3650 4460//3659 4466//3665
f 4466//3665 4441//3641 4450//3650
f 4170//3392 4168//3390 4169//3391
f 4169//3391 4173//3395 4179//3401
f 4179//3401 4186//3408 4191//3413
f 4191//3413 3510//2757 4200//3422
f 4200//3422 4206//3428 4212//3434
f 4212//3434 4218//3440 4224//3446
f 4224//3446 4229//3451 4236//3458
f 4236//3458 4241//3463 4245//3467
f 4245//3467 4251//3473 4246//3468
f 4246//3468 4242//3464 4237//3459
f 4237//3459 4231//3453 4225//3447
f 4225//3447 4219//3441 4213//3435
f 4213//3435 4207//3429 4201//3423
f 4201//3423 4195//3417 4192//3414
f 4192//3414 4187//3409 4181//3403
f 4181//3403 4174//3396 4170//3392
f 4170//3392 4169//3391 4179//3401
f 4179//3401 4191//3413 4200//3422
f 4200//3422 4212//3434 4224//3446
f 4224//3446 4236//3458 4245//3467
f 4245//3467 4246//3468 4237//3459
f 4237//3459 4225//3447 4213//3435
f 4213//3435 4201//3423 4192//3414
f 4192//3414 4181//3403 4170//3392
f 4170//3392 4179//3401 4200//3422
f 4200//3422 4224//3446 4245//3467
f 4245//3467 4237//3459 4213//3435
f 4213//3435 4192//3414 4170//3392
f 4170//3392 4200//3422 4245//3467
f 4245//3467 4213//3435 4170//3392
f 79//74 52//49 4184//3406
f 4193//3415 4194//3416 4196//3418
f 4196//3418 53//50 52//49
f 4196//3418 52//49 4193//3415
f 4204//3426 4208//3430 39//38
f 39//38 53//50 4202//3424
f 39//38 4202//3424 4204//3426
f 39//38 4220//3442 4222//3444
f 89//84 39//38 4222//3444
f 4190//3412 4188//3410 122//115
f 4216//3438 4220//3442 39//38
f 39//38 4214//3436 4216//3438
f 59//56 4227//3449 4230//3452
f 51//48 4177//3399 4180//3402
f 4198//3420 4202//3424 53//50
f 53//50 4196//3418 4198//3420
f 59//56 39//38 88//83
f 88//83 4227//3449 59//56
f 4188//3410 4185//3407 122//115
f 4189//3411 4193//3415 52//49
f 52//49 78//73 4189//3411
f 4182//3404 52//49 51//48
f 51//48 4180//3402 4182//3404
f 4210//3432 4214//3436 39//38
f 39//38 4208//3430 4210//3432
f 52//49 4182//3404 4184//3406
f 4232//3454 59//56 4230//3452
f 51//48 4175//3397 4177//3399
f 4185//3407 4183//3405 122//115
f 4183//3405 4178//3400 122//115
f 51//48 4171//3393 4175//3397
f 51//48 116//109 4171//3393
f 4178//3400 4176//3398 122//115
f 4248//3470 160//151 85//80
f 85//80 4250//3472 4248//3470
f 3509//2756 3511//2758 207//196
f 56//53 4167//3389 117//110
f 56//53 121//114 4167//3389
f 120//113 56//53 4172//3394
f 4172//3394 56//53 122//115
f 122//115 4176//3398 4172//3394
f 122//115 157//148 4190//3412
f 160//151 4248//3470 4247//3469
f 4247//3469 4244//3466 160//151
f 4232//3454 4235//3457 59//56
f 4235//3457 4238//3460 59//56
f 4238//3460 4239//3461 59//56
f 4250//3472 85//80 4252//3474
f 4252//3474 85//80 4249//3471
f 4239//3461 4243//3465 59//56
f 4249//3471 85//80 123//116
f 85//80 59//56 4243//3465
f 4243//3465 124//117 85//80
f 4211//3433 4209//3431 207//196
f 207//196 304//270 4215//3437
f 207//196 4215//3437 4211//3433
f 156//147 122//115 207//196
f 207//196 3511//2758 156//147
f 207//196 4197//3419 3509//2756
f 162//153 164//155 4240//3462
f 4244//3466 163//154 162//153
f 162//153 160//151 4244//3466
f 4234//3456 304//270 204//193
f 204//193 4233//3455 4234//3456
f 4228//3450 304//270 4234//3456
f 4209//3431 4205//3427 4203//3425
f 4203//3425 207//196 4209//3431
f 4233//3455 204//193 203//192
f 4226//3448 304//270 4228//3450
f 4199//3421 4197//3419 207//196
f 207//196 4203//3425 4199//3421
f 205//194 204//193 208//197
f 208//197 162//153 4240//3462
f 208//197 4240//3462 205//194
f 4217//3439 4215//3437 304//270
f 304//270 4221//3443 4217//3439
f 4223//3445 4221//3443 304//270
f 304//270 4226//3448 4223//3445
f 680//586 390//346 450//399
f 450//399 681//586 680//586
f 1063//886 1066//889 1578//1200
f 405//360 531//467 708//611
f 708//611 869//735 604//525
f 604//525 603//524 405//360
f 708//611 604//525 405//360
f 390//346 680//586 580//502
f 682//501 681//586 450//399
f 450//399 579//501 682//501
f 603//524 605//526 1075//524
f 840//584 579//501 679//585
f 1067//890 844//713 705//608
f 581//503 1006//835 684//588
f 684//588 390//346 581//503
f 707//610 1008//836 1007//835
f 1008//836 707//610 684//588
f 684//588 1006//835 1008//836
f 1063//886 1685//1260 1202//969
f 3543//2690 3188//2471 3327//2595
f 999//828 1684//1260 1687//1262
f 1686//1261 1063//886 1578//1200
f 1685//1260 1684//1260 999//828
f 999//828 1202//969 1685//1260
f 3161//2447 2682//2018 2491//1865
f 2491//1865 3169//2455 3303//2571
f 3303//2571 3162//2448 3161//2447
f 2491//1865 3303//2571 3161//2447
f 3303//2571 3169//2455 3304//2572
f 1575//1197 1577//1199 2804//2136
f 2804//2136 2803//1197 1575//1197
f 3283//2429 3142//2429 3282//2553
f 3282//2553 3319//2587 3420//2679
f 3282//2553 3420//2679 3283//2429
f 3541//2786 3398//2661 1577//1199
f 1577//1199 1576//1198 3541//2786
f 3309//2577 3404//2665 3403//2664
f 3403//2664 3308//2576 3168//2454
f 3403//2664 3168//2454 3309//2577
f 2804//2136 3189//2472 3432//2690
f 3432//2690 3544//2690 2804//2136
f 2804//2136 3544//2690 2805//2137
f 3694//2753 3398//2661 3541//2786
f 3404//2665 3679//2679 3405//2666
f 3431//2689 3189//2472 3188//2471
f 3188//2471 3543//2690 3431//2689
f 3404//2665 3283//2429 3421//2679
f 3421//2679 3679//2679 3404//2665
f 4222//3444 4219//3441 89//84
f 4247//3469 4245//3467 4244//3466
f 4309//3531 2874//2199 2776//2109
f 4227//3449 4225//3447 4231//3453
f 4231//3453 4230//3452 4227//3449
f 2776//2109 4311//3529 4309//3531
f 2698//2033 2762//2095 2654//35
f 2654//35 2609//35 2698//2033
f 2762//2095 2761//2094 2653//35
f 2653//35 2654//35 2762//2095
f 2761//2094 2756//2089 2652//35
f 2652//35 2653//35 2761//2094
f 2756//2089 2755//2088 2651//35
f 2651//35 2652//35 2756//2089
f 2755//2088 2751//2084 2650//35
f 2650//35 2651//35 2755//2088
f 2751//2084 2748//2081 2649//35
f 2649//35 2650//35 2751//2084
f 2748//2081 2746//2079 2648//35
f 2648//35 2649//35 2748//2081
f 2746//2079 2742//2075 2647//35
f 2647//35 2648//35 2746//2079
f 2742//2075 2739//2072 2646//35
f 2646//35 2647//35 2742//2075
f 2739//2072 2736//2069 2645//35
f 2645//35 2646//35 2739//2072
f 2736//2069 2734//2067 2644//35
f 2644//35 2645//35 2736//2069
f 2734//2067 2730//2063 2643//35
f 2643//35 2644//35 2734//2067
f 2730//2063 2728//2061 2642//35
f 2642//35 2643//35 2730//2063
f 2728//2061 2640//1989 2546//35
f 2546//35 2642//35 2728//2061
f 2606//1958 2698//2033 2609//35
f 2609//35 2500//35 2606//1958
f 2640//1989 2544//1912 2431//35
f 2431//35 2546//35 2640//1989
f 2499//1873 2606//1958 2500//35
f 2500//35 2389//35 2499//1873
f 2544//1912 2429//1805 2331//35
f 2331//35 2431//35 2544//1912
f 2388//1772 2499//1873 2389//35
f 2389//35 2281//35 2388//1772
f 2429//1805 2329//1715 2201//35
f 2201//35 2331//35 2429//1805
f 2280//1679 2388//1772 2281//35
f 2281//35 2133//35 2280//1679
f 2329//1715 2198//1599 2059//35
f 2059//35 2201//35 2329//1715
f 2132//1545 2280//1679 2133//35
f 2133//35 2009//35 2132//1545
f 2198//1599 2057//1502 1921//35
f 1921//35 2059//35 2198//1599
f 2007//1467 2132//1545 2009//35
f 2009//35 1854//35 2007//1467
f 2057//1502 1918//1419 1750//35
f 1750//35 1921//35 2057//1502
f 1852//1365 2007//1467 1854//35
f 1854//35 1705//35 1852//1365
f 1918//1419 1747//1307 1598//35
f 1598//35 1750//35 1918//1419
f 1849//1362 1852//1365 1705//35
f 1705//35 1535//35 1849//1362
f 1594//1216 1435//35 1598//35
f 1598//35 1747//1307 1594//1216
f 1702//1275 1849//1362 1535//35
f 1535//35 1377//35 1702//1275
f 1593//1215 1246//35 1435//35
f 1435//35 1594//1216 1593//1215
f 1375//1073 1702//1275 1377//35
f 1377//35 1211//35 1375//1073
f 1433//1116 1094//35 1246//35
f 1246//35 1593//1215 1433//1116
f 1207//974 1375//1073 1211//35
f 1211//35 1033//35 1207//974
f 1091//910 889//35 1094//35
f 1094//35 1433//1116 1091//910
f 1037//864 1207//974 1033//35
f 1033//35 850//35 1037//864
f 886//746 738//35 889//35
f 889//35 1091//910 886//746
f 1037//864 850//35 687//35
f 687//35 852//720 1037//864
f 733//629 639//35 738//35
f 738//35 886//746 733//629
f 852//720 687//35 585//35
f 585//35 689//592 852//720
f 637//549 550//35 639//35
f 639//35 733//629 637//549
f 689//592 585//35 517//35
f 517//35 589//510 689//592
f 634//546 479//35 550//35
f 550//35 637//549 634//546
f 589//510 517//35 453//35
f 453//35 521//457 589//510
f 548//476 422//35 479//35
f 479//35 634//546 548//476
f 521//457 453//35 395//35
f 395//35 455//403 521//457
f 418//372 360//35 422//35
f 422//35 548//476 418//372
f 455//403 395//35 335//35
f 335//35 400//355 455//403
f 356//318 292//35 360//35
f 360//35 418//372 356//318
f 400//355 335//35 272//35
f 272//35 337//300 400//355
f 355//317 244//35 292//35
f 292//35 356//318 355//317
f 337//300 272//35 223//35
f 223//35 276//249 337//300
f 242//221 191//35 244//35
f 244//35 355//317 242//221
f 276//249 223//35 173//35
f 173//35 226//211 276//249
f 153//144 145//35 191//35
f 191//35 242//221 153//144
f 226//211 173//35 132//35
f 132//35 176//166 226//211
f 84//79 109//35 145//35
f 145//35 153//144 84//79
f 176//166 132//35 100//35
f 100//35 136//128 176//166
f 58//55 74//35 109//35
f 109//35 84//79 58//55
f 136//128 100//35 67//35
f 67//35 102//96 136//128
f 40//39 48//35 74//35
f 74//35 58//55 40//39
f 102//96 67//35 45//35
f 45//35 69//65 102//96
f 26//26 38//35 48//35
f 48//35 40//39 26//26
f 69//65 45//35 35//35
f 35//35 27//27 69//65
f 27//27 35//35 38//35
f 38//35 26//26 27//27
f 4489//3686 4490//3687 4491//3688
f 4491//3688 4492//3689 4489//3686
f 4493//3690 4494//3691 4495//3692
f 4495//3692 4496//3693 4493//3690
f 4497//3694 4498//3695 4499//3696
f 4499//3696 4500//3697 4497//3694
f 4501//3698 4489//3686 4492//3689
f 4492//3689 4502//3699 4501//3698
f 4503//3700 4493//3690 4496//3693
f 4496//3693 4504//3701 4503//3700
f 4505//3532 4497//3694 4500//3697
f 4500//3697 4506//3702 4505//3532
f 4507//3703 4501//3698 4502//3699
f 4502//3699 4508//3704 4507//3703
f 4509//3705 4503//3700 4504//3701
f 4504//3701 4510//3706 4509//3705
f 4511//3707 4505//3532 4506//3702
f 4506//3702 4512//3708 4511//3707
f 4513//3709 4507//3703 4508//3704
f 4508//3704 4514//3710 4513//3709
f 4515//3711 4509//3705 4510//3706
f 4510//3706 4516//3712 4515//3711
f 4517//3713 4511//3707 4512//3708
f 4512//3708 4518//3714 4517//3713
f 4519//3715 4513//3709 4514//3710
f 4514//3710 4520//3716 4519//3715
f 4490//3687 4515//3711 4516//3712
f 4516//3712 4491//3688 4490//3687
f 4521//3717 4517//3713 4518//3714
f 4518//3714 4522//3718 4521//3717
f 4523//3719 4519//3715 4520//3716
f 4520//3716 4524//3720 4523//3719
f 4525//3721 4521//3717 4522//3718
f 4522//3718 4526//3722 4525//3721
f 4527//3723 4523//3719 4524//3720
f 4524//3720 4528//3724 4527//3723
f 4529//3725 4525//3721 4526//3722
f 4526//3722 4530//3726 4529//3725
f 4531//3531 4527//3723 4528//3724
f 4528//3724 4532//3727 4531//3531
f 4533//3728 4529//3725 4530//3726
f 4530//3726 4534//3729 4533//3728
f 4535//3730 4531//3531 4532//3727
f 4532//3727 4536//3731 4535//3730
f 4537//3732 4533//3728 4534//3729
f 4534//3729 4538//3733 4537//3732
f 4539//3734 4535//3730 4536//3731
f 4536//3731 4540//3735 4539//3734
f 4541//3529 4537//3732 4538//3733
f 4538//3733 4542//3736 4541//3529
f 4543//3737 4539//3734 4540//3735
f 4540//3735 4544//3738 4543//3737
f 4545//3739 4541//3529 4542//3736
f 4542//3736 4546//3740 4545//3739
f 4547//3741 4543//3737 4544//3738
f 4544//3738 4548//3742 4547//3741
f 4549//3743 4545//3739 4546//3740
f 4546//3740 4550//3744 4549//3743
f 4551//3745 4547//3741 4548//3742
f 4548//3742 4552//3746 4551//3745
f 4494//3691 4549//3743 4550//3744
f 4550//3744 4495//3692 4494//3691
f 4498//3695 4551//3745 4552//3746
f 4552//3746 4499//3696 4498//3695
f 4538//3733 4534//3729 4553//3747
f 4553//3747 4554//3748 4538//3733
f 4540//3735 4536//3731 4555//3749
f 4555//3749 4556//3750 4540//3735
f 4542//3736 4538//3733 4554//3748
f 4554//3748 4557//3751 4542//3736
f 4544//3738 4540//3735 4556//3750
f 4556//3750 4558//3752 4544//3738
f 4546//3740 4542//3736 4557//3751
f 4557//3751 4559//3753 4546//3740
f 4548//3742 4544//3738 4558//3752
f 4558//3752 4560//3754 4548//3742
f 4550//3744 4546//3740 4559//3753
f 4559//3753 4561//3755 4550//3744
f 4552//3746 4548//3742 4560//3754
f 4560//3754 4562//3756 4552//3746
f 4495//3692 4550//3744 4561//3755
f 4561//3755 4563//3757 4495//3692
f 4499//3696 4552//3746 4562//3756
f 4562//3756 4564//3758 4499//3696
f 4492//3689 4491//3688 4565//3759
f 4565//3759 4566//3760 4492//3689
f 4496//3693 4495//3692 4563//3757
f 4563//3757 4567//3761 4496//3693
f 4500//3697 4499//3696 4564//3758
f 4564//3758 4568//3762 4500//3697
f 4502//3699 4492//3689 4566//3760
f 4566//3760 4569//3763 4502//3699
f 4504//3701 4496//3693 4567//3761
f 4567//3761 4570//3764 4504//3701
f 4506//3702 4500//3697 4568//3762
f 4568//3762 4571//3765 4506//3702
f 4508//3704 4502//3699 4569//3763
f 4569//3763 4572//3766 4508//3704
f 4510//3706 4504//3701 4570//3764
f 4570//3764 4573//3767 4510//3706
f 4512//3708 4506//3702 4571//3765
f 4571//3765 4574//3768 4512//3708
f 4514//3710 4508//3704 4572//3766
f 4572//3766 4575//3769 4514//3710
f 4516//3712 4510//3706 4573//3767
f 4573//3767 4576//3770 4516//3712
f 4518//3714 4512//3708 4574//3768
f 4574//3768 4577//3771 4518//3714
f 4520//3716 4514//3710 4575//3769
f 4575//3769 4578//3772 4520//3716
f 4491//3688 4516//3712 4576//3770
f 4576//3770 4565//3759 4491//3688
f 4522//3718 4518//3714 4577//3771
f 4577//3771 4579//3773 4522//3718
f 4524//3720 4520//3716 4578//3772
f 4578//3772 4580//3774 4524//3720
f 4526//3722 4522//3718 4579//3773
f 4579//3773 4581//3775 4526//3722
f 4528//3724 4524//3720 4580//3774
f 4580//3774 4582//3776 4528//3724
f 4530//3726 4526//3722 4581//3775
f 4581//3775 4583//3777 4530//3726
f 4532//3727 4528//3724 4582//3776
f 4582//3776 4584//3778 4532//3727
f 4534//3729 4530//3726 4583//3777
f 4583//3777 4553//3747 4534//3729
f 4536//3731 4532//3727 4584//3778
f 4584//3778 4555//3749 4536//3731
f 4561//3755 4559//3753 4585//3740
f 4585//3740 4586//3779 4561//3755
f 4562//3756 4560//3754 4587//3742
f 4587//3742 4588//3746 4562//3756
f 4563//3757 4561//3755 4586//3779
f 4586//3779 4589//3692 4563//3757
f 4564//3758 4562//3756 4588//3746
f 4588//3746 4590//3780 4564//3758
f 4566//3760 4565//3759 4591//3688
f 4591//3688 4592//3689 4566//3760
f 4567//3761 4563//3757 4589//3692
f 4589//3692 4593//3693 4567//3761
f 4568//3762 4564//3758 4590//3780
f 4590//3780 4594//3697 4568//3762
f 4569//3763 4566//3760 4592//3689
f 4592//3689 4595//3781 4569//3763
f 4570//3764 4567//3761 4593//3693
f 4593//3693 4596//3701 4570//3764
f 4571//3765 4568//3762 4594//3697
f 4594//3697 4597//3702 4571//3765
f 4572//3766 4569//3763 4595//3781
f 4595//3781 4598//3704 4572//3766
f 4573//3767 4570//3764 4596//3701
f 4596//3701 4599//3706 4573//3767
f 4574//3768 4571//3765 4597//3702
f 4597//3702 4600//3708 4574//3768
f 4575//3769 4572//3766 4598//3704
f 4598//3704 4601//3710 4575//3769
f 4576//3770 4573//3767 4599//3706
f 4599//3706 4602//3712 4576//3770
f 4577//3771 4574//3768 4600//3708
f 4600//3708 4603//3782 4577//3771
f 4578//3772 4575//3769 4601//3710
f 4601//3710 4604//3716 4578//3772
f 4565//3759 4576//3770 4602//3712
f 4602//3712 4591//3688 4565//3759
f 4579//3773 4577//3771 4603//3782
f 4603//3782 4605//3718 4579//3773
f 4580//3774 4578//3772 4604//3716
f 4604//3716 4606//3783 4580//3774
f 4581//3775 4579//3773 4605//3718
f 4605//3718 4607//3722 4581//3775
f 4582//3776 4580//3774 4606//3783
f 4606//3783 4608//3724 4582//3776
f 4583//3777 4581//3775 4607//3722
f 4607//3722 4609//3726 4583//3777
f 4584//3778 4582//3776 4608//3724
f 4608//3724 4610//3727 4584//3778
f 4553//3747 4583//3777 4609//3726
f 4609//3726 4611//3784 4553//3747
f 4555//3749 4584//3778 4610//3727
f 4610//3727 4612//3731 4555//3749
f 4554//3748 4553//3747 4611//3784
f 4611//3784 4613//3733 4554//3748
f 4556//3750 4555//3749 4612//3731
f 4612//3731 4614//3785 4556//3750
f 4557//3751 4554//3748 4613//3733
f 4613//3733 4615//3736 4557//3751
f 4558//3752 4556//3750 4614//3785
f 4614//3785 4616//3738 4558//3752
f 4559//3753 4557//3751 4615//3736
f 4615//3736 4585//3740 4559//3753
f 4560//3754 4558//3752 4616//3738
f 4616//3738 4587//3742 4560//3754
f 4595//3781 4592//3689 4617//3760
f 4617//3760 4618//3763 4595//3781
f 4596//3701 4593//3693 4619//3786
f 4619//3786 4620//3787 4596//3701
f 4597//3702 4594//3697 4621//3762
f 4621//3762 4622//3765 4597//3702
f 4598//3704 4595//3781 4618//3763
f 4618//3763 4623//3766 4598//3704
f 4599//3706 4596//3701 4620//3787
f 4620//3787 4624//3788 4599//3706
f 4600//3708 4597//3702 4622//3765
f 4622//3765 4625//3768 4600//3708
f 4601//3710 4598//3704 4623//3766
f 4623//3766 4626//3789 4601//3710
f 4602//3712 4599//3706 4624//3788
f 4624//3788 4627//3770 4602//3712
f 4603//3782 4600//3708 4625//3768
f 4625//3768 4628//3771 4603//3782
f 4604//3716 4601//3710 4626//3789
f 4626//3789 4629//3772 4604//3716
f 4591//3688 4602//3712 4627//3770
f 4627//3770 4630//3759 4591//3688
f 4605//3718 4603//3782 4628//3771
f 4628//3771 4631//3773 4605//3718
f 4606//3783 4604//3716 4629//3772
f 4629//3772 4632//3790 4606//3783
f 4607//3722 4605//3718 4631//3773
f 4631//3773 4633//3775 4607//3722
f 4608//3724 4606//3783 4632//3790
f 4632//3790 4634//3776 4608//3724
f 4609//3726 4607//3722 4633//3775
f 4633//3775 4635//3777 4609//3726
f 4610//3727 4608//3724 4634//3776
f 4634//3776 4636//3778 4610//3727
f 4611//3784 4609//3726 4635//3777
f 4635//3777 4637//3791 4611//3784
f 4612//3731 4610//3727 4636//3778
f 4636//3778 4638//3749 4612//3731
f 4613//3733 4611//3784 4637//3791
f 4637//3791 4639//3748 4613//3733
f 4614//3785 4612//3731 4638//3749
f 4638//3749 4640//3792 4614//3785
f 4615//3736 4613//3733 4639//3748
f 4639//3748 4641//3751 4615//3736
f 4616//3738 4614//3785 4640//3792
f 4640//3792 4642//3793 4616//3738
f 4585//3740 4615//3736 4641//3751
f 4641//3751 4643//3753 4585//3740
f 4587//3742 4616//3738 4642//3793
f 4642//3793 4644//3794 4587//3742
f 4586//3779 4585//3740 4643//3753
f 4643//3753 4645//3795 4586//3779
f 4588//3746 4587//3742 4644//3794
f 4644//3794 4646//3796 4588//3746
f 4589//3692 4586//3779 4645//3795
f 4645//3795 4647//3797 4589//3692
f 4590//3780 4588//3746 4646//3796
f 4646//3796 4648//3798 4590//3780
f 4592//3689 4591//3688 4630//3759
f 4630//3759 4617//3760 4592//3689
f 4593//3693 4589//3692 4647//3797
f 4647//3797 4619//3786 4593//3693
f 4594//3697 4590//3780 4648//3798
f 4648//3798 4621//3762 4594//3697
f 4629//3772 4626//3789 4649//3710
f 4649//3710 4650//3716 4629//3772
f 4630//3759 4627//3770 4651//3799
f 4651//3799 4652//3688 4630//3759
f 4631//3773 4628//3771 4653//3782
f 4653//3782 4654//3800 4631//3773
f 4632//3790 4629//3772 4650//3716
f 4650//3716 4655//3720 4632//3790
f 4633//3775 4631//3773 4654//3800
f 4654//3800 4656//3801 4633//3775
f 4634//3776 4632//3790 4655//3720
f 4655//3720 4657//3724 4634//3776
f 4635//3777 4633//3775 4656//3801
f 4656//3801 4658//3802 4635//3777
f 4636//3778 4634//3776 4657//3724
f 4657//3724 4659//3727 4636//3778
f 4637//3791 4635//3777 4658//3802
f 4658//3802 4660//3729 4637//3791
f 4638//3749 4636//3778 4659//3727
f 4659//3727 4661//3731 4638//3749
f 4639//3748 4637//3791 4660//3729
f 4660//3729 4662//3733 4639//3748
f 4640//3792 4638//3749 4661//3731
f 4661//3731 4663//3785 4640//3792
f 4641//3751 4639//3748 4662//3733
f 4662//3733 4664//3736 4641//3751
f 4642//3793 4640//3792 4663//3785
f 4663//3785 4665//3738 4642//3793
f 4643//3753 4641//3751 4664//3736
f 4664//3736 4666//3740 4643//3753
f 4644//3794 4642//3793 4665//3738
f 4665//3738 4667//3803 4644//3794
f 4645//3795 4643//3753 4666//3740
f 4666//3740 4668//3779 4645//3795
f 4646//3796 4644//3794 4667//3803
f 4667//3803 4669//3804 4646//3796
f 4647//3797 4645//3795 4668//3779
f 4668//3779 4670//3692 4647//3797
f 4648//3798 4646//3796 4669//3804
f 4669//3804 4671//3696 4648//3798
f 4617//3760 4630//3759 4652//3688
f 4652//3688 4672//3805 4617//3760
f 4619//3786 4647//3797 4670//3692
f 4670//3692 4673//3693 4619//3786
f 4621//3762 4648//3798 4671//3696
f 4671//3696 4674//3697 4621//3762
f 4618//3763 4617//3760 4672//3805
f 4672//3805 4675//3699 4618//3763
f 4620//3787 4619//3786 4673//3693
f 4673//3693 4676//3806 4620//3787
f 4622//3765 4621//3762 4674//3697
f 4674//3697 4677//3702 4622//3765
f 4623//3766 4618//3763 4675//3699
f 4675//3699 4678//3807 4623//3766
f 4624//3788 4620//3787 4676//3806
f 4676//3806 4679//3706 4624//3788
f 4625//3768 4622//3765 4677//3702
f 4677//3702 4680//3708 4625//3768
f 4626//3789 4623//3766 4678//3807
f 4678//3807 4649//3710 4626//3789
f 4627//3770 4624//3788 4679//3706
f 4679//3706 4651//3799 4627//3770
f 4628//3771 4625//3768 4680//3708
f 4680//3708 4653//3782 4628//3771
f 4675//3699 4672//3805 4652//3688
f 4652//3688 4651//3799 4679//3706
f 4679//3706 4676//3806 4673//3693
f 4673//3693 4670//3692 4668//3779
f 4668//3779 4666//3740 4664//3736
f 4664//3736 4662//3733 4660//3729
f 4660//3729 4658//3802 4656//3801
f 4656//3801 4654//3800 4653//3782
f 4653//3782 4680//3708 4677//3702
f 4677//3702 4674//3697 4671//3696
f 4671//3696 4669//3804 4667//3803
f 4667//3803 4665//3738 4663//3785
f 4663//3785 4661//3731 4659//3727
f 4659//3727 4657//3724 4655//3720
f 4655//3720 4650//3716 4649//3710
f 4649//3710 4678//3807 4675//3699
f 4675//3699 4652//3688 4679//3706
f 4679//3706 4673//3693 4668//3779
f 4668//3779 4664//3736 4660//3729
f 4660//3729 4656//3801 4653//3782
f 4653//3782 4677//3702 4671//3696
f 4671//3696 4667//3803 4663//3785
f 4663//3785 4659//3727 4655//3720
f 4655//3720 4649//3710 4675//3699
f 4675//3699 4679//3706 4668//3779
f 4668//3779 4660//3729 4653//3782
f 4653//3782 4671//3696 4663//3785
f 4663//3785 4655//3720 4675//3699
f 4675//3699 4668//3779 4653//3782
f 4653//3782 4663//3785 4675//3699
f 4681//3808 4682//3809 4683//3810
f 4683//3810 4684//3811 4681//3808
f 4685//3812 4686//3813 4687//3814
f 4687//3814 4688//3815 4685//3812
f 4689//3816 4690//3817 4691//3818
f 4691//3818 4692//3819 4689//3816
f 4693//3820 4681//3808 4684//3811
f 4684//3811 4694//3821 4693//3820
f 4695//3822 4685//3812 4688//3815
f 4688//3815 4696//3823 4695//3822
f 4697//3824 4689//3816 4692//3819
f 4692//3819 4698//3825 4697//3824
f 4699//3826 4693//3820 4694//3821
f 4694//3821 4700//3827 4699//3826
f 4701//3828 4695//3822 4696//3823
f 4696//3823 4702//3829 4701//3828
f 4703//3830 4697//3824 4698//3825
f 4698//3825 4704//3831 4703//3830
f 4705//3832 4699//3826 4700//3827
f 4700//3827 4706//3833 4705//3832
f 4707//3834 4701//3828 4702//3829
f 4702//3829 4708//3835 4707//3834
f 4709//3836 4703//3830 4704//3831
f 4704//3831 4710//3837 4709//3836
f 4711//3838 4705//3832 4706//3833
f 4706//3833 4712//3839 4711//3838
f 4682//3809 4707//3834 4708//3835
f 4708//3835 4683//3810 4682//3809
f 4713//3840 4709//3836 4710//3837
f 4710//3837 4714//3841 4713//3840
f 4715//3842 4711//3838 4712//3839
f 4712//3839 4716//3843 4715//3842
f 4717//3844 4713//3840 4714//3841
f 4714//3841 4718//3845 4717//3844
f 4719//3846 4715//3842 4716//3843
f 4716//3843 4720//3847 4719//3846
f 4721//3848 4717//3844 4718//3845
f 4718//3845 4722//3849 4721//3848
f 4723//3850 4719//3846 4720//3847
f 4720//3847 4724//3851 4723//3850
f 4725//3852 4721//3848 4722//3849
f 4722//3849 4726//3853 4725//3852
f 4727//3854 4723//3850 4724//3851
f 4724//3851 4728//3855 4727//3854
f 4729//3856 4725//3852 4726//3853
f 4726//3853 4730//3857 4729//3856
f 4731//3858 4727//3854 4728//3855
f 4728//3855 4732//3859 4731//3858
f 4733//3860 4729//3856 4730//3857
f 4730//3857 4734//3861 4733//3860
f 4735//3862 4731//3858 4732//3859
f 4732//3859 4736//3863 4735//3862
f 4737//3864 4733//3860 4734//3861
f 4734//3861 4738//3865 4737//3864
f 4739//3866 4735//3862 4736//3863
f 4736//3863 4740//3867 4739//3866
f 4741//3868 4737//3864 4738//3865
f 4738//3865 4742//3869 4741//3868
f 4743//3870 4739//3866 4740//3867
f 4740//3867 4744//3871 4743//3870
f 4686//3813 4741//3868 4742//3869
f 4742//3869 4687//3814 4686//3813
f 4690//3817 4743//3870 4744//3871
f 4744//3871 4691//3818 4690//3817
f 4730//3857 4726//3853 4745//3872
f 4745//3872 4746//3873 4730//3857
f 4732//3859 4728//3855 4747//3874
f 4747//3874 4748//3875 4732//3859
f 4734//3861 4730//3857 4746//3873
f 4746//3873 4749//3876 4734//3861
f 4736//3863 4732//3859 4748//3875
f 4748//3875 4750//3877 4736//3863
f 4738//3865 4734//3861 4749//3876
f 4749//3876 4751//3878 4738//3865
f 4740//3867 4736//3863 4750//3877
f 4750//3877 4752//3879 4740//3867
f 4742//3869 4738//3865 4751//3878
f 4751//3878 4753//3880 4742//3869
f 4744//3871 4740//3867 4752//3879
f 4752//3879 4754//3881 4744//3871
f 4687//3814 4742//3869 4753//3880
f 4753//3880 4755//3882 4687//3814
f 4691//3818 4744//3871 4754//3881
f 4754//3881 4756//3883 4691//3818
f 4684//3811 4683//3810 4757//3884
f 4757//3884 4758//3885 4684//3811
f 4688//3815 4687//3814 4755//3882
f 4755//3882 4759//3886 4688//3815
f 4692//3819 4691//3818 4756//3883
f 4756//3883 4760//3887 4692//3819
f 4694//3821 4684//3811 4758//3885
f 4758//3885 4761//3888 4694//3821
f 4696//3823 4688//3815 4759//3886
f 4759//3886 4762//3889 4696//3823
f 4698//3825 4692//3819 4760//3887
f 4760//3887 4763//3890 4698//3825
f 4700//3827 4694//3821 4761//3888
f 4761//3888 4764//3891 4700//3827
f 4702//3829 4696//3823 4762//3889
f 4762//3889 4765//3892 4702//3829
f 4704//3831 4698//3825 4763//3890
f 4763//3890 4766//3893 4704//3831
f 4706//3833 4700//3827 4764//3891
f 4764//3891 4767//3894 4706//3833
f 4708//3835 4702//3829 4765//3892
f 4765//3892 4768//3895 4708//3835
f 4710//3837 4704//3831 4766//3893
f 4766//3893 4769//3896 4710//3837
f 4712//3839 4706//3833 4767//3894
f 4767//3894 4770//3897 4712//3839
f 4683//3810 4708//3835 4768//3895
f 4768//3895 4757//3884 4683//3810
f 4714//3841 4710//3837 4769//3896
f 4769//3896 4771//3898 4714//3841
f 4716//3843 4712//3839 4770//3897
f 4770//3897 4772//3899 4716//3843
f 4718//3845 4714//3841 4771//3898
f 4771//3898 4773//3900 4718//3845
f 4720//3847 4716//3843 4772//3899
f 4772//3899 4774//3901 4720//3847
f 4722//3849 4718//3845 4773//3900
f 4773//3900 4775//3902 4722//3849
f 4724//3851 4720//3847 4774//3901
f 4774//3901 4776//3903 4724//3851
f 4726//3853 4722//3849 4775//3902
f 4775//3902 4745//3872 4726//3853
f 4728//3855 4724//3851 4776//3903
f 4776//3903 4747//3874 4728//3855
f 4753//3880 4751//3878 4777//3904
f 4777//3904 4778//3869 4753//3880
f 4754//3881 4752//3879 4779//3867
f 4779//3867 4780//3871 4754//3881
f 4755//3882 4753//3880 4778//3869
f 4778//3869 4781//3905 4755//3882
f 4756//3883 4754//3881 4780//3871
f 4780//3871 4782//3818 4756//3883
f 4758//3885 4757//3884 4783//3810
f 4783//3810 4784//3811 4758//3885
f 4759//3886 4755//3882 4781//3905
f 4781//3905 4785//3815 4759//3886
f 4760//3887 4756//3883 4782//3818
f 4782//3818 4786//3819 4760//3887
f 4761//3888 4758//3885 4784//3811
f 4784//3811 4787//3821 4761//3888
f 4762//3889 4759//3886 4785//3815
f 4785//3815 4788//3823 4762//3889
f 4763//3890 4760//3887 4786//3819
f 4786//3819 4789//3906 4763//3890
f 4764//3891 4761//3888 4787//3821
f 4787//3821 4790//3827 4764//3891
f 4765//3892 4762//3889 4788//3823
f 4788//3823 4791//3829 4765//3892
f 4766//3893 4763//3890 4789//3906
f 4789//3906 4792//3831 4766//3893
f 4767//3894 4764//3891 4790//3827
f 4790//3827 4793//3833 4767//3894
f 4768//3895 4765//3892 4791//3829
f 4791//3829 4794//3835 4768//3895
f 4769//3896 4766//3893 4792//3831
f 4792//3831 4795//3837 4769//3896
f 4770//3897 4767//3894 4793//3833
f 4793//3833 4796//3839 4770//3897
f 4757//3884 4768//3895 4794//3835
f 4794//3835 4783//3810 4757//3884
f 4771//3898 4769//3896 4795//3837
f 4795//3837 4797//3841 4771//3898
f 4772//3899 4770//3897 4796//3839
f 4796//3839 4798//3843 4772//3899
f 4773//3900 4771//3898 4797//3841
f 4797//3841 4799//3845 4773//3900
f 4774//3901 4772//3899 4798//3843
f 4798//3843 4800//3907 4774//3901
f 4775//3902 4773//3900 4799//3845
f 4799//3845 4801//3849 4775//3902
f 4776//3903 4774//3901 4800//3907
f 4800//3907 4802//3851 4776//3903
f 4745//3872 4775//3902 4801//3849
f 4801//3849 4803//3853 4745//3872
f 4747//3874 4776//3903 4802//3851
f 4802//3851 4804//3855 4747//3874
f 4746//3873 4745//3872 4803//3853
f 4803//3853 4805//3857 4746//3873
f 4748//3875 4747//3874 4804//3855
f 4804//3855 4806//3859 4748//3875
f 4749//3876 4746//3873 4805//3857
f 4805//3857 4807//3861 4749//3876
f 4750//3877 4748//3875 4806//3859
f 4806//3859 4808//3908 4750//3877
f 4751//3878 4749//3876 4807//3861
f 4807//3861 4777//3904 4751//3878
f 4752//3879 4750//3877 4808//3908
f 4808//3908 4779//3867 4752//3879
f 4787//3821 4784//3811 4809//3909
f 4809//3909 4810//3888 4787//3821
f 4788//3823 4785//3815 4811//3910
f 4811//3910 4812//3889 4788//3823
f 4789//3906 4786//3819 4813//3911
f 4813//3911 4814//3912 4789//3906
f 4790//3827 4787//3821 4810//3888
f 4810//3888 4815//3913 4790//3827
f 4791//3829 4788//3823 4812//3889
f 4812//3889 4816//3914 4791//3829
f 4792//3831 4789//3906 4814//3912
f 4814//3912 4817//3915 4792//3831
f 4793//3833 4790//3827 4815//3913
f 4815//3913 4818//3916 4793//3833
f 4794//3835 4791//3829 4816//3914
f 4816//3914 4819//3917 4794//3835
f 4795//3837 4792//3831 4817//3915
f 4817//3915 4820//3918 4795//3837
f 4796//3839 4793//3833 4818//3916
f 4818//3916 4821//3919 4796//3839
f 4783//3810 4794//3835 4819//3917
f 4819//3917 4822//3884 4783//3810
f 4797//3841 4795//3837 4820//3918
f 4820//3918 4823//3898 4797//3841
f 4798//3843 4796//3839 4821//3919
f 4821//3919 4824//3920 4798//3843
f 4799//3845 4797//3841 4823//3898
f 4823//3898 4825//3900 4799//3845
f 4800//3907 4798//3843 4824//3920
f 4824//3920 4826//3901 4800//3907
f 4801//3849 4799//3845 4825//3900
f 4825//3900 4827//3921 4801//3849
f 4802//3851 4800//3907 4826//3901
f 4826//3901 4828//3922 4802//3851
f 4803//3853 4801//3849 4827//3921
f 4827//3921 4829//3923 4803//3853
f 4804//3855 4802//3851 4828//3922
f 4828//3922 4830//3924 4804//3855
f 4805//3857 4803//3853 4829//3923
f 4829//3923 4831//3925 4805//3857
f 4806//3859 4804//3855 4830//3924
f 4830//3924 4832//3875 4806//3859
f 4807//3861 4805//3857 4831//3925
f 4831//3925 4833//3876 4807//3861
f 4808//3908 4806//3859 4832//3875
f 4832//3875 4834//3926 4808//3908
f 4777//3904 4807//3861 4833//3876
f 4833//3876 4835//3927 4777//3904
f 4779//3867 4808//3908 4834//3926
f 4834//3926 4836//3928 4779//3867
f 4778//3869 4777//3904 4835//3927
f 4835//3927 4837//3880 4778//3869
f 4780//3871 4779//3867 4836//3928
f 4836//3928 4838//3929 4780//3871
f 4781//3905 4778//3869 4837//3880
f 4837//3880 4839//3882 4781//3905
f 4782//3818 4780//3871 4838//3929
f 4838//3929 4840//3883 4782//3818
f 4784//3811 4783//3810 4822//3884
f 4822//3884 4809//3909 4784//3811
f 4785//3815 4781//3905 4839//3882
f 4839//3882 4811//3910 4785//3815
f 4786//3819 4782//3818 4840//3883
f 4840//3883 4813//3911 4786//3819
f 4821//3919 4818//3916 4841//3833
f 4841//3833 4842//3930 4821//3919
f 4822//3884 4819//3917 4843//3931
f 4843//3931 4844//3810 4822//3884
f 4823//3898 4820//3918 4845//3837
f 4845//3837 4846//3932 4823//3898
f 4824//3920 4821//3919 4842//3930
f 4842//3930 4847//3843 4824//3920
f 4825//3900 4823//3898 4846//3932
f 4846//3932 4848//3845 4825//3900
f 4826//3901 4824//3920 4847//3843
f 4847//3843 4849//3933 4826//3901
f 4827//3921 4825//3900 4848//3845
f 4848//3845 4850//3934 4827//3921
f 4828//3922 4826//3901 4849//3933
f 4849//3933 4851//3851 4828//3922
f 4829//3923 4827//3921 4850//3934
f 4850//3934 4852//3853 4829//3923
f 4830//3924 4828//3922 4851//3851
f 4851//3851 4853//3935 4830//3924
f 4831//3925 4829//3923 4852//3853
f 4852//3853 4854//3936 4831//3925
f 4832//3875 4830//3924 4853//3935
f 4853//3935 4855//3859 4832//3875
f 4833//3876 4831//3925 4854//3936
f 4854//3936 4856//3861 4833//3876
f 4834//3926 4832//3875 4855//3859
f 4855//3859 4857//3937 4834//3926
f 4835//3927 4833//3876 4856//3861
f 4856//3861 4858//3938 4835//3927
f 4836//3928 4834//3926 4857//3937
f 4857//3937 4859//3939 4836//3928
f 4837//3880 4835//3927 4858//3938
f 4858//3938 4860//3869 4837//3880
f 4838//3929 4836//3928 4859//3939
f 4859//3939 4861//3940 4838//3929
f 4839//3882 4837//3880 4860//3869
f 4860//3869 4862//3941 4839//3882
f 4840//3883 4838//3929 4861//3940
f 4861//3940 4863//3942 4840//3883
f 4809//3909 4822//3884 4844//3810
f 4844//3810 4864//3943 4809//3909
f 4811//3910 4839//3882 4862//3941
f 4862//3941 4865//3944 4811//3910
f 4813//3911 4840//3883 4863//3942
f 4863//3942 4866//3819 4813//3911
f 4810//3888 4809//3909 4864//3943
f 4864//3943 4867//3821 4810//3888
f 4812//3889 4811//3910 4865//3944
f 4865//3944 4868//3823 4812//3889
f 4814//3912 4813//3911 4866//3819
f 4866//3819 4869//3945 4814//3912
f 4815//3913 4810//3888 4867//3821
f 4867//3821 4870//3827 4815//3913
f 4816//3914 4812//3889 4868//3823
f 4868//3823 4871//3946 4816//3914
f 4817//3915 4814//3912 4869//3945
f 4869//3945 4872//3947 4817//3915
f 4818//3916 4815//3913 4870//3827
f 4870//3827 4841//3833 4818//3916
f 4819//3917 4816//3914 4871//3946
f 4871//3946 4843//3931 4819//3917
f 4820//3918 4817//3915 4872//3947
f 4872//3947 4845//3837 4820//3918
f 4867//3821 4864//3943 4844//3810
f 4844//3810 4843//3931 4871//3946
f 4871//3946 4868//3823 4865//3944
f 4865//3944 4862//3941 4860//3869
f 4860//3869 4858//3938 4856//3861
f 4856//3861 4854//3936 4852//3853
f 4852//3853 4850//3934 4848//3845
f 4848//3845 4846//3932 4845//3837
f 4845//3837 4872//3947 4869//3945
f 4869//3945 4866//3819 4863//3942
f 4863//3942 4861//3940 4859//3939
f 4859//3939 4857//3937 4855//3859
f 4855//3859 4853//3935 4851//3851
f 4851//3851 4849//3933 4847//3843
f 4847//3843 4842//3930 4841//3833
f 4841//3833 4870//3827 4867//3821
f 4867//3821 4844//3810 4871//3946
f 4871//3946 4865//3944 4860//3869
f 4860//3869 4856//3861 4852//3853
f 4852//3853 4848//3845 4845//3837
f 4845//3837 4869//3945 4863//3942
f 4863//3942 4859//3939 4855//3859
f 4855//3859 4851//3851 4847//3843
f 4847//3843 4841//3833 4867//3821
f 4867//3821 4871//3946 4860//3869
f 4860//3869 4852//3853 4845//3837
f 4845//3837 4863//3942 4855//3859
f 4855//3859 4847//3843 4867//3821
f 4867//3821 4860//3869 4845//3837
f 4845//3837 4855//3859 4867//3821
f 4873//3948 4874//3949 4875//3950
f 4875//3950 4876//3951 4873//3948
f 4877//3952 4878//3953 4879//3954
f 4879//3954 4880//3955 4877//3952
f 4881//3956 4882//3957 4883//3958
f 4883//3958 4884//3959 4881//3956
f 4885//3960 4873//3948 4876//3951
f 4876//3951 4886//3961 4885//3960
f 4887//3962 4877//3952 4880//3955
f 4880//3955 4888//3963 4887//3962
f 4889//3964 4881//3956 4884//3959
f 4884//3959 4890//3965 4889//3964
f 4891//3966 4885//3960 4886//3961
f 4886//3961 4892//3967 4891//3966
f 4893//3968 4887//3962 4888//3963
f 4888//3963 4894//3969 4893//3968
f 4895//3970 4889//3964 4890//3965
f 4890//3965 4896//3971 4895//3970
f 4897//3972 4891//3966 4892//3967
f 4892//3967 4898//3973 4897//3972
f 4899//3974 4893//3968 4894//3969
f 4894//3969 4900//3975 4899//3974
f 4901//3976 4895//3970 4896//3971
f 4896//3971 4902//3977 4901//3976
f 4903//3978 4897//3972 4898//3973
f 4898//3973 4904//3979 4903//3978
f 4874//3949 4899//3974 4900//3975
f 4900//3975 4875//3950 4874//3949
f 4905//3980 4901//3976 4902//3977
f 4902//3977 4906//3981 4905//3980
f 4907//3982 4903//3978 4904//3979
f 4904//3979 4908//3983 4907//3982
f 4909//3984 4905//3980 4906//3981
f 4906//3981 4910//3985 4909//3984
f 4911//3986 4907//3982 4908//3983
f 4908//3983 4912//3987 4911//3986
f 4913//3988 4909//3984 4910//3985
f 4910//3985 4914//3989 4913//3988
f 4915//3990 4911//3986 4912//3987
f 4912//3987 4916//3991 4915//3990
f 4917//3992 4913//3988 4914//3989
f 4914//3989 4918//3993 4917//3992
f 4919//3994 4915//3990 4916//3991
f 4916//3991 4920//3995 4919//3994
f 4921//3996 4917//3992 4918//3993
f 4918//3993 4922//3997 4921//3996
f 4923//3998 4919//3994 4920//3995
f 4920//3995 4924//3999 4923//3998
f 4925//4000 4921//3996 4922//3997
f 4922//3997 4926//4001 4925//4000
f 4927//4002 4923//3998 4924//3999
f 4924//3999 4928//4003 4927//4002
f 4929//4004 4925//4000 4926//4001
f 4926//4001 4930//4005 4929//4004
f 4931//4006 4927//4002 4928//4003
f 4928//4003 4932//4007 4931//4006
f 4933//4008 4929//4004 4930//4005
f 4930//4005 4934//4009 4933//4008
f 4935//4010 4931//4006 4932//4007
f 4932//4007 4936//4011 4935//4010
f 4878//3953 4933//4008 4934//4009
f 4934//4009 4879//3954 4878//3953
f 4882//3957 4935//4010 4936//4011
f 4936//4011 4883//3958 4882//3957
f 4922//3997 4918//3993 4937//4012
f 4937//4012 4938//4013 4922//3997
f 4924//3999 4920//3995 4939//4014
f 4939//4014 4940//4015 4924//3999
f 4926//4001 4922//3997 4938//4013
f 4938//4013 4941//4016 4926//4001
f 4928//4003 4924//3999 4940//4015
f 4940//4015 4942//4017 4928//4003
f 4930//4005 4926//4001 4941//4016
f 4941//4016 4943//4018 4930//4005
f 4932//4007 4928//4003 4942//4017
f 4942//4017 4944//4019 4932//4007
f 4934//4009 4930//4005 4943//4018
f 4943//4018 4945//4020 4934//4009
f 4936//4011 4932//4007 4944//4019
f 4944//4019 4946//4021 4936//4011
f 4879//3954 4934//4009 4945//4020
f 4945//4020 4947//4022 4879//3954
f 4883//3958 4936//4011 4946//4021
f 4946//4021 4948//4023 4883//3958
f 4876//3951 4875//3950 4949//4024
f 4949//4024 4950//4025 4876//3951
f 4880//3955 4879//3954 4947//4022
f 4947//4022 4951//4026 4880//3955
f 4884//3959 4883//3958 4948//4023
f 4948//4023 4952//4027 4884//3959
f 4886//3961 4876//3951 4950//4025
f 4950//4025 4953//4028 4886//3961
f 4888//3963 4880//3955 4951//4026
f 4951//4026 4954//4029 4888//3963
f 4890//3965 4884//3959 4952//4027
f 4952//4027 4955//4030 4890//3965
f 4892//3967 4886//3961 4953//4028
f 4953//4028 4956//4031 4892//3967
f 4894//3969 4888//3963 4954//4029
f 4954//4029 4957//4032 4894//3969
f 4896//3971 4890//3965 4955//4030
f 4955//4030 4958//4033 4896//3971
f 4898//3973 4892//3967 4956//4031
f 4956//4031 4959//4034 4898//3973
f 4900//3975 4894//3969 4957//4032
f 4957//4032 4960//4035 4900//3975
f 4902//3977 4896//3971 4958//4033
f 4958//4033 4961//4036 4902//3977
f 4904//3979 4898//3973 4959//4034
f 4959//4034 4962//4037 4904//3979
f 4875//3950 4900//3975 4960//4035
f 4960//4035 4949//4024 4875//3950
f 4906//3981 4902//3977 4961//4036
f 4961//4036 4963//4038 4906//3981
f 4908//3983 4904//3979 4962//4037
f 4962//4037 4964//4039 4908//3983
f 4910//3985 4906//3981 4963//4038
f 4963//4038 4965//4040 4910//3985
f 4912//3987 4908//3983 4964//4039
f 4964//4039 4966//4041 4912//3987
f 4914//3989 4910//3985 4965//4040
f 4965//4040 4967//4042 4914//3989
f 4916//3991 4912//3987 4966//4041
f 4966//4041 4968//4043 4916//3991
f 4918//3993 4914//3989 4967//4042
f 4967//4042 4937//4012 4918//3993
f 4920//3995 4916//3991 4968//4043
f 4968//4043 4939//4014 4920//3995
f 4945//4020 4943//4018 4969//4005
f 4969//4005 4970//4009 4945//4020
f 4946//4021 4944//4019 4971//4007
f 4971//4007 4972//4044 4946//4021
f 4947//4022 4945//4020 4970//4009
f 4970//4009 4973//3954 4947//4022
f 4948//4023 4946//4021 4972//4044
f 4972//4044 4974//3958 4948//4023
f 4950//4025 4949//4024 4975//3950
f 4975//3950 4976//3951 4950//4025
f 4951//4026 4947//4022 4973//3954
f 4973//3954 4977//3955 4951//4026
f 4952//4027 4948//4023 4974//3958
f 4974//3958 4978//4045 4952//4027
f 4953//4028 4950//4025 4976//3951
f 4976//3951 4979//4046 4953//4028
f 4954//4029 4951//4026 4977//3955
f 4977//3955 4980//3963 4954//4029
f 4955//4030 4952//4027 4978//4045
f 4978//4045 4981//3965 4955//4030
f 4956//4031 4953//4028 4979//4046
f 4979//4046 4982//3967 4956//4031
f 4957//4032 4954//4029 4980//3963
f 4980//3963 4983//3969 4957//4032
f 4958//4033 4955//4030 4981//3965
f 4981//3965 4984//3971 4958//4033
f 4959//4034 4956//4031 4982//3967
f 4982//3967 4985//3973 4959//4034
f 4960//4035 4957//4032 4983//3969
f 4983//3969 4986//4047 4960//4035
f 4961//4036 4958//4033 4984//3971
f 4984//3971 4987//3977 4961//4036
f 4962//4037 4959//4034 4985//3973
f 4985//3973 4988//3979 4962//4037
f 4949//4024 4960//4035 4986//4047
f 4986//4047 4975//3950 4949//4024
f 4963//4038 4961//4036 4987//3977
f 4987//3977 4989//3981 4963//4038
f 4964//4039 4962//4037 4988//3979
f 4988//3979 4990//3983 4964//4039
f 4965//4040 4963//4038 4989//3981
f 4989//3981 4991//3985 4965//4040
f 4966//4041 4964//4039 4990//3983
f 4990//3983 4992//4048 4966//4041
f 4967//4042 4965//4040 4991//3985
f 4991//3985 4993//3989 4967//4042
f 4968//4043 4966//4041 4992//4048
f 4992//4048 4994//3991 4968//4043
f 4937//4012 4967//4042 4993//3989
f 4993//3989 4995//3993 4937//4012
f 4939//4014 4968//4043 4994//3991
f 4994//3991 4996//3995 4939//4014
f 4938//4013 4937//4012 4995//3993
f 4995//3993 4997//4049 4938//4013
f 4940//4015 4939//4014 4996//3995
f 4996//3995 4998//3999 4940//4015
f 4941//4016 4938//4013 4997//4049
f 4997//4049 4999//4001 4941//4016
f 4942//4017 4940//4015 4998//3999
f 4998//3999 5000//4003 4942//4017
f 4943//4018 4941//4016 4999//4001
f 4999//4001 4969//4005 4943//4018
f 4944//4019 4942//4017 5000//4003
f 5000//4003 4971//4007 4944//4019
f 4979//4046 4976//3951 5001//4050
f 5001//4050 5002//4028 4979//4046
f 4980//3963 4977//3955 5003//4051
f 5003//4051 5004//4029 4980//3963
f 4981//3965 4978//4045 5005//4052
f 5005//4052 5006//4030 4981//3965
f 4982//3967 4979//4046 5002//4028
f 5002//4028 5007//4053 4982//3967
f 4983//3969 4980//3963 5004//4029
f 5004//4029 5008//4054 4983//3969
f 4984//3971 4981//3965 5006//4030
f 5006//4030 5009//4055 4984//3971
f 4985//3973 4982//3967 5007//4053
f 5007//4053 5010//4034 4985//3973
f 4986//4047 4983//3969 5008//4054
f 5008//4054 5011//4035 4986//4047
f 4987//3977 4984//3971 5009//4055
f 5009//4055 5012//4036 4987//3977
f 4988//3979 4985//3973 5010//4034
f 5010//4034 5013//4056 4988//3979
f 4975//3950 4986//4047 5011//4035
f 5011//4035 5014//4024 4975//3950
f 4989//3981 4987//3977 5012//4036
f 5012//4036 5015//4038 4989//3981
f 4990//3983 4988//3979 5013//4056
f 5013//4056 5016//4057 4990//3983
f 4991//3985 4989//3981 5015//4038
f 5015//4038 5017//4040 4991//3985
f 4992//4048 4990//3983 5016//4057
f 5016//4057 5018//4058 4992//4048
f 4993//3989 4991//3985 5017//4040
f 5017//4040 5019//4042 4993//3989
f 4994//3991 4992//4048 5018//4058
f 5018//4058 5020//4059 4994//3991
f 4995//3993 4993//3989 5019//4042
f 5019//4042 5021//4060 4995//3993
f 4996//3995 4994//3991 5020//4059
f 5020//4059 5022//4061 4996//3995
f 4997//4049 4995//3993 5021//4060
f 5021//4060 5023//4062 4997//4049
f 4998//3999 4996//3995 5022//4061
f 5022//4061 5024//4015 4998//3999
f 4999//4001 4997//4049 5023//4062
f 5023//4062 5025//4016 4999//4001
f 5000//4003 4998//3999 5024//4015
f 5024//4015 5026//4063 5000//4003
f 4969//4005 4999//4001 5025//4016
f 5025//4016 5027//4018 4969//4005
f 4971//4007 5000//4003 5026//4063
f 5026//4063 5028//4064 4971//4007
f 4970//4009 4969//4005 5027//4018
f 5027//4018 5029//4020 4970//4009
f 4972//4044 4971//4007 5028//4064
f 5028//4064 5030//4021 4972//4044
f 4973//3954 4970//4009 5029//4020
f 5029//4020 5031//4065 4973//3954
f 4974//3958 4972//4044 5030//4021
f 5030//4021 5032//4023 4974//3958
f 4976//3951 4975//3950 5014//4024
f 5014//4024 5001//4050 4976//3951
f 4977//3955 4973//3954 5031//4065
f 5031//4065 5003//4051 4977//3955
f 4978//4045 4974//3958 5032//4023
f 5032//4023 5005//4052 4978//4045
f 5013//4056 5010//4034 5033//4066
f 5033//4066 5034//3979 5013//4056
f 5014//4024 5011//4035 5035//4047
f 5035//4047 5036//4067 5014//4024
f 5015//4038 5012//4036 5037//3977
f 5037//3977 5038//4068 5015//4038
f 5016//4057 5013//4056 5034//3979
f 5034//3979 5039//4069 5016//4057
f 5017//4040 5015//4038 5038//4068
f 5038//4068 5040//4070 5017//4040
f 5018//4058 5016//4057 5039//4069
f 5039//4069 5041//4048 5018//4058
f 5019//4042 5017//4040 5040//4070
f 5040//4070 5042//3989 5019//4042
f 5020//4059 5018//4058 5041//4048
f 5041//4048 5043//3991 5020//4059
f 5021//4060 5019//4042 5042//3989
f 5042//3989 5044//4071 5021//4060
f 5022//4061 5020//4059 5043//3991
f 5043//3991 5045//3995 5022//4061
f 5023//4062 5021//4060 5044//4071
f 5044//4071 5046//4072 5023//4062
f 5024//4015 5022//4061 5045//3995
f 5045//3995 5047//3999 5024//4015
f 5025//4016 5023//4062 5046//4072
f 5046//4072 5048//4001 5025//4016
f 5026//4063 5024//4015 5047//3999
f 5047//3999 5049//4003 5026//4063
f 5027//4018 5025//4016 5048//4001
f 5048//4001 5050//4005 5027//4018
f 5028//4064 5026//4063 5049//4003
f 5049//4003 5051//4073 5028//4064
f 5029//4020 5027//4018 5050//4005
f 5050//4005 5052//4009 5029//4020
f 5030//4021 5028//4064 5051//4073
f 5051//4073 5053//4011 5030//4021
f 5031//4065 5029//4020 5052//4009
f 5052//4009 5054//4074 5031//4065
f 5032//4023 5030//4021 5053//4011
f 5053//4011 5055//3958 5032//4023
f 5001//4050 5014//4024 5036//4067
f 5036//4067 5056//3951 5001//4050
f 5003//4051 5031//4065 5054//4074
f 5054//4074 5057//4075 5003//4051
f 5005//4052 5032//4023 5055//3958
f 5055//3958 5058//4045 5005//4052
f 5002//4028 5001//4050 5056//3951
f 5056//3951 5059//3961 5002//4028
f 5004//4029 5003//4051 5057//4075
f 5057//4075 5060//4076 5004//4029
f 5006//4030 5005//4052 5058//4045
f 5058//4045 5061//3965 5006//4030
f 5007//4053 5002//4028 5059//3961
f 5059//3961 5062//4077 5007//4053
f 5008//4054 5004//4029 5060//4076
f 5060//4076 5063//3969 5008//4054
f 5009//4055 5006//4030 5061//3965
f 5061//3965 5064//3971 5009//4055
f 5010//4034 5007//4053 5062//4077
f 5062//4077 5033//4066 5010//4034
f 5011//4035 5008//4054 5063//3969
f 5063//3969 5035//4047 5011//4035
f 5012//4036 5009//4055 5064//3971
f 5064//3971 5037//3977 5012//4036
f 5059//3961 5056//3951 5036//4067
f 5036//4067 5035//4047 5063//3969
f 5063//3969 5060//4076 5057//4075
f 5057//4075 5054//4074 5052//4009
f 5052//4009 5050//4005 5048//4001
f 5048//4001 5046//4072 5044//4071
f 5044//4071 5042//3989 5040//4070
f 5040//4070 5038//4068 5037//3977
f 5037//3977 5064//3971 5061//3965
f 5061//3965 5058//4045 5055//3958
f 5055//3958 5053//4011 5051//4073
f 5051//4073 5049//4003 5047//3999
f 5047//3999 5045//3995 5043//3991
f 5043//3991 5041//4048 5039//4069
f 5039//4069 5034//3979 5033//4066
f 5033//4066 5062//4077 5059//3961
f 5059//3961 5036//4067 5063//3969
f 5063//3969 5057//4075 5052//4009
f 5052//4009 5048//4001 5044//4071
f 5044//4071 5040//4070 5037//3977
f 5037//3977 5061//3965 5055//3958
f 5055//3958 5051//4073 5047//3999
f 5047//3999 5043//3991 5039//4069
f 5039//4069 5033//4066 5059//3961
f 5059//3961 5063//3969 5052//4009
f 5052//4009 5044//4071 5037//3977
f 5037//3977 5055//3958 5047//3999
f 5047//3999 5039//4069 5059//3961
f 5059//3961 5052//4009 5037//3977
f 5037//3977 5047//3999 5059//3961
f 5065//3707 5066//3532 5067//3702
f 5067//3702 5068//3708 5065//3707
f 5069//3741 5070//3737 5071//3738
f 5071//3738 5072//3742 5069//3741
f 5073//3711 5074//3705 5075//3706
f 5075//3706 5076//3712 5073//3711
f 5077//3713 5065//3707 5068//3708
f 5068//3708 5078//3714 5077//3713
f 5079//3745 5069//3741 5072//3742
f 5072//3742 5080//3746 5079//3745
f 5081//3687 5073//3711 5076//3712
f 5076//3712 5082//3688 5081//3687
f 5083//3717 5077//3713 5078//3714
f 5078//3714 5084//3718 5083//3717
f 5085//3695 5079//3745 5080//3746
f 5080//3746 5086//3696 5085//3695
f 5087//3686 5081//3687 5082//3688
f 5082//3688 5088//3689 5087//3686
f 5089//3721 5083//3717 5084//3718
f 5084//3718 5090//3722 5089//3721
f 5091//3694 5085//3695 5086//3696
f 5086//3696 5092//3697 5091//3694
f 5093//3698 5087//3686 5088//3689
f 5088//3689 5094//3699 5093//3698
f 5095//3725 5089//3721 5090//3722
f 5090//3722 5096//3726 5095//3725
f 5066//3532 5091//3694 5092//3697
f 5092//3697 5067//3702 5066//3532
f 5097//3703 5093//3698 5094//3699
f 5094//3699 5098//3704 5097//3703
f 5099//3728 5095//3725 5096//3726
f 5096//3726 5100//3729 5099//3728
f 5101//3709 5097//3703 5098//3704
f 5098//3704 5102//3710 5101//3709
f 5103//3732 5099//3728 5100//3729
f 5100//3729 5104//3733 5103//3732
f 5105//3715 5101//3709 5102//3710
f 5102//3710 5106//3716 5105//3715
f 5107//3529 5103//3732 5104//3733
f 5104//3733 5108//3736 5107//3529
f 5109//3719 5105//3715 5106//3716
f 5106//3716 5110//3720 5109//3719
f 5111//3739 5107//3529 5108//3736
f 5108//3736 5112//3740 5111//3739
f 5113//3723 5109//3719 5110//3720
f 5110//3720 5114//3724 5113//3723
f 5115//3743 5111//3739 5112//3740
f 5112//3740 5116//3779 5115//3743
f 5117//3531 5113//3723 5114//3724
f 5114//3724 5118//3727 5117//3531
f 5119//3691 5115//3743 5116//3779
f 5116//3779 5120//3692 5119//3691
f 5121//3730 5117//3531 5118//3727
f 5118//3727 5122//3731 5121//3730
f 5123//3690 5119//3691 5120//3692
f 5120//3692 5124//3693 5123//3690
f 5125//3734 5121//3730 5122//3731
f 5122//3731 5126//3785 5125//3734
f 5127//3700 5123//3690 5124//3693
f 5124//3693 5128//3701 5127//3700
f 5070//3737 5125//3734 5126//3785
f 5126//3785 5071//3738 5070//3737
f 5074//3705 5127//3700 5128//3701
f 5128//3701 5075//3706 5074//3705
f 5114//3724 5110//3720 5129//3774
f 5129//3774 5130//3776 5114//3724
f 5116//3779 5112//3740 5131//3753
f 5131//3753 5132//3795 5116//3779
f 5118//3727 5114//3724 5130//3776
f 5130//3776 5133//3778 5118//3727
f 5120//3692 5116//3779 5132//3795
f 5132//3795 5134//3757 5120//3692
f 5122//3731 5118//3727 5133//3778
f 5133//3778 5135//3749 5122//3731
f 5124//3693 5120//3692 5134//3757
f 5134//3757 5136//3761 5124//3693
f 5126//3785 5122//3731 5135//3749
f 5135//3749 5137//3792 5126//3785
f 5128//3701 5124//3693 5136//3761
f 5136//3761 5138//3764 5128//3701
f 5071//3738 5126//3785 5137//3792
f 5137//3792 5139//3752 5071//3738
f 5075//3706 5128//3701 5138//3764
f 5138//3764 5140//3767 5075//3706
f 5068//3708 5067//3702 5141//3765
f 5141//3765 5142//3768 5068//3708
f 5072//3742 5071//3738 5139//3752
f 5139//3752 5143//3754 5072//3742
f 5076//3712 5075//3706 5140//3767
f 5140//3767 5144//3770 5076//3712
f 5078//3714 5068//3708 5142//3768
f 5142//3768 5145//3771 5078//3714
f 5080//3746 5072//3742 5143//3754
f 5143//3754 5146//3756 5080//3746
f 5082//3688 5076//3712 5144//3770
f 5144//3770 5147//3759 5082//3688
f 5084//3718 5078//3714 5145//3771
f 5145//3771 5148//4078 5084//3718
f 5086//3696 5080//3746 5146//3756
f 5146//3756 5149//3758 5086//3696
f 5088//3689 5082//3688 5147//3759
f 5147//3759 5150//3760 5088//3689
f 5090//3722 5084//3718 5148//4078
f 5148//4078 5151//3775 5090//3722
f 5092//3697 5086//3696 5149//3758
f 5149//3758 5152//4079 5092//3697
f 5094//3699 5088//3689 5150//3760
f 5150//3760 5153//3763 5094//3699
f 5096//3726 5090//3722 5151//3775
f 5151//3775 5154//3777 5096//3726
f 5067//3702 5092//3697 5152//4079
f 5152//4079 5141//3765 5067//3702
f 5098//3704 5094//3699 5153//3763
f 5153//3763 5155//3766 5098//3704
f 5100//3729 5096//3726 5154//3777
f 5154//3777 5156//3747 5100//3729
f 5102//3710 5098//3704 5155//3766
f 5155//3766 5157//3789 5102//3710
f 5104//3733 5100//3729 5156//3747
f 5156//3747 5158//4080 5104//3733
f 5106//3716 5102//3710 5157//3789
f 5157//3789 5159//3772 5106//3716
f 5108//3736 5104//3733 5158//4080
f 5158//4080 5160//3751 5108//3736
f 5110//3720 5106//3716 5159//3772
f 5159//3772 5129//3774 5110//3720
f 5112//3740 5108//3736 5160//3751
f 5160//3751 5131//3753 5112//3740
f 5137//3792 5135//3749 5161//3731
f 5161//3731 5162//3785 5137//3792
f 5138//3764 5136//3761 5163//3693
f 5163//3693 5164//3701 5138//3764
f 5139//3752 5137//3792 5162//3785
f 5162//3785 5165//3738 5139//3752
f 5140//3767 5138//3764 5164//3701
f 5164//3701 5166//3706 5140//3767
f 5142//3768 5141//3765 5167//3702
f 5167//3702 5168//3708 5142//3768
f 5143//3754 5139//3752 5165//3738
f 5165//3738 5169//3742 5143//3754
f 5144//3770 5140//3767 5166//3706
f 5166//3706 5170//3712 5144//3770
f 5145//3771 5142//3768 5168//3708
f 5168//3708 5171//3782 5145//3771
f 5146//3756 5143//3754 5169//3742
f 5169//3742 5172//3746 5146//3756
f 5147//3759 5144//3770 5170//3712
f 5170//3712 5173//3688 5147//3759
f 5148//4078 5145//3771 5171//3782
f 5171//3782 5174//3718 5148//4078
f 5149//3758 5146//3756 5172//3746
f 5172//3746 5175//3696 5149//3758
f 5150//3760 5147//3759 5173//3688
f 5173//3688 5176//3689 5150//3760
f 5151//3775 5148//4078 5174//3718
f 5174//3718 5177//3722 5151//3775
f 5152//4079 5149//3758 5175//3696
f 5175//3696 5178//3697 5152//4079
f 5153//3763 5150//3760 5176//3689
f 5176//3689 5179//3781 5153//3763
f 5154//3777 5151//3775 5177//3722
f 5177//3722 5180//3726 5154//3777
f 5141//3765 5152//4079 5178//3697
f 5178//3697 5167//3702 5141//3765
f 5155//3766 5153//3763 5179//3781
f 5179//3781 5181//3704 5155//3766
f 5156//3747 5154//3777 5180//3726
f 5180//3726 5182//3729 5156//3747
f 5157//3789 5155//3766 5181//3704
f 5181//3704 5183//3710 5157//3789
f 5158//4080 5156//3747 5182//3729
f 5182//3729 5184//3733 5158//4080
f 5159//3772 5157//3789 5183//3710
f 5183//3710 5185//3716 5159//3772
f 5160//3751 5158//4080 5184//3733
f 5184//3733 5186//3736 5160//3751
f 5129//3774 5159//3772 5185//3716
f 5185//3716 5187//3720 5129//3774
f 5131//3753 5160//3751 5186//3736
f 5186//3736 5188//3740 5131//3753
f 5130//3776 5129//3774 5187//3720
f 5187//3720 5189//3724 5130//3776
f 5132//3795 5131//3753 5188//3740
f 5188//3740 5190//3744 5132//3795
f 5133//3778 5130//3776 5189//3724
f 5189//3724 5191//3727 5133//3778
f 5134//3757 5132//3795 5190//3744
f 5190//3744 5192//3692 5134//3757
f 5135//3749 5133//3778 5191//3727
f 5191//3727 5161//3731 5135//3749
f 5136//3761 5134//3757 5192//3692
f 5192//3692 5163//3693 5136//3761
f 5171//3782 5168//3708 5193//3768
f 5193//3768 5194//3771 5171//3782
f 5172//3746 5169//3742 5195//3754
f 5195//3754 5196//4081 5172//3746
f 5173//3688 5170//3712 5197//3770
f 5197//3770 5198//3759 5173//3688
f 5174//3718 5171//3782 5194//3771
f 5194//3771 5199//3773 5174//3718
f 5175//3696 5172//3746 5196//4081
f 5196//4081 5200//3798 5175//3696
f 5176//3689 5173//3688 5198//3759
f 5198//3759 5201//3760 5176//3689
f 5177//3722 5174//3718 5199//3773
f 5199//3773 5202//3775 5177//3722
f 5178//3697 5175//3696 5200//3798
f 5200//3798 5203//3762 5178//3697
f 5179//3781 5176//3689 5201//3760
f 5201//3760 5204//3763 5179//3781
f 5180//3726 5177//3722 5202//3775
f 5202//3775 5205//3777 5180//3726
f 5167//3702 5178//3697 5203//3762
f 5203//3762 5206//3765 5167//3702
f 5181//3704 5179//3781 5204//3763
f 5204//3763 5207//3766 5181//3704
f 5182//3729 5180//3726 5205//3777
f 5205//3777 5208//3747 5182//3729
f 5183//3710 5181//3704 5207//3766
f 5207//3766 5209//3789 5183//3710
f 5184//3733 5182//3729 5208//3747
f 5208//3747 5210//3748 5184//3733
f 5185//3716 5183//3710 5209//3789
f 5209//3789 5211//3772 5185//3716
f 5186//3736 5184//3733 5210//3748
f 5210//3748 5212//3751 5186//3736
f 5187//3720 5185//3716 5211//3772
f 5211//3772 5213//3774 5187//3720
f 5188//3740 5186//3736 5212//3751
f 5212//3751 5214//3753 5188//3740
f 5189//3724 5187//3720 5213//3774
f 5213//3774 5215//3776 5189//3724
f 5190//3744 5188//3740 5214//3753
f 5214//3753 5216//3795 5190//3744
f 5191//3727 5189//3724 5215//3776
f 5215//3776 5217//3778 5191//3727
f 5192//3692 5190//3744 5216//3795
f 5216//3795 5218//3797 5192//3692
f 5161//3731 5191//3727 5217//3778
f 5217//3778 5219//3749 5161//3731
f 5163//3693 5192//3692 5218//3797
f 5218//3797 5220//3786 5163//3693
f 5162//3785 5161//3731 5219//3749
f 5219//3749 5221//3792 5162//3785
f 5164//3701 5163//3693 5220//3786
f 5220//3786 5222//4082 5164//3701
f 5165//3738 5162//3785 5221//3792
f 5221//3792 5223//3752 5165//3738
f 5166//3706 5164//3701 5222//4082
f 5222//4082 5224//3788 5166//3706
f 5168//3708 5167//3702 5206//3765
f 5206//3765 5193//3768 5168//3708
f 5169//3742 5165//3738 5223//3752
f 5223//3752 5195//3754 5169//3742
f 5170//3712 5166//3706 5224//3788
f 5224//3788 5197//3770 5170//3712
f 5205//3777 5202//3775 5225//4083
f 5225//4083 5226//3726 5205//3777
f 5206//3765 5203//3762 5227//4084
f 5227//4084 5228//3702 5206//3765
f 5207//3766 5204//3763 5229//3699
f 5229//3699 5230//3807 5207//3766
f 5208//3747 5205//3777 5226//3726
f 5226//3726 5231//3784 5208//3747
f 5209//3789 5207//3766 5230//3807
f 5230//3807 5232//4085 5209//3789
f 5210//3748 5208//3747 5231//3784
f 5231//3784 5233//3733 5210//3748
f 5211//3772 5209//3789 5232//4085
f 5232//4085 5234//3716 5211//3772
f 5212//3751 5210//3748 5233//3733
f 5233//3733 5235//4086 5212//3751
f 5213//3774 5211//3772 5234//3716
f 5234//3716 5236//3783 5213//3774
f 5214//3753 5212//3751 5235//4086
f 5235//4086 5237//3740 5214//3753
f 5215//3776 5213//3774 5236//3783
f 5236//3783 5238//3724 5215//3776
f 5216//3795 5214//3753 5237//3740
f 5237//3740 5239//3779 5216//3795
f 5217//3778 5215//3776 5238//3724
f 5238//3724 5240//3727 5217//3778
f 5218//3797 5216//3795 5239//3779
f 5239//3779 5241//3692 5218//3797
f 5219//3749 5217//3778 5240//3727
f 5240//3727 5242//3731 5219//3749
f 5220//3786 5218//3797 5241//3692
f 5241//3692 5243//3693 5220//3786
f 5221//3792 5219//3749 5242//3731
f 5242//3731 5244//3735 5221//3792
f 5222//4082 5220//3786 5243//3693
f 5243//3693 5245//3806 5222//4082
f 5223//3752 5221//3792 5244//3735
f 5244//3735 5246//4087 5223//3752
f 5224//3788 5222//4082 5245//3806
f 5245//3806 5247//3706 5224//3788
f 5193//3768 5206//3765 5228//3702
f 5228//3702 5248//4088 5193//3768
f 5195//3754 5223//3752 5246//4087
f 5246//4087 5249//4089 5195//3754
f 5197//3770 5224//3788 5247//3706
f 5247//3706 5250//4090 5197//3770
f 5194//3771 5193//3768 5248//4088
f 5248//4088 5251//3714 5194//3771
f 5196//4081 5195//3754 5249//4089
f 5249//4089 5252//3804 5196//4081
f 5198//3759 5197//3770 5250//4090
f 5250//4090 5253//3688 5198//3759
f 5199//3773 5194//3771 5251//3714
f 5251//3714 5254//3800 5199//3773
f 5200//3798 5196//4081 5252//3804
f 5252//3804 5255//3696 5200//3798
f 5201//3760 5198//3759 5253//3688
f 5253//3688 5256//3689 5201//3760
f 5202//3775 5199//3773 5254//3800
f 5254//3800 5225//4083 5202//3775
f 5203//3762 5200//3798 5255//3696
f 5255//3696 5227//4084 5203//3762
f 5204//3763 5201//3760 5256//3689
f 5256//3689 5229//3699 5204//3763
f 5251//3714 5248//4088 5228//3702
f 5228//3702 5227//4084 5255//3696
f 5255//3696 5252//3804 5249//4089
f 5249//4089 5246//4087 5244//3735
f 5244//3735 5242//3731 5240//3727
f 5240//3727 5238//3724 5236//3783
f 5236//3783 5234//3716 5232//4085
f 5232//4085 5230//3807 5229//3699
f 5229//3699 5256//3689 5253//3688
f 5253//3688 5250//4090 5247//3706
f 5247//3706 5245//3806 5243//3693
f 5243//3693 5241//3692 5239//3779
f 5239//3779 5237//3740 5235//4086
f 5235//4086 5233//3733 5231//3784
f 5231//3784 5226//3726 5225//4083
f 5225//4083 5254//3800 5251//3714
f 5251//3714 5228//3702 5255//3696
f 5255//3696 5249//4089 5244//3735
f 5244//3735 5240//3727 5236//3783
f 5236//3783 5232//4085 5229//3699
f 5229//3699 5253//3688 5247//3706
f 5247//3706 5243//3693 5239//3779
f 5239//3779 5235//4086 5231//3784
f 5231//3784 5225//4083 5251//3714
f 5251//3714 5255//3696 5244//3735
f 5244//3735 5236//3783 5229//3699
f 5229//3699 5247//3706 5239//3779
f 5239//3779 5231//3784 5251//3714
f 5251//3714 5244//3735 5229//3699
f 5229//3699 5239//3779 5251//3714
f 5257//4091 5258//3824 5259//3906
f 5259//3906 5260//3947 5257//4091
f 5261//3866 5262//3862 5263//3863
f 5263//3863 5264//3867 5261//3866
f 5265//3834 5266//3828 5267//3829
f 5267//3829 5268//3835 5265//3834
f 5269//3836 5257//4091 5260//3947
f 5260//3947 5270//3837 5269//3836
f 5271//3870 5261//3866 5264//3867
f 5264//3867 5272//3871 5271//3870
f 5273//3809 5265//3834 5268//3835
f 5268//3835 5274//3810 5273//3809
f 5275//3840 5269//3836 5270//3837
f 5270//3837 5276//3841 5275//3840
f 5277//3817 5271//3870 5272//3871
f 5272//3871 5278//3818 5277//3817
f 5279//4092 5273//3809 5274//3810
f 5274//3810 5280//4093 5279//4092
f 5281//3844 5275//3840 5276//3841
f 5276//3841 5282//3845 5281//3844
f 5283//3816 5277//3817 5278//3818
f 5278//3818 5284//3819 5283//3816
f 5285//3820 5279//4092 5280//4093
f 5280//4093 5286//3821 5285//3820
f 5287//3848 5281//3844 5282//3845
f 5282//3845 5288//3849 5287//3848
f 5258//3824 5283//3816 5284//3819
f 5284//3819 5259//3906 5258//3824
f 5289//3826 5285//3820 5286//3821
f 5286//3821 5290//3827 5289//3826
f 5291//3852 5287//3848 5288//3849
f 5288//3849 5292//3853 5291//3852
f 5293//3832 5289//3826 5290//3827
f 5290//3827 5294//3833 5293//3832
f 5295//3856 5291//3852 5292//3853
f 5292//3853 5296//3857 5295//3856
f 5297//3838 5293//3832 5294//3833
f 5294//3833 5298//3839 5297//3838
f 5299//3860 5295//3856 5296//3857
f 5296//3857 5300//3861 5299//3860
f 5301//3842 5297//3838 5298//3839
f 5298//3839 5302//3843 5301//3842
f 5303//3864 5299//3860 5300//3861
f 5300//3861 5304//3865 5303//3864
f 5305//3846 5301//3842 5302//3843
f 5302//3843 5306//3847 5305//3846
f 5307//4094 5303//3864 5304//3865
f 5304//3865 5308//3869 5307//4094
f 5309//3850 5305//3846 5306//3847
f 5306//3847 5310//3851 5309//3850
f 5311//3813 5307//4094 5308//3869
f 5308//3869 5312//3814 5311//3813
f 5313//4095 5309//3850 5310//3851
f 5310//3851 5314//4096 5313//4095
f 5315//3812 5311//3813 5312//3814
f 5312//3814 5316//3815 5315//3812
f 5317//3858 5313//4095 5314//4096
f 5314//4096 5318//3859 5317//3858
f 5319//3822 5315//3812 5316//3815
f 5316//3815 5320//3823 5319//3822
f 5262//3862 5317//3858 5318//3859
f 5318//3859 5263//3863 5262//3862
f 5266//3828 5319//3822 5320//3823
f 5320//3823 5267//3829 5266//3828
f 5306//3847 5302//3843 5321//3899
f 5321//3899 5322//4097 5306//3847
f 5308//3869 5304//3865 5323//3927
f 5323//3927 5324//4098 5308//3869
f 5310//3851 5306//3847 5322//4097
f 5322//4097 5325//3903 5310//3851
f 5312//3814 5308//3869 5324//4098
f 5324//4098 5326//4099 5312//3814
f 5314//4096 5310//3851 5325//3903
f 5325//3903 5327//4100 5314//4096
f 5316//3815 5312//3814 5326//4099
f 5326//4099 5328//4101 5316//3815
f 5318//3859 5314//4096 5327//4100
f 5327//4100 5329//4102 5318//3859
f 5320//3823 5316//3815 5328//4101
f 5328//4101 5330//3889 5320//3823
f 5263//3863 5318//3859 5329//4102
f 5329//4102 5331//3926 5263//3863
f 5267//3829 5320//3823 5330//3889
f 5330//3889 5332//3892 5267//3829
f 5260//3947 5259//3906 5333//4103
f 5333//4103 5334//4104 5260//3947
f 5264//3867 5263//3863 5331//3926
f 5331//3926 5335//4105 5264//3867
f 5268//3835 5267//3829 5332//3892
f 5332//3892 5336//3895 5268//3835
f 5270//3837 5260//3947 5334//4104
f 5334//4104 5337//3896 5270//3837
f 5272//3871 5264//3867 5335//4105
f 5335//4105 5338//3881 5272//3871
f 5274//3810 5268//3835 5336//3895
f 5336//3895 5339//4106 5274//3810
f 5276//3841 5270//3837 5337//3896
f 5337//3896 5340//3898 5276//3841
f 5278//3818 5272//3871 5338//3881
f 5338//3881 5341//4107 5278//3818
f 5280//4093 5274//3810 5339//4106
f 5339//4106 5342//4108 5280//4093
f 5282//3845 5276//3841 5340//3898
f 5340//3898 5343//4109 5282//3845
f 5284//3819 5278//3818 5341//4107
f 5341//4107 5344//4110 5284//3819
f 5286//3821 5280//4093 5342//4108
f 5342//4108 5345//4111 5286//3821
f 5288//3849 5282//3845 5343//4109
f 5343//4109 5346//3902 5288//3849
f 5259//3906 5284//3819 5344//4110
f 5344//4110 5333//4103 5259//3906
f 5290//3827 5286//3821 5345//4111
f 5345//4111 5347//4112 5290//3827
f 5292//3853 5288//3849 5346//3902
f 5346//3902 5348//3872 5292//3853
f 5294//3833 5290//3827 5347//4112
f 5347//4112 5349//3894 5294//3833
f 5296//3857 5292//3853 5348//3872
f 5348//3872 5350//3873 5296//3857
f 5298//3839 5294//3833 5349//3894
f 5349//3894 5351//3897 5298//3839
f 5300//3861 5296//3857 5350//3873
f 5350//3873 5352//3876 5300//3861
f 5302//3843 5298//3839 5351//3897
f 5351//3897 5321//3899 5302//3843
f 5304//3865 5300//3861 5352//3876
f 5352//3876 5323//3927 5304//3865
f 5329//4102 5327//4100 5353//3855
f 5353//3855 5354//3859 5329//4102
f 5330//3889 5328//4101 5355//3815
f 5355//3815 5356//3823 5330//3889
f 5331//3926 5329//4102 5354//3859
f 5354//3859 5357//3863 5331//3926
f 5332//3892 5330//3889 5356//3823
f 5356//3823 5358//3829 5332//3892
f 5334//4104 5333//4103 5359//3906
f 5359//3906 5360//3947 5334//4104
f 5335//4105 5331//3926 5357//3863
f 5357//3863 5361//3867 5335//4105
f 5336//3895 5332//3892 5358//3829
f 5358//3829 5362//3835 5336//3895
f 5337//3896 5334//4104 5360//3947
f 5360//3947 5363//3837 5337//3896
f 5338//3881 5335//4105 5361//3867
f 5361//3867 5364//3871 5338//3881
f 5339//4106 5336//3895 5362//3835
f 5362//3835 5365//3810 5339//4106
f 5340//3898 5337//3896 5363//3837
f 5363//3837 5366//3841 5340//3898
f 5341//4107 5338//3881 5364//3871
f 5364//3871 5367//3818 5341//4107
f 5342//4108 5339//4106 5365//3810
f 5365//3810 5368//4093 5342//4108
f 5343//4109 5340//3898 5366//3841
f 5366//3841 5369//3845 5343//4109
f 5344//4110 5341//4107 5367//3818
f 5367//3818 5370//4113 5344//4110
f 5345//4111 5342//4108 5368//4093
f 5368//4093 5371//3821 5345//4111
f 5346//3902 5343//4109 5369//3845
f 5369//3845 5372//3849 5346//3902
f 5333//4103 5344//4110 5370//4113
f 5370//4113 5359//3906 5333//4103
f 5347//4112 5345//4111 5371//3821
f 5371//3821 5373//3827 5347//4112
f 5348//3872 5346//3902 5372//3849
f 5372//3849 5374//4114 5348//3872
f 5349//3894 5347//4112 5373//3827
f 5373//3827 5375//3833 5349//3894
f 5350//3873 5348//3872 5374//4114
f 5374//4114 5376//3857 5350//3873
f 5351//3897 5349//3894 5375//3833
f 5375//3833 5377//3839 5351//3897
f 5352//3876 5350//3873 5376//3857
f 5376//3857 5378//4115 5352//3876
f 5321//3899 5351//3897 5377//3839
f 5377//3839 5379//3843 5321//3899
f 5323//3927 5352//3876 5378//4115
f 5378//4115 5380//3865 5323//3927
f 5322//4097 5321//3899 5379//3843
f 5379//3843 5381//3847 5322//4097
f 5324//4098 5323//3927 5380//3865
f 5380//3865 5382//3869 5324//4098
f 5325//3903 5322//4097 5381//3847
f 5381//3847 5383//3851 5325//3903
f 5326//4099 5324//4098 5382//3869
f 5382//3869 5384//3814 5326//4099
f 5327//4100 5325//3903 5383//3851
f 5383//3851 5353//3855 5327//4100
f 5328//4101 5326//4099 5384//3814
f 5384//3814 5355//3815 5328//4101
f 5363//3837 5360//3947 5385//4116
f 5385//4116 5386//3896 5363//3837
f 5364//3871 5361//3867 5387//4105
f 5387//4105 5388//4117 5364//3871
f 5365//3810 5362//3835 5389//3895
f 5389//3895 5390//3884 5365//3810
f 5366//3841 5363//3837 5386//3896
f 5386//3896 5391//3898 5366//3841
f 5367//3818 5364//3871 5388//4117
f 5388//4117 5392//3883 5367//3818
f 5368//4093 5365//3810 5390//3884
f 5390//3884 5393//4108 5368//4093
f 5369//3845 5366//3841 5391//3898
f 5391//3898 5394//3900 5369//3845
f 5370//4113 5367//3818 5392//3883
f 5392//3883 5395//4118 5370//4113
f 5371//3821 5368//4093 5393//4108
f 5393//4108 5396//4119 5371//3821
f 5372//3849 5369//3845 5394//3900
f 5394//3900 5397//4120 5372//3849
f 5359//3906 5370//4113 5395//4118
f 5395//4118 5398//3890 5359//3906
f 5373//3827 5371//3821 5396//4119
f 5396//4119 5399//4112 5373//3827
f 5374//4114 5372//3849 5397//4120
f 5397//4120 5400//4121 5374//4114
f 5375//3833 5373//3827 5399//4112
f 5399//4112 5401//3894 5375//3833
f 5376//3857 5374//4114 5400//4121
f 5400//4121 5402//4122 5376//3857
f 5377//3839 5375//3833 5401//3894
f 5401//3894 5403//4123 5377//3839
f 5378//4115 5376//3857 5402//4122
f 5402//4122 5404//3876 5378//4115
f 5379//3843 5377//3839 5403//4123
f 5403//4123 5405//3899 5379//3843
f 5380//3865 5378//4115 5404//3876
f 5404//3876 5406//3927 5380//3865
f 5381//3847 5379//3843 5405//3899
f 5405//3899 5407//4097 5381//3847
f 5382//3869 5380//3865 5406//3927
f 5406//3927 5408//3880 5382//3869
f 5383//3851 5381//3847 5407//4097
f 5407//4097 5409//3903 5383//3851
f 5384//3814 5382//3869 5408//3880
f 5408//3880 5410//3882 5384//3814
f 5353//3855 5383//3851 5409//3903
f 5409//3903 5411//4100 5353//3855
f 5355//3815 5384//3814 5410//3882
f 5410//3882 5412//3886 5355//3815
f 5354//3859 5353//3855 5411//4100
f 5411//4100 5413//4124 5354//3859
f 5356//3823 5355//3815 5412//3886
f 5412//3886 5414//4125 5356//3823
f 5357//3863 5354//3859 5413//4124
f 5413//4124 5415//3926 5357//3863
f 5358//3829 5356//3823 5414//4125
f 5414//4125 5416//4126 5358//3829
f 5360//3947 5359//3906 5398//3890
f 5398//3890 5385//4116 5360//3947
f 5361//3867 5357//3863 5415//3926
f 5415//3926 5387//4105 5361//3867
f 5362//3835 5358//3829 5416//4126
f 5416//4126 5389//3895 5362//3835
f 5397//4120 5394//3900 5417//3845
f 5417//3845 5418//3934 5397//4120
f 5398//3890 5395//4118 5419//4127
f 5419//4127 5420//3906 5398//3890
f 5399//4112 5396//4119 5421//3821
f 5421//3821 5422//3827 5399//4112
f 5400//4121 5397//4120 5418//3934
f 5418//3934 5423//3853 5400//4121
f 5401//3894 5399//4112 5422//3827
f 5422//3827 5424//3833 5401//3894
f 5402//4122 5400//4121 5423//3853
f 5423//3853 5425//3936 5402//4122
f 5403//4123 5401//3894 5424//3833
f 5424//3833 5426//3839 5403//4123
f 5404//3876 5402//4122 5425//3936
f 5425//3936 5427//4115 5404//3876
f 5405//3899 5403//4123 5426//3839
f 5426//3839 5428//3843 5405//3899
f 5406//3927 5404//3876 5427//4115
f 5427//4115 5429//4128 5406//3927
f 5407//4097 5405//3899 5428//3843
f 5428//3843 5430//4129 5407//4097
f 5408//3880 5406//3927 5429//4128
f 5429//4128 5431//3869 5408//3880
f 5409//3903 5407//4097 5430//4129
f 5430//4129 5432//3851 5409//3903
f 5410//3882 5408//3880 5431//3869
f 5431//3869 5433//3941 5410//3882
f 5411//4100 5409//3903 5432//3851
f 5432//3851 5434//3935 5411//4100
f 5412//3886 5410//3882 5433//3941
f 5433//3941 5435//3944 5412//3886
f 5413//4124 5411//4100 5434//3935
f 5434//3935 5436//3859 5413//4124
f 5414//4125 5412//3886 5435//3944
f 5435//3944 5437//4130 5414//4125
f 5415//3926 5413//4124 5436//3859
f 5436//3859 5438//3863 5415//3926
f 5416//4126 5414//4125 5437//4130
f 5437//4130 5439//4131 5416//4126
f 5385//4116 5398//3890 5420//3906
f 5420//3906 5440//3947 5385//4116
f 5387//4105 5415//3926 5438//3863
f 5438//3863 5441//3867 5387//4105
f 5389//3895 5416//4126 5439//4131
f 5439//4131 5442//3835 5389//3895
f 5386//3896 5385//4116 5440//3947
f 5440//3947 5443//3837 5386//3896
f 5388//4117 5387//4105 5441//3867
f 5441//3867 5444//3871 5388//4117
f 5390//3884 5389//3895 5442//3835
f 5442//3835 5445//4132 5390//3884
f 5391//3898 5386//3896 5443//3837
f 5443//3837 5446//3841 5391//3898
f 5392//3883 5388//4117 5444//3871
f 5444//3871 5447//3818 5392//3883
f 5393//4108 5390//3884 5445//4132
f 5445//4132 5448//4093 5393//4108
f 5394//3900 5391//3898 5446//3841
f 5446//3841 5417//3845 5394//3900
f 5395//4118 5392//3883 5447//3818
f 5447//3818 5419//4127 5395//4118
f 5396//4119 5393//4108 5448//4093
f 5448//4093 5421//3821 5396//4119
f 5443//3837 5440//3947 5420//3906
f 5420//3906 5419//4127 5447//3818
f 5447//3818 5444//3871 5441//3867
f 5441//3867 5438//3863 5436//3859
f 5436//3859 5434//3935 5432//3851
f 5432//3851 5430//4129 5428//3843
f 5428//3843 5426//3839 5424//3833
f 5424//3833 5422//3827 5421//3821
f 5421//3821 5448//4093 5445//4132
f 5445//4132 5442//3835 5439//4131
f 5439//4131 5437//4130 5435//3944
f 5435//3944 5433//3941 5431//3869
f 5431//3869 5429//4128 5427//4115
f 5427//4115 5425//3936 5423//3853
f 5423//3853 5418//3934 5417//3845
f 5417//3845 5446//3841 5443//3837
f 5443//3837 5420//3906 5447//3818
f 5447//3818 5441//3867 5436//3859
f 5436//3859 5432//3851 5428//3843
f 5428//3843 5424//3833 5421//3821
f 5421//3821 5445//4132 5439//4131
f 5439//4131 5435//3944 5431//3869
f 5431//3869 5427//4115 5423//3853
f 5423//3853 5417//3845 5443//3837
f 5443//3837 5447//3818 5436//3859
f 5436//3859 5428//3843 5421//3821
f 5421//3821 5439//4131 5431//3869
f 5431//3869 5423//3853 5443//3837
f 5443//3837 5436//3859 5421//3821
f 5421//3821 5431//3869 5443//3837
f 5449//4133 5450//3964 5451//4134
f 5451//4134 5452//3971 5449//4133
f 5453//4006 5454//4002 5455//4003
f 5455//4003 5456//4007 5453//4006
f 5457//4135 5458//3968 5459//3969
f 5459//3969 5460//3975 5457//4135
f 5461//3976 5449//4133 5452//3971
f 5452//3971 5462//3977 5461//3976
f 5463//4010 5453//4006 5456//4007
f 5456//4007 5464//4011 5463//4010
f 5465//3949 5457//4135 5460//3975
f 5460//3975 5466//4136 5465//3949
f 5467//3980 5461//3976 5462//3977
f 5462//3977 5468//3981 5467//3980
f 5469//4137 5463//4010 5464//4011
f 5464//4011 5470//3958 5469//4137
f 5471//3948 5465//3949 5466//4136
f 5466//4136 5472//3951 5471//3948
f 5473//3984 5467//3980 5468//3981
f 5468//3981 5474//3985 5473//3984
f 5475//4138 5469//4137 5470//3958
f 5470//3958 5476//3959 5475//4138
f 5477//3960 5471//3948 5472//3951
f 5472//3951 5478//3961 5477//3960
f 5479//3988 5473//3984 5474//3985
f 5474//3985 5480//3989 5479//3988
f 5450//3964 5475//4138 5476//3959
f 5476//3959 5451//4134 5450//3964
f 5481//3966 5477//3960 5478//3961
f 5478//3961 5482//3967 5481//3966
f 5483//4139 5479//3988 5480//3989
f 5480//3989 5484//3993 5483//4139
f 5485//3972 5481//3966 5482//3967
f 5482//3967 5486//3973 5485//3972
f 5487//4140 5483//4139 5484//3993
f 5484//3993 5488//4141 5487//4140
f 5489//3978 5485//3972 5486//3973
f 5486//3973 5490//3979 5489//3978
f 5491//4000 5487//4140 5488//4141
f 5488//4141 5492//4142 5491//4000
f 5493//4143 5489//3978 5490//3979
f 5490//3979 5494//3983 5493//4143
f 5495//4004 5491//4000 5492//4142
f 5492//4142 5496//4005 5495//4004
f 5497//3986 5493//4143 5494//3983
f 5494//3983 5498//4048 5497//3986
f 5499//4008 5495//4004 5496//4005
f 5496//4005 5500//4009 5499//4008
f 5501//3990 5497//3986 5498//4048
f 5498//4048 5502//4144 5501//3990
f 5503//3953 5499//4008 5500//4009
f 5500//4009 5504//3954 5503//3953
f 5505//3994 5501//3990 5502//4144
f 5502//4144 5506//3995 5505//3994
f 5507//3952 5503//3953 5504//3954
f 5504//3954 5508//3955 5507//3952
f 5509//3998 5505//3994 5506//3995
f 5506//3995 5510//3999 5509//3998
f 5511//3962 5507//3952 5508//3955
f 5508//3955 5512//3963 5511//3962
f 5454//4002 5509//3998 5510//3999
f 5510//3999 5455//4003 5454//4002
f 5458//3968 5511//3962 5512//3963
f 5512//3963 5459//3969 5458//3968
f 5498//4048 5494//3983 5513//4145
f 5513//4145 5514//4146 5498//4048
f 5500//4009 5496//4005 5515//4018
f 5515//4018 5516//4020 5500//4009
f 5502//4144 5498//4048 5514//4146
f 5514//4146 5517//4147 5502//4144
f 5504//3954 5500//4009 5516//4020
f 5516//4020 5518//4022 5504//3954
f 5506//3995 5502//4144 5517//4147
f 5517//4147 5519//4148 5506//3995
f 5508//3955 5504//3954 5518//4022
f 5518//4022 5520//4026 5508//3955
f 5510//3999 5506//3995 5519//4148
f 5519//4148 5521//4015 5510//3999
f 5512//3963 5508//3955 5520//4026
f 5520//4026 5522//4029 5512//3963
f 5455//4003 5510//3999 5521//4015
f 5521//4015 5523//4149 5455//4003
f 5459//3969 5512//3963 5522//4029
f 5522//4029 5524//4054 5459//3969
f 5452//3971 5451//4134 5525//4030
f 5525//4030 5526//4150 5452//3971
f 5456//4007 5455//4003 5523//4149
f 5523//4149 5527//4151 5456//4007
f 5460//3975 5459//3969 5524//4054
f 5524//4054 5528//4152 5460//3975
f 5462//3977 5452//3971 5526//4150
f 5526//4150 5529//4153 5462//3977
f 5464//4011 5456//4007 5527//4151
f 5527//4151 5530//4021 5464//4011
f 5466//4136 5460//3975 5528//4152
f 5528//4152 5531//4024 5466//4136
f 5468//3981 5462//3977 5529//4153
f 5529//4153 5532//4154 5468//3981
f 5470//3958 5464//4011 5530//4021
f 5530//4021 5533//4155 5470//3958
f 5472//3951 5466//4136 5531//4024
f 5531//4024 5534//4156 5472//3951
f 5474//3985 5468//3981 5532//4154
f 5532//4154 5535//4157 5474//3985
f 5476//3959 5470//3958 5533//4155
f 5533//4155 5536//4052 5476//3959
f 5478//3961 5472//3951 5534//4156
f 5534//4156 5537//4028 5478//3961
f 5480//3989 5474//3985 5535//4157
f 5535//4157 5538//4042 5480//3989
f 5451//4134 5476//3959 5536//4052
f 5536//4052 5525//4030 5451//4134
f 5482//3967 5478//3961 5537//4028
f 5537//4028 5539//4031 5482//3967
f 5484//3993 5480//3989 5538//4042
f 5538//4042 5540//4158 5484//3993
f 5486//3973 5482//3967 5539//4031
f 5539//4031 5541//4034 5486//3973
f 5488//4141 5484//3993 5540//4158
f 5540//4158 5542//4159 5488//4141
f 5490//3979 5486//3973 5541//4034
f 5541//4034 5543//4160 5490//3979
f 5492//4142 5488//4141 5542//4159
f 5542//4159 5544//4016 5492//4142
f 5494//3983 5490//3979 5543//4160
f 5543//4160 5513//4145 5494//3983
f 5496//4005 5492//4142 5544//4016
f 5544//4016 5515//4018 5496//4005
f 5521//4015 5519//4148 5545//3995
f 5545//3995 5546//3999 5521//4015
f 5522//4029 5520//4026 5547//3955
f 5547//3955 5548//3963 5522//4029
f 5523//4149 5521//4015 5546//3999
f 5546//3999 5549//4003 5523//4149
f 5524//4054 5522//4029 5548//3963
f 5548//3963 5550//3969 5524//4054
f 5526//4150 5525//4030 5551//4134
f 5551//4134 5552//3971 5526//4150
f 5527//4151 5523//4149 5549//4003
f 5549//4003 5553//4007 5527//4151
f 5528//4152 5524//4054 5550//3969
f 5550//3969 5554//4047 5528//4152
f 5529//4153 5526//4150 5552//3971
f 5552//3971 5555//3977 5529//4153
f 5530//4021 5527//4151 5553//4007
f 5553//4007 5556//4011 5530//4021
f 5531//4024 5528//4152 5554//4047
f 5554//4047 5557//3950 5531//4024
f 5532//4154 5529//4153 5555//3977
f 5555//3977 5558//3981 5532//4154
f 5533//4155 5530//4021 5556//4011
f 5556//4011 5559//3958 5533//4155
f 5534//4156 5531//4024 5557//3950
f 5557//3950 5560//3951 5534//4156
f 5535//4157 5532//4154 5558//3981
f 5558//3981 5561//3985 5535//4157
f 5536//4052 5533//4155 5559//3958
f 5559//3958 5562//4045 5536//4052
f 5537//4028 5534//4156 5560//3951
f 5560//3951 5563//3961 5537//4028
f 5538//4042 5535//4157 5561//3985
f 5561//3985 5564//3989 5538//4042
f 5525//4030 5536//4052 5562//4045
f 5562//4045 5551//4134 5525//4030
f 5539//4031 5537//4028 5563//3961
f 5563//3961 5565//3967 5539//4031
f 5540//4158 5538//4042 5564//3989
f 5564//3989 5566//3993 5540//4158
f 5541//4034 5539//4031 5565//3967
f 5565//3967 5567//3973 5541//4034
f 5542//4159 5540//4158 5566//3993
f 5566//3993 5568//3997 5542//4159
f 5543//4160 5541//4034 5567//3973
f 5567//3973 5569//3979 5543//4160
f 5544//4016 5542//4159 5568//3997
f 5568//3997 5570//4001 5544//4016
f 5513//4145 5543//4160 5569//3979
f 5569//3979 5571//3983 5513//4145
f 5515//4018 5544//4016 5570//4001
f 5570//4001 5572//4005 5515//4018
f 5514//4146 5513//4145 5571//3983
f 5571//3983 5573//3987 5514//4146
f 5516//4020 5515//4018 5572//4005
f 5572//4005 5574//4009 5516//4020
f 5517//4147 5514//4146 5573//3987
f 5573//3987 5575//3991 5517//4147
f 5518//4022 5516//4020 5574//4009
f 5574//4009 5576//3954 5518//4022
f 5519//4148 5517//4147 5575//3991
f 5575//3991 5545//3995 5519//4148
f 5520//4026 5518//4022 5576//3954
f 5576//3954 5547//3955 5520//4026
f 5555//3977 5552//3971 5577//4161
f 5577//4161 5578//4036 5555//3977
f 5556//4011 5553//4007 5579//4064
f 5579//4064 5580//4021 5556//4011
f 5557//3950 5554//4047 5581//4162
f 5581//4162 5582//4024 5557//3950
f 5558//3981 5555//3977 5578//4036
f 5578//4036 5583//4154 5558//3981
f 5559//3958 5556//4011 5580//4021
f 5580//4021 5584//4163 5559//3958
f 5560//3951 5557//3950 5582//4024
f 5582//4024 5585//4050 5560//3951
f 5561//3985 5558//3981 5583//4154
f 5583//4154 5586//4157 5561//3985
f 5562//4045 5559//3958 5584//4163
f 5584//4163 5587//4164 5562//4045
f 5563//3961 5560//3951 5585//4050
f 5585//4050 5588//4028 5563//3961
f 5564//3989 5561//3985 5586//4157
f 5586//4157 5589//4042 5564//3989
f 5551//4134 5562//4045 5587//4164
f 5587//4164 5590//4030 5551//4134
f 5565//3967 5563//3961 5588//4028
f 5588//4028 5591//4031 5565//3967
f 5566//3993 5564//3989 5589//4042
f 5589//4042 5592//4060 5566//3993
f 5567//3973 5565//3967 5591//4031
f 5591//4031 5593//4034 5567//3973
f 5568//3997 5566//3993 5592//4060
f 5592//4060 5594//4159 5568//3997
f 5569//3979 5567//3973 5593//4034
f 5593//4034 5595//4056 5569//3979
f 5570//4001 5568//3997 5594//4159
f 5594//4159 5596//4016 5570//4001
f 5571//3983 5569//3979 5595//4056
f 5595//4056 5597//4145 5571//3983
f 5572//4005 5570//4001 5596//4016
f 5596//4016 5598//4018 5572//4005
f 5573//3987 5571//3983 5597//4145
f 5597//4145 5599//4146 5573//3987
f 5574//4009 5572//4005 5598//4018
f 5598//4018 5600//4020 5574//4009
f 5575//3991 5573//3987 5599//4146
f 5599//4146 5601//4147 5575//3991
f 5576//3954 5574//4009 5600//4020
f 5600//4020 5602//4165 5576//3954
f 5545//3995 5575//3991 5601//4147
f 5601//4147 5603//4061 5545//3995
f 5547//3955 5576//3954 5602//4165
f 5602//4165 5604//4026 5547//3955
f 5546//3999 5545//3995 5603//4061
f 5603//4061 5605//4015 5546//3999
f 5548//3963 5547//3955 5604//4026
f 5604//4026 5606//4029 5548//3963
f 5549//4003 5546//3999 5605//4015
f 5605//4015 5607//4166 5549//4003
f 5550//3969 5548//3963 5606//4029
f 5606//4029 5608//4167 5550//3969
f 5552//3971 5551//4134 5590//4030
f 5590//4030 5577//4161 5552//3971
f 5553//4007 5549//4003 5607//4166
f 5607//4166 5579//4064 5553//4007
f 5554//4047 5550//3969 5608//4167
f 5608//4167 5581//4162 5554//4047
f 5589//4042 5586//4157 5609//4168
f 5609//4168 5610//3989 5589//4042
f 5590//4030 5587//4164 5611//4045
f 5611//4045 5612//3965 5590//4030
f 5591//4031 5588//4028 5613//3961
f 5613//3961 5614//3967 5591//4031
f 5592//4060 5589//4042 5610//3989
f 5610//3989 5615//3993 5592//4060
f 5593//4034 5591//4031 5614//3967
f 5614//3967 5616//4169 5593//4034
f 5594//4159 5592//4060 5615//3993
f 5615//3993 5617//3997 5594//4159
f 5595//4056 5593//4034 5616//4169
f 5616//4169 5618//3979 5595//4056
f 5596//4016 5594//4159 5617//3997
f 5617//3997 5619//4170 5596//4016
f 5597//4145 5595//4056 5618//3979
f 5618//3979 5620//4171 5597//4145
f 5598//4018 5596//4016 5619//4170
f 5619//4170 5621//4005 5598//4018
f 5599//4146 5597//4145 5620//4171
f 5620//4171 5622//4048 5599//4146
f 5600//4020 5598//4018 5621//4005
f 5621//4005 5623//4009 5600//4020
f 5601//4147 5599//4146 5622//4048
f 5622//4048 5624//4144 5601//4147
f 5602//4165 5600//4020 5623//4009
f 5623//4009 5625//4074 5602//4165
f 5603//4061 5601//4147 5624//4144
f 5624//4144 5626//3995 5603//4061
f 5604//4026 5602//4165 5625//4074
f 5625//4074 5627//4075 5604//4026
f 5605//4015 5603//4061 5626//3995
f 5626//3995 5628//3999 5605//4015
f 5606//4029 5604//4026 5627//4075
f 5627//4075 5629//3963 5606//4029
f 5607//4166 5605//4015 5628//3999
f 5628//3999 5630//4003 5607//4166
f 5608//4167 5606//4029 5629//3963
f 5629//3963 5631//3969 5608//4167
f 5577//4161 5590//4030 5612//3965
f 5612//3965 5632//4172 5577//4161
f 5579//4064 5607//4166 5630//4003
f 5630//4003 5633//4073 5579//4064
f 5581//4162 5608//4167 5631//3969
f 5631//3969 5634//4047 5581//4162
f 5578//4036 5577//4161 5632//4172
f 5632//4172 5635//3977 5578//4036
f 5580//4021 5579//4064 5633//4073
f 5633//4073 5636//4011 5580//4021
f 5582//4024 5581//4162 5634//4047
f 5634//4047 5637//4173 5582//4024
f 5583//4154 5578//4036 5635//3977
f 5635//3977 5638//4068 5583//4154
f 5584//4163 5580//4021 5636//4011
f 5636//4011 5639//3958 5584//4163
f 5585//4050 5582//4024 5637//4173
f 5637//4173 5640//4174 5585//4050
f 5586//4157 5583//4154 5638//4068
f 5638//4068 5609//4168 5586//4157
f 5587//4164 5584//4163 5639//3958
f 5639//3958 5611//4045 5587//4164
f 5588//4028 5585//4050 5640//4174
f 5640//4174 5613//3961 5588//4028
f 5635//3977 5632//4172 5612//3965
f 5612//3965 5611//4045 5639//3958
f 5639//3958 5636//4011 5633//4073
f 5633//4073 5630//4003 5628//3999
f 5628//3999 5626//3995 5624//4144
f 5624//4144 5622//4048 5620//4171
f 5620//4171 5618//3979 5616//4169
f 5616//4169 5614//3967 5613//3961
f 5613//3961 5640//4174 5637//4173
f 5637//4173 5634//4047 5631//3969
f 5631//3969 5629//3963 5627//4075
f 5627//4075 5625//4074 5623//4009
f 5623//4009 5621//4005 5619//4170
f 5619//4170 5617//3997 5615//3993
f 5615//3993 5610//3989 5609//4168
f 5609//4168 5638//4068 5635//3977
f 5635//3977 5612//3965 5639//3958
f 5639//3958 5633//4073 5628//3999
f 5628//3999 5624//4144 5620//4171
f 5620//4171 5616//4169 5613//3961
f 5613//3961 5637//4173 5631//3969
f 5631//3969 5627//4075 5623//4009
f 5623//4009 5619//4170 5615//3993
f 5615//3993 5609//4168 5635//3977
f 5635//3977 5639//3958 5628//3999
f 5628//3999 5620//4171 5613//3961
f 5613//3961 5631//3969 5623//4009
f 5623//4009 5615//3993 5635//3977
f 5635//3977 5628//3999 5613//3961
f 5613//3961 5623//4009 5635//3977
f 459//407 523//459 399//354
f 399//354 398//353 459//407
f 459//407 338//301 404//359
f 2278//1677 2276//1675 2486//1860
f 2486//1860 2491//1865 2278//1677
f 2278//1677 2131//1544 2130//1543
f 5641//4175 5642//4176 5643//4177
f 5643//4177 5644//4178 5641//4175
f 5645//4179 5646//4180 5647//4181
f 5647//4181 5648//4182 5645//4179
f 5649//4183 5650//4184 5651//4185
f 5651//4185 5652//4186 5649//4183
f 5653//4187 5641//4175 5644//4178
f 5644//4178 5654//4188 5653//4187
f 5655//4189 5645//4179 5648//4182
f 5648//4182 5656//4190 5655//4189
f 5657//4191 5649//4183 5652//4186
f 5652//4186 5658//4192 5657//4191
f 5659//4193 5653//4187 5654//4188
f 5654//4188 5660//4194 5659//4193
f 5661//4195 5655//4189 5656//4190
f 5656//4190 5662//4196 5661//4195
f 5663//4197 5657//4191 5658//4192
f 5658//4192 5664//4198 5663//4197
f 5665//4199 5659//4193 5660//4194
f 5660//4194 5666//4200 5665//4199
f 5667//4201 5661//4195 5662//4196
f 5662//4196 5668//4202 5667//4201
f 5669//4203 5663//4197 5664//4198
f 5664//4198 5670//4204 5669//4203
f 5671//4205 5665//4199 5666//4200
f 5666//4200 5672//4206 5671//4205
f 5673//4207 5667//4201 5668//4202
f 5668//4202 5674//4208 5673//4207
f 5675//4209 5669//4203 5670//4204
f 5670//4204 5676//4177 5675//4209
f 5677//4210 5671//4205 5672//4206
f 5672//4206 5678//4211 5677//4210
f 5679//4212 5675//4209 5676//4177
f 5676//4177 5680//4178 5679//4212
f 5681//4213 5677//4210 5678//4211
f 5678//4211 5682//4214 5681//4213
f 5683//4215 5679//4212 5680//4178
f 5680//4178 5684//4188 5683//4215
f 5685//4216 5681//4213 5682//4214
f 5682//4214 5686//4217 5685//4216
f 5687//4218 5683//4215 5684//4188
f 5684//4188 5688//4219 5687//4218
f 5689//4220 5685//4216 5686//4217
f 5686//4217 5690//4221 5689//4220
f 5691//4199 5687//4218 5688//4219
f 5688//4219 5692//4200 5691//4199
f 5693//4222 5689//4220 5690//4221
f 5690//4221 5694//4223 5693//4222
f 5695//4224 5691//4199 5692//4200
f 5692//4200 5696//4206 5695//4224
f 5697//4225 5693//4222 5694//4223
f 5694//4223 5698//4226 5697//4225
f 5699//4227 5695//4224 5696//4206
f 5696//4206 5700//4228 5699//4227
f 5701//4229 5697//4225 5698//4226
f 5698//4226 5702//4230 5701//4229
f 5703//4231 5699//4227 5700//4228
f 5700//4228 5704//4214 5703//4231
f 5705//4232 5701//4229 5702//4230
f 5702//4230 5706//4233 5705//4232
f 5707//4234 5703//4231 5704//4214
f 5704//4214 5708//4217 5707//4234
f 5709//4235 5705//4232 5706//4233
f 5706//4233 5710//4236 5709//4235
f 5711//4237 5707//4234 5708//4217
f 5708//4217 5712//4221 5711//4237
f 5713//4238 5709//4235 5710//4236
f 5710//4236 5714//4239 5713//4238
f 5715//4240 5711//4237 5712//4221
f 5712//4221 5716//4223 5715//4240
f 5717//4241 5713//4238 5714//4239
f 5714//4239 5718//4242 5717//4241
f 5719//4243 5715//4240 5716//4223
f 5716//4223 5720//4244 5719//4243
f 5721//4245 5717//4241 5718//4242
f 5718//4242 5722//4246 5721//4245
f 5723//4229 5719//4243 5720//4244
f 5720//4244 5724//4230 5723//4229
f 5725//4247 5721//4245 5722//4246
f 5722//4246 5726//4248 5725//4247
f 5727//4249 5723//4229 5724//4230
f 5724//4230 5728//4250 5727//4249
f 5729//4251 5725//4247 5726//4248
f 5726//4248 5730//4252 5729//4251
f 5731//4235 5727//4249 5728//4250
f 5728//4250 5732//4253 5731//4235
f 5733//4254 5729//4251 5730//4252
f 5730//4252 5734//4255 5733//4254
f 5735//4256 5731//4235 5732//4253
f 5732//4253 5736//4257 5735//4256
f 5737//4258 5733//4254 5734//4255
f 5734//4255 5738//4259 5737//4258
f 5739//4260 5740//4207 5741//4208
f 5741//4208 5742//4261 5739//4260
f 5743//4241 5735//4256 5736//4257
f 5736//4257 5744//4262 5743//4241
f 5745//4263 5737//4258 5738//4259
f 5738//4259 5746//4182 5745//4263
f 5747//4183 5739//4260 5742//4261
f 5742//4261 5748//4186 5747//4183
f 5749//4264 5743//4241 5744//4262
f 5744//4262 5750//4246 5749//4264
f 5751//4265 5745//4263 5746//4182
f 5746//4182 5752//4190 5751//4265
f 5753//4266 5747//4183 5748//4186
f 5748//4186 5754//4192 5753//4266
f 5755//4247 5749//4264 5750//4246
f 5750//4246 5756//4248 5755//4247
f 5757//4195 5751//4265 5752//4190
f 5752//4190 5758//4196 5757//4195
f 5759//4197 5753//4266 5754//4192
f 5754//4192 5760//4198 5759//4197
f 5761//4267 5755//4247 5756//4248
f 5756//4248 5762//4252 5761//4267
f 5763//4268 5757//4195 5758//4196
f 5758//4196 5764//4202 5763//4268
f 5765//4269 5759//4197 5760//4198
f 5760//4198 5766//4270 5765//4269
f 5767//4254 5761//4267 5762//4252
f 5762//4252 5768//4255 5767//4254
f 5740//4207 5763//4268 5764//4202
f 5764//4202 5741//4208 5740//4207
f 5642//4176 5765//4269 5766//4270
f 5766//4270 5643//4177 5642//4176
f 5646//4180 5767//4254 5768//4255
f 5768//4255 5647//4181 5646//4180
f 5650//4184 5673//4207 5674//4208
f 5674//4208 5651//4185 5650//4184
f 5740//4207 5739//4260 5747//4183
f 5747//4183 5753//4266 5759//4197
f 5759//4197 5765//4269 5642//4176
f 5642//4176 5641//4175 5653//4187
f 5653//4187 5659//4193 5665//4199
f 5665//4199 5671//4205 5677//4210
f 5677//4210 5681//4213 5685//4216
f 5685//4216 5689//4220 5693//4222
f 5693//4222 5697//4225 5701//4229
f 5701//4229 5705//4232 5709//4235
f 5709//4235 5713//4238 5717//4241
f 5717//4241 5721//4245 5725//4247
f 5725//4247 5729//4251 5733//4254
f 5733//4254 5737//4258 5745//4263
f 5745//4263 5751//4265 5757//4195
f 5757//4195 5763//4268 5740//4207
f 5740//4207 5747//4183 5759//4197
f 5759//4197 5642//4176 5653//4187
f 5653//4187 5665//4199 5677//4210
f 5677//4210 5685//4216 5693//4222
f 5693//4222 5701//4229 5709//4235
f 5709//4235 5717//4241 5725//4247
f 5725//4247 5733//4254 5745//4263
f 5745//4263 5757//4195 5740//4207
f 5740//4207 5759//4197 5653//4187
f 5653//4187 5677//4210 5693//4222
f 5693//4222 5709//4235 5725//4247
f 5725//4247 5745//4263 5740//4207
f 5740//4207 5653//4187 5693//4222
f 5693//4222 5725//4247 5740//4207
f 5673//4207 5650//4184 5649//4183
f 5649//4183 5657//4191 5663//4197
f 5663//4197 5669//4203 5675//4209
f 5675//4209 5679//4212 5683//4215
f 5683//4215 5687//4218 5691//4199
f 5691//4199 5695//4224 5699//4227
f 5699//4227 5703//4231 5707//4234
f 5707//4234 5711//4237 5715//4240
f 5715//4240 5719//4243 5723//4229
f 5723//4229 5727//4249 5731//4235
f 5731//4235 5735//4256 5743//4241
f 5743//4241 5749//4264 5755//4247
f 5755//4247 5761//4267 5767//4254
f 5767//4254 5646//4180 5645//4179
f 5645//4179 5655//4189 5661//4195
f 5661//4195 5667//4201 5673//4207
f 5673//4207 5649//4183 5663//4197
f 5663//4197 5675//4209 5683//4215
f 5683//4215 5691//4199 5699//4227
f 5699//4227 5707//4234 5715//4240
f 5715//4240 5723//4229 5731//4235
f 5731//4235 5743//4241 5755//4247
f 5755//4247 5767//4254 5645//4179
f 5645//4179 5661//4195 5673//4207
f 5673//4207 5663//4197 5683//4215
f 5683//4215 5699//4227 5715//4240
f 5715//4240 5731//4235 5755//4247
f 5755//4247 5645//4179 5673//4207
f 5673//4207 5683//4215 5715//4240
f 5715//4240 5755//4247 5673//4207
f 5769//4271 5770//4272 5771//4273
f 5771//4273 5772//4274 5769//4271
f 5773//4275 5774//4276 5775//4277
f 5775//4277 5776//4278 5773//4275
f 5777//4279 5778//4280 5779//4281
f 5779//4281 5780//4282 5777//4279
f 5781//4283 5782//4284 5770//4272
f 5770//4272 5769//4271 5781//4283
f 5783//4285 5784//4286 5774//4276
f 5774//4276 5773//4275 5783//4285
f 5785//4287 5786//4288 5778//4280
f 5778//4280 5777//4279 5785//4287
f 5787//4289 5788//4290 5782//4284
f 5782//4284 5781//4283 5787//4289
f 5789//4291 5790//4292 5784//4286
f 5784//4286 5783//4285 5789//4291
f 5791//4293 5792//4294 5786//4288
f 5786//4288 5785//4287 5791//4293
f 5793//4295 5794//4296 5788//4290
f 5788//4290 5787//4289 5793//4295
f 5795//4297 5796//4298 5790//4292
f 5790//4292 5789//4291 5795//4297
f 5797//4299 5798//4300 5792//4294
f 5792//4294 5791//4293 5797//4299
f 5799//4301 5800//4302 5794//4296
f 5794//4296 5793//4295 5799//4301
f 5801//4303 5802//4304 5796//4298
f 5796//4298 5795//4297 5801//4303
f 5803//4305 5804//4273 5798//4300
f 5798//4300 5797//4299 5803//4305
f 5805//4306 5806//4307 5800//4302
f 5800//4302 5799//4301 5805//4306
f 5807//4308 5808//4309 5804//4273
f 5804//4273 5803//4305 5807//4308
f 5809//4310 5810//4311 5806//4307
f 5806//4307 5805//4306 5809//4310
f 5811//4312 5812//4284 5808//4309
f 5808//4309 5807//4308 5811//4312
f 5813//4313 5814//4314 5810//4311
f 5810//4311 5809//4310 5813//4313
f 5815//4315 5816//4290 5812//4284
f 5812//4284 5811//4312 5815//4315
f 5817//4316 5818//4317 5814//4314
f 5814//4314 5813//4313 5817//4316
f 5819//4318 5820//4296 5816//4290
f 5816//4290 5815//4315 5819//4318
f 5821//4319 5822//4320 5818//4317
f 5818//4317 5817//4316 5821//4319
f 5823//4321 5824//4322 5820//4296
f 5820//4296 5819//4318 5823//4321
f 5825//4323 5826//4324 5822//4320
f 5822//4320 5821//4319 5825//4323
f 5827//4325 5828//4326 5824//4322
f 5824//4322 5823//4321 5827//4325
f 5829//4327 5830//4328 5826//4324
f 5826//4324 5825//4323 5829//4327
f 5831//4329 5832//4311 5828//4326
f 5828//4326 5827//4325 5831//4329
f 5833//4330 5834//4331 5830//4328
f 5830//4328 5829//4327 5833//4330
f 5835//4313 5836//4314 5832//4311
f 5832//4311 5831//4329 5835//4313
f 5837//4332 5838//4333 5834//4331
f 5834//4331 5833//4330 5837//4332
f 5839//4334 5840//4317 5836//4314
f 5836//4314 5835//4313 5839//4334
f 5841//4335 5842//4336 5838//4333
f 5838//4333 5837//4332 5841//4335
f 5843//4337 5844//4320 5840//4317
f 5840//4317 5839//4334 5843//4337
f 5845//4338 5846//4339 5842//4336
f 5842//4336 5841//4335 5845//4338
f 5847//4340 5848//4324 5844//4320
f 5844//4320 5843//4337 5847//4340
f 5849//4341 5850//4342 5846//4339
f 5846//4339 5845//4338 5849//4341
f 5851//4343 5852//4328 5848//4324
f 5848//4324 5847//4340 5851//4343
f 5853//4344 5854//4345 5850//4342
f 5850//4342 5849//4341 5853//4344
f 5855//4346 5856//4331 5852//4328
f 5852//4328 5851//4343 5855//4346
f 5857//4347 5858//4348 5854//4345
f 5854//4345 5853//4344 5857//4347
f 5859//4349 5860//4350 5856//4331
f 5856//4331 5855//4346 5859//4349
f 5861//4351 5862//4352 5858//4348
f 5858//4348 5857//4347 5861//4351
f 5863//4353 5864//4354 5860//4350
f 5860//4350 5859//4349 5863//4353
f 5865//4278 5866//4277 5862//4352
f 5862//4352 5861//4351 5865//4278
f 5867//4355 5868//4356 5869//4304
f 5869//4304 5870//4303 5867//4355
f 5871//4338 5872//4357 5864//4354
f 5864//4354 5863//4353 5871//4338
f 5873//4358 5874//4359 5866//4277
f 5866//4277 5865//4278 5873//4358
f 5875//4360 5876//4280 5868//4356
f 5868//4356 5867//4355 5875//4360
f 5877//4361 5878//4362 5872//4357
f 5872//4357 5871//4338 5877//4361
f 5879//4363 5880//4286 5874//4359
f 5874//4359 5873//4358 5879//4363
f 5881//4364 5882//4288 5876//4280
f 5876//4280 5875//4360 5881//4364
f 5883//4365 5884//4345 5878//4362
f 5878//4362 5877//4361 5883//4365
f 5885//4291 5886//4366 5880//4286
f 5880//4286 5879//4363 5885//4291
f 5887//4293 5888//4294 5882//4288
f 5882//4288 5881//4364 5887//4293
f 5889//4367 5890//4348 5884//4345
f 5884//4345 5883//4365 5889//4367
f 5891//4368 5892//4298 5886//4366
f 5886//4366 5885//4291 5891//4368
f 5893//4369 5894//4370 5888//4294
f 5888//4294 5887//4293 5893//4369
f 5895//4351 5896//4352 5890//4348
f 5890//4348 5889//4367 5895//4351
f 5870//4303 5869//4304 5892//4298
f 5892//4298 5891//4368 5870//4303
f 5772//4274 5771//4273 5894//4370
f 5894//4370 5893//4369 5772//4274
f 5776//4278 5775//4277 5896//4352
f 5896//4352 5895//4351 5776//4278
f 5780//4282 5779//4281 5802//4304
f 5802//4304 5801//4303 5780//4282
f 5875//4360 5867//4355 5870//4303
f 5870//4303 5891//4368 5885//4291
f 5885//4291 5879//4363 5873//4358
f 5873//4358 5865//4278 5861//4351
f 5861//4351 5857//4347 5853//4344
f 5853//4344 5849//4341 5845//4338
f 5845//4338 5841//4335 5837//4332
f 5837//4332 5833//4330 5829//4327
f 5829//4327 5825//4323 5821//4319
f 5821//4319 5817//4316 5813//4313
f 5813//4313 5809//4310 5805//4306
f 5805//4306 5799//4301 5793//4295
f 5793//4295 5787//4289 5781//4283
f 5781//4283 5769//4271 5772//4274
f 5772//4274 5893//4369 5887//4293
f 5887//4293 5881//4364 5875//4360
f 5875//4360 5870//4303 5885//4291
f 5885//4291 5873//4358 5861//4351
f 5861//4351 5853//4344 5845//4338
f 5845//4338 5837//4332 5829//4327
f 5829//4327 5821//4319 5813//4313
f 5813//4313 5805//4306 5793//4295
f 5793//4295 5781//4283 5772//4274
f 5772//4274 5887//4293 5875//4360
f 5875//4360 5885//4291 5861//4351
f 5861//4351 5845//4338 5829//4327
f 5829//4327 5813//4313 5793//4295
f 5793//4295 5772//4274 5875//4360
f 5875//4360 5861//4351 5829//4327
f 5829//4327 5793//4295 5875//4360
f 5777//4279 5780//4282 5801//4303
f 5801//4303 5795//4297 5789//4291
f 5789//4291 5783//4285 5773//4275
f 5773//4275 5776//4278 5895//4351
f 5895//4351 5889//4367 5883//4365
f 5883//4365 5877//4361 5871//4338
f 5871//4338 5863//4353 5859//4349
f 5859//4349 5855//4346 5851//4343
f 5851//4343 5847//4340 5843//4337
f 5843//4337 5839//4334 5835//4313
f 5835//4313 5831//4329 5827//4325
f 5827//4325 5823//4321 5819//4318
f 5819//4318 5815//4315 5811//4312
f 5811//4312 5807//4308 5803//4305
f 5803//4305 5797//4299 5791//4293
f 5791//4293 5785//4287 5777//4279
f 5777//4279 5801//4303 5789//4291
f 5789//4291 5773//4275 5895//4351
f 5895//4351 5883//4365 5871//4338
f 5871//4338 5859//4349 5851//4343
f 5851//4343 5843//4337 5835//4313
f 5835//4313 5827//4325 5819//4318
f 5819//4318 5811//4312 5803//4305
f 5803//4305 5791//4293 5777//4279
f 5777//4279 5789//4291 5895//4351
f 5895//4351 5871//4338 5851//4343
f 5851//4343 5835//4313 5819//4318
f 5819//4318 5803//4305 5777//4279
f 5777//4279 5895//4351 5851//4343
f 5851//4343 5819//4318 5777//4279
