# Blender 4.2.2 LTS
# www.blender.org
mtllib MRV.mtl
o Deep_Space_Network_34-meter_Antenna
v 0.242975 -0.458516 0.075961
v 0.336035 -0.365456 0.448205
v -0.036208 -0.272395 0.355144
v -2.962686 5.351991 0.834864
v -2.979681 5.522181 0.834864
v -2.962686 5.351991 -0.535419
v -2.979681 5.522181 -0.535419
v 0.448949 5.971501 0.065781
v -0.152839 5.972347 0.461970
v 0.149914 6.992232 0.261356
v 1.664709 3.486895 -0.827756
v 1.664709 3.491623 -0.365643
v -0.812496 3.489261 -0.596700
v 1.854400 3.489258 -0.365644
v 1.626772 3.489259 -3.043767
v 2.082028 3.489259 -3.043767
v 0.151912 2.219929 -1.431693
v -0.079735 2.219927 -3.043767
v 0.383559 2.219927 -3.043767
v -1.504707 0.583624 -1.777616
v 1.206508 0.583624 -2.362643
v 1.206508 0.583624 -1.192589
v 0.858162 4.550581 -2.133211
v -0.499226 4.593734 -2.734164
v 0.858162 4.550581 -2.753370
v 3.282328 5.533934 0.155337
v -3.052510 5.533899 0.896962
v -3.052510 5.533899 -0.586289
v 1.329283 4.550571 -1.903042
v -0.499074 4.550581 -1.651629
v -0.499074 4.550581 -2.154456
v -1.490525 1.464119 -0.686747
v 1.204144 1.464118 0.315481
v -1.490525 1.464120 1.317709
v 1.170931 5.454748 -0.546653
v 1.090958 5.454859 -0.614415
v 1.130945 5.460487 -0.579853
v 1.130944 5.395547 -0.654080
v 1.090958 5.401374 -0.687208
v 1.170931 5.401255 -0.619488
v 1.130944 5.338219 -0.727358
v 1.090958 5.344053 -0.760472
v 1.170931 5.344119 -0.692708
v 1.130944 5.280898 -0.800625
v 1.090958 5.286729 -0.833745
v 1.170931 5.286800 -0.765984
v 1.130945 5.223857 -0.876155
v 1.090958 5.229775 -0.909346
v 1.170931 5.229293 -0.841676
v 1.130945 5.166397 -0.949481
v 1.090958 5.172271 -0.982641
v 1.170931 5.171956 -0.914948
v 1.130944 5.108926 -1.020466
v 1.090958 5.114758 -1.053596
v 1.170931 5.114651 -0.985855
v 1.130944 5.051166 -1.095990
v 1.090958 5.057040 -1.129177
v 1.170931 5.056734 -1.061475
v 1.130944 4.993845 -1.169266
v 1.090958 4.999725 -1.202452
v 1.170931 4.999415 -1.134752
v 1.130944 4.936524 -1.242542
v 1.090958 4.942405 -1.275746
v 1.170931 4.941914 -1.208074
v 1.130945 4.879203 -1.315850
v 1.090958 4.885077 -1.349007
v 1.170931 4.884964 -1.281272
v 1.130944 4.821883 -1.391458
v 1.090958 4.827744 -1.424665
v 1.170931 4.827267 -1.356989
v 1.130945 4.764570 -1.464763
v 1.090958 4.770434 -1.497938
v 1.170931 4.770124 -1.430236
v 1.130945 4.707244 -1.535678
v 1.090958 4.713130 -1.568849
v 1.170931 4.712818 -1.501149
v 1.130945 4.649923 -1.611317
v 1.090958 4.655792 -1.644492
v 1.170931 4.655498 -1.576787
v 1.257602 5.481095 -0.502555
v 1.260951 4.606315 -1.669794
v 1.264299 5.529606 -0.540287
v 0.997590 5.481095 -0.502555
v 1.000939 4.606315 -1.669794
v 1.004287 5.529606 -0.540287
v 0.839694 4.506780 -2.389010
v 0.873273 4.504678 -2.428997
v 0.807373 4.520185 -2.349023
v 0.897514 4.434242 -2.389010
v 0.931171 4.432391 -2.428997
v 0.865258 4.447522 -2.349023
v 0.955306 4.361279 -2.389009
v 0.989009 4.359757 -2.428996
v 0.923106 4.374496 -2.349024
v 1.015536 4.287998 -2.389010
v 1.049204 4.286345 -2.428996
v 0.983302 4.301292 -2.349023
v 1.073389 4.215161 -2.389010
v 1.107032 4.213125 -2.428996
v 1.041132 4.228643 -2.349023
v 1.129080 4.142849 -2.389010
v 1.162635 4.140260 -2.428996
v 1.096716 4.156354 -2.349023
v 1.188996 4.069193 -2.389010
v 1.222681 4.067258 -2.428996
v 1.156760 4.082583 -2.349023
v 1.246847 3.996204 -2.389009
v 1.280558 3.994402 -2.428996
v 1.214631 4.009346 -2.349023
v 1.304713 3.923228 -2.389009
v 1.338382 3.921188 -2.428996
v 1.272461 3.936512 -2.349023
v 1.362639 3.850379 -2.389009
v 1.396215 3.848359 -2.428996
v 1.330354 3.864434 -2.349023
v 1.422846 3.776963 -2.389009
v 1.456395 3.774577 -2.428996
v 1.390508 3.790847 -2.349023
v 1.480706 3.704123 -2.389010
v 1.514285 3.702097 -2.428996
v 1.448411 3.717986 -2.349023
v 1.536268 3.631968 -2.389009
v 1.569928 3.629977 -2.428996
v 1.503996 3.645106 -2.349023
v 1.596401 3.558593 -2.389010
v 1.630049 3.556607 -2.428996
v 1.564150 3.572116 -2.349023
v 0.824858 4.533874 -2.259003
v 1.619089 3.483215 -2.255655
v 1.667103 3.521578 -2.262352
v 0.824858 4.533874 -2.519016
v 1.619089 3.483215 -2.515667
v 1.667103 3.521578 -2.522364
v 1.021450 1.365819 -0.657053
v 0.981463 1.364339 -0.690663
v 1.061436 1.378881 -0.624519
v 1.021450 1.294008 -0.716179
v 0.981463 1.292718 -0.749846
v 1.061436 1.306690 -0.683667
v 1.021450 1.221812 -0.777618
v 0.981463 1.220190 -0.811249
v 1.061436 1.234739 -0.745090
v 1.021450 1.150004 -0.836736
v 0.981463 1.148554 -0.870392
v 1.061436 1.162920 -0.804231
v 1.021450 1.078686 -0.893592
v 0.981463 1.077231 -0.927233
v 1.061437 1.091601 -0.861068
v 1.021450 1.005779 -0.954862
v 0.981463 1.004531 -0.988525
v 1.061437 1.018884 -0.922373
v 1.021450 0.933806 -1.014020
v 0.981463 0.932321 -1.047661
v 1.061437 0.946672 -0.981501
v 1.148108 1.431074 -0.570283
v 1.151455 0.629351 -1.268010
v 1.154805 1.470270 -0.617621
v 0.888096 1.431074 -0.570284
v 0.891443 0.629351 -1.268010
v 0.894793 1.470270 -0.617621
v 1.021450 0.862139 -1.073139
v 0.981463 0.860695 -1.106796
v 1.061436 0.875058 -1.040634
v 1.021450 0.790466 -1.132213
v 0.981463 0.789054 -1.165925
v 1.061436 0.803224 -1.099756
v 1.021450 0.717966 -1.193707
v 0.981463 0.716533 -1.227367
v 1.061436 0.730897 -1.161205
v 1.622505 3.368469 -2.729389
v 1.589037 3.371344 -2.689402
v 1.656537 3.377318 -2.769375
v 1.554675 3.305421 -2.729388
v 1.521106 3.308606 -2.689402
v 1.588522 3.313818 -2.769376
v 1.486711 3.241796 -2.729389
v 1.453109 3.244755 -2.689402
v 1.520594 3.250356 -2.769375
v 1.418564 3.178282 -2.729388
v 1.385036 3.180702 -2.689402
v 1.452629 3.187244 -2.769376
v 1.348217 3.114597 -2.729388
v 1.314699 3.117207 -2.689402
v 1.382251 3.123549 -2.769376
v 1.280224 3.051104 -2.729388
v 1.246694 3.053891 -2.689402
v 1.314207 3.059872 -2.769376
v 1.214710 2.987990 -2.729389
v 1.181105 2.990807 -2.689402
v 1.248602 2.996586 -2.769375
v 1.144305 2.923542 -2.729388
v 1.110741 2.926134 -2.689402
v 1.178299 2.932301 -2.769376
v 1.076299 2.860195 -2.729389
v 1.042739 2.863192 -2.689402
v 1.110196 2.868605 -2.769376
v 0.596462 2.415946 -2.729389
v 0.563001 2.418780 -2.689402
v 0.630507 2.424752 -2.769375
v 0.526109 2.352380 -2.729389
v 0.492654 2.355086 -2.689402
v 0.560205 2.361448 -2.769375
v 0.458225 2.289188 -2.729389
v 0.424692 2.292342 -2.689402
v 0.492119 2.297573 -2.769376
v 0.392701 2.226201 -2.729389
v 0.359071 2.228883 -2.689402
v 0.426595 2.234665 -2.769376
v 1.740505 3.442966 -2.856046
v 0.360335 2.197178 -2.859395
v 1.698689 3.488005 -2.862743
v 1.740505 3.442967 -2.596034
v 0.360335 2.197178 -2.599383
v 1.698689 3.488005 -2.602731
v 1.008397 2.796577 -2.729389
v 0.974780 2.799704 -2.689402
v 1.042202 2.804746 -2.769375
v 0.940214 2.732920 -2.729389
v 0.906714 2.735496 -2.689402
v 0.974271 2.741845 -2.769376
v 0.869998 2.669655 -2.729388
v 0.836385 2.672158 -2.689402
v 0.903959 2.678323 -2.769375
v 0.801840 2.605600 -2.729389
v 0.768372 2.608480 -2.689402
v 0.835862 2.614450 -2.769375
v 0.770184 2.547710 -2.769375
v 0.702712 2.541928 -2.689402
v 0.736648 2.550723 -2.729389
v 0.666040 2.479055 -2.729389
v 0.632412 2.481858 -2.689402
v 0.699911 2.487467 -2.769376
v 0.156535 2.137902 -1.414832
v 0.196522 2.141266 -1.381328
v 0.116549 2.145894 -1.448924
v 0.156535 2.075470 -1.345760
v 0.196522 2.079173 -1.312275
v 0.116549 2.083398 -1.379798
v 0.156535 2.013322 -1.276668
v 0.196522 2.016871 -1.243166
v 0.116549 2.021294 -1.310726
v 0.156535 1.951025 -1.207534
v 0.196522 1.954365 -1.174030
v 0.116549 1.958995 -1.241627
v 0.156535 1.888433 -1.136106
v 0.196522 1.892135 -1.102620
v 0.116549 1.896347 -1.170142
v 0.156535 1.826124 -1.066982
v 0.196522 1.829821 -1.033507
v 0.116549 1.834046 -1.101024
v 0.156535 1.764004 -1.000231
v 0.196522 1.767497 -0.966742
v 0.116549 1.771929 -1.034303
v 0.156535 1.701104 -0.928822
v 0.196522 1.704652 -0.895336
v 0.116549 1.709072 -0.962895
v 0.156535 1.638815 -0.859756
v 0.196522 1.642555 -0.826273
v 0.116549 1.646776 -0.893796
v 0.029878 2.175333 -1.495286
v 0.026529 1.455568 -0.653281
v 0.023180 2.221095 -1.454262
v 0.289890 2.175333 -1.495286
v 0.286541 1.455568 -0.653281
v 0.283192 2.221094 -1.454262
v 0.156535 1.576505 -0.790622
v 0.196522 1.580050 -0.757137
v 0.116549 1.584469 -0.824691
v 0.156535 1.514221 -0.721515
v 0.196522 1.517776 -0.688035
v 0.116549 1.522188 -0.755597
v 0.825447 4.756096 -2.248970
v 0.834542 4.763331 -2.208195
v 1.651420 3.727054 -2.228583
v 0.829995 4.759714 -2.549461
v 1.655967 3.730671 -2.569849
v 1.646872 3.723437 -2.529074
v 2.031928 3.774061 -3.021070
v 2.043997 3.787137 -3.028061
v 2.031928 3.657059 -3.021073
v 2.043997 3.670132 -3.028061
v -0.853288 3.784232 -0.826070
v -0.812513 3.772610 -0.826070
v -0.832900 3.778421 -0.365139
v -0.853288 3.667227 -0.826070
v -0.812513 3.655605 -0.826070
v -0.832900 3.661416 -0.365139
v 3.280893 5.806515 -0.563915
v 1.271057 5.800704 -0.584302
v 1.271057 5.812325 -0.543528
v 3.280893 5.695321 -0.584302
v 3.280893 5.683699 -0.543528
v 1.271057 5.689510 -0.563915
v 2.061507 3.774102 -0.482418
v 2.068497 3.787137 -0.405551
v 1.647070 3.782784 -0.831988
v 1.640080 3.769705 -0.789463
v 1.641251 3.657058 -0.831987
v 1.648235 3.670132 -0.789464
v 2.067332 3.665764 -0.482418
v 2.060342 3.652699 -0.405551
v -0.728167 3.782790 -0.382540
v -0.812548 3.769704 -0.389530
v -0.728168 3.657058 -0.388365
v -0.812548 3.670132 -0.381375
v -1.482540 0.899378 -2.364050
v -1.502927 0.893568 -1.194598
v -1.462152 0.905189 -1.194598
v 1.104593 0.903729 -2.346130
v 1.164110 0.890662 -2.339147
v 1.104318 0.779189 -2.340312
v 1.163827 0.792271 -2.347302
v 0.381834 2.505543 -3.024574
v -0.079603 2.499732 -3.044962
v -0.079603 2.511355 -3.004186
v 0.381834 2.389720 -3.024574
v -0.079603 2.383909 -3.044962
v -0.079603 2.395531 -3.004186
v -1.490944 1.770320 -0.645760
v -1.490944 1.758699 -0.686534
v -0.424610 1.764509 -0.666147
v -1.490944 1.654497 -0.645759
v -1.490944 1.642875 -0.686535
v -0.424610 1.648685 -0.666147
v 1.129670 1.768867 -0.667287
v 1.163827 1.755793 -0.660297
v 1.129670 1.644323 -0.661458
v 1.163827 1.657402 -0.668452
v -0.740388 3.782779 -0.802705
v -0.812548 3.769704 -0.809685
v -0.740388 3.665765 -0.802705
v -0.812548 3.652699 -0.809685
v 1.310192 4.766834 -2.098463
v 1.303205 4.779910 -2.111866
v 1.304368 4.658549 -2.098463
v 1.311360 4.645473 -2.111866
v 3.239644 5.800704 0.856805
v 3.239644 5.812326 -0.543636
v 3.280419 5.789082 -0.543636
v 3.280419 5.789082 0.856805
v 3.280419 5.823947 0.856805
v 3.280419 5.823946 -0.543636
v 3.239644 5.672077 0.856805
v 3.239644 5.695321 -0.543636
v 3.280419 5.672077 -0.543637
v 3.280419 5.695321 0.856805
v 3.239644 5.706942 0.856804
v 3.280419 5.706943 -0.543636
v 0.975908 4.777005 -1.692899
v 0.975908 4.765383 -1.652124
v 0.456784 4.771194 -1.672511
v 0.975908 4.660000 -1.692899
v 0.975908 4.648378 -1.652124
v 0.456784 4.654189 -1.672511
v 1.327657 4.771194 -2.132260
v 0.816960 4.765384 -2.152648
v 0.816960 4.777005 -2.111873
v 1.327657 4.654189 -2.132260
v 0.816960 4.648378 -2.152648
v 0.816960 4.660000 -2.111873
v 2.679419 5.810874 0.879996
v 2.070996 5.802150 0.874165
v 2.679419 5.685151 0.874171
v 2.070996 5.685165 0.874171
v 0.858053 4.771194 -2.725561
v -0.497024 4.765384 -2.745948
v -0.497024 4.777005 -2.705173
v 0.858053 4.660000 -2.745948
v 0.858053 4.648378 -2.705173
v -0.497024 4.654189 -2.725560
v -0.497041 4.753761 -1.692894
v -0.497042 4.777005 -2.705178
v -0.456267 4.753761 -2.705178
v -0.456267 4.777005 -1.692894
v -0.497042 4.788627 -1.692894
v -0.456267 4.788627 -2.705178
v -0.497041 4.648378 -1.692894
v -0.497041 4.659999 -2.705178
v -0.456267 4.636756 -2.705178
v -0.456267 4.636756 -1.692894
v -0.456267 4.671621 -1.692894
v -0.456267 4.671622 -2.705178
v 0.038092 4.771194 -1.672511
v -0.496987 4.765383 -1.692899
v -0.496987 4.777005 -1.652124
v 0.038092 4.660000 -1.692899
v 0.038092 4.648378 -1.652124
v -0.496988 4.654189 -1.672511
v -3.050874 5.789082 0.856804
v -3.050874 5.812325 -0.543637
v -3.010099 5.789082 -0.543637
v -3.010099 5.812325 0.856804
v -3.050874 5.823947 0.856804
v -3.010099 5.823947 -0.543637
v -3.050874 5.672077 0.856804
v -3.050874 5.695321 -0.543637
v -3.010099 5.672077 -0.543637
v -3.010099 5.695321 0.856804
v -3.050874 5.706943 0.856804
v -3.010099 5.706943 -0.543637
v 0.990423 5.812326 -0.584302
v 0.990423 5.800704 -0.543528
v -3.051052 5.806515 -0.563915
v 0.990423 5.695321 -0.584303
v 0.990423 5.683699 -0.543528
v -3.051052 5.689510 -0.563915
v 1.184368 1.764509 -0.684608
v 1.163980 1.758698 1.312155
v 1.204755 1.770320 1.312154
v 1.184368 1.648686 -0.684608
v 1.163980 1.642875 1.311860
v 1.204755 1.654496 1.311860
v -1.449578 1.747077 1.271238
v 1.164110 1.770320 1.271238
v 1.164110 1.747077 1.312013
v -1.449578 1.770320 1.312013
v -1.449578 1.781943 1.271238
v 1.164110 1.781943 1.312013
v -1.449578 1.642874 1.271238
v 1.163827 1.631253 1.271238
v 1.163827 1.642875 1.312013
v -1.449578 1.631253 1.312013
v 1.163827 1.666119 1.271238
v -1.449578 1.666118 1.312013
v -1.461988 0.881946 -1.235514
v 0.879279 0.881946 -1.235514
v 0.879279 0.893568 -1.194740
v -1.461987 0.905189 -1.194739
v -1.461987 0.916811 -1.235514
v 0.879279 0.916811 -1.235514
v -1.461988 0.766122 -1.235514
v 0.878995 0.789366 -1.235514
v 0.878995 0.766122 -1.194739
v -1.461988 0.789366 -1.194740
v -1.461988 0.800988 -1.235514
v 0.878995 0.800988 -1.194739
v -1.503507 0.789366 -2.364049
v -1.462732 0.777744 -2.364049
v -1.483119 0.783555 -1.194893
v 0.840401 4.775553 -2.155483
v 0.833411 4.762478 -2.152679
v 0.840400 4.658546 -2.155483
v 0.833411 4.645473 -2.152679
v -1.826820 5.810873 0.879996
v -2.362009 5.810873 0.879996
v -1.826820 5.685152 0.874171
v -2.362009 5.693868 0.879996
v 1.184368 0.899378 -2.364049
v 1.163980 0.893568 -1.199325
v 1.204755 0.905189 -1.199325
v 1.184368 0.783555 -2.364049
v 1.163981 0.777744 -1.199620
v 1.204755 0.789366 -1.199620
v 1.652938 3.774062 -3.000892
v 1.645948 3.787137 -3.003608
v 1.652938 3.658239 -3.000892
v 1.645948 3.671313 -3.003608
v 0.361784 2.505543 -1.391084
v 0.382171 2.499733 -2.589196
v 0.341396 2.511355 -2.589196
v 0.361784 2.389720 -1.391084
v 0.382171 2.383909 -2.589196
v 0.341397 2.395530 -2.589196
v 0.339559 2.509902 -1.414230
v 0.341438 2.496827 -1.407240
v 0.339559 2.385362 -1.408405
v 0.341438 2.398436 -1.415395
v -0.061881 2.509907 -2.957050
v -0.054885 2.496827 -3.004034
v -0.061875 2.394072 -2.957050
v -0.054885 2.381004 -3.004033
v -0.037013 2.501185 -1.414230
v -0.038616 2.514260 -1.407240
v -0.037013 2.394078 -1.408405
v -0.038616 2.381004 -1.415395
v -1.869879 5.797798 0.873006
v -1.869879 5.698226 0.881161
v -2.341339 5.797798 0.873006
v -2.341339 5.680793 0.873006
v 2.661393 5.797798 0.873006
v 2.661393 5.698226 0.881161
v 2.118695 5.815230 0.881161
v 2.118695 5.698226 0.881161
v 0.364697 2.501185 -3.001465
v 0.357707 2.514260 -3.004199
v 0.364696 2.385360 -3.001466
v 0.357707 2.398436 -3.004199
v 0.834576 4.775551 -2.701085
v 0.841566 4.762477 -2.706151
v 0.840400 4.649830 -2.701086
v 0.833410 4.662905 -2.706151
v -1.473030 1.768851 -0.589149
v -1.466042 1.755793 -0.646197
v -1.467214 1.644335 -0.589149
v -1.474197 1.657402 -0.646197
v 1.630275 3.641913 -2.889975
v 1.656321 3.590700 -2.910273
v 1.656425 3.693129 -2.869454
v 1.630271 3.641914 -1.797495
v 1.647807 3.641914 -1.756676
v 1.665136 3.641914 -1.797405
v 1.026221 4.505075 -2.230503
v 1.013144 4.511658 -2.237496
v 0.837525 4.650085 -2.246015
v 0.857871 4.615564 -2.219866
v 0.817118 4.684606 -2.219830
v 1.354336 4.081964 -2.236324
v 1.367410 4.088548 -2.229341
v 1.026217 4.505075 -2.551388
v 1.013144 4.511658 -2.558375
v -0.456309 4.707652 -2.214128
v -0.497079 4.626791 -2.214375
v -0.476495 4.667222 -2.188103
v 1.354335 4.081964 -2.557212
v 1.367411 4.088548 -2.550220
v 1.647704 3.641915 -2.253785
v 1.630323 3.641915 -2.213039
v 1.665188 3.641914 -2.212994
v 1.630276 3.641914 -2.574730
v 1.647706 3.641914 -2.533949
v 1.665136 3.641914 -2.574730
v 1.630166 3.641915 -1.052341
v 1.647703 3.641914 -1.011505
v 1.665032 3.641914 -1.052252
v 0.857924 4.684803 -2.558285
v 0.817113 4.615663 -2.558182
v 0.837443 4.650233 -2.532107
v 0.917512 4.667222 -2.153273
v 0.934989 4.667222 -2.112481
v 0.952384 4.667222 -2.153238
v 0.003443 4.667222 -1.671762
v 0.029619 4.626791 -1.692279
v 0.029533 4.707652 -1.651476
v -0.450458 4.667222 -1.692301
v -0.433149 4.667222 -1.651591
v -0.415592 4.667222 -1.692407
v 0.150710 4.517120 -2.521600
v 0.750125 3.478903 -2.521600
v 0.766127 3.488142 -2.456769
v 0.182715 4.535599 -2.456769
v 0.198719 4.544838 -2.521600
v 0.798134 3.506621 -2.521600
v -1.325889 5.725638 0.856329
v -1.325789 5.627444 0.897142
v -1.299713 5.676541 0.876789
v -1.870026 5.676541 0.856487
v -1.852749 5.676541 0.897203
v -1.835172 5.676541 0.856359
v -2.376185 5.676542 0.876853
v -2.350033 5.627444 0.856436
v -2.350030 5.725638 0.897210
v -2.678584 5.676541 0.856310
v -2.696016 5.676541 0.897091
v -2.661151 5.676541 0.897091
v 0.457221 4.667222 -1.692307
v 0.474697 4.667222 -1.651515
v 0.492092 4.667222 -1.692272
v 1.286896 4.667222 -1.692307
v 1.304287 4.667222 -1.651550
v 1.321761 4.667222 -1.692342
v 1.287001 4.667222 -1.888710
v 1.327670 4.667222 -1.905895
v 1.286790 4.667222 -1.923575
v 1.267394 4.667222 -2.153343
v 1.284827 4.667222 -2.112569
v 1.302260 4.667222 -2.153343
v 0.003258 4.667222 -2.746052
v 0.020814 4.667222 -2.705225
v 0.038124 4.667222 -2.745947
v -0.441741 4.707652 -2.745862
v -0.441745 4.626792 -2.705088
v -0.415597 4.667222 -2.725392
v 1.204719 0.813183 -1.226211
v 1.163962 0.710262 -1.226269
v 1.184368 0.761723 -1.200057
v -0.426720 5.676540 0.856445
v -0.409488 5.676541 0.897134
v -0.391855 5.676541 0.856274
v -1.334493 5.676541 -0.565235
v -1.308446 5.627444 -0.585517
v -1.308350 5.725638 -0.544713
v -1.788338 5.676541 -0.585440
v -1.770906 5.676542 -0.544666
v -1.753472 5.676541 -0.585440
v -2.242177 5.676541 -0.565098
v -2.216022 5.627444 -0.585488
v -2.216025 5.725638 -0.544709
v -2.696016 5.676542 -0.585557
v -2.678481 5.676541 -0.544765
v -2.661145 5.676542 -0.585472
v -3.010395 5.676542 0.582748
v -3.051191 5.676541 0.600231
v -3.010437 5.676541 0.617613
v -3.010395 5.676541 0.128909
v -3.051191 5.676541 0.146397
v -3.010437 5.676541 0.163786
v -3.030782 5.676541 -0.324805
v -3.010377 5.627445 -0.298778
v -3.051238 5.725638 -0.298735
v 1.048157 3.641356 -0.385451
v 1.074306 3.589895 -0.405834
v 1.074306 3.692816 -0.365064
v 0.594265 3.641356 -0.405889
v 0.611645 3.641356 -0.365125
v 0.629131 3.641356 -0.405934
v 0.140478 3.641356 -0.385451
v 0.166628 3.589895 -0.405838
v 0.166628 3.692816 -0.365064
v -0.313362 3.641356 -0.405838
v -0.295928 3.641356 -0.365064
v -0.278495 3.641356 -0.405838
v -0.749718 3.641356 -0.405861
v -0.767206 3.641356 -0.365064
v -0.732334 3.641356 -0.365109
v 3.203893 5.676541 -0.565021
v 3.230042 5.627444 -0.585453
v 3.230042 5.725638 -0.544664
v 2.750053 5.676541 -0.585489
v 2.767489 5.676541 -0.544708
v 2.784925 5.676541 -0.585489
v 2.296214 5.676542 -0.585568
v 2.313647 5.676541 -0.544794
v 2.331080 5.676542 -0.585568
v 3.281854 5.676541 0.582799
v 3.241101 5.676541 0.600181
v 3.281896 5.676541 0.617664
v 3.261573 5.676541 0.128847
v 3.281845 5.627445 0.155118
v 3.241191 5.725638 0.155158
v 3.281875 5.676541 -0.307447
v 3.241080 5.676542 -0.324930
v 3.241122 5.676541 -0.290065
v 1.842375 5.676541 -0.585483
v 1.859858 5.676541 -0.544687
v 1.877241 5.676541 -0.585440
v 1.270840 5.676542 -0.585575
v 1.288373 5.676541 -0.544751
v 1.305705 5.676541 -0.585489
v 0.955965 5.676541 -0.585434
v 0.973403 5.676542 -0.544666
v 0.990842 5.676541 -0.585435
v 0.480858 5.676541 -0.565107
v 0.507010 5.627444 -0.585479
v 0.507013 5.725638 -0.544724
v 0.027019 5.676540 -0.585483
v 0.044402 5.676541 -0.544730
v 0.061884 5.676541 -0.585526
v -0.426765 5.676541 -0.585446
v -0.409385 5.676542 -0.544674
v -0.391905 5.676542 -0.585489
v -0.880660 5.676541 -0.565098
v -0.854511 5.627444 -0.585483
v -0.854511 5.725638 -0.544709
v 1.502035 3.641356 -0.806207
v 1.528145 3.589895 -0.826567
v 1.528198 3.692816 -0.785775
v 1.048157 3.641356 -0.806207
v 1.074306 3.589895 -0.826585
v 1.074306 3.692816 -0.785811
v 0.594318 3.641356 -0.826585
v 0.611750 3.641356 -0.785811
v 0.629183 3.641356 -0.826585
v 0.140483 3.641356 -0.806198
v 0.166628 3.589895 -0.826585
v 0.166631 3.692816 -0.785811
v -0.313361 3.641356 -0.826585
v -0.295931 3.641356 -0.785811
v -0.278501 3.641356 -0.826585
v -0.758492 3.692817 -0.826567
v -0.758492 3.589895 -0.785829
v -0.732295 3.641356 -0.806207
v 1.501996 3.641356 -0.385451
v 1.528145 3.589895 -0.405838
v 1.528145 3.692816 -0.365064
v 1.847688 3.641356 -3.044369
v 1.865122 3.641355 -3.003595
v 1.882557 3.641355 -3.044369
v 1.973268 3.641356 -0.405883
v 1.955940 3.641356 -0.365153
v 1.990805 3.641356 -0.365064
v 2.045657 3.641356 -0.826585
v 2.063090 3.641356 -0.785810
v 2.080523 3.641356 -0.826585
v 2.045658 3.641356 -1.280430
v 2.063087 3.641356 -1.239649
v 2.080517 3.641356 -1.280430
v 2.045664 3.641356 -1.734263
v 2.063093 3.641356 -1.693483
v 2.080523 3.641356 -1.734263
v 2.045652 3.641356 -2.188105
v 2.062980 3.641356 -2.147378
v 2.080517 3.641356 -2.188195
v 2.045664 3.641356 -2.641942
v 2.063093 3.641356 -2.601158
v 2.080523 3.641356 -2.641942
v 3.203931 5.676542 0.876936
v 3.230142 5.627444 0.856463
v 3.230092 5.725638 0.897211
v 2.661413 5.676542 0.876853
v 2.687562 5.627444 0.856436
v 2.687562 5.725638 0.897211
v 2.083961 5.676541 0.876671
v 2.110193 5.627445 0.856373
v 2.110193 5.725638 0.897074
v 1.842375 5.676542 0.856408
v 1.859808 5.676541 0.897170
v 1.877241 5.676542 0.856409
v 1.388536 5.676541 0.856402
v 1.406019 5.676541 0.897198
v 1.423402 5.676541 0.856445
v 0.952080 5.676541 0.856295
v 0.934697 5.676541 0.897048
v 0.969562 5.676541 0.897091
v 0.480858 5.676542 0.856402
v 0.498290 5.676541 0.897176
v 0.515723 5.676541 0.856402
v 0.915787 1.628036 1.295766
v 0.941936 1.576575 1.275372
v 0.941936 1.679497 1.316161
v 0.461948 1.628036 1.295764
v 0.488097 1.576575 1.275376
v 0.488097 1.679496 1.316150
v 0.008161 1.628036 1.275387
v 0.025646 1.628036 1.316166
v 0.043027 1.628036 1.275432
v -0.445789 1.628036 1.275319
v -0.428297 1.628036 1.316147
v -0.410911 1.628036 1.275365
v -0.899570 1.628036 1.275298
v -0.882032 1.628036 1.316093
v -0.864704 1.628036 1.275388
v -1.344695 1.679496 1.275429
v -1.344882 1.576575 1.316287
v -1.318681 1.628036 1.295764
v 1.204146 1.679497 1.050673
v 1.163287 1.576575 1.050542
v 1.183794 1.628036 1.076684
v 1.204142 1.628036 0.605497
v 1.163390 1.628036 0.588117
v 1.163345 1.628036 0.622982
v 1.183710 1.628036 0.134370
v 1.204164 1.576575 0.160538
v 1.163372 1.679497 0.160483
v 1.204164 1.628036 -0.319626
v 1.163367 1.628036 -0.302128
v 1.204119 1.628036 -0.284736
v 0.305199 2.420531 -1.432241
v 0.305333 2.317609 -1.391525
v 0.331445 2.369070 -1.411730
v 0.382785 2.369070 -2.002575
v 0.342044 2.369070 -1.985221
v 0.382852 2.369070 -1.967709
v 0.382746 2.369070 -2.610026
v 0.341993 2.369070 -2.592674
v 0.382814 2.369070 -2.575166
v 1.184444 0.761722 -2.121396
v 1.204737 0.710262 -2.095326
v 1.163967 0.813183 -2.095224
v 1.204800 0.761723 -1.667435
v 1.163975 0.761723 -1.649903
v 1.204710 0.761723 -1.632581
v 0.976063 4.667222 -1.692413
v 0.993496 4.667222 -1.651638
v 1.010928 4.667222 -1.692413
v 0.844816 1.628035 -0.666256
v 0.870945 1.576575 -0.686538
v 0.871024 1.679496 -0.645786
v -0.459991 1.628035 -0.666146
v -0.433869 1.576575 -0.686466
v -0.433764 1.679496 -0.645723
v -0.913857 1.628036 -0.686611
v -0.896267 1.628036 -0.645781
v -0.878991 1.628036 -0.686476
v -1.367696 1.628035 -0.686545
v -1.350156 1.628036 -0.645713
v -1.332825 1.628036 -0.686455
v -0.006073 1.628036 -0.666146
v 0.020023 1.576575 -0.686525
v 0.020075 1.679497 -0.645709
v 0.456475 1.679496 -0.686452
v 0.456610 1.576575 -0.645723
v 0.482729 1.628035 -0.665911
v 0.844875 0.761722 -2.343282
v 0.871024 0.710262 -2.363642
v 0.871024 0.813183 -2.322872
v -0.459952 0.761722 -2.343290
v -0.433810 0.710262 -2.363610
v -0.433761 0.813183 -2.322859
v -0.913708 0.761722 -2.343089
v -0.887600 0.710262 -2.363592
v -0.887655 0.813183 -2.322764
v -1.367587 0.761723 -2.343156
v -1.341384 0.710262 -2.363592
v -1.341445 0.813183 -2.322836
v 0.011359 0.761723 -2.363655
v -0.006073 0.761723 -2.322881
v 0.028792 0.761723 -2.322881
v 0.465195 0.761723 -2.363527
v 0.447661 0.761722 -2.322695
v 0.482520 0.761723 -2.322785
v 0.844875 0.761723 -1.214467
v 0.871076 0.710262 -1.234904
v 0.871024 0.813183 -1.194147
v -0.451307 0.813183 -1.234940
v -0.451360 0.710262 -1.194148
v -0.425170 0.761723 -1.214602
v -0.913805 0.761722 -1.234967
v -0.896319 0.761723 -1.194170
v -0.878939 0.761723 -1.234922
v -1.367690 0.761723 -1.235003
v -1.350100 0.761723 -1.194163
v -1.332825 0.761723 -1.234869
v -0.006073 0.761723 -1.214479
v 0.020075 0.710262 -1.234886
v 0.020075 0.813183 -1.194123
v 0.447805 0.761723 -1.214524
v 0.473915 0.710262 -1.234904
v 0.473967 0.813183 -1.194100
v -1.462096 0.761723 -2.103737
v -1.502960 0.761723 -2.121379
v -1.502781 0.761723 -2.086514
v -1.462096 0.761723 -1.667435
v -1.502871 0.761723 -1.650010
v -1.462096 0.761722 -1.632584
v -0.443015 4.549563 -1.913514
v -0.443015 3.511345 -2.512928
v -0.424536 3.478930 -2.456783
v -0.406058 4.517148 -1.857368
v -0.387579 4.549562 -1.913514
v -0.387579 3.511345 -2.512928
v -0.443015 4.545694 -2.521600
v -0.443015 3.479234 -2.521600
v -0.424536 3.479234 -2.456769
v -0.406058 4.545695 -2.456769
v -0.387579 4.545695 -2.521600
v -0.387579 3.479234 -2.521600
v -0.443015 4.545694 -1.842615
v -0.443015 3.479234 -1.842615
v -0.424536 3.479234 -1.777783
v -0.406058 4.545695 -1.777784
v -0.387579 4.545695 -1.842615
v -0.387579 3.479234 -1.842615
v -0.443015 4.517148 -2.442016
v -0.443015 3.478930 -1.842601
v -0.424536 3.511345 -1.786455
v -0.406058 4.549563 -2.385870
v -0.387579 4.517147 -2.442016
v -0.387579 3.478930 -1.842601
v 0.163916 4.544837 -2.521600
v -0.435499 3.506621 -2.521600
v -0.419496 3.497381 -2.456769
v 0.195921 4.526360 -2.456769
v 0.211925 4.517120 -2.521600
v -0.387490 3.478903 -2.521600
v -0.880610 5.676541 0.856451
v -0.863227 5.676542 0.897198
v -0.845744 5.676542 0.856408
v 0.750677 4.545695 -2.521600
v 0.750677 3.479234 -2.521600
v 0.769155 3.479234 -2.456769
v 0.787634 4.545695 -2.456769
v 0.806113 4.545694 -2.521600
v 0.806113 3.479234 -2.521600
v 0.750677 4.545694 -1.717927
v 0.750677 3.479234 -1.717927
v 0.769155 3.479234 -1.653096
v 0.787634 4.545694 -1.653096
v 0.806113 4.545695 -1.717927
v 0.806113 3.479234 -1.717927
v 1.147234 4.544838 -1.717927
v 0.526545 3.469773 -1.717927
v 0.542548 3.460534 -1.653095
v 1.179240 4.526360 -1.653095
v 1.195243 4.517120 -1.717927
v 0.574554 3.442055 -1.717927
v -0.019310 2.369070 -1.433690
v -0.001645 2.369070 -1.392802
v 0.015549 2.369070 -1.433488
v -0.037991 2.369070 -2.002522
v -0.078692 2.369070 -1.985247
v -0.037856 2.369070 -1.967656
v -0.038002 2.420531 -2.447607
v -0.078848 2.317609 -2.447805
v -0.058280 2.369070 -2.421620
v 0.362232 2.369070 -2.910266
v 0.382780 2.317609 -2.883973
v 0.342037 2.420531 -2.884183
v -0.037979 2.369070 -2.892637
v -0.078870 2.369070 -2.910358
v -0.078624 2.369070 -2.875493
v 0.136933 2.369070 -3.045551
v 0.154366 2.369070 -3.004776
v 0.171798 2.369070 -3.045551
v 0.382724 2.369070 -1.548668
v 0.341966 2.369070 -1.531275
v 0.382769 2.369070 -1.513777
v -0.037984 2.369070 -1.548720
v -0.078759 2.369070 -1.531275
v -0.037984 2.369070 -1.513829
v -1.447919 1.628036 1.059464
v -1.488727 1.628036 1.041950
v -1.488660 1.628036 1.076821
v -1.468337 1.628036 0.588161
v -1.447945 1.576575 0.614266
v -1.488746 1.679497 0.614269
v -1.468355 1.628036 0.134248
v -1.447923 1.576575 0.160380
v -1.488725 1.679497 0.160322
v -1.447997 1.628036 -0.319476
v -1.488750 1.628036 -0.302080
v -1.447953 1.628036 -0.284579
v 1.358303 5.912416 0.290800
v 0.526264 1.847047 0.291843
v -0.634711 1.821233 -0.048149
v -0.984513 1.821234 0.648670
v -1.181389 1.433654 0.415875
v -1.181389 2.240809 0.174384
v -1.181389 5.500823 0.113850
v -1.181389 6.324008 0.467751
v -0.805039 5.985777 0.291843
v -1.808665 0.379255 3.011117
v -1.808665 0.130125 3.011117
v -2.106402 0.379255 2.774287
v -2.106402 0.130125 2.774287
v -2.172135 0.159024 3.093651
v -1.961247 0.149725 3.004314
v -1.877985 0.095247 3.037063
v -1.971417 0.287232 3.062885
v -1.975793 0.284179 3.068386
v -1.924260 0.381231 3.156331
v -2.222920 0.380512 2.920879
v -2.124607 0.284179 2.950014
v -2.108211 0.095552 2.853036
v -2.120232 0.287232 2.944513
v -1.987056 0.209802 2.726178
v -1.926448 0.375071 2.682925
v -1.743095 0.268567 2.885810
v -1.774713 0.155352 2.662866
v -2.106402 0.130125 -2.244868
v -2.106402 0.379255 -2.244868
v -1.808664 0.379255 -2.481700
v -1.808664 0.130125 -2.481700
v -2.060541 0.297036 -2.304432
v -1.806530 0.121344 -2.468557
v -2.073607 0.059485 -2.259412
v -2.124608 0.284179 -2.420596
v -2.120232 0.287231 -2.415095
v -2.133013 0.095552 -2.303888
v -2.223039 0.380429 -2.391610
v -1.928687 0.285895 -2.571386
v -1.899918 0.294102 -2.218978
v -1.949055 0.283324 -2.185115
v 2.431839 0.170883 -2.349046
v 2.221359 0.268720 -2.568935
v 2.287804 0.379255 -2.096096
v 2.240296 0.285011 -2.189100
v 1.993382 0.381494 -2.336875
v 2.090287 0.284179 -2.305972
v 2.094283 0.095552 -2.412815
v 2.276489 0.280318 -2.165872
v 2.317886 0.287231 -2.133914
v 2.292180 0.382308 -2.101597
v 2.094663 0.287232 -2.311473
v 2.464440 0.354295 -2.419977
v 2.396958 0.183322 -2.275327
v 2.197756 0.320539 -2.409190
v 2.217477 -0.027871 -2.379709
v 2.108493 0.379255 -2.481699
v 2.108493 0.130125 -2.481699
v 2.406230 0.379255 -2.244868
v 2.406230 0.130125 -2.244868
v 2.224134 0.381198 3.156389
v 2.275620 0.284179 3.068387
v 2.424434 0.284179 2.950014
v 2.522798 0.380476 2.920945
v 2.408039 0.095552 2.853037
v 2.173058 0.095104 3.041268
v 2.239101 0.284179 2.717018
v 2.090286 0.284179 2.835391
v 2.290720 0.381291 2.629182
v 2.354709 0.095553 2.735081
v 2.087912 0.095435 2.946953
v 1.991975 0.380512 2.864525
v 2.094662 0.287232 2.840892
v 2.243478 0.287232 2.722519
v 2.420059 0.287232 2.944513
v 2.271244 0.287232 3.062886
v 2.286695 0.341696 2.871842
v 2.347064 0.015732 2.841285
v 2.135308 0.052553 2.969011
v 2.406228 0.379255 2.774287
v 2.406229 0.130125 2.774287
v 2.108492 0.379255 3.011117
v 2.108492 0.130125 3.011117
v -2.157102 0.484496 3.109428
v 2.473475 0.368767 3.089171
v 2.473475 0.600225 3.129686
v 2.456930 0.379255 -2.583819
v -2.157102 0.494984 -2.563562
v 2.456930 0.610713 -2.543304
v 2.456929 0.494985 3.109428
v 2.436672 0.379255 -2.563561
v 2.477187 0.610713 -2.563561
v -2.157102 0.494984 3.109428
v -2.177359 0.379255 -2.563562
v -2.136845 0.610713 -2.563562
v -0.459486 0.494984 -2.074266
v -2.115001 0.383556 -2.064884
v -2.115001 0.606411 -2.083648
v 2.456929 0.383557 0.942662
v -2.157102 0.494984 0.953692
v 2.456929 0.606411 0.964723
v 0.698303 0.494984 0.953692
v 0.641573 0.494985 -0.407825
v 0.755033 0.494984 -0.407825
v 1.130064 0.421812 -0.391941
v 1.117868 0.479109 -2.522716
v 1.105671 0.536407 -0.391941
v -0.398475 0.494984 0.953692
v -0.455205 0.494985 -0.407825
v -0.341745 0.494984 -0.407825
v -0.438884 0.511387 -0.391941
v -0.451080 0.454089 -2.522716
v -0.426687 0.568684 -2.522716
v -0.078188 0.494984 -0.391941
v -0.090384 0.437687 -2.522716
v -0.065990 0.552282 -2.522716
v 0.843673 0.479109 -0.391941
v 0.831477 0.421812 -2.522716
v 0.855870 0.536406 -2.522716
v -0.459486 0.494984 -0.663110
v -2.115001 0.383557 -0.653728
v -2.115001 0.606411 -0.672492
v -0.459486 0.494984 -1.367505
v -2.115001 0.383556 -1.358124
v -2.115001 0.606411 -1.376888
v 2.456929 0.383557 -0.418856
v -2.157102 0.494984 -0.407826
v 2.456929 0.606411 -0.396794
v -2.170839 0.451800 3.028697
v -0.389401 0.509097 0.934206
v -2.104896 0.537746 3.082480
v 0.689228 0.494984 0.934206
v 2.470667 0.437687 3.028698
v 2.404723 0.523633 3.082481
v -0.389400 0.494984 -0.388340
v -2.170839 0.494984 -2.482831
v -2.082914 0.494984 -2.554541
v 2.470667 0.437687 -2.482831
v 0.689228 0.494984 -0.388340
v 2.404723 0.523633 -2.536613
v -2.131912 0.494984 0.221884
v -0.419678 0.494984 0.957323
v -2.173495 0.494984 0.327449
v -0.419678 0.494984 -0.411456
v -2.131912 0.494984 0.323983
v -2.173495 0.494984 0.218418
v 0.719506 0.494984 0.957323
v 2.431740 0.437687 0.221884
v 2.462927 0.523633 0.301058
v 2.452531 0.494984 0.271201
v 0.698714 0.494984 -0.358673
v 0.740297 0.494984 -0.464238
v -0.325711 0.437687 0.967306
v 0.154485 0.494984 3.127778
v -0.408278 0.523633 0.987892
v 0.145342 0.509098 3.127778
v 0.625538 0.509097 0.967306
v 0.735628 0.509097 0.994754
v 0.154486 0.486821 -2.581911
v -0.325711 0.437687 -0.421439
v -0.408278 0.511388 -0.442025
v 0.625538 0.453846 -0.421439
v 0.145343 0.511143 -2.581911
v 0.708105 0.539792 -0.442025
v 2.423648 3.380526 -2.568932
v 2.392884 3.414210 0.985898
v 2.331356 3.481577 -2.568932
v -2.098008 3.414505 -2.542779
v -2.130510 3.380674 0.985898
v -2.033005 3.482168 0.985898
v -2.115346 3.357480 -1.599365
v 0.113785 3.357479 -2.522699
v 0.142292 3.357479 -2.453876
v -2.086838 3.357480 -1.530541
v 0.123287 3.478622 -2.499758
v -2.096341 3.478622 -1.553483
v -2.160647 3.295437 0.937540
v 2.466384 3.393827 0.953692
v -2.160647 3.492218 0.969844
v 1.342860 3.426706 0.908904
v 1.288569 3.405937 0.930843
v -2.092628 3.357479 -1.594371
v 0.163386 3.357480 -0.419964
v 0.128989 3.357480 -0.353888
v -2.127026 3.357480 -1.528294
v 0.151921 3.478622 -0.397939
v -2.115560 3.478622 -1.550320
v 0.149914 3.380231 0.501524
v 0.081530 3.429427 -0.544230
v 0.286682 3.281840 -0.544230
v 0.157535 3.357479 -2.453876
v 0.186043 3.357480 -2.522699
v 2.416590 3.357481 -1.571900
v 0.176540 3.478622 -2.499758
v 2.426093 3.478622 -1.594841
v 2.397585 3.478622 -1.526018
v 0.170839 3.357480 -0.353888
v 0.136441 3.357480 -0.419964
v 2.392457 3.357479 -1.594371
v 2.426853 3.357480 -1.528294
v 0.147907 3.478622 -0.397939
v 2.415388 3.478622 -1.550319
v -1.448574 3.415617 -0.332727
v -1.435802 3.438865 -0.370263
v 0.175161 3.345365 -0.371155
v -0.291852 3.345365 0.630362
v -0.359366 3.345365 0.598880
v 0.107647 3.345365 -0.402638
v -0.314357 3.466507 0.619868
v 0.130151 3.466507 -0.392144
v -0.114770 3.357474 0.819130
v -0.075841 3.357445 0.755605
v -0.095331 3.478613 0.787409
v -0.369537 3.357480 0.918494
v -0.369537 3.357480 -0.370263
v -0.295043 3.357480 -0.370263
v -0.295043 3.357480 0.918494
v -0.344706 3.493122 -0.370263
v -0.319875 3.493122 0.918493
v -2.100372 3.371076 -0.424981
v 2.447475 3.431647 -0.387734
v -2.100372 3.371076 -0.350487
v -2.100372 3.492218 -0.375318
v -2.095180 3.418050 -0.415843
v -2.086308 3.397280 -0.381910
v -0.344194 3.426703 0.637101
v -0.312818 3.405937 0.653923
v -2.095586 3.430165 0.926489
v -2.070126 3.409399 0.925181
v -1.016871 3.357479 0.957163
v -1.446233 3.418051 0.502531
v -0.999160 3.478622 0.939759
v 0.178798 3.357480 -0.411277
v 1.300510 3.357480 0.954800
v 0.122577 3.357480 -0.362404
v 1.337990 3.478622 0.922218
v 0.141318 3.478622 -0.378695
v 1.281769 3.478622 0.971091
v -2.100372 3.371076 -1.716768
v 2.447475 3.431647 -1.716767
v 2.447475 3.371076 -1.524087
v -2.100372 3.431647 -1.524087
v -2.100372 3.492217 -1.716767
v 2.447475 3.492217 -1.524086
v 0.131036 3.291116 0.934782
v 0.149914 3.384869 -2.478467
v 0.168791 3.478622 0.934782
v 1.158411 1.444028 0.586759
v 0.687352 1.407686 0.583238
v 0.687352 1.480371 0.590280
v -1.910091 1.444028 -0.634672
v 1.162188 1.407685 -0.631150
v 1.162188 1.480371 -0.638192
v -1.910091 1.407686 1.261078
v 1.162188 1.444028 1.264599
v -1.910091 1.480371 1.268120
v -1.903081 1.407686 1.263827
v -1.899560 1.444028 -0.639880
v -1.896039 1.480371 1.263827
v 1.153218 1.444028 1.275055
v 1.156739 1.407685 -0.645199
v 1.149697 1.480371 -0.645199
v 0.688766 1.407685 1.275055
v 0.692287 1.444028 -0.645199
v 0.695808 1.480371 1.275055
v -0.393829 1.407686 1.275055
v -0.390308 1.444028 -0.645199
v -0.386787 1.480371 1.275055
v -0.890216 1.407686 1.275055
v -0.886695 1.444028 -0.645199
v -0.883174 1.480371 1.275055
v -1.441560 1.407686 1.275055
v -1.438039 1.444028 -0.645199
v -1.434518 1.480371 1.275055
v -0.388090 1.444028 0.589123
v -1.901779 1.407686 0.585601
v -1.901779 1.480370 0.592643
v 0.694929 1.444028 0.915320
v -0.387965 1.407686 0.911799
v -0.387965 1.480371 0.918841
v 0.694929 1.444028 -0.263008
v -0.387965 1.407685 -0.266528
v -0.387965 1.480371 -0.259487
v -2.027096 1.342978 -0.273683
v 2.328105 1.321507 -0.205725
v 2.328105 1.364449 -0.341640
v -2.027096 1.364449 1.224341
v -2.027096 1.321507 1.088425
v 2.340811 1.342978 1.156384
v 2.332593 2.088149 -1.509330
v -2.025083 2.121241 -1.542423
v -2.025083 2.021964 -1.443146
v 2.397836 1.416845 2.506673
v 2.397836 1.350660 -0.405461
v 2.397836 1.284475 2.506673
v 2.400200 2.088149 -1.205256
v 2.400200 2.154333 -2.415487
v 2.400200 2.021963 -2.415487
v -2.090918 1.350660 2.506673
v -2.057825 1.383752 -0.405462
v -2.157102 1.284475 -0.405462
v -2.159466 2.154333 -1.202893
v -2.092099 2.088148 -2.417343
v -2.058416 2.055056 -1.204665
v -2.082644 0.710085 0.410030
v -2.040097 0.760905 -0.029626
v -2.167739 0.608444 -0.029626
v 2.379517 0.710085 0.410031
v 2.422951 0.760905 -0.029626
v 2.292649 0.608444 -0.029626
v 2.807323 5.351991 0.834864
v 2.807323 5.351991 -0.535419
v 2.861752 5.351992 -0.535419
v 2.861752 5.351991 0.834864
v 2.825466 5.522182 -0.535419
v 2.852680 5.522182 0.834865
v 3.276263 5.359573 0.805249
v 3.276263 5.529764 0.838375
v -2.972890 5.444668 0.824572
v -2.972890 5.359573 -0.544332
v 3.276263 5.444668 -0.512126
v -2.972890 5.487215 -0.496023
v 3.249064 5.351992 0.834864
v 3.249064 5.351991 -0.535419
v 3.285818 5.351991 -0.535419
v 3.285818 5.351991 0.834864
v 3.267441 5.522181 -0.535419
v 3.267441 5.522182 0.834865
v 1.687611 5.424934 0.725331
v 1.703222 5.454106 0.798352
v 1.276829 5.343435 0.834864
v 1.249615 5.343435 -0.535418
v 1.304044 5.343435 -0.535418
v 1.276829 5.513625 -0.535419
v 1.249615 5.513626 0.834865
v 1.304044 5.513625 0.834865
v 1.743529 5.351992 0.808832
v 2.396031 5.351992 -0.528997
v 2.444951 5.351992 -0.505137
v 1.792449 5.351992 0.832691
v 2.404185 5.522182 -0.525020
v 1.767989 5.522181 0.820761
v 0.122487 5.351991 0.769765
v 0.657899 5.351992 -0.491586
v 0.708001 5.351991 -0.470320
v 0.172589 5.351992 0.791032
v 0.691301 5.522181 -0.477409
v 0.132507 5.522181 0.774019
v 0.166717 5.351991 -0.471119
v 0.149142 5.479634 -0.497673
v -0.331707 5.437087 -0.163496
v -0.920409 5.424930 -0.503676
v -0.927446 5.454105 -0.531631
v -2.522684 5.351991 0.834864
v -2.558970 5.351991 -0.535419
v -2.504542 5.351991 -0.535419
v -2.531756 5.522181 -0.535419
v -2.558970 5.522181 0.834864
v -2.504542 5.522181 0.834864
v -2.945691 5.522182 -0.535419
v -2.945691 5.522181 0.834864
v 0.169958 5.394539 0.809604
v 0.138781 5.458358 0.754846
v -1.432023 5.343436 0.834864
v -1.441095 5.343436 -0.535419
v -1.404809 5.513625 -0.535419
v -1.459237 5.513625 -0.535419
v -1.459237 5.513625 0.834864
v -1.404809 5.513625 0.834864
v -1.548923 5.426689 -0.509107
v -1.511573 5.455336 -0.491544
v -0.855527 5.415812 -0.492582
v -0.825930 5.479634 -0.520448
v -1.425718 5.338388 -0.215511
v -0.322640 5.423483 -0.190066
v -1.425718 5.466031 -0.171891
v -0.330518 5.343436 0.834864
v -0.357732 5.343436 -0.535419
v -0.303303 5.343436 -0.535419
v -0.330518 5.513625 -0.535419
v -0.357732 5.513625 0.834864
v -0.303303 5.513625 0.834864
v 0.165485 5.343436 0.834864
v 0.129200 5.343434 -0.535419
v 0.183628 5.343435 -0.535419
v 0.156414 5.513625 -0.535419
v 0.129200 5.513625 0.834865
v 0.183628 5.513625 0.834865
v 0.714258 5.343436 0.834864
v 0.687044 5.343436 -0.535419
v 0.741472 5.343436 -0.535418
v 0.714258 5.513625 -0.535419
v 0.687044 5.513625 0.834865
v 0.741472 5.513625 0.834865
v 1.277427 5.351991 0.783849
v 0.733384 5.351991 -0.474099
v 0.783759 5.351991 -0.494708
v 0.750176 5.522181 -0.480968
v 1.252239 5.522181 0.794154
v 1.302615 5.522181 0.773544
v 1.758267 5.343435 0.834864
v 1.712910 5.343436 -0.535419
v 1.767338 5.343436 -0.535418
v 1.740124 5.513625 -0.535419
v 1.712910 5.513625 0.834865
v 1.767338 5.513626 0.834865
v 2.391504 3.424483 0.833424
v 2.364022 0.531996 2.980988
v 2.463299 0.596365 3.065670
v 1.248251 3.318225 0.843490
v 1.374776 3.400312 0.851741
v 2.398581 0.562582 3.011554
v 1.248251 3.403885 0.956523
v 1.225949 3.349180 0.801517
v 1.351725 3.359129 0.882953
v 0.119627 0.534782 3.023365
v 1.225949 3.434841 0.914549
v 2.377282 3.357256 0.976793
v 2.412738 0.767929 0.320218
v 2.483650 3.382321 0.872052
v 2.379870 0.727923 0.161748
v 2.379870 3.371136 -2.379646
v 2.379870 3.276835 -2.474216
v 2.399962 0.609288 -2.508089
v 2.433054 3.365415 -2.472781
v 2.333777 3.365415 -2.578707
v 2.466453 0.608363 -2.416932
v 0.197292 3.322731 -2.485481
v 2.391911 0.548298 -2.519755
v 2.373489 5.331992 -0.405366
v 2.426229 5.405015 -0.367848
v 2.380767 5.361040 -0.278306
v 2.405486 5.442176 -0.272147
v 2.374070 5.353043 0.433511
v 2.398786 5.420762 0.469152
v 2.119206 5.432000 0.415363
v 2.167372 5.493688 0.451461
v 1.945155 5.351186 -0.208027
v 2.001942 5.450650 -0.187990
v -2.065555 0.524281 2.991464
v -2.093049 3.409051 0.854376
v -2.164832 0.582457 3.094723
v -2.048368 0.586164 2.939937
v -1.011686 3.384812 0.863488
v -2.143262 0.673661 3.007091
v 0.205750 0.533843 2.984217
v -0.989009 3.371441 0.882878
v 0.111419 0.567235 3.106260
v -2.018586 0.770802 0.320905
v -2.160410 0.770802 0.320905
v -2.089498 3.365611 0.941879
v -2.093043 3.302780 -2.500087
v -2.093043 3.397080 -2.405517
v -2.093043 0.755960 0.133791
v -2.035722 3.379598 -2.578707
v -2.129681 3.379598 -2.472782
v -2.098361 0.623471 -2.508090
v 0.102535 3.322731 -2.485481
v -2.166626 0.608363 -2.485481
v -2.067235 0.528276 -2.485481
v -2.128174 5.478201 -0.299031
v -2.074545 5.403047 -0.338553
v -2.078912 5.361043 -0.278300
v -2.102823 5.442176 -0.272147
v -2.079930 5.330491 0.435523
v -2.104241 5.397942 0.471227
v -1.804159 5.394535 0.423796
v -1.851863 5.455101 0.460142
v 0.157696 3.373271 -2.261774
v -1.671105 5.502455 -0.131549
v -1.749873 5.374814 -0.076473
v -1.805948 5.436364 -0.186133
v 0.053000 3.805370 0.017994
v 0.053000 3.622220 -0.239999
v 0.053000 3.622219 0.166565
v 0.011635 3.574157 0.261114
v 0.011635 3.526094 -0.500012
v 0.288193 3.639853 0.021799
v 0.246827 3.805370 0.017993
v 0.246827 3.622220 -0.239999
v 0.246827 3.622220 0.166565
v 0.273398 3.715985 0.032761
v 0.026442 3.742771 0.027103
v 0.273398 3.779060 0.022269
v 1.118085 2.149606 -2.504007
v -0.808802 2.215791 -2.504007
v -0.808802 2.083421 -2.504007
v -2.100372 3.295436 -2.556471
v 2.448066 3.395600 -2.503286
v -2.100372 3.295436 -2.450102
v -2.099190 3.495764 -2.485558
v -2.095645 5.537812 0.700771
v -2.095645 5.537811 -0.027263
v 2.395472 5.537812 0.700771
v 2.395472 5.537812 -0.027263
v 0.149914 0.598747 0.291843
v -0.248454 1.807402 0.268880
v 0.529149 1.807402 0.314309
v 2.234527 5.896375 0.287853
v 2.224651 6.145554 0.286336
v -2.094010 6.145624 0.287130
v -2.258702 5.943803 0.250427
v -1.935851 5.948721 0.322366
v 0.124793 3.909435 0.299464
v 0.157434 3.447998 0.259119
v 0.124793 3.909434 0.274294
v 0.157434 3.447998 0.314638
v 0.140239 4.820449 -1.528649
v 0.154383 5.733372 -1.952917
v 0.144953 6.189398 -1.879501
v 0.140238 4.820448 2.102406
v 0.154382 5.733371 2.526674
v 0.144953 6.189398 2.453258
v -0.205200 4.006034 0.286159
v 0.350628 3.783685 0.352081
v -0.205200 4.006034 0.287598
v 0.350628 3.783686 0.221676
v 0.119708 6.200826 2.513618
v 0.148773 6.147405 2.513702
v 0.158925 6.220207 2.515532
v 0.163025 6.157175 2.520323
v 0.112402 6.219560 2.495490
v 0.188602 6.217310 2.523339
v 0.158923 6.148659 -1.925041
v 0.158923 6.211699 -1.925141
v 0.193550 6.190661 -1.937523
v 0.143579 6.148613 -1.949078
v -0.228486 4.808070 -0.323868
v -0.228487 4.775952 -0.365497
v 0.528310 4.775953 -0.365497
v 0.528311 4.808070 -0.323868
v 0.582678 4.842180 -1.255314
v 0.528583 4.842180 -1.255314
v 0.555630 4.864040 1.837318
v -0.255807 4.879900 1.850013
v 0.555630 4.911619 1.875404
v -0.282854 6.249372 -1.236884
v -0.282854 4.842174 -1.260087
v -0.228758 4.842222 -1.234647
v -0.228759 6.249322 -1.262324
v -0.228758 4.842125 -1.285528
v -0.282854 6.249274 -1.287766
v 0.569736 4.883093 -1.242659
v -0.236749 6.192349 -1.257461
v 0.530907 4.869242 -1.280798
v 0.536574 6.192349 -1.257233
v -0.269911 4.883092 -1.245657
v -0.231083 4.869242 -1.275484
v 0.559494 4.883173 -1.253950
v 0.550221 4.842150 -1.272808
v -0.501791 6.707510 -1.258242
v 0.797670 6.739182 -1.258292
v -0.501791 6.770852 -1.258343
v 0.754301 6.714901 -1.258200
v -0.240031 6.260757 -1.257617
v -0.210966 6.207335 -1.257545
v 0.775164 6.724864 -1.258270
v 0.528024 6.237427 -1.270253
v 0.562242 6.211975 -1.232051
v -0.255806 6.217818 -1.257501
v 0.555630 6.201958 -1.270196
v 0.555630 6.249537 -1.232111
v 0.540025 4.787473 -0.357487
v 0.561106 4.823613 -0.422765
v 0.514653 6.183465 -1.239216
v 0.527230 4.782158 -0.326519
v 0.552385 6.207553 -1.207994
v -0.210966 6.157128 -1.287608
v -0.232765 6.211813 -1.290868
v 1.066229 6.721667 -1.912792
v -0.744214 6.708463 -1.939350
v -0.224164 6.176063 -1.268131
v -0.778432 6.728825 -1.900200
v 0.562241 6.159531 -1.290576
v 0.528024 6.206605 -1.284434
v 1.092779 6.746976 -1.944063
v -0.751872 6.735645 -1.930063
v 0.556689 6.181341 -1.274652
v -0.780938 6.707689 -1.895522
v -0.227406 4.782158 -0.326519
v -0.214829 6.209647 -1.255978
v -0.252561 6.233735 -1.224756
v -0.240201 4.783556 -0.364625
v -0.261289 4.819702 -0.429898
v 0.163169 6.164432 -1.917600
v 0.089330 6.187886 -1.979712
v 1.076799 6.726771 -1.923978
v 0.119708 6.192325 -1.923166
v 0.148774 6.138904 -1.923081
v 0.151050 6.138904 -1.923081
v 0.180116 6.192325 -1.923166
v -0.746431 6.713220 -1.923957
v 0.510790 6.207335 -1.257606
v 0.539855 6.260757 -1.257666
v -0.454476 6.714901 -1.258146
v -0.262417 6.211975 -1.232051
v -0.228200 6.237427 -1.270253
v -0.475340 6.724864 -1.258270
v -0.228759 4.848075 1.835781
v -0.282855 4.848124 1.861222
v -0.282855 6.255224 1.833544
v -0.228759 6.255272 1.858984
v -0.228759 4.848173 1.886662
v -0.282855 6.255322 1.884425
v -0.236749 6.198300 1.847916
v 0.569736 4.888994 1.837278
v 0.530907 4.875289 1.875461
v -0.269912 4.888994 1.839279
v 0.536573 6.198300 1.848095
v -0.231083 4.875290 1.870921
v 0.555630 4.848124 1.861222
v 0.569154 6.255248 1.846264
v 0.528582 6.255322 1.884425
v 0.797670 6.745131 1.847085
v -0.501791 6.713459 1.847136
v -0.501791 6.776802 1.847035
v -0.225499 6.239997 1.847791
v 0.739767 6.747561 1.847146
v 0.768833 6.694141 1.847218
v 0.562242 6.217876 1.847885
v 0.516617 6.251909 1.847831
v 0.775164 6.730814 1.847108
v 0.555630 6.255438 1.847825
v 0.555630 6.192098 1.847926
v -0.255807 6.223768 1.847876
v 0.540348 4.781966 0.959277
v -0.203446 6.180449 1.832481
v 0.504237 4.795970 0.921647
v 0.539807 4.776605 0.931897
v 0.527230 6.197380 1.819267
v 0.502075 4.800573 0.900599
v 1.066228 6.730124 2.501637
v -0.232765 6.217892 1.881260
v -0.210966 6.163194 1.878175
v -0.224165 6.182054 1.858639
v -0.744214 6.717022 2.528235
v -0.778433 6.737235 2.489022
v 1.092778 6.755554 2.532827
v 0.528023 6.212659 1.874844
v 0.562241 6.165607 1.881136
v 0.542156 6.150892 1.863086
v 0.563956 6.205590 1.866171
v -0.766405 6.730124 2.501637
v -0.214829 6.215635 1.846378
v -0.227406 4.784595 0.921465
v -0.252561 6.239605 1.815080
v 0.503269 6.188285 1.825343
v -0.240524 4.789802 0.952139
v -0.204414 4.803807 0.914509
v 0.137575 6.195075 2.525046
v 0.131369 6.179486 2.500930
v 0.216737 6.090752 2.520075
v -0.746432 6.721720 2.512827
v 0.172825 6.187513 2.526360
v 0.151050 6.147356 2.488261
v -0.454477 6.720851 1.847231
v 0.532589 6.253376 1.856676
v 0.510790 6.213237 1.829875
v -0.475341 6.730814 1.847108
v -0.216794 6.251909 1.847831
v -0.262418 6.217876 1.847885
v 1.070038 6.739284 -1.934560
v -0.765368 6.722710 -1.914082
v -0.765368 6.755857 -1.955037
v -0.765368 6.747826 2.523347
v 1.070038 6.750710 2.505551
v 1.070038 6.742055 2.558941
v 0.179077 6.815496 -2.447746
v 0.179072 6.789844 -1.117649
v 0.179077 6.759549 -2.447648
v 0.121905 6.787522 -2.447718
v 0.121899 6.817818 -1.117718
v 0.121899 6.761870 -1.117621
v -2.588974 6.764274 0.259256
v -1.771351 6.767625 2.180120
v -1.790791 6.823587 2.188083
v -2.569534 6.820207 0.251098
v -1.751910 6.823559 2.171961
v -2.550094 6.764245 0.243135
v -2.163293 6.765992 1.244067
v 1.095489 6.768310 2.572479
v 1.087421 6.824293 2.591805
v -2.155225 6.821906 1.224547
v 1.103557 6.824224 2.552959
v -2.147156 6.765924 1.205223
v 1.132046 6.768311 2.573087
v 0.828736 6.767128 1.895139
v 0.848176 6.823062 1.886981
v 1.112606 6.824274 2.581050
v 0.951201 6.786427 2.246184
v 1.088844 6.760195 -2.077037
v -2.153826 6.762583 -0.709737
v -2.161875 6.818495 -0.729286
v 1.096893 6.816177 -2.057683
v -2.145777 6.818563 -0.690384
v 1.104942 6.760262 -2.038134
v 2.482395 6.765910 1.197620
v 1.116440 6.760245 -2.048365
v 1.135880 6.816179 -2.056522
v 2.462955 6.821874 1.205582
v 1.097000 6.816208 -2.040403
v 2.443514 6.765938 1.213741
v -0.788961 6.768344 2.592578
v 2.453682 6.765960 1.225212
v 2.461759 6.821941 1.244633
v -0.797038 6.824260 2.572961
v 2.445605 6.821872 1.205596
v -0.805114 6.768276 2.553540
v -2.182512 6.762630 -0.682079
v -0.816613 6.768295 2.563771
v -0.836053 6.824257 2.571734
v -2.163072 6.818564 -0.690237
v -0.797172 6.824229 2.555613
v -2.143631 6.762601 -0.698200
v 2.085469 6.760885 -1.682032
v 0.150467 6.759524 -2.461541
v 0.158534 6.815438 -2.481061
v 2.077430 6.816867 -1.662641
v 0.142398 6.815506 -2.442216
v 2.069390 6.760953 -1.643054
v 2.888801 6.764268 0.256152
v 2.071178 6.760915 -1.664712
v 2.090618 6.816849 -1.672871
v 2.869362 6.820230 0.264115
v 2.051738 6.816876 -1.656749
v 2.849922 6.764296 0.272273
v 2.087732 6.767652 2.195249
v 2.866440 6.764271 0.258244
v 2.885865 6.820233 0.266169
v 2.068280 6.823586 2.187062
v 2.847015 6.820205 0.250122
v 2.048827 6.767624 2.179070
v 0.151498 6.769055 2.999319
v 2.070403 6.767627 2.180894
v 2.078452 6.823608 2.200248
v 0.143449 6.824970 2.979770
v 2.062354 6.823541 2.161345
v 0.135400 6.768987 2.960416
v -1.785642 6.767657 2.197440
v 0.149389 6.769017 2.977015
v 0.141349 6.824997 2.996406
v -1.777574 6.823570 2.177920
v 0.157429 6.824931 2.957428
v -1.769506 6.767589 2.158595
v -1.787904 6.760888 -1.679841
v -2.566613 6.764270 0.257164
v -2.586037 6.820203 0.249043
v -1.768452 6.816851 -1.671850
v -2.547188 6.820232 0.265089
v -1.749000 6.760917 -1.663661
v -0.835442 6.760229 -2.057747
v -2.162515 6.765923 1.204254
v -2.181939 6.821856 1.196133
v -0.816017 6.816191 -2.049823
v -2.143090 6.821884 1.212179
v -0.796593 6.760257 -2.041702
v 1.135325 6.768311 2.573289
v 2.462370 6.762619 -0.688779
v 2.481822 6.818580 -0.680787
v 1.115873 6.824245 2.565101
v 2.442918 6.818552 -0.696967
v 1.096420 6.768284 2.557109
v 2.463120 6.762549 -0.728659
v -0.795661 6.760230 -2.057072
v -0.787594 6.816144 -2.076592
v 2.455080 6.818532 -0.709267
v -0.803730 6.816211 -2.037747
v 2.447040 6.762617 -0.689681
v 0.148329 6.759486 -2.483912
v -1.770575 6.760914 -1.665486
v -1.778624 6.816828 -1.685036
v 0.156379 6.815467 -2.464558
v -1.762525 6.816895 -1.646132
v 0.164428 6.759553 -2.445008
v -0.832218 6.760229 -2.057680
v -0.528908 6.761413 -1.379732
v -0.548349 6.817375 -1.371770
v -0.812778 6.816164 -2.065838
v -0.651388 6.779480 -1.730835
v 0.949008 6.798024 -1.731765
v 0.826587 6.761412 -1.380617
v 1.110482 6.816161 -2.066751
v 0.846011 6.817372 -1.372692
v 1.129907 6.760227 -2.058631
v 2.463043 6.762555 -0.725349
v 1.785726 6.763085 -0.421724
v 1.777676 6.818998 -0.441273
v 2.471092 6.818536 -0.705995
v 2.136498 6.781605 -0.544295
v 2.480034 6.765914 1.199847
v 1.786579 6.765453 0.935049
v 1.794619 6.821366 0.915462
v 2.471966 6.821897 1.219172
v 2.112626 6.784417 1.117324
v -0.791174 6.768341 2.590217
v -0.526760 6.767130 1.896025
v -0.507334 6.823092 1.903950
v -0.810627 6.824275 2.582031
v -0.708847 6.786449 2.222407
v -1.820445 6.803000 1.098817
v -1.485843 6.765458 0.937265
v -2.171210 6.821901 1.221341
v -1.493892 6.821371 0.917716
v -2.179259 6.765919 1.201987
v 1.523838 6.792295 0.286825
v 2.852586 6.764321 0.286933
v 2.852586 6.820269 0.286836
v 2.852563 6.792196 0.229609
v 1.523870 6.820169 0.229633
v 1.523871 6.764222 0.229731
v 0.120756 6.794646 1.632959
v 0.120750 6.768991 2.963056
v 0.120750 6.824940 2.962959
v 0.177923 6.796966 2.963027
v 0.177929 6.822618 1.632931
v 0.177929 6.766671 1.633029
v -1.224010 6.792193 0.228485
v -2.552758 6.764219 0.228474
v -2.552758 6.820167 0.228377
v -2.552736 6.792294 0.285702
v -1.223988 6.820268 0.285712
v -1.223988 6.764319 0.285810
v 1.493480 6.789819 -1.131936
v -1.192453 6.761845 -1.131923
v -1.192453 6.817792 -1.132020
v -1.192486 6.789918 -1.074828
v 1.493447 6.817893 -1.074842
v 1.493447 6.761945 -1.074744
v -1.837537 6.800187 -0.542138
v -1.486752 6.763089 -0.419641
v -2.172111 6.818540 -0.703893
v -1.478711 6.819002 -0.439228
v -2.164071 6.762558 -0.723285
v -1.193597 6.794670 1.647379
v 1.492281 6.766695 1.647329
v 1.492281 6.822643 1.647231
v 1.492314 6.794570 1.590138
v -1.193619 6.822543 1.590055
v -1.193619 6.766596 1.590152
v -1.238345 6.789897 -1.087188
v -1.238333 6.766616 1.601512
v -1.238333 6.822564 1.601414
v -1.181216 6.794590 1.601350
v -1.181172 6.817871 -1.087216
v -1.181172 6.761923 -1.087119
v 1.538173 6.794591 1.602498
v 1.538216 6.761926 -1.085971
v 1.538216 6.817873 -1.086069
v 1.481043 6.789899 -1.086039
v 1.481055 6.822565 1.602562
v 1.481055 6.766618 1.602660
v 2.224651 6.011462 0.287116
v -1.958865 6.321431 -0.175093
v -1.962736 6.323148 0.745034
v -1.960746 5.897656 0.285613
v -2.227788 6.323111 0.745101
v -2.227850 5.897619 0.285680
v -2.228018 6.321393 -0.175026
v 2.529188 5.898284 0.284482
v 2.529020 6.322058 -0.176224
v 2.529249 6.323775 0.743902
v 2.262085 5.898246 0.284550
v 2.261916 6.322021 -0.176157
v 2.262146 6.323738 0.743970
v -2.112656 6.382779 -0.160656
v -1.837158 6.380373 0.718624
v -2.387910 6.388253 0.718687
v 2.691657 6.386745 -0.161329
v 2.416403 6.384343 0.718028
v 2.140904 6.378868 -0.161239
v 2.528554 6.577305 -0.197289
v 2.546403 6.486259 0.675454
v 2.493254 6.764409 0.930766
v 2.261459 6.577394 -0.145847
v 2.279295 6.486189 0.635270
v 2.226142 6.764291 0.863735
v -2.232029 6.577306 -0.196630
v -2.214180 6.486261 0.676113
v -2.267329 6.764410 0.931425
v -1.942472 6.669846 -0.212150
v -1.960051 6.764293 0.864315
v -1.977846 6.324137 0.377839
v 1.051375 8.200725 -3.427333
v 0.131460 8.189848 -3.579407
v 0.131714 8.221773 -3.579215
v 0.125608 8.211265 -3.544282
v 1.057262 8.221775 -3.462771
v 1.053824 8.182532 -3.436538
v 0.371480 7.128794 -0.809198
v 0.111108 7.443613 -0.843555
v 0.111108 6.813975 -0.843555
v 0.104797 8.176864 -3.552842
v 0.070906 8.052013 -3.759377
v 0.092434 7.443613 -0.843555
v 0.092434 6.813975 -0.843555
v 0.101771 7.225169 -1.512672
v 0.083710 6.788454 -2.543239
v 0.083688 6.824084 -2.543321
v 0.103289 9.276041 -6.055358
v 0.121209 6.788454 -2.543260
v 0.121187 6.824084 -2.543341
v 0.083010 6.788221 -0.849566
v 0.101760 6.824084 -0.849576
v 0.120509 6.788221 -0.849586
v 0.163622 7.243649 -0.990982
v 0.095044 7.418370 -0.860325
v 0.458239 7.832444 -2.478559
v 0.458239 7.797780 -2.478559
v 0.787162 7.820889 -2.473018
v 0.139086 7.809335 -2.558410
v 0.651311 7.677279 -1.977209
v 0.142108 7.654058 -2.044341
v 0.142108 7.688888 -2.044341
v 0.646435 7.654058 -1.940118
v 0.137233 7.677279 -2.007253
v 0.646435 7.688888 -1.940118
v 0.316131 7.545566 -1.396043
v 0.313693 7.536908 -1.377499
v 0.316131 7.528250 -1.396043
v 0.309593 7.167958 -1.398152
v 0.294760 7.158881 -1.424911
v 0.497573 6.844487 -1.358349
v 0.148815 7.505366 -1.410604
v 0.499088 7.497355 -1.364362
v 0.147316 6.837179 -1.404496
v 0.308866 7.174765 -1.399677
v 0.305792 7.175014 -1.381124
v 0.313710 6.813975 -1.377375
v 0.313710 6.796628 -1.377375
v 0.316148 6.805301 -1.395919
v 0.662668 6.853609 -1.948534
v 0.157309 7.641062 -2.027594
v 0.120746 7.621797 -2.011709
v 0.629016 6.835160 -1.944719
v 0.637406 6.837161 -1.981089
v 0.129135 7.623799 -2.048080
v 0.631900 7.641053 -1.956865
v 0.120866 6.855077 -2.011565
v 0.154398 6.836428 -2.015523
v 0.659938 7.623631 -1.936382
v 0.129256 6.853075 -2.047934
v 0.668328 7.621631 -1.972751
v 0.396590 6.822650 -2.006384
v 0.391715 6.805301 -1.969367
v 0.396590 6.787952 -2.006384
v 0.123616 6.842964 -2.545662
v 0.420293 7.787839 -2.490700
v 0.423338 7.787839 -2.513989
v 0.143768 6.836795 -2.527358
v 0.444527 7.781664 -2.503253
v 0.146813 6.836795 -2.550503
v 0.776662 6.836844 -2.460274
v 0.476862 7.781646 -2.491227
v 0.796843 6.843000 -2.441824
v 0.498038 7.787805 -2.480493
v 0.799883 6.843000 -2.465112
v 0.501078 7.787839 -2.503639
v 0.567860 6.796627 -2.459877
v 0.459773 6.822649 -2.485491
v 0.353612 6.796627 -2.525765
v 0.937573 7.199670 -2.963367
v 0.565859 7.967189 -3.000529
v 0.934526 7.199670 -2.940077
v 0.546329 7.958283 -3.014831
v 0.914974 7.190722 -2.954528
v 0.543282 7.958283 -2.991688
v 0.140157 7.190756 -3.056591
v 0.511837 7.958249 -3.019432
v 0.508789 7.958249 -2.996287
v 0.489260 7.967189 -3.010591
v 0.120606 7.199670 -3.071040
v 0.117559 7.199670 -3.047753
v 0.334101 7.864367 -3.527018
v 0.557285 8.166327 -3.521137
v 0.123721 7.556006 -3.566492
v 0.575047 8.154351 -3.506978
v 0.144533 7.543996 -3.575476
v 1.043840 7.543984 -3.449165
v 0.610783 8.154339 -3.498379
v 0.856424 7.868738 -3.458121
v 0.859605 7.868813 -3.481565
v 0.472042 8.213649 -4.012504
v 0.290073 8.067883 -4.036355
v 0.381137 8.142914 -4.042106
v 0.939122 8.146564 -3.955726
v 1.013013 8.056969 -3.955808
v 0.867684 8.235450 -3.979813
v 0.406426 8.466374 -4.537682
v 0.498482 8.534478 -4.539466
v 0.322803 8.391564 -4.562811
v 1.122844 8.384473 -4.457190
v 0.945923 8.525773 -4.480154
v 1.034126 8.457302 -4.454611
v 1.267461 8.822939 -5.103406
v 1.060272 8.937196 -5.127765
v 1.163417 8.883432 -5.100091
v 0.463071 8.876323 -5.229235
v 0.565789 8.930784 -5.201125
v 0.358121 8.817891 -5.226060
v 1.706151 9.320910 -5.872395
v 0.947823 9.565584 -6.015882
v 0.947280 9.577828 -5.987399
v 1.696287 9.308681 -5.845751
v 1.317913 9.429397 -5.925709
v 0.895792 9.575760 -6.020175
v 0.902851 9.555409 -6.007956
v 0.143612 9.298491 -6.076528
v 0.134807 9.318875 -6.065460
v 0.514579 9.446424 -6.025278
v 0.527540 7.177852 -3.002036
v 0.133301 7.169194 -3.048039
v 0.920250 7.160536 -2.944392
v 0.922688 7.169194 -2.962936
v 0.135739 7.160536 -3.066584
v 1.050655 7.526115 -3.434595
v 0.134090 7.536992 -3.555351
v 0.134090 7.515239 -3.555351
v 1.053702 7.536992 -3.457742
v 0.137138 7.526115 -3.578496
v 1.053702 7.515239 -3.457741
v 1.179720 7.875647 -3.916320
v 0.133612 7.886488 -4.054180
v 0.133612 7.864803 -4.054180
v 1.182767 7.886488 -3.939465
v 0.136660 7.875646 -4.077325
v 1.182767 7.864803 -3.939465
v 1.314734 8.251634 -4.418168
v 0.129681 8.240791 -4.574430
v 1.314734 8.229948 -4.418168
v 0.132728 8.229947 -4.597576
v 1.317782 8.240791 -4.441314
v 0.132728 8.251634 -4.597576
v 1.486397 8.712159 -5.063917
v 0.134732 8.725171 -5.242030
v 0.134732 8.699146 -5.242030
v 1.490053 8.699148 -5.091660
v 0.138388 8.712158 -5.269775
v 1.490053 8.725171 -5.091660
v 1.699941 9.278307 -5.845945
v 0.116820 9.291318 -6.054676
v 0.116820 9.265295 -6.054676
v 1.703597 9.291319 -5.873834
v 0.120476 9.278306 -6.082422
v 1.703597 9.265296 -5.873834
v 1.710956 9.619565 -5.839332
v 0.106580 9.603523 -6.077404
v 1.725325 9.611490 -5.906972
v 0.106831 9.641848 -6.076816
v 0.102804 9.617792 -6.068471
v 1.710956 9.641850 -5.839332
v 0.935711 7.978199 -2.945915
v 0.933748 7.995977 -2.939408
v 0.124321 7.985402 -3.072906
v 0.119634 7.998451 -3.049047
v 0.938447 8.008960 -2.963367
v 0.124355 8.008960 -3.072908
v 1.180328 8.404776 -3.919418
v 1.177662 8.424280 -3.910029
v 0.128343 8.412353 -4.078814
v 0.122374 8.438425 -4.043542
v 1.183694 8.449568 -3.945790
v 0.128717 8.449568 -4.078475
v 1.327993 8.698881 -4.450656
v 1.321943 8.689295 -4.414662
v 0.125309 8.681004 -4.592640
v 0.128194 8.700056 -4.602196
v 1.327993 8.721167 -4.450656
v 0.121818 8.721167 -4.566524
v 1.497626 9.052512 -5.067485
v 1.494419 9.073038 -5.057439
v 0.134223 9.061141 -5.267425
v 0.128123 9.099488 -5.231536
v 1.500697 9.110631 -5.094680
v 0.135033 9.110631 -5.266325
v 0.277071 7.447428 -0.824312
v 0.242396 7.434881 -0.835190
v 0.208525 7.448445 -0.852167
v 0.244654 6.796628 -0.838343
v 0.279793 6.809638 -0.842934
v 0.209462 6.809638 -0.833350
v 0.101774 9.453805 -6.074084
v 0.111274 9.512082 -6.060068
v 0.092273 9.395528 -6.060068
v 0.101772 7.581295 -3.072766
v 0.113304 8.000987 -3.061121
v 0.090241 7.161604 -3.061121
v 0.090240 8.000987 -3.049477
v 0.113304 7.161604 -3.049476
v 0.101763 7.860216 -3.578639
v 0.111273 7.974430 -3.564622
v 0.092267 7.746002 -3.564622
v 0.101772 8.154267 -4.076608
v 0.111273 8.248642 -4.062591
v 0.092272 8.059892 -4.062591
v 0.101763 8.475906 -4.596430
v 0.111273 8.553934 -4.582410
v 0.092267 8.397880 -4.582413
v 0.101773 8.906190 -5.267758
v 0.111273 8.970501 -5.253747
v 0.092267 8.841880 -5.253744
v 0.101823 7.171164 -1.419721
v 0.110525 7.537024 -1.411531
v 0.092317 6.805302 -1.410668
v 0.091915 7.537024 -1.402044
v 0.110123 6.805302 -1.402906
v 0.101762 7.246327 -2.037591
v 0.111109 7.668571 -2.028312
v 0.092435 6.824084 -2.028312
v 0.092434 7.668571 -2.019040
v 0.111109 6.824084 -2.019040
v 0.090240 7.813927 -2.554098
v 0.113304 7.813927 -2.542597
v 0.113304 6.824084 -2.554097
v 0.090240 6.824084 -2.542596
v 0.090240 7.813927 -2.531096
v 0.113304 6.824084 -2.531095
v 0.106370 7.196410 -1.556152
v 0.106615 7.414322 -1.702678
v 0.092555 7.310559 -1.637371
v 0.092383 7.117954 -1.719812
v 0.106387 7.055092 -1.620024
v 0.106393 7.181322 -1.819460
v 0.101721 6.960535 -1.420588
v 0.111059 6.813708 -2.030539
v 0.092383 6.813708 -2.030539
v 0.092382 6.942618 -1.420588
v 0.106383 5.696946 -1.585066
v 0.111059 7.601012 -1.787163
v 0.101721 7.279906 -2.018896
v 0.106390 7.633565 -2.028577
v 0.092383 7.311133 -2.018896
v 0.092383 7.601012 -1.787163
v 0.111036 7.434602 -2.138043
v 0.083082 7.517244 -2.235335
v 0.111034 7.609860 -2.358777
v 0.095753 7.927617 -3.073848
v 0.101721 7.160937 -3.053215
v 0.090048 7.796645 -2.543171
v 0.113394 7.197268 -3.053215
v 0.113394 7.796645 -2.543171
v 0.097138 7.287978 -2.640202
v 0.111050 7.533220 -3.548596
v 0.101718 7.543796 -3.563546
v 0.111059 8.004023 -3.067733
v 0.092383 8.004023 -3.067733
v 0.092383 8.215869 -3.574902
v 0.101722 7.891760 -4.059069
v 0.096777 7.506907 -3.246975
v 0.111060 8.215869 -3.574902
v 0.111060 7.880784 -4.043543
v 0.092384 8.250566 -4.586075
v 0.101722 8.448468 -4.066401
v 0.111060 8.250566 -4.586075
v 0.092383 8.429718 -4.066401
v 0.106446 8.026947 -4.352347
v 0.111096 8.487354 -4.740200
v 0.092383 8.560241 -4.718199
v 0.097146 8.615768 -4.680777
v 0.097055 8.792467 -5.145500
v 0.097172 8.871230 -5.032805
v 0.111150 8.837410 -5.091870
v 0.111060 9.107695 -5.260861
v 0.101723 9.004741 -5.659495
v 0.092384 9.107695 -5.260861
v 0.092385 8.991563 -5.640806
v 0.106450 8.755123 -5.250888
v 0.111072 9.307187 -5.930461
v 0.092381 9.334711 -5.795989
v 0.098861 9.309162 -5.860429
v 0.113286 7.168197 -1.066522
v 0.101721 7.519444 -1.412250
v 0.101720 6.822650 -0.851749
v 0.090048 6.822650 -0.880356
v 0.090048 7.513938 -1.379474
v 0.101192 7.246327 -2.037450
v 0.110521 7.668571 -2.028192
v 0.091869 6.824084 -2.028106
v 0.091872 7.668571 -2.018805
v 0.110524 6.824084 -2.018891
v 0.071271 8.200725 -3.548350
v -0.856658 8.189848 -3.457150
v -0.856363 8.221773 -3.457029
v -0.853219 8.211265 -3.421706
v 0.067786 8.221775 -3.584103
v 0.071254 8.182532 -3.557875
v 0.092168 7.128794 -0.843454
v -0.168224 7.443613 -0.809252
v -0.168224 6.813975 -0.809252
v -0.875537 8.176864 -3.424588
v -0.938298 8.053316 -3.620497
v -0.186263 7.443613 -0.804418
v -0.186263 6.813975 -0.804418
v -0.350422 7.225169 -1.453154
v -0.634600 6.788454 -2.443929
v -0.634642 6.824084 -2.444002
v -1.524692 9.276042 -5.841442
v -0.598385 6.788454 -2.453655
v -0.598427 6.824084 -2.453727
v -0.196920 6.788221 -0.807785
v -0.178813 6.824084 -0.812648
v -0.160705 6.788221 -0.817511
v -0.256562 7.245365 -0.936632
v -0.222697 7.418975 -0.811677
v -0.148080 7.806446 -2.492624
v -0.258531 7.832444 -2.496884
v -0.369001 7.806446 -2.501293
v 0.060159 7.677279 -2.044092
v -0.449068 7.654058 -1.977145
v -0.449068 7.688888 -1.977145
v 0.065050 7.654058 -2.007004
v -0.444178 7.677279 -1.940060
v 0.065050 7.688888 -2.007004
v -0.113172 7.545566 -1.395903
v -0.110727 7.536908 -1.377360
v -0.113172 7.528250 -1.395904
v -0.120147 7.167898 -1.396196
v -0.141233 7.158905 -1.418228
v 0.071833 6.844487 -1.406529
v -0.278566 7.505366 -1.366738
v 0.071740 7.497355 -1.412730
v -0.278433 6.837179 -1.360450
v -0.121100 7.174742 -1.397655
v -0.119234 7.174975 -1.378927
v -0.052052 6.800964 -1.385046
v -0.111915 6.813975 -1.386616
v -0.171778 6.800964 -1.388187
v 0.078552 6.853608 -2.019334
v -0.430049 7.641062 -1.964903
v -0.461256 7.621797 -1.940096
v 0.047033 6.835160 -2.006940
v 0.045724 6.837161 -2.044241
v -0.462566 7.623799 -1.977399
v 0.046675 7.641053 -2.019418
v -0.461102 6.855077 -1.939988
v -0.429738 6.836428 -1.952490
v 0.079060 7.623631 -2.006889
v -0.462411 6.853075 -1.977289
v 0.077751 7.621631 -2.044191
v -0.190255 6.822650 -1.982211
v -0.279967 6.796628 -1.995886
v -0.102266 6.796627 -1.981589
v -0.596681 6.842964 -2.456598
v -0.295888 7.787839 -2.480294
v -0.298974 7.787839 -2.503578
v -0.572479 6.836795 -2.444133
v -0.275729 7.781664 -2.498692
v -0.575527 6.836795 -2.467278
v 0.056213 6.836844 -2.543141
v -0.241383 7.781646 -2.495445
v 0.080481 6.843000 -2.530542
v -0.218150 7.787805 -2.490558
v 0.077391 6.843000 -2.553823
v -0.221204 7.787839 -2.513701
v -0.145373 6.796627 -2.488728
v -0.256407 6.822649 -2.485496
v -0.369374 6.796627 -2.496919
v 0.081431 7.199670 -3.070738
v -0.287236 7.967189 -3.010427
v 0.084515 7.199670 -3.047453
v -0.309802 7.958283 -3.019187
v 0.061890 7.190722 -3.056352
v -0.306756 7.958283 -2.996043
v -0.712942 7.190756 -2.954398
v -0.344310 7.958249 -3.014704
v -0.341263 7.958249 -2.991559
v -0.363829 7.967189 -3.000321
v -0.735567 7.199670 -2.963296
v -0.732483 7.199670 -2.940012
v -0.647390 7.864388 -3.458967
v -0.430261 8.166327 -3.511076
v -0.860790 7.556006 -3.442671
v -0.409440 8.154351 -3.501997
v -0.843013 7.543996 -3.456736
v 0.058342 7.543984 -3.567487
v -0.372696 8.154339 -3.502940
v -0.125010 7.868730 -3.527567
v -0.128020 7.868795 -3.551052
v -0.727712 8.138559 -3.946118
v -0.823263 8.067906 -3.951145
v -0.641285 8.213646 -3.975142
v -0.173928 8.146535 -4.029551
v -0.102517 8.057004 -4.048815
v -0.249194 8.235412 -4.034467
v -0.839084 8.466351 -4.454091
v -0.750775 8.534610 -4.479898
v -0.926472 8.391708 -4.456635
v -0.216787 8.453057 -4.554505
v -0.301690 8.526020 -4.528847
v -0.124881 8.384688 -4.552491
v -0.153714 8.823108 -5.223140
v -0.360198 8.937337 -5.193329
v -0.253454 8.883408 -5.193081
v -0.963327 8.876281 -5.136537
v -0.856813 8.930690 -5.136000
v -1.063857 8.817817 -5.106258
v 0.070907 9.320910 -6.079566
v -0.698718 9.565584 -6.021894
v -0.691871 9.577828 -5.994241
v 0.068275 9.308681 -6.051276
v -0.317872 9.429525 -6.030812
v -0.750089 9.575760 -6.012574
v -0.740107 9.555409 -6.002598
v -1.491223 9.298491 -5.872328
v -1.496863 9.318876 -5.859358
v -1.119785 9.446770 -5.918971
v -0.324642 7.177852 -3.001987
v -0.717351 7.169194 -2.944363
v 0.069609 7.160536 -3.047926
v 0.067165 7.169194 -3.066469
v -0.719796 7.160536 -2.962908
v 0.068697 7.526115 -3.555177
v -0.847891 7.536992 -3.434594
v -0.847891 7.515239 -3.434593
v 0.065649 7.536992 -3.578324
v -0.850938 7.526115 -3.457738
v 0.065649 7.515239 -3.578324
v 0.068683 7.875647 -4.053892
v -0.977459 7.886488 -3.916302
v -0.977459 7.864803 -3.916302
v 0.065636 7.886488 -4.077037
v -0.980506 7.875647 -3.939447
v 0.065636 7.864803 -4.077037
v 0.069210 8.251634 -4.573584
v -1.115908 8.240791 -4.417808
v 0.069210 8.229948 -4.573584
v -1.118955 8.229947 -4.440952
v 0.066163 8.240791 -4.596730
v -1.118955 8.251634 -4.440952
v 0.067891 8.712159 -5.241760
v -1.283817 8.725171 -5.063966
v -1.283817 8.699146 -5.063966
v 0.064242 8.699148 -5.269503
v -1.287466 8.712158 -5.091713
v 0.064242 8.725171 -5.269503
v 0.071754 9.278306 -6.052410
v -1.511447 9.291319 -5.844286
v -1.511447 9.265296 -5.844286
v 0.068069 9.291318 -6.080294
v -1.515096 9.278307 -5.872032
v 0.068069 9.265295 -6.080294
v 0.084106 9.619564 -6.048873
v -1.527220 9.603524 -5.863589
v 0.080478 9.611489 -6.117928
v -1.526826 9.641849 -5.863087
v -1.528555 9.617793 -5.853983
v 0.084106 9.641850 -6.048873
v 0.084149 7.978199 -3.053399
v 0.083937 7.995977 -3.046605
v -0.732461 7.985402 -2.966060
v -0.730814 7.998451 -2.941800
v 0.082275 8.008960 -3.070964
v -0.732429 8.008960 -2.966070
v 0.068469 8.404776 -4.057042
v 0.068324 8.424280 -4.047283
v -0.988925 8.412353 -3.938731
v -0.985561 8.438425 -3.903118
v 0.064895 8.449568 -4.083386
v -0.988477 8.449568 -3.938502
v 0.073608 8.698881 -4.608397
v 0.077080 8.689295 -4.572064
v -1.124844 8.681004 -4.434265
v -1.124530 8.700056 -4.444242
v 0.073608 8.721167 -4.608397
v -1.121456 8.721167 -4.408135
v 0.077814 9.052512 -5.248113
v 0.077316 9.073038 -5.237578
v -1.290881 9.061141 -5.088364
v -1.287484 9.099488 -5.052119
v 0.073742 9.110631 -5.275175
v -1.289814 9.110631 -5.087511
v -0.002931 7.447352 -0.833581
v -0.039231 7.434938 -0.835042
v -0.076360 7.448522 -0.842810
v -0.037877 6.796628 -0.838757
v -0.005125 6.809639 -0.852302
v -0.070579 6.809639 -0.824841
v -1.531003 9.453806 -5.859139
v -1.518199 9.512083 -5.848059
v -1.536553 9.395529 -5.843141
v -0.754206 7.581295 -2.960088
v -0.740053 8.000987 -2.951825
v -0.762331 7.161604 -2.945855
v -0.759316 8.000987 -2.934607
v -0.737039 7.161604 -2.940576
v -0.885135 7.860216 -3.448723
v -0.872331 7.974430 -3.437644
v -0.890684 7.746002 -3.432726
v -1.014019 8.154267 -3.929724
v -1.001214 8.248642 -3.918644
v -1.019568 8.059892 -3.913726
v -1.148561 8.475906 -4.431834
v -1.135753 8.553934 -4.420751
v -1.154109 8.397880 -4.415835
v -1.322314 8.906190 -5.080282
v -1.309508 8.970501 -5.069212
v -1.327862 8.841880 -5.064287
v -0.326322 7.171164 -1.363379
v -0.315791 7.537024 -1.357724
v -0.333155 6.805302 -1.352178
v -0.331311 7.537024 -1.343743
v -0.313947 6.805302 -1.349288
v -0.495300 7.668571 -1.957762
v -0.474862 7.668571 -1.953639
v -0.477261 6.824084 -1.962595
v -0.492900 6.824084 -1.948806
v -0.490501 7.668571 -1.939850
v -0.472462 6.824084 -1.944683
v -0.631103 7.813927 -2.456108
v -0.605849 7.813927 -2.450968
v -0.608825 6.824084 -2.462077
v -0.628126 6.824084 -2.444999
v -0.625150 7.813927 -2.433890
v -0.602872 6.824084 -2.439858
v -0.357262 7.196409 -1.496333
v -0.395059 7.414322 -1.637900
v -0.391727 7.310559 -1.571182
v -0.382583 7.055092 -1.555674
v -0.394886 7.118582 -1.655513
v -0.434202 7.181323 -1.748314
v -0.326639 6.960535 -1.364193
v -0.475486 6.813708 -1.955778
v -0.493526 6.813708 -1.950944
v -0.335659 6.942618 -1.361776
v -0.364517 5.696940 -1.524320
v -0.412496 7.601012 -1.720694
v -0.481493 7.279906 -1.942114
v -0.479429 7.633566 -1.952689
v -0.490513 7.311133 -1.939698
v -0.430536 7.601012 -1.715860
v -0.503276 7.434602 -2.059628
v -0.555568 7.517244 -2.146341
v -0.560378 7.609860 -2.272848
v -0.760305 7.927618 -2.959573
v -0.749194 7.160937 -2.941190
v -0.628460 7.796645 -2.445504
v -0.737920 7.197268 -2.944211
v -0.605911 7.796645 -2.451546
v -0.646668 7.287940 -2.541036
v -0.868398 7.533220 -3.422105
v -0.881281 7.543797 -3.434131
v -0.743932 8.004023 -2.957629
v -0.761972 8.004023 -2.952796
v -0.893237 8.215869 -3.442684
v -1.009529 7.891760 -3.912769
v -0.804263 7.506927 -3.127042
v -0.875197 8.215869 -3.447518
v -0.996490 7.880784 -3.900190
v -1.154948 8.250566 -4.419402
v -1.011426 8.448467 -3.919852
v -1.136908 8.250566 -4.424236
v -1.020446 8.429718 -3.917435
v -1.080663 8.026950 -4.197334
v -1.176767 8.487311 -4.573076
v -1.189094 8.560404 -4.547194
v -1.175058 8.615895 -4.512180
v -1.295237 8.792492 -4.960983
v -1.265916 8.871162 -4.852123
v -1.267645 8.837414 -4.912844
v -1.311555 9.107695 -5.076029
v -1.423750 9.004741 -5.458663
v -1.329595 9.107695 -5.071195
v -1.427932 8.991563 -5.438194
v -1.313472 8.755123 -5.065191
v -1.484934 9.307015 -5.722754
v -1.468270 9.334954 -5.588099
v -1.478359 9.309217 -5.652066
v -0.223717 7.168197 -1.025215
v -0.324481 7.519444 -1.356139
v -0.179413 6.822650 -0.814737
v -0.198092 6.822650 -0.839348
v -0.327273 7.513938 -1.321459
v -0.495803 7.668571 -1.957444
v -0.475399 7.668571 -1.953371
v -0.477809 6.824084 -1.962354
v -0.493393 6.824084 -1.948461
v -0.490983 7.668571 -1.939478
v -0.472989 6.824084 -1.944388
v -0.906757 8.200725 -3.411573
v -1.779464 8.189848 -3.083315
v -1.779148 8.221773 -3.083275
v -1.766969 8.211265 -3.049969
v -0.919378 8.221775 -3.445206
v -0.909239 8.182532 -3.420769
v -0.186495 7.128794 -0.804250
v -0.429163 7.443613 -0.703821
v -0.429163 6.813975 -0.703821
v -1.789272 8.176864 -3.046976
v -1.928842 8.052311 -3.204602
v -0.445336 7.443613 -0.694484
v -0.445336 6.813975 -0.694484
v -0.771811 7.225169 -1.278615
v -1.302733 6.788454 -2.162092
v -1.302792 6.824084 -2.162152
v -3.041835 9.276042 -5.213466
v -1.270268 6.788454 -2.180859
v -1.270328 6.824084 -2.180919
v -0.456502 6.788221 -0.694977
v -0.440270 6.824084 -0.704361
v -0.424037 6.788221 -0.713745
v -0.578804 7.243634 -0.790303
v -0.454530 7.418357 -0.708540
v -0.644093 7.809335 -2.418447
v -1.248039 7.820889 -2.168360
v -0.960356 7.832444 -2.327883
v -0.960356 7.797780 -2.327883
v -0.528161 7.677279 -1.955695
v -1.002709 7.654058 -1.759232
v -1.002709 7.688888 -1.759232
v -0.513838 7.654058 -1.921136
v -0.988388 7.677279 -1.724675
v -0.513838 7.688888 -1.921136
v -0.527779 7.545566 -1.284625
v -0.520618 7.536908 -1.267347
v -0.527779 7.528250 -1.284625
v -0.534659 7.167879 -1.283165
v -0.560773 7.158865 -1.298983
v -0.351872 6.844487 -1.342878
v -0.680033 7.505366 -1.213753
v -0.353566 7.497355 -1.348843
v -0.678277 6.837179 -1.207714
v -0.535931 7.174733 -1.284406
v -0.529197 7.174916 -1.266859
v -0.520616 6.813975 -1.267425
v -0.520615 6.796628 -1.267425
v -0.527776 6.805301 -1.284704
v -0.503988 6.853609 -1.936541
v -0.981171 7.641062 -1.752329
v -1.004894 7.621797 -1.720291
v -0.531224 6.835160 -1.916411
v -0.542143 6.837161 -1.952103
v -1.015813 7.623799 -1.755984
v -0.534799 7.641053 -1.928372
v -1.004717 6.855077 -1.720226
v -0.977658 6.836429 -1.740420
v -0.500275 7.623631 -1.924652
v -1.015636 6.853075 -1.755918
v -0.511195 7.621631 -1.960344
v -0.763368 6.822650 -1.853661
v -0.749081 6.805301 -1.819167
v -0.763368 6.787952 -1.853661
v -1.269385 6.842964 -2.184142
v -0.984973 7.787839 -2.284883
v -0.993981 7.787839 -2.306574
v -1.242780 6.836795 -2.178367
v -0.970263 7.781664 -2.307871
v -1.251716 6.836795 -2.199934
v -0.661136 6.836844 -2.436718
v -0.936247 7.781646 -2.313624
v -0.634434 6.843000 -2.430830
v -0.912541 7.787805 -2.314916
v -0.643445 6.843000 -2.452518
v -0.921480 7.787839 -2.336481
v -0.639244 6.799518 -2.420583
v -1.251814 6.811084 -2.166843
v -0.957759 6.822649 -2.323241
v -0.957759 6.787952 -2.323241
v -0.773329 7.199670 -2.952864
v -1.113824 7.967189 -2.799191
v -0.764323 7.199670 -2.931171
v -1.137889 7.958283 -2.801811
v -0.788481 7.190722 -2.933911
v -1.128956 7.958283 -2.780245
v -1.510524 7.190756 -2.634891
v -1.170060 7.958249 -2.788551
v -1.161127 7.958249 -2.766983
v -1.185192 7.967189 -2.769605
v -1.534680 7.199670 -2.637629
v -1.525675 7.199670 -2.615938
v -1.577747 7.864351 -3.139255
v -1.381553 8.166327 -3.245763
v -1.779708 7.556006 -3.068260
v -1.359092 8.154351 -3.242382
v -1.766177 7.543996 -3.086447
v -0.924199 7.543984 -3.426712
v -1.323844 8.154339 -3.252803
v -1.090952 7.868734 -3.340666
v -1.099957 7.868780 -3.362542
v -1.781462 8.138578 -3.588932
v -1.875051 8.067929 -3.569031
v -1.705482 8.213672 -3.639295
v -1.268199 8.146461 -3.812843
v -1.204026 8.057035 -3.849783
v -1.342071 8.235473 -3.798234
v -2.020564 8.466392 -4.050875
v -1.941932 8.534633 -4.098665
v -2.105633 8.391731 -4.030746
v -1.359825 8.384492 -4.339306
v -1.524488 8.525875 -4.270801
v -1.435396 8.457339 -4.292819
v -1.557656 8.822995 -4.971203
v -1.749293 8.937115 -4.888600
v -1.646040 8.883474 -4.916140
v -2.317167 8.876431 -4.677713
v -2.214134 8.930733 -4.704874
v -2.406319 8.817801 -4.622371
v -1.562235 9.320910 -5.856446
v -2.290709 9.565584 -5.601546
v -2.276938 9.577828 -5.576607
v -1.557455 9.308681 -5.828438
v -1.925205 9.429267 -5.708611
v -2.337918 9.575760 -5.579248
v -2.325694 9.555409 -5.572195
v -3.017500 9.298491 -5.251961
v -3.019591 9.318876 -5.237974
v -2.670882 9.446717 -5.393384
v -1.147794 7.177852 -2.781413
v -1.512185 7.169195 -2.624056
v -0.778844 7.160536 -2.927770
v -0.786005 7.169194 -2.945049
v -1.519347 7.160537 -2.641336
v -0.911012 7.526115 -3.417501
v -1.765158 7.536992 -3.063797
v -1.765158 7.515239 -3.063797
v -0.919946 7.536992 -3.439070
v -1.774091 7.526115 -3.085364
v -0.919946 7.515239 -3.439070
v -1.040100 7.875647 -3.899219
v -2.014986 7.886488 -3.495557
v -2.014986 7.864803 -3.495557
v -1.049034 7.886488 -3.920787
v -2.023920 7.875647 -3.517124
v -1.049034 7.864803 -3.920787
v -1.174098 8.251634 -4.401340
v -2.278516 8.240791 -3.944140
v -1.174098 8.229948 -4.401340
v -2.287449 8.229947 -3.965708
v -1.183032 8.240791 -4.422908
v -2.287449 8.251634 -3.965708
v -1.348309 8.712159 -5.046406
v -2.607942 8.725171 -4.524824
v -2.607942 8.699146 -4.524824
v -1.359014 8.699148 -5.072260
v -2.618648 8.712158 -4.550681
v -1.359014 8.725171 -5.072260
v -1.554388 9.278307 -5.830434
v -3.029776 9.291319 -5.219641
v -3.029776 9.265296 -5.219641
v -1.565165 9.291319 -5.856414
v -3.040483 9.278307 -5.245497
v -1.565165 9.265296 -5.856414
v -1.541541 9.619565 -5.830215
v -3.050009 9.603524 -5.234203
v -1.562919 9.611489 -5.895977
v -3.049498 9.641849 -5.233820
v -3.048812 9.617793 -5.224579
v -1.541541 9.641850 -5.830215
v -0.766216 7.978199 -2.936820
v -0.764662 7.995977 -2.930203
v -1.532396 7.985402 -2.641103
v -1.524525 7.998451 -2.618096
v -0.772572 8.008960 -2.953301
v -1.532367 8.008960 -2.641121
v -1.041123 8.404776 -3.902206
v -1.038738 8.424280 -3.892742
v -2.031867 8.412353 -3.514254
v -2.019400 8.438425 -3.480725
v -1.051394 8.449568 -3.926728
v -2.031374 8.449568 -3.514149
v -1.178860 8.698881 -4.436105
v -1.166103 8.689295 -4.401908
v -2.291408 8.681004 -3.957725
v -2.293687 8.700056 -3.967443
v -1.178860 8.721167 -4.436105
v -2.281373 8.721167 -3.933362
v -1.340368 9.052512 -5.055111
v -1.338122 9.073038 -5.044806
v -2.621080 9.061141 -4.546563
v -2.608419 9.099488 -4.512432
v -1.351306 9.110631 -5.080198
v -2.619828 9.110631 -4.546014
v -0.275806 7.447333 -0.770119
v -0.311245 7.434939 -0.762131
v -0.349124 7.448522 -0.760035
v -0.310908 6.796628 -0.766093
v -0.282769 6.809638 -0.787631
v -0.338885 6.809639 -0.744165
v -3.052512 9.453806 -5.228926
v -3.037276 9.512083 -5.221538
v -3.053731 9.395529 -5.212037
v -1.551854 7.581296 -2.629707
v -1.536045 8.000987 -2.625388
v -1.556018 7.161605 -2.613856
v -1.550196 8.000987 -2.603771
v -1.530222 7.161605 -2.615303
v -1.804795 7.860216 -3.067799
v -1.789554 7.974430 -3.060417
v -1.806013 7.746002 -3.050913
v -2.053775 8.154267 -3.499060
v -2.038538 8.248642 -3.491670
v -2.054994 8.059892 -3.482170
v -2.313689 8.475906 -3.949236
v -2.298447 8.553934 -3.941847
v -2.314906 8.397880 -3.932347
v -2.649334 8.906190 -4.530627
v -2.634110 8.970501 -4.523241
v -2.650565 8.841880 -4.513731
v -0.725289 7.171164 -1.198157
v -0.713656 7.537024 -1.195411
v -0.728993 6.805302 -1.185560
v -0.725029 7.537024 -1.177890
v -0.709692 6.805302 -1.187741
v -1.042350 7.668571 -1.728544
v -1.021541 7.668571 -1.729851
v -1.026177 6.824084 -1.737881
v -1.037714 6.824084 -1.720514
v -1.033078 7.668571 -1.712484
v -1.016905 6.824084 -1.721821
v -1.302506 7.813927 -2.174760
v -1.276783 7.813927 -2.176332
v -1.282533 6.824084 -2.186292
v -1.296756 6.824084 -2.164800
v -1.291006 7.813927 -2.154840
v -1.271032 6.824084 -2.166372
v -0.789666 7.196410 -1.318520
v -0.862832 7.414322 -1.445471
v -0.842227 7.310559 -1.381958
v -0.829494 7.055092 -1.369279
v -0.867190 7.118581 -1.462548
v -0.929211 7.181322 -1.541997
v -0.725809 6.960535 -1.198852
v -1.022698 6.813708 -1.731755
v -1.038872 6.813708 -1.722417
v -0.733896 6.942618 -1.194183
v -0.803982 5.696946 -1.343642
v -0.901010 7.601012 -1.520985
v -1.024963 7.279906 -1.717003
v -1.025744 7.633566 -1.727730
v -1.033051 7.311133 -1.712334
v -0.917184 7.601012 -1.511647
v -1.076347 7.434602 -1.824915
v -1.149393 7.517244 -1.895086
v -1.186784 7.609860 -2.016036
v -1.557614 7.927616 -2.627630
v -1.542122 7.160937 -2.612749
v -1.297209 7.796645 -2.165202
v -1.532013 7.197268 -2.618586
v -1.276992 7.796645 -2.176874
v -1.339605 7.287976 -2.252761
v -1.781733 7.533220 -3.046426
v -1.797290 7.543796 -3.054707
v -1.541294 8.004023 -2.629991
v -1.557468 8.004023 -2.620653
v -1.811053 8.215869 -3.059875
v -2.045048 7.891760 -3.483844
v -1.643343 7.506927 -2.778059
v -1.794879 8.215869 -3.069213
v -2.029199 7.880784 -3.475068
v -2.316639 8.250566 -3.935576
v -2.048715 8.448468 -3.490194
v -2.300465 8.250566 -3.944914
v -2.056802 8.429718 -3.485525
v -2.187731 8.026958 -3.740119
v -2.377602 8.487355 -4.078349
v -2.382835 8.560361 -4.050051
v -2.360104 8.615887 -4.019963
v -2.592297 8.792364 -4.422335
v -2.535798 8.871119 -4.324822
v -2.553257 8.837326 -4.382959
v -2.637857 9.107695 -4.529296
v -2.845261 9.004741 -4.869855
v -2.654032 9.107695 -4.519958
v -2.844004 8.991563 -4.849001
v -2.636894 8.755125 -4.518338
v -2.972738 9.307067 -5.109110
v -2.921658 9.334766 -4.983371
v -2.948174 9.309070 -5.042434
v -0.538703 7.168198 -0.898039
v -0.721641 7.519444 -1.191632
v -0.441390 6.822650 -0.706223
v -0.465803 6.822650 -0.725161
v -0.715361 7.513938 -1.157410
v -1.034692 7.246327 -1.732805
v -1.021990 7.668571 -1.729453
v -1.038100 6.824084 -1.720053
v -1.033447 7.668571 -1.711999
v -1.017337 6.824084 -1.721400
v -1.816061 8.200725 -3.026323
v -2.574071 8.189848 -2.483378
v -2.573756 8.221773 -2.483421
v -2.553372 8.211265 -2.454403
v -1.836956 8.221775 -3.055544
v -1.820838 8.182532 -3.034564
v -0.445520 7.128794 -0.694266
v -0.653922 7.443613 -0.534447
v -0.653922 6.813975 -0.534447
v -2.574140 8.176864 -2.445739
v -2.725915 8.053313 -2.584508
v -0.667127 7.443613 -0.521242
v -0.667127 6.813975 -0.521242
v -1.133667 7.225169 -1.000977
v -1.875154 6.788454 -1.716932
v -1.875227 6.824084 -1.716974
v -4.344750 9.276042 -4.214221
v -1.848653 6.788454 -1.743462
v -1.848727 6.824084 -1.743504
v -0.678041 6.788221 -0.518829
v -0.664791 6.824084 -0.532094
v -0.651540 6.788221 -0.545359
v -0.761428 7.245808 -0.631281
v -0.694141 7.418581 -0.517760
v -1.650974 7.823778 -1.869647
v -1.575866 7.797780 -1.950722
v -1.500872 7.823778 -2.031946
v -1.073556 7.677279 -1.718042
v -1.481086 7.654058 -1.405451
v -1.481086 7.688888 -1.405451
v -1.050777 7.654058 -1.688367
v -1.458308 7.677279 -1.375779
v -1.050777 7.688888 -1.688367
v -0.899432 7.536908 -1.069846
v -0.888043 7.545566 -1.055009
v -0.888043 7.528250 -1.055009
v -0.905763 7.167909 -1.066836
v -0.935073 7.158887 -1.075319
v -0.744666 6.844487 -1.171733
v -1.028224 7.505366 -0.962073
v -0.747846 7.497355 -1.177056
v -1.024965 6.837179 -0.956695
v -0.907439 7.174782 -1.067611
v -0.896281 7.174901 -1.052474
v -0.841238 6.800964 -1.091220
v -0.893891 6.813975 -1.062681
v -0.946494 6.800964 -1.034078
v -1.045249 6.853609 -1.705797
v -1.458495 7.641062 -1.404358
v -1.473117 7.621797 -1.367272
v -1.066347 6.835160 -1.679304
v -1.086132 6.837161 -1.710953
v -1.492903 7.623799 -1.398922
v -1.072896 7.641053 -1.689931
v -1.472930 6.855077 -1.367254
v -1.452019 6.836428 -1.393764
v -1.038586 7.623631 -1.695273
v -1.492715 6.853075 -1.398904
v -1.058371 7.621631 -1.726923
v -1.274306 6.805301 -1.558564
v -1.251578 6.822650 -1.528943
v -1.251578 6.787952 -1.528943
v -1.848650 6.842964 -1.746862
v -1.600003 7.787839 -1.917781
v -1.614317 7.787839 -1.936402
v -1.821457 6.836795 -1.748169
v -1.591744 7.781664 -1.943793
v -1.835670 6.836795 -1.766689
v -1.326498 6.836844 -2.148257
v -1.560376 7.781646 -1.958154
v -1.299181 6.843000 -2.149481
v -1.537812 7.787805 -1.965538
v -1.313499 6.843000 -2.168098
v -1.552028 7.787839 -1.984054
v -1.301176 6.799518 -2.138339
v -1.827201 6.811084 -1.734701
v -1.583577 6.822649 -1.961789
v -1.583577 6.787952 -1.961789
v -1.568457 7.199670 -2.617779
v -1.857576 7.967189 -2.381216
v -1.554143 7.199670 -2.599156
v -1.881499 7.958283 -2.377518
v -1.578187 7.190723 -2.595550
v -1.867289 7.958283 -2.358999
v -2.198235 7.190756 -2.119840
v -1.909142 7.958249 -2.356383
v -1.894931 7.958249 -2.337862
v -1.918855 7.967189 -2.334166
v -2.222277 7.199670 -2.116233
v -2.207964 7.199670 -2.097612
v -2.393669 7.864388 -2.589481
v -2.231764 8.166327 -2.743278
v -2.570410 7.556007 -2.468773
v -2.209193 8.154351 -2.745825
v -2.562048 7.543997 -2.489843
v -1.836826 7.543984 -3.036432
v -2.177843 8.154339 -2.765014
v -1.975833 7.868654 -2.910229
v -1.990131 7.868740 -2.929048
v -2.706815 8.138557 -2.971222
v -2.791975 8.067838 -2.927780
v -2.646491 8.213590 -3.039680
v -2.269022 8.146515 -3.320438
v -2.216666 8.057042 -3.372738
v -2.336589 8.235497 -3.287148
v -3.057222 8.466366 -3.355394
v -2.993557 8.534621 -3.421785
v -3.134089 8.391675 -3.313849
v -2.568646 8.453030 -3.753673
v -2.629383 8.525952 -3.689003
v -2.488028 8.384653 -3.797847
v -2.848431 8.822908 -4.364263
v -3.012304 8.937109 -4.235128
v -2.919749 8.883234 -4.288341
v -3.506136 8.876501 -3.884258
v -3.413624 8.930803 -3.937132
v -3.577930 8.817886 -3.807719
v -3.081983 9.320910 -5.218240
v -3.719663 9.565584 -4.783483
v -3.699906 9.577828 -4.762958
v -3.070118 9.308681 -5.192424
v -3.393953 9.429476 -4.981090
v -3.759490 9.575760 -4.749726
v -3.745858 9.555409 -4.746077
v -4.331209 9.298491 -4.257702
v -4.329608 9.318876 -4.243650
v -4.032591 9.446334 -4.483751
v -1.885889 7.177852 -2.355384
v -2.197035 7.169195 -2.108945
v -1.567289 7.160537 -2.592113
v -1.578678 7.169195 -2.606949
v -2.208425 7.160537 -2.123783
v -1.821705 7.526115 -3.030949
v -2.555201 7.536992 -2.468227
v -2.555201 7.515239 -2.468227
v -1.835917 7.536992 -3.049471
v -2.569412 7.526115 -2.486748
v -1.835917 7.515239 -3.049470
v -2.071072 7.875647 -3.462842
v -2.908265 7.886488 -2.820615
v -2.908265 7.864803 -2.820615
v -2.085284 7.886488 -3.481363
v -2.922475 7.875647 -2.839135
v -2.085284 7.864803 -3.481363
v -2.330463 8.251634 -3.913172
v -3.278917 8.240791 -3.185708
v -2.330463 8.229948 -3.913172
v -3.293128 8.229947 -3.204228
v -2.344675 8.240791 -3.931693
v -3.293128 8.251634 -3.204228
v -2.665693 8.712159 -4.491169
v -3.747410 8.725171 -3.661344
v -3.747410 8.699146 -3.661344
v -2.682725 8.699148 -4.513372
v -3.764442 8.712158 -3.683548
v -2.682725 8.725171 -4.513372
v -3.067671 9.278307 -5.195145
v -4.334702 9.291319 -4.223305
v -4.334702 9.265296 -4.223305
v -3.084805 9.291319 -5.217452
v -4.351736 9.278308 -4.245510
v -3.084805 9.265296 -5.217452
v -3.055206 9.619565 -5.198258
v -4.358014 9.603524 -4.232135
v -3.092875 9.611490 -5.256248
v -4.357421 9.641849 -4.231897
v -4.354368 9.617793 -4.223150
v -3.055206 9.641850 -5.198258
v -1.557433 7.978199 -2.604123
v -1.554220 7.995977 -2.598133
v -2.220969 7.985402 -2.120179
v -2.207412 7.998451 -2.099994
v -1.567839 8.008960 -2.618397
v -2.220946 8.008960 -2.120205
v -2.072834 8.404776 -3.465463
v -2.068080 8.424280 -3.456939
v -2.929409 8.412353 -2.834307
v -2.908689 8.438425 -2.805146
v -2.089101 8.449568 -3.486491
v -2.928905 8.449568 -2.834333
v -2.344061 8.698881 -3.945520
v -2.322887 8.689295 -3.915792
v -3.294885 8.681004 -3.195493
v -3.299602 8.700056 -3.204290
v -2.344061 8.721167 -3.945520
v -3.278886 8.721167 -3.174557
v -2.660275 9.052512 -4.501633
v -2.655439 9.073039 -4.492261
v -3.765726 9.061141 -3.678941
v -3.744663 9.099488 -3.649250
v -2.677333 9.110631 -4.523034
v -3.764375 9.110631 -3.678735
v -0.522964 7.439820 -0.638195
v -0.558951 7.452321 -0.626289
v -0.591154 7.438748 -0.609453
v -0.555819 6.796628 -0.625210
v -0.534213 6.809639 -0.653295
v -0.577167 6.809639 -0.596787
v -4.359065 9.453806 -4.226390
v -4.342436 9.512083 -4.223197
v -4.355872 9.395529 -4.209761
v -2.236814 7.581296 -2.104136
v -2.220426 8.000987 -2.104056
v -2.236734 7.161605 -2.087748
v -2.228500 8.000987 -2.079514
v -2.212192 7.161605 -2.095822
v -2.594520 7.860216 -2.461842
v -2.577892 7.974430 -2.458649
v -2.591327 7.746002 -2.445213
v -2.946638 8.154267 -2.813960
v -2.930008 8.248642 -2.810766
v -2.943444 8.059892 -2.797330
v -3.314211 8.475906 -3.181524
v -3.297575 8.553934 -3.178334
v -3.311015 8.397880 -3.164897
v -3.788910 8.906190 -3.656234
v -3.772282 8.970501 -3.653041
v -3.785718 8.841880 -3.639605
v -1.067902 7.171164 -0.935296
v -1.055955 7.537024 -0.935654
v -1.068220 6.805302 -0.922170
v -1.062406 7.537024 -0.915787
v -1.050140 6.805302 -0.929271
v -1.511433 7.668571 -1.365548
v -1.491672 7.668571 -1.372197
v -1.498228 6.824084 -1.378753
v -1.504876 6.824084 -1.358993
v -1.498320 7.668571 -1.352436
v -1.485115 6.824084 -1.365641
v -1.878215 7.813927 -1.729227
v -1.853774 7.813927 -1.737403
v -1.861906 6.824084 -1.745535
v -1.870082 6.824084 -1.721095
v -1.861950 7.813927 -1.712962
v -1.845641 6.824084 -1.729271
v -1.161320 7.196410 -1.034813
v -1.264801 7.414322 -1.138551
v -1.228504 7.310559 -1.082489
v -1.212886 7.055092 -1.073576
v -1.273429 7.118581 -1.153919
v -1.353908 7.181322 -1.214600
v -1.068585 6.960535 -0.935833
v -1.493282 6.813708 -1.373737
v -1.506488 6.813708 -1.360531
v -1.075188 6.942618 -0.929230
v -1.181519 5.696930 -1.055491
v -1.321189 7.601012 -1.201643
v -1.491652 7.279906 -1.358901
v -1.495192 7.633566 -1.369051
v -1.498255 7.311133 -1.352298
v -1.334395 7.601012 -1.188437
v -1.569319 7.434602 -1.449732
v -1.657886 7.517244 -1.498758
v -1.725380 7.609860 -1.605837
v -2.241900 7.927617 -2.100580
v -2.223026 7.160937 -2.090275
v -1.870624 7.796645 -1.721366
v -2.214772 7.197268 -2.098529
v -1.854116 7.796645 -1.737873
v -1.934178 7.287938 -1.794978
v -2.566716 7.533220 -2.447159
v -2.583886 7.543797 -2.451131
v -2.226688 8.004023 -2.107144
v -2.239894 8.004023 -2.093937
v -2.598517 8.215869 -2.452561
v -2.934271 7.891760 -2.801521
v -2.363534 7.506910 -2.223786
v -2.585311 8.215869 -2.465767
v -2.916689 7.880784 -2.797146
v -3.313524 8.250566 -3.167569
v -2.939456 8.448468 -2.806706
v -3.300318 8.250566 -3.180775
v -2.946058 8.429718 -2.800103
v -3.138056 8.026916 -3.012484
v -3.409316 8.487385 -3.289783
v -3.406959 8.560339 -3.261114
v -3.377172 8.615887 -3.238008
v -3.705667 8.792441 -3.566554
v -3.625970 8.871349 -3.486979
v -3.657942 8.837428 -3.538466
v -3.777463 9.107695 -3.657921
v -4.065943 9.004742 -3.933195
v -3.790669 9.107695 -3.644715
v -4.059331 8.991563 -3.913377
v -3.773682 8.755122 -3.647599
v -4.250938 9.307049 -4.131359
v -4.169103 9.334756 -4.023080
v -4.209979 9.309126 -4.073311
v -0.810081 7.168197 -0.693613
v -1.062688 7.519444 -0.929937
v -0.666355 6.822650 -0.533603
v -0.694837 6.822650 -0.545577
v -1.047766 7.513938 -0.898507
v -1.505146 7.246327 -1.371646
v -1.492003 7.668571 -1.371696
v -1.505131 6.824084 -1.358447
v -1.498552 7.668571 -1.351871
v -1.485424 6.824084 -1.365121
v -2.594669 8.200725 -2.418858
v -3.186327 8.189848 -1.698224
v -3.186033 8.221773 -1.698347
v -3.158833 8.211265 -1.675593
v -2.622415 8.221775 -2.441674
v -2.601416 8.182532 -2.425580
v -0.667244 7.128794 -0.520983
v -0.827184 7.443613 -0.312673
v -0.827184 6.813975 -0.312673
v -3.176651 8.176864 -1.661850
v -3.390270 8.058131 -1.694261
v -0.836521 7.443613 -0.296500
v -0.836521 6.813975 -0.296500
v -1.411318 7.225169 -0.639156
v -2.312853 6.788454 -1.138787
v -2.312935 6.824084 -1.138809
v -5.344647 9.276042 -2.911802
v -2.294122 6.788454 -1.171272
v -2.294203 6.824084 -1.171294
v -0.846438 6.788221 -0.291345
v -0.837073 6.824084 -0.307588
v -0.827707 6.788221 -0.323830
v -0.974526 7.236533 -0.390222
v -0.852055 7.418351 -0.303134
v -2.135995 7.823778 -1.344442
v -2.084566 7.797780 -1.442298
v -2.033014 7.823778 -1.540060
v -1.538856 7.677279 -1.347329
v -1.851596 7.665668 -0.939913
v -1.509172 7.654058 -1.324561
v -1.821914 7.688888 -0.917146
v -1.509172 7.688888 -1.324561
v -1.203034 7.536908 -0.766389
v -1.188193 7.545566 -0.755006
v -1.188193 7.528250 -0.755006
v -1.208270 7.167900 -0.761743
v -1.238772 7.158893 -0.762386
v -1.079777 6.844487 -0.904758
v -1.299410 7.505366 -0.628852
v -1.084226 7.497355 -0.909077
v -1.294869 6.837179 -0.624500
v -1.210000 7.174761 -0.762067
v -1.195431 7.174967 -0.750208
v -1.152134 6.800964 -0.801928
v -1.195530 6.813975 -0.760675
v -1.239014 6.800964 -0.719490
v -1.508344 6.853609 -1.342828
v -1.829491 7.641062 -0.944703
v -1.834016 7.621797 -0.905096
v -1.521867 6.835160 -1.311777
v -1.549169 6.837161 -1.337227
v -1.861320 7.623799 -0.930547
v -1.530943 7.641053 -1.320347
v -1.833831 6.855077 -0.905128
v -1.820494 6.836428 -0.936147
v -1.499184 7.623631 -1.334387
v -1.861133 6.853075 -0.930579
v -1.526487 7.621631 -1.359838
v -1.672001 6.822650 -1.126373
v -1.745184 6.796628 -1.072667
v -1.609422 6.796628 -1.188211
v -2.294998 6.842964 -1.174558
v -2.099061 7.787839 -1.404007
v -2.117707 7.787839 -1.418289
v -2.269071 6.836795 -1.182858
v -2.097816 7.781664 -1.431271
v -2.287592 6.836795 -1.197068
v -1.894528 6.836844 -1.697419
v -2.071233 7.781646 -1.453261
v -1.868459 6.843000 -1.705671
v -2.051349 7.787805 -1.466233
v -1.887107 6.843000 -1.719948
v -2.069874 7.787839 -1.480439
v -1.998474 6.796627 -1.516308
v -2.074601 6.822649 -1.435433
v -2.162659 6.796627 -1.363708
v -2.249763 7.199670 -2.088319
v -2.467803 7.967189 -1.784986
v -2.231117 7.199670 -2.074035
v -2.489954 7.958283 -1.775223
v -2.253408 7.190723 -2.064328
v -2.471436 7.958283 -1.761012
v -2.729205 7.190756 -1.444348
v -2.511185 7.958249 -1.747653
v -2.492664 7.958249 -1.733441
v -2.514817 7.967189 -1.723679
v -2.751494 7.199670 -1.434641
v -2.732850 7.199670 -1.420358
v -3.039574 7.864411 -1.847389
v -2.922950 8.166327 -2.037864
v -3.179011 7.556007 -1.685064
v -2.901807 8.154351 -2.046167
v -3.176386 7.543997 -1.707580
v -2.617344 7.543985 -2.423248
v -2.876492 8.154339 -2.072815
v -2.718910 7.868692 -2.265408
v -2.737542 7.868868 -2.280017
v -3.440812 8.138619 -2.135008
v -3.511788 8.067843 -2.071050
v -3.400324 8.213618 -2.216838
v -3.108395 8.146487 -2.585738
v -3.071482 8.056924 -2.649782
v -3.164972 8.235392 -2.535936
v -3.878727 8.466553 -2.415321
v -3.834170 8.534482 -2.496038
v -3.942444 8.391659 -2.355653
v -3.509901 8.453205 -2.926829
v -3.552041 8.525948 -2.848639
v -3.443437 8.384692 -2.990220
v -3.938119 8.822934 -3.444004
v -4.062922 8.937144 -3.276812
v -3.987328 8.883319 -3.352222
v -4.449292 8.876085 -2.810444
v -4.373577 8.930641 -2.885281
v -4.499135 8.817783 -2.717982
v -4.384767 9.320910 -4.208441
v -4.888194 9.565584 -3.623452
v -4.863799 9.577828 -3.608741
v -4.366623 9.308681 -4.186575
v -4.625305 9.429363 -3.899071
v -4.917928 9.575760 -3.580538
v -4.903815 9.555409 -3.580542
v -5.342820 9.298491 -2.957308
v -5.337637 9.318876 -2.944149
v -5.113033 9.446573 -3.252939
v -2.488350 7.177852 -1.752617
v -2.725227 7.169195 -1.434134
v -2.241992 7.160537 -2.063829
v -2.256832 7.169195 -2.075212
v -2.740069 7.160537 -1.445518
v -2.601318 7.526115 -2.421864
v -3.164178 7.536992 -1.688474
v -3.164178 7.515239 -1.688474
v -2.619840 7.536992 -2.436077
v -3.182698 7.526115 -1.702685
v -2.619840 7.515239 -2.436076
v -2.953971 7.875647 -2.774500
v -3.596416 7.886488 -1.937475
v -3.596416 7.864803 -1.937475
v -2.972492 7.886488 -2.788711
v -3.614936 7.875647 -1.951686
v -2.972492 7.864803 -2.788711
v -3.321077 8.251634 -3.142350
v -4.048931 8.240791 -2.194195
v -3.321077 8.229948 -3.142350
v -4.067451 8.229947 -2.208406
v -3.339598 8.240791 -3.156562
v -4.067451 8.251634 -2.208406
v -3.794481 8.712159 -3.613889
v -4.624565 8.725171 -2.532368
v -4.624565 8.699146 -2.532368
v -3.816679 8.699148 -3.630927
v -4.646764 8.712158 -2.549408
v -3.816679 8.725171 -3.630927
v -4.364965 9.278308 -4.189837
v -5.337292 9.291319 -2.923179
v -5.337292 9.265296 -2.923179
v -4.387289 9.291319 -4.206948
v -5.359491 9.278308 -2.940218
v -4.387289 9.265296 -4.206948
v -4.353730 9.619565 -4.196070
v -5.362094 9.603524 -2.925675
v -4.405124 9.611490 -4.242334
v -5.361461 9.641849 -2.925598
v -5.356246 9.617793 -2.917939
v -4.353730 9.641850 -4.196070
v -2.235580 7.978199 -2.077981
v -2.230927 7.995977 -2.073027
v -2.751253 7.985402 -1.438791
v -2.732933 7.998451 -1.422801
v -2.249326 8.008960 -2.089076
v -2.751238 8.008960 -1.438822
v -2.956351 8.404776 -2.776576
v -2.949552 8.424280 -2.769573
v -3.620383 8.412353 -1.945227
v -3.592822 8.438425 -1.922423
v -2.977506 8.449568 -2.792677
v -3.619904 8.449568 -1.945382
v -3.342584 8.698881 -3.170077
v -3.314437 8.689295 -3.146841
v -4.066887 8.681004 -2.199513
v -4.073720 8.700056 -2.206790
v -3.342584 8.721167 -3.170077
v -4.046016 8.721167 -2.183432
v -3.791957 9.052512 -3.625398
v -3.784861 9.073038 -3.617598
v -4.646811 9.061141 -2.544625
v -4.618780 9.099488 -2.521398
v -3.813973 9.110631 -3.641654
v -4.645453 9.110631 -2.544776
v -0.727421 7.447428 -0.446690
v -0.754173 7.434895 -0.422095
v -0.785844 7.448464 -0.401275
v -0.755917 6.796628 -0.425737
v -0.742316 6.809639 -0.458458
v -0.769181 6.809638 -0.392757
v -5.361623 9.453806 -2.919853
v -5.344734 9.512083 -2.921072
v -5.354235 9.395529 -2.904616
v -2.762406 7.581296 -1.419193
v -2.746556 8.000987 -1.423357
v -2.758087 7.161605 -1.403384
v -2.748002 8.000987 -1.397561
v -2.736471 7.161605 -1.417535
v -3.200504 7.860216 -1.672129
v -3.183616 7.974430 -1.673349
v -3.193117 7.746002 -1.656893
v -3.631759 8.154267 -1.921114
v -3.614869 8.248642 -1.922333
v -3.624370 8.059892 -1.905877
v -4.081940 8.475906 -2.181018
v -4.065046 8.553934 -2.182243
v -4.074550 8.397880 -2.165785
v -4.663329 8.906190 -2.516692
v -4.646441 8.970501 -2.517912
v -4.655941 8.841880 -2.501456
v -1.330803 7.171164 -0.592711
v -1.319358 7.537024 -0.596156
v -1.327714 6.805302 -0.579956
v -1.320446 7.537024 -0.575296
v -1.312089 6.805302 -0.591495
v -1.870581 7.668571 -0.893515
v -1.853213 7.668571 -0.905052
v -1.861243 6.824084 -0.909688
v -1.862551 6.824084 -0.888880
v -1.854521 7.668571 -0.884243
v -1.845184 6.824084 -0.900416
v -2.318992 7.813927 -1.149872
v -2.297500 7.813927 -1.164095
v -2.307460 6.824084 -1.169845
v -2.309032 6.824084 -1.144121
v -2.299072 7.813927 -1.138371
v -2.287540 6.824084 -1.158344
v -1.446594 7.196409 -0.665016
v -1.573477 7.414321 -0.738299
v -1.524014 7.310558 -0.693358
v -1.595416 7.117954 -0.734571
v -1.501996 7.055092 -0.696802
v -1.674714 7.181323 -0.796518
v -1.331603 6.960535 -0.593060
v -1.855168 6.813708 -0.906123
v -1.864506 6.813708 -0.889949
v -1.336272 6.942618 -0.584973
v -1.471716 5.696925 -0.679309
v -1.644397 7.601012 -0.784434
v -1.849753 7.279906 -0.892214
v -1.855826 7.633566 -0.901057
v -1.854422 7.311133 -0.884127
v -1.653736 7.601012 -0.768260
v -1.948271 7.434602 -0.959869
v -2.046530 7.517244 -0.984266
v -2.139447 7.609860 -1.070211
v -2.766456 7.927618 -1.414339
v -2.745499 7.160937 -1.409374
v -2.309625 7.796645 -1.144243
v -2.739663 7.197268 -1.419482
v -2.297952 7.796645 -1.164460
v -2.390047 7.287999 -1.199052
v -3.169847 7.533220 -1.665143
v -3.187461 7.543797 -1.664536
v -2.753403 8.004023 -1.424719
v -2.762741 8.004023 -1.408545
v -3.201963 8.215869 -1.662130
v -3.616594 7.891760 -1.912300
v -2.915784 7.506932 -1.501983
v -3.192626 8.215869 -1.678304
v -3.598480 7.880784 -1.912625
v -4.077665 8.250566 -2.167717
v -3.622945 8.448467 -1.915966
v -4.068326 8.250566 -2.183891
v -3.627614 8.429718 -1.907879
v -3.868327 8.026918 -2.062829
v -4.201766 8.487302 -2.260918
v -4.192110 8.560257 -2.233769
v -4.157359 8.615790 -2.219127
v -4.559756 8.792575 -2.451666
v -4.462211 8.871393 -2.395286
v -4.506294 8.837450 -2.436937
v -4.652708 9.107695 -2.521284
v -5.002604 9.004741 -2.712514
v -4.662046 9.107695 -2.505110
v -4.991088 8.991563 -2.695083
v -4.646387 8.755117 -2.512289
v -5.232597 9.307386 -2.856177
v -5.125493 9.334621 -2.772613
v -5.178179 9.309313 -2.810345
v -1.019166 7.168197 -0.426087
v -1.324382 7.519444 -0.588891
v -0.838974 6.822650 -0.308640
v -0.869585 6.822650 -0.312835
v -1.301834 7.513938 -0.562394
v -1.870711 7.668571 -0.892935
v -1.853404 7.668571 -0.904483
v -1.861460 6.824084 -0.909131
v -1.862655 6.824084 -0.888287
v -1.854599 7.668571 -0.883638
v -1.845348 6.824084 -0.899835
v -3.189525 8.200725 -1.630570
v -3.574508 8.189848 -0.781360
v -3.574257 8.221773 -0.781556
v -3.542095 8.211265 -0.766617
v -3.222231 8.221775 -1.645429
v -3.197782 8.182532 -1.635318
v -0.836572 7.128794 -0.296219
v -0.937145 7.443613 -0.053611
v -0.937145 6.813975 -0.053611
v -3.555749 8.176864 -0.748730
v -3.756477 8.053289 -0.793399
v -0.941978 7.443613 -0.035573
v -0.941978 6.813975 -0.035573
v -1.585887 7.225169 -0.217742
v -2.586005 6.788454 -0.467057
v -2.586090 6.824084 -0.467057
v -5.973383 9.276042 -1.394974
v -2.576320 6.788454 -0.503283
v -2.576405 6.824084 -0.503283
v -0.950223 6.788221 -0.028026
v -0.945381 6.824084 -0.046139
v -0.940538 6.788221 -0.064252
v -1.068206 7.245417 -0.127627
v -0.965367 7.418773 -0.012170
v -2.301548 7.809335 -1.114056
v -2.551764 7.820889 -0.510163
v -2.461216 7.832444 -0.826417
v -2.461216 7.797780 -0.826417
v -1.892356 7.677279 -0.868818
v -2.088993 7.665668 -0.394341
v -1.857792 7.654058 -0.854508
v -2.054430 7.654058 -0.380032
v -2.054430 7.688889 -0.380032
v -1.857792 7.688888 -0.854508
v -1.408816 7.545566 -0.390946
v -1.440202 7.532579 -0.339940
v -1.377624 7.532579 -0.442032
v -1.421407 7.167877 -0.388669
v -1.451022 7.158875 -0.381401
v -1.334374 6.844487 -0.560145
v -1.475114 7.505366 -0.236796
v -1.339790 7.497355 -0.563165
v -1.469601 6.837179 -0.233767
v -1.422999 7.174706 -0.388635
v -1.405940 7.175009 -0.380776
v -1.400430 6.805301 -0.387510
v -1.417712 6.813975 -0.394664
v -1.417712 6.796628 -0.394664
v -1.861719 6.853609 -0.872367
v -2.068881 7.641062 -0.404690
v -2.063001 7.621797 -0.365261
v -1.866744 6.835160 -0.838874
v -1.899704 6.837161 -0.856391
v -2.095962 7.623799 -0.382778
v -1.877730 7.641053 -0.844803
v -2.062830 6.855077 -0.365340
v -2.057976 6.836428 -0.398753
v -1.850687 7.623631 -0.866585
v -2.095790 6.853075 -0.382857
v -1.883646 7.621631 -0.884101
v -1.986466 6.805301 -0.630329
v -1.951972 6.822650 -0.616039
v -1.951972 6.787952 -0.616039
v -2.578017 6.842964 -0.506230
v -2.448142 7.787839 -0.778573
v -2.469850 7.787839 -0.787542
v -2.555121 6.836795 -0.520958
v -2.453995 7.781664 -0.805230
v -2.576690 6.836795 -0.529890
v -2.326519 6.836844 -1.114924
v -2.434011 7.781646 -0.833351
v -2.303473 6.843000 -1.129643
v -2.418161 7.787805 -0.851028
v -2.325181 6.843000 -1.138607
v -2.439731 7.787839 -0.859955
v -2.299630 6.799518 -1.118995
v -2.553361 6.811084 -0.506422
v -2.455875 6.822649 -0.824880
v -2.455875 6.787952 -0.824880
v -2.770821 7.199670 -1.400562
v -2.902925 7.967189 -1.051133
v -2.749114 7.199670 -1.391592
v -2.921793 7.958283 -1.035969
v -2.768133 7.190723 -1.376447
v -2.900228 7.958283 -1.027036
v -3.067256 7.190756 -0.654446
v -2.935165 7.958249 -1.003844
v -2.913598 7.958249 -0.994910
v -2.932469 7.967189 -0.979748
v -3.086273 7.199670 -0.639301
v -3.064567 7.199670 -0.630330
v -3.471509 7.864401 -0.963504
v -3.408011 8.166327 -1.177594
v -3.564036 7.556007 -0.770543
v -3.389738 8.154351 -1.191086
v -3.567327 7.543997 -0.792971
v -3.212563 7.543985 -1.628942
v -3.372183 8.154339 -1.223379
v -3.269806 7.868619 -1.450071
v -3.291564 7.868833 -1.459414
v -3.904657 8.213599 -1.222469
v -3.974879 8.067828 -1.052916
v -3.956830 8.142900 -1.142305
v -3.728882 8.146604 -1.658911
v -3.709901 8.057003 -1.730325
v -3.770674 8.235458 -1.596121
v -4.428943 8.466253 -1.295064
v -4.407005 8.534337 -1.384529
v -4.475012 8.391522 -1.220796
v -4.205140 8.452988 -1.884223
v -4.225338 8.525898 -1.797811
v -4.157383 8.384662 -1.962819
v -4.752316 8.823082 -2.273064
v -4.829855 8.937182 -2.079322
v -4.776171 8.883247 -2.171596
v -5.082445 8.876392 -1.528707
v -5.028647 8.930605 -1.620750
v -5.106283 8.817885 -1.426444
v -5.381804 9.320910 -2.895865
v -5.716671 9.565584 -2.200514
v -5.689299 9.577828 -2.192617
v -5.358620 9.308682 -2.879440
v -5.534101 9.429441 -2.534825
v -5.734285 9.575760 -2.151366
v -5.720654 9.555409 -2.155022
v -5.983396 9.298491 -1.439401
v -5.974983 9.318876 -1.428032
v -5.837947 9.446286 -1.784541
v -2.914487 7.177852 -1.014588
v -3.060770 7.169195 -0.645610
v -2.756977 7.160537 -1.378919
v -2.774258 7.169195 -1.386073
v -3.078052 7.160537 -0.652765
v -3.196726 7.526115 -1.631754
v -3.550591 7.536992 -0.777675
v -3.550591 7.515239 -0.777675
v -3.218295 7.536992 -1.640688
v -3.572158 7.526115 -0.786609
v -3.218295 7.515239 -1.640688
v -3.628631 7.875647 -1.881101
v -4.032547 7.886488 -0.906320
v -4.032547 7.864803 -0.906320
v -3.650199 7.886488 -1.890035
v -4.054114 7.875647 -0.915253
v -3.650199 7.864803 -1.890035
v -4.078434 8.251634 -2.141403
v -4.536087 8.240791 -1.037173
v -4.078434 8.229948 -2.141403
v -4.557654 8.229947 -1.046107
v -4.100003 8.240791 -2.150337
v -4.557654 8.251634 -1.046107
v -4.657751 8.712159 -2.474349
v -5.179632 8.725171 -1.214839
v -5.179632 8.699146 -1.214839
v -4.683602 8.699148 -2.485061
v -5.205485 8.712158 -1.225552
v -4.683602 8.725171 -2.485061
v -5.357862 9.278307 -2.883020
v -5.969223 9.291319 -1.407866
v -5.969223 9.265296 -1.407866
v -5.383852 9.291319 -2.893770
v -5.995076 9.278307 -1.418579
v -5.383852 9.265296 -2.893770
v -5.348622 9.619565 -2.891949
v -5.993826 9.603524 -1.403857
v -5.410240 9.611490 -2.923335
v -5.993194 9.641849 -1.403948
v -5.986176 9.617793 -1.397899
v -5.348622 9.641850 -2.891949
v -2.754446 7.978199 -1.394247
v -2.748669 7.995977 -1.390667
v -3.087113 7.985402 -0.643372
v -3.065280 7.998451 -0.632669
v -2.770595 8.008960 -1.401407
v -3.087107 8.008960 -0.643406
v -3.631466 8.404776 -1.882490
v -3.623088 8.424280 -1.877486
v -4.057704 8.412353 -0.907605
v -4.025180 8.438425 -0.892712
v -3.656068 8.449568 -1.892567
v -4.057281 8.449568 -0.907879
v -4.106384 8.698881 -2.162619
v -4.073183 8.689295 -2.147459
v -4.554808 8.681004 -1.037663
v -4.563292 8.700056 -1.042923
v -4.106384 8.721167 -2.162619
v -4.530486 8.721167 -1.027532
v -4.658291 9.052512 -2.486120
v -4.649417 9.073038 -2.480421
v -5.204293 9.061141 -1.220921
v -5.171206 9.099488 -1.205739
v -4.683764 9.110631 -2.496124
v -5.203020 9.110631 -1.221418
v -0.875596 7.439820 -0.208934
v -0.900806 7.452321 -0.180628
v -0.920277 7.438748 -0.149947
v -0.897568 6.796628 -0.181266
v -0.892897 6.809639 -0.216391
v -0.901842 6.809638 -0.145976
v -5.991863 9.453806 -1.398356
v -5.975866 9.512083 -1.403905
v -5.980785 9.395529 -1.385551
v -3.092815 7.581296 -0.621555
v -3.078582 8.000987 -0.629681
v -3.084551 7.161605 -0.607403
v -3.073303 8.000987 -0.604389
v -3.067334 7.161605 -0.626667
v -3.581453 7.860216 -0.752477
v -3.565453 7.974430 -0.758035
v -3.570372 7.746002 -0.739677
v -4.062451 8.154267 -0.881370
v -4.046453 8.248642 -0.886919
v -4.051371 8.059892 -0.868565
v -4.564557 8.475906 -1.015909
v -4.548559 8.553934 -1.021458
v -4.553477 8.397880 -1.003104
v -5.213014 8.906190 -1.189649
v -5.197021 8.970501 -1.195209
v -5.201933 8.841880 -1.176851
v -1.496083 7.171164 -0.193763
v -1.485919 7.537024 -0.200051
v -1.489799 6.805302 -0.182240
v -1.481572 7.537024 -0.179619
v -1.477692 6.805302 -0.197430
v -2.095322 7.668571 -0.344611
v -2.081533 7.668571 -0.360249
v -2.090489 6.824084 -0.362650
v -2.086366 6.824084 -0.342211
v -2.077410 7.668571 -0.339811
v -2.072577 6.824084 -0.357849
v -2.594803 7.813927 -0.476175
v -2.577725 7.813927 -0.495476
v -2.588835 6.824084 -0.498453
v -2.583695 6.824084 -0.473199
v -2.572586 7.813927 -0.470222
v -2.566616 6.824084 -0.492499
v -1.626675 7.196409 -0.233511
v -1.768144 7.414321 -0.271677
v -1.708703 7.310559 -0.241185
v -1.788427 7.117953 -0.262185
v -1.688426 7.055091 -0.249841
v -1.881066 7.181322 -0.301461
v -1.496946 6.960536 -0.193890
v -2.083698 6.813708 -0.360778
v -2.088531 6.813708 -0.342738
v -1.499363 6.942618 -0.184870
v -1.654626 5.696934 -0.240887
v -1.848613 7.601012 -0.297787
v -2.074868 7.279906 -0.348744
v -2.083009 7.633566 -0.355762
v -2.077285 7.311133 -0.339724
v -1.853447 7.601012 -0.279747
v -2.187543 7.434602 -0.388580
v -2.288766 7.517244 -0.386723
v -2.400743 7.609860 -0.445759
v -3.095458 7.927616 -0.615865
v -3.073943 7.160937 -0.616446
v -2.584299 7.796645 -0.473162
v -3.070922 7.197268 -0.627721
v -2.578257 7.796645 -0.495712
v -2.676163 7.287932 -0.505038
v -3.550029 7.533220 -0.753672
v -3.566886 7.543797 -0.748526
v -3.085549 8.004023 -0.629224
v -3.090382 8.004023 -0.611184
v -3.580270 8.215869 -0.742449
v -4.045522 7.891760 -0.876781
v -3.262469 7.506916 -0.661503
v -3.575437 8.215869 -0.760489
v -4.028109 7.880784 -0.881782
v -4.556989 8.250566 -1.004161
v -4.052605 8.448467 -0.878679
v -4.552154 8.250566 -1.022200
v -4.055021 8.429718 -0.869659
v -4.327595 8.026968 -0.957230
v -4.700942 8.487254 -1.062050
v -4.684696 8.560332 -1.038367
v -4.647346 8.615809 -1.032993
v -5.096155 8.792632 -1.153730
v -4.987366 8.871390 -1.124309
v -5.040646 8.837356 -1.153266
v -5.203947 9.107695 -1.196849
v -5.591415 9.004741 -1.291003
v -5.208782 9.107695 -1.178809
v -5.575780 8.991563 -1.277146
v -5.195488 8.755116 -1.189884
v -5.850738 9.307182 -1.370125
v -5.725768 9.334904 -1.317129
v -5.786279 9.309345 -1.340271
v -1.151927 7.168198 -0.113517
v -1.488892 7.519444 -0.191732
v -0.947490 6.822650 -0.046664
v -0.978143 6.822650 -0.042792
v -1.460254 7.513938 -0.171974
v -2.092926 7.246327 -0.353035
v -2.081569 7.668571 -0.359650
v -2.086313 6.824084 -0.341612
v -2.077328 7.668571 -0.339207
v -2.072584 6.824084 -0.357246
v 1.966762 8.200725 -3.056772
v 1.117552 8.189848 -3.441756
v 1.117747 8.221773 -3.441504
v 1.102808 8.211265 -3.409342
v 1.981620 8.221775 -3.089478
v 1.971509 8.182532 -3.065029
v 0.632410 7.128794 -0.703819
v 0.389802 7.443613 -0.804392
v 0.389802 6.813975 -0.804392
v 1.084921 8.176864 -3.422996
v 1.134748 8.053985 -3.621710
v 0.371763 7.443613 -0.809225
v 0.371763 6.813975 -0.809225
v 0.553966 7.225169 -1.453135
v 0.803248 6.788454 -2.453252
v 0.803249 6.824084 -2.453336
v 1.731164 9.276042 -5.840631
v 0.839474 6.788454 -2.443567
v 0.839474 6.824084 -2.443651
v 0.364217 6.788221 -0.817471
v 0.382330 6.824084 -0.812628
v 0.400443 6.788221 -0.807785
v 0.423978 7.243908 -0.947937
v 0.375702 7.418357 -0.825533
v 1.047596 7.823778 -2.335471
v 1.155363 7.797780 -2.310962
v 1.263203 7.823778 -2.286628
v 1.205009 7.677279 -1.759603
v 0.730532 7.665668 -1.956239
v 1.190700 7.654058 -1.725038
v 0.716224 7.654058 -1.921677
v 0.716224 7.688889 -1.921677
v 1.190700 7.688888 -1.725038
v 0.730718 7.545566 -1.284712
v 0.723563 7.536908 -1.267431
v 0.730718 7.528250 -1.284712
v 0.724927 7.167883 -1.288779
v 0.717621 7.158857 -1.318434
v 0.896336 6.844487 -1.201621
v 0.572986 7.505366 -1.342361
v 0.899357 7.497355 -1.207036
v 0.569958 6.837179 -1.336848
v 0.724779 7.174746 -1.290338
v 0.717075 7.174959 -1.273187
v 0.723657 6.813975 -1.267570
v 0.723657 6.796628 -1.267570
v 0.730811 6.805301 -1.284851
v 1.208558 6.853609 -1.728966
v 0.740881 7.641062 -1.936128
v 0.701452 7.621797 -1.930248
v 1.175065 6.835160 -1.733991
v 1.192582 6.837161 -1.766950
v 0.718969 7.623799 -1.963208
v 1.180994 7.641053 -1.744977
v 0.701531 6.855077 -1.930077
v 0.734945 6.836428 -1.925223
v 1.202776 7.623631 -1.717934
v 0.719048 6.853075 -1.963036
v 1.220293 7.621631 -1.750893
v 0.957169 6.822650 -1.831138
v 0.886330 6.796627 -1.887874
v 1.033074 6.796628 -1.786643
v 0.842421 6.842964 -2.445264
v 1.114764 7.787839 -2.315389
v 1.123734 7.787839 -2.337096
v 0.857149 6.836795 -2.422368
v 1.141421 7.781664 -2.321242
v 0.866082 6.836795 -2.443937
v 1.451115 6.836844 -2.193765
v 1.169543 7.781646 -2.301257
v 1.465834 6.843000 -2.170720
v 1.187219 7.787805 -2.285408
v 1.474798 6.843000 -2.192428
v 1.196146 7.787839 -2.306978
v 1.045097 6.813975 -2.331909
v 1.154206 6.787952 -2.306558
v 1.263572 6.813975 -2.281804
v 1.736754 7.199670 -2.638068
v 1.387324 7.967189 -2.770171
v 1.727783 7.199670 -2.616361
v 1.372161 7.958283 -2.789040
v 1.712638 7.190723 -2.635380
v 1.363228 7.958283 -2.767474
v 0.990637 7.190756 -2.934503
v 1.340035 7.958249 -2.802412
v 1.331101 7.958249 -2.780844
v 1.315939 7.967189 -2.799716
v 0.975493 7.199670 -2.953520
v 0.966522 7.199670 -2.931814
v 1.299702 7.864401 -3.338773
v 1.513786 8.166327 -3.275258
v 1.106734 7.556006 -3.431283
v 1.527277 8.154351 -3.256985
v 1.129162 7.543996 -3.434575
v 1.965134 7.543984 -3.079810
v 1.559570 8.154339 -3.239429
v 1.786390 7.868746 -3.136863
v 1.795466 7.868772 -3.158715
v 1.473650 8.138625 -3.800783
v 1.393479 8.067834 -3.852693
v 1.563236 8.213554 -3.782821
v 1.995128 8.146598 -3.596204
v 2.066524 8.056925 -3.577379
v 1.932244 8.235373 -3.637988
v 1.631089 8.466411 -4.296085
v 1.720551 8.534457 -4.274072
v 1.556829 8.391644 -4.342107
v 2.302441 8.384654 -4.032932
v 2.137694 8.526128 -4.101064
v 2.216176 8.457467 -4.053668
v 2.609297 8.823017 -4.619741
v 2.415413 8.937213 -4.696823
v 2.507926 8.883538 -4.643398
v 1.864880 8.876255 -4.949478
v 1.956796 8.930693 -4.895646
v 1.762626 8.817873 -4.973492
v 3.232056 9.320910 -5.249051
v 2.536705 9.565584 -5.583919
v 2.528809 9.577828 -5.556547
v 3.215631 9.308681 -5.225867
v 2.870984 9.429491 -5.401240
v 2.487557 9.575760 -5.601532
v 2.491214 9.555409 -5.587902
v 1.775593 9.298491 -5.850644
v 1.764224 9.318876 -5.842231
v 2.120636 9.446508 -5.705165
v 1.350745 7.177852 -2.781649
v 0.981802 7.169194 -2.928016
v 1.715111 7.160537 -2.624224
v 1.722265 7.169195 -2.641504
v 0.988956 7.160536 -2.945299
v 1.967946 7.526115 -3.063972
v 1.113867 7.536992 -3.417838
v 1.113867 7.515239 -3.417838
v 1.976879 7.536992 -3.085541
v 1.122800 7.526115 -3.439405
v 1.976879 7.515239 -3.085541
v 2.217292 7.875647 -3.495878
v 1.242511 7.886488 -3.899794
v 1.242511 7.864803 -3.899794
v 2.226226 7.886488 -3.517446
v 1.251445 7.875647 -3.921360
v 2.226226 7.864803 -3.517446
v 2.477594 8.251634 -3.945681
v 1.373365 8.240791 -4.403334
v 2.477594 8.229948 -3.945681
v 1.382298 8.229947 -4.424901
v 2.486529 8.240791 -3.967249
v 1.382298 8.251634 -4.424901
v 2.810540 8.712159 -4.524997
v 1.551031 8.725171 -5.046879
v 1.551031 8.699146 -5.046879
v 2.821252 8.699148 -4.550848
v 1.561744 8.712158 -5.072732
v 2.821252 8.725171 -4.550848
v 3.219212 9.278308 -5.225109
v 1.744058 9.291319 -5.836470
v 1.744058 9.265296 -5.836470
v 3.229962 9.291319 -5.251100
v 1.754771 9.278307 -5.862324
v 3.229962 9.265296 -5.251100
v 3.228140 9.619565 -5.215869
v 1.740049 9.603524 -5.861074
v 3.259526 9.611490 -5.277486
v 1.740139 9.641849 -5.860442
v 1.734090 9.617793 -5.853423
v 3.228140 9.641850 -5.215869
v 1.730439 7.978199 -2.621693
v 1.726858 7.995977 -2.615916
v 0.979564 7.985402 -2.954360
v 0.968861 7.998451 -2.932527
v 1.737598 8.008960 -2.637842
v 0.979597 8.008960 -2.954354
v 2.218681 8.404776 -3.498714
v 2.213676 8.424280 -3.490335
v 1.243796 8.412353 -3.924951
v 1.228903 8.438425 -3.892427
v 2.228758 8.449568 -3.523315
v 1.244070 8.449568 -3.924528
v 2.498810 8.698881 -3.973631
v 2.483650 8.689295 -3.940430
v 1.373855 8.681004 -4.422055
v 1.379115 8.700056 -4.430539
v 2.498810 8.721167 -3.973631
v 1.363724 8.721167 -4.397732
v 2.822310 9.052512 -4.525538
v 2.816612 9.073038 -4.516664
v 1.557112 9.061141 -5.071539
v 1.541931 9.099488 -5.038453
v 2.832315 9.110631 -4.551011
v 1.557609 9.110631 -5.070267
v 0.545125 7.439820 -0.742841
v 0.516818 7.452321 -0.768049
v 0.486137 7.438748 -0.787521
v 0.517407 6.796628 -0.764695
v 0.552554 6.809639 -0.760077
v 0.482139 6.809639 -0.769022
v 1.734548 9.453806 -5.859112
v 1.740096 9.512083 -5.843114
v 1.721743 9.395529 -5.848032
v 0.957747 7.581295 -2.960062
v 0.965872 8.000987 -2.945829
v 0.943594 7.161604 -2.951798
v 0.940580 8.000987 -2.940550
v 0.962858 7.161604 -2.934581
v 1.088665 7.860216 -3.448696
v 1.094226 7.974430 -3.432699
v 1.075866 7.746002 -3.437616
v 1.217561 8.154267 -3.929698
v 1.223110 8.248642 -3.913699
v 1.204756 8.059892 -3.918617
v 1.352103 8.475906 -4.431807
v 1.357649 8.553934 -4.415806
v 1.339298 8.397880 -4.420726
v 1.525852 8.906190 -5.080262
v 1.531400 8.970501 -5.064268
v 1.513049 8.841880 -5.069181
v 0.529954 7.171164 -1.363330
v 0.536242 7.537024 -1.353166
v 0.518431 6.805302 -1.357046
v 0.515810 7.537024 -1.348819
v 0.533621 6.805302 -1.344939
v 0.689821 7.246327 -1.960152
v 0.696441 7.668571 -1.948780
v 0.678402 6.824084 -1.953612
v 0.676002 7.668571 -1.944657
v 0.694041 6.824084 -1.939824
v 0.812366 7.813927 -2.462050
v 0.831667 7.813927 -2.444973
v 0.834644 6.824084 -2.456081
v 0.809390 6.824084 -2.450941
v 0.806413 7.813927 -2.439833
v 0.828691 6.824084 -2.433863
v 0.569729 7.196410 -1.493915
v 0.607626 7.414322 -1.635455
v 0.577268 7.310558 -1.575979
v 0.598371 7.117954 -1.655675
v 0.586026 7.055091 -1.555674
v 0.637645 7.181322 -1.748314
v 0.530081 6.960535 -1.364193
v 0.696969 6.813708 -1.950944
v 0.678929 6.813708 -1.955778
v 0.521062 6.942618 -1.366610
v 0.576961 5.696932 -1.521904
v 0.633978 7.601012 -1.715861
v 0.684935 7.279906 -1.942114
v 0.691898 7.633566 -1.950271
v 0.675916 7.311133 -1.944531
v 0.615938 7.601012 -1.720694
v 0.724805 7.434602 -2.054781
v 0.722912 7.517244 -2.156013
v 0.781804 7.609860 -2.268029
v 0.952406 7.927617 -2.962612
v 0.952638 7.160937 -2.941189
v 0.809353 7.796645 -2.451546
v 0.963913 7.197268 -2.938168
v 0.831903 7.796645 -2.445504
v 0.841387 7.287942 -2.543379
v 1.089863 7.533220 -3.417276
v 1.084718 7.543796 -3.434132
v 0.965415 8.004023 -2.952795
v 0.947375 8.004023 -2.957629
v 1.078641 8.215869 -3.447517
v 1.212973 7.891760 -3.912769
v 0.998114 7.506923 -3.129611
v 1.096681 8.215869 -3.442684
v 1.217974 7.880784 -3.895356
v 1.340352 8.250566 -4.424236
v 1.214870 8.448468 -3.919851
v 1.358392 8.250566 -4.419402
v 1.205850 8.429718 -3.922268
v 1.293426 8.026897 -4.194822
v 1.398300 8.487294 -4.568212
v 1.374663 8.560354 -4.551936
v 1.369364 8.615866 -4.514599
v 1.489685 8.792444 -4.963369
v 1.460527 8.871161 -4.854488
v 1.489402 8.837296 -4.907876
v 1.533040 9.107695 -5.071195
v 1.627195 9.004741 -5.458663
v 1.515000 9.107695 -5.076028
v 1.613338 8.991563 -5.443027
v 1.525953 8.755128 -5.062771
v 1.706417 9.307055 -5.717929
v 1.653626 9.334670 -5.592879
v 1.676597 9.309061 -5.653424
v 0.449658 7.168197 -1.019187
v 0.527923 7.519444 -1.356139
v 0.382855 6.822650 -0.814737
v 0.378984 6.822650 -0.845390
v 0.508165 7.513938 -1.327502
v 0.689227 7.246327 -1.960173
v 0.695841 7.668571 -1.948816
v 0.677803 6.824084 -1.953560
v 0.675398 7.668571 -1.944575
v 0.693437 6.824084 -1.939831
v 2.755048 8.200725 -2.461916
v 2.034415 8.189848 -3.053573
v 2.034539 8.221773 -3.053280
v 2.011785 8.211265 -3.026080
v 2.777865 8.221775 -2.489663
v 2.761772 8.182532 -2.468663
v 0.857177 7.128794 -0.534494
v 0.648864 7.443613 -0.694431
v 0.648865 6.813975 -0.694431
v 1.998041 8.176864 -3.043899
v 2.078210 8.052041 -3.236079
v 0.632691 7.443613 -0.703769
v 0.632691 6.813975 -0.703768
v 0.975345 7.225169 -1.278566
v 1.474978 6.788454 -2.180100
v 1.475001 6.824084 -2.180182
v 3.247994 9.276042 -5.211894
v 1.507464 6.788454 -2.161369
v 1.507485 6.824084 -2.161450
v 0.627536 6.788221 -0.713685
v 0.643779 6.824084 -0.704320
v 0.660021 6.788221 -0.694954
v 0.786306 7.243885 -0.787645
v 0.652213 7.418494 -0.711818
v 1.767022 7.832444 -1.936863
v 1.767022 7.797780 -1.936863
v 2.049075 7.820889 -1.767561
v 1.530521 7.809335 -2.165551
v 1.683520 7.677279 -1.406103
v 1.276104 7.654058 -1.718843
v 1.276104 7.688888 -1.718843
v 1.660753 7.654058 -1.376419
v 1.253337 7.677279 -1.689161
v 1.660753 7.688888 -1.376419
v 1.096772 7.545566 -1.062707
v 1.055630 7.532579 -1.106228
v 1.138046 7.532579 -1.019360
v 1.098005 7.167925 -1.075524
v 1.098672 7.158929 -1.106026
v 1.240949 6.844487 -0.947024
v 0.965043 7.505366 -1.166657
v 1.245268 7.497355 -0.951473
v 0.960692 6.837179 -1.162117
v 1.098209 7.174760 -1.077181
v 1.086330 7.174975 -1.062615
v 1.091200 6.813975 -1.055390
v 1.091200 6.796628 -1.055390
v 1.102583 6.805301 -1.070230
v 1.679019 6.853609 -1.375591
v 1.280895 7.641062 -1.696738
v 1.241287 7.621797 -1.701264
v 1.647967 6.835160 -1.389114
v 1.673419 6.837161 -1.416417
v 1.266739 7.623799 -1.728567
v 1.656538 7.641053 -1.398191
v 1.241320 6.855077 -1.701078
v 1.272338 6.836428 -1.687741
v 1.670578 7.623631 -1.366431
v 1.266770 6.853075 -1.728380
v 1.696029 7.621631 -1.393734
v 1.477541 6.822650 -1.558766
v 1.454811 6.805301 -1.529146
v 1.477541 6.787952 -1.558766
v 1.510750 6.842964 -2.162245
v 1.740198 7.787839 -1.966308
v 1.754480 7.787839 -1.984954
v 1.519050 6.836795 -2.136318
v 1.767462 7.781664 -1.965063
v 1.533260 6.836795 -2.154839
v 2.033610 6.836844 -1.761775
v 1.789453 7.781646 -1.938480
v 2.041862 6.843000 -1.735705
v 1.802425 7.787805 -1.918597
v 2.056139 6.843000 -1.754353
v 1.816630 7.787839 -1.937121
v 1.677285 6.813975 -2.000433
v 1.776200 6.787952 -1.947817
v 1.875347 6.813975 -1.895489
v 2.424510 7.199670 -2.117010
v 2.121177 7.967189 -2.335051
v 2.410226 7.199670 -2.098364
v 2.111414 7.958283 -2.357202
v 2.400520 7.190723 -2.120655
v 2.097203 7.958283 -2.338682
v 1.780539 7.190756 -2.596452
v 2.083844 7.958249 -2.378432
v 2.069633 7.958249 -2.359912
v 2.059871 7.967189 -2.382064
v 1.770832 7.199670 -2.618742
v 1.756549 7.199670 -2.600097
v 2.183694 7.864411 -2.906967
v 2.374055 8.166327 -2.790197
v 2.021256 7.556006 -3.046257
v 2.382358 8.154351 -2.769054
v 2.043772 7.543996 -3.043633
v 2.759439 7.543985 -2.484591
v 2.409006 8.154339 -2.743739
v 2.601575 7.868672 -2.586173
v 2.616194 7.868852 -2.604809
v 2.471204 8.138603 -3.308038
v 2.407276 8.067802 -3.379010
v 2.553076 8.213596 -3.267594
v 2.921956 8.146529 -2.975607
v 2.986049 8.056976 -2.938738
v 2.872186 8.235412 -3.032261
v 2.751483 8.466603 -3.745996
v 2.832219 8.534572 -3.701511
v 2.691805 8.391731 -3.809727
v 3.332021 8.384534 -3.318186
v 3.190392 8.525973 -3.426509
v 3.254016 8.457413 -3.360405
v 3.780087 8.823174 -3.805041
v 3.613157 8.937389 -3.930180
v 3.688324 8.883319 -3.854457
v 3.146616 8.876258 -4.316646
v 3.221668 8.930479 -4.240955
v 3.054052 8.817716 -4.366171
v 4.544632 9.320910 -4.252014
v 3.959644 9.565584 -4.755441
v 3.944932 9.577828 -4.731045
v 4.522766 9.308681 -4.233871
v 4.235001 9.429607 -4.492114
v 3.916730 9.575760 -4.785175
v 3.916733 9.555409 -4.771062
v 3.293499 9.298491 -5.210067
v 3.280340 9.318876 -5.204885
v 3.589035 9.446530 -4.980113
v 2.088854 7.177852 -2.355656
v 1.770326 7.169195 -2.592474
v 2.400020 7.160537 -2.109239
v 2.411404 7.169195 -2.124079
v 1.781710 7.160537 -2.607316
v 2.758056 7.526115 -2.468565
v 2.024666 7.536992 -3.031425
v 2.024666 7.515239 -3.031425
v 2.772268 7.536992 -2.487087
v 2.038877 7.526115 -3.049945
v 2.772268 7.515239 -2.487087
v 3.110691 7.875647 -2.821218
v 2.273666 7.886488 -3.463663
v 2.273666 7.864803 -3.463663
v 3.124902 7.886488 -2.839739
v 2.287877 7.875647 -3.482183
v 3.124902 7.864803 -2.839739
v 3.478541 8.251634 -3.188324
v 2.530386 8.240791 -3.916179
v 3.478541 8.229948 -3.188324
v 2.544597 8.229947 -3.934699
v 3.492753 8.240791 -3.206845
v 2.544597 8.251634 -3.934699
v 3.950080 8.712159 -3.661728
v 2.868560 8.725171 -4.491811
v 2.868560 8.699146 -4.491811
v 3.967118 8.699148 -3.683926
v 2.885599 8.712158 -4.514011
v 3.967118 8.725171 -3.683926
v 4.526029 9.278307 -4.232213
v 3.259371 9.291319 -5.204539
v 3.259371 9.265296 -5.204539
v 4.543139 9.291319 -4.254536
v 3.276410 9.278307 -5.226739
v 4.543139 9.265296 -4.254536
v 4.532261 9.619565 -4.220977
v 3.261866 9.603524 -5.229342
v 4.578526 9.611490 -4.272371
v 3.261790 9.641849 -5.228708
v 3.254130 9.617793 -5.223493
v 4.532261 9.641850 -4.220977
v 2.414171 7.978199 -2.102827
v 2.409218 7.995977 -2.098174
v 1.774983 7.985402 -2.618500
v 1.758993 7.998451 -2.600181
v 2.425266 8.008960 -2.116574
v 1.775013 8.008960 -2.618485
v 3.112767 8.404776 -2.823597
v 3.105764 8.424280 -2.816799
v 2.281418 8.412353 -3.487630
v 2.258614 8.438425 -3.460069
v 3.128868 8.449568 -2.844753
v 2.281574 8.449568 -3.487151
v 3.506268 8.698881 -3.209831
v 3.483032 8.689295 -3.181684
v 2.535705 8.681004 -3.934134
v 2.542981 8.700056 -3.940968
v 3.506268 8.721167 -3.209831
v 2.519623 8.721167 -3.913263
v 3.961589 9.052512 -3.659204
v 3.953789 9.073039 -3.652107
v 2.880816 9.061141 -4.514058
v 2.857589 9.099488 -4.486028
v 3.977846 9.110631 -3.681219
v 2.880967 9.110631 -4.512700
v 0.782904 7.447383 -0.594698
v 0.758291 7.434895 -0.621427
v 0.737493 7.448464 -0.653126
v 0.761889 6.796628 -0.623113
v 0.794625 6.809638 -0.609532
v 0.728924 6.809638 -0.636397
v 3.256045 9.453806 -5.228870
v 3.257264 9.512083 -5.211981
v 3.240808 9.395529 -5.221482
v 1.755384 7.581296 -2.629653
v 1.759548 8.000987 -2.613802
v 1.739576 7.161605 -2.625335
v 1.733753 8.000987 -2.615250
v 1.753726 7.161605 -2.603718
v 2.008307 7.860216 -3.067759
v 2.009541 7.974430 -3.050863
v 1.993078 7.746002 -3.060367
v 2.257305 8.154267 -3.499006
v 2.258524 8.248642 -3.482116
v 2.242069 8.059892 -3.491617
v 2.517215 8.475906 -3.949188
v 2.518434 8.553934 -3.932292
v 2.501979 8.397880 -3.941798
v 2.852878 8.906190 -4.530575
v 2.854099 8.970501 -4.513688
v 2.837643 8.841880 -4.523184
v 0.928902 7.171164 -1.198051
v 0.932347 7.537024 -1.186605
v 0.916148 6.805302 -1.194961
v 0.911487 7.537024 -1.187693
v 0.927687 6.805302 -1.179336
v 1.229707 7.668571 -1.737828
v 1.241243 7.668571 -1.720461
v 1.245879 6.824084 -1.728490
v 1.225070 6.824084 -1.729798
v 1.220434 7.668571 -1.721768
v 1.236607 6.824084 -1.712431
v 1.486063 7.813927 -2.186239
v 1.500286 7.813927 -2.164747
v 1.506037 6.824084 -2.174706
v 1.480313 6.824084 -2.176279
v 1.474562 7.813927 -2.166319
v 1.494536 6.824084 -2.154787
v 1.001178 7.196409 -1.313859
v 1.074392 7.414322 -1.440781
v 1.029661 7.310558 -1.391197
v 1.025007 7.055092 -1.373854
v 1.086928 7.118582 -1.453137
v 1.124720 7.181322 -1.546575
v 0.929251 6.960535 -1.198850
v 1.242314 6.813708 -1.722415
v 1.226140 6.813708 -1.731753
v 0.921164 6.942618 -1.203519
v 1.015467 5.696921 -1.338982
v 1.120625 7.601012 -1.511645
v 1.228405 7.279906 -1.717000
v 1.237369 7.633565 -1.723003
v 1.220318 7.311133 -1.721670
v 1.104451 7.601012 -1.520982
v 1.296107 7.434602 -1.815492
v 1.320470 7.517244 -1.913769
v 1.406347 7.609860 -2.006727
v 1.750843 7.927618 -2.633525
v 1.745565 7.160937 -2.612746
v 1.480434 7.796645 -2.176872
v 1.755673 7.197268 -2.606910
v 1.500651 7.796645 -2.165199
v 1.534786 7.287959 -2.257509
v 2.001334 7.533220 -3.037095
v 2.000727 7.543796 -3.054708
v 1.760911 8.004023 -2.620650
v 1.744737 8.004023 -2.629988
v 1.998321 8.215869 -3.069210
v 2.248492 7.891760 -3.483841
v 1.838149 7.506933 -2.783046
v 2.014495 8.215869 -3.059872
v 2.248816 7.880784 -3.465727
v 2.503908 8.250566 -3.944911
v 2.252158 8.448468 -3.490191
v 2.520082 8.250566 -3.935573
v 2.244071 8.429718 -3.494860
v 2.399334 8.026934 -3.735397
v 2.597179 8.487285 -4.068954
v 2.570175 8.560375 -4.059361
v 2.555336 8.615865 -4.024677
v 2.787657 8.792474 -4.427061
v 2.731400 8.871243 -4.329417
v 2.773036 8.837411 -4.373573
v 2.857476 9.107695 -4.519955
v 3.048706 9.004741 -4.869851
v 2.841301 9.107695 -4.529293
v 3.031274 8.991563 -4.858335
v 2.848468 8.755127 -4.513640
v 3.192316 9.307208 -5.099828
v 3.108884 9.334701 -4.992713
v 3.146709 9.309178 -5.045292
v 0.762325 7.168197 -0.886386
v 0.925082 7.519444 -1.191629
v 0.644831 6.822650 -0.706222
v 0.649026 6.822650 -0.736832
v 0.898585 7.513938 -1.169081
v 1.229126 7.668571 -1.737958
v 1.240674 7.668571 -1.720651
v 1.245322 6.824084 -1.728707
v 1.224478 6.824084 -1.729902
v 1.219830 7.668571 -1.721846
v 1.236026 6.824084 -1.712595
v 3.362515 8.200725 -1.683308
v 2.819569 8.189848 -2.441318
v 2.819612 8.221773 -2.441003
v 2.790594 8.211265 -2.420619
v 3.391735 8.221775 -1.704203
v 3.370756 8.182532 -1.688085
v 1.030455 7.128794 -0.312764
v 0.870638 7.443613 -0.521169
v 0.870638 6.813975 -0.521169
v 2.781930 8.176864 -2.441387
v 2.927910 8.055031 -2.583855
v 0.857433 7.443613 -0.534374
v 0.857433 6.813975 -0.534374
v 1.337177 7.225169 -1.000916
v 2.053123 6.788454 -1.742401
v 2.053165 6.824084 -1.742474
v 4.550410 9.276042 -4.211999
v 2.079653 6.788454 -1.715900
v 2.079695 6.824084 -1.715973
v 0.855020 6.788221 -0.545288
v 0.868285 6.824084 -0.532037
v 0.881551 6.788221 -0.518787
v 1.013249 7.240373 -0.599765
v 0.851031 7.418685 -0.564229
v 2.471211 7.809335 -1.172554
v 2.073333 7.820889 -1.691193
v 2.301834 7.832444 -1.454566
v 2.301834 7.797780 -1.454566
v 2.054233 7.677279 -0.940803
v 1.741642 7.665668 -1.348333
v 2.024559 7.654058 -0.918023
v 1.711970 7.688888 -1.325555
v 2.024559 7.688888 -0.918023
v 1.406158 7.536908 -0.766771
v 1.391322 7.545566 -0.755382
v 1.391322 7.528250 -0.755382
v 1.403010 7.167853 -0.773139
v 1.411541 7.158843 -0.802455
v 1.507924 6.844487 -0.611912
v 1.298265 7.505366 -0.895471
v 1.513248 7.497355 -0.615092
v 1.292886 6.837179 -0.892212
v 1.403714 7.174769 -0.774584
v 1.388420 7.175010 -0.763618
v 1.355277 6.809639 -0.802232
v 1.398594 6.796628 -0.760924
v 1.442092 6.809639 -0.719753
v 2.041989 6.853608 -0.912496
v 1.740549 7.641062 -1.325742
v 1.703463 7.621797 -1.340364
v 2.015495 6.835160 -0.933594
v 2.047145 6.837161 -0.953379
v 1.735113 7.623799 -1.360150
v 2.026123 7.641053 -0.940143
v 1.703446 6.855077 -1.340177
v 1.729956 6.836428 -1.319265
v 2.031464 7.623631 -0.905833
v 1.735096 6.853075 -1.359961
v 2.063115 7.621631 -0.925618
v 1.894744 6.805301 -1.141543
v 1.865122 6.822650 -1.118815
v 1.865122 6.787952 -1.118816
v 2.083054 6.842964 -1.715896
v 2.253972 7.787839 -1.467250
v 2.272594 7.787839 -1.481564
v 2.084361 6.836795 -1.688704
v 2.279984 7.781664 -1.458991
v 2.102880 6.836795 -1.702916
v 2.484449 6.836844 -1.193745
v 2.294346 7.781646 -1.427622
v 2.485673 6.843000 -1.166428
v 2.301729 7.787805 -1.405058
v 2.504289 6.843000 -1.180746
v 2.320245 7.787839 -1.419275
v 2.201976 6.813975 -1.516449
v 2.283851 6.787952 -1.439987
v 2.366127 6.813975 -1.363819
v 2.953971 7.199670 -1.435704
v 2.717407 7.967189 -1.724823
v 2.935348 7.199670 -1.421390
v 2.713710 7.958283 -1.748746
v 2.931741 7.190723 -1.445434
v 2.695190 7.958283 -1.734536
v 2.456032 7.190756 -2.065481
v 2.692574 7.958249 -1.776389
v 2.674053 7.958249 -1.762177
v 2.670357 7.967189 -1.786101
v 2.452425 7.199670 -2.089523
v 2.433803 7.199670 -2.075211
v 2.925823 7.864349 -2.260959
v 3.079469 8.166327 -2.099010
v 2.804965 7.556007 -2.437658
v 3.082016 8.154351 -2.076440
v 2.826034 7.543997 -2.429295
v 3.372624 7.543985 -1.704073
v 3.101205 8.154339 -2.045090
v 3.246246 7.868707 -1.842846
v 3.265130 7.868823 -1.857136
v 3.307548 8.138511 -2.574105
v 3.264112 8.067817 -2.659302
v 3.376015 8.213544 -2.513789
v 3.656801 8.146429 -2.136513
v 3.708903 8.056955 -2.084006
v 3.623515 8.235538 -2.203918
v 3.691702 8.466539 -2.924718
v 3.758004 8.534676 -2.860875
v 3.650348 8.391670 -3.001569
v 4.089869 8.452905 -2.436011
v 4.025183 8.525922 -2.496650
v 4.134173 8.384624 -2.355405
v 4.700580 8.822906 -2.715775
v 4.571178 8.937154 -2.879416
v 4.624615 8.883485 -2.786911
v 4.220750 8.876394 -3.373551
v 4.273632 8.930668 -3.281028
v 4.144213 8.817856 -3.445391
v 5.554431 9.320910 -2.949230
v 5.119673 9.565584 -3.586910
v 5.099149 9.577828 -3.567153
v 5.528616 9.308681 -2.937365
v 5.317823 9.429513 -3.261553
v 5.085917 9.575760 -3.626738
v 5.082268 9.555409 -3.613105
v 4.593893 9.298491 -4.198456
v 4.579841 9.318876 -4.196856
v 4.819856 9.446446 -3.899818
v 2.691188 7.177852 -1.752838
v 2.445137 7.169195 -2.064282
v 2.928304 7.160537 -1.434536
v 2.943141 7.169195 -1.445924
v 2.459974 7.160537 -2.075672
v 3.367140 7.526115 -1.688951
v 2.804419 7.536992 -2.422448
v 2.804419 7.515239 -2.422448
v 3.385662 7.536992 -1.703164
v 2.822939 7.526115 -2.436659
v 3.385662 7.515239 -1.703164
v 3.799033 7.875647 -1.938320
v 3.156806 7.886488 -2.775511
v 3.156806 7.864803 -2.775511
v 3.817554 7.886488 -1.952531
v 3.175327 7.875647 -2.789722
v 3.817554 7.864803 -1.952531
v 4.249364 8.251634 -2.197710
v 3.521899 8.240791 -3.146163
v 4.249364 8.229948 -2.197710
v 3.540419 8.229947 -3.160375
v 4.267885 8.240791 -2.211922
v 3.540419 8.251634 -3.160375
v 4.827362 8.712159 -2.532940
v 3.997535 8.725171 -3.614657
v 3.997535 8.699146 -3.614657
v 4.849564 8.699148 -2.549971
v 4.019739 8.712158 -3.631690
v 4.849564 8.725171 -2.549971
v 5.531336 9.278307 -2.934918
v 4.559496 9.291319 -4.201949
v 4.559496 9.265296 -4.201949
v 5.553642 9.291319 -2.952053
v 4.581701 9.278307 -4.218983
v 5.553642 9.265296 -2.952053
v 5.534450 9.619565 -2.922453
v 4.568326 9.603524 -4.225261
v 5.592439 9.611490 -2.960122
v 4.568089 9.641849 -4.224669
v 4.559341 9.617793 -4.221615
v 5.534450 9.641850 -2.922453
v 2.940314 7.978199 -1.424680
v 2.934325 7.995977 -1.421467
v 2.456371 7.985402 -2.088216
v 2.436185 7.998451 -2.074659
v 2.954589 8.008960 -1.435085
v 2.456396 8.008960 -2.088193
v 3.801655 8.404776 -1.940080
v 3.793130 8.424280 -1.935326
v 3.170498 8.412353 -2.796656
v 3.141338 8.438426 -2.775936
v 3.822682 8.449568 -1.956348
v 3.170524 8.449568 -2.796153
v 4.281712 8.698881 -2.211308
v 4.251983 8.689295 -2.190134
v 3.531683 8.681004 -3.162131
v 3.540481 8.700056 -3.166848
v 4.281712 8.721167 -2.211308
v 3.510748 8.721167 -3.146133
v 4.837824 9.052512 -2.527523
v 4.828454 9.073038 -2.522687
v 4.015131 9.061141 -3.632973
v 3.985441 9.099488 -3.611910
v 4.859225 9.110631 -2.544581
v 4.014925 9.110631 -3.631622
v 0.974352 7.447428 -0.390184
v 0.957491 7.434938 -0.422368
v 0.945608 7.448522 -0.458373
v 0.961519 6.796628 -0.423155
v 0.989549 6.809639 -0.401507
v 0.933040 6.809638 -0.444461
v 4.562581 9.453806 -4.226313
v 4.559388 9.512083 -4.209683
v 4.545952 9.395529 -4.223120
v 2.440327 7.581296 -2.104061
v 2.440247 8.000987 -2.087673
v 2.423939 7.161605 -2.103981
v 2.415704 8.000987 -2.095747
v 2.432013 7.161605 -2.079439
v 2.798033 7.860216 -2.461767
v 2.794840 7.974430 -2.445138
v 2.781404 7.746002 -2.458574
v 3.150151 8.154267 -2.813885
v 3.146957 8.248642 -2.797255
v 3.133521 8.059892 -2.810691
v 3.517718 8.475906 -3.181451
v 3.514525 8.553934 -3.164822
v 3.501089 8.397880 -3.178258
v 3.992418 8.906190 -3.656160
v 3.989232 8.970501 -3.639529
v 3.975792 8.841880 -3.652966
v 1.271487 7.171164 -0.935148
v 1.271846 7.537024 -0.923201
v 1.258361 6.805302 -0.935467
v 1.251978 7.537024 -0.929652
v 1.265462 6.805302 -0.917387
v 1.708340 7.246327 -1.372084
v 1.708389 7.668571 -1.358918
v 1.695184 6.824084 -1.372123
v 1.688627 7.668571 -1.365567
v 1.701832 6.824084 -1.352362
v 2.065419 7.813927 -1.745461
v 2.073595 7.813927 -1.721021
v 2.081727 6.824084 -1.729153
v 2.057286 6.824084 -1.737329
v 2.049154 7.813927 -1.729197
v 2.065462 6.824084 -1.712888
v 1.371086 7.196409 -1.028484
v 1.474900 7.414321 -1.131889
v 1.418721 7.310559 -1.095711
v 1.409745 7.055092 -1.080156
v 1.490093 7.118580 -1.140694
v 1.550767 7.181321 -1.221179
v 1.272024 6.960535 -0.935831
v 1.709929 6.813708 -1.360529
v 1.696723 6.813708 -1.373734
v 1.265421 6.942618 -0.942434
v 1.391616 5.696932 -1.048836
v 1.537835 7.601012 -1.188436
v 1.695093 7.279906 -1.358899
v 1.705238 7.633566 -1.362443
v 1.688490 7.311133 -1.365502
v 1.524629 7.601012 -1.201642
v 1.785969 7.434602 -1.436521
v 1.834894 7.517244 -1.525189
v 1.941862 7.609860 -1.592793
v 2.436917 7.927616 -2.109001
v 2.426466 7.160937 -2.090272
v 2.057557 7.796645 -1.737871
v 2.434720 7.197268 -2.082019
v 2.074064 7.796645 -1.721363
v 2.131118 7.287933 -1.801465
v 2.783350 7.533220 -2.433963
v 2.787322 7.543797 -2.451133
v 2.443335 8.004023 -2.093935
v 2.430129 8.004023 -2.107141
v 2.788752 8.215869 -2.465764
v 3.137712 7.891760 -2.801517
v 2.559980 7.506910 -2.230778
v 2.801958 8.215869 -2.452558
v 3.133337 7.880784 -2.783936
v 3.503760 8.250566 -3.180771
v 3.142897 8.448467 -2.806703
v 3.516966 8.250566 -3.167565
v 3.136295 8.429718 -2.813305
v 3.348416 8.026931 -3.005568
v 3.625957 8.487447 -3.276661
v 3.597123 8.560285 -3.274317
v 3.574126 8.615837 -3.244425
v 3.902770 8.792526 -3.572948
v 3.823037 8.871314 -3.493324
v 3.874687 8.837364 -3.525114
v 3.994112 9.107695 -3.644710
v 4.269386 9.004741 -3.933190
v 3.980906 9.107695 -3.657916
v 4.249568 8.991563 -3.926578
v 3.983757 8.755122 -3.640963
v 4.467725 9.307506 -4.118155
v 4.359367 9.334754 -4.036253
v 4.409406 9.309334 -4.077389
v 1.029730 7.168197 -0.677401
v 1.266128 7.519444 -0.929935
v 0.869794 6.822650 -0.533602
v 0.881768 6.822650 -0.562083
v 1.234698 7.513938 -0.915013
v 1.707838 7.246327 -1.372392
v 1.707888 7.668571 -1.359249
v 1.694638 6.824084 -1.372378
v 1.688063 7.668571 -1.365799
v 1.701313 6.824084 -1.352671
v 3.747764 8.200725 -0.774004
v 3.419506 8.189848 -1.646711
v 3.419466 8.221773 -1.646395
v 3.386161 8.211265 -1.634216
v 3.781396 8.221775 -0.786625
v 3.756959 8.182532 -0.776486
v 1.140445 7.128794 -0.053743
v 1.040013 7.443613 -0.296410
v 1.040013 6.813975 -0.296410
v 3.383168 8.176864 -1.656519
v 3.519216 8.057688 -1.824065
v 1.030675 7.443613 -0.312583
v 1.030675 6.813975 -0.312583
v 1.614812 7.225169 -0.639056
v 2.498283 6.788454 -1.169980
v 2.498343 6.824084 -1.170039
v 5.549657 9.276042 -2.909081
v 2.517050 6.788454 -1.137515
v 2.517110 6.824084 -1.137575
v 1.031169 6.788221 -0.323749
v 1.040553 6.824084 -0.307517
v 1.049936 6.788221 -0.291284
v 1.178912 7.244364 -0.347951
v 1.030666 7.418755 -0.345670
v 2.629472 7.832444 -0.813263
v 2.629472 7.797780 -0.813263
v 2.789196 7.820889 -0.525662
v 2.539109 7.809335 -1.129608
v 2.291887 7.677279 -0.395408
v 2.095424 7.654058 -0.869956
v 2.095424 7.688888 -0.869956
v 2.257328 7.654058 -0.381085
v 2.060867 7.677279 -0.855635
v 2.257328 7.688888 -0.381085
v 1.620940 7.545566 -0.395077
v 1.603662 7.536908 -0.387917
v 1.620941 7.528250 -0.395077
v 1.619411 7.167918 -0.401844
v 1.635211 7.158887 -0.427987
v 1.679070 6.844487 -0.219119
v 1.549945 7.505366 -0.547280
v 1.685035 7.497355 -0.220813
v 1.543906 6.837179 -0.545523
v 1.620620 7.174739 -0.403200
v 1.603064 7.174925 -0.396468
v 1.603475 6.813975 -0.387804
v 1.603475 6.796628 -0.387804
v 1.620754 6.805301 -0.394964
v 2.272733 6.853609 -0.371235
v 2.088521 7.641062 -0.848418
v 2.056483 7.621797 -0.872141
v 2.252603 6.835160 -0.398471
v 2.288295 6.837161 -0.409390
v 2.092175 7.623799 -0.883060
v 2.264563 7.641053 -0.402046
v 2.056417 6.855077 -0.871964
v 2.076612 6.836428 -0.844904
v 2.260843 7.623631 -0.367522
v 2.092109 6.853075 -0.882883
v 2.296535 7.621631 -0.378442
v 2.189788 6.822650 -0.630588
v 2.155293 6.805301 -0.616301
v 2.189788 6.787952 -0.630588
v 2.520334 6.842964 -1.136631
v 2.621074 7.787839 -0.852221
v 2.642766 7.787839 -0.861228
v 2.514558 6.836795 -1.110028
v 2.644062 7.781664 -0.837510
v 2.536126 6.836795 -1.118963
v 2.772909 6.836844 -0.528383
v 2.649815 7.781646 -0.803494
v 2.767022 6.843000 -0.501681
v 2.651108 7.787805 -0.779788
v 2.788709 6.843000 -0.510692
v 2.672672 7.787839 -0.788728
v 2.624893 6.822649 -0.810701
v 2.624893 6.787952 -0.810701
v 2.791208 6.811084 -0.520742
v 2.537593 6.799518 -1.133383
v 3.289056 7.199670 -0.640577
v 3.135382 7.967189 -0.981071
v 3.267363 7.199670 -0.631570
v 3.138003 7.958283 -1.005136
v 3.270102 7.190723 -0.655728
v 3.116436 7.958283 -0.996203
v 2.971082 7.190756 -1.377771
v 3.124742 7.958249 -1.037308
v 3.103174 7.958249 -1.028374
v 3.105796 7.967189 -1.052439
v 2.973821 7.199670 -1.401927
v 2.952129 7.199670 -1.392923
v 3.475596 7.864370 -1.445088
v 3.581954 8.166327 -1.248800
v 3.404451 7.556007 -1.646955
v 3.578573 8.154351 -1.226339
v 3.422638 7.543997 -1.633424
v 3.762903 7.543985 -0.791446
v 3.588994 8.154339 -1.191091
v 3.676958 7.868712 -0.958277
v 3.698881 7.868795 -0.967240
v 3.925146 8.138600 -1.648743
v 3.905094 8.067852 -1.742157
v 3.975683 8.213537 -1.572659
v 4.149229 8.146595 -1.135374
v 4.186241 8.056931 -1.071500
v 4.134234 8.235424 -1.209294
v 4.386735 8.466484 -1.887746
v 4.434666 8.534515 -1.809007
v 4.366914 8.391797 -1.972921
v 4.675217 8.384623 -1.226853
v 4.606979 8.526009 -1.391625
v 4.628852 8.457341 -1.302577
v 5.307505 8.822987 -1.424954
v 5.224566 8.937020 -1.616494
v 5.252236 8.883646 -1.513161
v 5.014107 8.876243 -2.184402
v 5.041234 8.930633 -2.081400
v 4.958866 8.817731 -2.273656
v 6.192638 9.320910 -1.429483
v 5.937736 9.565584 -2.157957
v 5.912798 9.577828 -2.144186
v 6.164630 9.308681 -1.424703
v 6.044621 9.429390 -1.792342
v 5.915439 9.575760 -2.205164
v 5.908386 9.555409 -2.192941
v 5.588153 9.298491 -2.884748
v 5.574165 9.318876 -2.886838
v 5.729092 9.446794 -2.537928
v 3.117722 7.177852 -1.015090
v 2.960248 7.169195 -1.379432
v 3.263962 7.160537 -0.646091
v 3.281240 7.169195 -0.653252
v 2.977528 7.160537 -1.386594
v 3.753693 7.526115 -0.778259
v 3.399988 7.536992 -1.632405
v 3.399988 7.515239 -1.632405
v 3.775261 7.536992 -0.787193
v 3.421556 7.526115 -1.641338
v 3.775261 7.515239 -0.787193
v 4.235411 7.875647 -0.907348
v 3.831748 7.886488 -1.882234
v 3.831748 7.864803 -1.882234
v 4.256979 7.886488 -0.916281
v 3.853316 7.875647 -1.891167
v 4.256979 7.864803 -0.916281
v 4.737531 8.251634 -1.041345
v 4.280332 8.240791 -2.145763
v 4.737531 8.229948 -1.041345
v 4.301899 8.229947 -2.154697
v 4.759100 8.240791 -1.050279
v 4.301899 8.251634 -2.154697
v 5.382597 8.712159 -1.215556
v 4.861016 8.725171 -2.475189
v 4.861016 8.699146 -2.475189
v 5.408452 8.699148 -1.226261
v 4.886872 8.712158 -2.485895
v 5.408452 8.725171 -1.226261
v 6.166625 9.278307 -1.421636
v 5.555831 9.291319 -2.897024
v 5.555831 9.265296 -2.897024
v 6.192606 9.291319 -1.432412
v 5.581688 9.278307 -2.907730
v 6.192606 9.265296 -1.432412
v 6.166406 9.619565 -1.408789
v 5.570394 9.603524 -2.917256
v 6.232169 9.611490 -1.430166
v 5.570012 9.641849 -2.916745
v 5.560771 9.617793 -2.916059
v 6.166406 9.641850 -1.408789
v 3.273011 7.978199 -0.633463
v 3.266394 7.995977 -0.631910
v 2.977294 7.985402 -1.399643
v 2.954287 7.998451 -1.391773
v 3.289493 8.008960 -0.639820
v 2.977313 8.008960 -1.399614
v 4.238398 8.404776 -0.908370
v 4.228934 8.424280 -0.905984
v 3.850446 8.412353 -1.899114
v 3.816916 8.438425 -1.886647
v 4.262920 8.449568 -0.918641
v 3.850341 8.449568 -1.898621
v 4.772296 8.698881 -1.046108
v 4.738100 8.689295 -1.033350
v 4.293916 8.681004 -2.158654
v 4.303635 8.700056 -2.160934
v 4.772296 8.721167 -1.046108
v 4.269553 8.721167 -2.148620
v 5.391303 9.052512 -1.207615
v 5.380999 9.073039 -1.205369
v 4.882754 9.061141 -2.488328
v 4.848623 9.099488 -2.475666
v 5.416389 9.110631 -1.218553
v 4.882205 9.110631 -2.487076
v 1.106182 7.447428 -0.143000
v 1.098262 7.434888 -0.178467
v 1.096067 7.448454 -0.216305
v 1.102381 6.796628 -0.178194
v 1.123875 6.809639 -0.150038
v 1.080409 6.809639 -0.206154
v 5.565117 9.453806 -2.919759
v 5.557729 9.512083 -2.904523
v 5.548227 9.395529 -2.920979
v 2.965898 7.581296 -1.419101
v 2.961579 8.000987 -1.403292
v 2.950048 7.161605 -1.423265
v 2.939963 8.000987 -1.417443
v 2.951494 7.161605 -1.397470
v 3.403997 7.860216 -1.672043
v 3.396609 7.974430 -1.656801
v 3.387109 7.746002 -1.673260
v 3.835251 8.154267 -1.921022
v 3.827862 8.248642 -1.905785
v 3.818361 8.059892 -1.922241
v 4.285429 8.475906 -2.180942
v 4.278039 8.553934 -2.165695
v 4.268540 8.397880 -2.182157
v 4.866816 8.906190 -2.516604
v 4.859434 8.970501 -2.501363
v 4.849929 8.841880 -2.517821
v 1.534342 7.171164 -0.592541
v 1.531603 7.537024 -0.580903
v 1.521752 6.805302 -0.596240
v 1.514081 7.537024 -0.592276
v 1.523932 6.805302 -0.576939
v 2.069410 7.246327 -0.901505
v 2.066043 7.668571 -0.888788
v 2.056705 6.824084 -0.904961
v 2.048675 7.668571 -0.900325
v 2.058013 6.824084 -0.884152
v 2.510952 7.813927 -1.169753
v 2.512523 7.813927 -1.144029
v 2.522483 6.824084 -1.149780
v 2.500992 6.824084 -1.164003
v 2.491032 7.813927 -1.158253
v 2.502563 6.824084 -1.138279
v 1.654629 7.196409 -0.657054
v 1.781766 7.414321 -0.729900
v 1.718124 7.310559 -0.709517
v 1.705504 7.055092 -0.696684
v 1.798763 7.118582 -0.734396
v 1.878223 7.181322 -0.796397
v 1.535044 6.960535 -0.593056
v 2.067947 6.813708 -0.889945
v 2.058609 6.813708 -0.906119
v 1.530375 6.942618 -0.601143
v 1.679831 5.696914 -0.671199
v 1.857177 7.601012 -0.768257
v 2.053194 7.279906 -0.892210
v 2.063928 7.633565 -0.892980
v 2.048525 7.311133 -0.900297
v 1.847838 7.601012 -0.784431
v 2.161106 7.434602 -0.943595
v 2.231306 7.517244 -1.016591
v 2.352228 7.609860 -1.054030
v 2.963848 7.927618 -1.424815
v 2.948941 7.160937 -1.409369
v 2.501393 7.796645 -1.164456
v 2.954777 7.197268 -1.399260
v 2.513066 7.796645 -1.144239
v 2.589028 7.287979 -1.206735
v 3.382617 7.533220 -1.648980
v 3.390899 7.543797 -1.664538
v 2.966182 8.004023 -1.408541
v 2.956845 8.004023 -1.424715
v 3.396066 8.215869 -1.678300
v 3.820035 7.891760 -1.912296
v 3.114340 7.506948 -1.510464
v 3.405405 8.215869 -1.662126
v 3.811259 7.880784 -1.896446
v 4.271769 8.250566 -2.183886
v 3.826385 8.448467 -1.915962
v 4.281106 8.250566 -2.167712
v 3.821716 8.429718 -1.924049
v 4.076420 8.026958 -2.054789
v 4.414568 8.487377 -2.244842
v 4.386189 8.560320 -2.250097
v 4.356056 8.615793 -2.227347
v 4.758801 8.792661 -2.459361
v 4.661039 8.871430 -2.403307
v 4.719186 8.837350 -2.420466
v 4.865488 9.107695 -2.505105
v 5.206047 9.004741 -2.712509
v 4.856150 9.107695 -2.521278
v 5.185193 8.991563 -2.711251
v 4.854519 8.755122 -2.504159
v 5.445320 9.307034 -2.839938
v 5.319569 9.334687 -2.788860
v 5.378625 9.309045 -2.815410
v 1.234293 7.168197 -0.405841
v 1.527823 7.519444 -0.588887
v 1.042415 6.822650 -0.308637
v 1.061353 6.822650 -0.333049
v 1.493602 7.513938 -0.582608
v 2.068998 7.246327 -0.901945
v 2.065645 7.668571 -0.889237
v 2.056244 6.824084 -0.905347
v 2.048191 7.668571 -0.900694
v 2.057591 6.824084 -0.884585
v 3.884541 8.200725 0.204024
v 3.793341 8.189848 -0.723905
v 3.793221 8.221773 -0.723610
v 3.757898 8.211265 -0.720466
v 3.920295 8.221775 0.200539
v 3.894066 8.182532 0.204007
v 1.179646 7.128794 0.224920
v 1.145443 7.443613 -0.035472
v 1.145443 6.813975 -0.035472
v 3.760780 8.176864 -0.742784
v 3.941044 8.054945 -0.858261
v 1.140610 7.443613 -0.053511
v 1.140610 6.813975 -0.053511
v 1.789347 7.225169 -0.217670
v 2.780121 6.788454 -0.501848
v 2.780194 6.824084 -0.501890
v 6.177635 9.276042 -1.391938
v 2.789846 6.788454 -0.465632
v 2.789919 6.824084 -0.465675
v 1.143977 6.788221 -0.064169
v 1.148840 6.824084 -0.046061
v 1.153702 6.788221 -0.027953
v 1.320014 7.242401 0.033491
v 1.147869 7.418975 -0.089946
v 2.828814 7.806446 -0.015328
v 2.833077 7.832444 -0.125779
v 2.837483 7.806446 -0.236249
v 2.380283 7.677279 0.192912
v 2.313337 7.654058 -0.316315
v 2.313337 7.688888 -0.316315
v 2.343195 7.654058 0.197802
v 2.276251 7.677279 -0.311426
v 2.343195 7.688888 0.197802
v 1.732080 7.545566 0.019582
v 1.713537 7.536908 0.022027
v 1.732081 7.528250 0.019582
v 1.732506 7.167897 0.012587
v 1.754535 7.158861 -0.008589
v 1.742721 6.844487 0.204585
v 1.702930 7.505366 -0.145814
v 1.748921 7.497355 0.204493
v 1.696642 6.837179 -0.145680
v 1.733830 7.174749 0.011637
v 1.715142 7.174973 0.013519
v 1.713531 6.813975 0.022061
v 1.713531 6.796628 0.022061
v 1.732074 6.805301 0.019616
v 2.355525 6.853609 0.211304
v 2.301095 7.641062 -0.297298
v 2.276288 7.621797 -0.328504
v 2.343131 6.835160 0.179785
v 2.380433 6.837161 0.178476
v 2.313591 7.623799 -0.329814
v 2.355609 7.641053 0.179428
v 2.276180 6.855077 -0.328350
v 2.288682 6.836428 -0.296986
v 2.343080 7.623631 0.211812
v 2.313481 6.853075 -0.329659
v 2.380382 7.621631 0.210503
v 2.342472 6.822650 -0.060671
v 2.305455 6.805301 -0.055800
v 2.342472 6.787952 -0.060671
v 2.792789 6.842964 -0.463929
v 2.816485 7.787839 -0.163136
v 2.839770 7.787839 -0.166222
v 2.780325 6.836795 -0.439726
v 2.834883 7.781664 -0.142976
v 2.803470 6.836795 -0.442775
v 2.879332 6.836844 0.188965
v 2.831636 7.781646 -0.108630
v 2.866734 6.843000 0.213234
v 2.826749 7.787805 -0.085398
v 2.890015 6.843000 0.210143
v 2.849893 7.787839 -0.088452
v 2.809191 6.822649 -0.122011
v 2.809191 6.787952 -0.122011
v 2.895030 6.811084 0.201082
v 2.808619 6.799518 -0.456325
v 3.406929 7.199670 0.214183
v 3.346619 7.967189 -0.154483
v 3.383645 7.199670 0.217268
v 3.355378 7.958283 -0.177049
v 3.392543 7.190723 0.194642
v 3.332235 7.958283 -0.174003
v 3.290590 7.190756 -0.580190
v 3.350896 7.958249 -0.211557
v 3.327750 7.958249 -0.208510
v 3.336512 7.967189 -0.231077
v 3.299488 7.199670 -0.602814
v 3.276204 7.199670 -0.599730
v 3.795229 7.864392 -0.514654
v 3.847268 8.166327 -0.297508
v 3.778862 7.556007 -0.728037
v 3.838188 8.154351 -0.276687
v 3.792928 7.543997 -0.710260
v 3.903679 7.543985 0.191095
v 3.839131 8.154339 -0.239943
v 3.863795 7.868695 0.007685
v 3.887248 7.868808 0.004752
v 4.282211 8.138543 -0.594930
v 4.287328 8.067922 -0.690524
v 4.311192 8.213700 -0.508570
v 4.365835 8.146533 -0.041189
v 4.385011 8.056988 0.030218
v 4.370704 8.235462 -0.116394
v 4.790117 8.466565 -0.706465
v 4.815725 8.534651 -0.618003
v 4.792779 8.391746 -0.793740
v 4.897675 8.384695 0.006692
v 4.874484 8.526068 -0.170147
v 4.872477 8.457366 -0.078485
v 5.559316 8.823020 -0.020999
v 5.529110 8.937267 -0.227423
v 5.529179 8.883585 -0.120605
v 5.472721 8.876386 -0.830622
v 5.472359 8.930753 -0.724111
v 5.442472 8.817789 -0.931094
v 6.415758 9.320910 0.203661
v 6.358086 9.565584 -0.565965
v 6.330433 9.577828 -0.559118
v 6.387468 9.308681 0.201029
v 6.366695 9.429266 -0.185189
v 6.348766 9.575760 -0.617335
v 6.338789 9.555409 -0.607353
v 6.208520 9.298491 -1.358470
v 6.195550 9.318876 -1.364110
v 6.255159 9.446593 -0.986965
v 3.384118 7.177852 0.202362
v 3.280555 7.169195 -0.584599
v 3.344602 7.160537 -0.192735
v 3.402661 7.169195 0.199917
v 3.299099 7.177852 -0.587043
v 3.891369 7.526115 0.201449
v 3.770786 7.536992 -0.715138
v 3.770786 7.515239 -0.715138
v 3.914515 7.536992 0.198402
v 3.793930 7.526115 -0.718185
v 3.914515 7.515239 0.198402
v 4.390084 7.875647 0.201437
v 4.252494 7.886488 -0.844706
v 4.252494 7.864803 -0.844706
v 4.413228 7.886488 0.198389
v 4.275639 7.875647 -0.847753
v 4.413228 7.864803 0.198389
v 4.909776 8.251634 0.201963
v 4.753999 8.240791 -0.983154
v 4.909776 8.229948 0.201963
v 4.777144 8.229947 -0.986202
v 4.932922 8.240791 0.198916
v 4.777144 8.251634 -0.986202
v 5.577951 8.712159 0.200644
v 5.400159 8.725171 -1.151063
v 5.400159 8.699146 -1.151063
v 5.605695 8.699148 0.196995
v 5.427905 8.712158 -1.154713
v 5.605695 8.725171 0.196995
v 6.388602 9.278307 0.204508
v 6.180479 9.291319 -1.378693
v 6.180479 9.265296 -1.378693
v 6.416486 9.291319 0.200822
v 6.208224 9.278307 -1.382343
v 6.416486 9.265296 0.200822
v 6.385064 9.619565 0.216860
v 6.199781 9.603524 -1.394467
v 6.454119 9.611490 0.213232
v 6.199279 9.641849 -1.394072
v 6.190175 9.617793 -1.395802
v 6.385064 9.641850 0.216860
v 3.389591 7.978199 0.216902
v 3.382797 7.995977 0.216690
v 3.302251 7.985402 -0.599708
v 3.277991 7.998451 -0.598061
v 3.407156 8.008960 0.215027
v 3.302262 8.008960 -0.599676
v 4.393233 8.404776 0.201222
v 4.383475 8.424280 0.201077
v 4.274923 8.412353 -0.856172
v 4.239311 8.438425 -0.852808
v 4.419578 8.449568 0.197648
v 4.274695 8.449568 -0.855724
v 4.944589 8.698881 0.206361
v 4.908256 8.689295 0.209834
v 4.770458 8.681004 -0.992091
v 4.780435 8.700057 -0.991778
v 4.944589 8.721167 0.206361
v 4.744328 8.721167 -0.988703
v 5.584304 9.052512 0.210567
v 5.573771 9.073038 0.210070
v 5.424556 9.061141 -1.158128
v 5.388311 9.099488 -1.154732
v 5.611366 9.110631 0.206495
v 5.423703 9.110631 -1.157061
v 1.169728 7.447428 0.129826
v 1.171230 7.434938 0.093522
v 1.178938 7.448522 0.056400
v 1.174933 6.796628 0.094878
v 1.188487 6.809638 0.127627
v 1.161026 6.809639 0.062174
v 6.195332 9.453806 -1.398250
v 6.184251 9.512083 -1.385446
v 6.179334 9.395529 -1.403800
v 3.296280 7.581296 -0.621453
v 3.288016 8.000987 -0.607300
v 3.282048 7.161605 -0.629578
v 3.270799 8.000987 -0.626564
v 3.276768 7.161605 -0.604287
v 3.784919 7.860216 -0.752385
v 3.773836 7.974430 -0.739578
v 3.768920 7.746002 -0.757933
v 4.265917 8.154267 -0.881266
v 4.254836 8.248642 -0.868461
v 4.249918 8.059892 -0.886815
v 4.768023 8.475906 -1.015805
v 4.756943 8.553934 -1.003000
v 4.752025 8.397880 -1.021354
v 5.416474 8.906190 -1.189561
v 5.405404 8.970501 -1.176759
v 5.400481 8.841880 -1.195109
v 1.699574 7.171164 -0.193574
v 1.693916 7.537024 -0.183039
v 1.688370 6.805302 -0.200403
v 1.679935 7.537024 -0.198559
v 1.685480 6.805302 -0.181195
v 2.296374 7.246327 -0.353532
v 2.289831 7.668571 -0.342109
v 2.284997 6.824084 -0.360148
v 2.276042 7.668571 -0.357748
v 2.280875 6.824084 -0.339710
v 2.792300 7.813927 -0.498350
v 2.787160 7.813927 -0.473096
v 2.798269 6.824084 -0.476073
v 2.781190 6.824084 -0.495374
v 2.770082 7.813927 -0.492397
v 2.776051 6.824084 -0.470120
v 1.832550 7.196409 -0.224418
v 1.974109 7.414321 -0.262242
v 1.907395 7.310558 -0.258896
v 1.891818 7.055092 -0.250010
v 1.991670 7.118582 -0.262265
v 2.084459 7.181323 -0.301626
v 1.700385 6.960535 -0.193887
v 2.291970 6.813708 -0.342734
v 2.287136 6.813708 -0.360774
v 1.697968 6.942618 -0.202907
v 1.860443 5.696918 -0.231977
v 2.056886 7.601012 -0.279744
v 2.278306 7.279906 -0.348741
v 2.288883 7.633566 -0.346668
v 2.275889 7.311133 -0.357761
v 2.052052 7.601012 -0.297784
v 2.395786 7.434602 -0.370645
v 2.482502 7.517244 -0.422926
v 2.609009 7.609860 -0.427738
v 3.295819 7.927617 -0.627351
v 3.277381 7.160937 -0.616442
v 2.781696 7.796645 -0.495708
v 3.280402 7.197268 -0.605167
v 2.787738 7.796645 -0.473158
v 2.877239 7.287975 -0.514012
v 3.758297 7.533220 -0.735644
v 3.770323 7.543797 -0.748528
v 3.293821 8.004023 -0.611179
v 3.288987 8.004023 -0.629219
v 3.778875 8.215869 -0.760484
v 4.248961 7.891760 -0.876776
v 3.463245 7.506905 -0.671421
v 3.783710 8.215869 -0.742444
v 4.236382 7.880784 -0.863737
v 4.755595 8.250566 -1.022195
v 4.256044 8.448467 -0.878674
v 4.760428 8.250566 -1.004154
v 4.253627 8.429718 -0.887693
v 4.533453 8.026925 -0.948160
v 4.909217 8.487256 -1.044005
v 4.883299 8.560324 -1.056381
v 4.848262 8.615797 -1.042357
v 5.297260 8.792607 -1.162391
v 5.188313 8.871213 -1.133268
v 5.249041 8.837381 -1.134814
v 5.412221 9.107695 -1.178802
v 5.794856 9.004741 -1.290996
v 5.407388 9.107695 -1.196842
v 5.774387 8.991563 -1.295179
v 5.401379 8.755117 -1.180732
v 6.058981 9.306895 -1.351944
v 5.924275 9.334455 -1.335144
v 5.988208 9.308941 -1.345555
v 1.361403 7.168197 -0.090981
v 1.692331 7.519444 -0.191729
v 1.150929 6.822650 -0.046661
v 1.175540 6.822650 -0.065340
v 1.657651 7.513938 -0.194521
v 2.296091 7.246327 -0.354054
v 2.289563 7.668571 -0.342647
v 2.284652 6.824084 -0.360641
v 2.275669 7.668571 -0.358231
v 2.280579 6.824084 -0.340237
v 3.763525 8.200725 1.184128
v 3.915598 8.189848 0.264213
v 3.915406 8.221773 0.264467
v 3.880474 8.211265 0.258361
v 3.798962 8.221775 1.190015
v 3.772730 8.182532 1.186577
v 1.145390 7.128794 0.504233
v 1.179746 7.443613 0.243861
v 1.179746 6.813975 0.243861
v 3.889033 8.176864 0.237549
v 4.095557 8.052040 0.203463
v 1.179746 7.443613 0.225186
v 1.179746 6.813975 0.225186
v 1.848866 7.225169 0.234524
v 2.879430 6.788454 0.216463
v 2.879512 6.824084 0.216441
v 6.391550 9.276042 0.236043
v 2.879451 6.788454 0.253961
v 2.879533 6.824084 0.253939
v 1.185757 6.788221 0.215763
v 1.185767 6.824084 0.234512
v 1.185778 6.788221 0.253261
v 1.328617 7.243384 0.306320
v 1.196331 7.418667 0.199567
v 2.800526 7.806446 0.699005
v 2.833202 7.832444 0.593418
v 2.866078 7.806446 0.487856
v 2.313400 7.677279 0.784063
v 2.380532 7.665668 0.274861
v 2.276309 7.654058 0.779188
v 2.343444 7.654058 0.269985
v 2.343444 7.688889 0.269985
v 2.276309 7.688888 0.779188
v 1.722823 7.545566 0.447646
v 1.739852 7.532579 0.390245
v 1.705831 7.532579 0.505053
v 1.734360 7.167914 0.442259
v 1.761080 7.158929 0.427607
v 1.694541 6.844487 0.630325
v 1.746795 7.505366 0.281567
v 1.700553 7.497355 0.631840
v 1.740687 6.837179 0.280069
v 1.735838 7.174755 0.441635
v 1.717296 7.174971 0.438628
v 1.713567 6.805301 0.446463
v 1.732110 6.813975 0.448900
v 1.732110 6.796628 0.448900
v 2.284725 6.853609 0.795421
v 2.363785 7.641062 0.290062
v 2.347900 7.621797 0.253498
v 2.280911 6.835160 0.761769
v 2.317281 6.837161 0.770158
v 2.384271 7.623799 0.261888
v 2.293056 7.641053 0.764652
v 2.347756 6.855077 0.253619
v 2.351715 6.836428 0.287150
v 2.272573 7.623631 0.792691
v 2.384125 6.853075 0.262009
v 2.308942 7.621631 0.801080
v 2.332027 6.813975 0.615866
v 2.317795 6.813975 0.438171
v 2.325418 6.787952 0.527080
v 2.881853 6.842964 0.256369
v 2.826891 7.787839 0.553045
v 2.850180 7.787839 0.556091
v 2.863549 6.836795 0.276520
v 2.839444 7.781664 0.577279
v 2.886694 6.836795 0.279566
v 2.796465 6.836844 0.909414
v 2.827418 7.781646 0.609615
v 2.778015 6.843000 0.929596
v 2.816684 7.787805 0.630791
v 2.801303 6.843000 0.932636
v 2.839830 7.787839 0.633831
v 2.824822 6.813975 0.481477
v 2.828583 6.787952 0.593430
v 2.832968 6.813975 0.705476
v 3.299558 7.199670 1.070326
v 3.336720 7.967189 0.698612
v 3.276268 7.199670 1.067279
v 3.351022 7.958283 0.679081
v 3.290720 7.190723 1.047727
v 3.327879 7.958283 0.676034
v 3.392782 7.190756 0.272910
v 3.355623 7.958249 0.644590
v 3.332478 7.958249 0.641542
v 3.346782 7.967189 0.622012
v 3.407232 7.199670 0.253359
v 3.383944 7.199670 0.250312
v 3.863222 7.864378 0.466838
v 3.857328 8.166327 0.690038
v 3.902683 7.556007 0.256474
v 3.843169 8.154351 0.707799
v 3.911668 7.543997 0.277286
v 3.785357 7.543985 1.176593
v 3.834570 8.154339 0.743536
v 3.794168 7.868790 0.989236
v 3.817632 7.868754 0.992255
v 4.354426 8.138579 0.515283
v 4.384047 8.067911 0.424311
v 4.360118 8.213685 0.606262
v 4.282451 8.057801 1.145381
v 4.310581 8.231225 0.995295
v 4.309717 8.145789 1.073411
v 4.873906 8.466512 0.539083
v 4.875661 8.534605 0.631142
v 4.899019 8.391664 0.455487
v 4.793555 8.384527 1.255660
v 4.816545 8.525991 1.078862
v 4.791143 8.457419 1.167010
v 5.439622 8.823065 1.400277
v 5.463882 8.937250 1.193041
v 5.436168 8.883587 1.296228
v 5.565531 8.876166 0.595911
v 5.537265 8.930715 0.698568
v 5.562422 8.817907 0.490889
v 6.208587 9.320910 1.838904
v 6.352074 9.565584 1.080577
v 6.323591 9.577828 1.080033
v 6.181941 9.308681 1.829040
v 6.262047 9.429439 1.450709
v 6.356368 9.575760 1.028544
v 6.344147 9.555409 1.035604
v 6.412720 9.298491 0.276365
v 6.401651 9.318876 0.267561
v 6.361517 9.446883 0.647168
v 3.338265 7.177852 0.660298
v 3.384230 7.169195 0.266054
v 3.280583 7.160537 1.053003
v 3.299127 7.169195 1.055441
v 3.402776 7.160537 0.268492
v 3.770787 7.526115 1.183408
v 3.891542 7.536992 0.266843
v 3.891542 7.515239 0.266843
v 3.793933 7.536992 1.186455
v 3.914687 7.526115 0.269891
v 3.793933 7.515239 1.186455
v 4.252511 7.875647 1.312473
v 4.390372 7.886488 0.266365
v 4.390372 7.864803 0.266365
v 4.275657 7.886488 1.315520
v 4.413517 7.875647 0.269413
v 4.275657 7.864803 1.315520
v 4.754359 8.251634 1.447487
v 4.910622 8.240791 0.262434
v 4.754359 8.229948 1.447487
v 4.933767 8.229947 0.265481
v 4.777505 8.240791 1.450535
v 4.933767 8.251634 0.265481
v 5.400108 8.712159 1.619150
v 5.578222 8.725171 0.267485
v 5.578222 8.699146 0.267485
v 5.427851 8.699148 1.622807
v 5.605967 8.712158 0.271141
v 5.427851 8.725171 1.622807
v 6.182136 9.278307 1.832694
v 6.390868 9.291319 0.249573
v 6.390868 9.265296 0.249573
v 6.210024 9.291319 1.836351
v 6.418613 9.278307 0.253229
v 6.210024 9.265296 1.836351
v 6.175523 9.619565 1.843710
v 6.413595 9.603524 0.239333
v 6.243164 9.611490 1.858078
v 6.413008 9.641849 0.239584
v 6.404662 9.617793 0.235557
v 6.175523 9.641850 1.843710
v 3.282106 7.978199 1.068464
v 3.275599 7.995977 1.066501
v 3.409097 7.985402 0.257074
v 3.385238 7.998451 0.252387
v 3.299558 8.008960 1.071200
v 3.409100 8.008960 0.257108
v 4.255610 8.404776 1.313081
v 4.246221 8.424280 1.310415
v 4.415005 8.412353 0.261096
v 4.379735 8.438425 0.255127
v 4.281981 8.449568 1.316447
v 4.414668 8.449568 0.261470
v 4.786848 8.698881 1.460746
v 4.750854 8.689295 1.454696
v 4.928832 8.681004 0.258062
v 4.938388 8.700056 0.260947
v 4.786848 8.721167 1.460746
v 4.902716 8.721167 0.254571
v 5.403677 9.052512 1.630379
v 5.393631 9.073038 1.627172
v 5.603617 9.061141 0.266976
v 5.567728 9.099488 0.260875
v 5.430871 9.110631 1.633450
v 5.602516 9.110631 0.267786
v 1.160536 7.447355 0.409828
v 1.171381 7.434881 0.375148
v 1.188412 7.448445 0.341284
v 1.174637 6.796628 0.377420
v 1.179180 6.809639 0.412553
v 1.169595 6.809638 0.342222
v 6.410277 9.453806 0.234527
v 6.396260 9.512083 0.244027
v 6.396260 9.395529 0.225026
v 3.408957 7.581296 0.234525
v 3.397313 8.000987 0.246057
v 3.397313 7.161605 0.222993
v 3.385668 8.000987 0.222993
v 3.385668 7.161605 0.246057
v 3.914829 7.860216 0.234516
v 3.900814 7.974430 0.244026
v 3.900814 7.746002 0.225020
v 4.412800 8.154267 0.234525
v 4.398782 8.248642 0.244026
v 4.398782 8.059892 0.225025
v 4.932627 8.475906 0.234526
v 4.918602 8.553934 0.244026
v 4.918608 8.397880 0.225025
v 5.603946 8.906190 0.234526
v 5.589938 8.970501 0.244027
v 5.589932 8.841880 0.225025
v 1.755917 7.171164 0.234576
v 1.747723 7.537024 0.243278
v 1.746860 6.805302 0.225070
v 1.738235 7.537024 0.224668
v 1.739097 6.805302 0.242876
v 2.373775 7.668571 0.225187
v 2.364503 7.668571 0.243861
v 2.373775 6.824084 0.243862
v 2.364503 6.824084 0.225187
v 2.355231 7.668571 0.225187
v 2.355231 6.824084 0.243862
v 2.890289 7.813927 0.222993
v 2.878788 7.813927 0.246056
v 2.890289 6.824084 0.246056
v 2.878788 6.824084 0.222993
v 2.867287 7.813927 0.222993
v 2.867287 6.824084 0.246056
v 1.892343 7.196409 0.239057
v 2.038869 7.414320 0.239420
v 1.973562 7.310559 0.225387
v 1.956216 7.055092 0.229807
v 2.055837 7.118582 0.243812
v 2.155652 7.181322 0.229801
v 1.756779 6.960535 0.234473
v 2.366731 6.813708 0.243812
v 2.366731 6.813708 0.225136
v 1.756779 6.942618 0.225135
v 1.921237 5.696909 0.239119
v 2.123354 7.601012 0.243812
v 2.355088 7.279906 0.234474
v 2.364768 7.633565 0.239148
v 2.355088 7.311133 0.225135
v 2.123354 7.601012 0.225135
v 2.474234 7.434602 0.243815
v 2.571527 7.517244 0.215797
v 2.694968 7.609860 0.243809
v 3.410039 7.927617 0.228635
v 3.389406 7.160937 0.234474
v 2.879362 7.796645 0.222801
v 3.389406 7.197268 0.246147
v 2.879362 7.796645 0.246146
v 2.976349 7.287940 0.229898
v 3.884787 7.533220 0.243803
v 3.899738 7.543797 0.234471
v 3.403924 8.004023 0.243812
v 3.403924 8.004023 0.225136
v 3.911094 8.215869 0.225136
v 4.395260 7.891760 0.234475
v 3.583173 7.506917 0.229615
v 3.911094 8.215869 0.243813
v 4.379735 7.880784 0.243813
v 4.922267 8.250566 0.225137
v 4.402592 8.448467 0.234475
v 4.922266 8.250566 0.243813
v 4.402592 8.429718 0.225136
v 4.688539 8.026946 0.239434
v 5.076489 8.487459 0.243813
v 5.054469 8.560324 0.225137
v 5.017080 8.615887 0.229992
v 5.481673 8.792430 0.229806
v 5.369046 8.871328 0.230045
v 5.428109 8.837504 0.243813
v 5.597053 9.107695 0.243813
v 5.995687 9.004741 0.234475
v 5.597053 9.107695 0.225137
v 5.976998 8.991563 0.225138
v 5.587080 8.755118 0.239285
v 6.266653 9.307187 0.243825
v 6.132181 9.334711 0.225136
v 6.196621 9.309162 0.231621
v 1.402714 7.168197 0.246038
v 1.748441 7.519444 0.234473
v 1.187941 6.822650 0.234473
v 1.216547 6.822650 0.222800
v 1.715666 7.513938 0.222800
v 2.373598 7.668571 0.224619
v 2.364383 7.668571 0.243273
v 2.373684 6.824084 0.243271
v 2.364297 6.824084 0.224622
v 2.354996 7.668571 0.224624
v 2.355082 6.824084 0.243276
v -0.847936 8.200725 3.896279
v 0.071979 8.189848 4.048352
v 0.071725 8.221773 4.048160
v 0.077831 8.211265 4.013227
v -0.853823 8.221775 3.931715
v -0.850385 8.182532 3.905483
v -0.168041 7.128794 1.278142
v 0.092331 7.443613 1.312500
v 0.092331 6.813975 1.312500
v 0.098642 8.176864 4.021786
v 0.132728 8.052040 4.228310
v 0.111005 7.443613 1.312500
v 0.111005 6.813975 1.312500
v 0.101668 7.225169 1.981619
v 0.119729 6.788454 3.012184
v 0.119751 6.824084 3.012265
v 0.100149 9.276042 6.524302
v 0.082230 6.788454 3.012204
v 0.082252 6.824084 3.012286
v 0.120429 6.788221 1.318510
v 0.101679 6.824084 1.318521
v 0.082930 6.788221 1.318531
v 0.097357 7.246297 1.456987
v 0.108396 7.418370 1.329270
v -0.362804 7.806446 2.933203
v -0.257209 7.832444 2.965828
v -0.151655 7.806446 2.998756
v -0.447872 7.677279 2.446153
v 0.061331 7.654058 2.513286
v 0.061331 7.688888 2.513286
v -0.442996 7.654058 2.409063
v 0.066206 7.677279 2.476197
v -0.442996 7.688888 2.409063
v -0.112678 7.536908 1.864879
v -0.110240 7.545566 1.846334
v -0.110240 7.528250 1.846334
v -0.106060 7.167907 1.867156
v -0.091324 7.158883 1.893850
v -0.294134 6.844487 1.827294
v 0.054624 7.505366 1.879549
v -0.295649 7.497355 1.833307
v 0.056123 6.837179 1.873441
v -0.105469 7.174749 1.868697
v -0.102524 7.174934 1.850151
v -0.110273 6.805301 1.846334
v -0.112711 6.813975 1.864879
v -0.112711 6.796628 1.864879
v -0.459229 6.853609 2.417479
v 0.046130 7.641062 2.496538
v 0.082693 7.621797 2.480654
v -0.425577 6.835160 2.413664
v -0.433967 6.837161 2.450034
v 0.074303 7.623799 2.517024
v -0.428461 7.641053 2.425810
v 0.082572 6.855077 2.480510
v 0.049041 6.836428 2.484468
v -0.456499 7.623631 2.405326
v 0.074183 6.853075 2.516880
v -0.464889 7.621631 2.441696
v -0.193140 6.805301 2.475244
v -0.188265 6.822650 2.438227
v -0.188265 6.787952 2.438227
v 0.079823 6.842964 3.014607
v -0.216854 7.787839 2.959645
v -0.219900 7.787839 2.982933
v 0.059671 6.836795 2.996303
v -0.241088 7.781664 2.972198
v 0.056625 6.836795 3.019448
v -0.573223 6.836844 2.929219
v -0.273423 7.781646 2.960172
v -0.593404 6.843000 2.910769
v -0.294600 7.787805 2.949438
v -0.596444 6.843000 2.934056
v -0.297640 7.787839 2.972583
v -0.364409 6.796627 2.928730
v -0.256311 6.822649 2.954260
v -0.150161 6.796627 2.994618
v -0.734134 7.199670 3.432312
v -0.362420 7.967189 3.469474
v -0.731087 7.199670 3.409022
v -0.342890 7.958283 3.483776
v -0.711536 7.190723 3.423473
v -0.339843 7.958283 3.460633
v 0.063282 7.190757 3.525536
v -0.308398 7.958249 3.488377
v -0.305351 7.958249 3.465232
v -0.285821 7.967189 3.479536
v 0.082832 7.199671 3.539986
v 0.085880 7.199671 3.516698
v -0.130662 7.864367 3.995968
v -0.353846 8.166327 3.990081
v 0.079717 7.556007 4.035437
v -0.371608 8.154351 3.975923
v 0.058906 7.543997 4.044422
v -0.840401 7.543985 3.918109
v -0.407344 8.154339 3.967323
v -0.652958 7.868729 3.926973
v -0.656175 7.868827 3.950407
v -0.179104 8.138579 4.487266
v -0.088164 8.067848 4.516635
v -0.270241 8.213536 4.492984
v -0.735694 8.146571 4.424695
v -0.809577 8.056965 4.424809
v -0.664244 8.235444 4.448796
v -0.202878 8.466502 5.006503
v -0.294999 8.534537 5.008401
v -0.119254 8.391717 5.031754
v -0.919563 8.384691 4.926120
v -0.742702 8.526062 4.949139
v -0.830873 8.457543 4.923622
v -1.064059 8.822992 5.572441
v -0.856871 8.937239 5.596840
v -0.959994 8.883447 5.569098
v -0.259578 8.876470 5.698299
v -0.362483 8.930584 5.670357
v -0.154706 8.817792 5.694828
v -1.502712 9.320910 6.341339
v -0.744385 9.565584 6.484826
v -0.743842 9.577828 6.456343
v -1.492848 9.308681 6.314694
v -1.114569 9.429550 6.394852
v -0.692353 9.575760 6.489120
v -0.699412 9.555409 6.476900
v 0.059826 9.298491 6.545473
v 0.068631 9.318876 6.534404
v -0.311143 9.446486 6.494554
v -0.324097 7.177853 3.470945
v 0.070137 7.169195 3.516984
v -0.716811 7.160537 3.413337
v -0.719249 7.169195 3.431881
v 0.067700 7.160537 3.535529
v -0.847216 7.526116 3.903540
v 0.069348 7.536993 4.024296
v 0.069348 7.515240 4.024296
v -0.850263 7.536993 3.926686
v 0.066301 7.526116 4.047441
v -0.850263 7.515240 3.926686
v -0.976281 7.875647 4.385265
v 0.069826 7.886488 4.523126
v 0.069826 7.864803 4.523126
v -0.979328 7.886488 4.408410
v 0.066779 7.875647 4.546270
v -0.979328 7.864803 4.408410
v -1.111296 8.251634 4.887113
v 0.073758 8.240791 5.043375
v -1.111296 8.229948 4.887113
v 0.070711 8.229947 5.066520
v -1.114343 8.240791 4.910259
v 0.070711 8.251634 5.066520
v -1.282958 8.712159 5.532861
v 0.068707 8.725171 5.710976
v 0.068707 8.699146 5.710976
v -1.286615 8.699148 5.560605
v 0.065050 8.712158 5.738720
v -1.286615 8.725171 5.560605
v -1.496503 9.278308 6.314889
v 0.086619 9.291319 6.523620
v 0.086619 9.265296 6.523620
v -1.500159 9.291319 6.342777
v 0.082962 9.278307 6.551366
v -1.500159 9.265296 6.342777
v -1.507518 9.619565 6.308275
v 0.096859 9.603524 6.546348
v -1.521886 9.611490 6.375916
v 0.096608 9.641849 6.545761
v 0.100634 9.617793 6.537416
v -1.507518 9.641850 6.308275
v -0.732272 7.978199 3.414860
v -0.730309 7.995977 3.408352
v 0.079118 7.985402 3.541851
v 0.083805 7.998451 3.517992
v -0.735008 8.008960 3.432312
v 0.079084 8.008960 3.541853
v -0.976889 8.404776 4.388363
v -0.974223 8.424280 4.378974
v 0.075096 8.412353 4.547758
v 0.081064 8.438425 4.512487
v -0.980255 8.449568 4.414734
v 0.074722 8.449568 4.547421
v -1.124555 8.698881 4.919601
v -1.118505 8.689295 4.883607
v 0.078130 8.681004 5.061585
v 0.075245 8.700056 5.071141
v -1.124555 8.721167 4.919601
v 0.081621 8.721167 5.035470
v -1.294188 9.052512 5.536430
v -1.290981 9.073038 5.526384
v 0.069216 9.061141 5.736370
v 0.075316 9.099488 5.700481
v -1.297258 9.110631 5.563623
v 0.068406 9.110631 5.735269
v -0.073627 7.447428 1.293217
v -0.038947 7.434938 1.304057
v -0.005085 7.448522 1.321109
v -0.041215 6.796628 1.307285
v -0.076354 6.809639 1.311875
v -0.006023 6.809639 1.302291
v 0.101665 9.453806 6.543030
v 0.092165 9.512083 6.529013
v 0.111166 9.395529 6.529013
v 0.101667 7.581296 3.541711
v 0.090135 8.000987 3.530066
v 0.113198 7.161605 3.530066
v 0.113198 8.000987 3.518421
v 0.090135 7.161605 3.518422
v 0.101676 7.860216 4.047583
v 0.092166 7.974430 4.033567
v 0.111172 7.746002 4.033567
v 0.101666 8.154267 4.545553
v 0.092166 8.248642 4.531536
v 0.111167 8.059892 4.531536
v 0.101675 8.475906 5.065381
v 0.092165 8.553934 5.051355
v 0.111171 8.397880 5.051361
v 0.101666 8.906190 5.736695
v 0.092165 8.970501 5.722692
v 0.111166 8.841880 5.722683
v 0.101625 7.171164 1.888665
v 0.092914 7.537024 1.880476
v 0.111122 6.805302 1.879614
v 0.111524 7.537024 1.870989
v 0.093316 6.805302 1.871851
v 0.111005 7.668571 2.506529
v 0.092330 7.668571 2.497257
v 0.092330 6.824084 2.506529
v 0.111005 6.824084 2.497257
v 0.111005 7.668571 2.487985
v 0.092330 6.824084 2.487985
v 0.113199 7.813927 3.023042
v 0.090135 7.813927 3.011541
v 0.090135 6.824084 3.023042
v 0.113199 6.824084 3.011542
v 0.113199 7.813927 3.000041
v 0.090135 6.824084 3.000040
v 0.097290 7.196409 2.025096
v 0.096981 7.414320 2.171622
v 0.110965 7.310558 2.106315
v 0.106387 7.055092 2.088969
v 0.092380 7.118582 2.188590
v 0.106387 7.181322 2.288405
v 0.101718 6.960535 1.889533
v 0.092380 6.813708 2.499485
v 0.111056 6.813708 2.499485
v 0.111056 6.942618 1.889533
v 0.097047 5.696921 2.053998
v 0.092380 7.601012 2.256108
v 0.101718 7.279906 2.487841
v 0.097051 7.633565 2.497521
v 0.111056 7.311133 2.487841
v 0.111056 7.601012 2.256108
v 0.092329 7.434602 2.606987
v 0.120394 7.517245 2.704280
v 0.092357 7.609860 2.827722
v 0.107556 7.927618 3.542793
v 0.101717 7.160938 3.522160
v 0.113390 7.796645 3.012115
v 0.090045 7.197268 3.522160
v 0.090045 7.796645 3.012115
v 0.106301 7.287940 3.109102
v 0.092388 7.533221 4.017540
v 0.101721 7.543797 4.032491
v 0.092379 8.004023 3.536677
v 0.111056 8.004023 3.536677
v 0.111055 8.215869 4.043847
v 0.101717 7.891760 4.528013
v 0.106545 7.506917 3.715927
v 0.092379 8.215869 4.043847
v 0.092379 7.880784 4.512488
v 0.111055 8.250566 5.055020
v 0.101717 8.448467 4.535346
v 0.092379 8.250566 5.055020
v 0.111055 8.429718 4.535346
v 0.096942 8.026972 4.821299
v 0.092379 8.487407 5.209194
v 0.111029 8.560271 5.187172
v 0.106174 8.615840 5.149790
v 0.106385 8.792349 5.614387
v 0.106147 8.871232 5.501752
v 0.092378 8.837408 5.560815
v 0.092378 9.107695 5.729806
v 0.101716 9.004741 6.128440
v 0.111054 9.107695 5.729806
v 0.111054 8.991563 6.109752
v 0.096906 8.755118 5.719833
v 0.092366 9.307187 6.399405
v 0.111057 9.334711 6.264933
v 0.104577 9.309162 6.329374
v 0.090153 7.168198 1.535467
v 0.101718 7.519444 1.881195
v 0.101719 6.822650 1.320694
v 0.113391 6.822650 1.349301
v 0.113391 7.513938 1.848419
v 0.111573 7.668571 2.506351
v 0.092918 7.668571 2.497137
v 0.092921 6.824084 2.506438
v 0.111570 6.824084 2.497051
v 0.111567 7.668571 2.487749
v 0.092915 6.824084 2.487836
v 0.132167 8.200725 4.017294
v 1.060097 8.189848 3.926095
v 1.059802 8.221773 3.925975
v 1.056658 8.211265 3.890651
v 0.135653 8.221775 4.053048
v 0.132184 8.182532 4.026820
v 0.111273 7.128794 1.312399
v 0.371665 7.443613 1.278197
v 0.371664 6.813975 1.278197
v 1.078976 8.176864 3.893533
v 1.174558 8.052509 4.081349
v 0.389703 7.443613 1.273363
v 0.389703 6.813975 1.273363
v 0.553866 7.225169 1.922092
v 0.838040 6.788454 2.912874
v 0.838082 6.824084 2.912948
v 1.728130 9.276042 6.310388
v 0.801824 6.788454 2.922600
v 0.801867 6.824084 2.922673
v 0.400361 6.788221 1.276730
v 0.382253 6.824084 1.281593
v 0.364145 6.788221 1.286455
v 0.413919 7.246290 1.416458
v 0.426142 7.418976 1.280621
v 0.351521 7.806446 2.961574
v 0.461971 7.832444 2.965834
v 0.572442 7.806446 2.970244
v 0.143280 7.677279 2.513037
v 0.652507 7.654058 2.446090
v 0.652507 7.688888 2.446090
v 0.138390 7.654058 2.475948
v 0.647618 7.677279 2.409004
v 0.138390 7.688888 2.475948
v 0.315365 7.545566 1.855389
v 0.375227 7.532579 1.857039
v 0.255524 7.532579 1.853892
v 0.323651 7.167870 1.865185
v 0.344692 7.158897 1.887174
v 0.131607 6.844487 1.875474
v 0.482006 7.505366 1.835683
v 0.131700 7.497355 1.881674
v 0.481873 6.837179 1.829395
v 0.324567 7.174755 1.866585
v 0.322589 7.174932 1.847897
v 0.255493 6.800964 1.853997
v 0.315356 6.813975 1.855574
v 0.375219 6.800964 1.857139
v 0.124888 6.853608 2.488279
v 0.633489 7.641062 2.433848
v 0.664696 7.621797 2.409041
v 0.156407 6.835160 2.475884
v 0.157716 6.837161 2.513186
v 0.666005 7.623799 2.446344
v 0.156764 7.641053 2.488362
v 0.664542 6.855077 2.408933
v 0.633178 6.836428 2.421435
v 0.124380 7.623631 2.475834
v 0.665851 6.853075 2.446235
v 0.125689 7.621631 2.513135
v 0.396875 6.805301 2.475310
v 0.392003 6.822650 2.438294
v 0.392003 6.787952 2.438294
v 0.800121 6.842964 2.925543
v 0.499327 7.787839 2.949239
v 0.502413 7.787839 2.972523
v 0.775918 6.836795 2.913078
v 0.479168 7.781664 2.967637
v 0.778967 6.836795 2.936223
v 0.147227 6.836844 3.012085
v 0.444822 7.781646 2.964390
v 0.122958 6.843000 2.999487
v 0.421590 7.787805 2.959502
v 0.126049 6.843000 3.022769
v 0.424644 7.787839 2.982646
v 0.348820 6.796627 2.957733
v 0.459864 6.822649 2.954575
v 0.572821 6.796627 2.965923
v 0.122008 7.199671 3.539683
v 0.490675 7.967189 3.479372
v 0.118924 7.199671 3.516398
v 0.513241 7.958283 3.488132
v 0.141549 7.190723 3.525297
v 0.510195 7.958283 3.464988
v 0.916382 7.190756 3.423343
v 0.547749 7.958249 3.483649
v 0.544702 7.958249 3.460503
v 0.567269 7.967189 3.469265
v 0.939006 7.199670 3.432241
v 0.935922 7.199670 3.408958
v 0.850824 7.864384 3.927918
v 0.633700 8.166327 3.980020
v 1.064229 7.556007 3.911616
v 0.612879 8.154351 3.970942
v 1.046452 7.543997 3.925681
v 0.145097 7.543985 4.036431
v 0.576135 8.154339 3.971884
v 0.328414 7.868748 3.996457
v 0.331440 7.868796 4.019877
v 0.931098 8.138523 4.414942
v 1.026605 8.067830 4.419972
v 0.844665 8.213594 4.444044
v 0.303854 8.057831 4.508380
v 0.456063 8.231296 4.496702
v 0.380418 8.145825 4.516057
v 1.042570 8.466441 4.922896
v 0.954144 8.534540 4.948705
v 1.129931 8.391726 4.925634
v 0.329495 8.384745 5.030670
v 0.506333 8.526093 5.007331
v 0.414594 8.457494 5.005309
v 0.357176 8.823065 5.692119
v 0.563638 8.937320 5.662237
v 0.456891 8.883427 5.662086
v 1.166846 8.876421 5.605595
v 1.060264 8.930665 5.605133
v 1.267307 8.817852 5.575168
v 0.132530 9.320910 6.548510
v 0.902156 9.565584 6.490839
v 0.895309 9.577828 6.463185
v 0.135163 9.308681 6.520220
v 0.521356 9.429380 6.499673
v 0.953526 9.575760 6.481519
v 0.943545 9.555409 6.471542
v 1.694661 9.298491 6.341273
v 1.700301 9.318876 6.328303
v 1.323124 9.446594 6.387737
v 0.528115 7.177853 3.471190
v 0.920790 7.169195 3.413309
v 0.133830 7.160537 3.516871
v 0.136275 7.169195 3.535414
v 0.923236 7.160537 3.431853
v 0.134743 7.526116 4.024122
v 1.051330 7.536993 3.903539
v 1.051330 7.515240 3.903539
v 0.137790 7.536993 4.047268
v 1.054377 7.526116 3.926683
v 0.137790 7.515240 4.047269
v 0.134755 7.875647 4.522837
v 1.180898 7.886488 4.385248
v 1.180898 7.864803 4.385248
v 0.137802 7.886488 4.545982
v 1.183945 7.875647 4.408392
v 0.137802 7.864803 4.545982
v 0.134228 8.251634 5.042529
v 1.319346 8.240791 4.886753
v 0.134228 8.229948 5.042529
v 1.322393 8.229947 4.909898
v 0.137276 8.240791 5.065675
v 1.322393 8.251634 4.909898
v 0.135547 8.712159 5.710705
v 1.487255 8.725171 5.532912
v 1.487255 8.699146 5.532912
v 0.139196 8.699148 5.738448
v 1.490904 8.712158 5.560658
v 0.139196 8.725171 5.738448
v 0.131683 9.278307 6.521355
v 1.714885 9.291319 6.313231
v 1.714885 9.265296 6.313231
v 0.135369 9.291319 6.549238
v 1.718534 9.278307 6.340978
v 0.135369 9.265296 6.549238
v 0.119331 9.619565 6.517817
v 1.730658 9.603524 6.332534
v 0.122959 9.611490 6.586872
v 1.730264 9.641849 6.332032
v 1.731993 9.617793 6.322929
v 0.119331 9.641850 6.517817
v 0.119290 7.978199 3.522344
v 0.119502 7.995977 3.515550
v 0.935900 7.985402 3.435004
v 0.934253 7.998451 3.410744
v 0.121164 8.008960 3.539909
v 0.935868 8.008960 3.435015
v 0.134970 8.404776 4.525987
v 0.135114 8.424280 4.516228
v 1.192364 8.412353 4.407677
v 1.189000 8.438425 4.372064
v 0.138544 8.449568 4.552331
v 1.191915 8.449568 4.407448
v 0.129830 8.698881 5.077342
v 0.126358 8.689295 5.041009
v 1.328282 8.681004 4.903211
v 1.327969 8.700056 4.913188
v 0.129830 8.721167 5.077342
v 1.324895 8.721167 4.877081
v 0.125624 9.052512 5.717058
v 0.126122 9.073038 5.706523
v 1.494319 9.061141 5.557310
v 1.490923 9.099488 5.521065
v 0.129696 9.110631 5.744119
v 1.493252 9.110631 5.556456
v 0.206375 7.439820 1.302550
v 0.243494 7.452321 1.310235
v 0.279800 7.438748 1.311749
v 0.241330 6.796628 1.307804
v 0.208573 6.809639 1.321301
v 0.274027 6.809639 1.293840
v 1.734442 9.453806 6.328084
v 1.721637 9.512083 6.317005
v 1.739991 9.395529 6.312087
v 0.957645 7.581296 3.429033
v 0.943492 8.000987 3.420769
v 0.965770 7.161605 3.414801
v 0.962756 8.000987 3.403552
v 0.940478 7.161605 3.409522
v 1.088574 7.860216 3.917668
v 1.075769 7.974430 3.906589
v 1.094123 7.746002 3.901671
v 1.217458 8.154267 4.398670
v 1.204653 8.248642 4.387589
v 1.223007 8.059892 4.382672
v 1.351996 8.475906 4.900776
v 1.339192 8.553934 4.889697
v 1.357545 8.397880 4.884778
v 1.525751 8.906190 5.549222
v 1.512946 8.970501 5.538158
v 1.531299 8.841880 5.533230
v 0.529762 7.171164 1.832324
v 0.519231 7.537024 1.826669
v 0.536595 6.805302 1.821123
v 0.534752 7.537024 1.812688
v 0.517387 6.805302 1.818233
v 0.689720 7.246327 2.429124
v 0.678301 7.668571 2.422584
v 0.696340 6.824084 2.417751
v 0.693940 7.668571 2.408794
v 0.675902 6.824084 2.413629
v 0.834543 7.813927 2.925053
v 0.809288 7.813927 2.919913
v 0.812265 6.824084 2.931022
v 0.831566 6.824084 2.913944
v 0.828589 7.813927 2.902835
v 0.806312 6.824084 2.908804
v 0.560615 7.196410 1.965303
v 0.598665 7.414322 2.106801
v 0.595149 7.310559 2.040133
v 0.586029 7.055092 2.024618
v 0.598331 7.118582 2.124457
v 0.637648 7.181323 2.217257
v 0.530080 6.960535 1.833138
v 0.678926 6.813708 2.424723
v 0.696966 6.813708 2.419890
v 0.539099 6.942618 1.830721
v 0.568260 5.696921 1.993174
v 0.615936 7.601012 2.189639
v 0.684933 7.279906 2.411059
v 0.682946 7.633566 2.421613
v 0.693953 7.311133 2.408643
v 0.633976 7.601012 2.184806
v 0.706752 7.434602 2.528563
v 0.759005 7.517245 2.615286
v 0.763810 7.609860 2.741795
v 0.963549 7.927617 3.428571
v 0.952634 7.160937 3.410135
v 0.831900 7.796645 2.914449
v 0.941359 7.197268 3.413156
v 0.809350 7.796645 2.920491
v 0.850155 7.287914 3.009944
v 1.071836 7.533221 3.891050
v 1.084720 7.543797 3.903076
v 0.947371 8.004023 3.426574
v 0.965411 8.004023 3.421740
v 1.096676 8.215869 3.911629
v 1.212967 7.891760 4.381715
v 1.007625 7.506906 3.595994
v 1.078636 8.215869 3.916463
v 1.199929 7.880784 4.369135
v 1.358386 8.250566 4.888348
v 1.214865 8.448467 4.388797
v 1.340346 8.250566 4.893181
v 1.223885 8.429718 4.386380
v 1.283981 8.026950 4.666312
v 1.380249 8.487276 5.041975
v 1.392626 8.560338 5.016051
v 1.378587 8.615816 4.981024
v 1.498682 8.792555 5.429960
v 1.469492 8.871199 5.321051
v 1.471092 8.837388 5.381774
v 1.514993 9.107695 5.544975
v 1.627187 9.004741 5.927609
v 1.533033 9.107695 5.540141
v 1.631370 8.991563 5.907140
v 1.516912 8.755113 5.534134
v 1.688436 9.307147 6.191712
v 1.671470 9.334638 6.057034
v 1.682037 9.308917 6.120877
v 0.427169 7.168197 1.494158
v 0.527922 7.519444 1.825084
v 0.382854 6.822650 1.283682
v 0.401532 6.822650 1.308293
v 0.530713 7.513938 1.790404
v 0.690246 7.246327 2.428844
v 0.678839 7.668571 2.422316
v 0.696833 6.824084 2.417406
v 0.694423 7.668571 2.408422
v 0.676429 6.824084 2.413333
v 1.110196 8.200725 3.880517
v 1.982903 8.189848 3.552259
v 1.982587 8.221773 3.552220
v 1.970408 8.211265 3.518914
v 1.122816 8.221775 3.914150
v 1.112678 8.182532 3.889713
v 0.389934 7.128794 1.273195
v 0.632602 7.443613 1.172765
v 0.632602 6.813975 1.172765
v 1.992711 8.176864 3.515921
v 2.150724 8.054738 3.660405
v 0.648775 7.443613 1.163429
v 0.648775 6.813975 1.163429
v 0.975245 7.225169 1.747569
v 1.506172 6.788454 2.631037
v 1.506231 6.824084 2.631096
v 3.245274 9.276042 5.682410
v 1.473707 6.788454 2.649804
v 1.473767 6.824084 2.649863
v 0.659941 6.788221 1.163922
v 0.643709 6.824084 1.173306
v 0.627477 6.788221 1.182689
v 0.645218 7.239326 1.350779
v 0.667855 7.418414 1.171727
v 1.250153 7.823778 2.720643
v 1.156663 7.797780 2.779618
v 1.063160 7.823778 2.838562
v 0.731600 7.677279 2.424640
v 1.206148 7.654058 2.228177
v 1.206148 7.688888 2.228177
v 0.717277 7.654058 2.390080
v 1.191827 7.677279 2.193620
v 0.717277 7.688888 2.390080
v 0.731256 7.545566 1.753662
v 0.724096 7.536908 1.736384
v 0.731256 7.528250 1.753662
v 0.738073 7.167913 1.752226
v 0.764218 7.158874 1.767988
v 0.555311 6.844487 1.811823
v 0.883472 7.505366 1.682698
v 0.557005 7.497355 1.817788
v 0.881716 6.837179 1.676659
v 0.739336 7.174737 1.753250
v 0.732724 7.174989 1.735637
v 0.723971 6.805301 1.736169
v 0.731132 6.813975 1.753447
v 0.731132 6.796628 1.753447
v 0.707427 6.853608 2.405486
v 1.184610 7.641062 2.221274
v 1.208333 7.621797 2.189236
v 0.734663 6.835160 2.385356
v 0.745582 6.837161 2.421048
v 1.219252 7.623799 2.224929
v 0.738238 7.641053 2.397316
v 1.208156 6.855077 2.189171
v 1.181096 6.836428 2.209365
v 0.703714 7.623631 2.393596
v 1.219075 6.853075 2.224863
v 0.714634 7.621631 2.429288
v 0.886610 6.813975 2.356754
v 1.033383 6.813975 2.255581
v 0.960221 6.787952 2.306696
v 1.472824 6.842964 2.653087
v 1.188412 7.787839 2.753827
v 1.197420 7.787839 2.775519
v 1.446219 6.836795 2.647312
v 1.173702 7.781664 2.776815
v 1.455154 6.836795 2.668879
v 0.864575 6.836844 2.905663
v 1.139686 7.781646 2.782568
v 0.837873 6.843000 2.899775
v 1.115980 7.787805 2.783860
v 0.846884 6.843000 2.921463
v 1.124919 7.787839 2.805425
v 0.842683 6.799518 2.889528
v 1.455253 6.811084 2.635788
v 1.161187 6.822649 2.792160
v 1.161187 6.787952 2.792160
v 0.976768 7.199670 3.421809
v 1.317263 7.967189 3.268136
v 0.967762 7.199670 3.400116
v 1.341328 7.958283 3.270756
v 0.991920 7.190723 3.402856
v 1.332395 7.958283 3.249190
v 1.713963 7.190756 3.103835
v 1.373499 7.958249 3.257495
v 1.364566 7.958249 3.235927
v 1.388631 7.967189 3.238549
v 1.738119 7.199670 3.106574
v 1.729114 7.199670 3.084883
v 1.781204 7.864360 3.608209
v 1.584992 8.166327 3.714708
v 1.983147 7.556007 3.537205
v 1.562531 8.154351 3.711327
v 1.969616 7.543997 3.555392
v 1.127638 7.543985 3.895656
v 1.527283 8.154339 3.721747
v 1.294425 7.868732 3.809685
v 1.303456 7.868763 3.831565
v 1.984830 8.138503 4.057912
v 2.078388 8.067821 4.038026
v 1.908858 8.213565 4.108378
v 1.471678 8.146490 4.281966
v 1.407647 8.056968 4.318982
v 1.545581 8.235435 4.267244
v 2.224029 8.466545 4.519590
v 2.144938 8.534343 4.567116
v 2.308998 8.391500 4.499953
v 1.563357 8.384490 4.808474
v 1.727917 8.525867 4.739707
v 1.638775 8.457461 4.761850
v 1.761044 8.823015 5.440049
v 1.952821 8.937048 5.357677
v 1.849534 8.883291 5.384994
v 2.520574 8.876306 5.146736
v 2.417595 8.930770 5.173827
v 2.609861 8.817814 5.091551
v 1.765673 9.320910 6.325390
v 2.494148 9.565584 6.070489
v 2.480377 9.577828 6.045551
v 1.760894 9.308681 6.297382
v 2.128629 9.429230 6.177471
v 2.541356 9.575760 6.048192
v 2.529132 9.555409 6.041139
v 3.220939 9.298491 5.720906
v 3.223030 9.318876 5.706918
v 2.874082 9.446407 5.862093
v 1.351136 7.177852 3.250122
v 1.715624 7.169195 3.093002
v 0.982283 7.160537 3.396715
v 0.989443 7.169195 3.413994
v 1.722786 7.160537 3.110281
v 1.114450 7.526116 3.886446
v 1.968597 7.536993 3.532742
v 1.968597 7.515240 3.532742
v 1.123385 7.536993 3.908015
v 1.977530 7.526116 3.554309
v 1.123385 7.515240 3.908015
v 1.243540 7.875647 4.368164
v 2.218425 7.886488 3.964501
v 2.218425 7.864803 3.964501
v 1.252473 7.886488 4.389732
v 2.227359 7.875647 3.986069
v 1.252473 7.864803 4.389732
v 1.377537 8.251634 4.870284
v 2.481955 8.240791 4.413085
v 1.377537 8.229948 4.870284
v 2.490888 8.229947 4.434653
v 1.386471 8.240791 4.891853
v 2.490888 8.251634 4.434653
v 1.551747 8.712159 5.515351
v 2.811381 8.725171 4.993769
v 2.811381 8.699146 4.993769
v 1.562452 8.699148 5.541205
v 2.822087 8.712158 5.019626
v 1.562452 8.725171 5.541205
v 1.757827 9.278307 6.299378
v 3.233215 9.291319 5.688585
v 3.233215 9.265296 5.688585
v 1.768604 9.291319 6.325358
v 3.243921 9.278307 5.714441
v 1.768604 9.265296 6.325358
v 1.744980 9.619565 6.299159
v 3.253447 9.603524 5.703147
v 1.766357 9.611490 6.364922
v 3.252937 9.641849 5.702765
v 3.252251 9.617793 5.693523
v 1.744980 9.641850 6.299159
v 0.969655 7.978199 3.405764
v 0.968101 7.995977 3.399148
v 1.735834 7.985402 3.110047
v 1.727965 7.998451 3.087041
v 0.976012 8.008960 3.422246
v 1.735806 8.008960 3.110066
v 1.244562 8.404776 4.371151
v 1.242176 8.424280 4.361687
v 2.235305 8.412353 3.983199
v 2.222838 8.438425 3.949669
v 1.254833 8.449568 4.395673
v 2.234813 8.449568 3.983094
v 1.382299 8.698881 4.905050
v 1.369542 8.689295 4.870854
v 2.494846 8.681004 4.426669
v 2.497125 8.700056 4.436388
v 1.382299 8.721167 4.905050
v 2.484812 8.721167 4.402307
v 1.543807 9.052512 5.524056
v 1.541561 9.073038 5.513752
v 2.824518 9.061141 5.015508
v 2.811857 9.099488 4.981376
v 1.554744 9.110631 5.549142
v 2.823267 9.110631 5.014958
v 0.479245 7.447428 1.239063
v 0.514699 7.434938 1.231110
v 0.552548 7.448522 1.228944
v 0.514349 6.796628 1.235043
v 0.486209 6.809638 1.256578
v 0.542325 6.809639 1.213112
v 3.255950 9.453806 5.697870
v 3.240714 9.512083 5.690482
v 3.257170 9.395529 5.680981
v 1.755293 7.581296 3.098651
v 1.739484 8.000987 3.094332
v 1.759457 7.161605 3.082801
v 1.753635 8.000987 3.072716
v 1.733662 7.161605 3.084248
v 2.008234 7.860216 3.536751
v 1.992993 7.974430 3.529362
v 2.009452 7.746002 3.519862
v 2.257214 8.154267 3.968004
v 2.241977 8.248642 3.960615
v 2.258433 8.059892 3.951114
v 2.517133 8.475906 4.418183
v 2.501886 8.553934 4.410792
v 2.518349 8.397880 4.401294
v 2.852784 8.906190 4.999568
v 2.837554 8.970501 4.992187
v 2.854006 8.841880 4.982681
v 0.928727 7.171164 1.667094
v 0.917095 7.537024 1.664356
v 0.932432 6.805302 1.654505
v 0.928468 7.537024 1.646835
v 0.913131 6.805302 1.656685
v 1.245789 7.668571 2.197488
v 1.224980 7.668571 2.198796
v 1.229616 6.824084 2.206826
v 1.241153 6.824084 2.189459
v 1.236517 7.668571 2.181429
v 1.220344 6.824084 2.190766
v 1.505945 7.813927 2.643705
v 1.480222 7.813927 2.645276
v 1.485972 6.824084 2.655237
v 1.500195 6.824084 2.633745
v 1.494445 7.813927 2.623785
v 1.474471 6.824084 2.635316
v 0.992911 7.196409 1.787578
v 1.066265 7.414322 1.914419
v 1.045673 7.310558 1.850898
v 1.032897 7.055092 1.838245
v 1.070603 7.118582 1.931508
v 1.132613 7.181322 2.010963
v 0.929249 6.960535 1.667797
v 1.226137 6.813708 2.200701
v 1.242311 6.813708 2.191362
v 0.937335 6.942618 1.663128
v 1.007330 5.696929 1.812629
v 1.104449 7.601012 1.989929
v 1.228402 7.279906 2.185948
v 1.229164 7.633566 2.196686
v 1.236490 7.311133 2.181279
v 1.120623 7.601012 1.980591
v 1.279995 7.434602 2.293739
v 1.352893 7.517244 2.363995
v 1.390320 7.609860 2.484925
v 1.761062 7.927617 3.096569
v 1.745561 7.160937 3.081694
v 1.500648 7.796645 2.634147
v 1.735453 7.197268 3.087531
v 1.480431 7.796645 2.645819
v 1.542716 7.287928 2.721845
v 1.985172 7.533221 3.515370
v 2.000729 7.543797 3.523652
v 1.744733 8.004023 3.098935
v 1.760907 8.004023 3.089597
v 2.014491 8.215869 3.528819
v 2.248487 7.891760 3.952789
v 1.846821 7.506904 3.246964
v 1.998317 8.215869 3.538158
v 2.232638 7.880784 3.944013
v 2.520078 8.250566 4.404521
v 2.252153 8.448467 3.959139
v 2.503903 8.250566 4.413860
v 2.260241 8.429718 3.954470
v 2.390828 8.026930 4.209252
v 2.580937 8.487347 4.547343
v 2.586174 8.560410 4.519105
v 2.563542 8.615881 4.488902
v 2.795549 8.792587 4.891515
v 2.739395 8.871453 4.793866
v 2.756722 8.837395 4.851928
v 2.841296 9.107695 4.998241
v 3.048700 9.004741 5.338800
v 2.857470 9.107695 4.988904
v 3.047442 8.991563 5.317947
v 2.840286 8.755119 4.987309
v 3.176053 9.307322 5.578192
v 3.125093 9.334685 5.452297
v 3.151760 9.309313 5.511356
v 0.742238 7.168197 1.366928
v 0.925079 7.519444 1.660576
v 0.644829 6.822650 1.175168
v 0.669242 6.822650 1.194106
v 0.918800 7.513938 1.626355
v 1.238137 7.246327 2.201751
v 1.225429 7.668571 2.198398
v 1.241539 6.824084 2.188998
v 1.236887 7.668571 2.180944
v 1.220777 6.824084 2.190344
v 2.019499 8.200725 3.495269
v 2.777509 8.189848 2.952322
v 2.777194 8.221773 2.952366
v 2.756810 8.211265 2.923347
v 2.040394 8.221775 3.524488
v 2.024276 8.182532 3.503508
v 0.648959 7.128794 1.163211
v 0.857361 7.443613 1.003392
v 0.857361 6.813975 1.003392
v 2.777578 8.176864 2.914684
v 2.947722 8.051989 3.036640
v 0.870566 7.443613 0.990187
v 0.870566 6.813975 0.990187
v 1.337102 7.225169 1.469930
v 2.078592 6.788454 2.185877
v 2.078665 6.824084 2.185919
v 4.548190 9.276042 4.683164
v 2.052092 6.788454 2.212407
v 2.052165 6.824084 2.212449
v 0.881480 6.788221 0.987774
v 0.868229 6.824084 1.001039
v 0.854978 6.788221 1.014304
v 1.030885 7.241142 1.048952
v 0.900422 7.418685 0.983783
v 1.854523 7.823778 2.338736
v 1.779517 7.797780 2.419944
v 1.704421 7.823778 2.501035
v 1.276994 7.677279 2.186987
v 1.684524 7.654058 1.874396
v 1.684524 7.688888 1.874396
v 1.254215 7.654058 2.157312
v 1.661747 7.677279 1.844723
v 1.254215 7.688888 2.157312
v 1.102932 7.545566 1.538872
v 1.091544 7.536908 1.524036
v 1.102932 7.528250 1.538872
v 1.109187 7.167971 1.535967
v 1.138633 7.158868 1.544357
v 0.948104 6.844487 1.640678
v 1.231663 7.505366 1.431019
v 0.951284 7.497355 1.646001
v 1.228403 6.837179 1.425640
v 1.110794 7.174783 1.536444
v 1.099787 7.174993 1.521204
v 1.091523 6.813975 1.524062
v 1.091523 6.796628 1.524062
v 1.102911 6.805301 1.538898
v 1.248687 6.853608 2.174742
v 1.661933 7.641062 1.873303
v 1.676556 7.621797 1.836217
v 1.269786 6.835160 2.148248
v 1.289571 6.837161 2.179898
v 1.696341 7.623799 1.867867
v 1.276335 7.641053 2.158876
v 1.676368 6.855077 1.836199
v 1.655457 6.836428 1.862709
v 1.242025 7.623631 2.164218
v 1.696153 6.853075 1.867849
v 1.261809 7.621631 2.195868
v 1.462849 6.822650 2.008098
v 1.547406 6.796627 1.975121
v 1.386365 6.796628 2.051589
v 2.052088 6.842964 2.215807
v 1.803441 7.787839 2.386725
v 1.817756 7.787839 2.405347
v 2.024895 6.836795 2.217114
v 1.795182 7.781664 2.412738
v 2.039108 6.836795 2.235634
v 1.529937 6.836844 2.617203
v 1.763814 7.781646 2.427099
v 1.502620 6.843000 2.618426
v 1.741250 7.787805 2.434482
v 1.516937 6.843000 2.637043
v 1.755466 7.787839 2.452999
v 1.764255 6.822649 2.401070
v 1.764255 6.787952 2.401070
v 1.527291 6.811084 2.636856
v 2.053417 6.799518 2.233319
v 1.771895 7.199670 3.086725
v 2.061014 7.967189 2.850160
v 1.757581 7.199670 3.068101
v 2.084937 7.958283 2.846463
v 1.781625 7.190723 3.064495
v 2.070727 7.958283 2.827943
v 2.401673 7.190756 2.588785
v 2.112580 7.958249 2.825327
v 2.098369 7.958249 2.806806
v 2.122293 7.967189 2.803111
v 2.425715 7.199670 2.585178
v 2.411402 7.199670 2.566556
v 2.597211 7.864384 3.058571
v 2.435202 8.166327 3.212222
v 2.773849 7.556007 2.937718
v 2.412631 8.154351 3.214770
v 2.765486 7.543997 2.958787
v 2.040264 7.543986 3.505378
v 2.381281 8.154339 3.233959
v 2.179200 7.868715 3.379233
v 2.193489 7.868827 3.398103
v 2.910333 8.138678 3.440065
v 2.995522 8.067952 3.396672
v 2.850017 8.213737 3.508487
v 2.472652 8.146585 3.789752
v 2.420485 8.056890 3.841919
v 2.540061 8.235478 3.756103
v 3.260811 8.466721 3.824113
v 3.196787 8.534562 3.890529
v 3.337798 8.391723 3.783090
v 2.697026 8.384729 4.274128
v 2.838282 8.526192 4.165348
v 2.757975 8.457648 4.209730
v 3.052005 8.823052 4.833497
v 3.215727 8.937121 4.704063
v 3.123057 8.883538 4.757349
v 3.709531 8.876162 4.353408
v 3.616972 8.930633 4.406092
v 3.781481 8.817783 4.276891
v 3.285421 9.320910 5.687185
v 3.923100 9.565584 5.252427
v 3.903344 9.577828 5.231902
v 3.273555 9.308681 5.661368
v 3.597445 9.429413 5.450074
v 3.962929 9.575760 5.218671
v 3.949296 9.555408 5.215022
v 4.534647 9.298491 4.726646
v 4.533047 9.318876 4.712595
v 4.236265 9.446687 4.952773
v 2.089293 7.177852 2.824285
v 2.400473 7.169195 2.577890
v 1.770727 7.160537 3.061058
v 1.782115 7.169195 3.075894
v 2.411863 7.160537 2.592728
v 2.025143 7.526116 3.499894
v 2.758639 7.536992 2.937173
v 2.758639 7.515239 2.937173
v 2.039355 7.536993 3.518415
v 2.772850 7.526115 2.955693
v 2.039355 7.515240 3.518415
v 2.274511 7.875646 3.931787
v 3.111702 7.886488 3.289560
v 3.111702 7.864803 3.289560
v 2.288722 7.886488 3.950308
v 3.125914 7.875647 3.308081
v 2.288722 7.864803 3.950308
v 2.533901 8.251634 4.382117
v 3.482355 8.240791 3.654653
v 2.533901 8.229948 4.382117
v 3.496566 8.229947 3.673173
v 2.548113 8.240791 4.400638
v 3.496566 8.251634 3.673173
v 2.869130 8.712159 4.960114
v 3.950847 8.725171 4.130288
v 3.950847 8.699146 4.130288
v 2.886162 8.699148 4.982317
v 3.967881 8.712158 4.152493
v 2.886162 8.725171 4.982317
v 3.271109 9.278307 5.664090
v 4.538140 9.291319 4.692250
v 4.538140 9.265296 4.692250
v 3.288243 9.291319 5.686395
v 4.555174 9.278307 4.714454
v 3.288243 9.265296 5.686395
v 3.258643 9.619565 5.667203
v 4.561451 9.603524 4.701080
v 3.296312 9.611490 5.725192
v 4.560860 9.641849 4.700842
v 4.557805 9.617793 4.692093
v 3.258643 9.641850 5.667203
v 1.760872 7.978199 3.073067
v 1.757658 7.995977 3.067078
v 2.424407 7.985402 2.589124
v 2.410850 7.998451 2.568938
v 1.771277 8.008960 3.087342
v 2.424385 8.008960 2.589150
v 2.276271 8.404776 3.934408
v 2.271518 8.424280 3.925884
v 3.132846 8.412353 3.303251
v 3.112127 8.438425 3.274092
v 2.292539 8.449568 3.955436
v 3.132344 8.449568 3.303277
v 2.547498 8.698881 4.414465
v 2.526325 8.689295 4.384736
v 3.498323 8.681004 3.664438
v 3.503040 8.700056 3.673235
v 2.547498 8.721167 4.414465
v 3.482324 8.721167 3.643502
v 2.863714 9.052512 4.970578
v 2.858877 9.073038 4.961206
v 3.969164 9.061141 4.147886
v 3.948101 9.099488 4.118194
v 2.880771 9.110631 4.991978
v 3.967813 9.110631 4.147680
v 0.726380 7.447428 1.107111
v 0.758570 7.434938 1.090257
v 0.794568 7.448522 1.078366
v 0.759298 6.796628 1.094207
v 0.737670 6.809639 1.122265
v 0.780624 6.809639 1.065756
v 4.562503 9.453806 4.695334
v 4.545874 9.512083 4.692141
v 4.559310 9.395529 4.678705
v 2.440253 7.581296 2.573080
v 2.423864 8.000987 2.573000
v 2.440173 7.161605 2.556692
v 2.431938 8.000987 2.548458
v 2.415630 7.161605 2.564767
v 2.797974 7.860216 2.930776
v 2.781329 7.974430 2.927594
v 2.794774 7.746002 2.914152
v 3.150075 8.154267 3.282905
v 3.133446 8.248642 3.279711
v 3.146882 8.059892 3.266275
v 3.517655 8.475906 3.650468
v 3.501013 8.553934 3.647279
v 3.514457 8.397880 3.633841
v 3.992348 8.906190 4.125179
v 3.975719 8.970501 4.121986
v 3.989155 8.841880 4.108550
v 1.271342 7.171164 1.404233
v 1.259393 7.537024 1.404599
v 1.271658 6.805302 1.391114
v 1.265844 7.537024 1.384731
v 1.253579 6.805302 1.398216
v 1.714871 7.668571 1.834494
v 1.695110 7.668571 1.841142
v 1.701666 6.824084 1.847699
v 1.708315 6.824084 1.827937
v 1.701759 7.668571 1.821381
v 1.688554 6.824084 1.834586
v 2.081653 7.813927 2.198172
v 2.057212 7.813927 2.206348
v 2.065345 6.824084 2.214480
v 2.073521 6.824084 2.190040
v 2.065388 7.813927 2.181908
v 2.049080 6.824084 2.198216
v 1.364520 7.196409 1.503996
v 1.468091 7.414321 1.607644
v 1.431811 7.310558 1.551566
v 1.490244 7.117954 1.609724
v 1.409787 7.055092 1.549059
v 1.550818 7.181323 1.690073
v 1.272023 6.960535 1.404778
v 1.696720 6.813708 1.842682
v 1.709926 6.813708 1.829476
v 1.278626 6.942618 1.398175
v 1.385030 5.696927 1.524364
v 1.524628 7.601012 1.670589
v 1.695090 7.279906 1.827846
v 1.698608 7.633566 1.838018
v 1.701693 7.311133 1.821243
v 1.537834 7.601012 1.657382
v 1.772774 7.434602 1.918660
v 1.861338 7.517244 1.967689
v 1.928712 7.609860 2.074888
v 2.445364 7.927617 2.569498
v 2.426463 7.160937 2.559220
v 2.074062 7.796645 2.190311
v 2.418210 7.197268 2.567474
v 2.057555 7.796645 2.206818
v 2.137601 7.287934 2.263929
v 2.770154 7.533220 2.916103
v 2.787324 7.543797 2.920076
v 2.430126 8.004023 2.576088
v 2.443332 8.004023 2.562882
v 2.801955 8.215869 2.921506
v 3.137709 7.891760 3.270466
v 2.567092 7.506927 2.692628
v 2.788749 8.215869 2.934712
v 3.120128 7.880784 3.266091
v 3.516962 8.250566 3.636514
v 3.142894 8.448467 3.275651
v 3.503755 8.250566 3.649720
v 3.149496 8.429718 3.269048
v 3.341752 8.026931 3.481176
v 3.612722 8.487238 3.758564
v 3.610410 8.560282 3.729971
v 3.580712 8.615826 3.706768
v 3.909168 8.792413 4.035416
v 3.829357 8.871145 3.955832
v 3.861262 8.837365 4.007485
v 3.980901 9.107695 4.126866
v 4.269381 9.004741 4.402140
v 3.994108 9.107695 4.113660
v 4.262769 8.991563 4.382322
v 3.977114 8.755131 4.116551
v 4.454351 9.307048 4.600329
v 4.372479 9.334573 4.492029
v 4.413470 9.309056 4.542181
v 1.013459 7.168197 1.162617
v 1.266127 7.519444 1.398882
v 0.869793 6.822650 1.002548
v 0.898275 6.822650 1.014522
v 1.251205 7.513938 1.367452
v 1.708584 7.246327 1.840592
v 1.695441 7.668571 1.840642
v 1.708569 6.824084 1.827392
v 1.701990 7.668571 1.820817
v 1.688862 6.824084 1.834067
v 2.798108 8.200725 2.887802
v 3.389765 8.189848 2.167169
v 3.389472 8.221773 2.167292
v 3.362272 8.211265 2.144538
v 2.825854 8.221775 2.910618
v 2.804854 8.182532 2.894524
v 0.870683 7.128794 0.989927
v 1.030623 7.443613 0.781617
v 1.030623 6.813975 0.781617
v 3.380090 8.176864 2.130795
v 3.541016 8.060724 2.249976
v 1.039961 7.443613 0.765444
v 1.039961 6.813975 0.765444
v 1.614770 7.225169 1.108089
v 2.516293 6.788454 1.607732
v 2.516374 6.824084 1.607754
v 5.548086 9.276042 3.380747
v 2.497561 6.788454 1.640216
v 2.497642 6.824084 1.640239
v 1.049878 6.788221 0.760289
v 1.040512 6.824084 0.776531
v 1.031146 6.788221 0.792774
v 1.183161 7.245225 0.809222
v 1.051404 7.418398 0.779149
v 2.206692 7.806446 1.986177
v 2.287795 7.832444 1.911082
v 2.369037 7.806446 1.836093
v 1.742295 7.677279 1.816273
v 2.055035 7.654058 1.408857
v 2.055035 7.688888 1.408857
v 1.712612 7.654058 1.793505
v 2.025353 7.677279 1.386090
v 1.712612 7.688888 1.793505
v 1.406422 7.536908 1.235294
v 1.391581 7.545566 1.223911
v 1.391581 7.528250 1.223911
v 1.411769 7.167870 1.230657
v 1.442266 7.158877 1.231331
v 1.283216 6.844487 1.373702
v 1.502849 7.505366 1.097796
v 1.287665 7.497355 1.378021
v 1.498309 6.837179 1.093444
v 1.413437 7.174749 1.231037
v 1.398815 7.174945 1.219164
v 1.427569 6.809639 1.177018
v 1.398905 6.796628 1.229570
v 1.370370 6.809639 1.282221
v 1.711784 6.853608 1.811772
v 2.032930 7.641062 1.413648
v 2.037456 7.621797 1.374040
v 1.725306 6.835160 1.780720
v 1.752608 6.837161 1.806171
v 2.064759 7.623799 1.399492
v 1.734382 7.641053 1.789291
v 2.037271 6.855077 1.374073
v 2.023933 6.836429 1.405091
v 1.702624 7.623631 1.803331
v 2.064573 6.853075 1.399524
v 1.729926 7.621631 1.828781
v 1.894814 6.805301 1.610183
v 1.865194 6.822650 1.587453
v 1.865194 6.787952 1.587453
v 2.498437 6.842964 1.643503
v 2.302500 7.787839 1.872951
v 2.321146 7.787839 1.887234
v 2.472510 6.836795 1.651803
v 2.301255 7.781664 1.900215
v 2.491031 6.836795 1.666013
v 2.097966 6.836844 2.166363
v 2.274672 7.781646 1.922205
v 2.071898 6.843000 2.174615
v 2.254788 7.787805 1.935177
v 2.090545 6.843000 2.188892
v 2.273312 7.787839 1.949383
v 2.268360 6.822649 1.896948
v 2.268360 6.787952 1.896948
v 2.100498 6.811084 2.186031
v 2.504254 6.799518 1.660073
v 2.453202 7.199670 2.557263
v 2.671242 7.967189 2.253930
v 2.434556 7.199670 2.542979
v 2.693393 7.958283 2.244167
v 2.456846 7.190723 2.533272
v 2.674874 7.958283 2.229956
v 2.932644 7.190756 1.913292
v 2.714624 7.958249 2.216597
v 2.696103 7.958249 2.202385
v 2.718256 7.967189 2.192624
v 2.954933 7.199670 1.903586
v 2.936289 7.199670 1.889303
v 3.243123 7.864369 2.316499
v 3.126388 8.166327 2.506808
v 3.382449 7.556007 2.154009
v 3.105246 8.154351 2.515111
v 3.379824 7.543997 2.176525
v 2.820782 7.543985 2.892191
v 3.079931 8.154339 2.541760
v 2.922005 7.868824 2.734341
v 2.940791 7.868811 2.748708
v 3.644191 8.138452 2.604127
v 3.715333 8.067877 2.540033
v 3.603501 8.213582 2.685629
v 3.266973 8.057783 3.113754
v 3.366168 8.231261 2.997751
v 3.326463 8.145700 3.064883
v 4.082055 8.466356 2.884361
v 4.037892 8.534698 2.965004
v 4.145543 8.391824 2.824186
v 3.654088 8.384559 3.464575
v 3.762445 8.525907 3.322890
v 3.696307 8.457396 3.386533
v 4.141785 8.822953 3.913135
v 4.266447 8.937084 3.745789
v 4.190775 8.883428 3.821239
v 4.652893 8.876286 3.279397
v 4.577228 8.930641 3.354389
v 4.702560 8.817797 3.186910
v 4.588204 9.320910 4.677385
v 5.091632 9.565584 4.092398
v 5.067236 9.577828 4.077687
v 4.570061 9.308681 4.655519
v 4.828754 9.429376 4.368031
v 5.121366 9.575760 4.049484
v 5.107253 9.555409 4.049487
v 5.546258 9.298491 3.426254
v 5.541076 9.318876 3.413095
v 5.316521 9.446822 3.721809
v 2.691686 7.177852 2.221483
v 2.928666 7.169195 1.903079
v 2.445430 7.160537 2.532773
v 2.460271 7.169195 2.544157
v 2.943508 7.160537 1.914462
v 2.804756 7.526115 2.890809
v 3.367616 7.536992 2.157419
v 3.367616 7.515239 2.157419
v 2.823278 7.536992 2.905021
v 3.386137 7.526115 2.171630
v 2.823278 7.515239 2.905021
v 3.157409 7.875646 3.243445
v 3.799854 7.886488 2.406419
v 3.799854 7.864803 2.406419
v 3.175930 7.886488 3.257656
v 3.818374 7.875647 2.420631
v 3.175930 7.864803 3.257656
v 3.524515 8.251634 3.611295
v 4.252370 8.240791 2.663140
v 3.524515 8.229948 3.611295
v 4.270890 8.229947 2.677351
v 3.543036 8.240791 3.625507
v 4.270890 8.251634 2.677351
v 3.997919 8.712159 4.082833
v 4.828003 8.725171 3.001314
v 4.828003 8.699146 3.001314
v 4.020117 8.699148 4.099872
v 4.850203 8.712158 3.018354
v 4.020117 8.725171 4.099872
v 4.568403 9.278307 4.658782
v 5.540730 9.291319 3.392125
v 5.540730 9.265296 3.392125
v 4.590726 9.291319 4.675893
v 5.562930 9.278307 3.409164
v 4.590726 9.265296 4.675893
v 4.557168 9.619565 4.665015
v 5.565533 9.603524 3.394620
v 4.608562 9.611490 4.711279
v 5.564899 9.641849 3.394544
v 5.559684 9.617793 3.386884
v 4.557168 9.641850 4.665015
v 2.439018 7.978199 2.546924
v 2.434365 7.995977 2.541970
v 2.954691 7.985402 1.907735
v 2.936372 7.998451 1.891746
v 2.452765 8.008960 2.558019
v 2.954676 8.008960 1.907766
v 3.159788 8.404776 3.245520
v 3.152991 8.424280 3.238518
v 3.823822 8.412353 2.414171
v 3.796261 8.438425 2.391368
v 3.180944 8.449568 3.261621
v 3.823343 8.449568 2.414327
v 3.546021 8.698881 3.639021
v 3.517875 8.689295 3.615786
v 4.270326 8.681004 2.668458
v 4.277160 8.700056 2.675735
v 3.546021 8.721167 3.639021
v 4.249454 8.721167 2.652377
v 3.995395 9.052512 4.094343
v 3.988298 9.073038 4.086542
v 4.850250 9.061141 3.013570
v 4.822220 9.099488 2.990343
v 4.017410 9.110631 4.110600
v 4.848891 9.110631 3.013721
v 0.930959 7.439820 0.915709
v 0.962636 7.452321 0.894892
v 0.989381 7.438748 0.870293
v 0.959185 6.796628 0.894548
v 0.945665 6.809639 0.927332
v 0.972531 6.809638 0.861632
v 5.565062 9.453806 3.388799
v 5.548172 9.512083 3.390018
v 5.557673 9.395529 3.373562
v 2.965845 7.581296 1.888137
v 2.949994 8.000987 1.892302
v 2.961526 7.161605 1.872329
v 2.951441 8.000987 1.866506
v 2.939910 7.161605 1.886479
v 3.403943 7.860216 2.141074
v 3.387055 7.974430 2.142294
v 3.396555 7.746002 2.125838
v 3.835198 8.154267 2.390059
v 3.818308 8.248642 2.391278
v 3.827808 8.059892 2.374822
v 4.285374 8.475906 2.649968
v 4.268485 8.553934 2.651187
v 4.277985 8.397880 2.634732
v 4.866765 8.906190 2.985626
v 4.849879 8.970501 2.986857
v 4.859378 8.841880 2.970395
v 1.534243 7.171164 1.061655
v 1.522797 7.537024 1.065100
v 1.531154 6.805302 1.048900
v 1.523886 7.537024 1.044240
v 1.515528 6.805302 1.060439
v 2.074020 7.668571 1.362459
v 2.056653 7.668571 1.373996
v 2.064683 6.824084 1.378633
v 2.065990 6.824084 1.357823
v 2.057960 7.668571 1.353187
v 2.048623 6.824084 1.369360
v 2.522431 7.813927 1.618816
v 2.500939 7.813927 1.633039
v 2.510899 6.824084 1.638790
v 2.512470 6.824084 1.613066
v 2.502511 7.813927 1.607315
v 2.490978 6.824084 1.627289
v 1.650145 7.196409 1.133769
v 1.776963 7.414321 1.207163
v 1.727388 7.310559 1.162416
v 1.798893 7.117954 1.203450
v 1.705484 7.055092 1.165664
v 1.878203 7.181323 1.265378
v 1.535043 6.960535 1.062004
v 2.058607 6.813708 1.375067
v 2.067945 6.813708 1.358893
v 1.539712 6.942618 1.053917
v 1.675084 5.696937 1.148390
v 1.847837 7.601012 1.253379
v 2.053193 7.279906 1.361158
v 2.059258 7.633566 1.370015
v 2.057862 7.311133 1.353071
v 1.857175 7.601012 1.237204
v 2.151749 7.434602 1.428746
v 2.249978 7.517244 1.453194
v 2.342890 7.609860 1.539149
v 2.969870 7.927617 1.883328
v 2.948938 7.160937 1.878318
v 2.513064 7.796645 1.613187
v 2.943102 7.197268 1.888427
v 2.501391 7.796645 1.633404
v 2.593610 7.287999 1.667778
v 3.373286 7.533220 2.134087
v 3.390900 7.543797 2.133481
v 2.956842 8.004023 1.893664
v 2.966180 8.004023 1.877489
v 3.405402 8.215869 2.131075
v 3.820032 7.891760 2.381245
v 3.119248 7.506940 1.970896
v 3.396064 8.215869 2.147249
v 3.801918 7.880784 2.381569
v 4.281104 8.250566 2.636662
v 3.826383 8.448468 2.384911
v 4.271765 8.250566 2.652835
v 3.831052 8.429718 2.376824
v 4.071635 8.026908 2.531994
v 4.405123 8.487284 2.729971
v 4.395552 8.560379 2.702934
v 4.360870 8.615850 2.688060
v 4.763266 8.792496 2.920410
v 4.665536 8.871218 2.864255
v 4.709754 8.837494 2.905891
v 4.856146 9.107695 2.990230
v 5.206043 9.004741 3.181460
v 4.865485 9.107695 2.974056
v 5.194526 8.991563 3.164028
v 4.849794 8.755132 2.981288
v 5.435994 9.307000 3.325020
v 5.328931 9.334637 3.241564
v 5.381450 9.309105 3.279489
v 1.222606 7.168198 0.895027
v 1.527822 7.519444 1.057834
v 1.042414 6.822650 0.777584
v 1.073025 6.822650 0.781778
v 1.505273 7.513938 1.031338
v 2.069525 7.246327 1.369977
v 2.056843 7.668571 1.373427
v 2.066094 6.824084 1.357231
v 2.058038 7.668571 1.352583
v 2.048787 6.824084 1.368779
v 3.392962 8.200725 2.099515
v 3.777947 8.189848 1.250305
v 3.777695 8.221773 1.250500
v 3.745532 8.211265 1.235561
v 3.425669 8.221775 2.114373
v 3.401220 8.182532 2.104263
v 1.040010 7.128794 0.765164
v 1.140583 7.443613 0.522555
v 1.140583 6.813975 0.522556
v 3.759187 8.176864 1.217674
v 3.957877 8.054042 1.267465
v 1.145416 7.443613 0.504517
v 1.145416 6.813975 0.504517
v 1.789324 7.225169 0.686691
v 2.789443 6.788454 0.936002
v 2.789528 6.824084 0.936002
v 6.176822 9.276042 1.863918
v 2.779758 6.788454 0.972228
v 2.779842 6.824084 0.972228
v 1.153661 6.788221 0.496970
v 1.148819 6.824084 0.515083
v 1.143976 6.788221 0.533197
v 1.262942 7.244602 0.633383
v 1.168802 7.418809 0.481114
v 2.671721 7.823778 1.180374
v 2.647274 7.797780 1.288167
v 2.622878 7.823778 1.395980
v 2.095794 7.677279 1.337762
v 2.292430 7.654058 0.863285
v 2.292430 7.688888 0.863285
v 2.061229 7.654058 1.323453
v 2.257868 7.677279 0.848977
v 2.061229 7.688888 1.323453
v 1.621009 7.545566 0.863515
v 1.603727 7.536908 0.856361
v 1.621009 7.528250 0.863515
v 1.625006 7.167963 0.857868
v 1.654685 7.158882 0.850452
v 1.537812 6.844487 1.029090
v 1.678551 7.505366 0.705740
v 1.543227 7.497355 1.032110
v 1.673039 6.837179 0.702711
v 1.626645 7.174801 0.857459
v 1.609480 7.175000 0.849783
v 1.626581 6.809639 0.801845
v 1.612704 6.796628 0.860112
v 1.598560 6.809639 0.918268
v 2.065157 6.853608 1.341311
v 2.272319 7.641062 0.873634
v 2.266439 7.621797 0.834205
v 2.070182 6.835160 1.307818
v 2.103141 6.837161 1.325336
v 2.299399 7.623799 0.851722
v 2.081167 7.641053 1.313747
v 2.266268 6.855077 0.834285
v 2.261414 6.836429 0.867698
v 2.054124 7.623631 1.335529
v 2.299227 6.853075 0.851802
v 2.087084 7.621631 1.353046
v 2.189975 6.822650 1.099303
v 2.155481 6.805301 1.085014
v 2.189975 6.787952 1.099303
v 2.781455 6.842964 0.975175
v 2.651580 7.787839 1.247518
v 2.673287 7.787839 1.256487
v 2.758559 6.836795 0.989902
v 2.657433 7.781664 1.274175
v 2.780127 6.836795 0.998835
v 2.529956 6.836844 1.583869
v 2.637448 7.781646 1.302296
v 2.506911 6.843000 1.598587
v 2.621599 7.787805 1.319972
v 2.528619 6.843000 1.607551
v 2.643169 7.787839 1.328899
v 2.624841 6.822649 1.279544
v 2.624841 6.787952 1.279544
v 2.537492 6.811084 1.602211
v 2.791362 6.799518 0.989676
v 2.974259 7.199670 1.869507
v 3.106362 7.967189 1.520077
v 2.952551 7.199670 1.860536
v 3.125231 7.958283 1.504914
v 2.971571 7.190723 1.845391
v 3.103665 7.958283 1.495981
v 3.270694 7.190756 1.123391
v 3.138603 7.958249 1.472789
v 3.117035 7.958249 1.463855
v 3.135906 7.967189 1.448692
v 3.289711 7.199670 1.108246
v 3.268005 7.199670 1.099275
v 3.674998 7.864411 1.432453
v 3.611449 8.166327 1.646539
v 3.767473 7.556007 1.239487
v 3.593176 8.154351 1.660031
v 3.770765 7.543997 1.261915
v 3.416001 7.543985 2.097887
v 3.575620 8.154339 1.692324
v 3.472818 7.868774 1.919092
v 3.494738 7.868669 1.927981
v 4.136871 8.138465 1.606541
v 4.189128 8.067847 1.526318
v 4.118832 8.213619 1.695840
v 3.932431 8.146474 2.127755
v 3.912981 8.057032 2.199155
v 3.974184 8.235590 2.065244
v 4.632260 8.466483 1.763778
v 4.610348 8.534595 1.853231
v 4.678271 8.391758 1.689481
v 4.368936 8.384516 2.435007
v 4.437236 8.525907 2.270266
v 4.389775 8.457197 2.348682
v 4.956113 8.822959 2.742095
v 5.033279 8.937179 2.548258
v 4.979787 8.883429 2.640706
v 5.285575 8.876196 1.997624
v 5.231792 8.930650 2.089552
v 5.309602 8.817767 1.895398
v 5.585242 9.320910 3.364810
v 5.920110 9.565584 2.669458
v 5.892738 9.577828 2.661562
v 5.562058 9.308681 3.348385
v 5.737484 9.429292 3.003682
v 5.937723 9.575760 2.620311
v 5.924092 9.555409 2.623966
v 6.186835 9.298491 1.908346
v 6.178422 9.318876 1.896977
v 6.041329 9.446372 2.253433
v 3.117587 7.177852 1.483393
v 3.264207 7.169195 1.114555
v 2.960414 7.160537 1.847863
v 2.977695 7.169195 1.855018
v 3.281490 7.160537 1.121709
v 3.400163 7.526115 2.100699
v 3.754029 7.536992 1.246620
v 3.754029 7.515239 1.246620
v 3.421732 7.536992 2.109633
v 3.775597 7.526115 1.255553
v 3.421732 7.515239 2.109633
v 3.832069 7.875647 2.350045
v 4.235985 7.886488 1.375265
v 4.235985 7.864803 1.375265
v 3.853637 7.886488 2.358979
v 4.257552 7.875647 1.384198
v 3.853637 7.864803 2.358979
v 4.281873 8.251634 2.610348
v 4.739525 8.240791 1.506118
v 4.281873 8.229948 2.610348
v 4.761093 8.229947 1.515051
v 4.303441 8.240791 2.619282
v 4.761093 8.251634 1.515051
v 4.861188 8.712159 2.943293
v 5.383070 8.725171 1.683784
v 5.383070 8.699146 1.683784
v 4.887040 8.699148 2.954005
v 5.408923 8.712158 1.694497
v 4.887040 8.725171 2.954005
v 5.561300 9.278307 3.351965
v 6.172661 9.291319 1.876811
v 6.172661 9.265296 1.876811
v 5.587291 9.291319 3.362715
v 6.198515 9.278307 1.887524
v 5.587291 9.265296 3.362715
v 5.552061 9.619565 3.360893
v 6.197264 9.603524 1.872802
v 5.613678 9.611490 3.392279
v 6.196633 9.641849 1.872892
v 6.189615 9.617793 1.866844
v 5.552061 9.641850 3.360893
v 2.957884 7.978199 1.863192
v 2.952107 7.995977 1.859612
v 3.290551 7.985402 1.112317
v 3.268718 7.998451 1.101614
v 2.974033 8.008960 1.870351
v 3.290544 8.008960 1.112350
v 3.834904 8.404776 2.351434
v 3.826525 8.424280 2.346430
v 4.261142 8.412353 1.376549
v 4.228619 8.438425 1.361656
v 3.859506 8.449568 2.361511
v 4.260720 8.449568 1.376823
v 4.309823 8.698881 2.631563
v 4.276621 8.689295 2.616404
v 4.758246 8.681004 1.506608
v 4.766730 8.700057 1.511868
v 4.309823 8.721167 2.631563
v 4.733923 8.721167 1.496477
v 4.861729 9.052512 2.955063
v 4.852855 9.073038 2.949365
v 5.407731 9.061141 1.689865
v 5.374644 9.099488 1.674684
v 4.887202 9.110631 2.965068
v 5.406458 9.110631 1.690362
v 1.079027 7.447428 0.677876
v 1.098473 7.434938 0.647183
v 1.123704 7.448522 0.618887
v 1.100950 6.796628 0.650188
v 1.096310 6.809638 0.685325
v 1.105255 6.809639 0.614910
v 6.195303 9.453806 1.867301
v 6.179306 9.512083 1.872850
v 6.184224 9.395529 1.854496
v 3.296252 7.581296 1.090500
v 3.282019 8.000987 1.098625
v 3.287989 7.161605 1.076347
v 3.276741 8.000987 1.073333
v 3.270771 7.161605 1.095611
v 3.784887 7.860216 1.221430
v 3.768890 7.974430 1.226979
v 3.773808 7.746002 1.208625
v 4.265890 8.154267 1.350314
v 4.249891 8.248642 1.355863
v 4.254808 8.059892 1.337509
v 4.768002 8.475906 1.484860
v 4.751997 8.553934 1.490403
v 4.756920 8.397880 1.472053
v 5.416445 8.906190 1.658612
v 5.400457 8.970501 1.664159
v 5.405370 8.841880 1.645800
v 1.699521 7.171164 0.662707
v 1.689357 7.537024 0.668995
v 1.693236 6.805302 0.651184
v 1.685010 7.537024 0.648563
v 1.681130 6.805302 0.666374
v 2.298760 7.668571 0.813555
v 2.284970 7.668571 0.829194
v 2.293926 6.824084 0.831594
v 2.289804 6.824084 0.811156
v 2.280848 7.668571 0.808756
v 2.276014 6.824084 0.826794
v 2.798241 7.813927 0.945119
v 2.781163 7.813927 0.964420
v 2.792272 6.824084 0.967397
v 2.787133 6.824084 0.942143
v 2.776023 7.813927 0.939166
v 2.770054 6.824084 0.961444
v 1.830112 7.196410 0.702460
v 1.971606 7.414322 0.740530
v 1.912163 7.310559 0.710047
v 1.894233 7.055092 0.709943
v 1.986834 7.118582 0.749257
v 2.086873 7.181323 0.761561
v 1.700384 6.960535 0.662835
v 2.287135 6.813708 0.829722
v 2.291969 6.813708 0.811682
v 1.702801 6.942618 0.653815
v 1.857963 5.696917 0.710171
v 2.052051 7.601012 0.766731
v 2.278305 7.279906 0.817689
v 2.286447 7.633565 0.824706
v 2.280722 7.311133 0.808669
v 2.056885 7.601012 0.748691
v 2.390976 7.434602 0.857541
v 2.492199 7.517244 0.855683
v 2.604172 7.609860 0.914732
v 3.298833 7.927617 1.085046
v 3.277380 7.160937 1.085391
v 2.787737 7.796645 0.942107
v 3.274359 7.197268 1.096666
v 2.781695 7.796645 0.964656
v 2.879610 7.287962 0.974063
v 3.753467 7.533220 1.222616
v 3.770323 7.543797 1.217471
v 3.288986 8.004023 1.098168
v 3.293820 8.004023 1.080128
v 3.783708 8.215869 1.211394
v 4.248960 7.891760 1.345725
v 3.465883 7.506936 1.130586
v 3.778875 8.215869 1.229434
v 4.231547 7.880784 1.350727
v 4.760427 8.250566 1.473106
v 4.256043 8.448467 1.347623
v 4.755592 8.250566 1.491145
v 4.258460 8.429718 1.338603
v 4.530992 8.026937 1.426300
v 4.904597 8.487492 1.531053
v 4.888109 8.560262 1.507150
v 4.850679 8.615769 1.502179
v 5.299562 8.792527 1.622593
v 5.190658 8.871208 1.593455
v 5.244064 8.837384 1.622338
v 5.407385 9.107695 1.665793
v 5.794854 9.004741 1.759948
v 5.412220 9.107695 1.647753
v 5.779218 8.991563 1.746091
v 5.398925 8.755117 1.658836
v 6.054139 9.307145 1.839177
v 5.929081 9.334661 1.786333
v 5.989655 9.309131 1.809264
v 1.355377 7.168198 0.582414
v 1.692330 7.519444 0.660677
v 1.150928 6.822650 0.515608
v 1.181581 6.822650 0.511737
v 1.663692 7.513938 0.640919
v 2.296367 7.246327 0.821971
v 2.285007 7.668571 0.828595
v 2.289751 6.824084 0.810556
v 2.280766 7.668571 0.808152
v 2.276022 6.824084 0.826190
v -1.763323 8.200725 3.525716
v -0.914113 8.189848 3.910699
v -0.914309 8.221773 3.910448
v -0.899370 8.211265 3.878285
v -1.778181 8.221775 3.558422
v -1.768071 8.182532 3.533973
v -0.428972 7.128794 1.172763
v -0.186364 7.443613 1.273336
v -0.186364 6.813975 1.273336
v -0.881483 8.176864 3.891939
v -0.926571 8.053287 4.092538
v -0.168325 7.443613 1.278170
v -0.168325 6.813975 1.278170
v -0.350519 7.225169 1.922081
v -0.599810 6.788454 2.922197
v -0.599810 6.824084 2.922281
v -1.527727 9.276042 6.309574
v -0.636036 6.788454 2.912511
v -0.636036 6.824084 2.912596
v -0.160779 6.788221 1.286414
v -0.178892 6.824084 1.281572
v -0.197005 6.788221 1.276729
v -0.297180 7.243752 1.395701
v -0.172263 7.418356 1.294477
v -1.246809 7.809335 2.637738
v -0.642916 7.820889 2.887954
v -0.959147 7.832444 2.797351
v -0.959147 7.797780 2.797351
v -1.001570 7.677279 2.228547
v -0.527094 7.665668 2.425183
v -0.987261 7.654058 2.193982
v -0.512785 7.654058 2.390621
v -0.512785 7.688889 2.390621
v -0.987261 7.688888 2.193982
v -0.523710 7.545566 1.745034
v -0.472694 7.532579 1.776395
v -0.574786 7.532579 1.713818
v -0.521690 7.167968 1.757766
v -0.514217 7.158853 1.787487
v -0.692898 6.844487 1.670565
v -0.369548 7.505366 1.811305
v -0.695918 7.497355 1.675981
v -0.366520 6.837179 1.805793
v -0.521369 7.174752 1.759385
v -0.513731 7.174929 1.742197
v -0.574823 6.800964 1.713792
v -0.523729 6.813975 1.744993
v -0.472709 6.800964 1.776375
v -1.005120 6.853609 2.197910
v -0.537442 7.641062 2.405072
v -0.498013 7.621797 2.399192
v -0.971626 6.835160 2.202935
v -0.989144 6.837161 2.235894
v -0.515531 7.623799 2.432152
v -0.977556 7.641053 2.213920
v -0.498093 6.855077 2.399021
v -0.531506 6.836428 2.394167
v -0.999337 7.623631 2.186878
v -0.515610 6.853075 2.431980
v -1.016854 7.621631 2.219837
v -0.753752 6.822650 2.300134
v -0.682901 6.796628 2.356842
v -0.829646 6.796628 2.255610
v -0.638983 6.842964 2.914208
v -0.911326 7.787839 2.784333
v -0.920295 7.787839 2.806040
v -0.653711 6.836795 2.891313
v -0.937983 7.781664 2.790186
v -0.662643 6.836795 2.912881
v -1.247677 6.836844 2.662709
v -0.966104 7.781646 2.770201
v -1.262395 6.843000 2.639664
v -0.983780 7.787805 2.754352
v -1.271359 6.843000 2.661372
v -0.992707 7.787839 2.775922
v -1.045850 6.796627 2.716277
v -0.948042 6.822649 2.768912
v -0.855955 6.796627 2.835371
v -1.533316 7.199670 3.107012
v -1.183886 7.967189 3.239115
v -1.524344 7.199670 3.085305
v -1.168722 7.958283 3.257984
v -1.509199 7.190723 3.104323
v -1.159789 7.958283 3.236418
v -0.787199 7.190756 3.403446
v -1.136597 7.958249 3.271356
v -1.127663 7.958249 3.249788
v -1.112500 7.967189 3.268659
v -0.772054 7.199670 3.422464
v -0.763083 7.199670 3.400758
v -1.096268 7.864354 3.807546
v -1.310347 8.166327 3.744202
v -0.903296 7.556007 3.900226
v -1.323839 8.154351 3.725929
v -0.925723 7.543997 3.903519
v -1.761695 7.543985 3.548754
v -1.356132 8.154339 3.708373
v -1.582933 7.868687 3.605995
v -1.592215 7.868863 3.627753
v -1.270071 8.138692 4.269571
v -1.189960 8.067875 4.321553
v -1.359618 8.213678 4.251670
v -1.860297 8.057829 4.037136
v -1.722480 8.231288 4.102754
v -1.797584 8.145664 4.081906
v -1.427612 8.466466 4.765042
v -1.517118 8.534418 4.742954
v -1.353452 8.391616 4.811147
v -2.098953 8.384531 4.501991
v -1.934187 8.525967 4.570147
v -2.012638 8.457298 4.522692
v -2.405846 8.822973 5.088708
v -2.211969 8.937120 5.165869
v -2.304428 8.883410 5.112356
v -1.661413 8.876284 5.418389
v -1.753400 8.930690 5.364692
v -1.559223 8.817800 5.442432
v -3.028618 9.320910 5.717994
v -2.333267 9.565584 6.052862
v -2.325370 9.577828 6.025490
v -3.012193 9.308681 5.694811
v -2.667225 9.429537 5.869481
v -2.284119 9.575760 6.070476
v -2.287775 9.555409 6.056845
v -1.572154 9.298491 6.319587
v -1.560785 9.318876 6.311174
v -1.917105 9.446822 6.174191
v -1.511672 7.177852 3.093167
v -0.778363 7.169195 3.396961
v -1.149816 7.160537 3.256653
v -1.518826 7.169195 3.110448
v -0.785518 7.177852 3.414243
v -1.764507 7.526116 3.532916
v -0.910428 7.536993 3.886782
v -0.910428 7.515240 3.886782
v -1.773441 7.536993 3.554485
v -0.919362 7.526116 3.908349
v -1.773441 7.515240 3.554485
v -2.013854 7.875647 3.964821
v -1.039073 7.886488 4.368738
v -1.039073 7.864803 4.368738
v -2.022787 7.886488 3.986390
v -1.048007 7.875647 4.390305
v -2.022787 7.864803 3.986390
v -2.274156 8.251634 4.414625
v -1.169926 8.240791 4.872279
v -2.274156 8.229948 4.414625
v -1.178860 8.229947 4.893846
v -2.283090 8.240791 4.436193
v -1.178860 8.251634 4.893846
v -2.607102 8.712159 4.993942
v -1.347592 8.725171 5.515823
v -1.347592 8.699146 5.515823
v -2.617814 8.699148 5.019793
v -1.358305 8.712158 5.541676
v -2.617814 8.725171 5.019793
v -3.015773 9.278307 5.694052
v -1.540619 9.291319 6.305413
v -1.540619 9.265296 6.305413
v -3.026523 9.291319 5.720044
v -1.551332 9.278307 6.331267
v -3.026523 9.265296 5.720044
v -3.024701 9.619565 5.684813
v -1.536610 9.603524 6.330017
v -3.056087 9.611490 5.746431
v -1.536701 9.641849 6.329385
v -1.530651 9.617793 6.322366
v -3.024701 9.641850 5.684813
v -1.527001 7.978199 3.090637
v -1.523420 7.995977 3.084859
v -0.776126 7.985402 3.423305
v -0.765422 7.998451 3.401471
v -1.534160 8.008960 3.106786
v -0.776159 8.008960 3.423297
v -2.015243 8.404776 3.967657
v -2.010238 8.424280 3.959278
v -1.040357 8.412353 4.393895
v -1.025465 8.438425 4.361371
v -2.025320 8.449568 3.992259
v -1.040632 8.449568 4.393473
v -2.295372 8.698881 4.442575
v -2.280212 8.689295 4.409374
v -1.170416 8.681004 4.890999
v -1.175676 8.700057 4.899483
v -2.295372 8.721167 4.442575
v -1.160285 8.721167 4.866676
v -2.618872 9.052512 4.994483
v -2.613174 9.073038 4.985609
v -1.353673 9.061141 5.540483
v -1.338492 9.099488 5.507397
v -2.628877 9.110631 5.019955
v -1.354171 9.110631 5.539210
v -0.341652 7.447428 1.211702
v -0.310958 7.434938 1.231144
v -0.282670 7.448522 1.256394
v -0.314021 6.796628 1.233763
v -0.349144 6.809638 1.229089
v -0.278730 6.809639 1.238034
v -1.531109 9.453806 6.328055
v -1.536658 9.512083 6.312058
v -1.518304 9.395529 6.316976
v -0.754308 7.581296 3.429005
v -0.762433 8.000987 3.414773
v -0.740156 7.161605 3.420742
v -0.737142 8.000987 3.409494
v -0.759419 7.161605 3.403525
v -0.885238 7.860216 3.917640
v -0.890787 7.974430 3.901643
v -0.872434 7.746002 3.906561
v -1.014122 8.154267 4.398642
v -1.019671 8.248642 4.382643
v -1.001318 8.059892 4.387561
v -1.148654 8.475906 4.900751
v -1.154211 8.553934 4.884751
v -1.135853 8.397880 4.889670
v -1.322425 8.906190 5.549206
v -1.327970 8.970501 5.533209
v -1.309612 8.841880 5.538129
v -0.326515 7.171164 1.832274
v -0.332804 7.537024 1.822110
v -0.314993 6.805302 1.825989
v -0.312372 7.537024 1.817763
v -0.330183 6.805302 1.813883
v -0.477364 7.668571 2.431513
v -0.493002 7.668571 2.417723
v -0.495402 6.824084 2.426680
v -0.474964 6.824084 2.422557
v -0.472564 7.668571 2.413600
v -0.490602 6.824084 2.408767
v -0.608928 7.813927 2.930994
v -0.628229 7.813927 2.913916
v -0.631206 6.824084 2.925025
v -0.605951 6.824084 2.919885
v -0.602975 7.813927 2.908777
v -0.625252 6.824084 2.902807
v -0.366304 7.196410 1.962857
v -0.404167 7.414322 2.104404
v -0.373834 7.310559 2.044921
v -0.373744 7.055092 2.026988
v -0.413060 7.118582 2.119588
v -0.425363 7.181323 2.219628
v -0.326643 6.960535 1.833137
v -0.493531 6.813708 2.419888
v -0.475491 6.813708 2.424722
v -0.317623 6.942618 1.835554
v -0.373680 5.696917 1.990797
v -0.430540 7.601012 2.184804
v -0.481497 7.279906 2.411058
v -0.488580 7.633565 2.419182
v -0.472477 7.311133 2.413476
v -0.412500 7.601012 2.189638
v -0.521213 7.434602 2.523766
v -0.519423 7.517245 2.624970
v -0.578471 7.609860 2.736945
v -0.748835 7.927617 3.431592
v -0.749199 7.160937 3.410134
v -0.605915 7.796645 2.920490
v -0.760474 7.197268 3.407113
v -0.628464 7.796645 2.914448
v -0.637864 7.287912 3.012315
v -0.886424 7.533221 3.886220
v -0.881279 7.543797 3.903076
v -0.761977 8.004023 3.421739
v -0.743936 8.004023 3.426573
v -0.875202 8.215869 3.916461
v -1.009534 7.891760 4.381713
v -0.794761 7.506929 3.598537
v -0.893242 8.215869 3.911628
v -1.014536 7.880784 4.364300
v -1.136914 8.250566 4.893179
v -1.011432 8.448467 4.388796
v -1.154953 8.250566 4.888346
v -1.002411 8.429718 4.391212
v -1.090360 8.026919 4.663672
v -1.194750 8.487291 5.037183
v -1.171154 8.560390 5.020934
v -1.165847 8.615920 4.983617
v -1.285988 8.792396 5.432358
v -1.257020 8.871073 5.323405
v -1.285878 8.837357 5.376874
v -1.329602 9.107695 5.540139
v -1.423756 9.004741 5.927607
v -1.311562 9.107695 5.544972
v -1.409899 8.991563 5.911972
v -1.322664 8.755130 5.531675
v -1.502916 9.307180 6.186918
v -1.450362 9.334827 6.061812
v -1.473225 9.308966 6.122328
v -0.246099 7.168197 1.488163
v -0.324485 7.519444 1.825083
v -0.179416 6.822650 1.283681
v -0.175545 6.822650 1.314334
v -0.304727 7.513938 1.796445
v -0.485789 7.246327 2.429117
v -0.492403 7.668571 2.417760
v -0.474365 6.824084 2.422504
v -0.471960 7.668571 2.413519
v -0.489998 6.824084 2.408775
v -2.551610 8.200725 2.930861
v -1.830977 8.189848 3.522519
v -1.831101 8.221773 3.522225
v -1.808346 8.211265 3.495025
v -2.574427 8.221775 2.958607
v -2.558333 8.182532 2.937608
v -0.653735 7.128794 1.003437
v -0.445425 7.443613 1.163376
v -0.445425 6.813975 1.163377
v -1.794603 8.176864 3.512843
v -1.904356 8.056452 3.683485
v -0.429252 7.443613 1.172714
v -0.429252 6.813975 1.172714
v -0.771901 7.225169 1.747517
v -1.271540 6.788454 2.649046
v -1.271562 6.824084 2.649127
v -3.044556 9.276042 5.680839
v -1.304025 6.788454 2.630314
v -1.304047 6.824084 2.630396
v -0.424097 6.788221 1.182631
v -0.440339 6.824084 1.173266
v -0.456582 6.788221 1.163900
v -0.513317 7.246297 1.291019
v -0.416171 7.418670 1.199431
v -1.563531 7.832444 2.405740
v -1.563531 7.797780 2.405740
v -1.845636 7.820889 2.236506
v -1.327082 7.809335 2.634496
v -1.480081 7.677279 1.875048
v -1.072665 7.654058 2.187788
v -1.072665 7.688888 2.187788
v -1.457314 7.654058 1.845365
v -1.049899 7.677279 2.158107
v -1.457314 7.688888 1.845365
v -0.899157 7.536908 1.539246
v -0.887774 7.545566 1.524406
v -0.887774 7.528250 1.524406
v -0.894569 7.167898 1.544563
v -0.895205 7.158882 1.575090
v -1.037510 6.844487 1.415969
v -0.761604 7.505366 1.635603
v -1.041829 7.497355 1.420419
v -0.757252 6.837179 1.631062
v -0.894848 7.174751 1.546197
v -0.883038 7.174924 1.531585
v -0.840817 6.809638 1.560311
v -0.893364 6.796628 1.531639
v -0.946021 6.809639 1.503112
v -1.475580 6.853608 1.844536
v -1.077456 7.641062 2.165684
v -1.037849 7.621797 2.170209
v -1.444529 6.835160 1.858059
v -1.469979 6.837161 1.885362
v -1.063300 7.623799 2.197512
v -1.453099 7.641053 1.867135
v -1.037881 6.855077 2.170024
v -1.068899 6.836428 2.156687
v -1.467139 7.623631 1.835377
v -1.063332 6.853075 2.197326
v -1.492590 7.621631 1.862679
v -1.343681 6.813975 1.975214
v -1.182678 6.813975 2.051736
v -1.263435 6.787952 2.013816
v -1.307311 6.842964 2.631190
v -1.536759 7.787839 2.435253
v -1.551042 7.787839 2.453899
v -1.315611 6.836795 2.605263
v -1.564023 7.781664 2.434008
v -1.329821 6.836795 2.623784
v -1.830171 6.836844 2.230720
v -1.586014 7.781646 2.407425
v -1.838423 6.843000 2.204651
v -1.598986 7.787805 2.387541
v -1.852700 6.843000 2.223299
v -1.613191 7.787839 2.406066
v -1.649148 6.796627 2.334781
v -1.568353 6.822649 2.411011
v -1.496548 6.796627 2.498965
v -2.221071 7.199670 2.585955
v -1.917738 7.967189 2.803995
v -2.206787 7.199670 2.567309
v -1.907975 7.958283 2.826146
v -2.197081 7.190723 2.589600
v -1.893765 7.958283 2.807627
v -1.577100 7.190756 3.065398
v -1.880405 7.958249 2.847377
v -1.866194 7.958249 2.828856
v -1.856432 7.967189 2.851008
v -1.567394 7.199670 3.087687
v -1.553111 7.199670 3.069042
v -1.980300 7.864332 3.375775
v -2.170617 8.166327 3.259142
v -1.817817 7.556007 3.515202
v -2.178919 8.154351 3.237999
v -1.840333 7.543997 3.512578
v -2.556000 7.543985 2.953535
v -2.205568 8.154339 3.212684
v -2.398124 7.868810 3.054761
v -2.412479 7.868785 3.073558
v -2.267911 8.138442 3.776896
v -2.203980 8.067766 3.848079
v -2.349594 8.213576 3.736448
v -2.777653 8.057810 3.399800
v -2.661607 8.231236 3.499027
v -2.728773 8.145700 3.459325
v -2.548043 8.466607 4.214943
v -2.628822 8.534366 4.170264
v -2.488584 8.391598 4.278795
v -3.128503 8.384634 3.786908
v -2.986821 8.526002 3.895246
v -3.050452 8.457491 3.829091
v -3.576858 8.823003 4.274389
v -3.409519 8.937145 4.399052
v -3.484994 8.883488 4.323413
v -2.943356 8.876064 4.785674
v -3.018213 8.930420 4.709831
v -2.850740 8.817752 4.835308
v -4.341194 9.320910 4.720957
v -3.756206 9.565584 5.224385
v -3.741495 9.577828 5.199989
v -4.319328 9.308681 4.702815
v -4.031524 9.429373 4.961143
v -3.713292 9.575760 5.254119
v -3.713295 9.555409 5.240006
v -3.090062 9.298491 5.679011
v -3.076903 9.318876 5.673829
v -3.385626 9.446577 5.449129
v -1.885538 7.177852 2.824762
v -1.566887 7.169195 3.061419
v -2.196582 7.160537 2.578184
v -2.207965 7.169195 2.593024
v -1.578271 7.160537 3.076261
v -2.554617 7.526115 2.937510
v -1.821227 7.536993 3.500370
v -1.821227 7.515240 3.500370
v -2.568829 7.536992 2.956031
v -1.835438 7.526116 3.518891
v -2.568829 7.515239 2.956032
v -2.907253 7.875647 3.290163
v -2.070227 7.886488 3.932608
v -2.070227 7.864803 3.932608
v -2.921464 7.886488 3.308683
v -2.084439 7.875647 3.951128
v -2.921464 7.864803 3.308683
v -3.275103 8.251634 3.657269
v -2.326948 8.240791 4.385124
v -3.275103 8.229948 3.657269
v -2.341159 8.229947 4.403644
v -3.289315 8.240791 3.675790
v -2.341159 8.251634 4.403644
v -3.746641 8.712159 4.130672
v -2.665122 8.725171 4.960756
v -2.665122 8.699146 4.960756
v -3.763680 8.699148 4.152871
v -2.682161 8.712158 4.982956
v -3.763680 8.725171 4.152871
v -4.322590 9.278307 4.701157
v -3.055933 9.291319 5.673483
v -3.055933 9.265296 5.673483
v -4.339701 9.291319 4.723479
v -3.072972 9.278307 5.695683
v -4.339701 9.265296 4.723479
v -4.328823 9.619565 4.689920
v -3.058429 9.603524 5.698286
v -4.375087 9.611490 4.741315
v -3.058352 9.641849 5.697652
v -3.050692 9.617793 5.692437
v -4.328823 9.641850 4.689920
v -2.210732 7.978199 2.571772
v -2.205779 7.995977 2.567118
v -1.571544 7.985402 3.087445
v -1.555555 7.998451 3.069125
v -2.221828 8.008960 2.585518
v -1.571574 8.008960 3.087430
v -2.909329 8.404776 3.292542
v -2.902326 8.424280 3.285744
v -2.077980 8.412353 3.956575
v -2.055176 8.438425 3.929014
v -2.925429 8.449568 3.313698
v -2.078135 8.449568 3.956096
v -3.302830 8.698881 3.678775
v -3.279594 8.689295 3.650629
v -2.332266 8.681004 4.403079
v -2.339543 8.700056 4.409913
v -3.302830 8.721167 3.678775
v -2.316185 8.721167 4.382208
v -3.758151 9.052512 4.128149
v -3.750350 9.073038 4.121051
v -2.677379 9.061141 4.983003
v -2.654151 9.099488 4.954973
v -3.774407 9.110631 4.150163
v -2.677530 9.110631 4.981645
v -0.579437 7.447428 1.063608
v -0.554822 7.434938 1.090334
v -0.534038 7.448522 1.122052
v -0.558548 6.796628 1.092187
v -0.591238 6.809639 1.078547
v -0.525538 6.809639 1.105412
v -3.052607 9.453806 5.697815
v -3.053826 9.512083 5.680926
v -3.037370 9.395529 5.690427
v -1.551946 7.581296 3.098598
v -1.556110 8.000987 3.082747
v -1.536137 7.161605 3.094280
v -1.530314 8.000987 3.084194
v -1.550287 7.161605 3.072663
v -1.804882 7.860216 3.536697
v -1.806102 7.974430 3.519808
v -1.789646 7.746002 3.529309
v -2.053867 8.154267 3.967951
v -2.055086 8.248642 3.951061
v -2.038631 8.059892 3.960562
v -2.313771 8.475906 4.418132
v -2.314996 8.553934 4.401238
v -2.298538 8.397880 4.410742
v -2.649434 8.906190 4.999519
v -2.650665 8.970501 4.982633
v -2.634203 8.841880 4.992131
v -0.725463 7.171164 1.666996
v -0.728908 7.537024 1.655550
v -0.712709 6.805302 1.663907
v -0.708048 7.537024 1.656639
v -0.724247 6.805302 1.648282
v -1.034357 7.246327 2.202112
v -1.037804 7.668571 2.189406
v -1.021632 6.824084 2.198743
v -1.016996 7.668571 2.190713
v -1.033169 6.824084 2.181376
v -1.282624 7.813927 2.655184
v -1.296847 7.813927 2.633692
v -1.302598 6.824084 2.643652
v -1.276874 6.824084 2.645224
v -1.271124 7.813927 2.635264
v -1.291097 6.824084 2.623732
v -0.797655 7.196410 1.782852
v -0.871169 7.414322 1.909602
v -0.826250 7.310559 1.860126
v -0.821712 7.055092 1.842717
v -0.883593 7.118582 1.922022
v -0.921428 7.181323 2.015435
v -0.725812 6.960535 1.667796
v -1.038875 6.813708 2.191360
v -1.022701 6.813708 2.200698
v -0.717725 6.942618 1.672465
v -0.812364 5.696928 1.807736
v -0.917186 7.601012 1.980590
v -1.024966 7.279906 2.185946
v -1.033922 7.633566 2.191952
v -1.016879 7.311133 2.190615
v -0.901012 7.601012 1.989928
v -1.092646 7.434602 2.284449
v -1.117037 7.517244 2.382712
v -1.203164 7.609860 2.475523
v -1.547266 7.927617 3.102548
v -1.542126 7.160937 3.081692
v -1.276995 7.796645 2.645817
v -1.552235 7.197268 3.075855
v -1.297213 7.796645 2.634144
v -1.331983 7.287948 2.726079
v -1.797896 7.533221 3.506039
v -1.797289 7.543797 3.523653
v -1.557472 8.004023 3.089594
v -1.541298 8.004023 3.098933
v -1.794883 8.215869 3.538155
v -2.045053 7.891760 3.952786
v -1.634742 7.506936 3.251976
v -1.811057 8.215869 3.528817
v -2.045378 7.880784 3.934671
v -2.300470 8.250566 4.413857
v -2.048720 8.448467 3.959136
v -2.316644 8.250566 4.404518
v -2.040632 8.429718 3.963805
v -2.195797 8.026955 4.204406
v -2.393785 8.487310 4.537902
v -2.366820 8.560494 4.528385
v -2.351821 8.615932 4.493741
v -2.584121 8.792503 4.896080
v -2.528025 8.871194 4.798298
v -2.569697 8.837540 4.842535
v -2.654037 9.107695 4.988900
v -2.845268 9.004741 5.338796
v -2.637864 9.107695 4.998239
v -2.827836 8.991563 5.327280
v -2.644950 8.755124 4.982631
v -2.988795 9.307161 5.568808
v -2.905431 9.334812 5.461696
v -2.943306 9.309142 5.514207
v -0.558737 7.168197 1.355417
v -0.721643 7.519444 1.660575
v -0.441392 6.822650 1.175167
v -0.445586 6.822650 1.205778
v -0.695146 7.513938 1.638027
v -1.033785 7.246327 2.202278
v -1.037235 7.668571 2.189596
v -1.021039 6.824084 2.198848
v -1.016391 7.668571 2.190791
v -1.032587 6.824084 2.181540
v -3.159077 8.200725 2.152252
v -2.616131 8.189848 2.910263
v -2.616174 8.221773 2.909947
v -2.587156 8.211265 2.889563
v -3.188297 8.221775 2.173148
v -3.167316 8.182532 2.157029
v -0.827016 7.128794 0.781709
v -0.667200 7.443613 0.990114
v -0.667200 6.813975 0.990114
v -2.578492 8.176864 2.910331
v -2.658155 8.060540 3.112226
v -0.653995 7.443613 1.003319
v -0.653995 6.813975 1.003319
v -1.133731 7.225169 1.469863
v -1.849685 6.788454 2.211346
v -1.849727 6.824084 2.211419
v -4.346972 9.276042 4.680943
v -1.876215 6.788454 2.184845
v -1.876257 6.824084 2.184918
v -0.651582 6.788221 1.014233
v -0.664847 6.824084 1.000982
v -0.678112 6.788221 0.987732
v -0.740291 7.245336 1.122530
v -0.639463 7.419105 1.040986
v -2.135111 7.806446 1.814351
v -2.083572 7.832444 1.912132
v -2.032158 7.806446 2.010009
v -1.850795 7.677279 1.409748
v -1.538204 7.654058 1.817278
v -1.538204 7.688888 1.817278
v -1.821120 7.654058 1.386968
v -1.508531 7.677279 1.794500
v -1.821120 7.688888 1.386968
v -1.195301 7.545566 1.230021
v -1.166760 7.532579 1.282657
v -1.223885 7.532579 1.177418
v -1.199659 7.167911 1.242002
v -1.208137 7.158888 1.271312
v -1.304486 6.844487 1.080857
v -1.094826 7.505366 1.364416
v -1.309809 7.497355 1.084037
v -1.089448 6.837179 1.361157
v -1.200366 7.174695 1.243412
v -1.185107 7.174904 1.232391
v -1.223874 6.800964 1.177353
v -1.195248 6.813975 1.229939
v -1.166731 6.800964 1.282609
v -1.838550 6.853609 1.381441
v -1.537111 7.641062 1.794687
v -1.500025 7.621797 1.809309
v -1.812057 6.835160 1.402539
v -1.843707 6.837161 1.422324
v -1.531675 7.623799 1.829094
v -1.822684 7.641053 1.409088
v -1.500007 6.855077 1.809121
v -1.526517 6.836429 1.788211
v -1.828026 7.623631 1.374778
v -1.531658 6.853075 1.828906
v -1.859676 7.621631 1.394562
v -1.691305 6.805301 1.610488
v -1.661684 6.822650 1.587760
v -1.661684 6.787952 1.587760
v -1.879615 6.842964 2.184841
v -2.050534 7.787839 1.936195
v -2.069156 7.787839 1.950509
v -1.880922 6.836795 2.157649
v -2.076546 7.781664 1.927935
v -1.899442 6.836795 2.171861
v -2.281011 6.836844 1.662690
v -2.090907 7.781646 1.896567
v -2.282234 6.843000 1.635373
v -2.098291 7.787805 1.874003
v -2.300851 6.843000 1.649690
v -2.116807 7.787839 1.888220
v -1.998485 6.813975 1.985354
v -2.080320 6.787952 1.908860
v -2.162636 6.813975 1.832724
v -2.750533 7.199670 1.904648
v -2.513968 7.967189 2.193768
v -2.731910 7.199670 1.890335
v -2.510272 7.958283 2.217690
v -2.728303 7.190723 1.914378
v -2.491752 7.958283 2.203480
v -2.252593 7.190756 2.534426
v -2.489136 7.958249 2.245333
v -2.470615 7.958249 2.231122
v -2.466920 7.967189 2.255046
v -2.248987 7.199670 2.558468
v -2.230365 7.199670 2.544156
v -2.722350 7.864401 2.729975
v -2.876031 8.166327 2.567955
v -2.601526 7.556007 2.906601
v -2.878579 8.154351 2.545384
v -2.622595 7.543997 2.898238
v -3.169186 7.543985 2.173018
v -2.897767 8.154339 2.514034
v -3.042840 7.868697 2.311833
v -3.061621 7.868734 2.326195
v -3.104111 8.138469 3.042994
v -3.060795 8.067826 3.128352
v -3.172489 8.213616 2.982760
v -3.453088 8.146460 2.605205
v -3.505424 8.057049 2.552796
v -3.419876 8.235463 2.672807
v -3.487974 8.466542 3.393441
v -3.554419 8.534286 3.329350
v -3.447048 8.391538 3.470497
v -3.937792 8.384515 2.829866
v -3.829146 8.525989 2.971213
v -3.873483 8.457327 2.890980
v -4.497391 8.822982 3.184867
v -4.367926 8.937120 3.348523
v -4.421276 8.883536 3.255902
v -4.017153 8.876221 3.842271
v -4.070014 8.930584 3.749784
v -3.940646 8.817682 3.914134
v -5.350992 9.320910 3.418175
v -4.916235 9.565584 4.055854
v -4.895710 9.577828 4.036098
v -5.325177 9.308681 3.406309
v -5.114227 9.429605 3.730350
v -4.882479 9.575760 4.095682
v -4.878829 9.555409 4.082049
v -4.390455 9.298491 4.667400
v -4.376403 9.318876 4.665800
v -4.616706 9.446803 4.369181
v -2.487983 7.177852 2.221962
v -2.241699 7.169195 2.533227
v -2.724866 7.160537 1.903481
v -2.739702 7.169195 1.914868
v -2.256536 7.160537 2.544616
v -3.163702 7.526115 2.157896
v -2.600981 7.536992 2.891392
v -2.600981 7.515239 2.891392
v -3.182224 7.536992 2.172108
v -2.619501 7.526115 2.905604
v -3.182224 7.515239 2.172108
v -3.595596 7.875647 2.407264
v -2.953369 7.886488 3.244456
v -2.953369 7.864803 3.244456
v -3.614116 7.886488 2.421476
v -2.971889 7.875647 3.258667
v -3.614116 7.864803 2.421476
v -4.045925 8.251634 2.666654
v -3.318461 8.240791 3.615108
v -4.045925 8.229948 2.666654
v -3.336981 8.229947 3.629319
v -4.064446 8.240791 2.680866
v -3.336981 8.251634 3.629319
v -4.623922 8.712159 3.001884
v -3.794097 8.725171 4.083601
v -3.794097 8.699146 4.083601
v -4.646125 8.699148 3.018916
v -3.816301 8.712158 4.100635
v -4.646125 8.725171 3.018916
v -5.327899 9.278307 3.403863
v -4.356058 9.291319 4.670893
v -4.356058 9.265296 4.670893
v -5.350204 9.291319 3.420997
v -4.378263 9.278307 4.687927
v -5.350204 9.265296 3.420997
v -5.331011 9.619565 3.391397
v -4.364888 9.603524 4.694204
v -5.389000 9.611489 3.429067
v -4.364650 9.641849 4.693612
v -4.355900 9.617793 4.690557
v -5.331011 9.641850 3.391397
v -2.736876 7.978199 1.893624
v -2.730887 7.995977 1.890411
v -2.252933 7.985402 2.557160
v -2.232747 7.998451 2.543603
v -2.751151 8.008960 1.904031
v -2.252958 8.008960 2.557137
v -3.598216 8.404776 2.409024
v -3.589693 8.424280 2.404271
v -2.967059 8.412353 3.265600
v -2.937900 8.438425 3.244880
v -3.619244 8.449568 2.425292
v -2.967086 8.449568 3.265097
v -4.078273 8.698881 2.680252
v -4.048544 8.689295 2.659078
v -3.328246 8.681004 3.631076
v -3.337043 8.700056 3.635793
v -4.078273 8.721167 2.680252
v -3.307310 8.721167 3.615077
v -4.634387 9.052512 2.996467
v -4.625014 9.073038 2.991631
v -3.811694 9.061141 4.101917
v -3.782003 9.099488 4.080854
v -4.655787 9.110631 3.013525
v -3.811488 9.110631 4.100566
v -0.770974 7.447371 0.859175
v -0.754123 7.434895 0.891368
v -0.742219 7.448464 0.927355
v -0.757907 6.796628 0.891967
v -0.786016 6.809639 0.870379
v -0.729507 6.809639 0.913333
v -4.359142 9.453806 4.695257
v -4.355949 9.512083 4.678628
v -4.342513 9.395529 4.692064
v -2.236889 7.581296 2.573006
v -2.236809 8.000987 2.556618
v -2.220501 7.161605 2.572926
v -2.212267 8.000987 2.564692
v -2.228575 7.161605 2.548384
v -2.594595 7.860216 2.930711
v -2.591402 7.974430 2.914083
v -2.577966 7.746002 2.927518
v -2.946713 8.154267 3.282829
v -2.943519 8.248642 3.266199
v -2.930084 8.059892 3.279635
v -3.314276 8.475906 3.650409
v -3.311087 8.553934 3.633767
v -3.297649 8.397880 3.647210
v -3.789000 8.906190 4.125097
v -3.785802 8.970501 4.108471
v -3.772358 8.841880 4.121909
v -1.068041 7.171164 1.404096
v -1.068408 7.537024 1.392146
v -1.054923 6.805302 1.404411
v -1.048540 7.537024 1.398597
v -1.062024 6.805302 1.386332
v -1.504895 7.246327 1.841031
v -1.504950 7.668571 1.827863
v -1.491745 6.824084 1.841068
v -1.485189 7.668571 1.834512
v -1.498394 6.824084 1.821307
v -1.861980 7.813927 2.214406
v -1.870156 7.813927 2.189965
v -1.878289 6.824084 2.198098
v -1.853848 6.824084 2.206274
v -1.845716 7.813927 2.198142
v -1.862024 6.824084 2.181833
v -1.167625 7.196409 1.497452
v -1.271428 7.414321 1.600868
v -1.215367 7.310559 1.564571
v -1.206423 7.055092 1.548984
v -1.286742 7.118581 1.609551
v -1.347449 7.181322 1.690003
v -1.068586 6.960535 1.404776
v -1.506490 6.813708 1.829474
v -1.493284 6.813708 1.842680
v -1.061983 6.942618 1.411379
v -1.188214 5.696934 1.517745
v -1.334397 7.601012 1.657381
v -1.491654 7.279906 1.827844
v -1.501831 7.633565 1.831356
v -1.485051 7.311133 1.834447
v -1.321190 7.601012 1.670587
v -1.582441 7.434602 1.905555
v -1.631529 7.517244 1.994060
v -1.738622 7.609860 2.061539
v -2.233439 7.927617 2.577985
v -2.223028 7.160937 2.559217
v -1.854119 7.796645 2.206816
v -2.231282 7.197268 2.550963
v -1.870626 7.796645 2.190308
v -1.927595 7.287990 2.270573
v -2.579912 7.533220 2.902907
v -2.583884 7.543797 2.920077
v -2.239897 8.004023 2.562879
v -2.226691 8.004023 2.576086
v -2.585314 8.215869 2.934708
v -2.934275 7.891760 3.270462
v -2.356318 7.506909 2.699945
v -2.598520 8.215869 2.921502
v -2.929900 7.880784 3.252881
v -3.300322 8.250566 3.649715
v -2.939459 8.448467 3.275647
v -3.313528 8.250566 3.636509
v -2.932856 8.429718 3.282249
v -3.145191 8.026970 3.474312
v -3.422306 8.487183 3.745466
v -3.393824 8.560379 3.743246
v -3.370470 8.615897 3.713667
v -3.699258 8.792552 4.041986
v -3.619526 8.871176 3.962246
v -3.671340 8.837367 3.993969
v -3.790674 9.107695 4.113655
v -4.065948 9.004741 4.402134
v -3.777468 9.107695 4.126861
v -4.046130 8.991563 4.395522
v -3.780356 8.755131 4.109871
v -4.264122 9.306956 4.587090
v -4.155870 9.334573 4.505199
v -4.206041 9.308987 4.546149
v -0.826540 7.168198 1.146098
v -1.062690 7.519444 1.398880
v -0.666356 6.822650 1.002547
v -0.678330 6.822650 1.031028
v -1.031260 7.513938 1.383958
v -1.504393 7.246327 1.841339
v -1.504450 7.668571 1.828194
v -1.491200 6.824084 1.841322
v -1.484625 7.668571 1.834743
v -1.497875 6.824084 1.821616
v -3.544326 8.200725 1.242950
v -3.216068 8.189848 2.115656
v -3.216028 8.221773 2.115340
v -3.182722 8.211265 2.103162
v -3.577959 8.221775 1.255570
v -3.553522 8.182532 1.245431
v -0.937008 7.128794 0.522689
v -0.836574 7.443613 0.765355
v -0.836574 6.813975 0.765356
v -3.179730 8.176864 2.125464
v -3.360585 8.056952 2.216828
v -0.827237 7.443613 0.781528
v -0.827237 6.813975 0.781528
v -1.411384 7.225169 1.108001
v -2.294845 6.788454 1.638925
v -2.294905 6.824084 1.638985
v -5.346218 9.276042 3.378028
v -2.313612 6.788454 1.606461
v -2.313671 6.824084 1.606521
v -0.827730 6.788221 0.792695
v -0.837114 6.824084 0.776462
v -0.846498 6.788221 0.760230
v -0.981587 7.245289 0.805689
v -0.841294 7.418357 0.790722
v -2.551200 7.809335 0.980286
v -2.301112 7.820889 1.584231
v -2.460603 7.832444 1.296535
v -2.460603 7.797780 1.296535
v -2.088449 7.677279 0.864354
v -1.891985 7.665668 1.338902
v -2.053889 7.654058 0.850031
v -1.857428 7.654058 1.324581
v -1.857428 7.688889 1.324581
v -2.053889 7.688888 0.850031
v -1.440001 7.541237 0.809339
v -1.377504 7.541237 0.911455
v -1.408707 7.528250 0.860378
v -1.416197 7.167898 0.870926
v -1.432002 7.158868 0.897071
v -1.475631 6.844487 0.688065
v -1.346506 7.505366 1.016226
v -1.481596 7.497355 0.689759
v -1.340467 6.837179 1.014469
v -1.417080 7.174696 0.872010
v -1.399451 7.175009 0.865524
v -1.400172 6.805301 0.856806
v -1.417451 6.813975 0.863966
v -1.417451 6.796628 0.863966
v -2.069294 6.853608 0.840180
v -1.885082 7.641062 1.317364
v -1.853044 7.621797 1.341086
v -2.049165 6.835160 0.867417
v -2.084857 6.837161 0.878336
v -1.888737 7.623799 1.352006
v -2.061125 7.641053 0.870992
v -1.852979 6.855077 1.340910
v -1.873173 6.836428 1.313850
v -2.057405 7.623631 0.836468
v -1.888671 6.853075 1.351829
v -2.093097 7.621631 0.847387
v -2.020461 6.813975 1.019322
v -1.919289 6.813975 1.166095
v -1.970311 6.787952 1.092894
v -2.316896 6.842964 1.605577
v -2.417636 7.787839 1.321166
v -2.439328 7.787839 1.330173
v -2.311120 6.836795 1.578973
v -2.440624 7.781664 1.306456
v -2.332687 6.836795 1.587908
v -2.569471 6.836844 0.997329
v -2.446377 7.781646 1.272439
v -2.563583 6.843000 0.970627
v -2.447669 7.787805 1.248733
v -2.585271 6.843000 0.979638
v -2.469234 7.787839 1.257673
v -2.464657 6.796627 1.177929
v -2.432735 6.822649 1.284317
v -2.414593 6.796627 1.396417
v -3.085617 7.199670 1.109522
v -2.931944 7.967189 1.450017
v -3.063925 7.199670 1.100516
v -2.934565 7.958283 1.474081
v -3.066664 7.190723 1.124674
v -2.912998 7.958283 1.465149
v -2.767644 7.190756 1.846716
v -2.921304 7.958249 1.506253
v -2.899735 7.958249 1.497319
v -2.902358 7.967189 1.521385
v -2.770382 7.199670 1.870873
v -2.748691 7.199670 1.861868
v -3.271871 7.864414 1.913987
v -3.378516 8.166327 1.717746
v -3.201013 7.556007 2.115900
v -3.375135 8.154351 1.695285
v -3.219200 7.543997 2.102369
v -3.559465 7.543985 1.260392
v -3.385556 8.154339 1.660037
v -3.473301 7.868859 1.426892
v -3.495007 7.868721 1.436126
v -3.721720 8.138574 2.117663
v -3.701698 8.067867 2.211138
v -3.772185 8.213554 2.041599
v -3.945691 8.146540 1.604342
v -3.982702 8.057030 1.540293
v -3.930987 8.235484 1.678251
v -4.183445 8.466393 2.356682
v -4.231055 8.534649 2.277987
v -4.163162 8.391699 2.441660
v -4.441821 8.452912 1.781793
v -4.395084 8.525887 1.857160
v -4.463746 8.384606 1.692482
v -5.104031 8.822867 1.893945
v -5.021389 8.937038 2.085539
v -5.049007 8.883398 1.982319
v -4.811090 8.876376 2.653589
v -4.838149 8.930532 2.550441
v -4.755601 8.817886 2.742752
v -5.989198 9.320910 1.898427
v -5.734298 9.565584 2.626902
v -5.709360 9.577828 2.613131
v -5.961190 9.308681 1.893648
v -5.840904 9.429378 2.261195
v -5.712000 9.575760 2.674109
v -5.704947 9.555409 2.661886
v -5.384714 9.298491 3.353692
v -5.370726 9.318876 3.355783
v -5.525873 9.446170 3.006726
v -2.914072 7.177852 1.483948
v -2.756810 7.169195 1.848378
v -3.060524 7.160537 1.115036
v -3.077803 7.169195 1.122197
v -2.774090 7.160537 1.855540
v -3.550255 7.526115 1.247204
v -3.196550 7.536992 2.101350
v -3.196550 7.515239 2.101350
v -3.571823 7.536992 1.256139
v -3.218117 7.526115 2.110284
v -3.571823 7.515239 1.256139
v -4.031972 7.875647 1.376293
v -3.628310 7.886488 2.351179
v -3.628310 7.864803 2.351179
v -4.053540 7.886488 1.385227
v -3.649877 7.875646 2.360112
v -4.053540 7.864803 1.385227
v -4.534092 8.251634 1.510291
v -4.076894 8.240791 2.614709
v -4.534092 8.229948 1.510291
v -4.098461 8.229947 2.623642
v -4.555661 8.240791 1.519225
v -4.098461 8.251634 2.623642
v -5.179159 8.712159 1.684501
v -4.657578 8.725171 2.944134
v -4.657578 8.699146 2.944134
v -5.205014 8.699148 1.695206
v -4.683434 8.712158 2.954840
v -5.205014 8.725171 1.695206
v -5.963187 9.278307 1.890581
v -5.352393 9.291319 3.365969
v -5.352393 9.265296 3.365969
v -5.989167 9.291319 1.901358
v -5.378250 9.278307 3.376675
v -5.989167 9.265296 1.901358
v -5.962966 9.619565 1.877734
v -5.366955 9.603524 3.386201
v -6.028729 9.611489 1.899111
v -5.366572 9.641849 3.385691
v -5.357333 9.617794 3.385005
v -5.962966 9.641850 1.877734
v -3.069574 7.978199 1.102409
v -3.062956 7.995977 1.100855
v -2.773856 7.985402 1.868588
v -2.750849 7.998451 1.860718
v -3.086055 8.008960 1.108765
v -2.773875 8.008960 1.868560
v -4.034959 8.404776 1.377316
v -4.025496 8.424280 1.374930
v -3.647007 8.412353 2.368059
v -3.613478 8.438425 2.355592
v -4.059481 8.449568 1.387586
v -3.646902 8.449568 2.367567
v -4.568858 8.698881 1.515053
v -4.534662 8.689295 1.502295
v -4.090478 8.681004 2.627600
v -4.100196 8.700056 2.629879
v -4.568858 8.721167 1.515053
v -4.066115 8.721167 2.617565
v -5.187864 9.052512 1.676561
v -5.177560 9.073038 1.674315
v -4.679316 9.061141 2.957272
v -4.645185 9.099488 2.944611
v -5.212950 9.110631 1.687498
v -4.678767 9.110631 2.956020
v -0.902834 7.447428 0.611983
v -0.894887 7.434938 0.647439
v -0.892722 7.448522 0.685289
v -0.898734 6.796628 0.647054
v -0.920315 6.809639 0.618933
v -0.876849 6.809639 0.675050
v -5.361679 9.453806 3.388704
v -5.354290 9.512083 3.373468
v -5.344789 9.395529 3.389924
v -2.762460 7.581296 1.888046
v -2.758141 8.000987 1.872237
v -2.746610 7.161605 1.892211
v -2.736525 8.000987 1.886389
v -2.748056 7.161605 1.866415
v -3.200552 7.860216 2.140988
v -3.193171 7.974430 2.125747
v -3.183667 7.746002 2.142205
v -3.631813 8.154267 2.389967
v -3.624424 8.248642 2.374730
v -3.614923 8.059892 2.391186
v -4.081989 8.475906 2.649876
v -4.074600 8.553934 2.634640
v -4.065099 8.397880 2.651096
v -4.663369 8.906190 2.985558
v -4.655995 8.970501 2.970308
v -4.646486 8.841880 2.986770
v -1.330904 7.171164 1.061487
v -1.328164 7.537024 1.049849
v -1.318314 6.805302 1.065186
v -1.310643 7.537024 1.061222
v -1.320494 6.805302 1.045884
v -1.865966 7.246327 1.370456
v -1.862604 7.668571 1.357733
v -1.853267 6.824084 1.373906
v -1.845237 7.668571 1.369270
v -1.854574 6.824084 1.353097
v -2.307514 7.813927 1.638699
v -2.309085 7.813927 1.612975
v -2.319045 6.824084 1.618725
v -2.297554 6.824084 1.632949
v -2.287594 7.813927 1.627198
v -2.299125 6.824084 1.607225
v -1.451243 7.196409 1.125911
v -1.578293 7.414321 1.198906
v -1.514755 7.310559 1.178342
v -1.586054 7.117954 1.219734
v -1.506630 7.055092 1.157724
v -1.679348 7.181323 1.257439
v -1.331606 6.960535 1.062002
v -1.864509 6.813708 1.358891
v -1.855171 6.813708 1.375065
v -1.326937 6.942618 1.070089
v -1.476342 5.696913 1.140232
v -1.653738 7.601012 1.237202
v -1.849756 7.279906 1.361156
v -1.860470 7.633566 1.361959
v -1.845087 7.311133 1.369243
v -1.644400 7.601012 1.253377
v -1.957632 7.434602 1.412603
v -2.027853 7.517244 1.485560
v -2.148795 7.609860 1.522967
v -2.760361 7.927618 1.893845
v -2.745503 7.160937 1.878315
v -2.297955 7.796645 1.633402
v -2.751339 7.197268 1.868206
v -2.309628 7.796645 1.613184
v -2.385387 7.287947 1.675951
v -3.179179 7.533220 2.117926
v -3.187460 7.543797 2.133483
v -2.762744 8.004023 1.877487
v -2.753406 8.004023 1.893661
v -3.192628 8.215869 2.147245
v -3.616597 7.891760 2.381241
v -2.910812 7.506908 1.979509
v -3.201966 8.215869 2.131071
v -3.607821 7.880784 2.365391
v -4.068330 8.250566 2.652831
v -3.622947 8.448467 2.384907
v -4.077667 8.250566 2.636657
v -3.618279 8.429718 2.392994
v -3.872885 8.026930 2.523885
v -4.211076 8.487329 2.713793
v -4.182702 8.560246 2.718993
v -4.152705 8.615807 2.696163
v -4.555119 8.792497 2.928567
v -4.457543 8.871191 2.872116
v -4.515748 8.837401 2.889461
v -4.662050 9.107695 2.974049
v -5.002608 9.004741 3.181454
v -4.652712 9.107695 2.990224
v -4.981754 8.991563 3.180196
v -4.651144 8.755127 2.972994
v -5.241772 9.306842 3.308986
v -5.116113 9.334879 3.257919
v -5.175251 9.308984 3.284216
v -1.030823 7.168197 0.874842
v -1.324385 7.519444 1.057833
v -0.838977 6.822650 0.777583
v -0.857915 6.822650 0.801995
v -1.290164 7.513938 1.051554
v -1.860859 7.668571 1.378946
v -1.862206 7.668571 1.358183
v -1.870260 6.824084 1.362836
v -1.852806 6.824084 1.374293
v -1.844752 7.668571 1.369640
v -1.854153 6.824084 1.353530
v -3.681103 8.200725 0.264921
v -3.589903 8.189848 1.192850
v -3.589783 8.221773 1.192555
v -3.554461 8.211265 1.189412
v -3.716857 8.221775 0.268406
v -3.690629 8.182532 0.264938
v -0.976207 7.128794 0.244026
v -0.942005 7.443613 0.504418
v -0.942005 6.813975 0.504417
v -3.557342 8.176864 1.211729
v -3.755180 8.061848 1.238151
v -0.937172 7.443613 0.522456
v -0.937172 6.813975 0.522456
v -1.585912 7.225169 0.686637
v -2.576684 6.788454 0.970793
v -2.576756 6.824084 0.970835
v -5.974195 9.276042 1.860883
v -2.586409 6.788454 0.934578
v -2.586482 6.824084 0.934620
v -0.940539 6.788221 0.533114
v -0.945402 6.824084 0.515006
v -0.950264 6.788221 0.496898
v -1.091947 7.245021 0.507561
v -0.947906 7.418533 0.546736
v -2.611199 7.832444 0.592293
v -2.611199 7.797780 0.592293
v -2.690921 7.820889 0.273137
v -2.605669 7.809335 0.921231
v -2.176846 7.677279 0.276034
v -2.109900 7.665668 0.785260
v -2.139757 7.654058 0.271143
v -2.072813 7.654058 0.780371
v -2.072813 7.688889 0.780371
v -2.139757 7.688888 0.271143
v -1.528636 7.536908 0.449363
v -1.510092 7.545566 0.446918
v -1.510092 7.528250 0.446918
v -1.529077 7.167945 0.456262
v -1.551105 7.158945 0.477363
v -1.539283 6.844487 0.264361
v -1.499492 7.505366 0.614760
v -1.545483 7.497355 0.264453
v -1.493204 6.837179 0.614626
v -1.530378 7.174751 0.457309
v -1.511672 7.174981 0.455438
v -1.509986 6.813975 0.446871
v -1.509986 6.796628 0.446871
v -1.528528 6.805301 0.449316
v -2.152088 6.853609 0.257642
v -2.097657 7.641062 0.766242
v -2.072850 7.621797 0.797449
v -2.139693 6.835160 0.289160
v -2.176995 6.837161 0.290469
v -2.110153 7.623799 0.798759
v -2.152171 7.641053 0.289518
v -2.072742 6.855077 0.797295
v -2.085244 6.836428 0.765931
v -2.139642 7.623631 0.257133
v -2.110044 6.853075 0.798604
v -2.176945 7.621631 0.258443
v -2.139022 6.805301 0.529616
v -2.102005 6.822650 0.524743
v -2.102005 6.787952 0.524743
v -2.589352 6.842964 0.932874
v -2.613048 7.787839 0.632081
v -2.636332 7.787839 0.635167
v -2.576887 6.836795 0.908671
v -2.631446 7.781664 0.611922
v -2.600032 6.836795 0.911720
v -2.675894 6.836844 0.279980
v -2.628199 7.781646 0.577576
v -2.663296 6.843000 0.255712
v -2.623311 7.787805 0.554343
v -2.686577 6.843000 0.258802
v -2.646455 7.787839 0.557397
v -2.605973 6.822649 0.590985
v -2.605973 6.787952 0.590985
v -2.691592 6.811084 0.267863
v -2.605182 6.799518 0.925270
v -3.203491 7.199670 0.254762
v -3.143181 7.967189 0.623428
v -3.180207 7.199670 0.251677
v -3.151940 7.958283 0.645995
v -3.189105 7.190723 0.274303
v -3.128797 7.958283 0.642948
v -3.087152 7.190756 1.049135
v -3.147458 7.958249 0.680502
v -3.124312 7.958249 0.677455
v -3.133074 7.967189 0.700022
v -3.096050 7.199670 1.071759
v -3.072767 7.199670 1.068675
v -3.591715 7.864389 0.983585
v -3.643830 8.166327 0.766453
v -3.575425 7.556007 1.196982
v -3.634750 8.154351 0.745632
v -3.589490 7.543997 1.179205
v -3.700241 7.543985 0.277850
v -3.635693 8.154339 0.708888
v -3.660370 7.868694 0.461263
v -3.683802 7.868752 0.464277
v -4.078774 8.138621 1.063957
v -4.083632 8.067861 1.159371
v -4.107924 8.213580 0.977412
v -4.162405 8.146604 0.510061
v -4.181572 8.056980 0.438734
v -4.167130 8.235496 0.585286
v -4.586864 8.466287 1.175231
v -4.612659 8.534684 1.087021
v -4.589186 8.391734 1.262656
v -4.687468 8.453056 0.553007
v -4.661781 8.525940 0.637964
v -4.685404 8.384712 0.461077
v -5.356100 8.823077 0.489947
v -5.325856 8.937203 0.696422
v -5.325787 8.883608 0.589545
v -5.269275 8.876525 1.299632
v -5.269087 8.930532 1.192974
v -5.238698 8.817666 1.399936
v -6.212318 9.320910 0.265284
v -6.154647 9.565584 1.034909
v -6.126994 9.577828 1.028062
v -6.184029 9.308681 0.267916
v -6.163527 9.429525 0.654060
v -6.145328 9.575760 1.086279
v -6.135351 9.555409 1.076298
v -6.005081 9.298491 1.827415
v -5.992111 9.318876 1.833054
v -6.051497 9.446507 1.455836
v -3.135025 7.177852 0.660872
v -3.077118 7.169195 1.053544
v -3.180680 7.160537 0.266583
v -3.199223 7.169195 0.269028
v -3.095662 7.160537 1.055989
v -3.687931 7.526115 0.267496
v -3.567348 7.536992 1.184083
v -3.567348 7.515239 1.184083
v -3.711077 7.536992 0.270543
v -3.590493 7.526115 1.187130
v -3.711077 7.515239 0.270543
v -4.186646 7.875646 0.267508
v -4.049057 7.886488 1.313651
v -4.049057 7.864803 1.313651
v -4.209790 7.886488 0.270555
v -4.072200 7.875647 1.316698
v -4.209790 7.864803 0.270555
v -4.706337 8.251634 0.266982
v -4.550560 8.240791 1.452100
v -4.706337 8.229948 0.266982
v -4.573706 8.229947 1.455146
v -4.729483 8.240791 0.270029
v -4.573706 8.251634 1.455146
v -5.374513 8.712159 0.268301
v -5.196720 8.725171 1.620008
v -5.196720 8.699146 1.620008
v -5.402256 8.699148 0.271949
v -5.224466 8.712158 1.623657
v -5.402256 8.725171 0.271949
v -6.185163 9.278307 0.264437
v -5.977039 9.291319 1.847638
v -5.977039 9.265296 1.847638
v -6.213046 9.291319 0.268123
v -6.004786 9.278307 1.851287
v -6.213046 9.265296 0.268123
v -6.181625 9.619565 0.252085
v -5.996341 9.603524 1.863412
v -6.250680 9.611490 0.255713
v -5.995840 9.641849 1.863017
v -5.986737 9.617793 1.864747
v -6.181625 9.641850 0.252085
v -3.186152 7.978199 0.252043
v -3.179359 7.995977 0.252255
v -3.098813 7.985402 1.068653
v -3.074553 7.998451 1.067006
v -3.203718 8.008960 0.253918
v -3.098824 8.008960 1.068621
v -4.189795 8.404776 0.267723
v -4.180037 8.424280 0.267868
v -4.071485 8.412353 1.325117
v -4.035872 8.438425 1.321753
v -4.216140 8.449568 0.271297
v -4.071256 8.449568 1.324669
v -4.741150 8.698881 0.262584
v -4.704818 8.689295 0.259111
v -4.567019 8.681004 1.461036
v -4.576996 8.700056 1.460722
v -4.741150 8.721167 0.262584
v -4.540889 8.721167 1.457649
v -5.380866 9.052512 0.258378
v -5.370332 9.073038 0.258875
v -5.221118 9.061141 1.627072
v -5.184874 9.099488 1.623676
v -5.407928 9.110631 0.262450
v -5.220264 9.110631 1.626005
v -0.966359 7.439820 0.339128
v -0.974044 7.452321 0.376248
v -0.975558 7.438748 0.412553
v -0.971505 6.796628 0.374069
v -0.985052 6.809638 0.341319
v -0.957591 6.809638 0.406772
v -5.991893 9.453806 1.867195
v -5.980813 9.512083 1.854390
v -5.975895 9.395529 1.872745
v -3.092842 7.581296 1.090398
v -3.084578 8.000987 1.076246
v -3.078609 7.161605 1.098523
v -3.067361 8.000987 1.095509
v -3.073330 7.161605 1.073232
v -3.581484 7.860216 1.221334
v -3.570398 7.974430 1.208523
v -3.565485 7.746002 1.226880
v -4.062479 8.154267 1.350211
v -4.051398 8.248642 1.337406
v -4.046480 8.059892 1.355760
v -4.564580 8.475906 1.484760
v -4.553505 8.553934 1.471945
v -4.548584 8.397880 1.490304
v -5.213035 8.906190 1.658505
v -5.201966 8.970501 1.645699
v -5.197042 8.841880 1.664053
v -1.496140 7.171164 0.662510
v -1.490478 7.537024 0.651984
v -1.484932 6.805302 0.669349
v -1.476497 7.537024 0.667505
v -1.482042 6.805302 0.650140
v -2.090516 7.668571 0.831493
v -2.086393 7.668571 0.811055
v -2.095349 6.824084 0.813454
v -2.081560 6.824084 0.829093
v -2.072604 7.668571 0.826693
v -2.077437 6.824084 0.808655
v -2.588861 7.813927 0.967296
v -2.583722 7.813927 0.942042
v -2.594831 6.824084 0.945019
v -2.577753 6.824084 0.964319
v -2.566644 7.813927 0.961342
v -2.572613 6.824084 0.939065
v -1.629063 7.196409 0.693543
v -1.770622 7.414320 0.731368
v -1.703951 7.310558 0.727861
v -1.688450 7.055093 0.718694
v -1.788283 7.118582 0.731018
v -1.881090 7.181324 0.770314
v -1.496947 6.960535 0.662833
v -2.088532 6.813708 0.811680
v -2.083698 6.813708 0.829719
v -1.494530 6.942618 0.671853
v -1.657096 5.696943 0.700635
v -1.853448 7.601012 0.748689
v -2.074869 7.279906 0.817686
v -2.085446 7.633566 0.815611
v -2.072452 7.311133 0.826706
v -1.848614 7.601012 0.766729
v -2.192373 7.434602 0.839501
v -2.279113 7.517244 0.891691
v -2.405558 7.609860 0.896734
v -3.092388 7.927617 1.096271
v -3.073944 7.160937 1.085387
v -2.578258 7.796645 0.964653
v -3.076965 7.197268 1.074112
v -2.584300 7.796645 0.942103
v -2.673844 7.287996 0.982874
v -3.554859 7.533220 1.204589
v -3.566885 7.543797 1.217474
v -3.090384 8.004023 1.080124
v -3.085549 8.004023 1.098165
v -3.575438 8.215869 1.229429
v -4.045523 7.891760 1.345721
v -3.259812 7.506940 1.140432
v -3.580272 8.215869 1.211389
v -4.032944 7.880784 1.332682
v -4.552156 8.250566 1.491140
v -4.052606 8.448467 1.347618
v -4.556990 8.250566 1.473100
v -4.050189 8.429718 1.356638
v -4.329987 8.026948 1.417230
v -4.705851 8.487328 1.512944
v -4.680020 8.560479 1.525286
v -4.644946 8.615932 1.511341
v -5.093733 8.792469 1.631404
v -4.984866 8.871134 1.602097
v -5.045585 8.837379 1.603817
v -5.208783 9.107695 1.647747
v -5.591417 9.004741 1.759941
v -5.203949 9.107695 1.665787
v -5.570948 8.991563 1.764123
v -5.197946 8.755128 1.649664
v -5.855603 9.307144 1.820878
v -5.720881 9.334643 1.804084
v -5.784801 9.309117 1.814532
v -1.157932 7.168197 0.560047
v -1.488893 7.519444 0.660675
v -0.947491 6.822650 0.515607
v -0.972102 6.822650 0.534286
v -1.454213 7.513938 0.663467
v -2.092658 7.246327 0.823004
v -2.086125 7.668571 0.811592
v -2.081215 6.824084 0.829586
v -2.072231 7.668571 0.827176
v -2.077142 6.824084 0.809182
v -3.560087 8.200725 -0.715183
v -3.712161 8.189848 0.204732
v -3.711968 8.221773 0.204478
v -3.677036 8.211265 0.210584
v -3.595525 8.221775 -0.721070
v -3.569292 8.182532 -0.717632
v -0.941952 7.128794 -0.035288
v -0.976308 7.443613 0.225084
v -0.976308 6.813975 0.225084
v -3.685595 8.176864 0.231396
v -3.892122 8.052031 0.265281
v -0.976308 7.443613 0.243759
v -0.976308 6.813975 0.243759
v -1.645428 7.225169 0.234421
v -2.675992 6.788454 0.252482
v -2.676075 6.824084 0.252504
v -6.188110 9.276042 0.232903
v -2.676013 6.788454 0.214984
v -2.676095 6.824084 0.215006
v -0.982319 6.788221 0.253182
v -0.982329 6.824084 0.234433
v -0.982340 6.788221 0.215683
v -1.120800 7.245247 0.230826
v -0.992892 7.418671 0.269472
v -2.625459 7.823778 -0.014023
v -2.629686 7.797780 -0.124462
v -2.634084 7.823778 -0.234924
v -2.109963 7.677279 -0.315118
v -2.177095 7.665668 0.194084
v -2.072872 7.654058 -0.310243
v -2.140007 7.654058 0.198960
v -2.140007 7.688889 0.198960
v -2.072872 7.688888 -0.310243
v -1.520931 7.541237 -0.038545
v -1.517865 7.541237 0.081139
v -1.519396 7.528250 0.021297
v -1.530784 7.167872 0.026789
v -1.557530 7.158887 0.041437
v -1.491103 6.844487 -0.161380
v -1.543357 7.505366 0.187378
v -1.497115 7.497355 -0.162896
v -1.537249 6.837179 0.188876
v -1.532502 7.174746 0.027279
v -1.513929 7.174920 0.030204
v -1.517865 6.809639 0.081118
v -1.519396 6.796628 0.021264
v -1.520931 6.809639 -0.038591
v -2.081288 6.853609 -0.326476
v -2.160347 7.641062 0.178883
v -2.144463 7.621797 0.215446
v -2.077473 6.835160 -0.292823
v -2.113843 6.837161 -0.301213
v -2.180834 7.623799 0.207057
v -2.089619 7.641053 -0.295708
v -2.144318 6.855077 0.215326
v -2.148277 6.836428 0.181795
v -2.069135 7.623631 -0.323746
v -2.180688 6.853075 0.206936
v -2.105505 7.621631 -0.332136
v -2.139047 6.805301 -0.060386
v -2.102031 6.822650 -0.055511
v -2.102031 6.787952 -0.055511
v -2.678415 6.842964 0.212577
v -2.623453 7.787839 -0.084100
v -2.646742 7.787839 -0.087146
v -2.660112 6.836795 0.192425
v -2.636007 7.781664 -0.108334
v -2.683257 6.836795 0.189379
v -2.593028 6.836844 -0.440469
v -2.623981 7.781646 -0.140670
v -2.574578 6.843000 -0.460650
v -2.613246 7.787805 -0.161846
v -2.597866 6.843000 -0.463691
v -2.636392 7.787839 -0.164886
v -2.568110 6.799518 -0.451361
v -2.654649 6.811084 0.206010
v -2.643093 6.822649 -0.126852
v -2.643093 6.787952 -0.126852
v -3.096120 7.199670 -0.601381
v -3.133283 7.967189 -0.229667
v -3.072831 7.199670 -0.598334
v -3.147585 7.958283 -0.210136
v -3.087282 7.190723 -0.578782
v -3.124441 7.958283 -0.207089
v -3.189345 7.190756 0.196035
v -3.152186 7.958249 -0.175645
v -3.129041 7.958249 -0.172597
v -3.143344 7.967189 -0.153067
v -3.203794 7.199670 0.215586
v -3.180506 7.199670 0.218633
v -3.659776 7.864367 0.002090
v -3.653890 8.166327 -0.221093
v -3.699245 7.556007 0.212471
v -3.639731 8.154351 -0.238854
v -3.708230 7.543997 0.191659
v -3.581919 7.543985 -0.707647
v -3.631132 8.154339 -0.274591
v -3.590683 7.868731 -0.520194
v -3.614107 7.868751 -0.523291
v -4.151091 8.138506 -0.046430
v -4.180729 8.067912 0.044619
v -4.156672 8.213645 -0.137358
v -4.088405 8.146407 -0.602756
v -4.088250 8.057006 -0.676818
v -4.112691 8.235460 -0.531519
v -4.670300 8.466393 -0.070202
v -4.672383 8.534480 -0.162310
v -4.695570 8.391735 0.013513
v -4.589962 8.384616 -0.786759
v -4.613162 8.526027 -0.609951
v -4.587574 8.457389 -0.698025
v -5.236244 8.823120 -0.931365
v -5.260610 8.937376 -0.724177
v -5.232879 8.883618 -0.827317
v -5.361851 8.876323 -0.126861
v -5.333841 8.930722 -0.229621
v -5.358644 8.817791 -0.021954
v -6.005147 9.320910 -1.369959
v -6.148634 9.565584 -0.611631
v -6.120152 9.577828 -0.611088
v -5.978503 9.308681 -1.360094
v -6.058722 9.429495 -0.981806
v -6.152929 9.575760 -0.559599
v -6.140708 9.555409 -0.566659
v -6.209281 9.298491 0.192580
v -6.198212 9.318876 0.201385
v -6.158218 9.446707 -0.178298
v -3.135013 7.177852 -0.191377
v -3.180793 7.169195 0.202891
v -3.077146 7.160537 -0.584058
v -3.095690 7.169195 -0.586496
v -3.199338 7.160537 0.200453
v -3.567349 7.526115 -0.714463
v -3.688105 7.536992 0.202101
v -3.688105 7.515239 0.202101
v -3.590496 7.536992 -0.717510
v -3.711250 7.526115 0.199055
v -3.590496 7.515239 -0.717510
v -4.049073 7.875647 -0.843527
v -4.186934 7.886488 0.202580
v -4.186934 7.864803 0.202580
v -4.072218 7.886488 -0.846575
v -4.210079 7.875647 0.199533
v -4.072218 7.864803 -0.846575
v -4.550921 8.251634 -0.978542
v -4.707184 8.240791 0.206511
v -4.550921 8.229948 -0.978542
v -4.730329 8.229947 0.203464
v -4.574067 8.240791 -0.981589
v -4.730329 8.251634 0.203464
v -5.196670 8.712159 -1.150205
v -5.374784 8.725171 0.201461
v -5.374784 8.699146 0.201461
v -5.224413 8.699148 -1.153861
v -5.402529 8.712158 0.197804
v -5.224413 8.725171 -1.153861
v -5.978697 9.278308 -1.363749
v -6.187429 9.291319 0.219372
v -6.187429 9.265296 0.219372
v -6.006585 9.291319 -1.367405
v -6.215174 9.278307 0.215716
v -6.006585 9.265296 -1.367405
v -5.972084 9.619565 -1.374764
v -6.210156 9.603524 0.229613
v -6.039724 9.611490 -1.389133
v -6.209569 9.641849 0.229362
v -6.201224 9.617793 0.233388
v -5.972084 9.641850 -1.374764
v -3.078668 7.978199 -0.599519
v -3.072162 7.995977 -0.597556
v -3.205660 7.985402 0.211871
v -3.181800 7.998451 0.216558
v -3.096120 8.008960 -0.602255
v -3.205661 8.008960 0.211837
v -4.052171 8.404776 -0.844136
v -4.042783 8.424280 -0.841470
v -4.211566 8.412353 0.207850
v -4.176296 8.438425 0.213818
v -4.078544 8.449568 -0.847502
v -4.211229 8.449568 0.207476
v -4.583410 8.698881 -0.991801
v -4.547416 8.689295 -0.985751
v -4.725394 8.681004 0.210883
v -4.734950 8.700056 0.207998
v -4.583410 8.721167 -0.991801
v -4.699278 8.721167 0.214374
v -5.200239 9.052512 -1.161434
v -5.190192 9.073038 -1.158227
v -5.400178 9.061141 0.201969
v -5.364290 9.099488 0.208069
v -5.227432 9.110631 -1.164505
v -5.399077 9.110631 0.201159
v -0.957059 7.447428 0.059122
v -0.967932 7.434884 0.093798
v -0.984917 7.448450 0.127668
v -0.971091 6.796628 0.091539
v -0.975684 6.809639 0.056400
v -0.966099 6.809639 0.126731
v -6.206838 9.453806 0.234418
v -6.192822 9.512083 0.224918
v -6.192822 9.395529 0.243920
v -3.205520 7.581296 0.234420
v -3.193875 8.000987 0.222889
v -3.193875 7.161605 0.245952
v -3.182230 8.000987 0.245952
v -3.182230 7.161605 0.222889
v -3.711392 7.860216 0.234429
v -3.697376 7.974430 0.224919
v -3.697376 7.746002 0.243925
v -4.209362 8.154267 0.234420
v -4.195344 8.248642 0.224919
v -4.195344 8.059892 0.243920
v -4.729189 8.475906 0.234429
v -4.715164 8.553934 0.224919
v -4.715169 8.397880 0.243925
v -5.400507 8.906190 0.234428
v -5.386500 8.970501 0.224919
v -5.386494 8.841880 0.243925
v -1.552479 7.171164 0.234369
v -1.544285 7.537024 0.225667
v -1.543422 6.805302 0.243875
v -1.534797 7.537024 0.244277
v -1.535659 6.805302 0.226069
v -2.170342 7.246327 0.234421
v -2.161066 7.668571 0.225083
v -2.161066 6.824084 0.243758
v -2.151793 7.668571 0.243758
v -2.151793 6.824084 0.225083
v -2.686851 7.813927 0.245952
v -2.675350 7.813927 0.222889
v -2.686851 6.824084 0.222889
v -2.675350 6.824084 0.245952
v -2.663850 7.813927 0.245952
v -2.663849 6.824084 0.222889
v -1.688905 7.196409 0.229800
v -1.835431 7.414321 0.229686
v -1.770124 7.310559 0.243719
v -1.852566 7.117954 0.243810
v -1.752778 7.055092 0.229803
v -1.952214 7.181322 0.229802
v -1.553341 6.960535 0.234472
v -2.163293 6.813708 0.225133
v -2.163293 6.813708 0.243809
v -1.553341 6.942618 0.243810
v -1.717799 5.696909 0.229801
v -1.919917 7.601012 0.225133
v -2.151650 7.279906 0.234471
v -2.161330 7.633566 0.229803
v -2.151650 7.311133 0.243809
v -1.919916 7.601012 0.243810
v -2.270796 7.434602 0.225136
v -2.368089 7.517244 0.253110
v -2.491530 7.609860 0.225104
v -3.206601 7.927617 0.240309
v -3.185968 7.160937 0.234471
v -2.675925 7.796645 0.246144
v -3.185968 7.197268 0.222798
v -2.675925 7.796645 0.222799
v -2.772911 7.287940 0.239047
v -3.681349 7.533220 0.225142
v -3.696300 7.543797 0.234474
v -3.200486 8.004023 0.225133
v -3.200486 8.004023 0.243809
v -3.707656 8.215869 0.243809
v -4.191822 7.891760 0.234471
v -3.379735 7.506917 0.239330
v -3.707656 8.215869 0.225132
v -4.176296 7.880784 0.225132
v -4.718829 8.250566 0.243809
v -4.199154 8.448467 0.234470
v -4.718828 8.250566 0.225132
v -4.199154 8.429718 0.243809
v -4.485100 8.026946 0.229678
v -4.873003 8.487408 0.225132
v -4.850981 8.560271 0.243823
v -4.813598 8.615840 0.238963
v -5.278195 8.792349 0.239143
v -5.165560 8.871232 0.238903
v -5.224623 8.837408 0.225142
v -5.393615 9.107695 0.225132
v -5.792249 9.004741 0.234470
v -5.393615 9.107695 0.243808
v -5.773560 8.991563 0.243808
v -5.383641 8.755115 0.229590
v -6.063215 9.307187 0.225120
v -5.928742 9.334711 0.243809
v -5.993183 9.309162 0.237337
v -1.199276 7.168197 0.222907
v -1.545003 7.519444 0.234472
v -0.984503 6.822650 0.234472
v -1.013109 6.822650 0.246145
v -1.512228 7.513938 0.246144
v -2.170203 7.246327 0.235000
v -2.160946 7.668571 0.225672
v -2.160860 6.824084 0.244323
v -2.151558 7.668571 0.244320
v -2.151645 6.824084 0.225669
v 0.646435 7.682249 -1.940118
v 0.646435 7.660564 -1.940118
v 0.065050 7.682249 -2.007004
v 0.065050 7.660564 -2.007004
v -0.513838 7.682249 -1.921136
v -0.513838 7.660564 -1.921136
v -1.050777 7.682249 -1.688367
v -1.050777 7.660564 -1.688367
v -1.821914 7.654058 -0.917146
v -1.509172 7.682249 -1.324561
v -1.509172 7.660564 -1.324561
v -1.857792 7.682249 -0.854508
v -1.857792 7.660564 -0.854508
v 1.190700 7.682249 -1.725038
v 1.190700 7.660564 -1.725038
v 1.660753 7.682249 -1.376419
v 1.660753 7.660564 -1.376419
v 1.711970 7.654058 -1.325555
v 2.024559 7.682249 -0.918023
v 2.024559 7.660564 -0.918023
v 2.257328 7.682249 -0.381085
v 2.257328 7.660564 -0.381085
v 2.343195 7.682249 0.197802
v 2.343195 7.660564 0.197802
v 2.276309 7.682249 0.779188
v 2.276309 7.660564 0.779188
v -0.442996 7.682249 2.409063
v -0.442996 7.660564 2.409063
v 0.138390 7.682249 2.475948
v 0.138390 7.660564 2.475948
v 0.717277 7.682249 2.390080
v 0.717277 7.660564 2.390080
v 1.254215 7.682249 2.157312
v 1.254215 7.660564 2.157312
v 1.712612 7.682249 1.793505
v 1.712612 7.660564 1.793505
v 2.061229 7.682249 1.323453
v 2.061229 7.660564 1.323453
v -0.987261 7.682249 2.193982
v -0.987261 7.660564 2.193982
v -1.457314 7.682249 1.845365
v -1.457314 7.660564 1.845365
v -1.821120 7.682249 1.386968
v -1.821120 7.660564 1.386968
v -2.053889 7.682249 0.850031
v -2.053889 7.660564 0.850031
v -2.139757 7.682249 0.271143
v -2.139757 7.660564 0.271143
v -2.072872 7.682249 -0.310243
v -2.072872 7.660564 -0.310243
v -0.367246 7.428647 0.020029
v -3.008762 7.976878 -1.215007
v -0.144988 8.117950 -3.110757
v 2.918359 7.856743 -1.886144
v 3.395837 8.074674 1.131993
v 0.334104 7.618716 0.768104
v 1.864806 7.899342 3.224541
v -1.041050 7.918690 3.508550
v -2.892187 7.994946 1.679377
v -0.098485 7.400722 0.762714
v -3.028504 7.918766 1.586314
v -1.259633 8.070473 3.285178
v 0.894316 7.943673 3.575711
v 2.805933 8.079745 2.299957
v 0.549648 7.400470 -0.082269
v 3.530242 7.981792 0.122724
v 2.586796 7.886987 -2.156489
v 0.288569 8.000573 -3.111405
v -1.763384 8.070473 -2.470159
v -0.466220 7.393405 0.156732
v -2.989674 8.054742 -0.881110
v 6.479230 9.613720 0.261856
v 6.447259 9.626298 -0.288944
v 3.426038 8.017824 0.119054
v 6.375269 9.626298 -0.835697
v 6.455125 9.613720 -0.289780
v 3.401105 8.017822 -0.165935
v 6.255901 9.626297 -1.374097
v 6.383032 9.613720 -0.837216
v 3.351428 8.017822 -0.447668
v 6.090063 9.626298 -1.900043
v 6.263503 9.613720 -1.376286
v 3.277387 8.017818 -0.723998
v 5.879016 9.626298 -2.409535
v 6.097444 9.613720 -1.902887
v 3.179541 8.017824 -0.992824
v 5.624368 9.626298 -2.898693
v 5.886122 9.613720 -2.413011
v 3.058640 8.017823 -1.252099
v 5.328055 9.626298 -3.363797
v 5.631142 9.613720 -2.902776
v 2.915600 8.017823 -1.499851
v 4.992334 9.626298 -3.801305
v 5.334449 9.613720 -3.368454
v 2.751513 8.017822 -1.734193
v 4.619759 9.626298 -4.207889
v 4.998297 9.613720 -3.806503
v 2.567626 8.017821 -1.953342
v 4.213165 9.626297 -4.580452
v 4.625247 9.613720 -4.213585
v 2.365338 8.017824 -2.155629
v 3.775647 9.626298 -4.916162
v 4.218135 9.613720 -4.586606
v 2.146189 8.017822 -2.339518
v 3.310537 9.626298 -5.212461
v 3.780063 9.613720 -4.922725
v 1.911848 8.017823 -2.503605
v 2.821370 9.626298 -5.467097
v 3.314362 9.613720 -5.219385
v 1.664096 8.017821 -2.646645
v 2.311873 9.626298 -5.678129
v 2.824579 9.613720 -5.474327
v 1.404822 8.017822 -2.767547
v 1.785921 9.626298 -5.843953
v 2.314437 9.613720 -5.685612
v 1.135995 8.017823 -2.865391
v 1.247519 9.626298 -5.963306
v 1.787825 9.613720 -5.851631
v 0.859665 8.017823 -2.939434
v 0.700762 9.626297 -6.035281
v 1.248746 9.613720 -5.971121
v 0.577932 8.017821 -2.989112
v 0.149815 9.626297 -6.059328
v 0.701305 9.613719 -6.043172
v 0.292943 8.017824 -3.014045
v -0.401124 9.626297 -6.035259
v 0.149676 9.613719 -6.067229
v 0.006874 8.017820 -3.014039
v -0.947877 9.626298 -5.963269
v -0.401960 9.613719 -6.043124
v -0.278115 8.017822 -2.989105
v -1.486276 9.626298 -5.843901
v -0.949396 9.613720 -5.971032
v -0.559848 8.017824 -2.939428
v -2.012222 9.626297 -5.678062
v -1.488465 9.613720 -5.851502
v -0.836178 8.017821 -2.865386
v -2.521715 9.626298 -5.467016
v -2.015067 9.613720 -5.685444
v -1.105004 8.017824 -2.767541
v -3.010873 9.626298 -5.212368
v -2.525190 9.613720 -5.474121
v -1.364279 8.017823 -2.646640
v -3.475978 9.626298 -4.916055
v -3.014956 9.613720 -5.219142
v -1.612031 8.017824 -2.503600
v -3.913485 9.626297 -4.580334
v -3.480635 9.613720 -4.922449
v -1.846372 8.017822 -2.339513
v -4.320068 9.626298 -4.207759
v -3.918683 9.613720 -4.586297
v -2.065522 8.017821 -2.155626
v -4.692632 9.626298 -3.801166
v -4.325765 9.613720 -4.213246
v -2.267809 8.017824 -1.953338
v -5.028342 9.626298 -3.363647
v -4.698786 9.613720 -3.806136
v -2.451697 8.017823 -1.734189
v -5.324641 9.626298 -2.898537
v -5.034905 9.613720 -3.368063
v -2.615785 8.017823 -1.499848
v -5.354406 9.617143 -2.810293
v -2.806209 8.006395 -1.171997
v -5.732996 9.632143 -1.975946
v -2.947297 8.029629 -0.865219
v -5.956133 9.626298 -1.373921
v -5.797791 9.613720 -1.902438
v -2.977572 8.017823 -0.723995
v -6.075486 9.626297 -0.835519
v -5.963810 9.613720 -1.375825
v -3.051615 8.017823 -0.447665
v -6.147461 9.626298 -0.288763
v -6.083301 9.613720 -0.836746
v -3.101293 8.017821 -0.165932
v -6.171507 9.626298 0.262185
v -6.155353 9.613720 -0.289305
v -3.126224 8.017826 0.119057
v 0.700944 9.626298 6.559438
v 0.150145 9.613720 6.591409
v 0.292946 8.017821 3.538219
v 1.247697 9.626298 6.487450
v 0.701780 9.613720 6.567304
v 0.577935 8.017823 3.513286
v 1.786097 9.626297 6.368081
v 1.249217 9.613720 6.495212
v 0.859668 8.017821 3.463609
v 2.312042 9.626298 6.202243
v 1.788286 9.613720 6.375681
v 1.135998 8.017820 3.389567
v 2.821535 9.626298 5.991197
v 2.314888 9.613720 6.209624
v 1.404824 8.017824 3.291722
v 3.310693 9.626298 5.736549
v 2.825011 9.613720 5.998302
v 1.664099 8.017822 3.170821
v 3.775797 9.626298 5.440236
v 3.314777 9.613720 5.743323
v 1.911852 8.017821 3.027781
v 4.213305 9.626298 5.104514
v 3.780454 9.613720 5.446629
v 2.146192 8.017823 2.863693
v 4.619889 9.626298 4.731939
v 4.218503 9.613720 5.110476
v 2.365342 8.017821 2.679806
v 4.992452 9.626297 4.325346
v 4.625586 9.613720 4.737427
v 2.567630 8.017822 2.477518
v 5.328162 9.626298 3.887828
v 4.998606 9.613720 4.330315
v 2.751517 8.017824 2.258369
v 5.624461 9.626297 3.422717
v 5.334724 9.613720 3.892243
v 2.915605 8.017823 2.024028
v 5.879097 9.626298 2.933549
v 5.631385 9.613720 3.426542
v 3.058646 8.017818 1.776277
v 6.090129 9.626298 2.424053
v 5.886327 9.613720 2.936759
v 3.179546 8.017824 1.517002
v 6.255953 9.626298 1.898101
v 6.097612 9.613720 2.426618
v 3.277393 8.017820 1.248176
v 6.375305 9.626298 1.359700
v 6.263630 9.613720 1.900006
v 3.351434 8.017823 0.971846
v 6.447281 9.626298 0.812943
v 6.383121 9.613720 1.360927
v 3.401112 8.017821 0.690113
v 6.471328 9.626297 0.261995
v 6.455173 9.613720 0.813485
v 3.426045 8.017822 0.405124
v -6.147438 9.626298 0.813124
v -6.179410 9.613720 0.262324
v -3.126218 8.017824 0.405126
v -6.075449 9.626297 1.359877
v -6.155303 9.613720 0.813960
v -3.101286 8.017822 0.690116
v -5.956080 9.626297 1.898276
v -6.083210 9.613720 1.361397
v -3.051609 8.017822 0.971848
v -5.790243 9.626297 2.424222
v -5.963682 9.613720 1.900466
v -2.977567 8.017821 1.248179
v -5.579197 9.626298 2.933715
v -5.797625 9.613720 2.427067
v -2.879722 8.017823 1.517005
v -5.324548 9.626298 3.422873
v -5.586302 9.613720 2.937190
v -2.758820 8.017824 1.776279
v -5.028235 9.626298 3.887978
v -5.331322 9.613720 3.426956
v -2.615781 8.017823 2.024031
v -4.692514 9.626297 4.325484
v -5.034629 9.613720 3.892634
v -2.451693 8.017824 2.258373
v -4.319940 9.626298 4.732069
v -4.698477 9.613720 4.330683
v -2.267806 8.017820 2.477522
v -3.913346 9.626297 5.104632
v -4.325427 9.613720 4.737765
v -2.065518 8.017821 2.679810
v -3.475828 9.626298 5.440341
v -3.918316 9.613720 5.110786
v -1.846369 8.017822 2.863698
v -3.010717 9.626298 5.736641
v -3.480244 9.613720 5.446905
v -1.612028 8.017823 3.027786
v -2.521550 9.626298 5.991277
v -3.014542 9.613720 5.743565
v -1.364276 8.017820 3.170826
v -2.012053 9.626298 6.202309
v -2.524759 9.613720 5.998506
v -1.105001 8.017826 3.291726
v -1.486101 9.626298 6.368133
v -2.014618 9.613720 6.209791
v -0.836175 8.017823 3.389572
v -0.947700 9.626297 6.487486
v -1.488005 9.613720 6.375810
v -0.559846 8.017821 3.463615
v -0.400943 9.626298 6.559461
v -0.948926 9.613720 6.495301
v -0.278113 8.017823 3.513292
v 0.150005 9.626298 6.583508
v -0.401485 9.613720 6.567352
v 0.006877 8.017823 3.538225
v 6.447254 9.644691 -0.288950
v 6.479225 9.632113 0.261849
v 3.426034 8.036216 0.119048
v 6.375264 9.644691 -0.835703
v 6.455120 9.632113 -0.289786
v 3.401101 8.036215 -0.165942
v 6.255897 9.644691 -1.374103
v 6.383027 9.632113 -0.837223
v 3.351424 8.036217 -0.447674
v 6.090058 9.644691 -1.900049
v 6.263497 9.632113 -1.376292
v 3.277381 8.036214 -0.724004
v 5.879012 9.644691 -2.409541
v 6.097440 9.632113 -1.902894
v 3.179537 8.036215 -0.992831
v 5.624363 9.644691 -2.898700
v 5.886117 9.632113 -2.413017
v 3.058635 8.036217 -1.252105
v 5.328050 9.644691 -3.363804
v 5.631137 9.632113 -2.902783
v 2.915596 8.036214 -1.499858
v 4.992329 9.644691 -3.801311
v 5.334444 9.632113 -3.368460
v 2.751509 8.036214 -1.734199
v 4.619754 9.644691 -4.207895
v 4.998292 9.632113 -3.806509
v 2.567621 8.036214 -1.953349
v 4.213161 9.644691 -4.580459
v 4.625242 9.632113 -4.213592
v 2.365333 8.036216 -2.155636
v 3.775643 9.644691 -4.916168
v 4.218130 9.632113 -4.586613
v 2.146184 8.036215 -2.339524
v 3.310532 9.644691 -5.212468
v 3.780058 9.632113 -4.922731
v 1.911843 8.036216 -2.503612
v 2.821365 9.644691 -5.467103
v 3.314357 9.632113 -5.219391
v 1.664092 8.036213 -2.646652
v 2.311868 9.644691 -5.678135
v 2.824574 9.632113 -5.474333
v 1.404817 8.036218 -2.767552
v 1.785916 9.644691 -5.843960
v 2.314433 9.632113 -5.685618
v 1.135990 8.036215 -2.865398
v 1.247515 9.644691 -5.963312
v 1.787821 9.632113 -5.851637
v 0.859661 8.036216 -2.939441
v 0.700758 9.644691 -6.035288
v 1.248741 9.632113 -5.971128
v 0.577928 8.036214 -2.989118
v 0.149810 9.644691 -6.059335
v 0.701300 9.632113 -6.043180
v 0.292939 8.036217 -3.014051
v -0.401128 9.644691 -6.035265
v 0.149671 9.632113 -6.067236
v 0.006869 8.036216 -3.014045
v -0.947881 9.644691 -5.963275
v -0.401964 9.632113 -6.043131
v -0.278120 8.036214 -2.989112
v -1.486281 9.644691 -5.843908
v -0.949401 9.632113 -5.971038
v -0.559853 8.036214 -2.939435
v -2.012227 9.644691 -5.678069
v -1.488470 9.632113 -5.851509
v -0.836183 8.036213 -2.865393
v -2.521719 9.644691 -5.467023
v -2.015072 9.632113 -5.685451
v -1.105009 8.036217 -2.767547
v -3.010877 9.644691 -5.212375
v -2.525195 9.632113 -5.474128
v -1.364284 8.036216 -2.646646
v -3.475982 9.644691 -4.916062
v -3.014961 9.632113 -5.219149
v -1.612036 8.036215 -2.503607
v -3.913489 9.644691 -4.580341
v -3.480639 9.632113 -4.922456
v -1.846377 8.036213 -2.339520
v -4.320073 9.644691 -4.207766
v -3.918687 9.632113 -4.586303
v -2.065526 8.036217 -2.155632
v -4.692636 9.644691 -3.801172
v -4.325769 9.632113 -4.213253
v -2.267814 8.036215 -1.953345
v -5.028346 9.644691 -3.363654
v -4.698791 9.632113 -3.806141
v -2.451702 8.036216 -1.734195
v -5.324646 9.644691 -2.898543
v -5.034909 9.632113 -3.368069
v -2.615790 8.036216 -1.499854
v -5.579281 9.644691 -2.409377
v -5.331569 9.632113 -2.902369
v -2.758830 8.036213 -1.252103
v -5.790313 9.644691 -1.899879
v -5.586511 9.632113 -2.412585
v -2.879730 8.036220 -0.992827
v -5.956137 9.644691 -1.373927
v -5.797796 9.632113 -1.902444
v -2.977577 8.036214 -0.724001
v -6.075490 9.644691 -0.835526
v -5.963814 9.632113 -1.375832
v -3.051620 8.036215 -0.447672
v -6.147465 9.644691 -0.288769
v -6.083305 9.632113 -0.836752
v -3.101297 8.036215 -0.165939
v -6.171512 9.644691 0.262179
v -6.155357 9.632113 -0.289311
v -3.126230 8.036217 0.119050
v 0.700939 9.644691 6.559432
v 0.150140 9.632113 6.591403
v 0.292942 8.036217 3.538212
v 1.247692 9.644691 6.487442
v 0.701775 9.632113 6.567297
v 0.577931 8.036215 3.513279
v 1.786092 9.644691 6.368073
v 1.249212 9.632113 6.495205
v 0.859664 8.036214 3.463603
v 2.312038 9.644691 6.202236
v 1.788281 9.632113 6.375675
v 1.135994 8.036214 3.389560
v 2.821530 9.644691 5.991190
v 2.314883 9.632113 6.209618
v 1.404820 8.036214 3.291716
v 3.310688 9.644691 5.736541
v 2.825006 9.632113 5.998295
v 1.664095 8.036217 3.170814
v 3.775793 9.644691 5.440228
v 3.314772 9.632113 5.743316
v 1.911847 8.036215 3.027774
v 4.213300 9.644691 5.104507
v 3.780449 9.632113 5.446622
v 2.146188 8.036214 2.863687
v 4.619884 9.644691 4.731932
v 4.218498 9.632113 5.110470
v 2.365337 8.036217 2.679799
v 4.992448 9.644691 4.325338
v 4.625581 9.632113 4.737420
v 2.567625 8.036216 2.477512
v 5.328157 9.644691 3.887821
v 4.998601 9.632113 4.330308
v 2.751513 8.036216 2.258363
v 5.624457 9.644691 3.422710
v 5.334721 9.632113 3.892236
v 2.915601 8.036216 2.024022
v 5.879092 9.644691 2.933543
v 5.631380 9.632113 3.426536
v 3.058641 8.036214 1.776270
v 6.090123 9.644691 2.424046
v 5.886322 9.632113 2.936752
v 3.179541 8.036217 1.516995
v 6.255949 9.644691 1.898095
v 6.097608 9.632113 2.426611
v 3.277387 8.036217 1.248169
v 6.375301 9.644691 1.359693
v 6.263626 9.632113 1.899999
v 3.351430 8.036216 0.971839
v 6.447277 9.644691 0.812936
v 6.383117 9.632113 1.360920
v 3.401107 8.036215 0.690106
v 6.471323 9.644691 0.261989
v 6.455168 9.632113 0.813479
v 3.426040 8.036217 0.405117
v -6.147442 9.644691 0.813117
v -6.179414 9.632113 0.262318
v -3.126223 8.036217 0.405120
v -6.075454 9.644691 1.359870
v -6.155309 9.632113 0.813953
v -3.101290 8.036215 0.690109
v -5.956086 9.644691 1.898270
v -6.083216 9.632113 1.361390
v -3.051614 8.036214 0.971842
v -5.790247 9.644691 2.424216
v -5.963686 9.632113 1.900459
v -2.977571 8.036215 1.248172
v -5.579201 9.644691 2.933708
v -5.797628 9.632113 2.427060
v -2.879725 8.036218 1.516998
v -5.324553 9.644691 3.422866
v -5.586307 9.632113 2.937184
v -2.758825 8.036215 1.776273
v -5.028240 9.644691 3.887971
v -5.331327 9.632113 3.426950
v -2.615785 8.036216 2.024024
v -4.692519 9.644691 4.325478
v -5.034634 9.632113 3.892628
v -2.451698 8.036216 2.258366
v -4.319943 9.644691 4.732062
v -4.698482 9.632113 4.330676
v -2.267811 8.036214 2.477516
v -3.913350 9.644691 5.104626
v -4.325431 9.632113 4.737759
v -2.065523 8.036216 2.679803
v -3.475833 9.644691 5.440335
v -3.918320 9.632113 5.110779
v -1.846373 8.036217 2.863691
v -3.010721 9.644691 5.736635
v -3.480248 9.632113 5.446898
v -1.612033 8.036215 3.027779
v -2.521555 9.644691 5.991270
v -3.014547 9.632113 5.743558
v -1.364281 8.036214 3.170819
v -2.012058 9.644691 6.202302
v -2.524764 9.632113 5.998500
v -1.105006 8.036217 3.291720
v -1.486105 9.644691 6.368126
v -2.014623 9.632113 6.209784
v -0.836180 8.036215 3.389566
v -0.947704 9.644691 6.487479
v -1.488010 9.632113 6.375804
v -0.559850 8.036216 3.463609
v -0.400947 9.644691 6.559454
v -0.948931 9.632113 6.495294
v -0.278117 8.036215 3.513285
v 0.150000 9.644691 6.583501
v -0.401490 9.632113 6.567345
v 0.006872 8.036217 3.538218
v -6.084120 9.671750 1.361354
v -5.477317 9.671750 3.191447
v -3.910569 9.670914 5.164621
v -1.488489 9.671749 6.376676
v 0.538706 9.670436 6.571995
v 2.464210 9.673063 6.145125
v 4.218938 9.671750 5.111372
v 5.377828 9.669910 3.795405
v 6.042843 9.673589 2.517922
v 6.456108 9.671749 0.813813
v 6.267337 9.673063 -1.364933
v 5.500424 9.671750 -3.146557
v 4.335728 9.668684 -4.476781
v 2.910765 9.673589 -5.411807
v 0.719145 9.674814 -6.090058
v -0.486078 9.662552 -6.051557
v -2.449365 9.675691 -5.513740
v -4.157201 9.670728 -4.398383
v -5.582147 9.673063 -2.423737
v -6.139858 9.671750 -0.565997
v 0.367525 12.905122 0.106628
v 0.367525 12.927288 0.082245
v 0.367525 11.841657 0.098500
v 0.343142 12.905122 0.106628
v 0.343142 11.841657 0.106628
v 0.343142 11.841657 0.082245
v 0.343142 12.905122 0.082245
v 0.367525 11.841657 0.425681
v 0.367525 12.905122 0.417554
v 0.367525 12.927288 0.441936
v 0.343142 11.841657 0.417554
v 0.343142 12.905122 0.417554
v 0.343142 11.841657 0.441936
v 0.343142 12.905122 0.441936
v -0.067697 11.841660 0.098500
v -0.067697 12.927291 0.082245
v -0.067697 12.905125 0.106627
v -0.043314 12.905125 0.106627
v -0.043314 11.841660 0.106627
v -0.043314 12.905125 0.082245
v -0.043314 11.841660 0.082245
v -0.067697 11.841660 0.425681
v -0.067697 12.927291 0.441936
v -0.067697 12.905125 0.417554
v -0.043314 12.905125 0.417554
v -0.043314 11.841660 0.417554
v -0.043314 12.905125 0.441936
v -0.043314 11.841660 0.441936
v -0.043314 12.927291 0.106627
v 0.343142 12.927288 0.106628
v -0.043314 12.927291 0.417554
v 0.343142 12.927288 0.417554
v 0.343832 12.805055 0.106628
v 0.343832 12.805055 0.417554
v -0.043495 12.805019 0.417734
v 0.343142 12.804910 0.441936
v -0.043495 12.805019 0.106447
v 0.343142 12.804910 0.082245
v 0.588305 12.696986 0.251825
v 0.588305 12.696986 0.272356
v 0.600305 12.696986 0.272356
v 0.600305 12.696986 0.251825
v 0.577176 12.698055 -0.429714
v 0.584647 12.835899 0.928606
v 0.571551 12.728040 -0.414979
v 0.597429 12.186966 0.781965
v 0.597851 12.187004 -0.257583
v 0.600284 12.147103 -0.256767
v 0.600284 12.147103 0.780948
v 0.585347 12.177295 0.772304
v 0.590972 12.147309 0.785416
v 0.590973 12.147309 -0.261234
v 0.585347 12.177295 -0.248123
v -0.277348 12.698058 -0.429714
v -0.280130 12.707491 0.946255
v -0.288909 12.916020 0.914052
v -0.271724 12.728041 -0.414980
v -0.297594 12.186969 0.781969
v -0.300457 12.147106 0.780948
v -0.300456 12.147106 -0.256767
v -0.298007 12.187007 -0.257590
v -0.285519 12.177298 0.772304
v -0.285519 12.177298 -0.248123
v -0.291145 12.147312 -0.261235
v -0.291145 12.147312 0.785416
v 0.149940 12.661419 -0.282854
v 0.601860 12.156259 -0.277039
v -0.302075 12.156251 -0.277010
v 0.149923 12.216844 -0.255505
v 0.599120 12.156343 0.802581
v 0.593494 12.186328 0.789469
v -0.293666 12.186330 0.789469
v -0.299293 12.156346 0.802581
v 0.573568 12.724593 0.918223
v -0.273741 12.724598 0.918226
v -0.092670 12.087427 0.262090
v 0.392497 12.087427 0.262091
v -0.284212 12.523685 0.264144
v -0.304750 12.437035 0.272356
v -0.296536 12.350385 0.251825
v -0.281532 12.183040 0.778375
v -0.317794 12.206844 0.827561
v -0.281527 12.183041 -0.254194
v -0.317782 12.206843 -0.303377
v 0.581359 12.183037 0.778375
v 0.617628 12.206841 0.827560
v 0.581360 12.183040 -0.254195
v 0.617623 12.206843 -0.303381
v -1.175067 7.899879 -2.296071
v -1.197736 7.924812 -2.343368
v -0.992073 8.411678 -1.894774
v -1.001384 8.411470 -1.890306
v -1.116614 7.775249 -1.942252
v -1.108877 7.775341 -1.946406
v -1.004854 8.420585 -1.909660
v -1.000221 8.420712 -1.911939
v -1.119724 7.784287 -1.962026
v -1.009531 8.420506 -1.907471
v -1.126335 7.784168 -1.959103
v -1.155566 8.563672 -2.172209
v -1.159852 8.563599 -2.170203
v -1.101416 8.564595 -2.197556
v -0.934069 7.778208 -2.027637
v -1.097130 8.564669 -2.199562
v -0.941176 7.777993 -2.024431
v -0.947904 7.787053 -2.042318
v -0.940012 7.787235 -2.046063
v -1.105277 8.573704 -2.216726
v -1.109563 8.573631 -2.214720
v -1.167999 8.572634 -2.187367
v -1.163713 8.572706 -2.189373
v -1.171933 7.913511 -2.293142
v -1.176974 7.922606 -2.311790
v -1.186266 7.922386 -2.307297
v -1.184888 7.938629 -2.339417
v -1.178233 7.929585 -2.321666
v -1.189174 7.938556 -2.337411
v -1.194631 7.929248 -2.313787
v -1.201369 7.938318 -2.331685
v -1.190345 7.929322 -2.315794
v -0.903283 9.670947 -1.735070
v -0.905012 9.641027 -1.750000
v -0.898102 9.631992 -1.732301
v -0.891239 9.661978 -1.719724
v -0.398889 12.338751 -0.570323
v -0.390576 12.330289 -0.552911
v -0.262087 12.707706 -0.400981
v -0.272358 12.716809 -0.419070
v -0.394862 12.330216 -0.550904
v -0.265879 12.707683 -0.399115
v -0.995758 8.441456 -1.877195
v -1.014916 8.453863 -1.897350
v -0.996873 8.450611 -1.897655
v -1.162372 8.602618 -2.174257
v -0.999960 9.137332 -1.970045
v -1.093651 8.594624 -2.185459
v -1.140037 8.602999 -2.184711
v -0.806453 9.502822 -1.434189
v -0.909475 8.954536 -1.673927
v -0.895626 8.975117 -1.643832
v -0.801119 9.478795 -1.423581
v -0.799955 9.488036 -1.445213
v -0.896741 8.984272 -1.664291
v -0.804589 9.487909 -1.442934
v -0.997427 9.098468 -1.964746
v -0.995658 9.128242 -1.951081
v -0.907472 9.636637 -1.738904
v -1.034420 9.228001 -1.880053
v -0.959698 9.660021 -1.713907
v -1.059830 9.126359 -1.947270
v -0.795493 9.508780 -1.410470
v -0.796608 9.517935 -1.430929
v -0.952543 9.660941 -1.691053
v -0.895525 9.661904 -1.717718
v -0.901252 8.945133 -1.656944
v -0.900088 8.954374 -1.678577
v -0.904722 8.954247 -1.676297
v -1.005149 9.102774 -1.972860
v -1.059719 9.097261 -1.936840
v -1.055434 9.097335 -1.938846
v -0.506055 11.103808 -0.734102
v -0.609077 10.555523 -0.973839
v -0.595228 10.576104 -0.943744
v -0.500721 11.079782 -0.723493
v -0.499558 11.089023 -0.745125
v -0.596343 10.585259 -0.964203
v -0.504192 11.088896 -0.742846
v -0.692163 10.013097 -1.195466
v -0.622205 11.247001 -1.011719
v -0.703752 10.718328 -1.278490
v -0.697030 10.699455 -1.264657
v -0.695259 10.729229 -1.250993
v -0.637703 11.243905 -1.028023
v -0.466980 12.308907 -0.553648
v -0.734022 10.828987 -1.179965
v -0.861975 10.203604 -1.474168
v -0.659300 11.261008 -1.013818
v -0.759432 10.727345 -1.247181
v -0.495095 11.109766 -0.710381
v -0.496210 11.118921 -0.730840
v -0.590841 11.262964 -1.019636
v -0.595127 11.262891 -1.017630
v -0.405923 11.637470 -0.500739
v -0.400589 11.613442 -0.490130
v -0.399425 11.622685 -0.511763
v -0.404059 11.622558 -0.509483
v -0.497572 11.766640 -0.798850
v -0.404350 12.309340 -0.583188
v -0.533029 11.790133 -0.795314
v -0.559057 11.765573 -0.770026
v -0.554771 11.765645 -0.772033
v -0.394963 11.643427 -0.477018
v -0.396077 11.652584 -0.497478
v -0.552012 11.795590 -0.757601
v -0.490709 11.796626 -0.786273
v -0.494994 11.796554 -0.784267
v -0.712111 10.034124 -1.201357
v -0.695361 10.042441 -1.177107
v -0.600854 10.546120 -0.956855
v -0.599690 10.555362 -0.978488
v -0.696475 10.051597 -1.197566
v -0.604324 10.555234 -0.976209
v -0.791106 10.195639 -1.486362
v -0.700886 10.699244 -1.264105
v -0.818225 10.200967 -1.486907
v -0.807290 10.184612 -1.510261
v -0.759322 10.698248 -1.236752
v -0.822470 10.179676 -1.478445
v -0.755036 10.698321 -1.238758
v -0.700986 10.012457 -1.190218
v -0.704457 10.021571 -1.209572
v -0.861365 10.171101 -1.484192
v -0.308603 12.156142 -0.273932
v -0.397965 12.300361 -0.565391
v -0.458924 12.299235 -0.536663
v -0.454638 12.299309 -0.538670
v -0.451874 12.329248 -0.524231
v -0.457159 12.338327 -0.542722
v -0.332462 12.715720 -0.387820
v -0.321605 12.706636 -0.370065
v -0.328176 12.715794 -0.390044
v -0.281371 12.294917 -0.281494
v -0.262783 12.707695 -0.400618
v -0.270928 12.716731 -0.419647
v -0.398846 12.334491 -0.558969
v -0.395385 12.334517 -0.560513
v -0.324825 12.711548 -0.380874
v -0.328287 12.711522 -0.379162
v -0.326150 12.713014 -0.383961
v -0.396709 12.335983 -0.563298
v -0.553076 11.791007 -0.759600
v -0.561221 11.800041 -0.776766
v -0.305490 12.156503 -0.269237
v -0.387631 11.638907 -0.482878
v -0.398257 12.295630 -0.567390
v -0.406402 12.304665 -0.584555
v -0.561916 11.800029 -0.776439
v -0.397562 12.295643 -0.567717
v -0.467016 12.051736 -0.685792
v -0.476182 12.048126 -0.673927
v -0.479232 12.051568 -0.680661
v -0.754602 10.716960 -1.229266
v -0.762747 10.725994 -1.246431
v -0.507024 11.082444 -0.738917
v -0.589160 10.564982 -0.952559
v -0.599783 11.221583 -1.037054
v -0.607928 11.230619 -1.054220
v -0.763442 10.725982 -1.246104
v -0.599088 11.221596 -1.037382
v -0.679171 10.974759 -1.144660
v -0.678302 10.973269 -1.141675
v -0.680779 10.974503 -1.143520
v -0.652540 11.260905 -0.991406
v -0.660685 11.269939 -1.008571
v -0.404965 11.626384 -0.501064
v -0.487097 11.108888 -0.714694
v -0.497721 11.765528 -0.799195
v -0.505866 11.774564 -0.816361
v -0.661380 11.269928 -1.008245
v -0.497026 11.765541 -0.799522
v -0.570821 11.520327 -0.912922
v -0.575188 11.517222 -0.904134
v -0.578470 11.519212 -0.907437
v -1.052007 9.131924 -1.922379
v -1.060152 9.140958 -1.939544
v -0.804414 9.497428 -1.432001
v -0.886564 8.979875 -1.645663
v -0.905333 9.645582 -1.747333
v -0.897188 9.636547 -1.730168
v -1.060847 9.140945 -1.939218
v -0.896493 9.636559 -1.730495
v -0.969864 9.391784 -1.845095
v -0.976725 9.389688 -1.837637
v -0.978688 9.393510 -1.845641
v -1.153006 8.593646 -2.157759
v -0.900171 8.945193 -1.657544
v -0.993761 8.778094 -1.945862
v -0.987563 8.441665 -1.881052
v -0.998187 9.098270 -1.965549
v -1.006332 9.107306 -1.982714
v -1.076151 8.851864 -2.074661
v -1.076533 8.850024 -2.070363
v -1.079179 8.851452 -2.072607
v -0.952543 9.662025 -1.690573
v -0.960688 9.671060 -1.707739
v -0.704926 10.027562 -1.200149
v -0.787099 9.509963 -1.413856
v -0.805869 10.175684 -1.515527
v -0.797724 10.166648 -1.498363
v -0.961383 9.671047 -1.707412
v -0.797029 10.166661 -1.498689
v -0.867671 9.922306 -1.615264
v -0.874289 9.918136 -1.603111
v -0.878218 9.919988 -1.605881
v -0.852608 10.194633 -1.457671
v -0.694207 10.379087 -1.245330
v -0.599773 10.546181 -0.957455
v -0.687165 10.042620 -1.180960
v -0.697789 10.699257 -1.265460
v -0.705934 10.708292 -1.282626
v -0.772382 10.453922 -1.378337
v -0.777518 10.452246 -1.372545
v -0.779221 10.455783 -1.379961
v -1.175068 7.899879 2.820253
v -1.197736 7.924812 2.867549
v -0.992074 8.411679 2.418955
v -1.001385 8.411472 2.414487
v -1.116615 7.775249 2.466433
v -1.108878 7.775342 2.470587
v -1.004855 8.420586 2.433841
v -1.000221 8.420712 2.436120
v -1.119725 7.784289 2.486207
v -1.009532 8.420506 2.431653
v -1.126336 7.784169 2.483284
v -1.155567 8.563672 2.696390
v -1.159853 8.563600 2.694384
v -1.101416 8.564596 2.721736
v -1.097131 8.564670 2.723743
v -0.934070 7.778209 2.551819
v -0.941177 7.777995 2.548612
v -0.947904 7.787055 2.566499
v -0.940013 7.787235 2.570244
v -1.105278 8.573705 2.740906
v -1.109564 8.573631 2.738901
v -1.168000 8.572635 2.711548
v -1.163714 8.572708 2.713554
v -1.171935 7.913512 2.817324
v -1.176975 7.922607 2.835971
v -1.186267 7.922389 2.831478
v -1.178234 7.929585 2.845847
v -1.184889 7.938629 2.863598
v -1.189175 7.938556 2.861592
v -1.202779 7.938284 2.855132
v -1.191755 7.929287 2.839240
v -1.198493 7.938358 2.857139
v -0.903283 9.670948 2.259251
v -0.891240 9.661978 2.243906
v -0.898102 9.631993 2.256482
v -0.905013 9.641028 2.274182
v -0.390576 12.330291 1.077092
v -0.262088 12.707708 0.916979
v -0.394862 12.330216 1.075086
v -0.265880 12.707683 0.915113
v -0.995759 8.441456 2.401376
v -1.014925 8.453864 2.421528
v -0.996874 8.450612 2.421836
v -0.999961 9.137333 2.494226
v -1.093652 8.594625 2.709640
v -1.140038 8.602999 2.708891
v -0.806454 9.502823 1.958371
v -0.909475 8.954536 2.198109
v -0.895626 8.975118 2.168013
v -0.801119 9.478796 1.947762
v -0.799956 9.488037 1.969395
v -0.896741 8.984274 2.188473
v -0.804590 9.487910 1.967115
v -0.692163 10.013097 1.719647
v -0.997429 9.098469 2.488927
v -0.995658 9.128242 2.475262
v -0.907474 9.636638 2.263086
v -1.162373 8.602618 2.698437
v -1.034422 9.228001 2.404233
v -0.959698 9.660022 2.238088
v -1.059831 9.126359 2.471451
v -0.795494 9.508780 1.934651
v -0.796608 9.517935 1.955111
v -0.952543 9.660942 2.215233
v -0.895525 9.661905 2.241900
v -0.901252 8.945134 2.181125
v -0.900088 8.954375 2.202758
v -0.904723 8.954247 2.200479
v -1.005151 9.102773 2.497041
v -1.059720 9.097262 2.461021
v -1.055434 9.097335 2.463027
v -0.506056 11.103809 1.258283
v -0.609078 10.555523 1.498020
v -0.595229 10.576105 1.467925
v -0.500722 11.079783 1.247674
v -0.499558 11.089024 1.269307
v -0.596343 10.585261 1.488384
v -0.504192 11.088897 1.267027
v -0.622205 11.247004 1.535900
v -0.697030 10.699455 1.788838
v -0.703752 10.718328 1.802672
v -0.695260 10.729229 1.775174
v -0.637703 11.243905 1.552205
v -0.466984 12.308925 1.077873
v -0.861977 10.203605 1.998348
v -0.734022 10.828987 1.704146
v -0.659300 11.261008 1.538000
v -0.759433 10.727345 1.771362
v -0.495096 11.109767 1.234562
v -0.496211 11.118922 1.255022
v -0.590842 11.262964 1.543817
v -0.595127 11.262892 1.541812
v -0.405923 11.637471 1.024920
v -0.400589 11.613443 1.014311
v -0.399425 11.622685 1.035944
v -0.404059 11.622559 1.033665
v -0.497572 11.766640 1.323031
v -0.302992 12.722564 0.932136
v -0.533030 11.790133 1.319495
v -0.559057 11.765573 1.294207
v -0.554771 11.765646 1.296214
v -0.394963 11.643427 1.001200
v -0.396078 11.652584 1.021659
v -0.552013 11.795592 1.281782
v -0.490709 11.796627 1.310454
v -0.494995 11.796554 1.308449
v -0.712110 10.034125 1.725539
v -0.695361 10.042442 1.701288
v -0.600854 10.546121 1.481036
v -0.599690 10.555362 1.502669
v -0.696476 10.051598 1.721747
v -0.604324 10.555234 1.500390
v -0.791107 10.195640 2.010543
v -0.700886 10.699244 1.788285
v -0.818227 10.200968 2.011089
v -0.807291 10.184612 2.034442
v -0.822470 10.179677 2.002625
v -0.759322 10.698249 1.760933
v -0.755036 10.698321 1.762939
v -0.700987 10.012458 1.714399
v -0.704457 10.021572 1.733752
v -0.861366 10.171101 2.008373
v -0.308603 12.156142 0.798113
v -0.303927 12.156221 0.800301
v -0.397439 12.300304 1.089668
v -0.433264 12.325654 1.085266
v -0.458924 12.299236 1.060845
v -0.454638 12.299309 1.062851
v -0.451875 12.329249 1.048412
v -0.332463 12.715721 0.903818
v -0.321569 12.706631 0.886068
v -0.328177 12.715794 0.906042
v -0.281387 12.294543 0.803757
v -0.270928 12.716731 0.935646
v -0.262783 12.707695 0.916617
v -0.398847 12.334492 1.083150
v -0.328287 12.711524 0.895159
v -0.324825 12.711548 0.896872
v -0.395385 12.334517 1.084694
v -0.326150 12.713015 0.899959
v -0.396710 12.335983 1.087479
v -0.553076 11.791007 1.283782
v -0.305551 12.156418 0.793538
v -0.561221 11.800042 1.300947
v -0.387633 11.638964 1.007067
v -0.406402 12.304667 1.108736
v -0.398257 12.295631 1.091571
v -0.561917 11.800030 1.300620
v -0.397562 12.295643 1.091897
v -0.481802 12.047836 1.195375
v -0.478342 12.047863 1.196918
v -0.479667 12.049327 1.199700
v -0.754503 10.716846 1.753228
v -0.510548 11.077530 1.270098
v -0.762748 10.725994 1.770612
v -0.589161 10.565001 1.476743
v -0.607929 11.230619 1.578401
v -0.599783 11.221583 1.561236
v -0.763443 10.725983 1.770285
v -0.599088 11.221597 1.561563
v -0.679275 10.974705 1.668670
v -0.678275 10.973234 1.665786
v -0.680739 10.974363 1.667394
v -0.652541 11.260905 1.515587
v -0.405010 11.626325 1.025333
v -0.660686 11.269941 1.532753
v -0.487097 11.108857 1.238871
v -0.505867 11.774564 1.340542
v -0.497722 11.765530 1.323376
v -0.661381 11.269928 1.532426
v -0.497027 11.765542 1.323703
v -0.577757 11.518783 1.430936
v -0.578135 11.518367 1.429937
v -0.579273 11.520967 1.435400
v -1.052008 9.131925 2.446560
v -0.804516 9.497289 1.956384
v -1.060153 9.140958 2.463726
v -0.886565 8.979912 2.169849
v -0.897189 9.636547 2.254349
v -0.905334 9.645583 2.271514
v -1.060848 9.140946 2.463399
v -0.896493 9.636559 2.254676
v -0.970872 9.391460 2.368141
v -0.976813 9.389564 2.361522
v -0.978571 9.393175 2.369088
v -1.153006 8.593647 2.681940
v -1.000128 8.778158 2.466781
v -0.900172 8.945194 2.181725
v -0.987563 8.441623 2.405228
v -1.006332 9.107306 2.506895
v -0.998187 9.098271 2.489730
v -1.075346 8.852151 2.599812
v -1.077245 8.850543 2.595459
v -1.079387 8.852859 2.599915
v -0.952543 9.662025 2.214754
v -0.705002 10.027459 1.724479
v -0.960688 9.671061 2.231920
v -0.787100 9.510004 1.938042
v -0.797724 10.166649 2.022543
v -0.805869 10.175684 2.039708
v -0.961383 9.671047 2.231593
v -0.797029 10.166662 2.022870
v -0.871149 9.921324 2.135856
v -0.875084 9.918225 2.127256
v -0.878392 9.919982 2.130010
v -0.852609 10.194634 1.981852
v -0.599774 10.546182 1.481637
v -0.695971 10.379117 1.768633
v -0.687165 10.042592 1.705137
v -0.705935 10.708293 1.806807
v -0.697789 10.699258 1.789641
v -0.770189 10.454567 1.904841
v -0.777457 10.452488 1.897264
v -0.779277 10.456468 1.905673
v -0.292478 12.696990 0.272356
v -0.295478 12.398089 0.107915
v -0.294478 12.177093 0.780568
v 1.474895 7.899876 -2.296071
v 1.497564 7.924809 -2.343368
v 1.291901 8.411674 -1.894774
v 1.301212 8.411468 -1.890306
v 1.416443 7.775245 -1.942252
v 1.408705 7.775337 -1.946406
v 1.304682 8.420582 -1.909659
v 1.419554 7.784285 -1.962026
v 1.300048 8.420709 -1.911939
v 1.426164 7.784164 -1.959103
v 1.309359 8.420502 -1.907471
v 1.455394 8.563668 -2.172208
v 1.459680 8.563595 -2.170202
v 1.401244 8.564591 -2.197555
v 1.233897 7.778205 -2.027638
v 1.396958 8.564665 -2.199561
v 1.241004 7.777990 -2.024430
v 1.247732 7.787050 -2.042317
v 1.239841 7.787231 -2.046063
v 1.405105 8.573700 -2.216725
v 1.409391 8.573627 -2.214719
v 1.467827 8.572631 -2.187366
v 1.463541 8.572702 -2.189373
v 1.471762 7.913507 -2.293142
v 1.486094 7.922383 -2.307297
v 1.476802 7.922604 -2.311789
v 1.484716 7.938625 -2.339416
v 1.478062 7.929581 -2.321665
v 1.489002 7.938552 -2.337410
v 1.491583 7.929283 -2.315059
v 1.502606 7.938280 -2.330951
v 1.498320 7.938354 -2.332957
v 1.203110 9.670944 -1.735069
v 1.204840 9.641024 -1.750000
v 1.197930 9.631989 -1.732300
v 1.191067 9.661974 -1.719724
v 0.698717 12.338748 -0.570323
v 0.690404 12.330286 -0.552910
v 0.561915 12.707705 -0.400981
v 0.572187 12.716806 -0.419070
v 0.694689 12.330214 -0.550904
v 0.565707 12.707680 -0.399115
v 1.295586 8.441451 -1.877195
v 1.314750 8.453863 -1.897346
v 1.296701 8.450606 -1.897654
v 1.462201 8.602613 -2.174255
v 1.299788 9.137329 -1.970045
v 1.393480 8.594620 -2.185459
v 1.439865 8.602994 -2.184710
v 1.106281 9.502819 -1.434189
v 1.100947 9.478792 -1.423581
v 1.195454 8.975114 -1.643831
v 1.209303 8.954532 -1.673927
v 1.099783 9.488033 -1.445213
v 1.104417 9.487906 -1.442933
v 1.196568 8.984269 -1.664291
v 1.297257 9.098465 -1.964746
v 1.295485 9.128239 -1.951081
v 1.207300 9.636633 -1.738903
v 1.334245 9.227996 -1.880054
v 1.259525 9.660017 -1.713906
v 1.359658 9.126355 -1.947269
v 1.095321 9.508777 -1.410469
v 1.096436 9.517932 -1.430929
v 1.252370 9.660938 -1.691052
v 1.195353 9.661901 -1.717718
v 1.201080 8.945129 -1.656943
v 1.199916 8.954370 -1.678576
v 1.204550 8.954244 -1.676297
v 1.304977 9.102770 -1.972860
v 1.359547 9.097258 -1.936840
v 1.355262 9.097331 -1.938846
v 0.805883 11.103806 -0.734101
v 0.800549 11.079780 -0.723492
v 0.895056 10.576101 -0.943743
v 0.908904 10.555518 -0.973839
v 0.799385 11.089020 -0.745125
v 0.804019 11.088893 -0.742845
v 0.896170 10.585258 -0.964203
v 0.991991 10.013094 -1.195467
v 0.922032 11.246997 -1.011719
v 1.003580 10.718325 -1.278490
v 0.996857 10.699451 -1.264657
v 1.025309 10.731005 -1.256108
v 0.906852 11.251934 -1.043535
v 1.161803 10.203601 -1.474167
v 0.959017 11.231907 -1.003389
v 1.052105 10.728263 -1.224326
v 0.954731 11.231980 -1.005395
v 0.959127 11.261005 -1.013818
v 0.794923 11.109763 -0.710381
v 0.796038 11.118918 -0.730840
v 0.890669 11.262961 -1.019636
v 0.894955 11.262888 -1.017630
v 0.705751 11.637467 -0.500739
v 0.700417 11.613440 -0.490130
v 0.699253 11.622683 -0.511762
v 0.703887 11.622555 -0.509483
v 0.821899 11.780660 -0.778356
v 0.704177 12.309336 -0.583186
v 0.837398 11.777562 -0.794661
v 0.766812 12.308918 -0.553678
v 0.858884 11.765570 -0.770026
v 0.858995 11.794668 -0.780455
v 0.694791 11.643424 -0.477018
v 0.695905 11.652581 -0.497477
v 0.790536 11.796623 -0.786273
v 0.794822 11.796551 -0.784267
v 0.900682 10.546117 -0.956855
v 0.995188 10.042439 -1.177106
v 1.011939 10.034122 -1.201357
v 0.899518 10.555358 -0.978488
v 0.904152 10.555231 -0.976208
v 0.996303 10.051594 -1.197565
v 1.090934 10.195636 -1.486362
v 1.000714 10.699241 -1.264104
v 1.118052 10.200962 -1.486906
v 1.107118 10.184608 -1.510261
v 1.059149 10.698244 -1.236752
v 1.122297 10.179671 -1.478444
v 1.054863 10.698318 -1.238758
v 1.000814 10.012454 -1.190218
v 1.004285 10.021568 -1.209571
v 1.161193 10.171097 -1.484191
v 0.608431 12.156139 -0.273931
v 0.697792 12.300355 -0.565391
v 0.758752 12.299232 -0.536663
v 0.754466 12.299306 -0.538670
v 0.751702 12.329247 -0.524230
v 0.756987 12.338325 -0.542722
v 0.632290 12.715717 -0.387820
v 0.621433 12.706634 -0.370065
v 0.628004 12.715791 -0.390044
v 0.581196 12.294975 -0.281512
v 0.570755 12.716728 -0.419647
v 0.562610 12.707692 -0.400618
v 0.698674 12.334488 -0.558968
v 0.628114 12.711519 -0.379161
v 0.624653 12.711545 -0.380874
v 0.695212 12.334514 -0.560513
v 0.625977 12.713011 -0.383961
v 0.696537 12.335980 -0.563298
v 0.852904 11.791003 -0.759600
v 0.605386 12.156404 -0.269371
v 0.861049 11.800038 -0.776765
v 0.687460 11.638966 -0.482886
v 0.706230 12.304663 -0.584555
v 0.698085 12.295627 -0.567389
v 0.861744 11.800026 -0.776439
v 0.697389 12.295640 -0.567716
v 0.767748 12.051491 -0.684889
v 0.776121 12.048100 -0.673846
v 0.779112 12.051464 -0.680423
v 1.054430 10.716956 -1.229265
v 0.806920 11.082347 -0.739051
v 1.062575 10.725991 -1.246430
v 0.888986 10.564847 -0.952541
v 0.907756 11.230616 -1.054220
v 0.899611 11.221581 -1.037054
v 1.063270 10.725978 -1.246104
v 0.898916 11.221593 -1.037381
v 0.973163 10.976573 -1.151085
v 0.979411 10.974772 -1.144558
v 0.981154 10.978636 -1.152725
v 0.952368 11.260902 -0.991406
v 0.704826 11.626334 -0.501130
v 0.960513 11.269937 -1.008571
v 0.786925 11.108898 -0.714696
v 0.805694 11.774561 -0.816360
v 0.797549 11.765525 -0.799195
v 0.961208 11.269924 -1.008244
v 0.796854 11.765538 -0.799522
v 0.873226 11.520099 -0.911465
v 0.878345 11.519134 -0.907310
v 0.879336 11.523151 -0.916101
v 1.351734 9.131805 -1.922158
v 1.107781 9.492490 -1.439029
v 1.359980 9.140954 -1.939544
v 1.186393 8.979952 -1.645673
v 1.197016 9.636543 -1.730168
v 1.205161 9.645578 -1.747333
v 1.360676 9.140942 -1.939217
v 1.196321 9.636556 -1.730495
v 1.271475 9.391284 -1.843269
v 1.277026 9.389727 -1.837591
v 1.278560 9.393596 -1.845830
v 1.452834 8.593642 -2.157759
v 1.297948 8.778136 -1.943630
v 1.199999 8.945189 -1.657543
v 1.287392 8.441709 -1.881058
v 1.306159 9.107303 -1.982714
v 1.298014 9.098267 -1.965548
v 1.377317 8.851488 -2.073295
v 1.376555 8.849982 -2.070225
v 1.379049 8.851312 -2.072291
v 1.252371 9.662022 -1.690573
v 1.004792 10.027507 -1.200224
v 1.260516 9.671056 -1.707738
v 1.086926 9.509889 -1.413846
v 1.097552 10.166645 -1.498362
v 1.105697 10.175681 -1.515527
v 1.261211 9.671043 -1.707411
v 1.096857 10.166657 -1.498689
v 1.168934 9.921878 -1.613737
v 1.174288 9.918059 -1.602906
v 1.178045 9.919704 -1.605250
v 1.152436 10.194630 -1.457671
v 0.899601 10.546178 -0.957455
v 0.998353 10.379140 -1.243136
v 0.986991 10.042522 -1.180947
v 1.005762 10.708288 -1.282625
v 0.997617 10.699253 -1.265460
v 1.073628 10.453400 -1.376591
v 1.076187 10.451350 -1.370952
v 1.078640 10.453370 -1.374619
v 1.474894 7.899877 2.820253
v 1.497563 7.924809 2.867549
v 1.291901 8.411675 2.418955
v 1.408705 7.775338 2.470587
v 1.416441 7.775246 2.466434
v 1.301212 8.411468 2.414488
v 1.304682 8.420582 2.433841
v 1.419551 7.784285 2.486208
v 1.300048 8.420710 2.436121
v 1.426163 7.784165 2.483285
v 1.309359 8.420502 2.431653
v 1.455394 8.563669 2.696391
v 1.459680 8.563596 2.694384
v 1.401243 8.564592 2.721737
v 1.233897 7.778205 2.551818
v 1.396957 8.564666 2.723743
v 1.241004 7.777990 2.548612
v 1.239840 7.787232 2.570245
v 1.247730 7.787051 2.566499
v 1.405105 8.573701 2.740907
v 1.409390 8.573627 2.738901
v 1.467827 8.572631 2.711548
v 1.463541 8.572704 2.713555
v 1.471761 7.913507 2.817323
v 1.486093 7.922384 2.831478
v 1.476802 7.922604 2.835972
v 1.487510 7.938561 2.862180
v 1.476569 7.929590 2.846434
v 1.480855 7.929517 2.844429
v 1.494458 7.929245 2.837969
v 1.501196 7.938315 2.855867
v 1.490173 7.929318 2.839975
v 1.203110 9.670945 2.259251
v 1.204840 9.641025 2.274182
v 1.222429 9.646010 2.235989
v 1.191067 9.661975 2.243906
v 0.690403 12.330286 1.077092
v 0.561915 12.707705 0.916979
v 0.694689 12.330214 1.075086
v 0.565707 12.707680 0.915113
v 1.295586 8.441452 2.401376
v 1.303733 8.450486 2.418541
v 1.296700 8.450608 2.421835
v 1.462201 8.602613 2.698437
v 1.452636 8.593615 2.681959
v 1.299787 9.137329 2.494226
v 1.393479 8.594621 2.709641
v 1.439865 8.602996 2.708893
v 1.106281 9.502819 1.958372
v 1.100947 9.478793 1.947763
v 1.195453 8.975115 2.168014
v 1.209302 8.954533 2.198109
v 1.099783 9.488034 1.969395
v 1.104416 9.487906 1.967116
v 1.196568 8.984270 2.188473
v 1.297255 9.098465 2.488926
v 1.295485 9.128240 2.475263
v 1.209125 9.640951 2.272176
v 1.161804 10.203601 1.998349
v 1.259414 9.630920 2.227659
v 1.352502 9.127277 2.448596
v 1.255129 9.630994 2.229665
v 1.225575 9.663681 2.247016
v 1.359658 9.126356 2.471451
v 1.095321 9.508777 1.934651
v 1.096436 9.517933 1.955111
v 1.201079 8.945130 2.181126
v 1.199915 8.954371 2.202758
v 1.204549 8.954245 2.200479
v 1.304977 9.102770 2.497041
v 1.359547 9.097258 2.461022
v 1.355261 9.097332 2.463027
v 0.805883 11.103806 1.258283
v 0.800549 11.079781 1.247674
v 0.895055 10.576102 1.467925
v 0.908904 10.555520 1.498021
v 0.799385 11.089021 1.269307
v 0.804019 11.088894 1.267027
v 0.896170 10.585258 1.488384
v 0.891851 10.546787 1.486271
v 0.922032 11.246998 1.535901
v 1.003579 10.718326 1.802672
v 0.996857 10.699452 1.788839
v 0.995087 10.729226 1.775174
v 0.937530 11.243902 1.552205
v 1.033849 10.828985 1.704147
v 0.959127 11.261005 1.538000
v 1.059260 10.727343 1.771363
v 0.794923 11.109763 1.234562
v 0.796038 11.118919 1.255022
v 0.890669 11.262961 1.543818
v 0.894955 11.262889 1.541812
v 0.705751 11.637468 1.024920
v 0.700416 11.613441 1.014312
v 0.699253 11.622683 1.035944
v 0.703887 11.622556 1.033665
v 0.821900 11.780661 1.302538
v 0.602818 12.722560 0.932135
v 0.837398 11.777565 1.318842
v 0.766816 12.308941 1.077916
v 0.858884 11.765570 1.294208
v 0.858994 11.794668 1.304637
v 0.694791 11.643426 1.001200
v 0.695905 11.652581 1.021659
v 0.790536 11.796623 1.310455
v 0.794822 11.796551 1.308449
v 0.900681 10.546118 1.481037
v 0.995188 10.042439 1.701288
v 1.011937 10.034123 1.725539
v 0.904151 10.555231 1.500390
v 0.996303 10.051595 1.721748
v 1.090934 10.195637 2.010543
v 1.000713 10.699242 1.788286
v 1.118054 10.200964 2.011089
v 1.107117 10.184609 2.034442
v 1.059149 10.698245 1.760934
v 1.122297 10.179672 2.002625
v 1.054863 10.698318 1.762940
v 1.000814 10.012455 1.714400
v 0.999650 10.021696 1.736032
v 1.004284 10.021569 1.733753
v 1.161193 10.171097 2.008373
v 0.608431 12.156139 0.798113
v 0.603754 12.156219 0.800301
v 0.697267 12.300300 1.089668
v 0.733091 12.325651 1.085266
v 0.758751 12.299232 1.060845
v 0.754466 12.299306 1.062851
v 0.751702 12.329247 1.048412
v 0.632290 12.715718 0.903818
v 0.621396 12.706628 0.886069
v 0.628004 12.715791 0.906042
v 0.581214 12.294564 0.803764
v 0.562610 12.707692 0.916617
v 0.570755 12.716728 0.935646
v 0.698674 12.334488 1.083150
v 0.695212 12.334515 1.084694
v 0.624653 12.711545 0.896872
v 0.628114 12.711521 0.895160
v 0.625977 12.713012 0.899959
v 0.696537 12.335980 1.087479
v 0.852903 11.791004 1.283782
v 0.861048 11.800038 1.300947
v 0.605328 12.156486 0.793438
v 0.687460 11.638964 1.007067
v 0.698084 12.295629 1.091571
v 0.706229 12.304664 1.108736
v 0.861744 11.800027 1.300620
v 0.697389 12.295640 1.091898
v 0.771534 12.050239 1.204719
v 0.774318 12.046509 1.195105
v 0.778439 12.047224 1.195191
v 1.054430 10.716957 1.753447
v 1.062575 10.725992 1.770612
v 0.806889 11.082390 1.263171
v 0.888987 10.564990 1.476742
v 0.899611 11.221581 1.561236
v 0.907756 11.230617 1.578401
v 1.063270 10.725979 1.770286
v 0.898915 11.221594 1.561563
v 0.970997 10.977174 1.677473
v 0.979131 10.974842 1.668967
v 0.981073 10.978916 1.677554
v 0.952368 11.260902 1.515587
v 0.960513 11.269938 1.532753
v 0.704777 11.626407 1.025213
v 0.786924 11.108827 1.238868
v 0.797549 11.765525 1.323377
v 0.805694 11.774562 1.340542
v 0.961208 11.269925 1.532426
v 0.796854 11.765539 1.323704
v 0.868214 11.521102 1.439831
v 0.875804 11.518002 1.429777
v 0.878597 11.521337 1.436345
v 1.351717 9.131788 2.446308
v 1.359980 9.140955 2.463726
v 1.107781 9.492490 1.963212
v 1.186392 8.979926 2.169852
v 1.205161 9.645579 2.271515
v 1.197016 9.636544 2.254349
v 1.360675 9.140943 2.463399
v 1.196320 9.636556 2.254677
v 1.271160 9.391346 2.367714
v 1.276667 9.389552 2.361499
v 1.278469 9.393134 2.368990
v 1.452833 8.593643 2.681941
v 1.199999 8.945190 2.181725
v 1.303091 8.778190 2.465186
v 1.287388 8.441501 2.405213
v 1.298014 9.098268 2.489730
v 1.306159 9.107303 2.506895
v 1.374266 8.852390 2.600717
v 1.376960 8.850562 2.595541
v 1.379161 8.852957 2.600155
v 1.252370 9.662023 2.214755
v 1.260515 9.671057 2.231920
v 1.004799 10.027496 1.724421
v 1.086928 9.510049 1.938049
v 1.105696 10.175681 2.039709
v 1.097551 10.166646 2.022544
v 1.261210 9.671044 2.231593
v 1.096856 10.166658 2.022871
v 1.176115 9.920019 2.130914
v 1.175693 9.918180 2.126943
v 1.178405 9.919211 2.128243
v 1.152435 10.194631 1.981853
v 0.995098 10.379103 1.768974
v 0.899601 10.546179 1.481637
v 0.986992 10.042570 1.705136
v 0.997616 10.699254 1.789642
v 1.005761 10.708289 1.806807
v 1.067546 10.455038 1.906856
v 1.075622 10.451653 1.895948
v 1.078605 10.454942 1.902347
v 0.594305 12.177090 -0.256389
v 0.594305 12.177090 0.780569
v -0.292345 12.245261 -0.246123
v -0.296611 12.245261 0.770303
v -0.288079 12.265793 0.770303
v -0.288079 12.265793 -0.246123
v -0.300878 12.265793 0.770303
v -0.300878 12.265793 -0.246123
v -0.292345 12.312459 -0.246123
v -0.296611 12.312458 0.770303
v -0.288079 12.332990 0.770303
v -0.288079 12.332990 -0.246123
v -0.300878 12.332990 0.770303
v -0.300878 12.332990 -0.246123
v -0.284213 12.312461 0.786718
v -0.284213 12.312461 0.774420
v 0.584039 12.312458 0.774420
v 0.584040 12.312459 0.786718
v 0.584039 12.332990 0.778520
v -0.284213 12.332994 0.782619
v -0.284212 12.245261 0.778520
v 0.584039 12.245261 0.782619
v 0.584039 12.265791 0.774420
v -0.284213 12.265791 0.774420
v 0.584040 12.265793 0.786718
v -0.284213 12.265793 0.786718
v 0.592172 12.312458 -0.246122
v 0.596438 12.312459 0.770303
v 0.587906 12.332990 0.770303
v 0.587906 12.332990 -0.246122
v 0.600705 12.332990 0.770303
v 0.600705 12.332990 -0.246122
v 0.592172 12.245261 -0.246122
v 0.596438 12.245261 0.770303
v 0.587906 12.265793 0.770303
v 0.587906 12.265793 -0.246122
v 0.600705 12.265793 0.770303
v 0.600705 12.265793 -0.246122
v -0.284212 12.312461 -0.262537
v 0.584040 12.312459 -0.258438
v -0.284212 12.312461 -0.250239
v 0.584040 12.332990 -0.250239
v -0.284212 12.332993 -0.258437
v 0.584040 12.332990 -0.262537
v -0.284212 12.245261 -0.254338
v 0.584040 12.245261 -0.262537
v 0.584040 12.245261 -0.250239
v 0.584040 12.265791 -0.254338
v -0.284212 12.265791 -0.250239
v -0.284212 12.265791 -0.262537
v 0.584040 12.944123 -0.258438
v -0.284212 12.944125 -0.254338
v -0.284212 12.964657 -0.262537
v 0.584040 12.964654 -0.262537
v -0.284212 12.964657 -0.250239
v 0.584040 12.964654 -0.250239
v 0.596438 12.944123 0.770303
v 0.592172 12.944123 -0.246122
v 0.600705 12.964655 -0.246122
v 0.600705 12.964655 0.770303
v 0.587906 12.964654 -0.246122
v 0.587906 12.964654 0.770303
v 0.584040 12.944123 0.786718
v 0.584039 12.964657 0.778520
v -0.284213 12.964657 0.782618
v -0.284213 12.944126 0.786717
v 0.584039 12.944123 0.774420
v -0.284213 12.944126 0.774420
v -0.296611 12.944123 0.770303
v -0.300878 12.964655 0.770303
v -0.296611 12.964657 -0.246123
v -0.300878 12.944123 -0.246123
v -0.288079 12.964655 0.770303
v -0.288079 12.944123 -0.246123
v -0.292345 12.770136 -0.246123
v -0.296611 12.770136 0.770303
v -0.288079 12.790666 0.770303
v -0.288079 12.790666 -0.246123
v -0.300878 12.790666 0.770303
v -0.300878 12.790666 -0.246123
v -0.292345 12.837334 -0.246123
v -0.296611 12.837334 0.770303
v -0.288079 12.857864 0.770303
v -0.288079 12.857864 -0.246123
v -0.300878 12.857864 0.770303
v -0.300878 12.857864 -0.246123
v -0.284213 12.837334 0.786717
v -0.284213 12.837334 0.774420
v 0.584039 12.837333 0.774420
v 0.584040 12.837333 0.786718
v 0.584039 12.857864 0.778520
v -0.284213 12.857864 0.782618
v -0.284212 12.770134 0.778520
v 0.584039 12.770134 0.782619
v 0.584039 12.790666 0.774420
v -0.284212 12.790666 0.774420
v 0.584040 12.790666 0.786718
v -0.284212 12.790666 0.786718
v 0.592172 12.837334 -0.246122
v 0.596438 12.837334 0.770303
v 0.587906 12.857864 0.770303
v 0.587906 12.857864 -0.246122
v 0.600705 12.857864 0.770303
v 0.600705 12.857864 -0.246122
v 0.592172 12.770136 -0.246122
v 0.596438 12.770136 0.770303
v 0.587906 12.790666 0.770303
v 0.587906 12.790666 -0.246122
v 0.600705 12.790668 0.770303
v 0.600705 12.790666 -0.246122
v -0.284212 12.837334 -0.254338
v 0.584040 12.837334 -0.258438
v 0.584040 12.857864 -0.250240
v -0.284212 12.857865 -0.250239
v 0.584040 12.857864 -0.262537
v -0.284212 12.857865 -0.262537
v -0.284212 12.770134 -0.262537
v 0.584040 12.770134 -0.258438
v -0.284212 12.770134 -0.250239
v 0.584040 12.790666 -0.250239
v -0.284212 12.790668 -0.258437
v 0.584040 12.790666 -0.262537
v 0.407464 11.760181 0.507663
v 0.604571 12.350386 0.256958
v 0.594305 12.437036 0.272356
v 0.584040 12.523685 0.256958
v -0.170660 11.773135 0.523068
v 0.244976 11.787321 -0.215627
v -0.405653 0.035975 3.810018
v 2.328966 0.035587 3.031111
v 3.673162 0.036832 -0.899346
v -0.101682 0.035873 -3.338801
v -3.658014 0.038175 0.176927
v 0.618922 0.283096 0.708631
v 0.762133 0.152477 -0.232571
v -0.489178 0.249236 0.400387
v -0.138456 0.453731 -0.308742
v -2.107214 -0.731071 -2.886986
v 4.285482 -0.731071 -0.702279
v -2.092468 -0.731071 3.868275
vn -0.0000 -1.0000 -0.0000
vn -0.7414 0.6711 -0.0000
vn -0.7414 0.6710 -0.0000
vn -0.0000 -0.0000 -0.0000
vn 0.0001 -0.0000 -1.0000
vn -0.0000 -0.0000 1.0000
vn -0.0000 -0.0000 -1.0000
vn -1.0000 -0.0000 -0.0000
vn 1.0000 -0.0000 -0.0000
vn -0.1578 -0.9865 0.0444
vn -0.0699 -0.9966 0.0437
vn -0.1388 -0.9892 0.0477
vn -0.0000 0.9942 0.1078
vn -0.0000 0.9932 0.1162
vn -0.0000 0.9946 0.1036
vn -0.9654 -0.1045 0.2389
vn -0.9642 -0.1105 0.2411
vn -0.9633 -0.1076 0.2459
vn -0.9933 -0.0578 0.1000
vn -0.9933 -0.0580 0.1003
vn -0.9953 -0.0582 0.0776
vn -0.0000 0.9976 0.0688
vn -0.0000 0.9926 0.1215
vn -0.0000 0.9967 0.0814
vn -0.0839 -0.9963 0.0210
vn -0.0000 -0.9997 0.0253
vn -0.1014 -0.9948 0.0127
vn 0.3251 0.9457 -0.0000
vn 0.3223 0.9466 -0.0000
vn 0.3040 0.9527 -0.0000
vn 0.3571 0.8242 -0.4396
vn 0.3760 0.8708 -0.3167
vn 0.3141 0.7678 -0.5584
vn -0.7807 -0.4880 0.3904
vn -0.8165 -0.4082 0.4082
vn -0.8329 -0.4165 0.3644
vn -0.7295 0.5472 -0.4104
vn -0.5298 0.6623 -0.5298
vn -0.7880 0.4925 -0.3694
vn -0.0000 0.9864 -0.1644
vn -0.4364 0.8729 -0.2182
vn -0.5345 0.8018 -0.2673
vn -0.9925 -0.1222 0.0090
vn -0.9925 0.1223 -0.0090
vn 0.5043 -0.8635 -0.0070
vn 0.6025 -0.7982 -0.0000
vn 0.5044 0.8635 0.0070
vn 0.6025 0.7981 -0.0000
vn -0.5063 -0.8622 0.0137
vn -0.9919 0.1271 -0.0085
vn 0.5063 -0.8622 -0.0137
vn 0.9919 0.1271 0.0085
vn -0.6004 0.7997 -0.0066
vn 0.6004 0.7997 0.0066
vn -0.5078 -0.8613 0.0186
vn -0.9915 0.1298 -0.0120
vn 0.5078 -0.8612 -0.0186
vn 0.9915 0.1298 0.0120
vn -0.5996 0.8002 -0.0092
vn 0.5996 0.8002 0.0092
vn -0.9923 -0.1231 0.0123
vn -0.9923 0.1231 -0.0123
vn 0.5051 -0.8630 -0.0096
vn 0.5051 0.8630 0.0096
vn 0.6025 0.7982 -0.0000
vn -0.9919 0.1270 -0.0085
vn 0.9615 0.2747 -0.0000
vn 0.9512 0.3085 -0.0000
vn 0.9345 0.3560 -0.0000
vn -0.0075 -0.8634 -0.5045
vn 0.0045 0.1237 -0.9923
vn 0.0075 -0.8634 0.5045
vn -0.0045 0.1237 0.9923
vn 0.0036 0.7990 -0.6014
vn -0.0036 0.7990 0.6014
vn -0.0045 -0.1237 -0.9923
vn -0.0036 -0.7990 -0.6014
vn 0.0045 -0.1237 0.9923
vn 0.0036 -0.7990 0.6014
vn 0.0075 0.8634 -0.5045
vn -0.0075 0.8634 0.5045
vn -0.0042 -0.8640 -0.5036
vn -0.0000 -0.7982 -0.6025
vn 0.0055 -0.1213 0.9926
vn -0.0055 0.1213 0.9926
vn -0.0000 0.7981 -0.6025
vn 0.0042 0.8640 -0.5036
vn -0.0084 -0.8632 -0.5047
vn 0.0051 0.1242 -0.9922
vn 0.0084 -0.8632 0.5047
vn -0.0051 0.1242 0.9922
vn 0.0040 0.7991 -0.6012
vn -0.0040 0.7991 0.6012
vn -0.7533 -0.4202 -0.5060
vn -0.6912 -0.3991 -0.6025
vn -0.0994 -0.0763 0.9921
vn 0.0994 0.0763 0.9921
vn 0.6912 0.3991 -0.6025
vn 0.7533 0.4202 -0.5060
vn -0.8624 0.2641 -0.4319
vn -0.7982 0.3012 -0.5217
vn -0.1242 -0.5102 0.8510
vn 0.1242 -0.4819 0.8674
vn 0.7982 0.3012 -0.5217
vn 0.8624 0.2420 -0.4446
vn -0.8621 0.0143 -0.5065
vn -0.7982 -0.0000 -0.6025
vn -0.1248 -0.0182 0.9920
vn 0.1248 0.0182 0.9920
vn 0.7982 -0.0000 -0.6025
vn 0.8621 -0.0143 -0.5065
vn -0.8624 -0.2420 -0.4446
vn -0.7982 -0.3012 -0.5217
vn -0.1242 0.4819 0.8674
vn 0.1242 0.5102 0.8510
vn 0.7981 -0.3012 -0.5217
vn 0.8624 -0.2641 -0.4319
vn -0.7405 0.4423 -0.5060
vn -0.6912 0.3991 -0.6025
vn -0.1158 0.0480 0.9921
vn 0.1158 -0.0480 0.9921
vn 0.6912 -0.3991 -0.6025
vn 0.7405 -0.4423 -0.5060
vn 0.7981 -0.0000 -0.6025
vn -0.7981 -0.0000 -0.6025
vn -0.7408 0.4419 -0.5059
vn -0.1154 0.0483 0.9921
vn 0.1154 -0.0483 0.9921
vn 0.7408 -0.4419 -0.5059
vn -0.6270 -0.6978 0.3464
vn 0.3796 -0.0030 -0.9252
vn 0.3511 -0.9102 -0.2195
vn 0.4119 0.6231 0.6649
vn -0.1946 -0.6913 0.6958
vn 0.8137 0.0184 -0.5810
vn -0.7494 0.6123 -0.2518
vn 0.1693 -0.9124 -0.3727
vn -0.0000 -0.8517 0.5241
vn -0.0000 -0.8682 0.4961
vn -0.0000 -0.9191 0.3939
vn 0.2425 -0.9701 -0.0000
vn 0.3881 -0.9216 -0.0000
vn 0.4472 -0.8944 -0.0000
vn -0.1742 -0.7167 -0.6753
vn 0.8157 -0.0172 0.5782
vn 0.0668 -0.8935 0.4441
vn -0.6914 0.7068 0.1499
vn 0.8046 -0.0888 -0.5872
vn 0.3482 0.8704 -0.3482
vn 0.3918 0.8325 -0.3918
vn 0.3618 0.8592 -0.3618
vn -0.0233 0.2835 0.9587
vn -0.7373 0.6245 -0.2576
vn -0.1979 -0.7081 0.6778
vn -0.0275 -0.9913 0.1287
vn 0.1161 -0.9058 -0.4076
vn -0.5119 -0.4552 0.7285
vn 0.2856 -0.8004 0.5271
vn 0.6413 0.7592 0.1112
vn 0.8261 0.0015 -0.5635
vn 0.7474 -0.1168 0.6540
vn 0.7341 -0.1251 0.6674
vn 0.7464 -0.1283 0.6531
vn -0.3995 0.6352 0.6610
vn 0.6254 -0.7020 0.3408
vn 0.1936 -0.6893 0.6981
vn 0.7470 0.6187 -0.2434
vn -0.1695 -0.9124 -0.3727
vn -0.3688 -0.9073 -0.2019
vn -0.7406 0.6294 0.2352
vn -0.6076 -0.7212 -0.3326
vn -0.1815 -0.7160 -0.6741
vn 0.3951 0.6394 -0.6596
vn 0.4163 -0.8944 0.1632
vn 0.0913 -0.9000 0.4262
vn 0.8112 -0.0176 0.5845
vn 0.3818 -0.0353 0.9236
vn -0.8136 0.0188 -0.5812
vn -0.3816 -0.0125 -0.9242
vn -0.0000 1.0000 -0.0000
vn -0.0000 0.2425 -0.9701
vn -0.0000 0.1240 -0.9923
vn -0.0000 0.9981 0.0611
vn -0.0000 0.9981 0.0609
vn -0.0000 -0.9981 -0.0609
vn -0.0000 -0.9981 -0.0611
vn 0.5534 -0.8302 -0.0675
vn 0.5537 -0.8306 -0.0593
vn 0.6233 -0.7791 -0.0667
vn -0.0000 -0.9953 -0.0972
vn -0.0000 -0.9943 -0.1065
vn 0.3810 -0.2540 -0.8890
vn 0.4286 -0.2857 -0.8571
vn 0.3939 -0.0000 -0.9191
vn -0.2722 0.9526 0.1361
vn -0.1231 0.9847 0.1231
vn -0.2408 0.9631 0.1204
vn 0.6092 -0.6092 0.5077
vn 0.6396 -0.6396 0.4264
vn -0.0000 0.1196 -0.9928
vn -0.0000 0.1506 -0.9886
vn -0.0000 0.7071 0.7071
vn -0.0000 0.4627 0.8865
vn -0.0000 0.5509 0.8346
vn -0.9701 -0.0000 0.2425
vn -0.9864 -0.0000 0.1644
vn -0.7033 0.7033 0.1032
vn -0.7033 0.7033 0.1040
vn -0.7037 0.7037 0.0987
vn -0.3247 -0.5596 -0.7625
vn -0.2965 -0.6321 -0.7159
vn 0.3247 -0.5596 0.7625
vn 0.2965 -0.6321 0.7159
vn -0.0225 0.9952 -0.0950
vn 0.0225 0.9952 0.0950
vn 0.3758 -0.5595 -0.7388
vn 0.3578 -0.6321 -0.6873
vn -0.3758 -0.5595 0.7388
vn -0.3578 -0.6321 0.6873
vn 0.0576 0.9952 -0.0785
vn -0.0576 0.9952 0.0785
vn -0.3310 -0.5621 0.7580
vn 0.3046 -0.6297 -0.7147
vn 0.0541 -0.9946 -0.0886
vn 0.0244 0.9946 -0.1010
vn 0.2899 0.6297 -0.7207
vn -0.3019 0.5621 0.7700
vn 0.3758 -0.5595 0.7388
vn -0.3578 -0.6321 -0.6873
vn -0.3758 -0.5595 -0.7388
vn 0.3578 -0.6321 0.6873
vn -0.0576 0.9952 -0.0785
vn 0.0576 0.9952 0.0785
vn 0.7564 -0.5625 0.3338
vn 0.7023 -0.6321 0.3275
vn -0.7564 -0.5625 -0.3338
vn -0.7023 -0.6321 -0.3275
vn 0.0771 0.9945 0.0714
vn -0.0771 0.9945 -0.0714
vn -0.8163 -0.5775 0.0146
vn -0.7681 -0.6403 -0.0000
vn 0.8163 -0.5775 -0.0146
vn 0.7681 -0.6403 -0.0000
vn -0.0907 0.9954 -0.0311
vn 0.0907 0.9954 0.0311
vn 0.0142 -0.5598 -0.8285
vn 0.0148 -0.6340 0.7732
vn 0.0135 0.9955 0.0942
vn 0.6925 -0.2020 0.6925
vn 0.7544 -0.1886 0.6287
vn 0.7496 -0.2186 0.6247
vn 0.6093 -0.5639 -0.5575
vn -0.0653 -0.9941 0.0866
vn -0.5797 -0.6287 0.5184
vn 0.6369 0.5639 -0.5258
vn -0.0948 0.9941 0.0527
vn -0.5940 0.6287 0.5019
vn -0.0101 -0.8037 -0.5949
vn 0.0412 -0.0000 -0.9992
vn 0.0101 -0.8037 0.5949
vn -0.0412 -0.0000 0.9992
vn -0.0101 0.8037 -0.5949
vn 0.0101 0.8037 0.5949
vn 0.9663 -0.2573 -0.0000
vn 0.8875 -0.4609 -0.0000
vn -0.0000 0.8571 0.5151
vn -0.0000 0.7936 0.6084
vn -0.0000 1.0000 -0.0094
vn -0.0000 1.0000 -0.0095
vn -0.8716 -0.4903 -0.0000
vn -0.5882 -0.8087 -0.0000
vn -0.5145 0.8575 -0.0000
vn -0.5547 0.8321 -0.0000
vn -0.7891 -0.6141 0.0144
vn -0.7436 -0.6686 -0.0000
vn 0.7733 -0.6338 -0.0141
vn 0.7257 -0.6880 -0.0000
vn -0.7441 -0.6681 -0.0000
vn 0.7441 -0.6681 -0.0000
vn -0.0000 -0.9935 0.1142
vn -0.7568 -0.6536 -0.0126
vn 0.7568 -0.6536 -0.0126
vn -0.0000 0.9935 -0.1142
vn -0.7568 0.6536 0.0126
vn 0.7568 0.6536 0.0126
vn -0.6854 -0.6518 -0.3247
vn -0.6522 -0.6880 -0.3181
vn 0.7145 -0.6122 0.3386
vn 0.6839 -0.6489 0.3336
vn -0.6713 -0.6842 -0.2850
vn -0.7070 -0.6335 -0.3144
vn 0.6845 -0.6686 0.2906
vn 0.7186 -0.6177 0.3196
vn 0.7349 0.3381 -0.5879
vn 0.7181 0.3248 -0.6155
vn 0.7321 0.3478 -0.5857
vn 0.0560 -0.9919 0.1140
vn -0.7568 -0.6536 -0.0122
vn 0.7568 -0.6536 -0.0130
vn -0.7720 0.6354 0.0176
vn 0.7408 0.6717 0.0079
vn 0.7414 0.6711 -0.0000
vn 0.7773 0.6291 -0.0000
vn -0.7436 0.6686 -0.0000
vn -0.7595 0.6505 0.0046
vn 0.7622 0.6473 -0.0046
vn 0.0433 -0.9935 0.1057
vn -0.6886 -0.6717 0.2732
vn 0.7079 -0.6354 -0.3086
vn -0.0950 0.9919 -0.0843
vn -0.6955 0.6536 0.2986
vn 0.7051 0.6536 -0.2752
vn 0.1203 -0.9918 0.0438
vn -0.7568 -0.6536 -0.0118
vn 0.7622 -0.6473 0.0050
vn 0.0086 0.9989 -0.0466
vn -0.7865 0.6172 0.0227
vn 0.7299 0.6834 -0.0145
vn -0.4782 -0.6576 -0.5821
vn 0.9584 0.1728 -0.2272
vn 0.3001 -0.7597 0.5769
vn -0.4003 0.4251 0.8118
vn -0.4982 -0.4081 -0.7650
vn 0.9445 -0.2617 0.1984
vn -0.3076 -0.7583 0.5748
vn -0.4982 0.6262 0.5998
vn 0.3162 -0.9487 -0.0000
vn 0.3015 -0.9045 -0.3015
vn 0.5547 -0.8321 -0.0000
vn -0.0000 0.8682 0.4961
vn -0.0000 0.8944 0.4472
vn 0.5396 -0.5858 -0.6047
vn 0.7515 0.6596 -0.0141
vn -0.0390 -0.7536 0.6562
vn -0.7261 0.0006 -0.6875
vn 0.7665 -0.0000 0.6423
vn 0.8579 -0.0000 0.5139
vn 0.0223 -0.5838 -0.8116
vn 1.0000 0.0068 -0.0005
vn 0.0232 -0.6475 0.7617
vn 0.0223 0.9962 0.0840
vn 0.1097 0.9925 0.0541
vn -0.0583 0.9968 -0.0544
vn -0.0115 0.9994 0.0327
vn -0.0815 0.9937 -0.0775
vn -0.1109 0.9938 0.0079
vn 0.0732 0.9970 -0.0242
vn -0.0519 -0.9987 -0.0000
vn 0.0042 -1.0000 -0.0000
vn -0.5402 0.0157 0.8414
vn -0.9993 -0.0374 -0.0001
vn 0.5404 -0.0131 0.8413
vn 0.9993 0.0374 0.0001
vn 0.5402 -0.0157 -0.8414
vn -0.5404 0.0131 -0.8413
vn 0.6377 0.3614 0.6802
vn 0.6461 0.3618 0.6720
vn 0.6458 0.3537 0.6766
vn 0.0947 -0.8997 -0.4262
vn 0.1059 -0.8997 -0.4234
vn 0.0836 -0.8913 -0.4456
vn 0.9977 -0.0045 0.0670
vn 0.9968 -0.0045 0.0795
vn 1.0000 -0.0044 -0.0000
vn -0.1752 0.3505 -0.9200
vn -0.2139 0.3209 -0.9226
vn -0.1905 0.3810 -0.9048
vn 0.0594 -0.6314 0.7732
vn 0.0597 -0.6372 0.7684
vn 0.0591 -0.6410 0.7653
vn -0.9992 0.0035 0.0388
vn -0.9991 0.0035 0.0434
vn -0.9958 0.0035 0.0910
vn -0.9981 0.0046 0.0621
vn -0.9983 0.0046 0.0588
vn -0.9987 0.0046 0.0510
vn 0.0195 0.9998 -0.0000
vn 0.0208 0.9998 -0.0000
vn -0.6908 -0.2475 0.6793
vn -0.6852 -0.2470 0.6852
vn -0.6815 0.3957 -0.6156
vn -0.6620 0.3972 -0.6356
vn -0.6692 0.3875 -0.6340
vn 0.9967 0.0816 -0.0000
vn 0.9967 0.0808 -0.0000
vn 0.9960 0.0063 -0.0892
vn 0.9950 0.0063 -0.1002
vn 1.0000 0.0062 -0.0000
vn 0.9863 -0.0071 -0.1648
vn 0.9918 -0.0070 -0.1278
vn 0.9908 -0.0071 -0.1349
vn -0.1003 0.6516 0.7519
vn -0.1188 0.6239 0.7724
vn -0.1350 0.6299 0.7649
vn -0.5970 0.0995 -0.7960
vn -0.6213 0.1036 -0.7767
vn -0.6205 0.1163 -0.7756
vn -0.1159 -0.0662 -0.9911
vn -0.1181 -0.0727 -0.9903
vn -0.1194 -0.0796 -0.9897
vn -0.0865 0.5626 0.8222
vn -0.0898 0.5386 0.8378
vn -0.1003 0.5519 0.8279
vn 0.9908 -0.0045 0.1349
vn 0.9918 -0.0045 0.1278
vn 0.9863 -0.0045 0.1649
vn 0.5343 0.8451 -0.0182
vn 0.9991 0.0001 0.0417
vn 0.5343 -0.8451 -0.0152
vn -0.9991 -0.0001 -0.0417
vn -0.5343 0.8451 0.0152
vn -0.5343 -0.8451 0.0182
vn -0.7611 -0.5713 0.3073
vn 0.0097 -0.9996 0.0262
vn -0.7552 0.5720 0.3201
vn -0.0097 0.9996 -0.0262
vn 0.7611 0.5713 -0.3073
vn 0.7552 -0.5720 -0.3201
vn -0.3190 -0.5692 0.7578
vn 0.0147 -0.9999 0.0074
vn -0.3100 0.5722 0.7592
vn -0.0147 0.9999 -0.0074
vn 0.3190 0.5692 -0.7578
vn 0.3100 -0.5722 -0.7593
vn 0.8970 0.2783 -0.3433
vn 0.8325 -0.4107 -0.3718
vn 0.8737 -0.2889 -0.3914
vn 0.8471 0.4218 -0.3235
vn -0.7128 0.6471 0.2705
vn -0.4647 -0.8603 0.2094
vn -0.3102 -0.5718 -0.7595
vn -0.0143 -0.9999 0.0081
vn -0.3189 0.5695 -0.7576
vn 0.0143 0.9999 -0.0081
vn 0.3101 0.5718 0.7595
vn 0.3189 -0.5694 0.7576
vn 0.7605 -0.5714 -0.3085
vn -0.0056 -0.9999 -0.0129
vn 0.7571 0.5699 -0.3195
vn 0.0056 0.9999 0.0129
vn -0.7605 0.5714 0.3085
vn -0.7571 -0.5699 0.3195
vn 0.3102 -0.5686 0.7619
vn 0.0144 -0.9999 -0.0047
vn 0.3191 0.5716 0.7559
vn -0.0143 0.9999 0.0046
vn -0.3103 0.5686 -0.7618
vn -0.3191 -0.5717 -0.7559
vn -0.7605 -0.5703 0.3105
vn 0.0056 -0.9998 0.0164
vn -0.7571 0.5710 0.3175
vn -0.0056 0.9998 -0.0164
vn 0.7605 0.5703 -0.3105
vn 0.7571 -0.5710 -0.3175
vn 0.3216 -0.5732 -0.7537
vn -0.0245 -0.9997 -0.0080
vn 0.3068 0.5705 -0.7618
vn 0.0239 0.9997 0.0093
vn -0.3217 0.5729 0.7539
vn -0.3071 -0.5696 0.7624
vn 0.7611 -0.5723 -0.3053
vn -0.0097 -0.9997 -0.0227
vn 0.7552 0.5709 -0.3221
vn 0.0097 0.9997 0.0227
vn -0.7611 0.5723 0.3053
vn -0.7552 -0.5709 0.3221
vn 0.7555 -0.5705 0.3222
vn 0.0104 -0.9997 -0.0225
vn 0.7612 0.5722 0.3053
vn -0.0091 0.9997 0.0229
vn -0.7549 0.5714 -0.3220
vn -0.7610 -0.5724 -0.3053
vn 0.3069 -0.5701 0.7621
vn 0.0242 -0.9997 -0.0087
vn 0.3216 0.5731 0.7538
vn -0.0242 0.9997 0.0087
vn -0.3069 0.5701 -0.7621
vn -0.3216 -0.5731 -0.7538
vn -0.3217 -0.5702 0.7559
vn 0.0239 -0.9996 0.0128
vn -0.3071 0.5723 0.7604
vn -0.0245 0.9996 -0.0115
vn 0.3216 0.5705 -0.7557
vn 0.3068 -0.5732 -0.7598
vn -0.7555 -0.5716 -0.3202
vn -0.0104 -0.9996 0.0260
vn -0.7612 0.5711 -0.3073
vn 0.0091 0.9996 -0.0264
vn 0.7548 0.5726 0.3200
vn 0.7610 -0.5714 0.3073
vn -0.7567 -0.5715 -0.3173
vn -0.0064 -0.9998 0.0161
vn -0.7606 0.5701 -0.3106
vn 0.0064 0.9998 -0.0161
vn 0.7567 0.5715 0.3173
vn 0.7606 -0.5701 0.3106
vn 0.7573 -0.5695 0.3196
vn 0.0050 -0.9999 -0.0132
vn 0.7604 0.5715 0.3085
vn -0.0050 0.9999 0.0132
vn -0.7573 0.5695 -0.3196
vn -0.7605 -0.5715 -0.3085
vn 0.3189 -0.5721 -0.7556
vn -0.0147 -0.9999 -0.0040
vn 0.3100 0.5696 -0.7612
vn 0.0141 0.9999 0.0052
vn -0.3190 0.5719 0.7558
vn -0.3103 -0.5686 0.7618
vn -0.3069 -0.5728 -0.7601
vn -0.0241 -0.9996 0.0122
vn -0.3216 0.5705 -0.7557
vn 0.0242 0.9996 -0.0122
vn 0.3069 0.5727 0.7601
vn 0.3216 -0.5704 0.7558
vn -0.8970 0.2795 0.3423
vn -0.8325 -0.4094 0.3732
vn -0.8737 -0.2876 0.3924
vn -0.8471 0.4229 0.3220
vn 0.7130 0.6459 -0.2728
vn 0.4648 -0.8610 -0.2065
vn -0.4761 0.8602 -0.1829
vn 0.8771 -0.2778 0.3918
vn 0.8524 0.4103 0.3241
vn 0.8276 -0.4213 0.3710
vn 0.8953 0.2883 0.3396
vn -0.6957 -0.6479 -0.3101
vn -0.3434 0.2773 -0.8973
vn -0.3730 -0.4118 -0.8314
vn -0.3926 -0.2897 -0.8729
vn -0.3233 0.4211 -0.8475
vn 0.2716 0.6493 0.7103
vn 0.2083 -0.8599 0.4661
vn 0.3961 0.2398 -0.8863
vn 0.3200 -0.4435 -0.8372
vn 0.3445 -0.2520 -0.9043
vn 0.3645 0.4526 -0.8138
vn -0.2325 0.8238 0.5170
vn -0.1164 -0.9447 0.3065
vn 0.8861 0.2428 0.3948
vn 0.8387 -0.4405 0.3202
vn 0.9053 -0.2490 0.3442
vn 0.8132 0.4549 0.3629
vn -0.5182 0.8229 -0.2332
vn -0.3066 -0.9448 -0.1151
vn 0.2080 0.8619 0.4624
vn -0.3434 -0.2804 -0.8963
vn -0.3730 0.4088 -0.8329
vn -0.3233 -0.4240 -0.8460
vn -0.3926 0.2866 -0.8739
vn 0.2718 -0.6461 0.7132
vn -0.0417 0.0017 0.9991
vn 0.0166 -0.8438 0.5364
vn 0.0166 0.8457 0.5335
vn 0.0417 -0.0017 -0.9991
vn -0.0168 0.8443 -0.5356
vn -0.0168 -0.8461 -0.5327
vn -0.9991 -0.0000 -0.0417
vn 0.0418 -0.0018 -0.9991
vn -0.0167 -0.8457 -0.5335
vn -0.0167 0.8438 -0.5364
vn -0.0418 0.0017 0.9991
vn 0.0167 0.8457 0.5334
vn 0.0167 -0.8438 0.5364
vn 0.0210 -0.0018 -0.9998
vn -0.0085 -0.8479 -0.5301
vn -0.0085 0.8460 -0.5331
vn -0.0210 0.0017 0.9998
vn 0.0085 0.8479 0.5301
vn 0.0085 -0.8460 0.5331
vn -0.1804 0.8635 0.4711
vn 0.3919 -0.2806 -0.8762
vn 0.3251 0.4094 -0.8525
vn 0.3706 -0.4247 -0.8260
vn 0.3405 0.2869 -0.8954
vn -0.3114 -0.6472 0.6958
vn 0.0086 -0.8460 0.5331
vn 0.0086 0.8479 0.5301
vn 0.0210 -0.0017 -0.9998
vn -0.0085 0.8456 -0.5338
vn -0.0085 -0.8474 -0.5309
vn -0.9998 -0.0000 -0.0209
vn -0.5325 -0.8464 0.0100
vn -0.5325 0.8464 0.0071
vn 0.9998 -0.0000 0.0209
vn 0.5318 0.8468 -0.0100
vn 0.5318 -0.8469 -0.0071
vn -0.9965 -0.0000 0.0830
vn -0.9923 -0.0000 0.1240
vn 0.9923 -0.0000 0.1240
vn 0.9701 -0.0000 0.2425
vn 0.2219 -0.9431 0.2478
vn 0.1812 -0.9515 0.2484
vn 0.4141 -0.8800 0.2328
vn -0.1431 0.2764 0.9503
vn 0.0776 -0.8718 -0.4836
vn 0.1142 0.8066 -0.5799
vn -0.1367 0.1277 0.9823
vn 0.0711 0.6624 -0.7458
vn 0.0091 -0.9995 0.0313
vn -0.1308 -0.0000 0.9914
vn 0.2160 -0.3966 0.8922
vn 0.1277 0.3000 0.9454
vn 0.2669 -0.0000 0.9637
vn 0.4000 -0.0000 0.9165
vn -0.6285 -0.0000 0.7778
vn -0.5480 -0.0000 0.8365
vn 0.2804 -0.0150 0.9598
vn 0.9999 -0.0000 -0.0140
vn 0.4127 0.0962 0.9058
vn -0.9999 -0.0000 -0.0140
vn -0.6525 -0.7289 0.2072
vn -0.6986 0.5417 0.4675
vn -0.0734 0.5675 -0.8201
vn 0.6517 -0.7218 0.2330
vn 0.7048 0.5370 0.4634
vn -0.7053 0.5369 0.4628
vn -0.6535 -0.7372 0.1716
vn 0.6541 -0.7366 0.1719
vn 0.7057 0.5385 0.4604
vn -0.8538 -0.5205 0.0088
vn -0.0005 0.9998 0.0209
vn -0.7052 0.5368 0.4633
vn 0.8535 -0.5210 0.0095
vn 0.7009 0.5267 0.4809
vn 0.1306 0.0020 -0.9914
vn 0.1307 -0.0020 -0.9914
vn 0.0389 0.9075 -0.4182
vn 0.0707 -0.9075 -0.4140
vn -0.4697 0.1176 -0.8750
vn 0.0302 -0.8671 -0.4972
vn 0.0949 0.8089 -0.5803
vn -0.6372 -0.7011 0.3201
vn -0.1508 0.1462 0.9777
vn -0.7313 0.5925 0.3378
vn 0.7604 0.3584 -0.5416
vn 0.7601 0.3582 -0.5422
vn -0.6130 -0.2646 0.7445
vn 0.8687 -0.4720 0.1500
vn 0.8686 -0.4720 0.1511
vn 0.6231 -0.2878 -0.7273
vn 0.1293 -0.1287 0.9832
vn 0.7084 0.3243 -0.6269
vn 0.7811 0.5200 0.3457
vn 0.8272 0.5556 0.0845
vn -0.6021 -0.3133 0.7344
vn -0.6395 -0.3552 0.6818
vn -0.1510 -0.1940 -0.9693
vn -0.3141 -0.2802 -0.9071
vn -0.8284 0.5548 -0.0775
vn -0.6564 0.3815 0.6509
vn 0.7611 -0.5355 0.3660
vn 0.3034 -0.2862 0.9089
vn -0.2257 0.2011 -0.9532
vn 0.6078 -0.3049 -0.7333
vn -0.9202 0.2948 -0.2574
vn -0.5431 0.1513 0.8259
vn -0.4304 0.1663 -0.8872
vn 0.3124 -0.1522 0.9377
vn 0.9555 -0.2950 -0.0106
vn 0.6455 -0.1661 -0.7454
vn 0.3509 0.1418 0.9256
vn 0.4304 0.1724 0.8860
vn -0.9556 -0.2945 0.0037
vn -0.9152 -0.3074 -0.2606
vn 0.6681 0.1819 -0.7215
vn 0.5452 0.1458 -0.8256
vn 0.6018 0.2295 -0.7650
vn 0.8799 0.4612 0.1143
vn 0.3830 0.2293 0.8948
vn -0.3848 -0.2301 -0.8938
vn -0.8798 -0.4609 -0.1166
vn -0.6022 -0.2295 0.7647
vn 0.8798 -0.4609 0.1166
vn 0.6019 -0.2293 -0.7650
vn 0.3844 -0.2299 0.8941
vn -0.8799 0.4612 -0.1143
vn -0.3834 0.2295 -0.8946
vn -0.6021 0.2296 0.7647
vn -0.7380 0.5530 -0.3867
vn 0.4609 -0.2299 -0.8572
vn -0.2749 0.2640 -0.9245
vn 0.5255 -0.2805 -0.8033
vn -0.2399 0.2392 -0.9409
vn 0.3080 -0.3179 0.8967
vn -0.8064 -0.5810 -0.1102
vn -0.8061 -0.5810 -0.1122
vn -0.3654 -0.1857 0.9121
vn -0.1311 -0.1717 -0.9764
vn 0.2264 0.8649 0.4480
vn 0.3490 0.8488 -0.3970
vn 0.3463 0.8772 -0.3326
vn 0.2093 0.8432 0.4952
vn -0.3211 -0.4570 0.8295
vn -0.1258 -0.7623 -0.6349
vn 0.2178 -0.4085 -0.8864
vn 0.2377 -0.4766 -0.8464
vn -0.0887 0.4206 -0.9029
vn -0.1043 0.4639 -0.8797
vn 0.1380 -0.6150 0.7764
vn -0.3215 0.9463 0.0350
vn -0.1145 0.4119 0.9040
vn -0.0673 -0.8976 0.4357
vn 0.0613 -0.9189 -0.3897
vn -0.0621 -0.9171 0.3938
vn 0.0853 0.7029 -0.7062
vn 0.0678 -0.8954 -0.4401
vn -0.1060 -0.0000 0.9944
vn -0.0801 0.8415 0.5344
vn -0.0801 -0.8415 0.5344
vn 0.0800 0.8414 -0.5344
vn 0.1060 -0.0000 -0.9944
vn 0.0801 -0.8415 -0.5344
vn -0.1090 -0.0000 0.9940
vn -0.0789 0.8414 0.5347
vn -0.0789 -0.8414 0.5346
vn 0.0789 0.8414 -0.5347
vn 0.1090 -0.0000 -0.9940
vn 0.0789 -0.8414 -0.5346
vn -0.0633 0.8415 0.5365
vn -0.1498 -0.0000 0.9887
vn -0.0633 -0.8415 0.5365
vn 0.0633 -0.8415 -0.5365
vn 0.1498 -0.0000 -0.9887
vn 0.0633 0.8415 -0.5366
vn -0.1106 -0.0000 0.9939
vn -0.0783 0.8416 0.5344
vn -0.0783 -0.8416 0.5344
vn 0.0783 -0.8416 -0.5344
vn 0.1106 -0.0000 -0.9939
vn 0.0783 0.8416 -0.5344
vn -0.1134 -0.0000 0.9935
vn -0.0772 0.8418 0.5342
vn -0.0772 -0.8418 0.5342
vn 0.0772 0.8414 -0.5348
vn 0.1135 -0.0000 -0.9935
vn 0.0772 -0.8414 -0.5348
vn -0.0978 -0.6762 0.7302
vn -0.0385 -0.9895 -0.1394
vn 0.1218 -0.2445 -0.9620
vn 0.0159 0.9995 0.0273
vn -0.1173 -0.0968 0.9884
vn -0.0855 0.8558 0.5103
vn 0.0773 -0.8652 -0.4954
vn 0.0096 -0.9991 0.0411
vn -0.1501 0.0464 0.9876
vn 0.0800 0.6693 -0.7386
vn -0.1414 0.3589 0.9226
vn 0.1001 0.8454 -0.5247
vn 0.0697 -0.8947 -0.4411
vn 0.0111 -0.9999 0.0068
vn -0.1320 0.1610 0.9781
vn 0.0638 0.7073 -0.7040
vn -0.1433 0.2466 0.9585
vn 0.1111 0.8143 -0.5697
vn 0.1027 -0.5978 -0.7950
vn -0.1119 -0.4714 0.8748
vn -0.0052 -0.9999 -0.0146
vn 0.1413 0.2742 -0.9512
vn 0.0288 0.9014 -0.4319
vn -0.0777 0.6553 0.7514
vn 0.0552 -0.9344 -0.3520
vn 0.0140 -0.9983 -0.0567
vn -0.1225 0.2423 0.9624
vn 0.0494 0.7859 -0.6163
vn -0.1448 0.1517 0.9778
vn 0.1087 0.8219 -0.5591
vn 0.4214 0.0126 0.9068
vn -0.8345 0.0076 -0.5509
vn -0.4788 -0.0122 0.8778
vn -0.4214 -0.0126 0.9068
vn 0.8345 -0.0076 -0.5509
vn 0.4788 0.0122 0.8778
vn 0.4301 0.0104 0.9027
vn -0.8091 0.0065 -0.5877
vn -0.4254 -0.0109 0.9050
vn -0.3731 -0.0111 0.9277
vn 0.8269 -0.0071 -0.5623
vn 0.4774 0.0101 0.8786
vn 0.4215 0.0100 0.9068
vn -0.8306 0.0061 -0.5568
vn -0.4671 -0.0097 0.8841
vn -0.4216 -0.0100 0.9067
vn 0.8301 -0.0061 -0.5576
vn 0.4671 0.0097 0.8841
vn -0.5290 0.0095 -0.8486
vn 0.9997 0.0229 -0.0000
vn 0.5290 -0.0095 -0.8486
vn -0.9997 -0.0229 -0.0000
vn -0.5290 0.0095 0.8486
vn 0.5290 -0.0095 0.8486
vn 0.0140 0.9833 -0.1815
vn 0.6766 0.7182 -0.1625
vn -0.6764 0.7161 -0.1724
vn -0.9600 0.2739 -0.0579
vn -0.9999 -0.0116 0.0024
vn 0.9999 0.0018 0.0149
vn 0.5744 -0.4899 0.6557
vn 0.1414 -0.6487 0.7478
vn 0.9997 -0.0138 -0.0212
vn -0.9451 -0.2040 0.2551
vn -0.5832 -0.4744 0.6594
vn -0.9978 0.0418 -0.0523
vn -0.9999 -0.0081 -0.0128
vn -0.1454 -0.6611 0.7361
vn -0.5910 -0.5114 0.6239
vn 0.5959 -0.5022 0.6266
vn 0.9410 -0.2194 0.2578
vn 0.9993 0.0234 -0.0275
vn 0.9572 0.2067 -0.2024
vn 0.2997 0.6680 -0.6812
vn 0.6602 0.5505 -0.5109
vn 0.9999 -0.0123 0.0120
vn -0.6590 0.5451 -0.5184
vn -0.9999 -0.0115 -0.0081
vn -0.6738 0.6080 -0.4200
vn 0.1076 0.7934 -0.5991
vn -0.9999 -0.0115 -0.0116
vn 0.6751 0.6131 -0.4103
vn 0.9551 0.2409 -0.1723
vn 0.9998 -0.0151 0.0108
vn -0.5960 0.7502 -0.2863
vn -0.6246 0.7421 -0.2431
vn 0.5892 0.7586 -0.2783
vn -0.9380 0.3276 -0.1129
vn -0.9988 -0.0462 0.0159
vn 0.9998 -0.0013 0.0185
vn 0.6586 0.7247 -0.2026
vn -0.0312 0.9448 -0.3261
vn -0.6635 0.7246 -0.1864
vn -0.9446 0.3139 -0.0959
vn -0.9991 -0.0395 0.0121
vn 0.9997 -0.0136 -0.0199
vn -0.8319 -0.3278 -0.4477
vn 0.9596 -0.1808 -0.2158
vn -0.8919 0.2633 0.3675
vn -0.9114 -0.2410 -0.3336
vn -0.8956 0.2602 0.3607
vn -0.9165 0.2329 0.3253
vn 0.4265 0.0100 0.9044
vn -0.8323 0.0061 -0.5544
vn -0.4654 -0.0097 0.8851
vn -0.4196 -0.0100 0.9077
vn 0.8304 -0.0061 -0.5571
vn 0.4719 0.0097 0.8816
vn 0.1077 0.2764 0.9550
vn -0.0502 -0.8718 -0.4872
vn -0.0398 0.8066 -0.5897
vn 0.1222 0.1277 0.9842
vn -0.1243 0.6624 -0.7388
vn 0.0169 -0.9995 0.0279
vn 0.1302 -0.0000 0.9915
vn 0.4396 -0.3966 0.8059
vn 0.3680 0.2999 0.8801
vn 0.5072 -0.0000 0.8618
vn 0.6236 -0.0000 0.7817
vn -0.4058 -0.0000 0.9140
vn -0.3128 -0.0000 0.9498
vn 0.5192 -0.0150 0.8545
vn 0.9622 -0.0000 -0.2723
vn 0.6331 0.0962 0.7681
vn -0.9694 -0.0000 0.2453
vn -0.5767 -0.7289 0.3691
vn -0.5538 0.5416 0.6324
vn -0.0600 0.6103 -0.7899
vn 0.6898 -0.7218 0.0563
vn 0.8008 0.5370 0.2653
vn -0.5615 0.5369 0.6296
vn -0.5868 -0.7372 0.3349
vn 0.6763 -0.7366 -0.0033
vn 0.8008 0.5385 0.2621
vn -0.8224 -0.5205 0.2295
vn 0.0049 0.9998 0.0203
vn -0.5612 0.5367 0.6300
vn 0.8269 -0.5210 -0.2117
vn 0.8015 0.5267 0.2831
vn -0.6801 0.1176 -0.7236
vn -0.0995 -0.8671 -0.4881
vn -0.0585 0.8089 -0.5851
vn -0.5326 -0.7011 0.4742
vn 0.1074 0.1462 0.9834
vn -0.6189 0.5926 0.5156
vn 0.5973 0.3599 -0.7167
vn 0.5969 0.3596 -0.7172
vn -0.3929 -0.2614 0.8816
vn 0.8778 -0.4721 -0.0819
vn 0.8779 -0.4720 -0.0808
vn 0.4158 -0.2889 -0.8623
vn 0.3794 -0.1287 0.9162
vn 0.5215 0.3240 -0.7893
vn 0.8440 0.5200 0.1318
vn 0.8208 0.5556 -0.1325
vn -0.3915 -0.3133 0.8652
vn -0.4413 -0.3552 0.8241
vn -0.3967 -0.1940 -0.8972
vn -0.5382 -0.2802 -0.7949
vn -0.8202 0.5547 0.1396
vn -0.4656 0.3815 0.7986
vn 0.8299 -0.5355 0.1565
vn 0.5283 -0.2862 0.7994
vn -0.4647 0.2011 -0.8623
vn 0.3973 -0.3049 -0.8656
vn -0.9555 0.2948 -0.0105
vn -0.3109 0.1513 0.9383
vn -0.6454 0.1663 -0.7456
vn 0.5445 -0.1522 0.8249
vn 0.9202 -0.2950 -0.2575
vn 0.4306 -0.1661 -0.8871
vn 0.5785 0.1418 0.8033
vn 0.6451 0.1724 0.7444
vn -0.9221 -0.2945 0.2509
vn -0.9515 -0.3074 -0.0148
vn 0.4586 0.1819 -0.8698
vn 0.3129 0.1458 -0.9385
vn 0.3832 0.2295 -0.8947
vn 0.8795 0.4612 -0.1173
vn 0.6015 0.2293 0.7652
vn -0.6030 -0.2301 -0.7638
vn -0.8800 -0.4609 0.1150
vn -0.3838 -0.2295 0.8945
vn 0.8800 -0.4609 -0.1150
vn 0.3834 -0.2293 -0.8947
vn 0.6027 -0.2299 0.7641
vn -0.8795 0.4612 0.1173
vn -0.6019 0.2295 -0.7649
vn -0.3837 0.2296 0.8945
vn -0.8128 0.5527 -0.1840
vn 0.2232 -0.2299 -0.9473
vn -0.5048 0.2640 -0.8219
vn 0.2997 -0.2805 -0.9119
vn -0.4752 0.2392 -0.8467
vn 0.5296 -0.3179 0.7865
vn -0.8074 -0.5810 0.1029
vn -0.8076 -0.5810 0.1009
vn -0.1183 -0.1867 0.9753
vn -0.3787 -0.1713 -0.9095
vn 0.3346 0.8649 0.3742
vn 0.2344 0.8490 -0.4735
vn 0.2483 0.8771 -0.4111
vn 0.3304 0.8432 0.4241
vn -0.1005 -0.4698 0.8770
vn -0.2857 -0.7616 -0.5816
vn -0.0191 -0.4084 -0.9126
vn 0.0106 -0.4767 -0.8790
vn -0.3195 0.4210 -0.8489
vn -0.3283 0.4635 -0.8230
vn 0.3325 -0.6055 0.7230
vn -0.3059 0.9471 0.0970
vn 0.1233 0.4132 0.9023
vn 0.0478 -0.8976 0.4382
vn -0.0416 -0.9189 -0.3923
vn 0.0420 -0.9171 0.3965
vn -0.1005 0.7023 -0.7048
vn -0.0484 -0.8954 -0.4427
vn 0.1550 -0.0000 0.9879
vn 0.0610 0.8415 0.5369
vn 0.0610 -0.8415 0.5369
vn -0.0610 0.8414 -0.5369
vn -0.1550 -0.0000 -0.9879
vn -0.0610 -0.8415 -0.5369
vn 0.1520 0.0001 0.9884
vn 0.0622 0.8414 0.5369
vn 0.0622 -0.8414 0.5369
vn -0.0622 0.8414 -0.5369
vn -0.1520 -0.0000 -0.9884
vn -0.0622 -0.8414 -0.5368
vn 0.0778 0.8415 0.5347
vn 0.1112 -0.0000 0.9938
vn 0.0778 -0.8415 0.5347
vn -0.0778 -0.8415 -0.5346
vn -0.1112 -0.0000 -0.9938
vn -0.0778 0.8415 -0.5346
vn 0.1504 -0.0000 0.9886
vn 0.0627 0.8416 0.5365
vn 0.0627 -0.8416 0.5365
vn -0.0627 -0.8416 -0.5365
vn -0.1504 -0.0000 -0.9886
vn -0.0627 0.8416 -0.5365
vn 0.1476 -0.0000 0.9891
vn 0.0637 0.8418 0.5360
vn 0.0637 -0.8418 0.5360
vn -0.0639 0.8414 -0.5366
vn -0.1476 -0.0000 -0.9891
vn -0.0639 -0.8414 -0.5366
vn 0.0946 -0.6762 0.7307
vn -0.0732 -0.9895 -0.1247
vn -0.1313 -0.2445 -0.9607
vn 0.0224 0.9995 0.0222
vn 0.1426 -0.0968 0.9850
vn 0.0495 0.8558 0.5150
vn -0.0535 -0.8652 -0.4986
vn 0.0199 -0.9991 0.0372
vn 0.1106 0.0464 0.9928
vn -0.1139 0.6693 -0.7342
vn 0.1022 0.3589 0.9278
vn -0.0391 0.8454 -0.5327
vn -0.0468 -0.8948 -0.4441
vn 0.0125 -0.9999 0.0036
vn 0.1257 0.1610 0.9789
vn -0.1206 0.7073 -0.6966
vn 0.1097 0.2466 0.9629
vn -0.0401 0.8143 -0.5790
vn -0.1065 -0.5978 -0.7945
vn 0.1183 -0.4714 0.8739
vn -0.0088 -0.9999 -0.0127
vn -0.1097 0.2742 -0.9554
vn -0.0840 0.9014 -0.4247
vn 0.1194 0.6553 0.7459
vn -0.0378 -0.9344 -0.3543
vn -0.0011 -0.9983 -0.0584
vn 0.1308 0.2423 0.9613
vn -0.1117 0.7859 -0.6081
vn 0.1132 0.1517 0.9819
vn -0.0398 0.8219 -0.5682
vn 0.6418 0.0126 0.7668
vn -0.9487 0.0076 -0.3162
vn -0.2353 -0.0122 0.9719
vn -0.1724 -0.0126 0.9849
vn 0.6635 -0.0076 -0.7482
vn 0.6897 0.0122 0.7240
vn 0.6491 0.0104 0.7607
vn -0.9337 0.0065 -0.3580
vn -0.1767 -0.0109 0.9842
vn -0.1203 -0.0111 0.9927
vn 0.6529 -0.0071 -0.7574
vn 0.6886 0.0101 0.7251
vn -0.7311 0.0090 -0.6823
vn 0.9657 0.0218 -0.2588
vn 0.2920 -0.0090 -0.9564
vn -0.9657 -0.0218 0.2587
vn -0.2920 0.0090 0.9564
vn 0.7310 -0.0090 0.6823
vn -0.7306 0.0095 -0.6828
vn 0.9657 0.0229 -0.2587
vn 0.2913 -0.0095 -0.9566
vn -0.9657 -0.0229 0.2588
vn -0.2913 0.0095 0.9566
vn 0.7306 -0.0095 0.6828
vn -0.0335 0.9833 -0.1789
vn 0.6114 0.7183 -0.3321
vn -0.6980 0.7160 0.0086
vn -0.9423 0.2738 0.1926
vn -0.9652 -0.0117 0.2612
vn 0.9697 0.0019 -0.2444
vn 0.7245 -0.4900 0.4848
vn 0.3301 -0.6487 0.6858
vn 0.9602 -0.0139 -0.2790
vn -0.8469 -0.2039 0.4910
vn -0.3928 -0.4743 0.7879
vn -0.9773 0.0420 0.2075
vn -0.9691 -0.0081 0.2465
vn 0.0500 -0.6611 0.7486
vn -0.4094 -0.5114 0.7556
vn 0.7378 -0.5022 0.4510
vn 0.9756 -0.2194 0.0055
vn 0.9582 0.0234 -0.2852
vn 0.8722 0.2067 -0.4433
vn 0.1132 0.6680 -0.7355
vn 0.5055 0.5505 -0.6644
vn 0.9689 -0.0122 -0.2472
vn -0.7707 0.5450 -0.3301
vn -0.9679 -0.0115 0.2510
vn -0.7595 0.6080 -0.2313
vn -0.0512 0.7934 -0.6066
vn -0.9688 -0.0114 0.2475
vn 0.5460 0.6131 -0.5710
vn 0.8780 0.2409 -0.4136
vn 0.9686 -0.0153 -0.2482
vn -0.6500 0.7500 -0.1222
vn -0.6661 0.7423 -0.0733
vn 0.4968 0.7587 -0.4213
vn -0.9354 0.3275 0.1338
vn -0.9606 -0.0469 0.2741
vn 0.9705 -0.0006 -0.2412
vn 0.5838 0.7246 -0.3662
vn -0.1145 0.9448 -0.3069
vn -0.6891 0.7246 -0.0084
vn -0.9372 0.3139 0.1518
vn -0.9620 -0.0394 0.2702
vn 0.9605 -0.0138 -0.2779
vn -0.9193 -0.3280 -0.2174
vn 0.8702 -0.1818 -0.4579
vn -0.7665 0.2633 0.5858
vn -0.9667 -0.2409 -0.0863
vn -0.7716 0.2604 0.5804
vn -0.7996 0.2343 0.5529
vn -0.7319 0.0090 -0.6814
vn 0.9647 0.0217 -0.2624
vn 0.2893 -0.0091 -0.9572
vn -0.9647 -0.0217 0.2624
vn -0.2892 0.0091 0.9572
vn 0.7319 -0.0090 0.6814
vn 0.3512 0.2764 0.8946
vn -0.1746 -0.8718 -0.4576
vn -0.1910 0.8066 -0.5593
vn 0.3728 0.1277 0.9191
vn -0.3113 0.6624 -0.6814
vn 0.0236 -0.9995 0.0225
vn 0.3824 -0.0000 0.9240
vn 0.6332 -0.3966 0.6647
vn 0.5832 0.2999 0.7549
vn 0.7130 -0.0000 0.7012
vn 0.8047 -0.0000 0.5937
vn -0.1554 -0.0000 0.9879
vn -0.0563 -0.0000 0.9984
vn 0.7227 -0.0150 0.6910
vn 0.8590 -0.0000 -0.5120
vn 0.8103 0.0962 0.5780
vn -0.8729 -0.0000 0.4879
vn -0.4615 -0.7288 0.5058
vn -0.3713 0.5417 0.7541
vn -0.3104 0.6583 -0.6858
vn 0.6809 -0.7218 -0.1241
vn 0.8421 0.5371 0.0489
vn -0.3794 0.5370 0.7534
vn -0.4801 -0.7372 0.4754
vn 0.6524 -0.7366 -0.1782
vn 0.8414 0.5385 0.0459
vn -0.7350 -0.5205 0.4346
vn 0.0100 0.9998 0.0183
vn -0.3790 0.5368 0.7538
vn 0.7439 -0.5210 -0.4185
vn 0.8475 0.5267 0.0660
vn 0.1759 0.9069 0.3829
vn 0.3826 0.0020 0.9239
vn 0.3826 -0.0020 0.9239
vn 0.1463 -0.9069 0.3952
vn -0.8442 0.1176 -0.5229
vn -0.2224 -0.8671 -0.4457
vn -0.2079 0.8089 -0.5500
vn -0.3917 -0.7011 0.5959
vn 0.3583 0.1462 0.9221
vn -0.4644 0.5925 0.6582
vn 0.3908 0.3596 -0.8474
vn 0.3902 0.3594 -0.8477
vn -0.1492 -0.2605 0.9539
vn 0.8245 -0.4722 -0.3118
vn 0.8249 -0.4722 -0.3107
vn 0.1799 -0.2895 -0.9401
vn 0.6032 -0.1284 0.7872
vn 0.2982 0.3235 -0.8980
vn 0.8493 0.5200 -0.0912
vn 0.7586 0.5556 -0.3404
vn -0.1542 -0.3133 0.9370
vn -0.2130 -0.3552 0.9102
vn -0.6154 -0.1940 -0.7640
vn -0.7256 -0.2802 -0.6285
vn -0.7561 0.5548 0.3471
vn -0.2430 0.3815 0.8919
vn 0.8422 -0.5355 -0.0636
vn 0.7172 -0.2862 0.6354
vn -0.6721 0.2011 -0.7127
vn 0.1597 -0.3049 -0.9389
vn -0.9256 0.2948 0.2372
vn -0.0574 0.1512 0.9868
vn -0.8163 0.1663 -0.5531
vn 0.7394 -0.1522 0.6558
vn 0.8222 -0.2950 -0.4869
vn 0.1863 -0.1661 -0.9683
vn 0.7667 0.1418 0.6262
vn 0.8157 0.1724 0.5521
vn -0.8258 -0.2945 0.4811
vn -0.9229 -0.3074 0.2319
vn 0.2179 0.1819 -0.9589
vn 0.0593 0.1458 -0.9875
vn 0.1967 0.8788 0.4348
vn 0.3827 0.0017 0.9239
vn 0.3827 -0.0017 0.9239
vn 0.1684 -0.8788 0.4466
vn 0.1386 0.2295 -0.9634
vn 0.8192 0.4612 -0.3410
vn 0.7791 0.2293 0.5835
vn -0.7802 -0.2301 -0.5817
vn -0.8202 -0.4609 0.3389
vn -0.1392 -0.2295 0.9633
vn 0.8202 -0.4609 -0.3389
vn 0.1387 -0.2293 -0.9634
vn 0.7799 -0.2299 0.5821
vn -0.8192 0.4612 0.3409
vn -0.7793 0.2295 -0.5831
vn -0.1391 0.2296 0.9633
vn -0.8322 0.5533 0.0359
vn -0.0295 -0.2299 -0.9728
vn -0.7004 0.2640 -0.6632
vn 0.0534 -0.2805 -0.9584
vn -0.6782 0.2392 -0.6949
vn 0.7155 -0.3184 0.6218
vn -0.7526 -0.5811 0.3097
vn -0.7534 -0.5810 0.3079
vn 0.1375 -0.1871 0.9727
vn -0.6005 -0.1706 -0.7812
vn 0.4200 0.8650 0.2745
vn 0.1037 0.8488 -0.5184
vn 0.1337 0.8773 -0.4610
vn 0.4289 0.8430 0.3245
vn 0.1353 -0.4595 0.8778
vn -0.4271 -0.7579 -0.4932
vn -0.2544 -0.4088 -0.8764
vn -0.2175 -0.4763 -0.8519
vn -0.5283 0.4213 -0.7372
vn -0.5301 0.4632 -0.7102
vn 0.5086 -0.6012 0.6163
vn -0.2686 0.9470 0.1762
vn 0.3520 0.4167 0.8381
vn 0.1596 -0.8976 0.4109
vn -0.1418 -0.9189 -0.3682
vn 0.1431 -0.9171 0.3720
vn -0.2801 0.7006 -0.6563
vn -0.1613 -0.8954 -0.4150
vn 0.4054 -0.0000 0.9142
vn 0.1979 0.8415 0.5028
vn 0.1979 -0.8415 0.5028
vn -0.1979 0.8415 -0.5028
vn -0.4053 -0.0000 -0.9142
vn -0.1979 -0.8415 -0.5028
vn 0.4026 -0.0000 0.9154
vn 0.1990 0.8414 0.5025
vn 0.1990 -0.8414 0.5025
vn -0.1990 0.8414 -0.5025
vn -0.4026 -0.0000 -0.9154
vn -0.1990 -0.8414 -0.5025
vn 0.2135 0.8415 0.4963
vn 0.3646 0.0001 0.9312
vn 0.2135 -0.8415 0.4963
vn -0.2135 -0.8415 -0.4963
vn -0.3646 -0.0000 -0.9312
vn -0.2135 0.8415 -0.4963
vn 0.4012 -0.0000 0.9160
vn 0.1994 0.8416 0.5020
vn 0.1994 -0.8416 0.5020
vn -0.1994 -0.8416 -0.5020
vn -0.4012 -0.0000 -0.9160
vn -0.1994 0.8416 -0.5020
vn 0.3985 -0.0000 0.9172
vn 0.2002 0.8418 0.5013
vn 0.2002 -0.8418 0.5013
vn -0.2006 0.8414 -0.5018
vn -0.3985 -0.0000 -0.9172
vn -0.2006 -0.8414 -0.5017
vn 0.2804 -0.6762 0.6813
vn -0.1030 -0.9895 -0.1015
vn -0.3755 -0.2446 -0.8940
vn 0.0274 0.9995 0.0157
vn 0.3927 -0.0968 0.9146
vn 0.1811 0.8558 0.4846
vn -0.1807 -0.8652 -0.4677
vn 0.0288 -0.9991 0.0308
vn 0.3638 0.0464 0.9303
vn -0.3000 0.6693 -0.6797
vn 0.3388 0.3589 0.8697
vn -0.1756 0.8454 -0.5045
vn -0.1601 -0.8948 -0.4169
vn 0.0130 -0.9999 0.0003
vn 0.3747 0.1610 0.9130
vn -0.2968 0.7073 -0.6416
vn 0.3552 0.2466 0.9017
vn -0.1886 0.8143 -0.5489
vn -0.3086 -0.5978 -0.7399
vn 0.3404 -0.4714 0.8136
vn -0.0118 -0.9999 -0.0100
vn -0.3532 0.2742 -0.8945
vn -0.1911 0.9014 -0.3884
vn 0.3084 0.6553 0.6895
vn -0.1282 -0.9344 -0.3324
vn -0.0162 -0.9983 -0.0561
vn 0.3751 0.2423 0.8947
vn -0.2653 0.7859 -0.5585
vn 0.3635 0.1517 0.9192
vn -0.1855 0.8220 -0.5385
vn 0.8184 0.0126 0.5746
vn -0.9982 0.0076 -0.0599
vn 0.0243 -0.0122 0.9996
vn 0.0884 -0.0126 0.9960
vn 0.4472 -0.0076 -0.8944
vn 0.8536 0.0122 0.5208
vn 0.8238 0.0104 0.5668
vn -0.9945 0.0065 -0.1043
vn 0.0841 -0.0109 0.9964
vn 0.1408 -0.0111 0.9900
vn 0.4352 -0.0071 -0.9003
vn 0.8528 0.0101 0.5222
vn -0.8827 0.0090 -0.4698
vn 0.8658 0.0218 -0.4999
vn 0.0345 -0.0090 -0.9994
vn -0.8658 -0.0218 0.4999
vn -0.0345 0.0090 0.9994
vn 0.8827 -0.0090 0.4698
vn -0.8824 0.0095 -0.4704
vn 0.8658 0.0229 -0.4999
vn 0.0338 -0.0095 -0.9994
vn -0.8658 -0.0229 0.4999
vn -0.0338 0.0095 0.9994
vn 0.8824 -0.0095 0.4704
vn -0.0786 0.9833 -0.1641
vn 0.5046 0.7182 -0.4790
vn -0.6720 0.7161 0.1889
vn -0.8603 0.2739 0.4299
vn -0.8647 -0.0116 0.5021
vn 0.8734 0.0018 -0.4871
vn 0.8253 -0.4899 0.2807
vn 0.4964 -0.6487 0.5769
vn 0.8552 -0.0138 -0.5181
vn -0.6910 -0.2040 0.6935
vn -0.1754 -0.4744 0.8627
vn -0.8902 0.0418 0.4536
vn -0.8723 -0.0081 0.4889
vn 0.2421 -0.6611 0.7101
vn -0.1999 -0.5114 0.8358
vn 0.8294 -0.5022 0.2447
vn 0.9438 -0.2194 -0.2472
vn 0.8517 0.0234 -0.5235
vn 0.7278 0.2067 -0.6539
vn -0.0810 0.6680 -0.7397
vn 0.3163 0.5505 -0.7726
vn 0.8719 -0.0123 -0.4895
vn -0.8298 0.5451 -0.1194
vn -0.8700 -0.0115 0.4929
vn -0.7935 0.6080 -0.0268
vn -0.2064 0.7934 -0.5727
vn -0.8717 -0.0115 0.4899
vn 0.3796 0.6131 -0.6929
vn 0.7410 0.2409 -0.6267
vn 0.8713 -0.0152 -0.4905
vn -0.6592 0.7503 0.0499
vn -0.6627 0.7420 0.1019
vn 0.3712 0.7585 -0.5356
vn -0.8688 0.3277 0.3711
vn -0.8571 -0.0457 0.5131
vn 0.8752 -0.0018 -0.4838
vn 0.4691 0.7246 -0.5048
vn -0.1900 0.9448 -0.2668
vn -0.6678 0.7246 0.1703
vn -0.8660 0.3140 0.3892
vn -0.8593 -0.0394 0.5100
vn 0.8558 -0.0137 -0.5171
vn -0.9443 -0.3279 0.0281
vn 0.7225 -0.1814 -0.6672
vn -0.5887 0.2633 0.7643
vn -0.9561 -0.2409 0.1668
vn -0.5952 0.2603 0.7603
vn -0.6300 0.2337 0.7406
vn 0.8216 0.0100 0.5700
vn -0.9979 0.0061 -0.0643
vn 0.0395 -0.0097 0.9992
vn 0.0904 -0.0100 0.9959
vn 0.4407 -0.0061 -0.8976
vn 0.8495 0.0097 0.5275
vn 0.5708 0.2764 0.7732
vn -0.2871 -0.8718 -0.3968
vn -0.3293 0.8066 -0.4909
vn 0.5980 0.1277 0.7913
vn -0.4771 0.6624 -0.5776
vn 0.0286 -0.9995 0.0157
vn 0.6085 -0.0000 0.7935
vn 0.7836 -0.3966 0.4781
vn 0.7587 0.2999 0.5782
vn 0.8701 -0.0000 0.4928
vn 0.9309 -0.0000 0.3652
vn 0.1056 -0.0000 0.9944
vn 0.2040 -0.0000 0.9790
vn 0.8769 -0.0150 0.4804
vn 0.6972 -0.0000 -0.7169
vn 0.9323 0.0962 0.3486
vn -0.7169 -0.0000 0.6972
vn -0.3149 -0.7289 0.6080
vn -0.1634 0.5416 0.8246
vn -0.6321 0.5674 -0.5277
vn 0.6255 -0.7219 -0.2961
vn 0.8261 0.5371 -0.1707
vn -0.1713 0.5370 0.8260
vn -0.3407 -0.7372 0.5834
vn 0.5840 -0.7366 -0.3410
vn 0.8246 0.5385 -0.1735
vn -0.5975 -0.5205 0.6100
vn 0.0144 0.9998 0.0151
vn -0.1709 0.5367 0.8263
vn -0.3408 -0.7372 0.5834
vn 0.6103 -0.5210 -0.5968
vn 0.5840 -0.7366 -0.3411
vn 0.8357 0.5267 -0.1557
vn -0.9508 0.1176 -0.2866
vn -0.3302 -0.8671 -0.3730
vn -0.3432 0.8089 -0.4774
vn -0.2241 -0.7011 0.6769
vn 0.5847 0.1462 0.7979
vn -0.2783 0.5925 0.7560
vn 0.1571 0.3592 -0.9199
vn 0.1565 0.3590 -0.9201
vn 0.0986 -0.2622 0.9600
vn 0.7111 -0.4723 -0.5208
vn 0.7118 -0.4723 -0.5199
vn -0.0700 -0.2893 -0.9547
vn 0.7852 -0.1273 0.6060
vn 0.0566 0.3239 -0.9444
vn 0.7968 0.5200 -0.3079
vn 0.6446 0.5556 -0.5252
vn 0.0936 -0.3133 0.9450
vn 0.0299 -0.3552 0.9343
vn -0.7921 -0.1940 -0.5787
vn -0.8635 -0.2802 -0.4193
vn -0.6405 0.5548 0.5310
vn -0.0039 0.3815 0.9244
vn 0.7970 -0.5355 -0.2794
vn 0.8572 -0.2862 0.4281
vn -0.8336 0.2011 -0.5145
vn -0.0887 -0.3049 -0.9483
vn -0.8327 0.2948 0.4687
vn 0.2000 0.1512 0.9681
vn -0.9317 0.1663 -0.3230
vn 0.8840 -0.1521 0.4421
vn 0.6681 -0.2950 -0.6831
vn -0.0706 -0.1661 -0.9836
vn 0.9026 0.1418 0.4064
vn 0.9309 0.1724 0.3222
vn -0.6731 -0.2945 0.6784
vn -0.8314 -0.3074 0.4629
vn -0.0377 0.1819 -0.9826
vn -0.1983 0.1458 -0.9692
vn 0.3033 0.8781 0.3701
vn 0.6088 0.0017 0.7933
vn 0.6088 -0.0017 0.7934
vn 0.2790 -0.8781 0.3888
vn -0.1154 0.2295 -0.9664
vn 0.7030 0.4612 -0.5413
vn 0.9036 0.2293 0.3619
vn -0.9042 -0.2301 -0.3600
vn -0.7045 -0.4609 0.5396
vn 0.1149 -0.2295 0.9665
vn 0.7045 -0.4609 -0.5396
vn -0.1153 -0.2293 -0.9665
vn 0.9040 -0.2299 0.3604
vn -0.7030 0.4612 0.5413
vn -0.9037 0.2295 -0.3615
vn 0.1150 0.2296 0.9665
vn -0.7951 0.5531 0.2488
vn -0.2804 -0.2298 -0.9320
vn -0.8482 0.2641 -0.4592
vn -0.1962 -0.2806 -0.9396
vn -0.8349 0.2391 -0.4958
vn 0.8526 -0.3195 0.4135
vn -0.6487 -0.5810 0.4915
vn -0.6499 -0.5810 0.4900
vn 0.3872 -0.1853 0.9032
vn -0.7842 -0.1731 -0.5959
vn 0.4771 0.8647 0.1570
vn -0.0341 0.8488 -0.5276
vn 0.0098 0.8773 -0.4799
vn 0.4980 0.8433 0.2018
vn 0.3691 -0.4413 0.8179
vn -0.5341 -0.7694 -0.3504
vn -0.4728 -0.4084 -0.7808
vn -0.4304 -0.4766 -0.7666
vn -0.7012 0.4204 -0.5758
vn -0.6958 0.4640 -0.5483
vn 0.6456 -0.6179 0.4488
vn -0.1990 0.9460 0.2560
vn 0.5543 0.4263 0.7148
vn 0.2606 -0.8975 0.3557
vn -0.2323 -0.9188 -0.3191
vn 0.2345 -0.9172 0.3223
vn -0.4432 0.6959 -0.5651
vn -0.2631 -0.8955 -0.3590
vn 0.6282 -0.0000 0.7781
vn 0.3213 0.8415 0.4344
vn 0.3213 -0.8414 0.4344
vn -0.3213 0.8414 -0.4344
vn -0.6282 -0.0000 -0.7781
vn -0.3213 -0.8414 -0.4345
vn 0.6258 -0.0000 0.7800
vn 0.3223 0.8414 0.4339
vn 0.3223 -0.8414 0.4338
vn -0.3223 0.8414 -0.4338
vn -0.6258 -0.0000 -0.7800
vn -0.3223 -0.8414 -0.4338
vn 0.3347 0.8415 0.4241
vn 0.5932 -0.0000 0.8051
vn 0.3347 -0.8415 0.4241
vn -0.3346 -0.8415 -0.4241
vn -0.5932 -0.0000 -0.8050
vn -0.3347 0.8415 -0.4241
vn 0.6246 -0.0000 0.7810
vn 0.3226 0.8416 0.4332
vn 0.3226 -0.8416 0.4333
vn -0.3226 -0.8416 -0.4332
vn -0.6246 -0.0000 -0.7810
vn -0.3226 0.8416 -0.4332
vn 0.6223 -0.0000 0.7828
vn 0.3232 0.8418 0.4324
vn 0.3232 -0.8418 0.4323
vn -0.3236 0.8414 -0.4327
vn -0.6223 -0.0000 -0.7828
vn -0.3236 -0.8414 -0.4327
vn 0.4472 -0.6762 0.5855
vn -0.1257 -0.9895 -0.0713
vn -0.5941 -0.2445 -0.7663
vn 0.0306 0.9995 0.0080
vn 0.6160 -0.0968 0.7818
vn 0.3003 0.8558 0.4213
vn -0.2956 -0.8652 -0.4050
vn 0.0358 -0.9991 0.0223
vn 0.5922 0.0464 0.8045
vn -0.4657 0.6693 -0.5789
vn 0.5523 0.3589 0.7524
vn -0.3002 0.8454 -0.4418
vn -0.2626 -0.8948 -0.3612
vn 0.0126 -0.9999 -0.0031
vn 0.5983 0.1610 0.7849
vn -0.4527 0.7073 -0.5430
vn 0.5764 0.2466 0.7791
vn -0.3242 0.8143 -0.4814
vn -0.4895 -0.5978 -0.6348
vn 0.5394 -0.4714 0.6977
vn -0.0140 -0.9999 -0.0067
vn -0.5726 0.2743 -0.7726
vn -0.2851 0.9015 -0.3258
vn 0.4764 0.6553 0.5862
vn -0.2099 -0.9344 -0.2879
vn -0.0301 -0.9983 -0.0500
vn 0.5940 0.2423 0.7671
vn -0.4008 0.7859 -0.4708
vn 0.5890 0.1517 0.7938
vn -0.3185 0.8219 -0.4722
vn 0.9392 0.0126 0.3432
vn -0.9797 0.0076 0.2005
vn 0.2822 -0.0122 0.9593
vn 0.3432 -0.0126 0.9392
vn 0.2005 -0.0076 -0.9797
vn 0.9593 0.0122 0.2822
vn 0.9424 0.0104 0.3342
vn -0.9876 0.0065 0.1567
vn 0.3391 -0.0109 0.9407
vn 0.3922 -0.0111 0.9198
vn 0.1873 -0.0071 -0.9823
vn 0.9589 0.0101 0.2837
vn -0.9742 0.0090 -0.2253
vn 0.7069 0.0218 -0.7069
vn -0.2253 -0.0090 -0.9742
vn -0.7069 -0.0218 0.7069
vn 0.2253 0.0090 0.9742
vn 0.9742 -0.0090 0.2253
vn -0.9741 0.0095 -0.2260
vn 0.7069 0.0229 -0.7069
vn -0.2260 -0.0095 -0.9741
vn -0.7069 -0.0229 0.7069
vn 0.2260 0.0095 0.9741
vn 0.9741 -0.0095 0.2260
vn -0.1184 0.9833 -0.1382
vn 0.3634 0.7183 -0.5933
vn -0.6002 0.7160 0.3564
vn -0.7198 0.2739 0.6379
vn -0.7053 -0.0116 0.7088
vn 0.7175 0.0018 -0.6965
vn 0.8699 -0.4899 0.0575
vn 0.6288 -0.6487 0.4288
vn 0.6919 -0.0138 -0.7219
vn -0.4879 -0.2040 0.8487
vn 0.0539 -0.4744 0.8787
vn -0.7425 0.0418 0.6686
vn -0.7159 -0.0082 0.6981
vn 0.4177 -0.6611 0.6232
vn 0.0233 -0.5114 0.8590
vn 0.8645 -0.5022 0.0216
vn 0.8476 -0.2194 -0.4831
vn 0.6871 0.0235 -0.7262
vn 0.5338 0.2067 -0.8200
vn -0.2697 0.6680 -0.6935
vn 0.1056 0.5505 -0.8281
vn 0.7155 -0.0123 -0.6985
vn -0.8325 0.5451 0.0994
vn -0.7128 -0.0115 0.7013
vn -0.7734 0.6080 0.1795
vn -0.3476 0.7934 -0.4997
vn -0.7152 -0.0115 0.6988
vn 0.1873 0.6131 -0.7675
vn 0.5536 0.2409 -0.7972
vn 0.7146 -0.0151 -0.6993
vn -0.6241 0.7499 0.2193
vn -0.6134 0.7424 0.2693
vn 0.2195 0.7588 -0.6132
vn -0.7432 0.3274 0.5835
vn -0.6947 -0.0473 0.7178
vn 0.7198 -0.0002 -0.6942
vn 0.3225 0.7246 -0.6090
vn -0.2526 0.9448 -0.2085
vn -0.6010 0.7246 0.3373
vn -0.7358 0.3139 0.6001
vn -0.6980 -0.0395 0.7150
vn 0.6928 -0.0137 -0.7210
vn -0.9048 -0.3278 0.2717
vn 0.5265 -0.1803 -0.8308
vn -0.3708 0.2634 0.8906
vn -0.8804 -0.2410 0.4085
vn -0.3783 0.2602 0.8883
vn -0.4189 0.2323 0.8778
vn 0.9411 0.0100 0.3379
vn -0.9805 0.0061 0.1965
vn 0.2967 -0.0097 0.9549
vn 0.3451 -0.0100 0.9385
vn 0.1933 -0.0061 -0.9811
vn 0.9571 0.0097 0.2897
vn 0.7514 0.2764 0.5991
vn -0.3800 -0.8718 -0.3090
vn -0.4451 0.8066 -0.3889
vn 0.7824 0.1277 0.6095
vn -0.6103 0.6624 -0.4345
vn 0.0317 -0.9995 0.0078
vn 0.7932 -0.0000 0.6090
vn 0.8807 -0.3966 0.2590
vn 0.8825 0.2999 0.3622
vn 0.9680 -0.0000 0.2508
vn 0.9937 -0.0000 0.1118
vn 0.3594 -0.0000 0.9332
vn 0.4504 -0.0000 0.8928
vn 0.9713 -0.0150 0.2372
vn 0.4879 -0.0000 -0.8729
vn 0.9908 0.0962 0.0954
vn -0.5121 -0.0000 0.8590
vn -0.1468 -0.7289 0.6687
vn 0.0556 0.5417 0.8388
vn -0.6738 0.5680 -0.4726
vn 0.5276 -0.7219 -0.4479
vn 0.7538 0.5370 -0.3786
vn 0.0483 0.5370 0.8422
vn -0.1781 -0.7372 0.6517
vn 0.4759 -0.7366 -0.4805
vn 0.7516 0.5385 -0.3809
vn -0.4193 -0.5205 0.7439
vn 0.0178 0.9998 0.0109
vn 0.0487 0.5367 0.8424
vn -0.1782 -0.7372 0.6517
vn 0.4350 -0.5210 -0.7344
vn 0.4758 -0.7367 -0.4805
vn 0.7670 0.5267 -0.3665
vn -0.0531 -0.6967 0.7154
vn 0.4704 -0.8052 0.3611
vn -0.7990 -0.1331 -0.5864
vn -0.9944 0.1051 0.0043
vn 0.3783 0.8708 0.3139
vn -0.0195 0.6242 0.7810
vn -0.0852 0.3596 -0.9292
vn -0.0859 0.3594 -0.9292
vn 0.3432 -0.2624 0.9019
vn 0.5603 -0.4721 -0.6806
vn 0.5612 -0.4721 -0.6798
vn -0.3147 -0.2893 -0.9040
vn 0.9149 -0.1266 0.3834
vn -0.1890 0.3242 -0.9269
vn 0.6900 0.5200 -0.5036
vn 0.4867 0.5556 -0.6741
vn 0.3350 -0.3133 0.8886
vn 0.2707 -0.3552 0.8948
vn -0.9149 -0.1940 -0.3539
vn -0.9426 -0.2802 -0.1815
vn -0.4813 0.5548 0.6787
vn 0.2355 0.3815 0.8939
vn 0.6975 -0.5355 -0.4762
vn 0.9388 -0.2862 0.1916
vn -0.9384 0.2011 -0.2812
vn -0.3311 -0.3049 -0.8930
vn -0.6830 0.2948 0.6682
vn 0.4437 0.1513 0.8833
vn -0.9835 0.1663 -0.0708
vn 0.9683 -0.1522 0.1983
vn 0.4686 -0.2950 -0.8327
vn -0.3228 -0.1661 -0.9318
vn 0.9770 0.1418 0.1590
vn 0.9825 0.1724 0.0703
vn -0.4746 -0.2945 0.8295
vn -0.6833 -0.3074 0.6623
vn -0.2908 0.1819 -0.9393
vn -0.4424 0.1458 -0.8849
vn -0.3616 0.2295 -0.9036
vn 0.5390 0.4612 -0.7048
vn 0.9664 0.2293 0.1157
vn -0.9665 -0.2301 -0.1137
vn -0.5409 -0.4609 0.7036
vn 0.3611 -0.2295 0.9039
vn 0.5409 -0.4609 -0.7036
vn -0.3615 -0.2293 -0.9037
vn 0.9665 -0.2299 0.1142
vn -0.5390 0.4612 0.7048
vn -0.9665 0.2295 -0.1153
vn 0.3612 0.2297 0.9038
vn -0.7053 0.5526 0.4441
vn -0.5121 -0.2298 -0.8276
vn -0.9381 0.2641 -0.2240
vn -0.4327 -0.2806 -0.8568
vn -0.9347 0.2392 -0.2628
vn 0.9306 -0.3189 0.1798
vn -0.5047 -0.5809 0.6386
vn -0.5063 -0.5809 0.6373
vn 0.6080 -0.1851 0.7720
vn -0.9114 -0.1726 -0.3735
vn 0.5010 0.8650 0.0278
vn -0.1692 0.8489 -0.5007
vn -0.1150 0.8772 -0.4662
vn 0.5337 0.8430 0.0665
vn 0.5493 -0.4695 0.6913
vn -0.6171 -0.7572 -0.2143
vn -0.6588 -0.4085 -0.6318
vn -0.6141 -0.4767 -0.6290
vn -0.8263 0.4207 -0.3745
vn -0.8140 0.4637 -0.3497
vn 0.7435 -0.6111 0.2718
vn -0.1379 0.9467 0.2912
vn 0.7235 0.4179 0.5495
vn 0.3437 -0.8976 0.2761
vn -0.3069 -0.9189 -0.2480
vn 0.3100 -0.9171 0.2506
vn -0.5712 0.7000 -0.4287
vn -0.3472 -0.8954 -0.2787
vn 0.8081 -0.0000 0.5890
vn 0.4228 0.8414 0.3365
vn 0.4228 -0.8414 0.3365
vn -0.4228 0.8414 -0.3365
vn -0.8081 -0.0000 -0.5890
vn -0.4228 -0.8414 -0.3365
vn 0.8064 -0.0000 0.5914
vn 0.4236 0.8414 0.3357
vn 0.4236 -0.8414 0.3357
vn -0.4236 0.8414 -0.3357
vn -0.8063 -0.0000 -0.5914
vn -0.4236 -0.8414 -0.3357
vn 0.4331 0.8415 0.3230
vn 0.7813 -0.0000 0.6241
vn 0.4331 -0.8415 0.3230
vn -0.4330 -0.8415 -0.3230
vn -0.7813 -0.0000 -0.6241
vn -0.4330 0.8415 -0.3231
vn 0.8055 -0.0000 0.5927
vn 0.4237 0.8416 0.3350
vn 0.4237 -0.8416 0.3351
vn -0.4237 -0.8416 -0.3350
vn -0.8054 -0.0000 -0.5927
vn -0.4237 0.8416 -0.3350
vn 0.8037 -0.0000 0.5950
vn 0.4241 0.8418 0.3340
vn 0.4240 -0.8418 0.3340
vn -0.4246 0.8414 -0.3343
vn -0.8037 -0.0000 -0.5950
vn -0.4246 -0.8414 -0.3342
vn 0.5835 -0.6762 0.4498
vn -0.1398 -0.9895 -0.0365
vn -0.7722 -0.2445 -0.5864
vn 0.0316 0.9995 -0.0001
vn 0.7974 -0.0968 0.5957
vn 0.3991 0.8558 0.3292
vn -0.3904 -0.8652 -0.3147
vn 0.0404 -0.9991 0.0123
vn 0.7802 0.0464 0.6238
vn -0.5997 0.6693 -0.4386
vn 0.7283 0.3589 0.5838
vn -0.4043 0.8454 -0.3490
vn -0.3471 -0.8948 -0.2809
vn 0.0114 -0.9999 -0.0063
vn 0.7811 0.1610 0.6034
vn -0.5778 0.7073 -0.4073
vn 0.7584 0.2466 0.6033
vn -0.4378 0.8143 -0.3811
vn -0.6372 -0.5978 -0.4865
vn 0.7016 -0.4714 0.5343
vn -0.0152 -0.9999 -0.0028
vn -0.7531 0.2743 -0.5980
vn -0.3597 0.9014 -0.2408
vn 0.6119 0.6553 0.4430
vn -0.2772 -0.9344 -0.2238
vn -0.0421 -0.9983 -0.0405
vn 0.7723 0.2423 0.5873
vn -0.5090 0.7859 -0.3510
vn 0.7744 0.1517 0.6143
vn -0.4299 0.8219 -0.3737
vn 0.9960 0.0126 0.0884
vn -0.8944 0.0076 0.4472
vn 0.5208 -0.0122 0.8536
vn 0.5746 -0.0126 0.8184
vn -0.0599 -0.0076 -0.9982
vn 0.9996 0.0122 0.0243
vn 0.9968 0.0104 0.0789
vn -0.9134 0.0065 0.4071
vn 0.5710 -0.0109 0.8209
vn 0.6169 -0.0111 0.7870
vn -0.0737 -0.0071 -0.9973
vn 0.9996 0.0101 0.0259
vn -0.9994 0.0090 0.0345
vn 0.4999 0.0218 -0.8658
vn -0.4698 -0.0090 -0.8827
vn -0.4999 -0.0218 0.8658
vn 0.4698 0.0090 0.8827
vn 0.9994 -0.0090 -0.0345
vn -0.9994 0.0095 0.0338
vn 0.4999 0.0229 -0.8658
vn -0.4704 -0.0095 -0.8824
vn -0.4999 -0.0229 0.8658
vn 0.4704 0.0095 0.8824
vn 0.9994 -0.0095 -0.0338
vn -0.1501 0.9833 -0.1028
vn 0.1975 0.7182 -0.6672
vn -0.4875 0.7161 0.4996
vn -0.5301 0.2739 0.8025
vn -0.4979 -0.0115 0.8672
vn 0.5128 0.0017 -0.8585
vn 0.8551 -0.4899 -0.1697
vn 0.7183 -0.6487 0.2513
vn 0.4813 -0.0137 -0.8764
vn -0.2516 -0.2040 0.9461
vn 0.2795 -0.4744 0.8348
vn -0.5440 0.0416 0.8381
vn -0.5107 -0.0084 0.8597
vn 0.5648 -0.6611 0.4939
vn 0.2449 -0.5114 0.8237
vn 0.8406 -0.5022 -0.2029
vn 0.6937 -0.2193 -0.6860
vn 0.4756 0.0236 -0.8793
vn 0.3033 0.2068 -0.9302
vn -0.4400 0.6680 -0.6002
vn -0.1124 0.5506 -0.8272
vn 0.5102 -0.0121 -0.8600
vn -0.7784 0.5450 0.3116
vn -0.5069 -0.0117 0.8619
vn -0.7006 0.6079 0.3736
vn -0.4651 0.7934 -0.3927
vn -0.5099 -0.0115 0.8601
vn -0.0178 0.6131 -0.7898
vn 0.3284 0.2410 -0.9133
vn 0.5093 -0.0151 -0.8605
vn -0.5459 0.7503 0.3728
vn -0.5229 0.7419 0.4197
vn 0.0537 0.7584 -0.6495
vn -0.5668 0.3278 0.7558
vn -0.4859 -0.0454 0.8729
vn 0.5161 -0.0021 -0.8565
vn 0.1539 0.7246 -0.6717
vn -0.2979 0.9448 -0.1360
vn -0.4932 0.7246 0.4814
vn -0.5554 0.3139 0.7701
vn -0.4891 -0.0395 0.8713
vn 0.4826 -0.0137 -0.8757
vn -0.8037 -0.3279 0.4965
vn 0.2923 -0.1812 -0.9390
vn -0.1277 0.2633 0.9562
vn -0.7446 -0.2410 0.6225
vn -0.1353 0.2603 0.9560
vn -0.1756 0.2335 0.9564
vn -0.9993 0.0090 0.0357
vn 0.4966 0.0217 -0.8677
vn -0.4723 -0.0091 -0.8814
vn -0.4966 -0.0217 0.8677
vn 0.4723 0.0091 0.8814
vn 0.9993 -0.0090 -0.0357
vn 0.8809 0.2764 0.3842
vn -0.4470 -0.8718 -0.2001
vn -0.5306 0.8066 -0.2604
vn 0.9135 0.1277 0.3863
vn -0.7020 0.6624 -0.2617
vn 0.0326 -0.9995 -0.0007
vn 0.9238 -0.0000 0.3829
vn 0.9177 -0.3966 0.0223
vn 0.9462 0.2999 0.1214
vn 1.0000 -0.0000 -0.0083
vn 0.9888 -0.0000 -0.1492
vn 0.5887 -0.0000 0.8084
vn 0.6662 -0.0000 0.7458
vn 0.9996 -0.0150 -0.0224
vn 0.2453 -0.0000 -0.9695
vn 0.9817 0.0962 -0.1643
vn -0.2722 -0.0000 0.9622
vn 0.0313 -0.7289 0.6839
vn 0.2708 0.5417 0.7958
vn -0.6890 0.7011 -0.1839
vn 0.3937 -0.7219 -0.5691
vn 0.6301 0.5371 -0.5609
vn 0.2645 0.5370 0.8010
vn -0.0034 -0.7372 0.6756
vn 0.3353 -0.7366 -0.5873
vn 0.6274 0.5385 -0.5625
vn -0.2125 -0.5205 0.8270
vn 0.0200 0.9998 0.0059
vn 0.2650 0.5367 0.8010
vn 0.2301 -0.5210 -0.8220
vn 0.3352 -0.7367 -0.5873
vn 0.6459 0.5267 -0.5526
vn 0.3945 0.9072 0.1461
vn 0.9238 0.0020 0.3828
vn 0.9238 -0.0020 0.3828
vn 0.3822 -0.9072 0.1757
vn 0.1337 -0.6968 0.7047
vn 0.5478 -0.8052 0.2270
vn -0.9236 -0.1331 -0.3596
vn -0.9595 0.1051 0.2615
vn 0.4467 0.8708 0.2053
vn 0.1834 0.6242 0.7595
vn -0.3228 0.3596 -0.8755
vn -0.3234 0.3594 -0.8753
vn 0.5690 -0.2605 0.7800
vn 0.3755 -0.4719 -0.7977
vn 0.3766 -0.4718 -0.7972
vn -0.5413 -0.2878 -0.7901
vn 0.9834 -0.1304 0.1263
vn -0.4242 0.3235 -0.8458
vn 0.5361 0.5200 -0.6650
vn 0.2957 0.5556 -0.7771
vn 0.5536 -0.3133 0.7716
vn 0.4930 -0.3552 0.7942
vn -0.9754 -0.1940 -0.1051
vn -0.9575 -0.2802 0.0686
vn -0.2892 0.5548 0.7801
vn 0.4588 0.3815 0.8025
vn 0.5505 -0.5355 -0.6405
vn 0.9564 -0.2862 -0.0579
vn -0.9792 0.2011 -0.0287
vn -0.5510 -0.3049 -0.7768
vn -0.4868 0.2948 0.8222
vn 0.6572 0.1513 0.7384
vn -0.9684 0.1663 0.1861
vn 0.9866 -0.1522 -0.0591
vn 0.2371 -0.2950 -0.9256
vn -0.5529 -0.1661 -0.8165
vn 0.9849 0.1418 -0.0993
vn 0.9672 0.1724 -0.1864
vn -0.2437 -0.2945 0.9240
vn -0.4886 -0.3074 0.8166
vn -0.5240 0.1819 -0.8321
vn -0.6563 0.1458 -0.7402
vn 0.4482 0.8778 0.1691
vn 0.9239 0.0017 0.3827
vn 0.9239 -0.0017 0.3827
vn 0.4365 -0.8778 0.1974
vn -0.5832 0.2295 -0.7792
vn 0.3381 0.4612 -0.8203
vn 0.9635 0.2293 -0.1383
vn -0.9630 -0.2301 0.1404
vn -0.3403 -0.4609 0.8196
vn 0.5827 -0.2295 0.7796
vn 0.3403 -0.4609 -0.8196
vn -0.5831 -0.2293 -0.7793
vn 0.9631 -0.2299 -0.1398
vn -0.3382 0.4612 0.8203
vn -0.9634 0.2295 0.1388
vn 0.5828 0.2296 0.7795
vn -0.5675 0.5523 0.6106
vn -0.7087 -0.2299 -0.6670
vn -0.9642 0.2640 0.0262
vn -0.6399 -0.2805 -0.7154
vn -0.9709 0.2393 -0.0117
vn 0.9463 -0.3169 -0.0638
vn -0.3250 -0.5809 0.7463
vn -0.3268 -0.5808 0.7455
vn 0.7857 -0.1864 0.5898
vn -0.9770 -0.1721 -0.1256
vn 0.4912 0.8650 -0.1028
vn -0.2929 0.8490 -0.4398
vn -0.2319 0.8771 -0.4206
vn 0.5327 0.8431 -0.0739
vn 0.7069 -0.4732 0.5258
vn -0.6504 -0.7581 -0.0465
vn -0.7997 -0.4087 -0.4398
vn -0.7561 -0.4764 -0.4486
vn -0.8951 0.4206 -0.1480
vn -0.8767 0.4639 -0.1270
vn 0.7851 -0.6157 0.0672
vn -0.0411 0.9458 0.3222
vn 0.8386 0.4237 0.3424
vn 0.4035 -0.8975 0.1778
vn -0.3607 -0.9188 -0.1602
vn 0.3642 -0.9172 0.1618
vn -0.6652 0.6971 -0.2674
vn -0.4074 -0.8954 -0.1794
vn 0.9330 -0.0000 0.3598
vn 0.4955 0.8415 0.2156
vn 0.4955 -0.8415 0.2156
vn -0.4955 0.8415 -0.2156
vn -0.9330 -0.0000 -0.3598
vn -0.4955 -0.8415 -0.2156
vn 0.9319 -0.0000 0.3626
vn 0.4960 0.8414 0.2146
vn 0.4960 -0.8414 0.2146
vn -0.4960 0.8414 -0.2146
vn -0.9320 -0.0000 -0.3626
vn -0.4960 -0.8414 -0.2146
vn 0.5019 0.8415 0.1999
vn 0.9162 -0.0000 0.4006
vn 0.5019 -0.8415 0.2000
vn -0.5019 -0.8415 -0.2000
vn -0.9163 -0.0000 -0.4006
vn -0.5019 0.8415 -0.2000
vn 0.9314 -0.0000 0.3640
vn 0.4960 0.8416 0.2139
vn 0.4960 -0.8416 0.2139
vn -0.4960 -0.8416 -0.2139
vn -0.9314 -0.0000 -0.3640
vn -0.4960 0.8416 -0.2139
vn 0.9303 -0.0000 0.3667
vn 0.4960 0.8418 0.2129
vn 0.4960 -0.8418 0.2128
vn -0.4966 0.8414 -0.2130
vn -0.9303 -0.0000 -0.3667
vn -0.4966 -0.8414 -0.2130
vn 0.6800 -0.6762 0.2834
vn -0.1445 -0.9895 0.0011
vn -0.8976 -0.2445 -0.3667
vn 0.0305 0.9995 -0.0082
vn 0.9244 -0.0968 0.3691
vn 0.4707 0.8558 0.2147
vn -0.4585 -0.8652 -0.2029
vn 0.0422 -0.9991 0.0014
vn 0.9151 0.0464 0.4006
vn -0.6928 0.6693 -0.2685
vn 0.8545 0.3589 0.3754
vn -0.4809 0.8454 -0.2325
vn -0.4080 -0.8947 -0.1815
vn 0.0094 -0.9999 -0.0090
vn 0.9106 0.1610 0.3806
vn -0.6636 0.7073 -0.2438
vn 0.8887 0.2466 0.3865
vn -0.5215 0.8143 -0.2548
vn -0.7414 -0.5978 -0.3050
vn 0.8160 -0.4714 0.3345
vn -0.0154 -0.9999 0.0012
vn -0.8822 0.2742 -0.3827
vn -0.4098 0.9014 -0.1396
vn 0.7057 0.6553 0.2695
vn -0.3257 -0.9344 -0.1444
vn -0.0511 -0.9983 -0.0282
vn 0.8980 0.2423 0.3674
vn -0.5825 0.7859 -0.2073
vn 0.9070 0.1517 0.3929
vn -0.5120 0.8219 -0.2496
vn 0.9850 0.0126 -0.1724
vn -0.7481 0.0076 0.6635
vn 0.7240 -0.0122 0.6897
vn 0.7668 -0.0126 0.6418
vn -0.3162 -0.0076 -0.9487
vn 0.9719 0.0122 -0.2353
vn 0.9833 0.0104 -0.1818
vn -0.7770 0.0065 0.6295
vn 0.7640 -0.0109 0.6451
vn 0.7995 -0.0111 0.6005
vn -0.3292 -0.0071 -0.9442
vn 0.9722 0.0101 -0.2337
vn -0.9564 0.0090 0.2920
vn 0.2588 0.0218 -0.9657
vn -0.6822 -0.0090 -0.7311
vn -0.2588 -0.0218 0.9657
vn 0.6823 0.0090 0.7311
vn 0.9564 -0.0090 -0.2920
vn -0.9566 0.0095 0.2914
vn 0.2587 0.0229 -0.9657
vn -0.6827 -0.0095 -0.7306
vn -0.2588 -0.0229 0.9657
vn 0.6828 0.0095 0.7306
vn 0.9566 -0.0095 -0.2913
vn -0.1716 0.9833 -0.0604
vn 0.0181 0.7182 -0.6956
vn -0.3416 0.7161 0.6087
vn -0.3044 0.2739 0.9123
vn -0.2565 -0.0115 0.9665
vn 0.2732 0.0017 -0.9620
vn 0.7821 -0.4899 -0.3851
vn 0.7589 -0.6487 0.0569
vn 0.2383 -0.0138 -0.9711
vn 0.0018 -0.2040 0.9790
vn 0.4860 -0.4744 0.7340
vn -0.3087 0.0418 0.9502
vn -0.2709 -0.0083 0.9626
vn 0.6734 -0.6611 0.3308
vn 0.4497 -0.5114 0.7322
vn 0.7595 -0.5022 -0.4136
vn 0.4925 -0.2193 -0.8422
vn 0.2319 0.0236 -0.9725
vn 0.0523 0.2067 -0.9770
vn -0.5804 0.6680 -0.4657
vn -0.3226 0.5505 -0.7700
vn 0.2704 -0.0123 -0.9627
vn -0.6713 0.5451 0.5023
vn -0.2667 -0.0114 0.9637
vn -0.5801 0.6081 0.5420
vn -0.5509 0.7934 -0.2590
vn -0.2702 -0.0112 0.9627
vn -0.2214 0.6130 -0.7584
vn 0.0809 0.2408 -0.9672
vn 0.2695 -0.0155 -0.9629
vn -0.4309 0.7502 0.5016
vn -0.3965 0.7421 0.5405
vn -0.1163 0.7586 -0.6411
vn -0.3519 0.3276 0.8768
vn -0.2432 -0.0461 0.9689
vn 0.2766 -0.0014 -0.9610
vn -0.0252 0.7247 -0.6886
vn -0.3230 0.9448 -0.0543
vn -0.3518 0.7245 0.5927
vn -0.3371 0.3139 0.8876
vn -0.2469 -0.0397 0.9682
vn 0.2395 -0.0134 -0.9708
vn -0.6479 -0.3280 0.6875
vn 0.0388 -0.1816 -0.9826
vn 0.1241 0.2633 0.9567
vn -0.5581 -0.2409 0.7940
vn 0.1168 0.2604 0.9584
vn 0.0787 0.2341 0.9690
vn 0.9840 0.0100 -0.1779
vn -0.7509 0.0061 0.6604
vn 0.7344 -0.0097 0.6786
vn 0.7681 -0.0100 0.6402
vn -0.3232 -0.0061 -0.9463
vn 0.9737 0.0097 -0.2277
vn -0.3842 0.2764 0.8809
vn 0.2002 -0.8718 -0.4470
vn 0.2604 0.8066 -0.5306
vn -0.3863 0.1277 0.9135
vn 0.2617 0.6624 -0.7020
vn 0.0007 -0.9995 0.0326
vn -0.3829 -0.0000 0.9238
vn -0.0223 -0.3966 0.9177
vn -0.1214 0.2999 0.9462
vn 0.0083 -0.0000 1.0000
vn 0.1492 -0.0000 0.9888
vn -0.8084 -0.0000 0.5886
vn -0.7458 -0.0000 0.6662
vn 0.0223 -0.0150 0.9996
vn 0.9694 -0.0000 0.2453
vn 0.1643 0.0962 0.9817
vn -0.9622 -0.0000 -0.2723
vn -0.6840 -0.7289 0.0313
vn -0.7958 0.5417 0.2707
vn 0.0520 0.6536 -0.7550
vn 0.5691 -0.7219 0.3937
vn 0.5609 0.5371 0.6300
vn -0.8010 0.5370 0.2645
vn -0.6756 -0.7372 -0.0034
vn 0.5873 -0.7366 0.3353
vn 0.5625 0.5385 0.6274
vn -0.8270 -0.5205 -0.2124
vn -0.0059 0.9998 0.0200
vn -0.8010 0.5367 0.2650
vn 0.8220 -0.5210 0.2301
vn 0.5873 -0.7367 0.3352
vn 0.5526 0.5267 0.6459
vn -0.7047 -0.6968 0.1337
vn -0.2270 -0.8052 0.5478
vn 0.3596 -0.1331 -0.9236
vn -0.2615 0.1052 -0.9595
vn -0.2053 0.8708 0.4467
vn -0.7595 0.6241 0.1834
vn 0.8753 0.3593 -0.3236
vn 0.8751 0.3591 -0.3243
vn -0.7827 -0.2628 0.5641
vn 0.8021 -0.4721 0.3658
vn 0.8016 -0.4721 0.3668
vn 0.7901 -0.2878 -0.5413
vn -0.1266 -0.1302 0.9834
vn 0.8464 0.3241 -0.4227
vn 0.6650 0.5200 0.5361
vn 0.7771 0.5556 0.2957
vn -0.7716 -0.3133 0.5536
vn -0.7942 -0.3552 0.4930
vn 0.1051 -0.1940 -0.9754
vn -0.0686 -0.2802 -0.9575
vn -0.7801 0.5547 -0.2892
vn -0.8025 0.3815 0.4588
vn 0.6405 -0.5355 0.5505
vn 0.0578 -0.2862 0.9564
vn 0.0287 0.2011 -0.9792
vn 0.7769 -0.3048 -0.5510
vn -0.8222 0.2948 -0.4868
vn -0.7384 0.1512 0.6572
vn -0.1861 0.1663 -0.9684
vn 0.0591 -0.1522 0.9866
vn 0.9256 -0.2950 0.2371
vn 0.8165 -0.1661 -0.5529
vn 0.0993 0.1418 0.9849
vn 0.1864 0.1724 0.9672
vn -0.9240 -0.2945 -0.2437
vn -0.8166 -0.3074 -0.4886
vn 0.8321 0.1819 -0.5240
vn 0.7403 0.1458 -0.6563
vn 0.7792 0.2295 -0.5832
vn 0.8203 0.4612 0.3382
vn 0.1383 0.2293 0.9635
vn -0.1403 -0.2301 -0.9630
vn -0.8196 -0.4609 -0.3403
vn -0.7796 -0.2295 0.5827
vn 0.8196 -0.4609 0.3403
vn 0.7793 -0.2293 -0.5831
vn 0.1398 -0.2299 0.9631
vn -0.8203 0.4612 -0.3382
vn -0.1388 0.2295 -0.9634
vn -0.7795 0.2296 0.5828
vn -0.6105 0.5523 -0.5677
vn 0.6670 -0.2299 -0.7086
vn -0.0262 0.2639 -0.9642
vn 0.7154 -0.2805 -0.6399
vn 0.0117 0.2393 -0.9709
vn 0.0634 -0.3167 0.9464
vn -0.7517 -0.5811 -0.3119
vn -0.7510 -0.5810 -0.3136
vn -0.5906 -0.1872 0.7849
vn 0.1277 -0.1706 -0.9770
vn 0.1027 0.8649 0.4913
vn 0.4398 0.8490 -0.2929
vn 0.4206 0.8771 -0.2318
vn 0.0740 0.8431 0.5326
vn -0.5256 -0.4698 0.7093
vn 0.0442 -0.7607 -0.6476
vn 0.4398 -0.4085 -0.7998
vn 0.4487 -0.4767 -0.7560
vn 0.1479 0.4207 -0.8951
vn 0.1270 0.4638 -0.8768
vn -0.0690 -0.6129 0.7872
vn -0.3181 0.9465 -0.0542
vn -0.3434 0.4185 0.8408
vn -0.1777 -0.8976 0.4034
vn 0.1601 -0.9189 -0.3607
vn -0.1619 -0.9171 0.3642
vn 0.2664 0.6997 -0.6629
vn 0.1794 -0.8954 -0.4075
vn -0.3597 -0.0000 0.9331
vn -0.2156 0.8415 0.4954
vn -0.2156 -0.8414 0.4954
vn 0.2156 0.8414 -0.4955
vn 0.3597 -0.0000 -0.9331
vn 0.2156 -0.8414 -0.4955
vn -0.3626 -0.0000 0.9319
vn -0.2146 0.8414 0.4960
vn -0.2146 -0.8414 0.4960
vn 0.2146 0.8414 -0.4960
vn 0.3626 -0.0000 -0.9319
vn 0.2146 -0.8414 -0.4960
vn -0.2000 0.8415 0.5019
vn -0.4006 -0.0000 0.9163
vn -0.2000 -0.8415 0.5019
vn 0.2000 -0.8415 -0.5018
vn 0.4006 -0.0000 -0.9162
vn 0.2000 0.8415 -0.5019
vn -0.3640 -0.0000 0.9314
vn -0.2139 0.8416 0.4959
vn -0.2139 -0.8416 0.4960
vn 0.2139 -0.8416 -0.4960
vn 0.3640 -0.0000 -0.9314
vn 0.2139 0.8416 -0.4960
vn -0.3667 -0.0000 0.9303
vn -0.2129 0.8418 0.4960
vn -0.2129 -0.8418 0.4960
vn 0.2130 0.8414 -0.4966
vn 0.3667 -0.0000 -0.9303
vn 0.2130 -0.8414 -0.4966
vn -0.2834 -0.6762 0.6800
vn -0.0011 -0.9895 -0.1446
vn 0.3667 -0.2446 -0.8976
vn 0.0082 0.9995 0.0305
vn -0.3691 -0.0968 0.9243
vn -0.2147 0.8558 0.4707
vn 0.2029 -0.8652 -0.4585
vn -0.0014 -0.9991 0.0422
vn -0.4005 0.0464 0.9151
vn 0.2684 0.6693 -0.6928
vn -0.3754 0.3589 0.8545
vn 0.2325 0.8454 -0.4809
vn 0.1815 -0.8948 -0.4080
vn 0.0090 -0.9999 0.0094
vn -0.3806 0.1610 0.9106
vn 0.2439 0.7073 -0.6635
vn -0.3864 0.2466 0.8887
vn 0.2548 0.8143 -0.5215
vn 0.3050 -0.5978 -0.7414
vn -0.3345 -0.4714 0.8160
vn -0.0012 -0.9999 -0.0154
vn 0.3827 0.2742 -0.8822
vn 0.1396 0.9015 -0.4097
vn -0.2695 0.6553 0.7057
vn 0.1444 -0.9344 -0.3257
vn 0.0282 -0.9983 -0.0512
vn -0.3674 0.2423 0.8980
vn 0.2073 0.7859 -0.5825
vn -0.3929 0.1517 0.9070
vn 0.2497 0.8219 -0.5120
vn 0.1723 0.0126 0.9850
vn -0.6635 0.0076 -0.7482
vn -0.6897 -0.0122 0.7240
vn -0.6418 -0.0126 0.7668
vn 0.9487 -0.0076 -0.3162
vn 0.2352 0.0122 0.9719
vn 0.1818 0.0104 0.9833
vn -0.6295 0.0065 -0.7770
vn -0.6451 -0.0109 0.7640
vn -0.6005 -0.0111 0.7995
vn 0.9442 -0.0071 -0.3292
vn 0.2337 0.0101 0.9722
vn 0.1725 0.0100 0.9850
vn -0.6577 0.0061 -0.7533
vn -0.6800 -0.0097 0.7331
vn -0.6419 -0.0100 0.7668
vn 0.9462 -0.0061 -0.3235
vn 0.2223 0.0097 0.9749
vn -0.2914 0.0095 -0.9566
vn 0.9657 0.0229 0.2587
vn 0.7306 -0.0095 -0.6827
vn -0.9657 -0.0229 -0.2588
vn -0.7306 0.0095 0.6827
vn 0.2913 -0.0095 0.9566
vn 0.0605 0.9833 -0.1716
vn 0.6956 0.7182 0.0181
vn -0.6087 0.7161 -0.3416
vn -0.9123 0.2739 -0.3044
vn -0.9665 -0.0114 -0.2565
vn 0.9620 0.0016 0.2732
vn 0.3852 -0.4899 0.7820
vn -0.0568 -0.6487 0.7589
vn 0.9712 -0.0136 0.2381
vn -0.9790 -0.2040 0.0019
vn -0.7340 -0.4744 0.4860
vn -0.9503 0.0416 -0.3085
vn -0.9624 -0.0079 -0.2714
vn -0.3311 -0.6612 0.6733
vn -0.7324 -0.5113 0.4495
vn 0.4133 -0.5023 0.7595
vn 0.8421 -0.2194 0.4926
vn 0.9723 0.0231 0.2324
vn 0.9770 0.2067 0.0522
vn 0.4658 0.6680 -0.5804
vn 0.7699 0.5506 -0.3226
vn 0.9627 -0.0122 0.2703
vn -0.5024 0.5450 -0.6712
vn -0.9637 -0.0116 -0.2666
vn -0.5422 0.6079 -0.5800
vn 0.2590 0.7934 -0.5509
vn -0.9628 -0.0117 -0.2699
vn 0.7582 0.6132 -0.2216
vn 0.9672 0.2410 0.0808
vn 0.9630 -0.0150 0.2692
vn -0.5016 0.7502 -0.4308
vn -0.5404 0.7421 -0.3965
vn 0.6412 0.7586 -0.1163
vn -0.8768 0.3276 -0.3519
vn -0.9689 -0.0461 -0.2432
vn 0.9610 -0.0014 0.2766
vn 0.6887 0.7246 -0.0252
vn 0.0543 0.9448 -0.3231
vn -0.5926 0.7246 -0.3518
vn -0.8876 0.3139 -0.3372
vn -0.9682 -0.0394 -0.2470
vn 0.9708 -0.0138 0.2396
vn -0.6876 -0.3279 -0.6479
vn 0.9827 -0.1812 0.0394
vn -0.9567 0.2633 0.1241
vn -0.7940 -0.2410 -0.5582
vn -0.9585 0.2603 0.1167
vn -0.9692 0.2334 0.0779
vn 0.1779 0.0100 0.9840
vn -0.6604 0.0061 -0.7509
vn -0.6786 -0.0097 0.7344
vn -0.6402 -0.0100 0.7681
vn 0.9463 -0.0061 -0.3232
vn 0.2277 0.0097 0.9737
vn -0.5991 0.2764 0.7515
vn 0.3090 -0.8718 -0.3800
vn 0.3889 0.8066 -0.4451
vn -0.6096 0.1277 0.7824
vn 0.4345 0.6624 -0.6103
vn -0.0077 -0.9995 0.0317
vn -0.6090 -0.0000 0.7932
vn -0.2590 -0.3966 0.8807
vn -0.3622 0.2999 0.8825
vn -0.2508 -0.0000 0.9680
vn -0.1118 -0.0000 0.9937
vn -0.9332 -0.0000 0.3594
vn -0.8928 -0.0000 0.4504
vn -0.2372 -0.0150 0.9713
vn 0.8729 -0.0000 0.4879
vn -0.0954 0.0962 0.9908
vn -0.8590 -0.0000 -0.5120
vn -0.6687 -0.7289 -0.1468
vn -0.8388 0.5417 0.0556
vn 0.3298 0.6138 -0.7173
vn 0.4479 -0.7218 0.5276
vn 0.3787 0.5370 0.7538
vn -0.8422 0.5370 0.0483
vn -0.6517 -0.7372 -0.1781
vn 0.4805 -0.7366 0.4759
vn 0.3809 0.5385 0.7516
vn -0.7439 -0.5205 -0.4192
vn -0.0109 0.9998 0.0178
vn -0.8423 0.5368 0.0487
vn -0.6517 -0.7372 -0.1782
vn 0.7344 -0.5210 0.4350
vn 0.4805 -0.7367 0.4758
vn 0.3666 0.5267 0.7669
vn 0.6088 0.0020 -0.7933
vn 0.6089 -0.0020 -0.7933
vn 0.2431 0.9073 -0.3431
vn 0.2686 -0.9073 -0.3236
vn 0.0308 0.1176 -0.9926
vn 0.2748 -0.8671 -0.4155
vn 0.3723 0.8089 -0.4550
vn -0.7119 -0.7011 -0.0413
vn -0.6194 0.1462 0.7713
vn -0.8022 0.5926 -0.0731
vn 0.9292 0.3598 -0.0845
vn 0.9292 0.3596 -0.0852
vn -0.9026 -0.2638 0.3400
vn 0.6799 -0.4721 0.5611
vn 0.6792 -0.4721 0.5620
vn 0.9035 -0.2882 -0.3174
vn -0.3798 -0.1286 0.9161
vn 0.9271 0.3248 -0.1872
vn 0.5036 0.5200 0.6899
vn 0.6741 0.5556 0.4867
vn -0.8886 -0.3133 0.3350
vn -0.8948 -0.3552 0.2707
vn 0.3539 -0.1940 -0.9149
vn 0.1815 -0.2802 -0.9426
vn -0.6787 0.5548 -0.4813
vn -0.8939 0.3815 0.2355
vn 0.4762 -0.5355 0.6975
vn -0.1917 -0.2862 0.9388
vn 0.2812 0.2011 -0.9384
vn 0.8930 -0.3048 -0.3311
vn -0.6682 0.2948 -0.6830
vn -0.8833 0.1512 0.4437
vn 0.0708 0.1663 -0.9835
vn -0.1983 -0.1522 0.9683
vn 0.8327 -0.2950 0.4686
vn 0.9318 -0.1661 -0.3228
vn -0.1590 0.1418 0.9770
vn -0.0703 0.1724 0.9825
vn -0.8295 -0.2945 -0.4746
vn -0.6623 -0.3074 -0.6833
vn 0.9393 0.1819 -0.2908
vn 0.8849 0.1458 -0.4424
vn 0.9036 0.2295 -0.3616
vn 0.7049 0.4612 0.5389
vn -0.1158 0.2293 0.9664
vn 0.1137 -0.2301 -0.9665
vn -0.7036 -0.4609 -0.5409
vn -0.9038 -0.2295 0.3611
vn 0.7036 -0.4609 0.5409
vn 0.9037 -0.2293 -0.3616
vn -0.1142 -0.2299 0.9665
vn -0.7048 0.4612 -0.5390
vn 0.1153 0.2295 -0.9665
vn -0.9038 0.2296 0.3612
vn -0.4420 0.5521 -0.7070
vn 0.8277 -0.2299 -0.5119
vn 0.2243 0.2639 -0.9381
vn 0.8567 -0.2805 -0.4330
vn 0.2625 0.2393 -0.9348
vn -0.1840 -0.3166 0.9306
vn -0.6384 -0.5809 -0.5050
vn -0.6371 -0.5809 -0.5066
vn -0.7722 -0.1853 0.6078
vn 0.3732 -0.1728 -0.9115
vn -0.0283 0.8647 0.5015
vn 0.5007 0.8489 -0.1692
vn 0.4663 0.8771 -0.1150
vn -0.0660 0.8434 0.5333
vn -0.6931 -0.4544 0.5596
vn 0.2007 -0.7690 -0.6069
vn 0.6318 -0.4083 -0.6589
vn 0.6290 -0.4769 -0.6139
vn 0.3746 0.4205 -0.8263
vn 0.3495 0.4640 -0.8140
vn -0.2681 -0.6157 0.7410
vn -0.2923 0.9466 -0.1361
vn -0.5482 0.4221 0.7220
vn -0.2761 -0.8976 0.3437
vn 0.2480 -0.9189 -0.3069
vn -0.2506 -0.9172 0.3099
vn 0.4299 0.6979 -0.5728
vn 0.2787 -0.8955 -0.3471
vn -0.5889 -0.0000 0.8082
vn -0.3365 0.8414 0.4227
vn -0.3365 -0.8415 0.4227
vn 0.3365 0.8414 -0.4227
vn 0.5890 -0.0000 -0.8082
vn 0.3365 -0.8415 -0.4227
vn -0.5915 -0.0000 0.8063
vn -0.3357 0.8414 0.4236
vn -0.3356 -0.8414 0.4236
vn 0.3357 0.8414 -0.4236
vn 0.5914 -0.0000 -0.8063
vn 0.3357 -0.8414 -0.4236
vn -0.3231 0.8415 0.4330
vn -0.6241 -0.0000 0.7814
vn -0.3231 -0.8415 0.4330
vn 0.3230 -0.8415 -0.4330
vn 0.6241 -0.0000 -0.7813
vn 0.3231 0.8415 -0.4330
vn -0.5927 -0.0000 0.8054
vn -0.3350 0.8416 0.4237
vn -0.3350 -0.8416 0.4237
vn 0.3350 -0.8416 -0.4237
vn 0.5927 -0.0000 -0.8054
vn 0.3350 0.8416 -0.4237
vn -0.5950 -0.0000 0.8037
vn -0.3340 0.8418 0.4240
vn -0.3340 -0.8418 0.4240
vn 0.3343 0.8414 -0.4246
vn 0.5950 -0.0000 -0.8037
vn 0.3343 -0.8414 -0.4246
vn -0.4498 -0.6762 0.5835
vn 0.0364 -0.9895 -0.1399
vn 0.5865 -0.2445 -0.7722
vn 0.0001 0.9995 0.0315
vn -0.5957 -0.0968 0.7973
vn -0.3292 0.8558 0.3992
vn 0.3147 -0.8652 -0.3904
vn -0.0123 -0.9991 0.0404
vn -0.6238 0.0464 0.7802
vn 0.4386 0.6693 -0.5996
vn -0.5838 0.3589 0.7283
vn 0.3490 0.8454 -0.4044
vn 0.2809 -0.8948 -0.3471
vn 0.0063 -0.9999 0.0114
vn -0.6034 0.1610 0.7810
vn 0.4073 0.7073 -0.5778
vn -0.6033 0.2466 0.7584
vn 0.3811 0.8143 -0.4378
vn 0.4865 -0.5978 -0.6371
vn -0.5343 -0.4714 0.7016
vn 0.0028 -0.9999 -0.0152
vn 0.5980 0.2742 -0.7531
vn 0.2409 0.9014 -0.3597
vn -0.4430 0.6553 0.6119
vn 0.2238 -0.9344 -0.2772
vn 0.0404 -0.9983 -0.0421
vn -0.5873 0.2423 0.7723
vn 0.3510 0.7859 -0.5090
vn -0.6143 0.1517 0.7744
vn 0.3737 0.8219 -0.4299
vn -0.0885 0.0126 0.9960
vn -0.4472 0.0076 -0.8944
vn -0.8536 -0.0122 0.5208
vn -0.8184 -0.0126 0.5745
vn 0.9982 -0.0076 -0.0599
vn -0.0243 0.0122 0.9996
vn -0.0789 0.0104 0.9968
vn -0.4071 0.0065 -0.9134
vn -0.8209 -0.0109 0.5710
vn -0.7870 -0.0111 0.6169
vn 0.9973 -0.0071 -0.0737
vn -0.0259 0.0101 0.9996
vn -0.0345 0.0090 -0.9994
vn 0.8658 0.0218 0.4999
vn 0.8827 -0.0090 -0.4698
vn -0.8658 -0.0218 -0.4999
vn -0.8827 0.0090 0.4698
vn 0.0345 -0.0090 0.9994
vn -0.0338 0.0095 -0.9994
vn 0.8658 0.0229 0.4999
vn 0.8824 -0.0095 -0.4704
vn -0.8658 -0.0229 -0.4999
vn -0.8824 0.0095 0.4704
vn 0.0338 -0.0095 0.9994
vn 0.1029 0.9833 -0.1502
vn 0.6672 0.7182 0.1975
vn -0.4996 0.7161 -0.4875
vn -0.8024 0.2739 -0.5301
vn -0.8672 -0.0115 -0.4979
vn 0.8585 0.0017 0.5128
vn 0.1695 -0.4900 0.8551
vn -0.2516 -0.6487 0.7183
vn 0.8762 -0.0140 0.4818
vn -0.9461 -0.2039 -0.2517
vn -0.8349 -0.4743 0.2793
vn -0.8378 0.0420 -0.5444
vn -0.8594 -0.0079 -0.5112
vn -0.4940 -0.6611 0.5647
vn -0.8238 -0.5113 0.2447
vn 0.2027 -0.5023 0.8406
vn 0.6859 -0.2194 0.6938
vn 0.8791 0.0232 0.4761
vn 0.9302 0.2066 0.3034
vn 0.5999 0.6681 -0.4401
vn 0.8273 0.5505 -0.1122
vn 0.8597 -0.0126 0.5106
vn -0.3113 0.5451 -0.7784
vn -0.8617 -0.0112 -0.5073
vn -0.3735 0.6080 -0.7006
vn 0.3928 0.7934 -0.4651
vn -0.8601 -0.0115 -0.5100
vn 0.7898 0.6131 -0.0177
vn 0.9133 0.2409 0.3284
vn 0.8605 -0.0152 0.5093
vn -0.3731 0.7501 -0.5460
vn -0.4192 0.7422 -0.5228
vn 0.6493 0.7587 0.0535
vn -0.7560 0.3275 -0.5668
vn -0.8730 -0.0466 -0.4855
vn 0.8567 -0.0009 0.5158
vn 0.6717 0.7246 0.1539
vn 0.1361 0.9448 -0.2980
vn -0.4814 0.7246 -0.4932
vn -0.7701 0.3139 -0.5554
vn -0.8713 -0.0394 -0.4891
vn 0.8757 -0.0137 0.4826
vn -0.4963 -0.3280 -0.8038
vn 0.9391 -0.1817 0.2917
vn -0.9562 0.2633 -0.1278
vn -0.6225 -0.2409 -0.7446
vn -0.9560 0.2604 -0.1353
vn -0.9564 0.2342 -0.1746
vn -0.0357 0.0090 -0.9993
vn 0.8677 0.0217 0.4966
vn 0.8814 -0.0091 -0.4723
vn -0.8677 -0.0217 -0.4966
vn -0.8814 0.0091 0.4723
vn 0.0357 -0.0090 0.9993
vn -0.7732 0.2764 0.5708
vn 0.3969 -0.8718 -0.2871
vn 0.4908 0.8066 -0.3293
vn -0.7913 0.1277 0.5979
vn 0.5776 0.6624 -0.4771
vn -0.0157 -0.9995 0.0286
vn -0.7935 -0.0000 0.6085
vn -0.4781 -0.3966 0.7836
vn -0.5782 0.2999 0.7587
vn -0.4928 -0.0000 0.8701
vn -0.3653 -0.0001 0.9309
vn -0.9944 -0.0000 0.1056
vn -0.9790 -0.0000 0.2040
vn -0.4805 -0.0150 0.8769
vn 0.7169 -0.0000 0.6972
vn -0.3486 0.0962 0.9323
vn -0.6972 -0.0000 -0.7169
vn -0.6080 -0.7289 -0.3149
vn -0.8246 0.5417 -0.1634
vn 0.2961 -0.7219 0.6255
vn 0.1707 0.5371 0.8261
vn -0.8260 0.5370 -0.1713
vn -0.5834 -0.7372 -0.3408
vn 0.3410 -0.7366 0.5840
vn 0.1734 0.5385 0.8246
vn -0.6100 -0.5205 -0.5975
vn -0.0151 0.9998 0.0144
vn -0.8263 0.5367 -0.1710
vn 0.5968 -0.5209 0.6103
vn 0.3411 -0.7367 0.5840
vn 0.1556 0.5267 0.8357
vn -0.3248 0.9066 0.2693
vn -0.7934 0.0020 0.6087
vn -0.7934 -0.0020 0.6087
vn -0.3443 -0.9066 0.2440
vn -0.6771 -0.6968 -0.2366
vn -0.4705 -0.8052 0.3609
vn 0.7732 -0.1331 -0.6200
vn 0.2532 0.1052 -0.9617
vn -0.4011 0.8708 0.2842
vn -0.7494 0.6242 -0.2209
vn 0.9195 0.3597 0.1585
vn 0.9197 0.3595 0.1578
vn -0.9600 -0.2619 0.0994
vn 0.5090 -0.4720 0.7198
vn 0.5080 -0.4720 0.7205
vn 0.9549 -0.2878 -0.0736
vn -0.6035 -0.1288 0.7869
vn 0.9444 0.3239 0.0567
vn 0.3079 0.5200 0.7968
vn 0.5252 0.5556 0.6446
vn -0.9450 -0.3133 0.0936
vn -0.9343 -0.3552 0.0299
vn 0.5787 -0.1940 -0.7921
vn 0.4193 -0.2802 -0.8635
vn -0.5310 0.5548 -0.6405
vn -0.9244 0.3815 -0.0039
vn 0.2794 -0.5355 0.7970
vn -0.4281 -0.2862 0.8572
vn 0.5144 0.2011 -0.8336
vn 0.9483 -0.3049 -0.0887
vn -0.4687 0.2948 -0.8327
vn -0.9681 0.1512 0.2000
vn 0.3230 0.1663 -0.9317
vn -0.4421 -0.1522 0.8840
vn 0.6831 -0.2950 0.6681
vn 0.9836 -0.1661 -0.0706
vn -0.4064 0.1418 0.9026
vn -0.3222 0.1724 0.9309
vn -0.6784 -0.2945 -0.6731
vn -0.4629 -0.3074 -0.8314
vn 0.9826 0.1819 -0.0378
vn 0.9692 0.1458 -0.1983
vn 0.9664 0.2295 -0.1154
vn 0.5414 0.4612 0.7030
vn -0.3619 0.2293 0.9036
vn 0.3599 -0.2301 -0.9042
vn -0.5396 -0.4609 -0.7045
vn -0.9665 -0.2295 0.1149
vn 0.5396 -0.4609 0.7045
vn 0.9665 -0.2293 -0.1154
vn -0.3604 -0.2299 0.9040
vn -0.5413 0.4612 -0.7030
vn 0.3615 0.2295 -0.9037
vn -0.9665 0.2296 0.1150
vn -0.2500 0.5533 -0.7946
vn 0.9320 -0.2299 -0.2802
vn 0.4593 0.2640 -0.8481
vn 0.9395 -0.2805 -0.1965
vn 0.4957 0.2392 -0.8349
vn -0.4157 -0.3182 0.8520
vn -0.4897 -0.5810 -0.6501
vn -0.4881 -0.5810 -0.6513
vn -0.9046 -0.1887 0.3822
vn 0.6009 -0.1692 -0.7812
vn -0.1568 0.8649 0.4769
vn 0.5273 0.8490 -0.0338
vn 0.4802 0.8771 0.0095
vn -0.2022 0.8432 0.4982
vn -0.8098 -0.4698 0.3514
vn 0.3613 -0.7613 -0.5384
vn 0.7808 -0.4083 -0.4728
vn 0.7665 -0.4768 -0.4302
vn 0.5758 0.4204 -0.7012
vn 0.5482 0.4641 -0.6958
vn -0.4492 -0.6174 0.6458
vn -0.2508 0.9463 -0.2039
vn -0.7252 0.3979 0.5619
vn -0.3555 -0.8977 0.2604
vn 0.3188 -0.9189 -0.2322
vn -0.3225 -0.9170 0.2346
vn 0.5544 0.7094 -0.4351
vn 0.3593 -0.8953 -0.2633
vn -0.7781 -0.0000 0.6282
vn -0.4345 0.8414 0.3212
vn -0.4345 -0.8414 0.3212
vn 0.4345 0.8414 -0.3212
vn 0.7780 -0.0000 -0.6282
vn 0.4345 -0.8414 -0.3212
vn -0.7800 -0.0000 0.6258
vn -0.4339 0.8414 0.3223
vn -0.4339 -0.8414 0.3223
vn 0.4339 0.8414 -0.3223
vn 0.7800 -0.0000 -0.6258
vn 0.4339 -0.8414 -0.3222
vn -0.4242 0.8415 0.3347
vn -0.8050 -0.0000 0.5932
vn -0.4241 -0.8415 0.3347
vn 0.4241 -0.8415 -0.3346
vn 0.8051 -0.0000 -0.5932
vn 0.4241 0.8415 -0.3347
vn -0.7809 -0.0000 0.6246
vn -0.4333 0.8416 0.3225
vn -0.4333 -0.8416 0.3225
vn 0.4333 -0.8416 -0.3225
vn 0.7810 -0.0000 -0.6246
vn 0.4333 0.8416 -0.3225
vn -0.7827 -0.0000 0.6224
vn -0.4324 0.8418 0.3231
vn -0.4324 -0.8418 0.3231
vn 0.4328 0.8414 -0.3236
vn 0.7827 -0.0000 -0.6224
vn 0.4328 -0.8414 -0.3236
vn -0.5855 -0.6762 0.4472
vn 0.0713 -0.9895 -0.1257
vn 0.7663 -0.2445 -0.5941
vn -0.0081 0.9995 0.0305
vn -0.7818 -0.0968 0.6160
vn -0.4213 0.8558 0.3003
vn 0.4050 -0.8652 -0.2957
vn -0.0223 -0.9991 0.0358
vn -0.8044 0.0464 0.5922
vn 0.5789 0.6693 -0.4657
vn -0.7524 0.3589 0.5524
vn 0.4418 0.8454 -0.3002
vn 0.3612 -0.8948 -0.2625
vn 0.0031 -0.9999 0.0126
vn -0.7849 0.1610 0.5983
vn 0.5429 0.7073 -0.4527
vn -0.7790 0.2466 0.5764
vn 0.4814 0.8143 -0.3243
vn 0.6348 -0.5978 -0.4895
vn -0.6977 -0.4714 0.5395
vn 0.0066 -0.9999 -0.0140
vn 0.7725 0.2742 -0.5727
vn 0.3258 0.9014 -0.2851
vn -0.5862 0.6553 0.4764
vn 0.2879 -0.9344 -0.2099
vn 0.0500 -0.9983 -0.0302
vn -0.7671 0.2423 0.5940
vn 0.4707 0.7859 -0.4009
vn -0.7938 0.1518 0.5890
vn 0.4722 0.8219 -0.3185
vn -0.3432 0.0126 0.9392
vn -0.2005 0.0076 -0.9797
vn -0.9593 -0.0122 0.2822
vn -0.9392 -0.0126 0.3432
vn 0.9797 -0.0076 0.2005
vn -0.2822 0.0122 0.9593
vn -0.3342 0.0104 0.9424
vn -0.1567 0.0065 -0.9876
vn -0.9407 -0.0109 0.3391
vn -0.9198 -0.0111 0.3922
vn 0.9823 -0.0071 0.1873
vn -0.2837 0.0101 0.9589
vn -0.3431 0.0100 0.9393
vn -0.1934 0.0061 -0.9811
vn -0.9555 -0.0097 0.2949
vn -0.9393 -0.0100 0.3431
vn 0.9812 -0.0061 0.1927
vn -0.2949 0.0097 0.9555
vn 0.2260 0.0095 -0.9741
vn 0.7069 0.0229 0.7069
vn 0.9741 -0.0095 -0.2260
vn -0.7069 -0.0229 -0.7069
vn -0.9741 0.0095 0.2260
vn -0.2260 -0.0095 0.9741
vn 0.1382 0.9833 -0.1185
vn 0.5933 0.7182 0.3635
vn -0.3564 0.7161 -0.6002
vn -0.6379 0.2739 -0.7198
vn -0.7088 -0.0116 -0.7053
vn 0.6965 0.0017 0.7176
vn -0.0575 -0.4899 0.8699
vn -0.4288 -0.6487 0.6288
vn 0.7219 -0.0138 0.6919
vn -0.8487 -0.2040 -0.4879
vn -0.8787 -0.4744 0.0539
vn -0.6686 0.0418 -0.7425
vn -0.6979 -0.0080 -0.7162
vn -0.6233 -0.6611 0.4176
vn -0.8591 -0.5114 0.0232
vn -0.0217 -0.5023 0.8644
vn 0.4830 -0.2194 0.8477
vn 0.7259 0.0232 0.6874
vn 0.8200 0.2067 0.5338
vn 0.6935 0.6680 -0.2697
vn 0.8281 0.5505 0.1056
vn 0.6985 -0.0123 0.7155
vn -0.0994 0.5451 -0.8325
vn -0.7013 -0.0115 -0.7128
vn -0.1795 0.6079 -0.7734
vn 0.4998 0.7933 -0.3476
vn -0.6988 -0.0115 -0.7152
vn 0.7675 0.6131 0.1873
vn 0.7972 0.2409 0.5535
vn 0.6993 -0.0151 0.7146
vn -0.2190 0.7502 -0.6239
vn -0.2698 0.7421 -0.6136
vn 0.6134 0.7586 0.2198
vn -0.5834 0.3276 -0.7432
vn -0.7175 -0.0461 -0.6950
vn 0.6939 -0.0014 0.7201
vn 0.6090 0.7246 0.3225
vn 0.2086 0.9448 -0.2527
vn -0.3373 0.7246 -0.6010
vn -0.6000 0.3139 -0.7358
vn -0.7150 -0.0393 -0.6980
vn 0.7209 -0.0138 0.6929
vn -0.2719 -0.3277 -0.9048
vn 0.8303 -0.1794 0.5277
vn -0.8906 0.2634 -0.3707
vn -0.4084 -0.2410 -0.8804
vn -0.8883 0.2601 -0.3785
vn -0.8773 0.2310 -0.4207
vn -0.3379 0.0100 0.9411
vn -0.1965 0.0061 -0.9805
vn -0.9549 -0.0097 0.2967
vn -0.9385 -0.0100 0.3451
vn 0.9811 -0.0061 0.1933
vn -0.2896 0.0097 0.9571
vn -0.8946 0.2764 0.3512
vn 0.4576 -0.8718 -0.1746
vn 0.5593 0.8066 -0.1910
vn -0.9191 0.1277 0.3728
vn 0.6814 0.6624 -0.3113
vn -0.0226 -0.9995 0.0236
vn -0.9240 -0.0000 0.3824
vn -0.6647 -0.3966 0.6332
vn -0.7549 0.2999 0.5832
vn -0.7012 -0.0000 0.7129
vn -0.5937 -0.0000 0.8047
vn -0.9879 -0.0000 -0.1554
vn -0.9984 -0.0000 -0.0563
vn -0.6910 -0.0150 0.7227
vn 0.5120 -0.0000 0.8590
vn -0.5780 0.0962 0.8103
vn -0.4879 -0.0000 -0.8729
vn -0.5058 -0.7288 -0.4615
vn -0.7541 0.5417 -0.3713
vn 0.5037 0.7329 -0.4574
vn 0.1241 -0.7219 0.6808
vn -0.0489 0.5371 0.8421
vn -0.7534 0.5370 -0.3794
vn -0.4754 -0.7372 -0.4801
vn 0.1782 -0.7366 0.6524
vn -0.0459 0.5385 0.8414
vn -0.4346 -0.5205 -0.7350
vn -0.0183 0.9998 0.0099
vn -0.7538 0.5368 -0.3790
vn 0.4185 -0.5209 0.7440
vn -0.0660 0.5267 0.8475
vn 0.9239 0.0020 -0.3826
vn 0.9239 -0.0020 -0.3825
vn 0.3811 0.9078 -0.1752
vn 0.3934 -0.9078 -0.1455
vn 0.5229 0.1177 -0.8442
vn 0.4457 -0.8671 -0.2224
vn 0.5500 0.8089 -0.2079
vn -0.5959 -0.7011 -0.3917
vn -0.9221 0.1462 0.3583
vn -0.6582 0.5925 -0.4644
vn 0.8479 0.3593 0.3899
vn 0.8482 0.3591 0.3893
vn -0.9530 -0.2618 -0.1523
vn 0.3115 -0.4722 0.8246
vn 0.3104 -0.4722 0.8250
vn 0.9399 -0.2897 0.1805
vn -0.7880 -0.1278 0.6022
vn 0.8976 0.3238 0.2990
vn 0.0911 0.5200 0.8493
vn 0.3404 0.5556 0.7586
vn -0.9370 -0.3133 -0.1542
vn -0.9102 -0.3552 -0.2130
vn 0.7640 -0.1940 -0.6154
vn 0.6285 -0.2802 -0.7256
vn -0.3471 0.5548 -0.7561
vn -0.8919 0.3815 -0.2430
vn 0.0636 -0.5355 0.8422
vn -0.6354 -0.2862 0.7172
vn 0.7127 0.2011 -0.6721
vn 0.9389 -0.3049 0.1597
vn -0.2372 0.2948 -0.9256
vn -0.9868 0.1513 -0.0574
vn 0.5531 0.1663 -0.8163
vn -0.6558 -0.1522 0.7394
vn 0.4869 -0.2950 0.8222
vn 0.9683 -0.1661 0.1863
vn -0.6262 0.1418 0.7667
vn -0.5521 0.1724 0.8158
vn -0.4811 -0.2945 -0.8257
vn -0.2319 -0.3074 -0.9229
vn 0.9589 0.1819 0.2179
vn 0.9875 0.1458 0.0593
vn 0.9239 0.0022 -0.3825
vn 0.9240 -0.0022 -0.3825
vn 0.3411 0.9265 -0.1587
vn 0.3535 -0.9265 -0.1288
vn 0.9634 0.2295 0.1386
vn 0.3410 0.4612 0.8192
vn -0.5835 0.2293 0.7791
vn 0.5817 -0.2301 -0.7802
vn -0.3389 -0.4609 -0.8202
vn -0.9633 -0.2295 -0.1392
vn 0.3389 -0.4609 0.8202
vn 0.9634 -0.2293 0.1387
vn -0.5821 -0.2299 0.7799
vn -0.3409 0.4612 -0.8192
vn 0.5831 0.2295 -0.7793
vn -0.9633 0.2296 -0.1391
vn -0.0314 0.5525 -0.8329
vn 0.9727 -0.2300 -0.0293
vn 0.6634 0.2639 -0.7002
vn 0.9584 -0.2804 0.0532
vn 0.6947 0.2394 -0.6783
vn -0.6257 -0.3159 0.7133
vn -0.3071 -0.5810 -0.7537
vn -0.3053 -0.5810 -0.7545
vn -0.9726 -0.1856 0.1398
vn 0.7791 -0.1726 -0.6026
vn -0.2748 0.8649 0.4201
vn 0.5184 0.8488 0.1037
vn 0.4611 0.8772 0.1336
vn -0.3242 0.8432 0.4289
vn -0.8803 -0.4538 0.1384
vn 0.4857 -0.7631 -0.4263
vn 0.8767 -0.4081 -0.2548
vn 0.8517 -0.4770 -0.2171
vn 0.7375 0.4207 -0.5283
vn 0.7098 0.4638 -0.5302
vn -0.6075 -0.6106 0.5080
vn -0.1710 0.9472 -0.2713
vn -0.8349 0.4240 0.3508
vn -0.4110 -0.8975 0.1596
vn 0.3683 -0.9188 -0.1418
vn -0.3720 -0.9172 0.1431
vn 0.6596 0.6970 -0.2814
vn 0.4149 -0.8954 -0.1613
vn -0.9141 -0.0000 0.4054
vn -0.5028 0.8414 0.1979
vn -0.5028 -0.8414 0.1979
vn 0.5028 0.8414 -0.1979
vn 0.9141 -0.0000 -0.4054
vn 0.5028 -0.8414 -0.1979
vn -0.9154 -0.0000 0.4026
vn -0.5025 0.8414 0.1990
vn -0.5025 -0.8414 0.1990
vn 0.5025 0.8414 -0.1990
vn 0.9154 -0.0000 -0.4026
vn 0.5025 -0.8414 -0.1990
vn -0.4963 0.8415 0.2135
vn -0.9311 -0.0000 0.3646
vn -0.4963 -0.8415 0.2135
vn 0.4963 -0.8415 -0.2135
vn 0.9312 -0.0000 -0.3646
vn 0.4963 0.8415 -0.2135
vn -0.9160 -0.0000 0.4012
vn -0.5020 0.8416 0.1994
vn -0.5020 -0.8416 0.1994
vn 0.5020 -0.8416 -0.1994
vn 0.9160 -0.0000 -0.4012
vn 0.5020 0.8416 -0.1994
vn -0.9172 -0.0000 0.3985
vn -0.5013 0.8418 0.2002
vn -0.5013 -0.8418 0.2002
vn 0.5018 0.8414 -0.2006
vn 0.9172 -0.0000 -0.3985
vn 0.5018 -0.8414 -0.2006
vn -0.6813 -0.6762 0.2804
vn 0.1014 -0.9895 -0.1030
vn 0.8940 -0.2446 -0.3755
vn -0.0157 0.9995 0.0274
vn -0.9146 -0.0968 0.3926
vn -0.4846 0.8558 0.1811
vn 0.4677 -0.8652 -0.1808
vn -0.0308 -0.9991 0.0289
vn -0.9303 0.0464 0.3638
vn 0.6797 0.6693 -0.3000
vn -0.8697 0.3589 0.3388
vn 0.5044 0.8454 -0.1757
vn 0.4169 -0.8948 -0.1601
vn -0.0003 -0.9999 0.0130
vn -0.9130 0.1610 0.3747
vn 0.6416 0.7073 -0.2968
vn -0.9017 0.2466 0.3552
vn 0.5489 0.8143 -0.1886
vn 0.7399 -0.5978 -0.3085
vn -0.8135 -0.4714 0.3405
vn 0.0100 -0.9999 -0.0118
vn 0.8944 0.2742 -0.3532
vn 0.3884 0.9014 -0.1911
vn -0.6895 0.6553 0.3084
vn 0.3324 -0.9344 -0.1282
vn 0.0561 -0.9983 -0.0162
vn -0.8947 0.2423 0.3751
vn 0.5585 0.7859 -0.2653
vn -0.9191 0.1518 0.3635
vn 0.5385 0.8219 -0.1855
vn -0.5746 0.0126 0.8183
vn 0.0599 0.0076 -0.9982
vn -0.9996 -0.0122 0.0243
vn -0.9960 -0.0126 0.0884
vn 0.8944 -0.0076 0.4472
vn -0.5209 0.0122 0.8536
vn -0.5668 0.0104 0.8238
vn 0.1040 0.0065 -0.9946
vn -0.9964 -0.0109 0.0841
vn -0.9900 -0.0111 0.1407
vn 0.9006 -0.0071 0.4347
vn -0.5222 0.0101 0.8528
vn -0.5745 0.0100 0.8185
vn 0.0679 0.0061 -0.9977
vn -0.9992 -0.0097 0.0376
vn -0.9960 -0.0100 0.0883
vn 0.8976 -0.0061 0.4407
vn -0.5321 0.0097 0.8466
vn 0.4704 0.0095 -0.8824
vn 0.4999 0.0229 0.8658
vn 0.9994 -0.0095 0.0338
vn -0.4999 -0.0229 -0.8658
vn -0.9994 0.0095 -0.0338
vn -0.4704 -0.0095 0.8824
vn 0.1641 0.9833 -0.0786
vn 0.4790 0.7182 0.5046
vn -0.1889 0.7161 -0.6720
vn -0.4299 0.2739 -0.8603
vn -0.5021 -0.0116 -0.8647
vn 0.4871 0.0018 0.8734
vn -0.2807 -0.4899 0.8253
vn -0.5769 -0.6487 0.4963
vn 0.5181 -0.0139 0.8552
vn -0.6935 -0.2039 -0.6910
vn -0.8627 -0.4744 -0.1754
vn -0.4535 0.0419 -0.8903
vn -0.4888 -0.0081 -0.8723
vn -0.7102 -0.6611 0.2421
vn -0.8358 -0.5114 -0.1999
vn -0.2447 -0.5022 0.8294
vn 0.2472 -0.2194 0.9438
vn 0.5234 0.0233 0.8518
vn 0.6539 0.2068 0.7278
vn 0.7397 0.6680 -0.0810
vn 0.7726 0.5506 0.3163
vn 0.4896 -0.0122 0.8719
vn 0.1194 0.5450 -0.8299
vn -0.4930 -0.0116 -0.8700
vn 0.0267 0.6079 -0.7936
vn 0.5727 0.7934 -0.2063
vn -0.4900 -0.0116 -0.8717
vn 0.6928 0.6132 0.3795
vn 0.6268 0.2410 0.7410
vn 0.4906 -0.0150 0.8713
vn -0.0501 0.7501 -0.6594
vn -0.1017 0.7422 -0.6625
vn 0.5356 0.7586 0.3710
vn -0.3712 0.3276 -0.8688
vn -0.5132 -0.0464 -0.8570
vn 0.4840 -0.0011 0.8751
vn 0.5048 0.7246 0.4692
vn 0.2668 0.9448 -0.1900
vn -0.1703 0.7246 -0.6678
vn -0.3892 0.3140 -0.8660
vn -0.5100 -0.0394 -0.8593
vn 0.5171 -0.0138 0.8558
vn -0.0278 -0.3281 -0.9442
vn 0.6681 -0.1824 0.7213
vn -0.7642 0.2632 -0.5888
vn -0.1669 -0.2409 -0.9561
vn -0.7604 0.2605 -0.5950
vn -0.7417 0.2352 -0.6281
vn -0.5700 0.0100 0.8216
vn 0.0640 0.0061 -0.9979
vn -0.9992 -0.0097 0.0395
vn -0.9959 -0.0100 0.0904
vn 0.8977 -0.0061 0.4406
vn -0.5275 0.0097 0.8495
vn -0.9550 0.2764 0.1077
vn 0.4872 -0.8718 -0.0502
vn 0.5897 0.8066 -0.0397
vn -0.9843 0.1277 0.1222
vn 0.7388 0.6624 -0.1243
vn -0.0279 -0.9995 0.0169
vn -0.9915 -0.0000 0.1302
vn -0.8059 -0.3966 0.4396
vn -0.8801 0.2999 0.3680
vn -0.8618 -0.0000 0.5072
vn -0.7817 -0.0000 0.6236
vn -0.9140 -0.0000 -0.4058
vn -0.9498 -0.0000 -0.3128
vn -0.8545 -0.0150 0.5192
vn 0.2723 -0.0000 0.9622
vn -0.7681 0.0962 0.6331
vn -0.2453 -0.0000 -0.9694
vn -0.3691 -0.7289 -0.5767
vn -0.6324 0.5416 -0.5538
vn 0.8293 0.4711 -0.3006
vn -0.0563 -0.7218 0.6898
vn -0.2652 0.5370 0.8008
vn -0.6296 0.5369 -0.5615
vn -0.3349 -0.7372 -0.5868
vn 0.0033 -0.7366 0.6763
vn -0.2621 0.5385 0.8008
vn -0.2295 -0.5205 -0.8224
vn -0.0203 0.9998 0.0049
vn -0.6300 0.5367 -0.5613
vn 0.2117 -0.5209 0.8269
vn 0.0034 -0.7366 0.6763
vn -0.2831 0.5267 0.8015
vn 0.7236 0.1176 -0.6801
vn 0.4881 -0.8671 -0.0995
vn 0.5851 0.8089 -0.0585
vn -0.4742 -0.7011 -0.5326
vn -0.9834 0.1462 0.1074
vn -0.5156 0.5925 -0.6189
vn 0.7183 0.3592 0.5959
vn 0.7188 0.3590 0.5954
vn -0.8794 -0.2632 -0.3966
vn 0.0830 -0.4721 0.8776
vn 0.0818 -0.4721 0.8778
vn 0.8629 -0.2885 0.4150
vn -0.9166 -0.1282 0.3786
vn 0.7891 0.3242 0.5218
vn -0.1318 0.5200 0.8440
vn 0.1325 0.5556 0.8208
vn -0.8652 -0.3133 -0.3915
vn -0.8241 -0.3552 -0.4413
vn 0.8972 -0.1940 -0.3967
vn 0.7949 -0.2802 -0.5382
vn -0.1396 0.5548 -0.8202
vn -0.7986 0.3815 -0.4656
vn -0.1565 -0.5355 0.8299
vn -0.7993 -0.2862 0.5283
vn 0.8623 0.2011 -0.4647
vn 0.8656 -0.3049 0.3973
vn 0.0105 0.2948 -0.9555
vn -0.9383 0.1513 -0.3108
vn 0.7456 0.1663 -0.6454
vn -0.8249 -0.1522 0.5445
vn 0.2575 -0.2950 0.9202
vn 0.8871 -0.1661 0.4306
vn -0.8033 0.1418 0.5785
vn -0.7444 0.1724 0.6451
vn -0.2509 -0.2945 -0.9221
vn 0.0148 -0.3074 -0.9515
vn 0.8698 0.1819 0.4586
vn 0.9385 0.1458 0.3129
vn 0.9915 0.0022 -0.1304
vn 0.9915 -0.0022 -0.1303
vn 0.3688 0.9273 -0.0648
vn 0.3730 -0.9273 -0.0327
vn 0.8947 0.2295 0.3832
vn 0.1173 0.4612 0.8795
vn -0.7652 0.2293 0.6015
vn 0.7638 -0.2301 -0.6030
vn -0.1151 -0.4609 -0.8800
vn -0.8945 -0.2295 -0.3838
vn 0.1150 -0.4609 0.8800
vn 0.8947 -0.2293 0.3834
vn -0.7641 -0.2299 0.6027
vn -0.1173 0.4612 -0.8795
vn 0.7649 0.2295 -0.6019
vn -0.8945 0.2297 -0.3837
vn 0.1856 0.5525 -0.8126
vn 0.9472 -0.2300 0.2233
vn 0.8219 0.2639 -0.5048
vn 0.9119 -0.2805 0.2996
vn 0.8466 0.2393 -0.4753
vn -0.7877 -0.3169 0.5283
vn -0.0993 -0.5810 -0.8078
vn -0.0973 -0.5810 -0.8081
vn -0.9754 -0.1863 -0.1178
vn 0.9096 -0.1712 -0.3786
vn -0.3740 0.8650 0.3346
vn 0.4741 0.8487 0.2343
vn 0.4106 0.8773 0.2485
vn -0.4243 0.8431 0.3303
vn -0.8878 -0.4508 -0.0930
vn 0.5828 -0.7608 -0.2855
vn 0.9125 -0.4085 -0.0190
vn 0.8791 -0.4766 0.0105
vn 0.8490 0.4209 -0.3195
vn 0.8229 0.4636 -0.3283
vn -0.7198 -0.6090 0.3331
vn -0.1074 0.9467 -0.3036
vn 0.3962 0.9172 -0.0419
vn -0.4423 0.8955 0.0484
vn -0.7168 -0.6897 0.1019
vn 0.4385 0.8974 -0.0478
vn -0.3926 0.9188 0.0417
vn 0.8905 -0.4382 -0.1220
vn -0.9879 -0.0000 0.1550
vn -0.5369 0.8414 0.0610
vn -0.5369 -0.8414 0.0610
vn 0.5369 0.8414 -0.0610
vn 0.9879 -0.0000 -0.1550
vn 0.5369 -0.8414 -0.0610
vn -0.9884 -0.0000 0.1520
vn -0.5369 0.8414 0.0622
vn -0.5369 -0.8414 0.0622
vn 0.5369 0.8414 -0.0622
vn 0.9884 -0.0000 -0.1520
vn 0.5368 -0.8414 -0.0622
vn -0.5347 0.8415 0.0778
vn -0.9938 -0.0000 0.1112
vn -0.5347 -0.8415 0.0778
vn 0.5346 -0.8415 -0.0778
vn 0.9938 -0.0000 -0.1112
vn 0.5346 0.8415 -0.0778
vn -0.9886 -0.0000 0.1504
vn -0.5365 0.8416 0.0627
vn -0.5365 -0.8416 0.0627
vn 0.5365 -0.8416 -0.0627
vn 0.9886 -0.0000 -0.1504
vn 0.5365 0.8416 -0.0627
vn -0.9891 -0.0000 0.1476
vn -0.5360 0.8418 0.0637
vn -0.5360 -0.8418 0.0637
vn 0.5366 0.8414 -0.0639
vn 0.9891 -0.0000 -0.1476
vn 0.5366 -0.8414 -0.0639
vn -0.7307 -0.6762 0.0946
vn 0.1247 -0.9895 -0.0732
vn 0.9607 -0.2445 -0.1313
vn -0.0223 0.9995 0.0224
vn -0.9850 -0.0968 0.1426
vn -0.5150 0.8558 0.0495
vn 0.4986 -0.8652 -0.0535
vn -0.0372 -0.9991 0.0199
vn -0.9928 0.0464 0.1106
vn 0.7342 0.6693 -0.1139
vn -0.9278 0.3589 0.1022
vn 0.5327 0.8454 -0.0391
vn 0.4441 -0.8948 -0.0468
vn -0.0036 -0.9999 0.0125
vn -0.9789 0.1610 0.1257
vn 0.6966 0.7073 -0.1206
vn -0.9629 0.2466 0.1097
vn 0.5790 0.8143 -0.0401
vn 0.7945 -0.5978 -0.1065
vn -0.8739 -0.4714 0.1183
vn 0.0128 -0.9999 -0.0088
vn 0.9554 0.2743 -0.1097
vn 0.4247 0.9014 -0.0840
vn -0.7459 0.6553 0.1194
vn 0.3543 -0.9344 -0.0378
vn 0.0584 -0.9983 -0.0012
vn -0.9613 0.2423 0.1308
vn 0.6081 0.7859 -0.1118
vn -0.9819 0.1518 0.1132
vn 0.5682 0.8219 -0.0398
vn -0.7668 0.0126 0.6418
vn 0.3162 0.0076 -0.9487
vn -0.9718 -0.0122 -0.2353
vn -0.9849 -0.0126 -0.1724
vn 0.7481 -0.0076 0.6635
vn -0.7240 0.0122 0.6897
vn -0.7607 0.0104 0.6491
vn 0.3577 0.0065 -0.9338
vn -0.9842 -0.0109 -0.1767
vn -0.9927 -0.0111 -0.1203
vn 0.7574 -0.0071 0.6529
vn -0.7251 0.0101 0.6886
vn -0.7667 0.0100 0.6419
vn 0.3233 0.0061 -0.9463
vn -0.9749 -0.0097 -0.2223
vn -0.9850 -0.0100 -0.1725
vn 0.7533 -0.0061 0.6577
vn -0.7331 0.0097 0.6800
vn 0.6827 0.0095 -0.7306
vn 0.2588 0.0229 0.9657
vn 0.9566 -0.0095 0.2913
vn -0.2587 -0.0229 -0.9657
vn -0.9566 0.0095 -0.2913
vn -0.6827 -0.0095 0.7306
vn 0.1789 0.9833 -0.0335
vn 0.3321 0.7182 0.6115
vn -0.0085 0.7161 -0.6980
vn -0.1926 0.2739 -0.9423
vn -0.2612 -0.0115 -0.9652
vn 0.2444 0.0017 0.9697
vn -0.4848 -0.4900 0.7245
vn -0.6858 -0.6487 0.3300
vn 0.2789 -0.0140 0.9602
vn -0.4910 -0.2039 -0.8469
vn -0.7879 -0.4743 -0.3928
vn -0.2075 0.0420 -0.9773
vn -0.2462 -0.0079 -0.9692
vn -0.7486 -0.6611 0.0499
vn -0.7555 -0.5113 -0.4095
vn -0.4511 -0.5023 0.7377
vn -0.0056 -0.2194 0.9756
vn 0.2849 0.0231 0.9583
vn 0.4432 0.2067 0.8722
vn 0.7355 0.6680 0.1132
vn 0.6643 0.5505 0.5055
vn 0.2472 -0.0123 0.9689
vn 0.3302 0.5451 -0.7706
vn -0.2509 -0.0115 -0.9679
vn 0.2313 0.6080 -0.7595
vn 0.6066 0.7934 -0.0512
vn -0.2476 -0.0115 -0.9688
vn 0.5710 0.6131 0.5459
vn 0.4136 0.2409 0.8780
vn 0.2483 -0.0152 0.9686
vn 0.1223 0.7502 -0.6498
vn 0.0732 0.7421 -0.6663
vn 0.4213 0.7585 0.4971
vn -0.1337 0.3277 -0.9353
vn -0.2738 -0.0460 -0.9607
vn 0.2409 -0.0015 0.9706
vn 0.3662 0.7246 0.5838
vn 0.3069 0.9448 -0.1145
vn 0.0084 0.7246 -0.6891
vn -0.1518 0.3140 -0.9372
vn -0.2702 -0.0393 -0.9620
vn 0.2779 -0.0138 0.9605
vn 0.2174 -0.3280 -0.9193
vn 0.4578 -0.1816 0.8703
vn -0.5858 0.2633 -0.7665
vn 0.0863 -0.2409 -0.9667
vn -0.5803 0.2604 -0.7716
vn -0.5527 0.2341 -0.7998
vn -0.7632 0.0100 0.6461
vn 0.3201 0.0061 -0.9474
vn -0.9753 -0.0097 -0.2205
vn -0.9853 -0.0100 -0.1704
vn 0.7530 -0.0061 0.6580
vn -0.7294 0.0097 0.6840
vn -0.9503 0.2764 -0.1431
vn 0.4836 -0.8719 0.0776
vn 0.5799 0.8066 0.1142
vn -0.9823 0.1277 -0.1367
vn 0.7458 0.6624 0.0711
vn -0.0313 -0.9995 0.0091
vn -0.9914 -0.0000 -0.1308
vn -0.8922 -0.3966 0.2160
vn -0.9454 0.3000 0.1277
vn -0.9637 -0.0000 0.2669
vn -0.9165 -0.0000 0.4000
vn -0.7778 -0.0000 -0.6285
vn -0.8365 -0.0000 -0.5480
vn -0.9598 -0.0150 0.2804
vn 0.0140 -0.0000 0.9999
vn -0.9058 0.0962 0.4128
vn 0.0140 -0.0000 -0.9999
vn -0.2072 -0.7289 -0.6525
vn -0.4675 0.5417 -0.6986
vn -0.2330 -0.7218 0.6517
vn -0.4634 0.5370 0.7048
vn -0.4628 0.5369 -0.7053
vn -0.1716 -0.7372 -0.6535
vn -0.1719 -0.7366 0.6541
vn -0.4604 0.5385 0.7057
vn -0.0088 -0.5205 -0.8538
vn -0.0209 0.9998 -0.0005
vn -0.4633 0.5368 -0.7052
vn -0.0095 -0.5210 0.8535
vn -0.1718 -0.7366 0.6541
vn -0.4809 0.5267 0.7010
vn -0.3115 -0.6968 -0.6461
vn -0.5879 -0.8052 -0.0775
vn 0.9852 -0.1331 0.1083
vn 0.8591 0.1051 -0.5009
vn -0.4846 0.8708 -0.0827
vn -0.3736 0.6242 -0.6861
vn 0.5376 0.3599 0.7625
vn 0.5382 0.3597 0.7622
vn -0.7462 -0.2636 -0.6114
vn -0.1462 -0.4721 0.8693
vn -0.1473 -0.4721 0.8692
vn 0.7276 -0.2876 0.6228
vn -0.9829 -0.1296 0.1310
vn 0.6258 0.3247 0.7091
vn -0.3457 0.5200 0.7811
vn -0.0845 0.5556 0.8272
vn -0.7344 -0.3133 -0.6021
vn -0.6818 -0.3552 -0.6395
vn 0.9693 -0.1940 -0.1509
vn 0.9071 -0.2802 -0.3141
vn 0.0775 0.5548 -0.8284
vn -0.6509 0.3815 -0.6564
vn -0.3660 -0.5355 0.7611
vn -0.9089 -0.2862 0.3034
vn 0.9532 0.2011 -0.2257
vn 0.7333 -0.3049 0.6078
vn 0.2574 0.2948 -0.9202
vn -0.8259 0.1512 -0.5431
vn 0.8872 0.1663 -0.4304
vn -0.9377 -0.1521 0.3124
vn 0.0106 -0.2950 0.9554
vn 0.7454 -0.1661 0.6456
vn -0.9256 0.1418 0.3509
vn -0.8860 0.1724 0.4304
vn -0.0037 -0.2945 -0.9556
vn 0.2606 -0.3074 -0.9152
vn 0.7215 0.1819 0.6681
vn 0.8256 0.1458 0.5452
vn 0.7650 0.2295 0.6018
vn -0.1143 0.4612 0.8799
vn -0.8948 0.2293 0.3830
vn 0.8939 -0.2301 -0.3848
vn 0.1166 -0.4609 -0.8797
vn -0.7646 -0.2295 -0.6022
vn -0.1166 -0.4609 0.8798
vn 0.7650 -0.2293 0.6019
vn -0.8941 -0.2299 0.3844
vn 0.1144 0.4612 -0.8799
vn 0.8946 0.2295 -0.3834
vn -0.7647 0.2296 -0.6021
vn 0.3878 0.5528 -0.7376
vn 0.8572 -0.2299 0.4609
vn 0.9245 0.2640 -0.2749
vn 0.8033 -0.2805 0.5254
vn 0.9408 0.2393 -0.2399
vn -0.8970 -0.3176 0.3075
vn 0.1021 -0.5811 -0.8074
vn 0.1040 -0.5811 -0.8072
vn -0.9111 -0.1872 -0.3674
vn 0.9769 -0.1703 -0.1291
vn -0.4480 0.8649 0.2264
vn 0.3969 0.8489 0.3490
vn 0.3327 0.8772 0.3463
vn -0.4953 0.8432 0.2093
vn -0.8246 -0.4645 -0.3229
vn 0.6365 -0.7610 -0.1251
vn 0.8865 -0.4082 0.2177
vn 0.8462 -0.4769 0.2378
vn 0.9027 0.4210 -0.0889
vn 0.8799 0.4636 -0.1041
vn -0.7840 -0.6061 0.1343
vn -0.0074 0.9473 -0.3203
vn -0.9030 0.4141 -0.1144
vn -0.4357 -0.8976 -0.0673
vn 0.3898 -0.9189 0.0613
vn -0.3938 -0.9171 -0.0621
vn 0.7072 0.7018 0.0854
vn 0.4401 -0.8954 0.0678
vn -0.9944 -0.0000 -0.1060
vn -0.5344 0.8414 -0.0800
vn -0.5344 -0.8414 -0.0800
vn 0.5344 0.8414 0.0800
vn 0.9944 -0.0000 0.1060
vn 0.5344 -0.8414 0.0800
vn -0.9940 -0.0000 -0.1090
vn -0.5347 0.8414 -0.0789
vn -0.5346 -0.8414 -0.0789
vn 0.5347 0.8414 0.0789
vn 0.9940 -0.0000 0.1090
vn 0.5346 -0.8414 0.0789
vn -0.5366 0.8415 -0.0632
vn -0.9887 -0.0000 -0.1498
vn -0.5366 -0.8415 -0.0633
vn 0.5365 -0.8415 0.0633
vn 0.9887 -0.0000 0.1498
vn 0.5366 0.8415 0.0633
vn -0.9939 -0.0000 -0.1106
vn -0.5344 0.8416 -0.0783
vn -0.5344 -0.8416 -0.0783
vn 0.5344 -0.8416 0.0783
vn 0.9939 -0.0000 0.1106
vn 0.5344 0.8416 0.0783
vn -0.9935 -0.0000 -0.1135
vn -0.5342 0.8418 -0.0772
vn -0.5342 -0.8418 -0.0772
vn 0.5348 0.8414 0.0772
vn 0.9935 -0.0000 0.1134
vn 0.5348 -0.8414 0.0772
vn -0.7302 -0.6762 -0.0978
vn 0.1394 -0.9895 -0.0385
vn 0.9620 -0.2445 0.1218
vn -0.0272 0.9995 0.0159
vn -0.9884 -0.0968 -0.1172
vn -0.5103 0.8558 -0.0855
vn 0.4954 -0.8652 0.0773
vn -0.0411 -0.9991 0.0096
vn -0.9876 0.0464 -0.1501
vn 0.7387 0.6693 0.0800
vn -0.9226 0.3589 -0.1415
vn 0.5247 0.8454 0.1001
vn 0.4411 -0.8948 0.0697
vn -0.0068 -0.9999 0.0111
vn -0.9781 0.1610 -0.1320
vn 0.7040 0.7073 0.0638
vn -0.9585 0.2466 -0.1433
vn 0.5697 0.8143 0.1111
vn 0.7950 -0.5978 0.1027
vn -0.8748 -0.4714 -0.1119
vn 0.0146 -0.9999 -0.0052
vn 0.9512 0.2743 0.1413
vn 0.4319 0.9015 0.0288
vn -0.7514 0.6553 -0.0777
vn 0.3520 -0.9344 0.0552
vn 0.0567 -0.9983 0.0140
vn -0.9624 0.2423 -0.1225
vn 0.6163 0.7859 0.0495
vn -0.9778 0.1517 -0.1448
vn 0.5591 0.8219 0.1086
vn -0.9068 0.0126 0.4214
vn 0.5509 0.0076 -0.8345
vn -0.8779 -0.0122 -0.4788
vn -0.9068 -0.0126 -0.4214
vn 0.5509 -0.0076 0.8345
vn -0.8779 0.0122 0.4788
vn -0.9027 0.0104 0.4301
vn 0.5875 0.0065 -0.8092
vn -0.9049 -0.0109 -0.4254
vn -0.9277 -0.0111 -0.3731
vn 0.5621 -0.0071 0.8270
vn -0.8786 0.0101 0.4774
vn 0.8482 0.0090 -0.5296
vn -0.0000 0.0218 0.9998
vn 0.8482 -0.0090 0.5296
vn -0.0000 -0.0218 -0.9998
vn -0.8482 0.0090 -0.5296
vn -0.8482 -0.0090 0.5296
vn 0.8486 0.0095 -0.5290
vn -0.0000 0.0229 0.9997
vn 0.8486 -0.0095 0.5290
vn -0.0000 -0.0229 -0.9997
vn -0.8486 0.0095 -0.5290
vn -0.8486 -0.0095 0.5290
vn 0.1815 0.9833 0.0140
vn 0.1625 0.7182 0.6766
vn 0.1724 0.7161 -0.6764
vn 0.0579 0.2739 -0.9600
vn -0.0024 -0.0115 -0.9999
vn -0.0149 0.0017 0.9999
vn -0.6557 -0.4899 0.5744
vn -0.7478 -0.6487 0.1414
vn 0.0212 -0.0138 0.9997
vn -0.2551 -0.2040 -0.9452
vn -0.6594 -0.4744 -0.5832
vn 0.0523 0.0418 -0.9978
vn 0.0130 -0.0080 -0.9999
vn -0.7360 -0.6611 -0.1455
vn -0.6238 -0.5114 -0.5911
vn -0.6266 -0.5023 0.5959
vn -0.2579 -0.2194 0.9409
vn 0.0273 0.0232 0.9994
vn 0.2024 0.2067 0.9572
vn 0.6812 0.6680 0.2996
vn 0.5109 0.5505 0.6602
vn -0.0120 -0.0123 0.9999
vn 0.5183 0.5451 -0.6590
vn 0.0081 -0.0115 -0.9999
vn 0.4200 0.6079 -0.6738
vn 0.5992 0.7934 0.1076
vn 0.0115 -0.0116 -0.9999
vn 0.4103 0.6131 0.6751
vn 0.1723 0.2410 0.9551
vn -0.0108 -0.0150 0.9998
vn 0.2863 0.7500 -0.5963
vn 0.2432 0.7423 -0.6243
vn 0.2784 0.7588 0.5889
vn 0.1129 0.3274 -0.9381
vn -0.0162 -0.0469 -0.9988
vn -0.0182 -0.0006 0.9998
vn 0.2026 0.7247 0.6586
vn 0.3260 0.9448 -0.0312
vn 0.1864 0.7245 -0.6636
vn 0.0959 0.3138 -0.9446
vn -0.0121 -0.0397 -0.9991
vn 0.0200 -0.0134 0.9997
vn 0.4477 -0.3278 -0.8319
vn 0.2158 -0.1808 0.9596
vn -0.3676 0.2633 -0.8919
vn 0.3336 -0.2410 -0.9114
vn -0.3607 0.2602 -0.8956
vn -0.3253 0.2329 -0.9165
vn 0.8476 0.0090 -0.5306
vn 0.0037 0.0217 0.9998
vn 0.8497 -0.0091 0.5271
vn -0.0037 -0.0217 -0.9998
vn -0.8497 0.0091 -0.5271
vn -0.8476 -0.0090 0.5306
vn 0.1431 0.2764 -0.9503
vn -0.0776 -0.8718 0.4836
vn -0.1142 0.8066 0.5799
vn 0.1367 0.1277 -0.9823
vn -0.0711 0.6624 0.7458
vn -0.0091 -0.9995 -0.0313
vn 0.1308 -0.0000 -0.9914
vn -0.2160 -0.3966 -0.8922
vn -0.1277 0.3000 -0.9454
vn -0.2669 -0.0000 -0.9637
vn -0.4000 -0.0000 -0.9165
vn 0.6285 -0.0000 -0.7778
vn 0.5480 -0.0000 -0.8365
vn -0.2804 -0.0150 -0.9598
vn -0.9999 -0.0000 0.0140
vn -0.4127 0.0962 -0.9058
vn 0.9999 -0.0000 0.0140
vn 0.6525 -0.7289 -0.2072
vn 0.6986 0.5417 -0.4675
vn 0.0734 0.5675 0.8201
vn -0.6517 -0.7218 -0.2330
vn -0.7048 0.5371 -0.4634
vn 0.7053 0.5369 -0.4628
vn 0.6535 -0.7372 -0.1716
vn -0.6541 -0.7366 -0.1719
vn -0.7057 0.5385 -0.4604
vn 0.8538 -0.5205 -0.0088
vn 0.0005 0.9998 -0.0209
vn 0.7052 0.5368 -0.4633
vn -0.8535 -0.5210 -0.0095
vn -0.7009 0.5267 -0.4809
vn 0.4697 0.1176 0.8750
vn -0.0302 -0.8671 0.4972
vn -0.0949 0.8089 0.5803
vn 0.6372 -0.7011 -0.3201
vn 0.1508 0.1462 -0.9777
vn 0.7313 0.5925 -0.3378
vn -0.7612 0.3590 0.5400
vn -0.7609 0.3588 0.5406
vn 0.6121 -0.2641 -0.7454
vn -0.8699 -0.4722 -0.1425
vn -0.8697 -0.4722 -0.1436
vn -0.6255 -0.2892 0.7247
vn -0.1272 -0.1276 -0.9836
vn -0.7084 0.3243 0.6269
vn -0.7811 0.5200 -0.3457
vn -0.8272 0.5556 -0.0845
vn 0.6021 -0.3133 -0.7344
vn 0.6395 -0.3552 -0.6818
vn 0.1509 -0.1940 0.9693
vn 0.3141 -0.2802 0.9071
vn 0.8284 0.5548 0.0775
vn 0.6564 0.3815 -0.6509
vn -0.7611 -0.5355 -0.3660
vn -0.3034 -0.2862 -0.9089
vn 0.2257 0.2011 0.9532
vn -0.6078 -0.3049 0.7333
vn 0.9202 0.2948 0.2574
vn 0.5431 0.1512 -0.8259
vn 0.4304 0.1663 0.8872
vn -0.3124 -0.1521 -0.9377
vn -0.9554 -0.2950 0.0106
vn -0.6455 -0.1661 0.7454
vn -0.3509 0.1418 -0.9256
vn -0.4304 0.1724 -0.8860
vn 0.9556 -0.2945 -0.0037
vn 0.9152 -0.3074 0.2606
vn -0.6681 0.1819 0.7215
vn -0.5451 0.1458 0.8256
vn -0.6017 0.2295 0.7650
vn -0.3830 0.2293 -0.8948
vn 0.3848 -0.2301 0.8938
vn 0.6022 -0.2295 -0.7647
vn -0.8797 -0.4609 -0.1166
vn -0.6019 -0.2293 0.7650
vn -0.3844 -0.2299 -0.8941
vn 0.8799 0.4612 0.1144
vn 0.3834 0.2295 0.8946
vn 0.6021 0.2296 -0.7647
vn 0.7380 0.5530 0.3868
vn -0.4609 -0.2299 0.8572
vn 0.2749 0.2640 0.9245
vn -0.5254 -0.2805 0.8033
vn 0.2399 0.2392 0.9409
vn -0.3079 -0.3178 -0.8968
vn 0.8062 -0.5810 0.1121
vn 0.8059 -0.5810 0.1140
vn 0.3673 -0.1871 -0.9111
vn 0.1290 -0.1703 0.9769
vn -0.2263 0.8648 -0.4481
vn -0.3490 0.8490 0.3967
vn -0.3463 0.8771 0.3329
vn -0.2093 0.8432 -0.4952
vn 0.3241 -0.4698 -0.8211
vn 0.1259 -0.7624 0.6347
vn -0.2179 -0.4088 0.8862
vn -0.2376 -0.4763 0.8466
vn 0.0889 0.4210 0.9027
vn 0.1041 0.4635 0.8800
vn -0.1347 -0.6071 -0.7831
vn 0.3214 0.9464 -0.0325
vn 0.1147 0.4098 -0.9049
vn 0.0673 -0.8976 -0.4356
vn -0.0613 -0.9189 0.3897
vn 0.0621 -0.9171 -0.3938
vn -0.0851 0.7039 0.7052
vn -0.0678 -0.8954 0.4401
vn 0.0800 0.8415 -0.5344
vn 0.0800 -0.8415 -0.5344
vn -0.0800 0.8415 0.5344
vn -0.0789 -0.8414 0.5347
vn 0.0633 -0.8415 -0.5366
vn -0.0633 0.8415 0.5366
vn 0.1134 -0.0000 -0.9935
vn 0.0772 0.8418 -0.5342
vn 0.0772 -0.8418 -0.5342
vn -0.0772 0.8414 0.5348
vn -0.0772 -0.8414 0.5348
vn 0.0978 -0.6762 -0.7302
vn 0.0385 -0.9895 0.1393
vn -0.1218 -0.2445 0.9620
vn -0.0159 0.9995 -0.0273
vn 0.1173 -0.0968 -0.9884
vn 0.0855 0.8558 -0.5103
vn -0.0773 -0.8652 0.4954
vn -0.0096 -0.9991 -0.0411
vn 0.1501 0.0464 -0.9876
vn -0.0800 0.6693 0.7386
vn 0.1415 0.3589 -0.9226
vn -0.1001 0.8454 0.5247
vn -0.0697 -0.8948 0.4411
vn -0.0111 -0.9999 -0.0068
vn 0.1320 0.1610 -0.9781
vn -0.0638 0.7073 0.7041
vn 0.1433 0.2466 -0.9585
vn -0.1111 0.8143 0.5697
vn -0.1027 -0.5978 0.7950
vn 0.1119 -0.4714 -0.8748
vn 0.0052 -0.9999 0.0146
vn -0.1413 0.2742 0.9512
vn -0.0288 0.9014 0.4319
vn 0.0777 0.6553 -0.7514
vn -0.0552 -0.9344 0.3520
vn -0.0140 -0.9983 0.0567
vn 0.1225 0.2423 -0.9624
vn -0.0494 0.7859 0.6163
vn 0.1448 0.1517 -0.9778
vn -0.1086 0.8219 0.5591
vn -0.4214 0.0126 -0.9068
vn 0.8345 0.0076 0.5509
vn 0.4788 -0.0122 -0.8778
vn 0.4214 -0.0126 -0.9068
vn -0.8345 -0.0076 0.5509
vn -0.4788 0.0122 -0.8778
vn -0.4301 0.0104 -0.9027
vn 0.8094 0.0065 0.5873
vn 0.4254 -0.0109 -0.9050
vn 0.3731 -0.0111 -0.9277
vn -0.8266 -0.0071 0.5627
vn -0.4774 0.0101 -0.8786
vn 0.5296 0.0090 0.8482
vn -0.9998 0.0218 -0.0000
vn -0.5296 -0.0090 0.8482
vn 0.9998 -0.0218 -0.0000
vn 0.5296 0.0090 -0.8482
vn -0.5296 -0.0090 -0.8482
vn 0.5290 0.0095 0.8486
vn -0.9997 0.0229 -0.0000
vn -0.5290 -0.0095 0.8486
vn 0.9997 -0.0229 -0.0000
vn 0.5290 0.0095 -0.8486
vn -0.5290 -0.0095 -0.8486
vn -0.0140 0.9833 0.1815
vn -0.6766 0.7182 0.1625
vn 0.6764 0.7161 0.1724
vn 0.9600 0.2739 0.0579
vn 0.9999 -0.0116 -0.0024
vn -0.9999 0.0018 -0.0149
vn -0.5744 -0.4899 -0.6557
vn -0.1414 -0.6487 -0.7478
vn -0.9997 -0.0138 0.0212
vn 0.9451 -0.2040 -0.2552
vn 0.5832 -0.4744 -0.6594
vn 0.9978 0.0418 0.0523
vn 0.9999 -0.0080 0.0130
vn 0.1455 -0.6611 -0.7360
vn 0.5911 -0.5114 -0.6238
vn -0.5959 -0.5023 -0.6266
vn -0.9409 -0.2194 -0.2579
vn -0.9994 0.0232 0.0273
vn -0.9572 0.2067 0.2024
vn -0.2996 0.6680 0.6812
vn -0.6602 0.5505 0.5109
vn -0.9999 -0.0123 -0.0120
vn 0.6590 0.5451 0.5183
vn 0.9999 -0.0115 0.0081
vn 0.6739 0.6079 0.4199
vn -0.1076 0.7934 0.5992
vn 0.9999 -0.0117 0.0115
vn -0.6751 0.6132 0.4103
vn -0.9551 0.2410 0.1723
vn -0.9998 -0.0150 -0.0107
vn 0.5961 0.7501 0.2863
vn 0.6246 0.7421 0.2431
vn -0.5891 0.7586 0.2783
vn 0.9380 0.3276 0.1129
vn 0.9988 -0.0463 -0.0160
vn -0.9998 -0.0012 -0.0184
vn -0.6586 0.7247 0.2026
vn 0.0311 0.9448 0.3260
vn 0.6636 0.7245 0.1864
vn 0.9446 0.3139 0.0959
vn 0.9991 -0.0397 -0.0121
vn -0.9997 -0.0134 0.0200
vn 0.8319 -0.3279 0.4477
vn -0.9596 -0.1808 0.2158
vn 0.8920 0.2633 -0.3675
vn 0.9114 -0.2410 0.3336
vn 0.8956 0.2602 -0.3607
vn 0.9165 0.2329 -0.3253
vn 0.5306 0.0090 0.8476
vn -0.9998 0.0217 0.0037
vn -0.5271 -0.0091 0.8497
vn 0.9998 -0.0217 -0.0037
vn 0.5271 0.0091 -0.8497
vn -0.5306 -0.0090 -0.8476
vn -0.1077 0.2764 -0.9550
vn 0.0502 -0.8718 0.4872
vn 0.0398 0.8066 0.5897
vn -0.1222 0.1277 -0.9843
vn 0.1243 0.6624 0.7388
vn -0.0169 -0.9995 -0.0279
vn -0.1302 -0.0000 -0.9915
vn -0.4396 -0.3966 -0.8059
vn -0.3680 0.2999 -0.8801
vn -0.5072 -0.0000 -0.8619
vn -0.6236 -0.0000 -0.7818
vn 0.4058 -0.0000 -0.9140
vn 0.3128 -0.0000 -0.9498
vn -0.5192 -0.0150 -0.8545
vn -0.9622 -0.0000 0.2723
vn -0.6331 0.0962 -0.7681
vn 0.9694 -0.0000 -0.2453
vn 0.5767 -0.7289 -0.3691
vn 0.5538 0.5416 -0.6324
vn 0.3675 0.4666 0.8045
vn -0.6898 -0.7218 -0.0563
vn -0.8008 0.5371 -0.2652
vn 0.5615 0.5369 -0.6296
vn 0.5868 -0.7372 -0.3349
vn -0.6763 -0.7366 0.0033
vn -0.8008 0.5385 -0.2621
vn 0.8224 -0.5205 -0.2295
vn -0.0049 0.9998 -0.0203
vn 0.5612 0.5367 -0.6300
vn -0.8269 -0.5210 0.2117
vn -0.8015 0.5267 -0.2831
vn 0.6801 0.1176 0.7236
vn 0.0995 -0.8671 0.4881
vn 0.0585 0.8089 0.5851
vn 0.5326 -0.7011 -0.4741
vn -0.1074 0.1462 -0.9834
vn 0.6189 0.5926 -0.5156
vn -0.5974 0.3599 0.7166
vn -0.5970 0.3597 0.7171
vn 0.3931 -0.2615 -0.8815
vn -0.8770 -0.4722 0.0887
vn -0.8771 -0.4722 0.0875
vn -0.4149 -0.2884 0.8630
vn -0.3801 -0.1291 -0.9159
vn -0.5213 0.3239 0.7895
vn -0.8440 0.5200 -0.1318
vn -0.8208 0.5556 0.1325
vn 0.3915 -0.3133 -0.8652
vn 0.4413 -0.3552 -0.8241
vn 0.3967 -0.1940 0.8972
vn 0.5382 -0.2802 0.7949
vn 0.8202 0.5548 -0.1396
vn 0.4656 0.3815 -0.7986
vn -0.8299 -0.5355 -0.1565
vn -0.5283 -0.2862 -0.7994
vn 0.4647 0.2011 0.8623
vn -0.3973 -0.3049 0.8656
vn 0.9555 0.2948 0.0105
vn 0.3108 0.1512 -0.9383
vn 0.6454 0.1663 0.7455
vn -0.5445 -0.1522 -0.8249
vn -0.9202 -0.2950 0.2575
vn -0.4306 -0.1661 0.8871
vn -0.5785 0.1418 -0.8033
vn -0.6450 0.1724 -0.7445
vn 0.9221 -0.2945 -0.2509
vn 0.9515 -0.3074 0.0148
vn -0.4586 0.1819 0.8698
vn -0.3129 0.1458 0.9385
vn -0.3833 0.2295 0.8947
vn -0.6015 0.2293 -0.7652
vn 0.6030 -0.2301 0.7638
vn 0.3838 -0.2295 -0.8945
vn -0.8800 -0.4609 0.1151
vn -0.3834 -0.2293 0.8947
vn -0.6027 -0.2299 -0.7641
vn 0.6019 0.2295 0.7649
vn 0.3837 0.2296 -0.8945
vn 0.8128 0.5527 0.1838
vn -0.2232 -0.2299 0.9473
vn 0.5048 0.2640 0.8219
vn -0.2996 -0.2805 0.9119
vn 0.4752 0.2392 0.8467
vn -0.5295 -0.3178 -0.7865
vn 0.8072 -0.5810 -0.1040
vn 0.8075 -0.5810 -0.1021
vn 0.1193 -0.1873 -0.9750
vn 0.3765 -0.1696 0.9107
vn -0.3347 0.8649 -0.3740
vn -0.2344 0.8489 0.4738
vn -0.2484 0.8772 0.4109
vn -0.3304 0.8431 -0.4243
vn 0.0978 -0.4629 -0.8810
vn 0.2854 -0.7599 0.5841
vn 0.0191 -0.4083 0.9126
vn -0.0106 -0.4768 0.8789
vn 0.3194 0.4206 0.8491
vn 0.3284 0.4638 0.8228
vn -0.3338 -0.6126 -0.7164
vn 0.3037 0.9467 -0.1070
vn -0.1225 0.4282 -0.8954
vn -0.0478 -0.8975 -0.4384
vn 0.0417 -0.9188 0.3924
vn -0.0419 -0.9172 -0.3962
vn 0.1013 0.6949 0.7119
vn 0.0484 -0.8955 0.4424
vn -0.0610 0.8415 -0.5369
vn -0.0610 -0.8414 -0.5369
vn 0.0610 -0.8414 0.5369
vn -0.1519 -0.0000 -0.9884
vn -0.0622 -0.8414 -0.5369
vn 0.1520 -0.0000 0.9884
vn 0.0622 -0.8414 0.5368
vn -0.0778 0.8415 -0.5347
vn -0.0778 -0.8415 -0.5347
vn 0.0778 -0.8415 0.5346
vn 0.0778 0.8415 0.5346
vn -0.1476 -0.0001 -0.9891
vn -0.0637 0.8418 -0.5360
vn -0.0637 -0.8418 -0.5360
vn 0.0639 0.8415 0.5365
vn 0.0639 -0.8414 0.5366
vn -0.0946 -0.6762 -0.7307
vn 0.0732 -0.9895 0.1246
vn 0.1313 -0.2445 0.9607
vn -0.0224 0.9995 -0.0222
vn -0.1426 -0.0968 -0.9850
vn -0.0495 0.8558 -0.5150
vn 0.0535 -0.8652 0.4986
vn -0.0199 -0.9991 -0.0373
vn -0.1106 0.0464 -0.9928
vn 0.1139 0.6693 0.7342
vn -0.1021 0.3589 -0.9278
vn 0.0391 0.8454 0.5327
vn 0.0468 -0.8948 0.4441
vn -0.0125 -0.9999 -0.0036
vn -0.1257 0.1610 -0.9789
vn 0.1206 0.7073 0.6966
vn -0.1097 0.2466 -0.9629
vn 0.0401 0.8143 0.5790
vn 0.1065 -0.5978 0.7945
vn -0.1183 -0.4714 -0.8739
vn 0.0088 -0.9999 0.0127
vn 0.1097 0.2742 0.9554
vn 0.0840 0.9014 0.4247
vn -0.1194 0.6553 -0.7459
vn 0.0378 -0.9344 0.3543
vn 0.0011 -0.9983 0.0584
vn -0.1308 0.2423 -0.9613
vn 0.1117 0.7859 0.6081
vn -0.1132 0.1517 -0.9819
vn 0.0398 0.8219 0.5682
vn -0.6417 0.0126 -0.7668
vn 0.9487 0.0076 0.3162
vn 0.2353 -0.0122 -0.9719
vn 0.1724 -0.0126 -0.9849
vn -0.6635 -0.0076 0.7481
vn -0.6897 0.0122 -0.7240
vn -0.6491 0.0104 -0.7607
vn 0.9337 0.0065 0.3580
vn 0.1767 -0.0109 -0.9842
vn 0.1203 -0.0111 -0.9927
vn -0.6529 -0.0071 0.7574
vn -0.6885 0.0101 -0.7251
vn -0.6419 0.0100 -0.7667
vn 0.9462 0.0061 0.3235
vn 0.2223 -0.0097 -0.9749
vn 0.1725 -0.0100 -0.9850
vn -0.6577 -0.0061 0.7533
vn -0.6800 0.0097 -0.7331
vn 0.7306 0.0095 0.6827
vn -0.9657 0.0229 0.2587
vn -0.2913 -0.0095 0.9566
vn 0.9657 -0.0229 -0.2587
vn 0.2913 0.0095 -0.9566
vn -0.7306 -0.0095 -0.6827
vn 0.0335 0.9833 0.1788
vn -0.6115 0.7182 0.3321
vn 0.6979 0.7161 -0.0085
vn 0.9423 0.2739 -0.1926
vn 0.9652 -0.0115 -0.2611
vn -0.9697 0.0017 0.2444
vn -0.7246 -0.4899 -0.4847
vn -0.3302 -0.6487 -0.6857
vn -0.9601 -0.0137 0.2793
vn 0.8469 -0.2040 -0.4911
vn 0.3927 -0.4744 -0.7879
vn 0.9773 0.0417 -0.2078
vn 0.9692 -0.0079 -0.2462
vn -0.0499 -0.6611 -0.7486
vn 0.4095 -0.5113 -0.7555
vn -0.7377 -0.5023 -0.4511
vn -0.9756 -0.2194 -0.0056
vn -0.9583 0.0231 0.2849
vn -0.8722 0.2067 0.4433
vn -0.1131 0.6680 0.7355
vn -0.5055 0.5505 0.6643
vn -0.9689 -0.0123 0.2472
vn 0.7707 0.5451 0.3301
vn 0.9679 -0.0115 -0.2509
vn 0.7595 0.6080 0.2313
vn 0.0512 0.7934 0.6066
vn 0.9688 -0.0115 -0.2476
vn -0.5459 0.6131 0.5710
vn -0.8780 0.2409 0.4136
vn -0.9686 -0.0152 0.2483
vn 0.6501 0.7499 0.1222
vn 0.6659 0.7424 0.0734
vn -0.4967 0.7588 0.4213
vn 0.9354 0.3274 -0.1338
vn 0.9605 -0.0473 -0.2742
vn -0.9704 -0.0002 0.2413
vn -0.5838 0.7246 0.3662
vn 0.1145 0.9448 0.3069
vn 0.6891 0.7246 0.0084
vn 0.9372 0.3139 -0.1518
vn 0.9620 -0.0394 -0.2702
vn -0.9605 -0.0138 0.2779
vn 0.9193 -0.3280 0.2174
vn -0.8703 -0.1817 0.4578
vn 0.7665 0.2633 -0.5858
vn 0.9667 -0.2409 0.0863
vn 0.7716 0.2604 -0.5804
vn 0.7997 0.2341 -0.5528
vn -0.6461 0.0100 -0.7632
vn 0.9474 0.0061 0.3200
vn 0.2205 -0.0097 -0.9753
vn 0.1704 -0.0100 -0.9853
vn -0.6579 -0.0061 0.7531
vn -0.6840 0.0097 -0.7294
vn -0.3512 0.2764 -0.8946
vn 0.1746 -0.8718 0.4576
vn 0.1910 0.8066 0.5593
vn -0.3728 0.1277 -0.9191
vn 0.3113 0.6624 0.6814
vn -0.0236 -0.9995 -0.0226
vn -0.3824 -0.0000 -0.9240
vn -0.6332 -0.3966 -0.6647
vn -0.5832 0.2999 -0.7549
vn -0.7130 -0.0000 -0.7012
vn -0.8047 -0.0000 -0.5937
vn 0.1554 -0.0000 -0.9879
vn 0.0563 -0.0000 -0.9984
vn -0.7227 -0.0150 -0.6910
vn -0.8590 -0.0000 0.5120
vn -0.8104 0.0962 -0.5780
vn 0.8729 -0.0000 -0.4879
vn 0.4615 -0.7288 -0.5058
vn 0.3713 0.5417 -0.7541
vn -0.6809 -0.7218 0.1242
vn -0.8421 0.5371 -0.0489
vn 0.3794 0.5370 -0.7534
vn 0.4801 -0.7372 -0.4754
vn -0.6524 -0.7366 0.1782
vn -0.8414 0.5385 -0.0459
vn 0.7350 -0.5205 -0.4346
vn -0.0100 0.9998 -0.0183
vn 0.3791 0.5367 -0.7538
vn -0.7439 -0.5210 0.4185
vn -0.8475 0.5267 -0.0660
vn 0.8442 0.1177 0.5229
vn 0.2224 -0.8671 0.4457
vn 0.2079 0.8089 0.5500
vn 0.3917 -0.7011 -0.5958
vn -0.3583 0.1462 -0.9221
vn 0.4644 0.5925 -0.6582
vn -0.3890 0.3589 0.8485
vn -0.3884 0.3587 0.8488
vn 0.1545 -0.2628 -0.9524
vn -0.8274 -0.4720 0.3042
vn -0.8279 -0.4720 0.3031
vn -0.1763 -0.2879 0.9413
vn -0.6056 -0.1300 -0.7851
vn -0.2991 0.3239 0.8976
vn -0.8493 0.5200 0.0912
vn -0.7586 0.5556 0.3404
vn 0.1542 -0.3133 -0.9370
vn 0.2129 -0.3552 -0.9102
vn 0.6154 -0.1940 0.7640
vn 0.7256 -0.2802 0.6285
vn 0.7561 0.5548 -0.3471
vn 0.2430 0.3815 -0.8919
vn -0.8422 -0.5355 0.0636
vn -0.7172 -0.2862 -0.6354
vn 0.6721 0.2011 0.7127
vn -0.1597 -0.3049 0.9389
vn 0.9256 0.2948 -0.2372
vn 0.0574 0.1512 -0.9868
vn 0.8163 0.1663 0.5531
vn -0.7394 -0.1521 -0.6558
vn -0.8221 -0.2950 0.4869
vn -0.1864 -0.1661 0.9683
vn -0.7667 0.1418 -0.6262
vn -0.8157 0.1723 -0.5521
vn 0.8258 -0.2945 -0.4810
vn 0.9229 -0.3074 -0.2319
vn -0.2178 0.1819 0.9589
vn -0.0594 0.1458 0.9875
vn -0.1968 0.8786 -0.4351
vn -0.3827 0.0017 -0.9239
vn -0.3827 -0.0017 -0.9239
vn -0.1685 -0.8786 -0.4468
vn -0.1386 0.2295 0.9634
vn -0.8192 0.4612 0.3410
vn -0.7791 0.2293 -0.5835
vn 0.7802 -0.2301 0.5817
vn 0.1392 -0.2295 -0.9633
vn -0.1387 -0.2293 0.9634
vn -0.7799 -0.2299 -0.5821
vn 0.8192 0.4612 -0.3409
vn 0.7793 0.2295 0.5831
vn 0.1391 0.2296 -0.9633
vn 0.8324 0.5531 -0.0349
vn 0.0295 -0.2299 0.9728
vn 0.7004 0.2640 0.6632
vn -0.0534 -0.2805 0.9584
vn 0.6782 0.2392 0.6949
vn -0.7152 -0.3180 -0.6223
vn 0.7522 -0.5811 -0.3107
vn 0.7529 -0.5810 -0.3090
vn -0.1392 -0.1860 -0.9726
vn 0.6021 -0.1721 0.7796
vn -0.4200 0.8650 -0.2745
vn -0.1036 0.8487 0.5185
vn -0.1337 0.8773 0.4610
vn -0.4289 0.8431 -0.3245
vn -0.1377 -0.4551 -0.8797
vn 0.4271 -0.7583 0.4925
vn 0.2545 -0.4086 0.8765
vn 0.2174 -0.4765 0.8519
vn 0.5283 0.4207 0.7375
vn 0.5301 0.4638 0.7098
vn -0.5078 -0.6134 -0.6049
vn 0.2603 0.9462 -0.1923
vn -0.3544 0.4018 -0.8444
vn -0.1595 -0.8977 -0.4108
vn 0.1417 -0.9189 0.3681
vn -0.1432 -0.9171 -0.3722
vn 0.2775 0.7076 0.6498
vn 0.1614 -0.8953 0.4151
vn -0.4054 -0.0000 -0.9141
vn 0.3646 -0.0000 0.9312
vn -0.2002 0.8418 -0.5013
vn -0.2002 -0.8418 -0.5013
vn 0.2006 0.8414 0.5018
vn 0.2006 -0.8414 0.5018
vn -0.2804 -0.6762 -0.6813
vn 0.1030 -0.9895 0.1015
vn 0.3755 -0.2445 0.8940
vn -0.0274 0.9995 -0.0156
vn -0.3927 -0.0968 -0.9146
vn -0.1811 0.8558 -0.4847
vn 0.1807 -0.8652 0.4677
vn -0.0289 -0.9991 -0.0309
vn -0.3638 0.0464 -0.9303
vn 0.3001 0.6693 0.6797
vn -0.3388 0.3589 -0.8697
vn 0.1756 0.8454 0.5044
vn 0.1601 -0.8947 0.4169
vn -0.0130 -0.9999 -0.0003
vn -0.3747 0.1610 -0.9130
vn 0.2968 0.7073 0.6416
vn -0.3552 0.2466 -0.9017
vn 0.1886 0.8143 0.5489
vn 0.3085 -0.5978 0.7399
vn -0.3404 -0.4714 -0.8136
vn 0.0118 -0.9999 0.0100
vn 0.3532 0.2742 0.8945
vn 0.1910 0.9015 0.3884
vn -0.3084 0.6553 -0.6895
vn 0.1282 -0.9344 0.3324
vn 0.0162 -0.9983 0.0561
vn -0.3752 0.2423 -0.8947
vn 0.2653 0.7859 0.5585
vn -0.3635 0.1518 -0.9192
vn 0.1855 0.8219 0.5385
vn -0.8184 0.0126 -0.5746
vn 0.9982 0.0076 0.0599
vn -0.0243 -0.0122 -0.9996
vn -0.0884 -0.0126 -0.9960
vn -0.4472 -0.0076 0.8944
vn -0.8536 0.0122 -0.5208
vn -0.8238 0.0104 -0.5668
vn 0.9945 0.0065 0.1043
vn -0.0841 -0.0109 -0.9964
vn -0.1407 -0.0111 -0.9900
vn -0.4348 -0.0071 0.9005
vn -0.8528 0.0101 -0.5222
vn 0.8827 0.0090 0.4698
vn -0.8658 0.0218 0.4999
vn -0.0345 -0.0090 0.9994
vn 0.8658 -0.0218 -0.4999
vn 0.0345 0.0090 -0.9994
vn -0.8827 -0.0090 -0.4698
vn 0.8824 0.0095 0.4704
vn -0.8658 0.0229 0.4999
vn -0.0338 -0.0095 0.9994
vn 0.8658 -0.0229 -0.4999
vn 0.0338 0.0095 -0.9994
vn -0.8824 -0.0095 -0.4704
vn 0.0786 0.9833 0.1642
vn -0.5046 0.7183 0.4790
vn 0.6720 0.7160 -0.1889
vn 0.8604 0.2738 -0.4299
vn 0.8647 -0.0117 -0.5021
vn -0.8734 0.0019 0.4871
vn -0.8253 -0.4899 -0.2807
vn -0.4963 -0.6487 -0.5769
vn -0.8552 -0.0139 0.5181
vn 0.6910 -0.2039 -0.6935
vn 0.1755 -0.4744 -0.8627
vn 0.8903 0.0419 -0.4535
vn 0.8723 -0.0081 -0.4889
vn -0.2421 -0.6611 -0.7101
vn 0.1999 -0.5114 -0.8358
vn -0.8294 -0.5022 -0.2447
vn -0.9438 -0.2194 0.2472
vn -0.8517 0.0234 0.5235
vn -0.7277 0.2068 0.6540
vn 0.0809 0.6680 0.7398
vn -0.3162 0.5506 0.7726
vn -0.8718 -0.0120 0.4898
vn 0.8299 0.5450 0.1193
vn 0.8699 -0.0118 -0.4931
vn 0.7935 0.6080 0.0268
vn 0.2064 0.7934 0.5727
vn 0.8717 -0.0114 -0.4899
vn -0.3796 0.6131 0.6928
vn -0.7411 0.2409 0.6267
vn -0.8713 -0.0153 0.4905
vn 0.6595 0.7500 -0.0502
vn 0.6623 0.7424 -0.1014
vn -0.3709 0.7587 0.5355
vn 0.8689 0.3275 -0.3713
vn 0.8569 -0.0469 -0.5134
vn -0.8750 -0.0006 0.4842
vn -0.4691 0.7247 0.5047
vn 0.1900 0.9448 0.2668
vn 0.6678 0.7245 -0.1703
vn 0.8660 0.3139 -0.3892
vn 0.8592 -0.0396 -0.5100
vn -0.8558 -0.0136 0.5171
vn 0.9443 -0.3278 -0.0283
vn -0.7235 -0.1804 0.6663
vn 0.5886 0.2634 -0.7643
vn 0.9561 -0.2410 -0.1667
vn 0.5954 0.2602 -0.7602
vn 0.6317 0.2324 -0.7396
vn -0.8216 0.0100 -0.5700
vn 0.9979 0.0061 0.0640
vn -0.0395 -0.0097 -0.9992
vn -0.0904 -0.0100 -0.9959
vn -0.4407 -0.0061 0.8977
vn -0.8495 0.0097 -0.5275
vn -0.5708 0.2764 -0.7732
vn 0.2871 -0.8718 0.3968
vn 0.3293 0.8066 0.4908
vn -0.5980 0.1277 -0.7913
vn 0.4770 0.6624 0.5777
vn -0.0286 -0.9995 -0.0157
vn -0.6085 -0.0000 -0.7935
vn -0.7836 -0.3966 -0.4781
vn -0.7587 0.2999 -0.5782
vn -0.8701 -0.0000 -0.4928
vn -0.9309 -0.0000 -0.3652
vn -0.1056 -0.0000 -0.9944
vn -0.2040 -0.0000 -0.9790
vn -0.8769 -0.0150 -0.4805
vn -0.6972 -0.0000 0.7169
vn -0.9323 0.0962 -0.3486
vn 0.7169 -0.0000 -0.6972
vn 0.3149 -0.7289 -0.6080
vn 0.1634 0.5416 -0.8246
vn 0.7192 0.4659 0.5155
vn -0.6255 -0.7219 0.2961
vn -0.8261 0.5371 0.1707
vn 0.1713 0.5370 -0.8260
vn 0.3407 -0.7372 -0.5834
vn -0.5840 -0.7366 0.3410
vn -0.8246 0.5385 0.1735
vn 0.5975 -0.5205 -0.6100
vn -0.0144 0.9998 -0.0151
vn 0.1710 0.5367 -0.8263
vn 0.3408 -0.7372 -0.5834
vn -0.6103 -0.5210 0.5968
vn -0.5840 -0.7366 0.3411
vn -0.8357 0.5267 0.1557
vn 0.9508 0.1176 0.2866
vn 0.3302 -0.8671 0.3730
vn 0.3432 0.8089 0.4774
vn 0.2242 -0.7011 -0.6769
vn -0.5847 0.1462 -0.7979
vn 0.2783 0.5926 -0.7559
vn -0.1531 0.3579 0.9211
vn -0.1525 0.3577 0.9213
vn -0.0899 -0.2659 -0.9598
vn -0.7175 -0.4721 0.5121
vn -0.7182 -0.4721 0.5111
vn 0.0747 -0.2874 0.9549
vn -0.7869 -0.1289 -0.6034
vn -0.0579 0.3244 0.9441
vn -0.7968 0.5200 0.3079
vn -0.6446 0.5556 0.5252
vn -0.0936 -0.3133 -0.9450
vn -0.0299 -0.3552 -0.9343
vn 0.7921 -0.1940 0.5787
vn 0.8635 -0.2802 0.4193
vn 0.6405 0.5548 -0.5310
vn 0.0039 0.3815 -0.9244
vn -0.7970 -0.5355 0.2794
vn -0.8572 -0.2862 -0.4281
vn 0.8336 0.2011 0.5145
vn 0.0887 -0.3049 0.9483
vn 0.8327 0.2948 -0.4687
vn -0.2000 0.1512 -0.9681
vn 0.9317 0.1663 0.3230
vn -0.8840 -0.1522 -0.4421
vn -0.6681 -0.2950 0.6831
vn 0.0706 -0.1661 0.9836
vn -0.9026 0.1418 -0.4064
vn -0.9309 0.1724 -0.3222
vn 0.6731 -0.2945 -0.6784
vn 0.8314 -0.3074 -0.4629
vn 0.0377 0.1819 0.9826
vn 0.1983 0.1458 0.9692
vn 0.6086 0.0022 0.7935
vn 0.6086 -0.0022 0.7935
vn 0.2411 0.9269 0.2877
vn 0.2154 -0.9269 0.3074
vn 0.1154 0.2295 0.9664
vn -0.7030 0.4612 0.5414
vn -0.9035 0.2293 -0.3620
vn 0.9042 -0.2301 0.3599
vn 0.7046 -0.4609 -0.5396
vn -0.1149 -0.2295 -0.9665
vn 0.1154 -0.2293 0.9665
vn -0.9040 -0.2299 -0.3604
vn 0.9037 0.2295 0.3615
vn -0.1150 0.2297 -0.9665
vn 0.7961 0.5527 -0.2466
vn 0.2802 -0.2299 0.9320
vn 0.8481 0.2640 0.4594
vn 0.1965 -0.2805 0.9395
vn 0.8349 0.2393 0.4956
vn -0.8516 -0.3173 -0.4173
vn 0.6499 -0.5810 -0.4900
vn 0.6511 -0.5810 -0.4885
vn -0.3880 -0.1848 -0.9030
vn 0.7840 -0.1729 0.5961
vn -0.4770 0.8648 -0.1569
vn 0.0341 0.8488 0.5277
vn -0.0098 0.8773 0.4799
vn -0.4981 0.8433 -0.2019
vn -0.3684 -0.4425 -0.8176
vn 0.5352 -0.7674 0.3532
vn 0.4728 -0.4085 0.7808
vn 0.4304 -0.4766 0.7666
vn 0.7011 0.4209 0.5755
vn 0.6958 0.4635 0.5486
vn -0.6490 -0.6072 -0.4585
vn 0.2131 0.9469 -0.2407
vn -0.5552 0.4231 -0.7160
vn -0.2606 -0.8975 -0.3557
vn 0.2323 -0.9188 0.3190
vn -0.2345 -0.9171 -0.3223
vn 0.4422 0.6974 0.5639
vn 0.2632 -0.8955 0.3590
vn -0.3213 0.8415 -0.4344
vn -0.3213 -0.8415 -0.4344
vn 0.6281 -0.0000 0.7781
vn 0.3223 0.8414 0.4338
vn -0.5932 -0.0000 -0.8051
vn -0.3347 -0.8415 -0.4242
vn 0.3346 -0.8415 0.4241
vn 0.5932 -0.0000 0.8050
vn -0.6246 -0.0000 -0.7809
vn -0.3225 0.8416 -0.4333
vn -0.3225 -0.8416 -0.4333
vn 0.3225 -0.8416 0.4333
vn 0.6246 -0.0000 0.7809
vn 0.3225 0.8416 0.4333
vn -0.3232 0.8418 -0.4324
vn -0.3232 -0.8418 -0.4324
vn 0.3236 0.8414 0.4328
vn 0.6223 -0.0000 0.7827
vn 0.3236 -0.8414 0.4327
vn -0.4472 -0.6762 -0.5855
vn 0.1257 -0.9895 0.0714
vn 0.5941 -0.2445 0.7663
vn -0.0306 0.9995 -0.0080
vn -0.6160 -0.0968 -0.7818
vn -0.3003 0.8558 -0.4213
vn 0.2957 -0.8652 0.4050
vn -0.0358 -0.9991 -0.0223
vn -0.5922 0.0464 -0.8044
vn 0.4657 0.6693 0.5789
vn -0.5523 0.3589 -0.7524
vn 0.3002 0.8454 0.4418
vn 0.2626 -0.8948 0.3612
vn -0.0126 -0.9999 0.0031
vn -0.5983 0.1610 -0.7849
vn 0.4527 0.7073 0.5430
vn -0.5764 0.2466 -0.7791
vn 0.3242 0.8143 0.4814
vn 0.4895 -0.5978 0.6348
vn -0.5394 -0.4714 -0.6977
vn 0.0140 -0.9999 0.0067
vn 0.5726 0.2743 0.7726
vn 0.2851 0.9014 0.3258
vn -0.4764 0.6553 -0.5862
vn 0.2099 -0.9344 0.2879
vn 0.0302 -0.9983 0.0500
vn -0.5940 0.2423 -0.7671
vn 0.4008 0.7859 0.4708
vn -0.5890 0.1518 -0.7938
vn 0.3185 0.8219 0.4722
vn -0.9392 0.0126 -0.3432
vn 0.9797 0.0076 -0.2005
vn -0.2822 -0.0122 -0.9593
vn -0.3432 -0.0126 -0.9392
vn -0.2005 -0.0076 0.9797
vn -0.9593 0.0122 -0.2822
vn -0.9424 0.0104 -0.3342
vn 0.9876 0.0065 -0.1569
vn -0.3391 -0.0109 -0.9407
vn -0.3922 -0.0111 -0.9198
vn -0.1868 -0.0071 0.9824
vn -0.9589 0.0101 -0.2837
vn 0.9742 0.0090 0.2253
vn -0.7069 0.0218 0.7069
vn 0.2253 -0.0090 0.9742
vn 0.7069 -0.0218 -0.7069
vn -0.2253 0.0090 -0.9742
vn -0.9742 -0.0090 -0.2253
vn 0.9741 0.0095 0.2260
vn -0.7069 0.0229 0.7069
vn 0.2260 -0.0095 0.9741
vn 0.7069 -0.0229 -0.7069
vn -0.2260 0.0095 -0.9741
vn -0.9741 -0.0095 -0.2260
vn 0.1184 0.9833 0.1382
vn -0.3635 0.7182 0.5933
vn 0.6002 0.7161 -0.3564
vn 0.7198 0.2739 -0.6379
vn 0.7053 -0.0116 -0.7088
vn -0.7176 0.0017 0.6965
vn -0.8699 -0.4899 -0.0575
vn -0.6288 -0.6487 -0.4288
vn -0.6920 -0.0139 0.7218
vn 0.4879 -0.2039 -0.8487
vn -0.0538 -0.4744 -0.8787
vn 0.7426 0.0419 -0.6685
vn 0.7159 -0.0083 -0.6982
vn -0.4177 -0.6611 -0.6232
vn -0.0233 -0.5114 -0.8590
vn -0.8645 -0.5022 -0.0216
vn -0.8476 -0.2193 0.4831
vn -0.6871 0.0235 0.7262
vn -0.5337 0.2067 0.8200
vn 0.2698 0.6680 0.6935
vn -0.1056 0.5505 0.8281
vn -0.7155 -0.0122 0.6985
vn 0.8325 0.5450 -0.0994
vn 0.7128 -0.0115 -0.7013
vn 0.7734 0.6080 -0.1794
vn 0.3476 0.7934 0.4997
vn 0.7153 -0.0114 -0.6988
vn -0.1873 0.6131 0.7675
vn -0.5536 0.2409 0.7972
vn -0.7147 -0.0153 0.6992
vn 0.6239 0.7502 -0.2190
vn 0.6136 0.7421 -0.2698
vn -0.2198 0.7586 0.6134
vn 0.7431 0.3276 -0.5834
vn 0.6950 -0.0461 -0.7175
vn -0.7201 -0.0014 0.6939
vn -0.3225 0.7247 0.6090
vn 0.2526 0.9448 0.2085
vn 0.6010 0.7246 -0.3373
vn 0.7358 0.3139 -0.6001
vn 0.6980 -0.0395 -0.7150
vn -0.6928 -0.0137 0.7210
vn 0.9048 -0.3279 -0.2716
vn -0.5256 -0.1811 0.8312
vn 0.3708 0.2633 -0.8906
vn 0.8804 -0.2410 -0.4085
vn 0.3782 0.2603 -0.8884
vn 0.4174 0.2333 -0.8783
vn -0.9411 0.0100 -0.3379
vn 0.9805 0.0061 -0.1965
vn -0.2967 -0.0097 -0.9549
vn -0.3451 -0.0100 -0.9385
vn -0.1933 -0.0061 0.9811
vn -0.9571 0.0097 -0.2896
vn -0.7515 0.2764 -0.5991
vn 0.3800 -0.8718 0.3090
vn 0.4451 0.8066 0.3889
vn -0.7824 0.1277 -0.6095
vn 0.6103 0.6624 0.4345
vn -0.0317 -0.9995 -0.0078
vn -0.7932 -0.0000 -0.6090
vn -0.8807 -0.3966 -0.2590
vn -0.8825 0.2999 -0.3621
vn -0.9680 -0.0000 -0.2508
vn -0.9937 -0.0000 -0.1118
vn -0.3594 -0.0000 -0.9332
vn -0.4504 -0.0000 -0.8928
vn -0.9714 -0.0150 -0.2372
vn -0.4879 -0.0000 0.8729
vn -0.9908 0.0962 -0.0954
vn 0.5120 -0.0000 -0.8590
vn 0.1468 -0.7289 -0.6687
vn -0.0556 0.5416 -0.8388
vn 0.6752 0.5652 0.4741
vn -0.5276 -0.7218 0.4479
vn -0.7538 0.5370 0.3786
vn -0.0482 0.5370 -0.8422
vn 0.1781 -0.7372 -0.6517
vn -0.4759 -0.7366 0.4805
vn -0.7516 0.5385 0.3809
vn 0.4193 -0.5205 -0.7438
vn -0.0178 0.9998 -0.0109
vn -0.0487 0.5367 -0.8424
vn -0.4350 -0.5209 0.7344
vn -0.7670 0.5267 0.3665
vn 0.9926 0.1176 0.0307
vn 0.4154 -0.8671 0.2748
vn 0.4550 0.8089 0.3724
vn 0.0413 -0.7011 -0.7118
vn -0.7713 0.1462 -0.6194
vn 0.0731 0.5926 -0.8022
vn 0.0842 0.3599 0.9292
vn 0.0849 0.3597 0.9292
vn -0.3438 -0.2622 -0.9017
vn -0.5592 -0.4722 0.6814
vn -0.5602 -0.4721 0.6807
vn 0.3136 -0.2897 0.9043
vn -0.9156 -0.1278 -0.3813
vn 0.1889 0.3242 0.9269
vn -0.6900 0.5200 0.5036
vn -0.4867 0.5556 0.6741
vn -0.3350 -0.3133 -0.8886
vn -0.2707 -0.3552 -0.8948
vn 0.9149 -0.1940 0.3540
vn 0.9426 -0.2802 0.1815
vn 0.4813 0.5548 -0.6787
vn -0.2355 0.3815 -0.8939
vn -0.6975 -0.5355 0.4762
vn -0.9388 -0.2862 -0.1917
vn 0.9384 0.2011 0.2812
vn 0.3311 -0.3049 0.8930
vn 0.6830 0.2948 -0.6682
vn -0.4437 0.1512 -0.8833
vn 0.9835 0.1663 0.0709
vn -0.9683 -0.1522 -0.1983
vn -0.4686 -0.2950 0.8327
vn 0.3228 -0.1661 0.9318
vn -0.9770 0.1418 -0.1590
vn -0.9825 0.1723 -0.0703
vn 0.4746 -0.2945 -0.8295
vn 0.6832 -0.3074 -0.6623
vn 0.2908 0.1819 0.9393
vn 0.4424 0.1458 0.8849
vn 0.7932 0.0022 0.6089
vn 0.7932 -0.0022 0.6090
vn 0.3073 0.9269 0.2155
vn 0.2876 -0.9269 0.2412
vn 0.3616 0.2295 0.9036
vn -0.5390 0.4612 0.7049
vn -0.9664 0.2293 -0.1158
vn 0.9665 -0.2301 0.1137
vn -0.3611 -0.2295 -0.9039
vn 0.3616 -0.2293 0.9037
vn -0.9665 -0.2299 -0.1142
vn 0.9665 0.2295 0.1153
vn -0.3612 0.2296 -0.9038
vn 0.7046 0.5528 -0.4449
vn 0.5118 -0.2300 0.8277
vn 0.9381 0.2640 0.2242
vn 0.4330 -0.2804 0.8567
vn 0.9348 0.2393 0.2626
vn -0.9306 -0.3171 -0.1830
vn 0.4934 -0.5811 -0.6472
vn 0.4950 -0.5811 -0.6461
vn -0.6045 -0.1878 -0.7742
vn 0.9099 -0.1688 0.3788
vn -0.5010 0.8650 -0.0278
vn 0.1692 0.8489 0.5007
vn 0.1150 0.8771 0.4663
vn -0.5337 0.8431 -0.0665
vn -0.5486 -0.4705 -0.6912
vn 0.6171 -0.7572 0.2143
vn 0.6589 -0.4083 0.6318
vn 0.6140 -0.4769 0.6290
vn 0.8262 0.4209 0.3744
vn 0.8141 0.4635 0.3498
vn -0.7458 -0.6066 -0.2753
vn 0.1506 0.9472 -0.2831
vn -0.7261 0.4104 -0.5516
vn -0.3436 -0.8976 -0.2761
vn 0.3068 -0.9189 0.2479
vn -0.3100 -0.9171 -0.2507
vn 0.5684 0.7036 0.4265
vn 0.3472 -0.8954 0.2788
vn -0.4228 0.8415 -0.3365
vn -0.8063 -0.0000 -0.5915
vn 0.4236 -0.8414 0.3356
vn -0.4331 0.8415 -0.3230
vn -0.4330 -0.8415 -0.3231
vn 0.4330 -0.8415 0.3230
vn 0.7814 -0.0000 0.6241
vn 0.4330 0.8415 0.3231
vn -0.8055 -0.0000 -0.5927
vn -0.4237 -0.8416 -0.3351
vn 0.4237 -0.8416 0.3350
vn 0.8054 -0.0000 0.5927
vn -0.4240 0.8418 -0.3340
vn -0.4240 -0.8418 -0.3340
vn 0.4246 0.8414 0.3343
vn 0.4246 -0.8414 0.3342
vn -0.5835 -0.6762 -0.4498
vn 0.1399 -0.9895 0.0364
vn 0.7722 -0.2445 0.5865
vn -0.0316 0.9995 0.0001
vn -0.7973 -0.0968 -0.5957
vn -0.3991 0.8558 -0.3292
vn 0.3904 -0.8652 0.3147
vn -0.0404 -0.9991 -0.0123
vn -0.7802 0.0464 -0.6238
vn 0.5997 0.6693 0.4386
vn -0.7283 0.3589 -0.5838
vn 0.4043 0.8454 0.3490
vn 0.3471 -0.8947 0.2809
vn -0.0114 -0.9999 0.0062
vn -0.7811 0.1610 -0.6034
vn 0.5778 0.7073 0.4073
vn -0.7584 0.2466 -0.6033
vn 0.4378 0.8143 0.3811
vn 0.6372 -0.5978 0.4865
vn -0.7016 -0.4714 -0.5343
vn 0.0152 -0.9999 0.0028
vn 0.7531 0.2742 0.5980
vn 0.3597 0.9015 0.2408
vn -0.6119 0.6553 -0.4430
vn 0.2772 -0.9344 0.2238
vn 0.0421 -0.9983 0.0405
vn -0.7723 0.2423 -0.5873
vn 0.5090 0.7859 0.3510
vn -0.7744 0.1517 -0.6143
vn 0.4299 0.8219 0.3736
vn -0.9960 0.0126 -0.0884
vn 0.8944 0.0076 -0.4472
vn -0.5208 -0.0122 -0.8536
vn -0.5746 -0.0126 -0.8184
vn 0.0599 -0.0076 0.9982
vn -0.9996 0.0122 -0.0243
vn -0.9968 0.0104 -0.0789
vn 0.9134 0.0065 -0.4071
vn -0.5710 -0.0109 -0.8209
vn -0.6169 -0.0111 -0.7870
vn 0.0737 -0.0071 0.9973
vn -0.9996 0.0101 -0.0259
vn 0.9994 0.0090 -0.0345
vn -0.4999 0.0218 0.8658
vn 0.4698 -0.0090 0.8827
vn 0.4999 -0.0218 -0.8658
vn -0.4698 0.0090 -0.8827
vn -0.9994 -0.0090 0.0345
vn 0.9994 0.0095 -0.0338
vn -0.4999 0.0229 0.8658
vn 0.4704 -0.0095 0.8824
vn 0.4999 -0.0229 -0.8658
vn -0.4704 0.0095 -0.8824
vn -0.9994 -0.0095 0.0338
vn 0.1502 0.9833 0.1029
vn -0.1975 0.7183 0.6672
vn 0.4875 0.7160 -0.4996
vn 0.5301 0.2738 -0.8025
vn 0.4978 -0.0117 -0.8672
vn -0.5128 0.0019 0.8585
vn -0.8551 -0.4899 0.1697
vn -0.7183 -0.6487 -0.2514
vn -0.4814 -0.0137 0.8764
vn 0.2516 -0.2040 -0.9461
vn -0.2795 -0.4744 -0.8348
vn 0.5440 0.0417 -0.8380
vn 0.5108 -0.0083 -0.8597
vn -0.5648 -0.6611 -0.4939
vn -0.2449 -0.5114 -0.8237
vn -0.8406 -0.5022 0.2029
vn -0.6937 -0.2193 0.6860
vn -0.4757 0.0236 0.8793
vn -0.3033 0.2067 0.9302
vn 0.4401 0.6680 0.6001
vn 0.1123 0.5505 0.8272
vn -0.5104 -0.0124 0.8599
vn 0.7784 0.5451 -0.3115
vn 0.5071 -0.0114 -0.8618
vn 0.7006 0.6080 -0.3735
vn 0.4651 0.7934 0.3928
vn 0.5100 -0.0115 -0.8601
vn 0.0177 0.6131 0.7898
vn -0.3284 0.2409 0.9133
vn -0.5093 -0.0152 0.8604
vn 0.5460 0.7501 -0.3731
vn 0.5229 0.7422 -0.4193
vn -0.0536 0.7586 0.6494
vn 0.5668 0.3276 -0.7559
vn 0.4856 -0.0463 -0.8730
vn -0.5159 -0.0012 0.8567
vn -0.1539 0.7247 0.6717
vn 0.2980 0.9448 0.1360
vn 0.4932 0.7245 -0.4814
vn 0.5554 0.3139 -0.7701
vn 0.4891 -0.0396 -0.8713
vn -0.4826 -0.0135 0.8757
vn 0.8037 -0.3279 -0.4965
vn -0.2924 -0.1812 0.9390
vn 0.1277 0.2633 -0.9562
vn 0.7446 -0.2410 -0.6225
vn 0.1353 0.2603 -0.9560
vn 0.1756 0.2335 -0.9564
vn -0.9965 0.0100 -0.0829
vn 0.8962 0.0061 -0.4436
vn -0.5338 -0.0097 -0.8456
vn -0.5762 -0.0100 -0.8172
vn 0.0672 -0.0061 0.9977
vn -0.9994 0.0097 -0.0321
vn -0.8809 0.2764 -0.3842
vn 0.4470 -0.8718 0.2001
vn 0.5306 0.8066 0.2604
vn -0.9135 0.1277 -0.3863
vn 0.7020 0.6624 0.2617
vn -0.0326 -0.9995 0.0007
vn -0.9238 -0.0000 -0.3829
vn -0.9177 -0.3966 -0.0223
vn -0.9462 0.2999 -0.1214
vn -1.0000 -0.0000 0.0082
vn -0.9888 -0.0000 0.1492
vn -0.5887 -0.0000 -0.8084
vn -0.6662 -0.0000 -0.7458
vn -0.9996 -0.0150 0.0223
vn -0.2453 -0.0000 0.9695
vn -0.9817 0.0962 0.1643
vn 0.2722 -0.0000 -0.9622
vn -0.0313 -0.7289 -0.6839
vn -0.2707 0.5417 -0.7958
vn 0.8767 0.4213 0.2322
vn -0.3937 -0.7218 0.5692
vn -0.6300 0.5371 0.5609
vn -0.2646 0.5370 -0.8010
vn 0.0034 -0.7372 -0.6756
vn -0.3353 -0.7366 0.5873
vn -0.6274 0.5385 0.5625
vn 0.2125 -0.5205 -0.8270
vn -0.0200 0.9998 -0.0059
vn -0.2650 0.5367 -0.8010
vn -0.2301 -0.5210 0.8220
vn -0.6459 0.5267 0.5526
vn 0.9667 0.1176 -0.2271
vn 0.4724 -0.8671 0.1579
vn 0.5359 0.8089 0.2419
vn -0.1443 -0.7011 -0.6983
vn -0.9054 0.1462 -0.3987
vn -0.1370 0.5925 -0.7938
vn 0.3268 0.3583 0.8745
vn 0.3274 0.3581 0.8744
vn -0.5567 -0.2664 -0.7868
vn -0.3642 -0.4722 0.8028
vn -0.3652 -0.4721 0.8023
vn 0.5417 -0.2876 0.7899
vn -0.9831 -0.1278 -0.1312
vn 0.4210 0.3247 0.8469
vn -0.5361 0.5200 0.6650
vn -0.2957 0.5556 0.7771
vn -0.5535 -0.3133 -0.7716
vn -0.4930 -0.3552 -0.7942
vn 0.9754 -0.1940 0.1051
vn 0.9575 -0.2802 -0.0686
vn 0.2892 0.5548 -0.7801
vn -0.4588 0.3815 -0.8025
vn -0.5505 -0.5355 0.6405
vn -0.9564 -0.2862 0.0579
vn 0.9792 0.2011 0.0287
vn 0.5510 -0.3049 0.7768
vn 0.4868 0.2948 -0.8222
vn -0.6572 0.1512 -0.7384
vn 0.9684 0.1663 -0.1861
vn -0.9866 -0.1522 0.0591
vn -0.2371 -0.2950 0.9256
vn 0.5529 -0.1661 0.8165
vn -0.9849 0.1418 0.0993
vn -0.9672 0.1724 0.1864
vn 0.2437 -0.2945 -0.9240
vn 0.4886 -0.3074 -0.8166
vn 0.5240 0.1819 0.8321
vn 0.6563 0.1458 0.7403
vn 0.9238 0.0022 0.3828
vn 0.9238 -0.0022 0.3829
vn 0.3528 0.9268 0.1287
vn 0.3405 -0.9268 0.1586
vn 0.5832 0.2295 0.7792
vn -0.9635 0.2293 0.1383
vn 0.9630 -0.2301 -0.1403
vn 0.3404 -0.4609 -0.8196
vn -0.5827 -0.2295 -0.7796
vn 0.5831 -0.2293 0.7793
vn -0.9631 -0.2299 0.1399
vn 0.3382 0.4612 -0.8203
vn 0.9634 0.2295 -0.1388
vn -0.5828 0.2296 -0.7795
vn 0.5689 0.5520 -0.6096
vn 0.7086 -0.2300 0.6671
vn 0.9642 0.2639 -0.0261
vn 0.6399 -0.2804 0.7154
vn 0.9709 0.2393 0.0116
vn -0.9466 -0.3162 0.0625
vn 0.3027 -0.5811 -0.7554
vn 0.3044 -0.5811 -0.7547
vn -0.7818 -0.1902 -0.5939
vn 0.9770 -0.1681 0.1316
vn -0.4911 0.8650 0.1029
vn 0.2932 0.8489 0.4399
vn 0.2316 0.8772 0.4205
vn -0.5328 0.8430 0.0738
vn -0.7121 -0.4657 -0.5254
vn 0.6523 -0.7564 0.0480
vn 0.7998 -0.4085 0.4398
vn 0.7560 -0.4766 0.4487
vn 0.8951 0.4206 0.1480
vn 0.8767 0.4640 0.1270
vn -0.7852 -0.6156 -0.0673
vn 0.0464 0.9461 -0.3206
vn -0.8474 0.4025 -0.3463
vn -0.4033 -0.8976 -0.1777
vn 0.3605 -0.9189 0.1600
vn -0.3644 -0.9171 -0.1619
vn 0.6560 0.7073 0.2634
vn 0.4076 -0.8953 0.1794
vn -0.4955 0.8414 -0.2156
vn -0.4955 -0.8414 -0.2156
vn 0.4955 0.8414 0.2156
vn 0.4955 -0.8414 0.2156
vn -0.9319 -0.0000 -0.3626
vn 0.9320 -0.0000 0.3626
vn -0.5019 0.8415 -0.1999
vn -0.9162 -0.0000 -0.4006
vn 0.9163 -0.0000 0.4006
vn 0.5019 0.8415 0.2000
vn -0.4960 0.8418 -0.2129
vn -0.4960 -0.8418 -0.2128
vn 0.4966 0.8414 0.2129
vn 0.4966 -0.8414 0.2130
vn -0.6800 -0.6762 -0.2834
vn 0.1445 -0.9895 -0.0011
vn 0.8977 -0.2446 0.3666
vn -0.0305 0.9995 0.0083
vn -0.9244 -0.0967 -0.3690
vn -0.4707 0.8558 -0.2147
vn 0.4585 -0.8652 0.2029
vn -0.0422 -0.9991 -0.0014
vn -0.9151 0.0464 -0.4006
vn 0.6928 0.6693 0.2685
vn -0.8545 0.3589 -0.3754
vn 0.4809 0.8454 0.2325
vn 0.4080 -0.8948 0.1815
vn -0.0094 -0.9999 0.0090
vn -0.9106 0.1610 -0.3806
vn 0.6636 0.7073 0.2439
vn -0.8887 0.2466 -0.3865
vn 0.5215 0.8143 0.2548
vn 0.7414 -0.5978 0.3050
vn -0.8160 -0.4714 -0.3345
vn 0.0154 -0.9999 -0.0012
vn 0.8822 0.2742 0.3827
vn 0.4098 0.9014 0.1396
vn -0.7057 0.6553 -0.2695
vn 0.3257 -0.9344 0.1444
vn 0.0511 -0.9983 0.0282
vn -0.8980 0.2423 -0.3674
vn 0.5825 0.7859 0.2073
vn -0.9070 0.1517 -0.3929
vn 0.5119 0.8219 0.2497
vn -0.9850 0.0126 0.1724
vn 0.7482 0.0076 -0.6635
vn -0.7240 -0.0122 -0.6897
vn -0.7668 -0.0126 -0.6418
vn 0.3162 -0.0076 0.9487
vn -0.9719 0.0122 0.2353
vn -0.9833 0.0104 0.1818
vn 0.7770 0.0065 -0.6295
vn -0.7640 -0.0109 -0.6451
vn -0.7996 -0.0111 -0.6005
vn 0.3292 -0.0071 0.9442
vn -0.9722 0.0101 0.2337
vn 0.9564 0.0090 -0.2920
vn -0.2588 0.0218 0.9657
vn 0.6822 -0.0090 0.7311
vn 0.2588 -0.0218 -0.9657
vn -0.6822 0.0090 -0.7311
vn -0.9564 -0.0090 0.2920
vn 0.9566 0.0095 -0.2914
vn -0.2587 0.0229 0.9657
vn 0.6827 -0.0095 0.7306
vn 0.2588 -0.0229 -0.9657
vn -0.6828 0.0095 -0.7306
vn -0.9566 -0.0095 0.2913
vn 0.1717 0.9833 0.0605
vn -0.0181 0.7183 0.6955
vn 0.3416 0.7160 -0.6088
vn 0.3044 0.2738 -0.9124
vn 0.2564 -0.0118 -0.9665
vn -0.2731 0.0020 0.9620
vn -0.7821 -0.4899 0.3851
vn -0.7589 -0.6487 -0.0569
vn -0.2383 -0.0138 0.9711
vn -0.0018 -0.2040 -0.9790
vn -0.4860 -0.4744 -0.7340
vn 0.3087 0.0418 -0.9502
vn 0.2712 -0.0080 -0.9625
vn -0.6733 -0.6611 -0.3310
vn -0.4496 -0.5114 -0.7324
vn -0.7595 -0.5023 0.4134
vn -0.4926 -0.2194 0.8421
vn -0.2323 0.0233 0.9724
vn -0.0522 0.2067 0.9770
vn 0.5804 0.6680 0.4657
vn 0.3226 0.5506 0.7700
vn -0.2704 -0.0123 0.9627
vn 0.6712 0.5451 -0.5024
vn 0.2667 -0.0115 -0.9637
vn 0.5801 0.6080 -0.5421
vn 0.5509 0.7934 0.2590
vn 0.2701 -0.0113 -0.9628
vn 0.2215 0.6131 0.7583
vn -0.0808 0.2409 0.9672
vn -0.2694 -0.0153 0.9629
vn 0.4309 0.7501 -0.5017
vn 0.3965 0.7422 -0.5402
vn 0.1164 0.7586 0.6411
vn 0.3519 0.3276 -0.8769
vn 0.2430 -0.0465 -0.9689
vn -0.2765 -0.0010 0.9610
vn 0.0252 0.7247 0.6886
vn 0.3230 0.9448 0.0543
vn 0.3518 0.7245 -0.5927
vn 0.3371 0.3138 -0.8876
vn 0.2469 -0.0397 -0.9682
vn -0.2395 -0.0134 0.9708
vn 0.6479 -0.3279 -0.6876
vn -0.0394 -0.1812 0.9827
vn -0.1241 0.2633 -0.9567
vn 0.5581 -0.2410 -0.7940
vn -0.1167 0.2603 -0.9584
vn -0.0779 0.2335 -0.9692
vn -0.9840 0.0100 0.1779
vn 0.7505 0.0061 -0.6608
vn -0.7344 -0.0097 -0.6786
vn -0.7681 -0.0100 -0.6402
vn 0.3236 -0.0061 0.9462
vn -0.9737 0.0097 0.2277
vn 0.3842 0.2764 -0.8809
vn -0.2002 -0.8718 0.4470
vn -0.2605 0.8066 0.5306
vn 0.3863 0.1277 -0.9135
vn -0.2617 0.6624 0.7020
vn -0.0007 -0.9995 -0.0326
vn 0.3829 -0.0000 -0.9238
vn 0.0223 -0.3966 -0.9177
vn 0.1214 0.2999 -0.9462
vn -0.0082 -0.0000 -1.0000
vn -0.1492 0.0002 -0.9888
vn 0.8084 -0.0000 -0.5886
vn 0.7458 -0.0000 -0.6662
vn -0.0223 -0.0150 -0.9996
vn -0.9694 -0.0000 -0.2453
vn -0.1643 0.0962 -0.9817
vn 0.9622 -0.0000 0.2723
vn 0.6839 -0.7289 -0.0312
vn 0.7958 0.5417 -0.2707
vn -0.3619 0.5162 0.7763
vn -0.5692 -0.7218 -0.3937
vn -0.5609 0.5371 -0.6300
vn 0.8010 0.5370 -0.2646
vn 0.6756 -0.7372 0.0034
vn -0.5873 -0.7366 -0.3353
vn -0.5625 0.5385 -0.6274
vn 0.8270 -0.5205 0.2124
vn 0.0059 0.9998 -0.0200
vn 0.8011 0.5367 -0.2650
vn -0.8220 -0.5210 -0.2301
vn -0.5526 0.5268 -0.6459
vn 0.1463 0.9070 -0.3950
vn 0.3828 0.0020 -0.9238
vn 0.3828 -0.0020 -0.9238
vn 0.1759 -0.9070 -0.3827
vn 0.7047 -0.6968 -0.1337
vn 0.2270 -0.8052 -0.5478
vn -0.3596 -0.1331 0.9236
vn 0.2615 0.1053 0.9594
vn 0.2053 0.8708 -0.4467
vn 0.7595 0.6241 -0.1835
vn -0.8742 0.3578 0.3282
vn -0.8741 0.3576 0.3288
vn 0.7872 -0.2667 -0.5561
vn -0.8038 -0.4722 -0.3618
vn -0.8034 -0.4722 -0.3628
vn -0.7915 -0.2891 0.5384
vn 0.1299 -0.1285 -0.9832
vn -0.8468 0.3246 0.4214
vn -0.6650 0.5200 -0.5361
vn -0.7771 0.5556 -0.2957
vn 0.7716 -0.3133 -0.5536
vn 0.7942 -0.3552 -0.4930
vn -0.1051 -0.1940 0.9754
vn 0.0686 -0.2802 0.9575
vn 0.7801 0.5548 0.2892
vn 0.8025 0.3815 -0.4588
vn -0.6405 -0.5355 -0.5505
vn -0.0578 -0.2862 -0.9564
vn -0.0287 0.2011 0.9792
vn -0.7768 -0.3049 0.5510
vn 0.8223 0.2948 0.4868
vn 0.7384 0.1512 -0.6572
vn 0.1861 0.1663 0.9684
vn -0.0591 -0.1522 -0.9866
vn -0.9256 -0.2950 -0.2371
vn -0.8165 -0.1661 0.5530
vn -0.0993 0.1418 -0.9849
vn -0.1864 0.1724 -0.9672
vn 0.9240 -0.2945 0.2437
vn 0.8166 -0.3074 0.4886
vn -0.8321 0.1819 0.5240
vn -0.7403 0.1458 0.6563
vn -0.7792 0.2295 0.5832
vn -0.1383 0.2293 -0.9635
vn 0.1403 -0.2301 0.9630
vn 0.7796 -0.2295 -0.5827
vn -0.7793 -0.2293 0.5831
vn -0.1399 -0.2299 -0.9631
vn 0.1388 0.2295 0.9634
vn 0.7795 0.2296 -0.5828
vn 0.6144 0.5535 0.5623
vn -0.6669 -0.2298 0.7088
vn 0.0264 0.2641 0.9641
vn -0.7155 -0.2805 0.6398
vn -0.0119 0.2392 0.9709
vn -0.0679 -0.3193 -0.9452
vn 0.7474 -0.5809 0.3224
vn 0.7466 -0.5809 0.3242
vn 0.5886 -0.1854 -0.7869
vn -0.1256 -0.1721 0.9770
vn -0.1024 0.8647 -0.4918
vn -0.4399 0.8488 0.2933
vn -0.4205 0.8772 0.2315
vn -0.0743 0.8434 -0.5321
vn 0.5235 -0.4377 -0.7310
vn -0.0339 -0.7721 0.6346
vn -0.4398 -0.4083 0.7999
vn -0.4487 -0.4768 0.7558
vn -0.1478 0.4209 0.8950
vn -0.1272 0.4635 0.8769
vn 0.0731 -0.6062 -0.7919
vn 0.3124 0.9472 0.0721
vn -0.1618 0.9172 0.3642
vn 0.1793 0.8955 -0.4074
vn 0.2683 -0.6947 -0.6674
vn -0.1778 0.8975 0.4036
vn 0.1602 0.9188 -0.3607
vn -0.3415 -0.4286 0.8365
vn 0.2156 0.8415 -0.4954
vn 0.2156 -0.8414 -0.4954
vn -0.2156 -0.8414 0.4955
vn 0.4006 -0.0000 -0.9163
vn 0.2000 -0.8415 -0.5019
vn -0.4006 -0.0000 0.9162
vn -0.2139 0.8416 0.4960
vn 0.2129 0.8418 -0.4960
vn 0.2129 -0.8418 -0.4960
vn -0.2130 0.8414 0.4966
vn -0.2130 -0.8414 0.4966
vn 0.2834 -0.6762 -0.6800
vn 0.0011 -0.9895 0.1445
vn -0.3667 -0.2445 0.8976
vn -0.0083 0.9995 -0.0305
vn 0.3691 -0.0968 -0.9243
vn 0.2146 0.8558 -0.4707
vn -0.2029 -0.8652 0.4586
vn 0.0014 -0.9991 -0.0422
vn 0.4006 0.0464 -0.9151
vn -0.2685 0.6693 0.6928
vn 0.3754 0.3589 -0.8546
vn -0.2325 0.8454 0.4809
vn -0.1815 -0.8947 0.4080
vn -0.0090 -0.9999 -0.0094
vn 0.3806 0.1610 -0.9106
vn -0.2439 0.7073 0.6635
vn 0.3865 0.2466 -0.8887
vn -0.2548 0.8143 0.5215
vn -0.3050 -0.5978 0.7413
vn 0.3345 -0.4714 -0.8160
vn 0.0012 -0.9999 0.0154
vn -0.3827 0.2743 0.8822
vn -0.1396 0.9014 0.4098
vn 0.2695 0.6553 -0.7057
vn -0.1444 -0.9344 0.3257
vn -0.0282 -0.9983 0.0511
vn 0.3674 0.2423 -0.8980
vn -0.2073 0.7859 0.5825
vn 0.3929 0.1517 -0.9070
vn -0.2497 0.8219 0.5120
vn -0.1724 0.0126 -0.9849
vn 0.6635 0.0076 0.7481
vn 0.6897 -0.0122 -0.7240
vn 0.6418 -0.0126 -0.7668
vn -0.9487 -0.0076 0.3162
vn -0.2353 0.0122 -0.9719
vn -0.1818 0.0104 -0.9833
vn 0.6295 0.0065 0.7770
vn 0.6451 -0.0109 -0.7640
vn 0.6005 -0.0111 -0.7995
vn -0.9442 -0.0071 0.3292
vn -0.2337 0.0101 -0.9722
vn 0.2920 0.0090 0.9564
vn -0.9657 0.0218 -0.2588
vn -0.7311 -0.0090 0.6822
vn 0.9657 -0.0218 0.2588
vn 0.7311 0.0090 -0.6823
vn -0.2920 -0.0090 -0.9564
vn 0.2913 0.0095 0.9566
vn -0.9657 0.0229 -0.2587
vn -0.7306 -0.0095 0.6828
vn 0.9657 -0.0229 0.2587
vn 0.7306 0.0095 -0.6827
vn -0.2913 -0.0095 -0.9566
vn -0.0605 0.9833 0.1717
vn -0.6956 0.7182 -0.0181
vn 0.6087 0.7161 0.3416
vn 0.9123 0.2739 0.3044
vn 0.9665 -0.0115 0.2564
vn -0.9620 0.0017 -0.2732
vn -0.3851 -0.4900 -0.7821
vn 0.0571 -0.6487 -0.7589
vn -0.9710 -0.0140 -0.2385
vn 0.9790 -0.2039 -0.0018
vn 0.7341 -0.4743 -0.4859
vn 0.9501 0.0420 0.3090
vn 0.9625 -0.0080 0.2712
vn 0.3310 -0.6611 -0.6733
vn 0.7323 -0.5114 -0.4496
vn -0.4134 -0.5022 -0.7595
vn -0.8422 -0.2194 -0.4926
vn -0.9724 0.0233 -0.2322
vn -0.9770 0.2067 -0.0522
vn -0.4657 0.6680 0.5804
vn -0.7700 0.5505 0.3226
vn -0.9627 -0.0123 -0.2704
vn 0.5023 0.5451 0.6712
vn 0.9637 -0.0115 0.2667
vn 0.5422 0.6079 0.5800
vn -0.2591 0.7934 0.5509
vn 0.9628 -0.0117 0.2698
vn -0.7582 0.6132 0.2216
vn -0.9672 0.2410 -0.0807
vn -0.9630 -0.0149 -0.2691
vn 0.5020 0.7499 0.4309
vn 0.5399 0.7425 0.3965
vn -0.6408 0.7588 0.1165
vn 0.8770 0.3274 0.3518
vn 0.9689 -0.0474 0.2427
vn -0.9611 -0.0001 -0.2762
vn -0.6885 0.7248 0.0253
vn -0.0543 0.9448 0.3230
vn 0.5927 0.7245 0.3518
vn 0.8876 0.3138 0.3371
vn 0.9682 -0.0398 0.2468
vn -0.9708 -0.0134 -0.2395
vn 0.6878 -0.3278 0.6477
vn -0.9828 -0.1801 -0.0409
vn 0.9567 0.2634 -0.1242
vn 0.7939 -0.2410 0.5582
vn 0.9585 0.2602 -0.1165
vn 0.9698 0.2319 -0.0757
vn -0.1779 0.0100 -0.9840
vn 0.6604 0.0061 0.7509
vn 0.6786 -0.0097 -0.7344
vn 0.6402 -0.0100 -0.7681
vn -0.9463 -0.0061 0.3232
vn -0.2277 0.0097 -0.9737
vn 0.5991 0.2764 -0.7515
vn -0.3090 -0.8718 0.3800
vn -0.3889 0.8066 0.4451
vn 0.6096 0.1277 -0.7824
vn -0.4345 0.6624 0.6104
vn 0.0077 -0.9995 -0.0317
vn 0.6090 -0.0000 -0.7932
vn 0.2590 -0.3966 -0.8807
vn 0.3622 0.2999 -0.8825
vn 0.2509 -0.0000 -0.9680
vn 0.1118 -0.0000 -0.9937
vn 0.9332 -0.0000 -0.3594
vn 0.8928 -0.0000 -0.4504
vn 0.2372 -0.0150 -0.9714
vn -0.8729 -0.0000 -0.4879
vn 0.0954 0.0962 -0.9908
vn 0.8590 -0.0000 0.5120
vn 0.6688 -0.7288 0.1467
vn 0.8388 0.5416 -0.0556
vn -0.4478 -0.7219 -0.5275
vn -0.3788 0.5371 -0.7537
vn 0.8422 0.5370 -0.0482
vn 0.6517 -0.7372 0.1781
vn -0.4805 -0.7366 -0.4759
vn -0.3810 0.5385 -0.7516
vn 0.7439 -0.5205 0.4193
vn 0.0109 0.9998 -0.0178
vn 0.8424 0.5367 -0.0487
vn 0.6517 -0.7372 0.1782
vn -0.7344 -0.5210 -0.4350
vn -0.4805 -0.7367 -0.4758
vn -0.3667 0.5267 -0.7669
vn -0.6088 0.0020 0.7933
vn -0.6089 -0.0020 0.7933
vn -0.2426 0.9077 0.3425
vn -0.2681 -0.9076 0.3230
vn -0.0307 0.1176 0.9926
vn -0.2748 -0.8671 0.4154
vn -0.3724 0.8089 0.4551
vn 0.7118 -0.7011 0.0413
vn 0.6194 0.1462 -0.7713
vn 0.8022 0.5925 0.0731
vn -0.9292 0.3595 0.0855
vn -0.9292 0.3593 0.0861
vn 0.9029 -0.2644 -0.3389
vn -0.6830 -0.4722 -0.5572
vn -0.6823 -0.4722 -0.5581
vn -0.9043 -0.2898 0.3135
vn 0.3829 -0.1269 -0.9150
vn -0.9270 0.3247 0.1875
vn -0.5036 0.5200 -0.6900
vn -0.6741 0.5556 -0.4867
vn 0.8886 -0.3133 -0.3350
vn 0.8948 -0.3552 -0.2707
vn -0.3539 -0.1940 0.9149
vn -0.1815 -0.2802 0.9426
vn 0.6787 0.5548 0.4813
vn 0.8939 0.3815 -0.2355
vn -0.4762 -0.5355 -0.6975
vn 0.1917 -0.2862 -0.9388
vn -0.2812 0.2011 0.9384
vn -0.8930 -0.3048 0.3311
vn 0.6682 0.2948 0.6830
vn 0.8833 0.1513 -0.4437
vn -0.0708 0.1663 0.9835
vn 0.1983 -0.1522 -0.9683
vn -0.8327 -0.2950 -0.4686
vn -0.9318 -0.1661 0.3228
vn 0.1590 0.1418 -0.9770
vn 0.0703 0.1724 -0.9825
vn 0.8295 -0.2945 0.4746
vn 0.6623 -0.3074 0.6833
vn -0.9393 0.1819 0.2908
vn -0.8849 0.1458 0.4424
vn -0.9036 0.2295 0.3616
vn -0.7049 0.4612 -0.5390
vn 0.1158 0.2293 -0.9664
vn -0.1137 -0.2301 0.9665
vn 0.9039 -0.2295 -0.3611
vn -0.9037 -0.2293 0.3616
vn 0.1142 -0.2299 -0.9665
vn 0.7049 0.4612 0.5390
vn -0.1153 0.2295 0.9665
vn 0.9038 0.2297 -0.3612
vn 0.4486 0.5537 0.7016
vn -0.8277 -0.2299 0.5119
vn -0.2241 0.2640 0.9381
vn -0.8567 -0.2805 0.4329
vn -0.2628 0.2392 0.9347
vn 0.1802 -0.3187 -0.9306
vn 0.6477 -0.5811 0.4928
vn 0.6465 -0.5811 0.4943
vn 0.7744 -0.1881 -0.6041
vn -0.3788 -0.1689 0.9099
vn 0.0280 0.8649 -0.5012
vn -0.5008 0.8488 0.1694
vn -0.4661 0.8773 0.1147
vn 0.0663 0.8432 -0.5335
vn 0.6936 -0.4502 -0.5624
vn -0.2067 -0.7639 0.6114
vn -0.6318 -0.4083 0.6589
vn -0.6290 -0.4768 0.6140
vn -0.3746 0.4206 0.8263
vn -0.3496 0.4639 0.8140
vn 0.2700 -0.6133 -0.7422
vn 0.2909 0.9467 0.1383
vn 0.5448 0.4337 -0.7177
vn 0.2762 -0.8975 -0.3439
vn -0.2481 -0.9188 0.3071
vn 0.2505 -0.9172 -0.3099
vn -0.4334 0.6921 0.5772
vn -0.2786 -0.8955 0.3471
vn 0.3365 0.8415 -0.4227
vn -0.3365 0.8415 0.4227
vn -0.5890 -0.0000 0.8082
vn -0.3365 -0.8414 0.4227
vn -0.5914 -0.0000 0.8063
vn -0.3357 -0.8414 0.4236
vn 0.6241 -0.0000 -0.7814
vn 0.3231 -0.8415 -0.4330
vn -0.3230 -0.8415 0.4330
vn -0.6241 -0.0000 0.7813
vn 0.3340 0.8418 -0.4240
vn 0.3340 -0.8418 -0.4240
vn -0.3343 0.8414 0.4246
vn -0.3343 -0.8414 0.4246
vn 0.4498 -0.6762 -0.5835
vn -0.0363 -0.9895 0.1400
vn -0.5865 -0.2445 0.7722
vn -0.0001 0.9995 -0.0315
vn 0.5958 -0.0968 -0.7973
vn 0.3292 0.8558 -0.3992
vn -0.3147 -0.8652 0.3904
vn 0.0123 -0.9991 -0.0404
vn 0.6238 0.0464 -0.7802
vn -0.4386 0.6693 0.5997
vn 0.5838 0.3589 -0.7283
vn -0.3490 0.8454 0.4044
vn -0.2809 -0.8947 0.3471
vn -0.0063 -0.9999 -0.0114
vn 0.6034 0.1610 -0.7810
vn -0.4073 0.7073 0.5778
vn 0.6033 0.2466 -0.7584
vn -0.3811 0.8143 0.4378
vn -0.4865 -0.5978 0.6372
vn 0.5343 -0.4714 -0.7016
vn -0.0028 -0.9999 0.0152
vn -0.5980 0.2742 0.7531
vn -0.2409 0.9015 0.3597
vn 0.4429 0.6553 -0.6119
vn -0.2238 -0.9344 0.2772
vn -0.0405 -0.9983 0.0421
vn 0.5873 0.2423 -0.7723
vn -0.3510 0.7859 0.5090
vn 0.6143 0.1517 -0.7744
vn -0.3737 0.8219 0.4299
vn 0.0884 0.0126 -0.9960
vn 0.4472 0.0076 0.8944
vn 0.8536 -0.0122 -0.5208
vn 0.8184 -0.0126 -0.5746
vn -0.9982 -0.0076 0.0599
vn 0.0243 0.0122 -0.9996
vn 0.0789 0.0104 -0.9968
vn 0.4070 0.0065 0.9134
vn 0.8209 -0.0109 -0.5710
vn 0.7870 -0.0111 -0.6169
vn -0.9973 -0.0071 0.0737
vn 0.0259 0.0101 -0.9996
vn 0.0883 0.0100 -0.9960
vn 0.4406 0.0061 0.8977
vn 0.8466 -0.0097 -0.5321
vn 0.8185 -0.0100 -0.5745
vn -0.9977 -0.0061 0.0674
vn 0.0375 0.0097 -0.9992
vn 0.0338 0.0095 0.9994
vn -0.8658 0.0229 -0.4999
vn -0.8824 -0.0095 0.4704
vn 0.8658 -0.0229 0.4999
vn 0.8824 0.0095 -0.4704
vn -0.0338 -0.0095 -0.9994
vn -0.1028 0.9833 0.1502
vn -0.6671 0.7183 -0.1975
vn 0.4997 0.7160 0.4875
vn 0.8025 0.2738 0.5301
vn 0.8672 -0.0118 0.4978
vn -0.8585 0.0020 -0.5128
vn -0.1695 -0.4900 -0.8551
vn 0.2515 -0.6487 -0.7183
vn -0.8762 -0.0140 -0.4818
vn 0.9461 -0.2039 0.2517
vn 0.8349 -0.4743 -0.2793
vn 0.8378 0.0420 0.5444
vn 0.8596 -0.0081 0.5110
vn 0.4939 -0.6611 -0.5647
vn 0.8237 -0.5114 -0.2448
vn -0.2028 -0.5022 -0.8406
vn -0.6860 -0.2194 -0.6937
vn -0.8792 0.0234 -0.4759
vn -0.9302 0.2068 -0.3032
vn -0.6002 0.6679 0.4400
vn -0.8271 0.5506 0.1125
vn -0.8601 -0.0119 -0.5100
vn 0.3117 0.5450 0.7784
vn 0.8620 -0.0119 0.5067
vn 0.3736 0.6079 0.7006
vn -0.3928 0.7934 0.4651
vn 0.8601 -0.0116 0.5099
vn -0.7898 0.6131 0.0178
vn -0.9133 0.2410 -0.3284
vn -0.8605 -0.0151 -0.5093
vn 0.3730 0.7502 0.5460
vn 0.4194 0.7421 0.5229
vn -0.6494 0.7586 -0.0536
vn 0.7559 0.3276 0.5668
vn 0.8730 -0.0462 0.4856
vn -0.8567 -0.0013 -0.5159
vn -0.6718 0.7246 -0.1539
vn -0.1361 0.9448 0.2980
vn 0.4813 0.7247 0.4932
vn 0.7700 0.3140 0.5554
vn 0.8713 -0.0392 0.4892
vn -0.8757 -0.0140 -0.4827
vn 0.4967 -0.3278 0.8037
vn -0.9388 -0.1802 -0.2937
vn 0.9562 0.2634 0.1276
vn 0.6224 -0.2410 0.7447
vn 0.9560 0.2602 0.1355
vn 0.9563 0.2321 0.1777
vn 0.0828 0.0100 -0.9965
vn 0.4436 0.0061 0.8962
vn 0.8456 -0.0097 -0.5338
vn 0.8172 -0.0100 -0.5762
vn -0.9977 -0.0061 0.0672
vn 0.0320 0.0097 -0.9994
vn 0.7732 0.2764 -0.5708
vn -0.3969 -0.8718 0.2870
vn -0.4908 0.8066 0.3293
vn 0.7913 0.1277 -0.5979
vn -0.5776 0.6624 0.4771
vn 0.0157 -0.9995 -0.0287
vn 0.7935 -0.0000 -0.6085
vn 0.4781 -0.3966 -0.7836
vn 0.5782 0.2999 -0.7587
vn 0.4928 -0.0000 -0.8701
vn 0.3653 -0.0001 -0.9309
vn 0.9944 -0.0000 -0.1056
vn 0.9790 -0.0000 -0.2040
vn 0.4805 -0.0150 -0.8769
vn -0.7169 -0.0000 -0.6972
vn 0.3486 0.0962 -0.9323
vn 0.6972 -0.0000 0.7169
vn 0.6079 -0.7289 0.3148
vn 0.8246 0.5417 0.1634
vn -0.5055 0.7010 0.5031
vn -0.2961 -0.7219 -0.6255
vn -0.1707 0.5370 -0.8261
vn 0.8260 0.5370 0.1714
vn 0.5834 -0.7372 0.3407
vn -0.3410 -0.7366 -0.5840
vn -0.1734 0.5385 -0.8246
vn 0.6100 -0.5205 0.5975
vn 0.0151 0.9998 -0.0144
vn 0.8263 0.5367 0.1710
vn 0.5834 -0.7372 0.3408
vn -0.5968 -0.5209 -0.6103
vn -0.3411 -0.7366 -0.5840
vn -0.1555 0.5267 -0.8357
vn -0.2866 0.1176 0.9508
vn -0.3729 -0.8671 0.3302
vn -0.4774 0.8089 0.3432
vn 0.6769 -0.7011 0.2242
vn 0.7980 0.1462 -0.5847
vn 0.7560 0.5925 0.2783
vn -0.9200 0.3592 -0.1569
vn -0.9202 0.3590 -0.1563
vn 0.9599 -0.2636 -0.0954
vn -0.5121 -0.4721 -0.7175
vn -0.5112 -0.4721 -0.7182
vn -0.9547 -0.2895 0.0695
vn 0.6007 -0.1306 -0.7888
vn -0.9442 0.3243 -0.0577
vn -0.3079 0.5200 -0.7968
vn -0.5252 0.5556 -0.6446
vn 0.9450 -0.3133 -0.0936
vn 0.9343 -0.3552 -0.0299
vn -0.5787 -0.1940 0.7921
vn -0.4193 -0.2802 0.8635
vn 0.5310 0.5548 0.6405
vn 0.9244 0.3815 0.0039
vn -0.2794 -0.5355 -0.7970
vn 0.4281 -0.2862 -0.8572
vn -0.5144 0.2011 0.8336
vn -0.9483 -0.3049 0.0887
vn 0.4687 0.2948 0.8327
vn 0.9681 0.1513 -0.2000
vn -0.3230 0.1663 0.9317
vn 0.4421 -0.1522 -0.8840
vn -0.6831 -0.2950 -0.6681
vn -0.9836 -0.1661 0.0706
vn 0.4064 0.1418 -0.9026
vn 0.3222 0.1724 -0.9309
vn 0.6784 -0.2945 0.6731
vn 0.4629 -0.3074 0.8314
vn -0.9826 0.1819 0.0377
vn -0.9692 0.1458 0.1983
vn -0.9664 0.2295 0.1154
vn -0.5414 0.4612 -0.7030
vn 0.3620 0.2293 -0.9035
vn -0.3600 -0.2301 0.9042
vn 0.9665 -0.2295 -0.1149
vn -0.9665 -0.2293 0.1153
vn 0.3604 -0.2299 -0.9040
vn 0.5413 0.4612 0.7030
vn -0.3615 0.2295 0.9037
vn 0.9665 0.2297 -0.1150
vn 0.2454 0.5524 0.7966
vn -0.9320 -0.2299 0.2803
vn -0.4594 0.2640 0.8481
vn -0.9395 -0.2805 0.1964
vn -0.4956 0.2393 0.8349
vn 0.4173 -0.3173 -0.8516
vn 0.4944 -0.5811 0.6465
vn 0.4929 -0.5810 0.6476
vn 0.9043 -0.1881 -0.3831
vn -0.5998 -0.1701 0.7819
vn 0.1570 0.8648 -0.4770
vn -0.5273 0.8490 0.0338
vn -0.4802 0.8771 -0.0095
vn 0.2019 0.8433 -0.4981
vn 0.8118 -0.4633 -0.3556
vn -0.3548 -0.7661 0.5359
vn -0.7808 -0.4087 0.4726
vn -0.7666 -0.4765 0.4304
vn -0.5753 0.4212 0.7012
vn -0.5488 0.4632 0.6959
vn 0.4640 -0.6009 -0.6509
vn 0.2358 0.9472 0.2174
vn 0.7190 0.4151 -0.5574
vn 0.3556 -0.8976 -0.2605
vn -0.3190 -0.9189 0.2323
vn 0.3223 -0.9171 -0.2345
vn -0.5609 0.7013 0.4399
vn -0.3591 -0.8954 0.2632
vn 0.4345 -0.8415 -0.3212
vn -0.7780 -0.0000 0.6282
vn -0.4338 -0.8414 0.3223
vn 0.4242 0.8415 -0.3346
vn 0.8050 -0.0000 -0.5932
vn -0.4241 -0.8415 0.3346
vn -0.4242 0.8415 0.3346
vn 0.4332 -0.8416 -0.3226
vn -0.4333 -0.8416 0.3226
vn -0.7810 -0.0000 0.6246
vn 0.7828 -0.0000 -0.6223
vn 0.4323 0.8418 -0.3232
vn 0.4323 -0.8418 -0.3232
vn -0.4327 0.8414 0.3236
vn -0.7828 -0.0000 0.6223
vn -0.4327 -0.8414 0.3236
vn 0.5855 -0.6762 -0.4472
vn -0.0713 -0.9895 0.1259
vn -0.7663 -0.2446 0.5941
vn 0.0080 0.9995 -0.0305
vn 0.7818 -0.0968 -0.6159
vn 0.4213 0.8558 -0.3004
vn -0.4050 -0.8652 0.2957
vn 0.0224 -0.9991 -0.0358
vn 0.8044 0.0464 -0.5922
vn -0.5789 0.6693 0.4657
vn 0.7524 0.3589 -0.5524
vn -0.4418 0.8454 0.3002
vn -0.3612 -0.8948 0.2626
vn -0.0031 -0.9999 -0.0127
vn 0.7850 0.1610 -0.5983
vn -0.5430 0.7073 0.4527
vn 0.7790 0.2466 -0.5764
vn -0.4814 0.8143 0.3243
vn -0.6348 -0.5978 0.4895
vn 0.6976 -0.4714 -0.5395
vn -0.0066 -0.9999 0.0140
vn -0.7725 0.2742 0.5727
vn -0.3258 0.9015 0.2851
vn 0.5862 0.6553 -0.4764
vn -0.2879 -0.9344 0.2099
vn -0.0500 -0.9983 0.0302
vn 0.7671 0.2423 -0.5940
vn -0.4708 0.7859 0.4009
vn 0.7938 0.1517 -0.5890
vn -0.4722 0.8219 0.3185
vn 0.3432 0.0126 -0.9392
vn 0.2005 0.0076 0.9797
vn 0.9593 -0.0122 -0.2822
vn 0.9392 -0.0126 -0.3432
vn -0.9797 -0.0076 -0.2005
vn 0.2822 0.0122 -0.9593
vn 0.3342 0.0104 -0.9424
vn 0.1569 0.0065 0.9876
vn 0.9407 -0.0109 -0.3391
vn 0.9198 -0.0111 -0.3922
vn -0.9824 -0.0071 -0.1868
vn 0.2837 0.0101 -0.9589
vn 0.3431 0.0100 -0.9393
vn 0.1935 0.0061 0.9811
vn 0.9555 -0.0097 -0.2949
vn 0.9393 -0.0100 -0.3431
vn -0.9813 -0.0061 -0.1923
vn 0.2949 0.0097 -0.9555
vn -0.2260 0.0095 0.9741
vn -0.7069 0.0229 -0.7069
vn -0.9741 -0.0095 0.2260
vn 0.7069 -0.0229 0.7069
vn 0.9741 0.0095 -0.2260
vn 0.2260 -0.0095 -0.9741
vn -0.1382 0.9833 0.1185
vn -0.5933 0.7182 -0.3635
vn 0.3564 0.7161 0.6002
vn 0.6379 0.2739 0.7198
vn 0.7088 -0.0116 0.7053
vn -0.6965 0.0018 -0.7175
vn 0.0575 -0.4899 -0.8699
vn 0.4288 -0.6487 -0.6287
vn -0.7218 -0.0139 -0.6920
vn 0.8487 -0.2039 0.4879
vn 0.8787 -0.4743 -0.0538
vn 0.6684 0.0419 0.7426
vn 0.6979 -0.0081 0.7161
vn 0.6233 -0.6612 -0.4176
vn 0.8590 -0.5114 -0.0232
vn 0.0217 -0.5022 -0.8645
vn -0.4830 -0.2194 -0.8477
vn -0.7260 0.0233 -0.6873
vn -0.8200 0.2066 -0.5338
vn -0.6935 0.6680 0.2698
vn -0.8281 0.5505 -0.1057
vn -0.6984 -0.0125 -0.7156
vn 0.0993 0.5452 0.8324
vn 0.7011 -0.0113 0.7129
vn 0.1794 0.6080 0.7734
vn -0.4997 0.7934 0.3475
vn 0.6987 -0.0112 0.7153
vn -0.7675 0.6130 -0.1874
vn -0.7972 0.2408 -0.5537
vn -0.6992 -0.0155 -0.7148
vn 0.2192 0.7500 0.6241
vn 0.2694 0.7423 0.6135
vn -0.6132 0.7588 -0.2195
vn 0.5835 0.3274 0.7432
vn 0.7177 -0.0471 0.6948
vn -0.6942 -0.0005 -0.7198
vn -0.6090 0.7246 -0.3225
vn -0.2085 0.9448 0.2526
vn 0.3373 0.7246 0.6010
vn 0.6001 0.3139 0.7358
vn 0.7150 -0.0395 0.6980
vn -0.7210 -0.0137 -0.6928
vn 0.2712 -0.3281 0.9049
vn -0.8321 -0.1825 -0.5238
vn 0.8906 0.2632 0.3710
vn 0.4086 -0.2409 0.8803
vn 0.8884 0.2605 0.3779
vn 0.8791 0.2352 0.4146
vn 0.3379 0.0100 -0.9411
vn 0.1967 0.0061 0.9804
vn 0.9549 -0.0097 -0.2968
vn 0.9385 -0.0100 -0.3451
vn -0.9812 -0.0061 -0.1929
vn 0.2896 0.0097 -0.9571
vn 0.8946 0.2764 -0.3512
vn -0.4576 -0.8719 0.1746
vn -0.5594 0.8066 0.1910
vn 0.9191 0.1277 -0.3728
vn -0.6814 0.6624 0.3113
vn 0.0225 -0.9995 -0.0236
vn 0.9240 -0.0000 -0.3824
vn 0.6647 -0.3966 -0.6332
vn 0.7549 0.2999 -0.5832
vn 0.7012 -0.0000 -0.7129
vn 0.5937 -0.0000 -0.8047
vn 0.9879 -0.0000 0.1554
vn 0.9984 -0.0000 0.0563
vn 0.6910 -0.0150 -0.7227
vn -0.5120 -0.0000 -0.8590
vn 0.5780 0.0962 -0.8103
vn 0.4879 -0.0000 0.8729
vn 0.5058 -0.7289 0.4615
vn 0.7541 0.5417 0.3713
vn -0.7757 0.5188 0.3593
vn -0.1241 -0.7219 -0.6808
vn 0.0489 0.5370 -0.8421
vn 0.7534 0.5370 0.3794
vn 0.4754 -0.7372 0.4801
vn -0.1782 -0.7366 -0.6524
vn 0.0459 0.5385 -0.8413
vn 0.4346 -0.5205 0.7350
vn 0.0183 0.9998 -0.0099
vn 0.7538 0.5368 0.3791
vn -0.4185 -0.5210 -0.7439
vn -0.1782 -0.7367 -0.6524
vn 0.0660 0.5267 -0.8475
vn 0.3833 0.9067 -0.1760
vn 0.9239 -0.0020 -0.3826
vn 0.3955 -0.9067 -0.1464
vn 0.5929 -0.6968 0.4037
vn 0.5479 -0.8052 -0.2268
vn -0.9073 -0.1331 0.3988
vn -0.4935 0.1051 0.8633
vn 0.4610 0.8708 -0.1707
vn 0.6667 0.6242 0.4073
vn -0.8478 0.3593 -0.3900
vn -0.8482 0.3591 -0.3894
vn 0.9507 -0.2653 0.1603
vn -0.2974 -0.4718 -0.8300
vn -0.2963 -0.4718 -0.8304
vn -0.9407 -0.2887 -0.1782
vn 0.7862 -0.1292 -0.6044
vn -0.8964 0.3249 -0.3015
vn -0.0911 0.5200 -0.8493
vn -0.3404 0.5556 -0.7586
vn 0.9370 -0.3133 0.1542
vn 0.9102 -0.3552 0.2130
vn -0.7640 -0.1940 0.6154
vn -0.6285 -0.2802 0.7256
vn 0.3471 0.5548 0.7561
vn 0.8919 0.3815 0.2430
vn -0.0636 -0.5355 -0.8422
vn 0.6354 -0.2862 -0.7172
vn -0.7127 0.2011 0.6721
vn -0.9389 -0.3049 -0.1597
vn 0.2372 0.2948 0.9256
vn 0.9868 0.1513 0.0574
vn -0.5531 0.1663 0.8163
vn 0.6558 -0.1521 -0.7394
vn -0.4869 -0.2950 -0.8222
vn -0.9683 -0.1661 -0.1863
vn 0.6262 0.1418 -0.7667
vn 0.5521 0.1724 -0.8157
vn 0.4810 -0.2945 0.8258
vn 0.2319 -0.3074 0.9229
vn -0.9589 0.1819 -0.2179
vn -0.9875 0.1458 -0.0593
vn -0.9634 0.2295 -0.1386
vn -0.3410 0.4612 -0.8192
vn 0.5835 0.2293 -0.7791
vn -0.5817 -0.2301 0.7802
vn 0.9633 -0.2295 0.1392
vn -0.9634 -0.2293 -0.1387
vn 0.5821 -0.2299 -0.7799
vn 0.3409 0.4612 0.8192
vn -0.5831 0.2295 0.7793
vn 0.9633 0.2296 0.1391
vn 0.0317 0.5526 0.8329
vn -0.9728 -0.2298 0.0297
vn -0.6631 0.2641 0.7004
vn -0.9583 -0.2806 -0.0536
vn -0.6950 0.2392 0.6781
vn 0.6211 -0.3188 -0.7159
vn 0.3225 -0.5811 0.7472
vn 0.3208 -0.5811 0.7479
vn 0.9727 -0.1889 -0.1348
vn -0.7846 -0.1673 0.5970
vn 0.2750 0.8648 -0.4201
vn -0.5186 0.8487 -0.1036
vn -0.4609 0.8773 -0.1337
vn 0.3240 0.8433 -0.4288
vn 0.8857 -0.4409 -0.1451
vn -0.4803 -0.7669 0.4256
vn -0.8765 -0.4086 0.2545
vn -0.8519 -0.4764 0.2174
vn -0.7377 0.4204 0.5283
vn -0.7096 0.4641 0.5302
vn 0.5993 -0.6192 -0.5074
vn 0.2047 0.9454 0.2538
vn 0.8406 0.4108 -0.3530
vn 0.4109 -0.8976 -0.1596
vn -0.3682 -0.9189 0.1417
vn 0.3721 -0.9171 -0.1431
vn -0.6537 0.7034 0.2790
vn -0.4151 -0.8954 0.1613
vn 0.5028 -0.8415 -0.1978
vn -0.5028 -0.8414 0.1978
vn 0.9311 -0.0000 -0.3646
vn -0.9312 -0.0000 0.3646
vn 0.5013 0.8418 -0.2002
vn 0.5013 -0.8418 -0.2002
vn -0.5018 0.8414 0.2006
vn -0.5018 -0.8414 0.2006
vn 0.6813 -0.6762 -0.2804
vn -0.1013 -0.9895 0.1030
vn -0.8940 -0.2446 0.3755
vn 0.0158 0.9995 -0.0274
vn 0.9146 -0.0968 -0.3926
vn 0.4846 0.8558 -0.1811
vn -0.4677 -0.8652 0.1807
vn 0.0308 -0.9991 -0.0288
vn 0.9303 0.0464 -0.3638
vn -0.6797 0.6693 0.3000
vn 0.8697 0.3589 -0.3388
vn -0.5045 0.8454 0.1757
vn -0.4169 -0.8948 0.1601
vn 0.0003 -0.9999 -0.0130
vn 0.9130 0.1610 -0.3747
vn -0.6416 0.7073 0.2968
vn 0.9017 0.2466 -0.3552
vn -0.5489 0.8143 0.1886
vn -0.7399 -0.5978 0.3085
vn 0.8135 -0.4714 -0.3405
vn -0.0100 -0.9999 0.0118
vn -0.8944 0.2742 0.3532
vn -0.3885 0.9014 0.1910
vn 0.6895 0.6553 -0.3084
vn -0.3324 -0.9344 0.1282
vn -0.0561 -0.9983 0.0162
vn 0.8947 0.2423 -0.3752
vn -0.5585 0.7859 0.2654
vn 0.9192 0.1517 -0.3635
vn -0.5385 0.8219 0.1855
vn 0.5746 0.0126 -0.8183
vn -0.0599 0.0076 0.9982
vn 0.9996 -0.0122 -0.0243
vn 0.9960 -0.0126 -0.0884
vn -0.8944 -0.0076 -0.4472
vn 0.5209 0.0122 -0.8536
vn 0.5668 0.0104 -0.8238
vn -0.1040 0.0065 0.9946
vn 0.9964 -0.0109 -0.0841
vn 0.9900 -0.0111 -0.1408
vn -0.9005 -0.0071 -0.4347
vn 0.5222 0.0101 -0.8528
vn 0.5745 0.0100 -0.8185
vn -0.0676 0.0061 0.9977
vn 0.9992 -0.0097 -0.0375
vn 0.9960 -0.0100 -0.0883
vn -0.8978 -0.0061 -0.4403
vn 0.5321 0.0097 -0.8466
vn -0.4704 0.0095 0.8824
vn -0.4999 0.0229 -0.8658
vn -0.9994 -0.0095 -0.0338
vn 0.4999 -0.0229 0.8658
vn 0.9994 0.0095 0.0338
vn 0.4704 -0.0095 -0.8824
vn -0.1642 0.9833 0.0786
vn -0.4790 0.7182 -0.5047
vn 0.1889 0.7161 0.6720
vn 0.4299 0.2739 0.8603
vn 0.5021 -0.0115 0.8647
vn -0.4870 0.0017 -0.8734
vn 0.2807 -0.4899 -0.8254
vn 0.5769 -0.6487 -0.4964
vn -0.5182 -0.0138 -0.8551
vn 0.6935 -0.2040 0.6909
vn 0.8627 -0.4744 0.1754
vn 0.4536 0.0418 0.8902
vn 0.4890 -0.0082 0.8723
vn 0.7101 -0.6611 -0.2421
vn 0.8358 -0.5114 0.1999
vn 0.2446 -0.5022 -0.8294
vn -0.2472 -0.2194 -0.9438
vn -0.5235 0.0234 -0.8517
vn -0.6539 0.2067 -0.7278
vn -0.7397 0.6681 0.0812
vn -0.7725 0.5505 -0.3164
vn -0.4894 -0.0125 -0.8720
vn -0.1195 0.5451 0.8298
vn 0.4927 -0.0113 0.8701
vn -0.0268 0.6080 0.7935
vn -0.5727 0.7934 0.2064
vn 0.4899 -0.0115 0.8717
vn -0.6929 0.6131 -0.3795
vn -0.6268 0.2409 -0.7410
vn -0.4905 -0.0152 -0.8713
vn 0.0500 0.7502 0.6593
vn 0.1019 0.7420 0.6626
vn -0.5356 0.7585 -0.3712
vn 0.3712 0.3277 0.8688
vn 0.5131 -0.0458 0.8571
vn -0.4838 -0.0017 -0.8752
vn -0.5048 0.7247 -0.4690
vn -0.2667 0.9449 0.1900
vn 0.1703 0.7245 0.6679
vn 0.3892 0.3139 0.8660
vn 0.5101 -0.0397 0.8592
vn -0.5171 -0.0134 -0.8558
vn 0.0279 -0.3280 0.9443
vn -0.6676 -0.1819 -0.7219
vn 0.7642 0.2632 0.5888
vn 0.1668 -0.2409 0.9561
vn 0.7603 0.2604 0.5951
vn 0.7412 0.2344 0.6290
vn -0.4687 0.0090 0.8833
vn -0.5031 0.0217 -0.8639
vn -0.9995 -0.0091 -0.0316
vn 0.5031 -0.0217 0.8639
vn 0.9995 0.0091 0.0316
vn 0.4688 -0.0090 -0.8833
vn 0.9550 0.2764 -0.1077
vn -0.4872 -0.8718 0.0502
vn -0.5897 0.8066 0.0397
vn 0.9843 0.1277 -0.1222
vn -0.7388 0.6624 0.1243
vn 0.0278 -0.9995 -0.0169
vn 0.9915 -0.0000 -0.1302
vn 0.8059 -0.3966 -0.4396
vn 0.8801 0.2999 -0.3680
vn 0.8618 -0.0000 -0.5072
vn 0.7817 -0.0000 -0.6236
vn 0.9140 -0.0000 0.4058
vn 0.9498 -0.0000 0.3128
vn 0.8545 -0.0150 -0.5192
vn -0.2723 -0.0000 -0.9622
vn 0.7680 0.0962 -0.6331
vn 0.2453 -0.0000 0.9694
vn 0.3691 -0.7288 0.5767
vn 0.6324 0.5416 0.5538
vn -0.8596 0.5108 0.0087
vn 0.0563 -0.7218 -0.6898
vn 0.2652 0.5370 -0.8008
vn 0.6296 0.5369 0.5615
vn 0.3349 -0.7372 0.5868
vn -0.0033 -0.7366 -0.6763
vn 0.2621 0.5385 -0.8008
vn 0.2295 -0.5205 0.8224
vn 0.0203 0.9998 -0.0049
vn 0.6300 0.5367 0.5613
vn -0.2117 -0.5209 -0.8269
vn -0.0034 -0.7366 -0.6763
vn 0.2831 0.5267 -0.8015
vn -0.9915 0.0020 0.1305
vn -0.9915 -0.0020 0.1304
vn -0.4146 0.9073 0.0707
vn -0.4188 -0.9073 0.0389
vn 0.4682 -0.6968 0.5434
vn 0.5879 -0.8052 -0.0773
vn -0.9796 -0.1331 0.1504
vn -0.7001 0.1051 0.7062
vn 0.4895 0.8708 -0.0456
vn 0.5386 0.6242 0.5659
vn -0.7170 0.3597 -0.5970
vn -0.7175 0.3595 -0.5966
vn 0.8781 -0.2644 0.3989
vn -0.0823 -0.4721 -0.8777
vn -0.0811 -0.4721 -0.8778
vn -0.8631 -0.2883 -0.4146
vn 0.9162 -0.1288 -0.3796
vn -0.7876 0.3250 -0.5235
vn 0.1318 0.5200 -0.8440
vn -0.1325 0.5556 -0.8208
vn 0.8652 -0.3133 0.3915
vn 0.8241 -0.3552 0.4413
vn -0.8972 -0.1940 0.3967
vn -0.7949 -0.2802 0.5382
vn 0.1396 0.5548 0.8202
vn 0.7986 0.3815 0.4656
vn 0.1565 -0.5355 -0.8299
vn 0.7993 -0.2862 -0.5283
vn -0.8623 0.2011 0.4647
vn -0.8656 -0.3048 -0.3973
vn -0.0105 0.2948 0.9555
vn 0.9383 0.1512 0.3108
vn -0.7456 0.1663 0.6454
vn 0.8249 -0.1522 -0.5445
vn -0.2575 -0.2950 -0.9202
vn -0.8871 -0.1661 -0.4306
vn 0.8033 0.1418 -0.5785
vn 0.7445 0.1724 -0.6450
vn 0.2509 -0.2945 0.9221
vn -0.0148 -0.3074 0.9515
vn -0.8698 0.1819 -0.4586
vn -0.9385 0.1458 -0.3129
vn -0.9915 0.0022 0.1304
vn -0.9915 -0.0022 0.1303
vn -0.3704 0.9266 0.0650
vn -0.3746 -0.9266 0.0329
vn -0.8947 0.2295 -0.3833
vn 0.7652 0.2293 -0.6015
vn -0.7638 -0.2301 0.6030
vn 0.8945 -0.2295 0.3838
vn -0.8947 -0.2293 -0.3834
vn 0.7642 -0.2299 -0.6027
vn -0.7649 0.2295 0.6019
vn 0.8945 0.2296 0.3837
vn -0.1842 0.5527 0.8128
vn -0.9473 -0.2299 -0.2233
vn -0.8218 0.2640 0.5048
vn -0.9119 -0.2805 -0.2997
vn -0.8467 0.2392 0.4752
vn 0.7864 -0.3179 -0.5296
vn 0.1034 -0.5810 0.8073
vn 0.1014 -0.5810 0.8075
vn 0.9755 -0.1862 0.1175
vn -0.9092 -0.1717 0.3793
vn 0.3742 0.8649 -0.3346
vn -0.4735 0.8490 -0.2344
vn -0.4111 0.8771 -0.2483
vn 0.4241 0.8432 -0.3304
vn 0.8779 -0.4683 0.1000
vn -0.5808 -0.7622 0.2858
vn -0.9126 -0.4083 0.0191
vn -0.8789 -0.4768 -0.0106
vn -0.8492 0.4206 0.3194
vn -0.8227 0.4640 0.3284
vn 0.7139 -0.6153 -0.3343
vn 0.1119 0.9465 0.3026
vn 0.8947 0.4297 -0.1225
vn 0.4384 -0.8975 -0.0478
vn -0.3925 -0.9188 0.0417
vn 0.3963 -0.9172 -0.0419
vn -0.7126 0.6942 0.1014
vn -0.4425 -0.8955 0.0484
vn 0.5369 0.8415 -0.0610
vn 0.5369 0.8414 -0.0621
vn 0.5368 -0.8414 -0.0621
vn 0.5347 0.8415 -0.0778
vn 0.5347 -0.8415 -0.0778
vn -0.5346 -0.8415 0.0778
vn -0.5346 0.8415 0.0778
vn 0.5360 0.8418 -0.0637
vn 0.5360 -0.8418 -0.0637
vn -0.5366 0.8414 0.0639
vn -0.5366 -0.8414 0.0639
vn 0.7307 -0.6762 -0.0946
vn -0.1246 -0.9895 0.0732
vn -0.9607 -0.2445 0.1313
vn 0.0223 0.9995 -0.0224
vn 0.9850 -0.0968 -0.1426
vn 0.5150 0.8558 -0.0495
vn -0.4986 -0.8652 0.0535
vn 0.0372 -0.9991 -0.0199
vn 0.9928 0.0464 -0.1107
vn -0.7342 0.6693 0.1139
vn 0.9278 0.3589 -0.1021
vn -0.5327 0.8454 0.0391
vn -0.4441 -0.8948 0.0468
vn 0.0037 -0.9999 -0.0125
vn 0.9789 0.1610 -0.1257
vn -0.6966 0.7073 0.1206
vn 0.9629 0.2466 -0.1097
vn -0.5790 0.8143 0.0401
vn -0.7945 -0.5978 0.1065
vn 0.8739 -0.4714 -0.1183
vn -0.0127 -0.9999 0.0088
vn -0.9554 0.2742 0.1097
vn -0.4246 0.9015 0.0840
vn 0.7459 0.6553 -0.1194
vn -0.3543 -0.9344 0.0378
vn -0.0584 -0.9983 0.0012
vn 0.9613 0.2423 -0.1308
vn -0.6081 0.7859 0.1118
vn 0.9819 0.1517 -0.1132
vn -0.5682 0.8219 0.0398
vn 0.7668 0.0126 -0.6418
vn -0.3162 0.0076 0.9487
vn 0.9719 -0.0122 0.2353
vn 0.9849 -0.0126 0.1724
vn -0.7481 -0.0076 -0.6635
vn 0.7240 0.0122 -0.6897
vn 0.7607 0.0104 -0.6491
vn -0.3581 0.0065 0.9337
vn 0.9842 -0.0109 0.1767
vn 0.9927 -0.0111 0.1203
vn -0.7570 -0.0071 -0.6534
vn 0.7251 0.0101 -0.6886
vn -0.6823 0.0090 0.7311
vn -0.2588 0.0218 -0.9657
vn -0.9564 -0.0090 -0.2920
vn 0.2587 -0.0218 0.9657
vn 0.9564 0.0090 0.2920
vn 0.6823 -0.0090 -0.7311
vn -0.6827 0.0095 0.7306
vn -0.2588 0.0229 -0.9657
vn -0.9566 -0.0095 -0.2913
vn 0.2588 -0.0229 0.9657
vn 0.9566 0.0095 0.2913
vn 0.6827 -0.0095 -0.7306
vn -0.1789 0.9833 0.0335
vn -0.3321 0.7183 -0.6114
vn 0.0086 0.7160 0.6980
vn 0.1926 0.2738 0.9423
vn 0.2612 -0.0118 0.9652
vn -0.2445 0.0020 -0.9697
vn 0.4848 -0.4900 -0.7245
vn 0.6858 -0.6487 -0.3301
vn -0.2789 -0.0140 -0.9602
vn 0.4910 -0.2039 0.8469
vn 0.7879 -0.4743 0.3928
vn 0.2075 0.0420 0.9773
vn 0.2461 -0.0078 0.9692
vn 0.7486 -0.6611 -0.0499
vn 0.7555 -0.5113 0.4095
vn 0.4511 -0.5023 -0.7377
vn 0.0056 -0.2195 -0.9756
vn -0.2848 0.0231 -0.9583
vn -0.4433 0.2067 -0.8722
vn -0.7355 0.6680 -0.1132
vn -0.6644 0.5506 -0.5055
vn -0.2472 -0.0122 -0.9689
vn -0.3301 0.5451 0.7707
vn 0.2510 -0.0115 0.9679
vn -0.2313 0.6080 0.7595
vn -0.6066 0.7934 0.0511
vn 0.2475 -0.0114 0.9688
vn -0.5710 0.6131 -0.5459
vn -0.4136 0.2409 -0.8780
vn -0.2482 -0.0153 -0.9686
vn -0.1224 0.7503 0.6497
vn -0.0730 0.7419 0.6665
vn -0.4213 0.7585 -0.4972
vn 0.1336 0.3277 0.9353
vn 0.2737 -0.0456 0.9607
vn -0.2407 -0.0019 -0.9706
vn -0.3662 0.7246 -0.5838
vn -0.3069 0.9448 0.1145
vn -0.0084 0.7246 0.6891
vn 0.1518 0.3140 0.9372
vn 0.2702 -0.0394 0.9620
vn -0.2779 -0.0138 -0.9605
vn -0.2171 -0.3278 0.9195
vn -0.4565 -0.1806 -0.8712
vn 0.5859 0.2633 0.7664
vn -0.0864 -0.2410 0.9667
vn 0.5802 0.2602 0.7718
vn 0.5511 0.2326 0.8014
vn 0.7632 0.0100 -0.6460
vn -0.3197 0.0061 0.9475
vn 0.9753 -0.0097 0.2205
vn 0.9853 -0.0100 0.1704
vn -0.7530 -0.0061 -0.6580
vn 0.7294 0.0097 -0.6840
vn 0.9503 0.2764 0.1431
vn -0.4836 -0.8719 -0.0776
vn -0.5799 0.8066 -0.1142
vn 0.9823 0.1277 0.1367
vn -0.7458 0.6624 -0.0711
vn 0.0313 -0.9995 -0.0091
vn 0.9914 -0.0000 0.1308
vn 0.8922 -0.3966 -0.2160
vn 0.9454 0.3000 -0.1277
vn 0.9637 -0.0000 -0.2669
vn 0.9165 -0.0000 -0.4000
vn 0.7778 -0.0000 0.6285
vn 0.8365 -0.0000 0.5480
vn 0.9598 -0.0150 -0.2804
vn -0.0140 -0.0000 -0.9999
vn 0.9058 0.0962 -0.4128
vn -0.0140 -0.0000 0.9999
vn 0.2072 -0.7289 0.6525
vn 0.4675 0.5417 0.6986
vn -0.8337 0.5085 0.2154
vn 0.2330 -0.7218 -0.6517
vn 0.4634 0.5371 -0.7048
vn 0.4628 0.5369 0.7053
vn 0.1716 -0.7372 0.6535
vn 0.1719 -0.7366 -0.6541
vn 0.4604 0.5385 -0.7057
vn 0.0088 -0.5205 0.8538
vn 0.0209 0.9998 0.0005
vn 0.4633 0.5368 0.7052
vn 0.0095 -0.5210 -0.8535
vn 0.1718 -0.7366 -0.6541
vn 0.4809 0.5267 -0.7010
vn 0.3115 -0.6968 0.6461
vn 0.5879 -0.8052 0.0775
vn -0.9852 -0.1331 -0.1083
vn -0.8591 0.1052 0.5010
vn 0.4846 0.8708 0.0827
vn 0.3737 0.6241 0.6861
vn -0.5371 0.3601 -0.7628
vn -0.5377 0.3598 -0.7625
vn 0.7518 -0.2603 0.6058
vn 0.1412 -0.4722 -0.8701
vn 0.1423 -0.4722 -0.8699
vn -0.7246 -0.2892 -0.6255
vn 0.9833 -0.1284 -0.1288
vn -0.6281 0.3237 -0.7076
vn 0.3457 0.5200 -0.7811
vn 0.0845 0.5556 -0.8272
vn 0.7344 -0.3133 0.6021
vn 0.6818 -0.3552 0.6395
vn -0.9693 -0.1940 0.1509
vn -0.9071 -0.2802 0.3141
vn -0.0775 0.5548 0.8284
vn 0.6509 0.3815 0.6564
vn 0.3660 -0.5355 -0.7611
vn 0.9088 -0.2862 -0.3034
vn -0.9532 0.2011 0.2257
vn -0.7333 -0.3049 -0.6078
vn -0.2574 0.2948 0.9202
vn 0.8259 0.1512 0.5431
vn -0.8872 0.1663 0.4304
vn 0.9377 -0.1522 -0.3124
vn -0.0106 -0.2950 -0.9555
vn -0.7454 -0.1661 -0.6456
vn 0.9256 0.1418 -0.3508
vn 0.8860 0.1724 -0.4304
vn 0.0037 -0.2945 0.9556
vn -0.2606 -0.3074 0.9152
vn -0.7215 0.1819 -0.6681
vn -0.8256 0.1458 -0.5452
vn 0.4746 0.8789 0.0470
vn 0.9914 0.0017 0.1305
vn 0.9914 -0.0017 0.1305
vn 0.4706 -0.8789 0.0774
vn -0.7650 0.2295 -0.6018
vn 0.1143 0.4612 -0.8799
vn 0.8948 0.2293 -0.3830
vn -0.8939 -0.2301 0.3848
vn 0.7646 -0.2295 0.6022
vn 0.1166 -0.4609 -0.8798
vn -0.7650 -0.2293 -0.6018
vn 0.8941 -0.2299 -0.3844
vn -0.8946 0.2295 0.3834
vn 0.7647 0.2296 0.6021
vn -0.3867 0.5530 0.7380
vn -0.8572 -0.2299 -0.4609
vn -0.9245 0.2640 0.2749
vn -0.8033 -0.2805 -0.5254
vn -0.9408 0.2393 0.2399
vn 0.8968 -0.3178 -0.3079
vn -0.1062 -0.5811 0.8069
vn -0.1081 -0.5811 0.8066
vn 0.9101 -0.1885 0.3690
vn -0.9773 -0.1691 0.1273
vn 0.4480 0.8649 -0.2264
vn -0.3967 0.8490 -0.3490
vn -0.3328 0.8771 -0.3463
vn 0.4953 0.8431 -0.2093
vn 0.8204 -0.4709 0.3244
vn -0.6373 -0.7605 0.1248
vn -0.8864 -0.4085 -0.2178
vn -0.8463 -0.4766 -0.2377
vn -0.9027 0.4210 0.0889
vn -0.8799 0.4635 0.1041
vn 0.7839 -0.6062 -0.1343
vn 0.0184 0.9470 0.3207
vn 0.8981 0.4249 0.1136
vn 0.4358 -0.8975 0.0673
vn -0.3899 -0.9188 -0.0613
vn 0.3937 -0.9172 0.0621
vn -0.7123 0.6965 -0.0862
vn -0.4400 -0.8955 -0.0678
vn 0.5344 0.8415 0.0800
vn 0.5344 -0.8415 0.0800
vn -0.5347 -0.8414 -0.0789
vn 0.5366 -0.8415 0.0633
vn -0.5365 -0.8415 -0.0632
vn -0.5366 0.8415 -0.0633
vn 0.9935 -0.0000 0.1135
vn 0.5342 0.8418 0.0772
vn 0.5342 -0.8418 0.0772
vn -0.5348 0.8414 -0.0772
vn -0.9935 -0.0000 -0.1134
vn -0.5348 -0.8414 -0.0772
vn 0.7302 -0.6762 0.0978
vn -0.1392 -0.9895 0.0385
vn -0.9620 -0.2446 -0.1218
vn 0.0273 0.9995 -0.0159
vn 0.9884 -0.0968 0.1173
vn 0.5103 0.8558 0.0855
vn -0.4955 -0.8652 -0.0773
vn 0.0412 -0.9991 -0.0096
vn 0.9876 0.0464 0.1501
vn -0.7387 0.6693 -0.0800
vn 0.9226 0.3589 0.1415
vn -0.5247 0.8454 -0.1001
vn -0.4411 -0.8948 -0.0697
vn 0.0068 -0.9999 -0.0111
vn 0.9781 0.1610 0.1320
vn -0.7041 0.7073 -0.0638
vn 0.9585 0.2466 0.1433
vn -0.5697 0.8143 -0.1111
vn -0.7950 -0.5978 -0.1027
vn 0.8748 -0.4714 0.1119
vn -0.0146 -0.9999 0.0052
vn -0.9512 0.2743 -0.1414
vn -0.4319 0.9014 -0.0288
vn 0.7514 0.6553 0.0777
vn -0.3520 -0.9344 -0.0552
vn -0.0567 -0.9983 -0.0140
vn 0.9624 0.2423 0.1225
vn -0.6163 0.7859 -0.0495
vn 0.9778 0.1517 0.1448
vn -0.5591 0.8219 -0.1086
vn 0.9068 0.0126 -0.4214
vn -0.5509 0.0076 0.8345
vn 0.8778 -0.0122 0.4788
vn 0.9068 -0.0126 0.4214
vn -0.5509 -0.0076 -0.8345
vn 0.8778 0.0122 -0.4788
vn 0.9027 0.0104 -0.4301
vn -0.5875 0.0065 0.8092
vn 0.9049 -0.0109 0.4254
vn 0.9277 -0.0111 0.3731
vn -0.5621 -0.0071 -0.8270
vn 0.8786 0.0101 -0.4774
vn 0.9067 0.0100 -0.4216
vn -0.5573 0.0061 0.8303
vn 0.8841 -0.0097 0.4671
vn 0.9067 -0.0100 0.4216
vn -0.5573 -0.0061 -0.8303
vn 0.8841 0.0097 -0.4671
vn -0.8486 0.0095 0.5290
vn -0.0000 0.0229 -0.9997
vn -0.8486 -0.0095 -0.5290
vn -0.0000 -0.0229 0.9997
vn 0.8486 0.0095 0.5290
vn 0.8486 -0.0095 -0.5290
vn -0.1815 0.9833 -0.0140
vn -0.1625 0.7182 -0.6766
vn -0.1724 0.7161 0.6764
vn -0.0579 0.2739 0.9600
vn 0.0024 -0.0116 0.9999
vn 0.0149 0.0018 -0.9999
vn 0.6557 -0.4899 -0.5744
vn 0.7478 -0.6487 -0.1414
vn -0.0212 -0.0138 -0.9997
vn 0.2551 -0.2040 0.9451
vn 0.6594 -0.4744 0.5832
vn -0.0523 0.0418 0.9978
vn -0.0130 -0.0080 0.9999
vn 0.7360 -0.6611 0.1455
vn 0.6238 -0.5114 0.5911
vn 0.6266 -0.5023 -0.5959
vn 0.2579 -0.2194 -0.9409
vn -0.0273 0.0232 -0.9994
vn -0.2024 0.2067 -0.9572
vn -0.6812 0.6680 -0.2996
vn -0.5109 0.5505 -0.6602
vn 0.0120 -0.0123 -0.9999
vn -0.5183 0.5451 0.6590
vn -0.0081 -0.0115 0.9999
vn -0.4200 0.6079 0.6738
vn -0.5992 0.7934 -0.1076
vn -0.0115 -0.0116 0.9999
vn -0.4103 0.6131 -0.6751
vn -0.1723 0.2410 -0.9551
vn 0.0108 -0.0150 -0.9998
vn -0.2863 0.7501 0.5962
vn -0.2431 0.7422 0.6246
vn -0.2783 0.7587 -0.5890
vn -0.1129 0.3276 0.9381
vn 0.0160 -0.0464 0.9988
vn 0.0184 -0.0011 -0.9998
vn -0.2026 0.7248 -0.6585
vn -0.3260 0.9449 0.0311
vn -0.1864 0.7244 0.6637
vn -0.0959 0.3138 0.9446
vn 0.0122 -0.0399 0.9991
vn -0.0200 -0.0132 -0.9997
vn -0.4477 -0.3278 0.8319
vn -0.2158 -0.1808 -0.9596
vn 0.3676 0.2633 0.8919
vn -0.3336 -0.2410 0.9114
vn 0.3607 0.2602 0.8956
vn 0.3253 0.2329 0.9165
vn 0.9044 0.0100 -0.4265
vn -0.5544 0.0061 0.8323
vn 0.8851 -0.0097 0.4654
vn 0.9076 -0.0100 0.4196
vn -0.5571 -0.0061 -0.8304
vn 0.8816 0.0097 -0.4720
vn -0.6243 -0.7134 0.3182
vn -0.6357 0.6572 0.4049
vn -0.4667 0.1036 -0.8783
vn -0.6479 0.5772 0.4971
vn -0.5752 -0.7387 0.3514
vn -0.5207 -0.7133 0.4691
vn -0.5092 0.6572 0.5556
vn -0.6781 0.1036 -0.7276
vn -0.4971 0.5772 0.6479
vn -0.4646 -0.7387 0.4883
vn -0.3815 -0.7133 0.5879
vn -0.3481 0.6572 0.6685
vn -0.8433 0.1036 -0.5273
vn -0.3125 0.5772 0.7544
vn -0.3224 -0.7387 0.5919
vn -0.2164 -0.7134 0.6665
vn -0.1632 0.6572 0.7358
vn -0.9511 0.1035 -0.2911
vn -0.1066 0.5772 0.8096
vn -0.1582 -0.7387 0.6552
vn -0.0365 -0.7134 0.6998
vn 0.0328 0.6572 0.7530
vn -0.9940 0.1035 -0.0350
vn 0.1065 0.5773 0.8096
vn 0.0009 -0.7337 0.6795
vn 0.1458 -0.7134 0.6854
vn 0.2265 0.6572 0.7189
vn -0.9692 0.1035 0.2234
vn 0.3125 0.5771 0.7545
vn 0.1767 -0.7337 0.6561
vn -0.6854 -0.7134 0.1458
vn -0.7189 0.6572 0.2265
vn -0.2234 0.1035 -0.9692
vn -0.7545 0.5771 0.3125
vn -0.6561 -0.7337 0.1767
vn -0.6999 -0.7133 -0.0364
vn -0.7530 0.6572 0.0328
vn 0.0350 0.1035 -0.9940
vn -0.8096 0.5773 0.1066
vn -0.6738 -0.7387 0.0167
vn -0.6665 -0.7134 -0.2165
vn -0.7358 0.6572 -0.1633
vn 0.2911 0.1035 -0.9511
vn -0.8096 0.5773 -0.1065
vn -0.6566 -0.7337 -0.1750
vn -0.5879 -0.7133 -0.3815
vn -0.6685 0.6572 -0.3481
vn 0.5273 0.1036 -0.8433
vn -0.7545 0.5771 -0.3125
vn -0.5919 -0.7387 -0.3224
vn -0.4691 -0.7133 -0.5207
vn -0.5556 0.6572 -0.5092
vn 0.7276 0.1036 -0.6781
vn -0.6479 0.5772 -0.4972
vn -0.4883 -0.7387 -0.4646
vn -0.3182 -0.7134 -0.6244
vn -0.4049 0.6572 -0.6358
vn 0.8783 0.1036 -0.4667
vn -0.4972 0.5772 -0.6479
vn -0.3405 -0.7337 -0.5880
vn 0.6244 -0.7134 -0.3182
vn 0.6357 0.6572 -0.4049
vn 0.4667 0.1036 0.8784
vn 0.6479 0.5772 -0.4972
vn 0.5752 -0.7387 -0.3514
vn 0.5207 -0.7133 -0.4691
vn 0.5092 0.6572 -0.5556
vn 0.6781 0.1036 0.7276
vn 0.4970 0.5772 -0.6479
vn 0.4646 -0.7387 -0.4883
vn 0.3815 -0.7133 -0.5879
vn 0.3481 0.6572 -0.6685
vn 0.8433 0.1036 0.5273
vn 0.3125 0.5771 -0.7545
vn 0.3224 -0.7387 -0.5919
vn 0.2164 -0.7134 -0.6665
vn 0.1632 0.6572 -0.7358
vn 0.9511 0.1035 0.2911
vn 0.1066 0.5773 -0.8096
vn 0.1582 -0.7387 -0.6552
vn 0.0365 -0.7134 -0.6998
vn -0.0328 0.6572 -0.7530
vn 0.9940 0.1035 0.0350
vn -0.1066 0.5773 -0.8096
vn -0.0167 -0.7387 -0.6738
vn -0.1459 -0.7133 -0.6855
vn -0.2265 0.6572 -0.7189
vn 0.9692 0.1035 -0.2234
vn -0.3125 0.5772 -0.7545
vn -0.1905 -0.7387 -0.6465
vn 0.6855 -0.7133 -0.1459
vn 0.7189 0.6572 -0.2265
vn 0.2234 0.1035 0.9692
vn 0.7545 0.5771 -0.3125
vn 0.6561 -0.7337 -0.1767
vn 0.6998 -0.7134 0.0365
vn 0.7530 0.6572 -0.0328
vn -0.0350 0.1035 0.9940
vn 0.8096 0.5773 -0.1065
vn 0.6738 -0.7387 -0.0167
vn 0.6665 -0.7134 0.2164
vn 0.7358 0.6572 0.1632
vn -0.2911 0.1035 0.9511
vn 0.8096 0.5773 0.1066
vn 0.6552 -0.7387 0.1582
vn 0.5878 -0.7134 0.3816
vn 0.6685 0.6572 0.3481
vn -0.5273 0.1035 0.8433
vn 0.7545 0.5771 0.3125
vn 0.5889 -0.7337 0.3390
vn 0.4691 -0.7133 0.5206
vn 0.5556 0.6572 0.5092
vn -0.7276 0.1036 0.6781
vn 0.6479 0.5772 0.4971
vn 0.4811 -0.7337 0.4798
vn 0.3182 -0.7134 0.6244
vn 0.4049 0.6572 0.6358
vn -0.8783 0.1036 0.4667
vn 0.4971 0.5772 0.6479
vn 0.3405 -0.7337 0.5880
vn -0.0734 -0.9916 -0.1066
vn -0.1753 -0.9821 0.0684
vn -0.1312 -0.9860 -0.1030
vn 0.0744 -0.9948 -0.0693
vn -0.0343 -0.9915 -0.1256
vn 0.1777 -0.9840 -0.0156
vn 0.1267 -0.9838 0.1271
vn 0.0765 -0.9944 0.0732
vn 0.1725 -0.9840 0.0438
vn -0.0512 -0.9919 0.1163
vn 0.1310 0.9884 0.0773
vn 0.1656 0.9830 -0.0792
vn 0.0008 0.9881 -0.1541
vn 0.0810 0.9818 -0.1720
vn -0.0508 0.9885 -0.1426
vn -0.1285 0.9879 -0.0872
vn -0.0562 0.9979 -0.0319
vn -0.0933 0.9934 0.0667
vn 0.0275 0.9816 0.1887
vn 0.1382 0.9734 0.1826
vn 0.2098 0.9716 0.1091
vn -0.1339 0.9883 0.0728
vn 0.4644 -0.8843 -0.0472
vn 0.4586 -0.8843 -0.0875
vn 0.4492 -0.8843 -0.1271
vn 0.4364 -0.8843 -0.1658
vn 0.4203 -0.8843 -0.2032
vn 0.4010 -0.8843 -0.2390
vn 0.3786 -0.8843 -0.2731
vn 0.3534 -0.8843 -0.3050
vn 0.3255 -0.8843 -0.3347
vn 0.2951 -0.8843 -0.3618
vn 0.2624 -0.8843 -0.3861
vn 0.2278 -0.8843 -0.4075
vn 0.1914 -0.8843 -0.4258
vn 0.1535 -0.8843 -0.4409
vn 0.1145 -0.8843 -0.4526
vn 0.0747 -0.8843 -0.4608
vn 0.0342 -0.8843 -0.4656
vn -0.0065 -0.8843 -0.4668
vn -0.0472 -0.8843 -0.4645
vn -0.0875 -0.8843 -0.4586
vn -0.1271 -0.8843 -0.4492
vn -0.1658 -0.8843 -0.4364
vn -0.2032 -0.8843 -0.4203
vn -0.2390 -0.8843 -0.4010
vn -0.2731 -0.8843 -0.3786
vn -0.3050 -0.8843 -0.3534
vn -0.3347 -0.8843 -0.3255
vn -0.3618 -0.8843 -0.2951
vn -0.3861 -0.8843 -0.2624
vn -0.4075 -0.8843 -0.2278
vn -0.4341 -0.8884 -0.1495
vn -0.4510 -0.8814 -0.1406
vn -0.4526 -0.8843 -0.1145
vn -0.4608 -0.8843 -0.0747
vn -0.4656 -0.8843 -0.0342
vn -0.4668 -0.8843 0.0065
vn 0.0472 -0.8843 0.4645
vn 0.0875 -0.8843 0.4586
vn 0.1271 -0.8843 0.4492
vn 0.1658 -0.8843 0.4364
vn 0.2032 -0.8843 0.4203
vn 0.2390 -0.8843 0.4010
vn 0.2731 -0.8843 0.3786
vn 0.3050 -0.8843 0.3534
vn 0.3347 -0.8843 0.3255
vn 0.3618 -0.8843 0.2951
vn 0.3861 -0.8843 0.2624
vn 0.4075 -0.8843 0.2278
vn 0.4258 -0.8843 0.1914
vn 0.4409 -0.8843 0.1535
vn 0.4526 -0.8843 0.1145
vn 0.4608 -0.8843 0.0747
vn 0.4656 -0.8843 0.0342
vn 0.4668 -0.8843 -0.0065
vn -0.4644 -0.8843 0.0472
vn -0.4586 -0.8843 0.0875
vn -0.4492 -0.8843 0.1271
vn -0.4364 -0.8843 0.1658
vn -0.4203 -0.8843 0.2032
vn -0.4010 -0.8843 0.2390
vn -0.3786 -0.8843 0.2731
vn -0.3534 -0.8843 0.3050
vn -0.3255 -0.8843 0.3347
vn -0.2951 -0.8843 0.3618
vn -0.2624 -0.8843 0.3861
vn -0.2278 -0.8843 0.4075
vn -0.1914 -0.8843 0.4258
vn -0.1535 -0.8843 0.4409
vn -0.1145 -0.8843 0.4526
vn -0.0747 -0.8843 0.4608
vn -0.0342 -0.8843 0.4656
vn 0.0065 -0.8843 0.4668
vn -0.4645 0.8843 0.0472
vn -0.4586 0.8843 0.0875
vn -0.4492 0.8843 0.1271
vn -0.4364 0.8843 0.1658
vn -0.4203 0.8843 0.2032
vn -0.4010 0.8843 0.2390
vn -0.3786 0.8843 0.2731
vn -0.3534 0.8843 0.3050
vn -0.3255 0.8843 0.3347
vn -0.2951 0.8843 0.3618
vn -0.2624 0.8843 0.3861
vn -0.2278 0.8843 0.4075
vn -0.1914 0.8843 0.4258
vn -0.1535 0.8843 0.4409
vn -0.1145 0.8843 0.4526
vn -0.0747 0.8843 0.4608
vn -0.0342 0.8843 0.4656
vn 0.0065 0.8843 0.4668
vn 0.0472 0.8843 0.4645
vn 0.0875 0.8843 0.4586
vn 0.1271 0.8843 0.4492
vn 0.1658 0.8843 0.4364
vn 0.2032 0.8843 0.4203
vn 0.2390 0.8843 0.4010
vn 0.2731 0.8843 0.3786
vn 0.3050 0.8843 0.3534
vn 0.3347 0.8843 0.3255
vn 0.3618 0.8843 0.2951
vn 0.3861 0.8843 0.2624
vn 0.4075 0.8843 0.2278
vn 0.4258 0.8843 0.1914
vn 0.4409 0.8843 0.1535
vn 0.4526 0.8843 0.1145
vn 0.4608 0.8843 0.0747
vn 0.4656 0.8843 0.0342
vn 0.4668 0.8843 -0.0065
vn -0.0472 0.8843 -0.4645
vn -0.0875 0.8843 -0.4586
vn -0.1271 0.8843 -0.4492
vn -0.1658 0.8843 -0.4364
vn -0.2032 0.8843 -0.4203
vn -0.2390 0.8843 -0.4010
vn -0.2731 0.8843 -0.3787
vn -0.3050 0.8843 -0.3534
vn -0.3347 0.8843 -0.3255
vn -0.3618 0.8843 -0.2951
vn -0.3861 0.8843 -0.2624
vn -0.4075 0.8843 -0.2278
vn -0.4258 0.8843 -0.1914
vn -0.4409 0.8843 -0.1535
vn -0.4526 0.8843 -0.1145
vn -0.4608 0.8843 -0.0747
vn -0.4656 0.8843 -0.0342
vn -0.4668 0.8843 0.0065
vn 0.4644 0.8843 -0.0472
vn 0.4586 0.8843 -0.0875
vn 0.4492 0.8843 -0.1271
vn 0.4364 0.8843 -0.1658
vn 0.4203 0.8843 -0.2032
vn 0.4010 0.8843 -0.2390
vn 0.3786 0.8843 -0.2731
vn 0.3534 0.8843 -0.3050
vn 0.3255 0.8843 -0.3347
vn 0.2951 0.8843 -0.3618
vn 0.2624 0.8843 -0.3861
vn 0.2278 0.8843 -0.4075
vn 0.1914 0.8843 -0.4258
vn 0.1535 0.8843 -0.4409
vn 0.1145 0.8843 -0.4526
vn 0.0747 0.8843 -0.4608
vn 0.0342 0.8843 -0.4656
vn -0.0065 0.8843 -0.4668
vn -0.0124 0.9975 -0.0695
vn -0.8491 -0.2111 -0.4842
vn -0.4286 -0.8106 0.3990
vn -0.9905 0.0141 -0.1367
vn 0.6615 -0.1116 -0.7416
vn 0.5847 -0.0000 -0.8112
vn 0.4753 0.0129 0.8797
vn 0.4782 -0.1106 0.8713
vn 0.9905 -0.0141 -0.1367
vn 0.1532 0.2205 -0.9633
vn 0.0464 0.6232 0.7807
vn -0.5847 -0.0000 -0.8112
vn -0.3149 -0.0024 -0.9491
vn -0.4753 -0.0129 0.8797
vn -0.4781 0.1106 0.8713
vn 0.9905 0.0141 -0.1367
vn 0.1221 0.5092 0.8519
vn 0.0156 0.8909 -0.4540
vn -0.7602 0.2364 -0.6052
vn -0.0525 0.1626 0.9853
vn -0.4753 0.0129 0.8797
vn -0.9905 -0.0141 -0.1367
vn -0.6757 0.1840 0.7138
vn -0.9643 -0.2536 -0.0762
vn -0.4095 -0.3313 -0.8501
vn 0.0525 -0.1626 0.9853
vn 0.4753 -0.0129 0.8797
vn 0.4781 -0.1106 0.8713
vn -0.4275 -0.8118 0.3978
vn 0.1210 0.5098 0.8517
vn 0.6625 -0.1143 -0.7403
vn -0.7622 0.2313 -0.6046
vn -0.7279 0.3564 -0.5857
vn 0.3086 -0.8845 -0.3499
vn -0.4079 -0.3261 -0.8528
vn -0.4043 0.8869 -0.2235
vn -0.7279 0.3564 -0.5858
vn -0.7622 0.2312 -0.6047
vn -0.0747 0.9120 -0.4034
vn -0.9655 -0.2381 -0.1053
vn -0.6757 0.1841 0.7138
vn 0.1209 0.5098 0.8517
vn 0.0473 0.6228 0.7810
vn -0.3161 -0.0000 -0.9487
vn 0.2626 0.4459 -0.8557
vn -0.3162 -0.0000 -0.9487
vn 0.6625 -0.1142 -0.7403
vn -0.8538 -0.2106 -0.4761
vn 0.1706 0.2220 -0.9600
vn -0.4257 -0.8134 0.3963
vn -0.7279 0.3563 -0.5858
vn -0.0747 0.9120 -0.4033
vn -0.7279 0.3565 -0.5858
vn -0.6758 0.1840 0.7138
vn -0.4043 0.8869 -0.2234
vn -0.4043 0.8869 -0.2236
vn -0.9655 -0.2380 -0.1053
vn 0.1210 0.5099 0.8517
vn -0.7280 0.3564 -0.5857
vn 0.0473 0.6227 0.7810
vn 0.2627 0.4458 -0.8557
vn -0.0001 1.0000 0.0060
vn -0.0001 1.0000 -0.0060
vn -0.3824 0.9240 -0.0000
vn 0.9242 -0.3818 -0.0000
vn -0.9243 -0.3817 -0.0000
vn 0.3824 0.9240 -0.0000
vn 0.8799 -0.3425 0.3295
vn -0.9802 -0.1963 0.0253
vn 0.9585 -0.1183 0.2594
vn -0.8965 -0.4178 -0.1471
vn -0.3638 -0.9110 0.1941
vn 0.8203 0.5634 -0.0986
vn -0.5890 0.6819 0.4337
vn 0.1064 -0.7217 0.6839
vn 0.2820 0.9242 0.2575
vn -0.6691 -0.0346 0.7424
vn 0.5622 -0.3767 0.7362
vn 0.2039 -0.7579 0.6197
vn 0.9184 0.2524 0.3047
vn 0.2802 0.9251 0.2562
vn -0.6692 -0.0345 0.7423
vn -0.7378 -0.6582 0.1499
vn -0.6223 -0.7812 0.0491
vn -0.7049 0.7052 -0.0771
vn -0.7839 0.5631 -0.2616
vn 0.5967 -0.7803 0.1872
vn 0.7986 0.3949 0.4543
vn 0.9175 0.3815 0.1127
vn 0.9130 -0.3321 0.2370
vn -0.1066 -0.7218 0.6839
vn -0.5621 -0.3767 0.7363
vn 0.6691 -0.0345 0.7424
vn -0.2821 0.9242 0.2576
vn -0.9183 0.2530 0.3044
vn -0.2042 -0.7579 0.6196
vn -0.2803 0.9251 0.2562
vn 0.5172 0.0398 0.8550
vn -0.0000 -0.9822 -0.1879
vn -0.0420 -0.6289 0.7764
vn 0.2403 -0.9701 -0.0329
vn -0.4273 -0.6684 -0.6087
vn 0.8158 0.5331 -0.2242
vn 0.0613 -0.7118 -0.6997
vn -0.0435 -0.5673 -0.8224
vn -0.0000 0.3476 -0.9376
vn -0.8905 -0.3204 0.3231
vn -0.7399 0.2695 0.6164
vn 0.7399 0.2709 0.6158
vn 0.1660 0.2077 0.9640
vn 0.2972 -0.9548 0.0034
vn -0.2475 -0.7699 -0.5882
vn -0.4923 -0.2032 -0.8464
vn 0.1064 -0.7216 0.6840
vn -0.1065 -0.7217 0.6840
vn -0.6691 -0.0345 0.7424
vn -0.2820 0.9242 0.2575
vn -0.2774 0.9251 0.2593
vn -0.7399 0.2709 0.6158
vn 0.1064 -0.7217 0.6840
vn 0.1063 -0.7217 0.6840
vn 0.5622 -0.3766 0.7363
vn -0.6692 -0.0346 0.7423
vn -0.0000 0.1835 0.9830
vn -0.9995 -0.0288 0.0150
vn 0.9995 -0.0288 0.0151
vn -0.6725 -0.1512 0.7245
vn 0.6749 -0.1577 0.7208
vn -0.3515 -0.8798 0.3200
vn -0.7137 0.4095 0.5682
vn 0.8442 -0.5151 0.1486
vn -0.2769 -0.2890 0.9164
vn -0.1281 0.1035 0.9863
vn 0.9160 -0.1994 0.3482
vn 0.1122 0.9425 0.3147
vn 0.4844 0.7753 -0.4052
vn 0.7868 -0.0998 -0.6090
vn -0.2431 0.2571 0.9353
vn -0.8457 -0.0608 0.5302
vn -0.2435 0.2574 0.9351
vn -0.8381 -0.0268 0.5448
vn 0.7797 -0.2033 -0.5922
vn 0.1124 0.9425 0.3147
vn -0.3408 0.9382 0.0609
vn 0.7258 0.6796 -0.1067
vn 0.4043 0.1507 0.9021
vn 0.2632 0.9392 -0.2206
vn -0.9368 0.0944 -0.3368
vn -0.5757 0.6604 0.4822
vn -0.2774 -0.2891 0.9162
vn 0.8437 -0.5158 0.1484
vn 0.2582 0.2250 -0.9395
vn 0.4845 0.7757 -0.4044
vn 0.1151 0.9425 0.3138
vn -0.9419 -0.2164 0.2570
vn 0.5904 -0.7838 -0.1926
vn -0.2436 0.2573 0.9351
vn 0.4686 0.2239 -0.8546
vn 0.1152 0.9425 0.3137
vn -0.7040 0.6438 -0.2998
vn -0.2437 0.2564 0.9354
vn -0.4512 -0.4808 0.7519
vn 0.5346 -0.2236 0.8150
vn 0.8766 -0.4632 0.1305
vn 0.2899 -0.2228 0.9308
vn 0.8436 -0.5186 0.1393
vn -0.2768 -0.2894 0.9163
vn 0.4077 -0.6695 0.6210
vn 0.1157 0.9426 0.3132
vn 0.4861 0.7726 -0.4084
vn 0.3795 0.4936 -0.7825
vn -0.9621 0.1977 0.1877
vn -0.2431 0.2572 0.9353
vn -0.0180 -0.6356 0.7718
vn -0.2432 0.2571 0.9353
vn 0.1578 0.9199 0.3590
vn 0.1157 0.9426 0.3134
vn -0.4517 -0.4798 0.7522
vn -0.4255 -0.1199 0.8970
vn -0.4206 0.2430 -0.8741
vn -0.6534 0.6319 0.4169
vn 0.2055 0.9691 -0.1365
vn 0.5346 -0.2239 0.8149
vn 0.9763 -0.1487 0.1569
vn 0.7262 0.6793 -0.1059
vn 0.3023 0.1946 -0.9331
vn 0.4342 -0.2012 0.8781
vn 0.8882 -0.4304 0.1604
vn -0.2711 0.9600 0.0705
vn -0.9341 0.1298 -0.3324
vn 0.2892 -0.2221 0.9311
vn -0.2912 -0.7565 0.5856
vn -0.7213 -0.2583 0.6426
vn -0.6596 0.7084 -0.2512
vn -0.9774 -0.1824 0.1071
vn 0.5161 -0.6678 0.5364
vn -0.1406 0.9547 -0.2622
vn 0.4725 0.7769 -0.4161
vn 0.2820 -0.4601 0.8419
vn 0.4296 0.2370 -0.8714
vn 0.3445 0.2465 -0.9058
vn 0.1156 -0.4465 0.8873
vn -0.4919 -0.8485 0.1952
vn -0.2712 0.2553 0.9281
vn -0.2788 -0.2898 0.9156
vn 0.9397 -0.3005 0.1632
vn 0.8440 -0.5152 0.1490
vn 0.4319 0.8018 -0.4131
vn -0.7853 -0.1476 -0.6012
vn 0.8896 -0.3531 0.2898
vn 0.6910 -0.1907 -0.6972
vn 0.7285 0.6768 -0.1058
vn 0.8764 -0.4635 0.1306
vn -0.2511 -0.7195 0.6476
vn -0.4433 -0.4642 0.7668
vn -0.6067 0.6479 0.4607
vn -0.7555 -0.0067 -0.6552
vn 0.1708 -0.6316 0.7563
vn 0.5352 -0.2255 0.8141
vn 0.2879 -0.2249 0.9309
vn 0.2295 0.9424 0.2434
vn 0.0172 0.9441 0.3291
vn 0.4635 0.8059 -0.3684
vn -0.7572 -0.6474 0.0871
vn -0.5615 0.2457 0.7901
vn 0.1088 0.9428 0.3150
vn -0.7510 0.6577 0.0582
vn -0.9541 0.2860 0.0883
vn -0.0112 -0.3987 0.9170
vn 0.0042 -0.4013 0.9159
vn 0.4077 0.7805 -0.4738
vn 0.6146 0.2264 -0.7556
vn 0.4345 0.8985 -0.0617
vn -0.4529 -0.8103 0.3719
vn 0.3370 0.0975 -0.9365
vn 0.6688 -0.0533 0.7416
vn 0.8513 -0.5242 0.0240
vn -0.5411 0.4513 -0.7097
vn 0.1260 -0.6232 0.7719
vn 0.2152 -0.3591 0.9082
vn 0.4381 0.8968 -0.0614
vn -0.0176 -0.3979 0.9173
vn -0.1236 -0.3787 0.9172
vn 0.1922 -0.6752 -0.7121
vn -0.0031 -0.4040 0.9148
vn -0.6669 -0.1784 -0.7234
vn 0.3383 -0.6359 -0.6936
vn 0.2635 -0.2830 -0.9222
vn 0.3357 0.8266 -0.4517
vn -0.2619 -0.7349 -0.6256
vn -0.5397 0.4270 -0.7255
vn 0.7437 0.5528 -0.3760
vn 0.0172 -0.4033 0.9149
vn 0.7402 -0.2229 -0.6344
vn 0.1470 -0.6540 -0.7420
vn 0.9546 -0.0744 -0.2884
vn 0.4006 -0.6167 -0.6776
vn -0.9851 -0.1719 -0.0001
vn 0.1467 -0.6548 -0.7414
vn 0.1923 -0.6752 -0.7121
vn -0.1626 -0.9618 0.2201
vn 0.2983 -0.2062 -0.9319
vn -0.5001 -0.8267 0.2580
vn 0.2169 -0.2276 -0.9493
vn -0.2256 -0.7223 -0.6538
vn 0.3267 -0.1615 -0.9312
vn 0.4012 -0.5436 -0.7373
vn -0.9240 0.2720 -0.2689
vn 0.0824 -0.6866 -0.7223
vn 0.9915 -0.0074 -0.1298
vn -0.7478 0.6615 0.0573
vn -0.9722 -0.1387 0.1889
vn -0.0109 -0.3987 0.9170
vn 0.0040 -0.4012 0.9160
vn 0.9997 -0.0203 0.0146
vn 0.9758 -0.1956 -0.0977
vn 0.4344 0.8986 -0.0617
vn -0.2179 0.4179 -0.8820
vn -0.1865 -0.2697 0.9447
vn 0.1680 0.2783 0.9457
vn 0.3329 0.0755 -0.9400
vn 0.8041 0.1129 0.5837
vn -0.8282 0.2729 -0.4894
vn 0.1783 -0.4908 0.8528
vn 0.2035 -0.3653 0.9084
vn 0.3308 -0.4005 0.8545
vn 0.4381 0.8968 -0.0615
vn 0.1920 -0.6753 -0.7121
vn -0.5169 -0.2597 0.8157
vn -0.3707 0.6164 -0.6947
vn -0.9845 0.1643 -0.0608
vn -0.0446 -0.2853 -0.9574
vn 0.3080 0.8355 -0.4551
vn -0.4605 -0.7670 -0.4468
vn -0.4945 0.4328 -0.7538
vn 0.7481 0.5636 -0.3504
vn -0.3397 0.2095 0.9169
vn -0.5231 -0.2572 0.8125
vn 0.9850 -0.0843 0.1505
vn -0.4204 0.8987 0.1250
vn -0.7996 0.5180 -0.3037
vn -0.0817 -0.3873 0.9183
vn 0.3056 -0.4250 0.8520
vn 0.9573 0.2856 0.0446
vn -0.6827 0.6757 -0.2783
vn -0.6628 -0.1952 0.7229
vn -0.5791 -0.2330 0.7813
vn 0.2096 -0.4558 0.8650
vn -0.0016 0.4408 -0.8976
vn -0.2639 0.2745 -0.9247
vn -0.8563 -0.3651 0.3652
vn 0.0923 -0.0208 -0.9955
vn 0.3355 0.8268 -0.4515
vn -0.5242 -0.7151 -0.4624
vn -0.1947 -0.2919 0.9364
vn 0.1958 0.9776 -0.0771
vn -0.8008 -0.1872 0.5689
vn 0.1024 -0.4114 0.9057
vn 0.0174 -0.4034 0.9149
vn 0.8213 -0.5333 -0.2025
vn 0.9828 0.0519 0.1772
vn 0.1465 -0.6538 -0.7423
vn -0.9129 -0.4036 -0.0610
vn 0.6647 0.1547 -0.7309
vn 0.3290 -0.8035 0.4961
vn 0.5991 -0.3530 0.7186
vn 0.3307 -0.3025 -0.8939
vn 0.0415 0.3511 -0.9354
vn -0.9891 0.0780 -0.1250
vn 0.1469 -0.6548 -0.7414
vn -0.1235 -0.3784 0.9173
vn 0.1921 -0.6753 -0.7121
vn 0.3428 -0.9270 0.1525
vn 0.2979 -0.2062 -0.9321
vn -0.6814 -0.6863 -0.2542
vn 0.2167 -0.2275 -0.9494
vn 0.3268 -0.1617 -0.9312
vn 0.4498 -0.5155 -0.7293
vn -0.9240 0.2721 -0.2688
vn 0.0825 -0.6865 -0.7224
vn 0.5693 0.3392 -0.7489
vn 0.1453 -0.4191 0.8962
vn 0.4080 -0.9062 0.1107
vn 0.3091 0.1708 -0.9356
vn -0.3447 -0.0907 0.9343
vn 0.1922 -0.6753 -0.7120
vn -0.8730 0.4694 0.1321
vn -0.4354 -0.7720 0.4630
vn 0.3110 -0.3190 -0.8952
vn 0.6293 0.7610 0.1575
vn -0.8014 -0.5812 0.1414
vn -0.1509 0.4004 0.9039
vn -0.6119 -0.7173 -0.3332
vn 0.9079 0.2776 -0.3140
vn -0.0632 -0.2003 0.9777
vn 0.6127 -0.7112 -0.3446
vn 0.9150 0.3941 0.0857
vn 0.5570 0.7553 -0.3454
vn 0.7420 0.3900 -0.5453
vn -0.7074 0.6819 0.1859
vn -0.1967 -0.3618 0.9113
vn 0.9186 0.3640 0.1538
vn 0.2158 -0.3565 -0.9090
vn 0.5573 -0.8136 0.1658
vn -0.0930 0.9573 -0.2738
vn 0.4318 -0.7866 -0.4413
vn 0.4102 0.2775 -0.8688
vn 0.1270 -0.6236 0.7714
vn -0.8943 0.3443 -0.2857
vn 0.9037 -0.3840 0.1893
vn -0.4368 0.4592 -0.7735
vn -0.4366 -0.2037 0.8763
vn -0.1704 -0.9797 -0.1060
vn -0.4003 0.2707 0.8755
vn -0.3596 -0.2824 -0.8894
vn 0.5393 0.7498 -0.3834
vn -0.7292 -0.1782 0.6607
vn 0.9149 -0.3001 0.2700
vn 0.8985 -0.3143 0.3063
vn -0.6803 -0.2084 0.7027
vn 0.0253 0.4259 -0.9044
vn 0.0257 0.4259 -0.9044
vn 0.2350 -0.8323 0.5021
vn 0.2788 0.7151 -0.6411
vn 0.2084 0.8826 -0.4213
vn -0.1176 -0.9348 0.3353
vn -0.4495 0.1069 0.8869
vn -0.4092 -0.1490 -0.9002
vn -0.6902 0.7085 -0.1473
vn 0.9911 0.0317 0.1291
vn 0.2350 -0.8329 0.5011
vn 0.2776 0.7146 -0.6421
vn 0.4263 0.4073 0.8077
vn 0.0980 -0.7590 -0.6437
vn -0.4495 0.1069 0.8868
vn -0.4093 -0.1490 -0.9001
vn -0.6915 0.7070 -0.1480
vn 0.2348 -0.8330 0.5009
vn 0.2791 0.7143 -0.6418
vn 0.5743 0.4834 0.6607
vn -0.0077 -0.3548 0.9349
vn -0.4494 0.1069 0.8869
vn -0.4094 -0.1490 -0.9001
vn -0.6902 0.7082 -0.1483
vn 0.9911 0.0316 0.1290
vn 0.2345 -0.8334 0.5005
vn 0.2779 0.7146 -0.6420
vn -0.1175 0.8780 0.4641
vn -0.9798 -0.1780 -0.0917
vn 0.4098 0.1490 0.8999
vn 0.4498 -0.1068 -0.8867
vn -0.6910 0.7075 -0.1480
vn -0.9911 -0.0317 -0.1290
vn 0.8566 0.1033 -0.5055
vn 0.8309 0.1604 -0.5327
vn -0.5399 0.7924 -0.2840
vn 0.7284 -0.3472 -0.5906
vn -0.8322 0.0575 0.5515
vn 0.5503 -0.1109 -0.8276
vn -0.2078 -0.7816 0.5881
vn 0.9994 -0.0338 -0.0102
vn 0.2363 -0.8467 0.4767
vn 0.2438 0.2427 -0.9390
vn 0.2349 -0.8326 0.5016
vn 0.2788 0.7135 -0.6428
vn 0.2101 -0.2895 0.9338
vn -0.0765 0.4525 0.8885
vn 0.4092 0.1490 0.9002
vn 0.4496 -0.1069 -0.8868
vn -0.6906 0.7077 -0.1493
vn -0.9911 -0.0317 -0.1292
vn -0.8570 -0.1020 0.5051
vn 0.5450 -0.7903 0.2799
vn -0.8320 -0.1581 0.5317
vn -0.7406 -0.6447 0.1895
vn -0.8324 0.0575 0.5512
vn 0.5515 -0.1107 -0.8268
vn -0.7106 -0.3790 0.5928
vn -0.2361 0.8469 -0.4764
vn 0.8277 0.0383 0.5599
vn 0.2426 0.2420 -0.9395
vn -0.8441 0.5153 0.1486
vn 0.2771 0.2889 0.9164
vn 0.3133 0.1103 0.9432
vn -0.9159 0.1994 0.3483
vn 0.4268 0.1180 -0.8966
vn -0.7180 0.1674 -0.6756
vn 0.6505 -0.3900 -0.6518
vn 0.9971 0.0299 0.0698
vn -0.5085 -0.8067 -0.3011
vn -0.3407 0.9382 -0.0610
vn 0.7258 0.6796 0.1066
vn 0.2630 0.9392 0.2206
vn -0.5758 0.6602 -0.4822
vn 0.3863 0.2533 -0.8869
vn 0.2764 0.2894 0.9164
vn -0.8442 0.5150 0.1488
vn 0.8356 0.1198 -0.5361
vn -0.2582 -0.2250 -0.9395
vn -0.7180 0.1668 -0.6758
vn 0.4268 0.1186 -0.8966
vn -0.8380 -0.2631 0.4780
vn 0.5922 0.0642 0.8032
vn 0.9971 0.0299 0.0697
vn -0.4511 -0.4809 -0.7518
vn 0.6163 0.1035 0.7807
vn 0.5346 -0.2238 -0.8149
vn -0.8875 -0.0401 0.4591
vn 0.8766 -0.4633 -0.1305
vn 0.2899 -0.2229 -0.9307
vn -0.8425 0.5155 0.1565
vn 0.2770 0.2899 0.9161
vn -0.4077 0.6695 0.6209
vn 0.4268 0.1176 -0.8967
vn -0.7192 0.1714 -0.6733
vn -0.3796 -0.4935 -0.7825
vn 0.8909 -0.4281 -0.1516
vn 0.9986 -0.0191 0.0502
vn -0.4517 -0.4799 -0.7521
vn -0.6534 0.6318 -0.4169
vn -0.4207 0.2430 0.8741
vn -0.4255 -0.1199 -0.8970
vn 0.2053 0.9691 0.1364
vn 0.5346 -0.2240 -0.8149
vn 0.9763 -0.1487 -0.1570
vn 0.7259 0.6791 0.1090
vn 0.8764 -0.4636 -0.1306
vn 0.9745 -0.0955 -0.2030
vn -0.4568 0.2403 0.8565
vn -0.3832 0.9232 -0.0299
vn 0.2895 -0.2215 -0.9312
vn -0.4594 -0.1721 -0.8714
vn -0.2912 -0.7565 -0.5855
vn -0.9774 -0.1824 -0.1071
vn -0.6596 0.7084 0.2512
vn -0.7213 -0.2583 -0.6427
vn 0.4385 -0.7316 0.5221
vn 0.9855 -0.0173 -0.1691
vn 0.9704 -0.0329 0.2393
vn -0.2905 -0.0566 0.9552
vn 0.8612 -0.4172 -0.2904
vn 0.3957 0.0353 0.9177
vn -0.5383 0.2663 0.7996
vn 0.9285 -0.1685 0.3309
vn -0.1794 0.4519 0.8738
vn 0.7236 -0.1885 0.6640
vn 0.9868 0.1556 0.0441
vn 0.2727 0.2878 0.9181
vn -0.9397 0.3005 0.1631
vn -0.8440 0.5152 0.1490
vn -0.7240 0.1345 -0.6766
vn -0.0452 -0.7971 -0.6022
vn 0.9060 -0.3499 -0.2381
vn 0.7285 0.6768 0.1058
vn -0.2511 -0.7195 -0.6475
vn -0.7554 -0.0068 0.6552
vn -0.6068 0.6478 -0.4606
vn -0.4433 -0.4643 -0.7668
vn 0.1708 -0.6316 -0.7562
vn 0.5353 -0.2258 -0.8139
vn 0.2879 -0.2249 -0.9309
vn 0.0170 0.9441 -0.3291
vn 0.2295 0.9423 -0.2435
vn 0.4244 0.1156 -0.8981
vn 0.9059 0.0178 0.4231
vn 0.8207 0.2122 0.5305
vn -0.1035 0.4148 0.9040
vn -0.0703 0.4106 0.9091
vn -0.7046 0.1860 -0.6848
vn 0.3567 -0.7288 -0.5845
vn 0.5501 0.6434 -0.5324
vn -0.5844 0.5757 -0.5720
vn 0.3368 0.0975 0.9365
vn 0.6688 -0.0533 -0.7416
vn 0.6348 -0.6606 -0.4008
vn 0.2153 -0.3591 -0.9081
vn -0.0785 0.5540 -0.8288
vn 0.0176 0.3978 0.9173
vn 0.1280 0.3778 0.9170
vn -0.4095 -0.8976 -0.1634
vn -0.0057 0.4942 0.8693
vn -0.0905 0.4170 0.9044
vn 0.0218 -0.8712 -0.4905
vn 0.3590 -0.6545 0.6654
vn 0.2635 -0.2830 0.9222
vn 0.8784 0.0077 0.4778
vn -0.0593 0.4092 0.9105
vn -0.7402 0.2229 -0.6343
vn -0.0509 0.5781 -0.8144
vn 0.9255 0.1718 0.3376
vn 0.8328 0.2118 0.5115
vn -0.8773 0.4341 -0.2046
vn -0.0783 0.5538 -0.8290
vn 0.8043 0.5906 0.0658
vn 0.9062 0.0147 0.4225
vn 0.6265 -0.0676 0.7765
vn -0.1030 0.4146 0.9042
vn -0.0710 0.4108 0.9090
vn -0.7616 0.6374 -0.1168
vn -0.6970 -0.4268 -0.5763
vn 0.5348 0.6382 -0.5539
vn -0.2178 0.4178 0.8820
vn -0.7830 0.4611 -0.4176
vn -0.1865 -0.2697 -0.9447
vn 0.3330 0.0755 0.9399
vn 0.7928 0.1015 -0.6009
vn 0.8797 -0.4663 -0.0929
vn -0.1885 0.4034 0.8954
vn 0.1760 -0.4906 -0.8534
vn 0.2036 -0.3653 -0.9084
vn 0.3066 -0.4016 -0.8630
vn -0.0784 0.5539 -0.8289
vn -0.4096 -0.8975 -0.1634
vn -0.0882 0.4129 0.9065
vn -0.5599 -0.5512 -0.6186
vn -0.9845 0.1643 0.0608
vn -0.0446 -0.2853 0.9574
vn 0.9030 -0.0668 0.4245
vn 0.9063 0.0147 0.4224
vn -0.0698 0.4106 0.9092
vn -0.3514 0.8964 -0.2701
vn 0.5372 0.6459 -0.5424
vn -0.3498 0.4459 0.8239
vn 0.2435 -0.4146 -0.8768
vn 0.9573 0.2858 -0.0442
vn -0.6828 0.6756 0.2782
vn -0.0784 0.5540 -0.8288
vn -0.4094 -0.8976 -0.1634
vn 0.5726 0.2359 0.7851
vn -0.6413 0.7549 -0.1376
vn -0.2635 0.2744 0.9248
vn 0.9465 -0.1355 0.2929
vn 0.7745 0.4346 0.4596
vn 0.6940 0.0905 -0.7143
vn -0.6477 0.7607 -0.0432
vn -0.2042 0.2294 -0.9517
vn 0.9947 0.0593 -0.0839
vn 0.8604 -0.0093 0.5095
vn 0.0856 0.9690 0.2316
vn 0.9311 0.0230 0.3640
vn 0.8025 0.1041 0.5875
vn -0.1863 0.4196 0.8884
vn -0.0591 0.4093 0.9105
vn -0.8213 0.5334 -0.2025
vn -0.7402 -0.5531 -0.3824
vn -0.9962 0.0098 0.0860
vn 0.6075 0.6807 0.4094
vn 0.3290 -0.8035 -0.4961
vn 0.5991 -0.3530 -0.7186
vn -0.2351 0.8496 0.4722
vn 0.7968 0.3802 0.4697
vn -0.7557 0.6358 -0.1569
vn -0.0783 0.5539 -0.8289
vn 0.7388 0.6721 -0.0492
vn -0.1286 0.4174 0.8996
vn -0.3212 0.8211 -0.4718
vn 0.9022 0.0328 0.4301
vn -0.4976 0.0100 -0.8674
vn -0.0781 0.5539 -0.8289
vn 0.9086 0.2716 0.3175
vn 0.1627 0.2453 0.9557
vn -0.9659 0.2564 0.0353
vn -0.7478 -0.5442 -0.3803
vn 0.1649 0.2053 0.9647
vn 0.2992 -0.3605 0.8835
vn 0.4221 -0.3765 -0.8247
vn 0.7421 0.3897 0.5454
vn -0.7011 0.6881 -0.1874
vn -0.6848 -0.4928 0.5368
vn -0.9484 0.2782 0.1524
vn 0.6492 0.1673 0.7420
vn 0.6644 0.1942 0.7217
vn 0.7883 0.3877 0.4779
vn -0.2820 0.9242 0.2576
vn 0.2749 0.0655 0.9592
vn 0.7207 0.2418 0.6497
vn -0.9528 -0.0793 -0.2932
vn -0.9465 0.2727 0.1725
vn 0.9056 -0.3841 -0.1797
vn -0.4600 0.2280 0.8581
vn -0.4342 -0.2773 -0.8571
vn 0.2511 -0.6056 -0.7551
vn -0.3604 -0.2700 0.8929
vn -0.4017 0.2581 -0.8786
vn 0.9669 -0.2108 -0.1438
vn -0.7360 -0.1862 -0.6508
vn -0.6779 -0.2230 -0.7005
vn 0.8945 -0.3221 -0.3101
vn 0.9168 -0.3020 -0.2614
vn 0.0275 0.4414 0.8969
vn 0.0292 0.4411 0.8970
vn 0.2335 -0.8345 -0.4991
vn 0.4824 -0.0693 -0.8732
vn 0.2775 0.7144 0.6424
vn 0.5601 -0.4771 0.6773
vn -0.4105 -0.1490 0.8996
vn -0.4499 0.1068 -0.8867
vn -0.6915 0.7070 0.1484
vn 0.9911 0.0317 -0.1296
vn 0.2056 -0.8268 -0.5235
vn -0.0106 0.9946 0.1030
vn 0.2787 0.7143 0.6419
vn -0.4960 0.0704 -0.8655
vn -0.4094 -0.1490 0.9001
vn -0.4494 0.1069 -0.8869
vn -0.6904 0.7081 0.1483
vn 0.9911 0.0316 -0.1290
vn 0.2355 -0.8318 -0.5027
vn 0.5060 0.4263 -0.7498
vn 0.2792 0.7139 0.6421
vn -0.1233 -0.9924 -0.0015
vn -0.4092 -0.1490 0.9002
vn -0.4496 0.1069 -0.8868
vn -0.6902 0.7082 0.1488
vn 0.9911 0.0317 -0.1293
vn 0.2356 -0.8320 -0.5023
vn 0.3113 -0.7174 -0.6232
vn 0.2792 0.7142 0.6418
vn -0.4186 0.6485 0.6358
vn 0.4497 -0.1068 0.8868
vn 0.4099 0.1490 -0.8999
vn -0.6900 0.7084 0.1485
vn -0.9911 -0.0317 0.1293
vn 0.8600 0.0960 0.5012
vn -0.5835 0.7732 0.2485
vn 0.8393 0.1432 0.5244
vn -0.2891 -0.1150 0.9504
vn 0.5508 -0.1108 0.8273
vn -0.8322 0.0575 -0.5514
vn 0.4144 0.0947 0.9052
vn 0.2364 -0.8472 -0.4759
vn 0.9996 -0.0187 0.0192
vn -0.4932 -0.7303 -0.4727
vn 0.2352 -0.8321 -0.5023
vn 0.3051 0.4966 -0.8126
vn 0.2771 0.7149 0.6420
vn -0.9272 -0.0787 -0.3662
vn 0.4492 -0.1069 0.8870
vn 0.4094 0.1490 -0.9001
vn -0.6915 0.7072 0.1475
vn -0.9911 -0.0317 0.1291
vn -0.8580 -0.0998 -0.5038
vn -0.8341 -0.1534 -0.5299
vn 0.5567 -0.7854 -0.2706
vn -0.6548 -0.2749 -0.7041
vn 0.5510 -0.1108 0.8271
vn -0.8323 0.0575 -0.5514
vn -0.5111 0.1587 0.8447
vn 0.8279 0.0400 -0.5595
vn -0.2363 0.8469 0.4764
vn -0.4931 -0.7292 -0.4745
vn -0.8427 -0.2266 -0.4883
vn 0.9091 -0.2561 0.3286
vn 0.5925 -0.0339 -0.8048
vn 0.9159 0.1994 -0.3482
vn 0.4361 -0.0067 -0.8999
vn 0.9105 0.3884 0.1420
vn -0.3581 0.0478 -0.9325
vn 0.9089 -0.2548 0.3300
vn 0.9623 0.1920 0.1925
vn -0.5083 0.8068 -0.3010
vn 0.9971 -0.0302 0.0701
vn -0.3529 0.0514 -0.9343
vn 0.9771 0.1860 -0.1036
vn -0.2095 -0.9749 -0.0748
vn 0.7251 -0.6804 0.1062
vn 0.1443 -0.9886 0.0432
vn -0.8026 0.1802 -0.5686
vn -0.5750 -0.6607 -0.4825
vn 0.9093 -0.2541 0.3294
vn -0.2582 0.2250 -0.9395
vn 0.2684 -0.0270 -0.9629
vn -0.8419 -0.2296 -0.4884
vn -0.3585 0.0504 -0.9322
vn 0.4369 -0.0064 -0.8995
vn -0.9544 0.1979 -0.2236
vn 0.5904 0.7838 0.1926
vn 0.9971 -0.0299 0.0704
vn -0.9493 0.1511 -0.2757
vn 0.4366 -0.0065 -0.8996
vn -0.8433 -0.2277 -0.4868
vn -0.4514 0.4814 -0.7513
vn 0.5352 0.2223 -0.8150
vn 0.8767 0.4629 -0.1308
vn 0.2901 0.2241 -0.9304
vn -0.8215 -0.2049 -0.5322
vn -0.4076 -0.6695 0.6210
vn 0.9098 -0.2541 0.3282
vn 0.8909 0.4281 -0.1516
vn -0.3795 0.4936 -0.7825
vn -0.3587 0.0457 -0.9323
vn 0.9948 -0.0596 0.0821
vn -0.4518 0.4795 -0.7523
vn -0.4256 0.1199 -0.8969
vn -0.4207 -0.2430 0.8741
vn -0.5223 -0.6749 -0.5212
vn 0.2047 -0.9694 0.1352
vn 0.5345 0.2241 -0.8149
vn 0.9763 0.1488 -0.1571
vn 0.7258 -0.6794 0.1079
vn -0.4569 -0.2403 0.8564
vn 0.9745 0.0955 -0.2031
vn 0.8764 0.4636 -0.1306
vn -0.1968 -0.9756 -0.0972
vn -0.4595 0.1720 -0.8714
vn 0.2892 0.2203 -0.9316
vn -0.2912 0.7565 -0.5855
vn -0.7213 0.2583 -0.6427
vn -0.6596 -0.7084 0.2512
vn -0.9774 0.1824 -0.1071
vn 0.5160 0.6678 -0.5364
vn -0.9868 0.0714 0.1451
vn -0.9798 -0.1836 0.0790
vn 0.2819 0.4601 -0.8419
vn 0.2345 0.3834 0.8933
vn 0.3443 -0.2465 0.9059
vn 0.4274 -0.3268 0.8429
vn 0.9014 -0.2579 0.3479
vn 0.9847 -0.1681 0.0469
vn 0.7236 0.1886 0.6640
vn -0.9397 -0.3005 0.1632
vn 0.2405 0.6769 -0.6957
vn -0.3547 0.0983 -0.9298
vn -0.8429 -0.2264 -0.4882
vn 0.9589 0.2016 -0.1996
vn 0.7351 -0.6693 0.1083
vn 0.8764 0.4635 -0.1306
vn -0.2511 0.7195 -0.6475
vn -0.4561 0.4913 -0.7420
vn -0.6092 -0.6539 -0.4487
vn -0.7554 0.0068 0.6552
vn 0.1708 0.6316 -0.7563
vn 0.5341 0.2231 -0.8154
vn 0.2907 0.2205 -0.9311
vn 0.2479 -0.9355 -0.2518
vn -0.0049 -0.9383 -0.3457
vn 0.4339 -0.0100 -0.9009
vn 0.9059 -0.0178 0.4231
vn 0.5232 -0.2572 0.8125
vn 0.5094 -0.2626 0.8195
vn 0.8094 0.3463 0.4742
vn -0.7046 -0.1860 -0.6848
vn 0.9373 -0.2093 -0.2786
vn 0.5577 0.5634 -0.6096
vn -0.6495 -0.5811 -0.4905
vn 0.3368 -0.0975 0.9365
vn 0.6688 0.0533 -0.7416
vn 0.6347 0.6606 -0.4010
vn 0.2153 0.3591 -0.9081
vn 0.5792 -0.2330 0.7812
vn 0.6628 -0.1951 0.7229
vn -0.0061 -0.4942 0.8693
vn 0.5144 -0.2649 0.8156
vn 0.3536 0.6953 -0.6257
vn 0.3590 0.6545 0.6654
vn 0.2635 0.2830 0.9222
vn 0.8784 -0.0078 0.4778
vn 0.5261 -0.2559 0.8110
vn -0.7401 -0.2229 -0.6344
vn 0.7073 -0.4296 -0.5614
vn 0.9255 -0.1717 0.3376
vn 0.8330 -0.2117 0.5112
vn -0.8773 -0.4341 -0.2046
vn 0.5791 -0.2330 0.7813
vn 0.6627 -0.1951 0.7230
vn 0.5481 -0.8351 0.0457
vn 0.9062 -0.0147 0.4225
vn -0.0036 -0.4009 0.9161
vn 0.0108 -0.3988 0.9170
vn 0.9564 0.0896 0.2780
vn -0.7616 -0.6375 -0.1167
vn 0.3866 -0.4136 -0.8243
vn -0.9756 0.0509 -0.2137
vn -0.0313 -0.4560 0.8894
vn -0.1677 0.0487 -0.9846
vn -0.9509 -0.2927 -0.1009
vn 0.2647 0.8251 -0.4991
vn 0.8434 0.5333 -0.0654
vn 0.9857 0.0475 -0.1618
vn 0.1640 -0.2234 0.9608
vn -0.5101 -0.7898 -0.3405
vn 0.1656 0.3612 -0.9177
vn 0.6050 0.4559 -0.6528
vn -0.0821 -0.5530 -0.8291
vn -0.4095 0.8977 -0.1624
vn 0.1234 -0.3787 0.9172
vn 0.0176 -0.3979 0.9173
vn 0.5169 -0.2598 0.8157
vn -0.3300 0.5710 -0.7517
vn -0.8992 0.1409 -0.4143
vn 0.3388 0.5580 0.7575
vn 0.8787 0.0709 0.4721
vn 0.9063 -0.0147 0.4224
vn 0.5225 -0.2573 0.8129
vn -0.7329 -0.6755 -0.0805
vn 0.9321 -0.2006 -0.3017
vn -0.7479 -0.1067 0.6551
vn 0.0033 0.4013 -0.9159
vn 0.4922 0.1893 -0.8497
vn 0.7910 -0.2016 -0.5777
vn 0.8647 -0.4982 0.0644
vn 0.1733 0.4907 -0.8539
vn 0.5167 -0.2599 0.8158
vn -0.6538 0.5204 -0.5492
vn -0.5410 0.3965 -0.7417
vn -0.0334 0.2956 0.9547
vn 0.8998 0.0656 0.4314
vn -0.0176 -0.4032 0.9149
vn -0.1024 -0.4113 0.9057
vn 0.8025 -0.1041 0.5875
vn -0.8213 -0.5334 -0.2024
vn -0.0676 -0.5788 -0.8127
vn -0.9926 0.1206 0.0118
vn -0.9962 -0.0098 0.0860
vn 0.6123 -0.7691 0.1834
vn 0.3289 0.8028 -0.4973
vn 0.5992 0.3530 -0.7186
vn 0.9635 -0.2482 0.1002
vn -0.2351 -0.8496 0.4722
vn -0.6584 -0.6663 0.3500
vn -0.0822 -0.5530 -0.8291
vn -0.4095 0.8978 -0.1624
vn 0.1236 -0.3787 0.9172
vn 0.6863 -0.6988 0.2017
vn 0.4498 -0.2857 0.8462
vn 0.3994 -0.7542 -0.5213
vn 0.9022 -0.0328 0.4301
vn -0.4976 -0.0100 -0.8674
vn 0.6628 -0.1951 0.7230
vn 0.9079 -0.2777 0.3140
vn 0.6724 0.4455 0.5911
vn 0.6393 0.2945 0.7103
vn 0.7155 -0.6979 0.0301
vn 0.7493 -0.4010 0.5270
vn -0.6980 -0.6882 -0.1980
vn 0.6845 0.3294 0.6503
vn 0.6647 -0.1920 0.7220
vn 0.1609 0.8769 0.4530
vn 0.2159 0.3567 0.9089
vn 0.5570 0.8137 -0.1660
vn 0.9037 0.3841 -0.1892
vn -0.4368 -0.4592 0.7735
vn -0.4367 0.2037 -0.8762
vn 0.3404 -0.8689 -0.3593
vn 0.3578 -0.2825 -0.8900
vn 0.3999 0.2707 0.8757
vn -0.9682 -0.2090 0.1372
vn 0.7292 -0.1781 0.6607
vn 0.6803 -0.2084 0.7027
vn -0.8985 -0.3143 0.3063
vn -0.9149 -0.3001 0.2700
vn -0.0254 0.4258 -0.9044
vn -0.0257 0.4259 -0.9044
vn -0.2352 -0.8321 0.5023
vn -0.2900 0.9570 -0.0073
vn -0.2789 0.7145 -0.6417
vn 0.1210 -0.9696 0.2127
vn 0.4092 -0.1490 -0.9002
vn 0.4496 0.1068 0.8868
vn 0.6904 0.7081 -0.1480
vn -0.9911 0.0317 0.1292
vn -0.2355 -0.8317 0.5028
vn -0.3343 -0.3789 0.8630
vn -0.2776 0.7138 -0.6430
vn 0.3129 -0.3160 0.8957
vn 0.6914 0.7070 -0.1489
vn -0.2348 -0.8327 0.5015
vn -0.4012 -0.5683 0.7184
vn -0.2793 0.7144 -0.6415
vn 0.2021 -0.3206 -0.9254
vn 0.4094 -0.1490 -0.9001
vn 0.4493 0.1069 0.8870
vn 0.6900 0.7085 -0.1480
vn -0.9912 0.0317 0.1289
vn -0.2391 -0.8293 0.5050
vn -0.0910 0.9587 0.2696
vn -0.2770 0.7145 -0.6425
vn -0.7890 0.5961 -0.1491
vn -0.4498 -0.1068 -0.8867
vn -0.4099 0.1490 0.8999
vn 0.6917 0.7068 -0.1482
vn 0.9911 -0.0317 -0.1294
vn -0.8589 0.0983 -0.5026
vn 0.5686 0.7801 -0.2608
vn -0.8362 0.1483 -0.5280
vn -0.4202 -0.5615 -0.7129
vn -0.5522 -0.1106 -0.8264
vn 0.8325 0.0574 0.5511
vn 0.2072 -0.7817 0.5883
vn -0.2364 -0.8470 0.4762
vn 0.9929 -0.0135 -0.1183
vn -0.9483 0.0896 -0.3044
vn -0.2351 -0.8322 0.5021
vn -0.3918 -0.4312 0.8127
vn -0.2774 0.7144 -0.6425
vn 0.5561 -0.5542 -0.6194
vn -0.4496 -0.1068 -0.8868
vn -0.4100 0.1490 0.8998
vn 0.6914 0.7071 -0.1482
vn 0.9911 -0.0317 -0.1293
vn 0.8592 -0.0964 0.5025
vn 0.8376 -0.1465 0.5263
vn -0.5746 -0.7774 0.2559
vn 0.1916 -0.9457 0.2627
vn -0.5503 -0.1109 -0.8276
vn 0.8322 0.0575 0.5515
vn 0.7077 -0.3825 0.5940
vn 0.9890 0.0229 0.1461
vn 0.2366 0.8470 -0.4761
vn -0.9489 0.0900 -0.3026
vn 0.8440 0.5153 0.1486
vn 0.9159 0.1994 0.3482
vn -0.3133 0.1103 0.9432
vn -0.2771 0.2889 0.9164
vn -0.4268 0.1179 -0.8966
vn -0.6506 -0.3900 -0.6517
vn 0.7180 0.1674 -0.6756
vn 0.5082 -0.8069 -0.3011
vn -0.9971 0.0300 0.0698
vn 0.3409 0.9381 -0.0611
vn -0.7257 0.6797 0.1066
vn -0.2629 0.9393 0.2206
vn -0.5347 0.3028 -0.7889
vn 0.5758 0.6603 -0.4821
vn -0.2764 0.2894 0.9164
vn 0.2583 -0.2250 -0.9395
vn -0.8356 0.1198 -0.5361
vn 0.8442 0.5150 0.1489
vn 0.7179 0.1668 -0.6758
vn -0.5921 0.0642 0.8033
vn 0.9655 -0.1976 0.1697
vn -0.4268 0.1184 -0.8966
vn -0.6162 0.1034 0.7808
vn 0.4512 -0.4809 -0.7518
vn 0.8874 -0.0401 0.4592
vn -0.5346 -0.2237 -0.8150
vn -0.8766 -0.4633 -0.1304
vn -0.2899 -0.2228 -0.9308
vn 0.8424 0.5156 0.1565
vn 0.4077 0.6694 0.6210
vn -0.2770 0.2899 0.9161
vn -0.4268 0.1175 -0.8967
vn -0.8909 -0.4281 -0.1516
vn 0.3795 -0.4935 -0.7825
vn 0.7192 0.1714 -0.6733
vn -0.9986 -0.0190 0.0501
vn 0.4512 -0.4807 -0.7519
vn -0.4864 -0.2040 -0.8496
vn 0.9232 0.1842 0.3372
vn 0.5753 0.6605 -0.4824
vn -0.3133 0.1421 0.9390
vn -0.2046 0.9697 0.1339
vn -0.5850 -0.2228 -0.7798
vn -0.7261 0.6794 0.1058
vn -0.3023 0.1946 0.9331
vn -0.4341 -0.2012 -0.8781
vn -0.8883 -0.4304 -0.1603
vn 0.2712 0.9599 -0.0707
vn 0.9341 0.1299 0.3325
vn -0.2893 -0.2221 -0.9311
vn 0.2799 -0.0981 -0.9550
vn 0.9892 0.1461 0.0135
vn 0.3091 0.8299 0.4645
vn 0.9065 0.4129 -0.0884
vn 0.4425 -0.6957 -0.5658
vn -0.0004 0.6861 -0.7275
vn 0.0525 0.8946 0.4437
vn -0.3029 0.5842 0.7530
vn -0.0131 0.3863 0.9223
vn -0.5329 0.1600 0.8309
vn -0.5601 0.2416 0.7924
vn -0.2727 0.2879 0.9180
vn -0.9971 0.0300 0.0701
vn -0.7918 -0.2733 0.5463
vn 0.9395 0.3000 0.1652
vn -0.2240 -0.7566 -0.6143
vn 0.7240 0.1345 -0.6766
vn 0.8440 0.5153 0.1490
vn -0.8840 -0.4189 -0.2076
vn -0.1674 0.0816 0.9825
vn -0.7328 0.6673 0.1331
vn -0.8764 -0.4636 -0.1305
vn 0.3119 -0.7651 -0.5633
vn 0.4433 -0.4642 -0.7668
vn 0.6068 0.6478 -0.4606
vn 0.5071 0.2948 0.8099
vn -0.1836 -0.7998 -0.5715
vn -0.5353 -0.2256 -0.8140
vn -0.2879 -0.2249 -0.9309
vn 0.2914 0.9555 -0.0462
vn -0.1998 0.9659 0.1646
vn -0.4244 0.1155 -0.8981
vn -0.9059 0.0178 0.4231
vn -0.5625 0.2403 0.7911
vn -0.5773 0.2341 0.7823
vn -0.8967 0.2409 0.3715
vn 0.7295 0.2192 -0.6479
vn -0.9289 0.2286 -0.2914
vn -0.6089 -0.5283 -0.5918
vn 0.7954 0.5566 -0.2400
vn -0.2750 0.0644 0.9593
vn -0.6949 -0.2937 -0.6564
vn -0.8535 -0.5196 -0.0392
vn -0.5414 0.2787 0.7932
vn 0.6433 0.0963 0.7596
vn 0.4443 0.8822 0.1563
vn -0.2595 -0.6044 -0.7532
vn -0.0666 -0.5005 -0.8632
vn -0.5791 0.2329 0.7813
vn -0.6645 0.1942 0.7216
vn -0.5702 0.2409 0.7854
vn -0.5311 -0.6003 -0.5980
vn -0.8787 -0.0709 0.4721
vn -0.5513 0.2453 0.7974
vn 0.7691 0.2620 -0.5829
vn -0.7073 0.4296 -0.5615
vn -0.9280 0.2010 0.3138
vn -0.7941 0.3763 0.4772
vn 0.7926 0.5844 -0.1739
vn -0.5791 0.2330 0.7813
vn -0.8469 0.4967 0.1897
vn -0.9062 0.0147 0.4225
vn -0.5624 0.2404 0.7912
vn -0.5700 0.2370 0.7867
vn -0.6494 0.2621 0.7139
vn 0.8151 0.5363 -0.2192
vn -0.9321 0.2006 -0.3016
vn 0.7136 -0.4856 -0.5050
vn 0.0399 0.4158 0.9086
vn 0.1865 -0.2701 -0.9446
vn 0.9540 0.2985 -0.0276
vn -0.3329 0.0755 0.9399
vn -0.1945 -0.4802 -0.8553
vn -0.2035 -0.3653 -0.9084
vn -0.3073 -0.4001 -0.8634
vn -0.5791 0.2331 0.7812
vn 0.4011 -0.3483 -0.8473
vn -0.5725 0.2360 0.7852
vn 0.5009 -0.5616 -0.6586
vn 0.8992 -0.1409 -0.4143
vn 0.0483 -0.2808 0.9586
vn -0.9030 -0.0668 0.4245
vn -0.8412 0.5070 -0.1880
vn -0.2536 0.7966 0.5487
vn 0.7617 0.6374 -0.1169
vn -0.9321 0.2006 -0.3017
vn 0.0097 0.4021 0.9155
vn 0.6626 0.1315 0.7374
vn -0.4112 -0.1877 -0.8920
vn -0.7796 0.1945 -0.5953
vn -0.8647 0.4979 0.0661
vn -0.1688 -0.4902 -0.8551
vn -0.0878 0.3852 0.9186
vn -0.6645 0.1943 0.7216
vn 0.7976 0.3610 0.4833
vn 0.3606 -0.0153 -0.9326
vn -0.2536 0.7967 0.5486
vn 0.6531 -0.5188 -0.5517
vn 0.8506 0.3364 0.4042
vn 0.5201 -0.4540 -0.7235
vn 0.0447 -0.2851 0.9574
vn 0.3938 0.7046 -0.5903
vn -0.5170 0.2597 0.8156
vn -0.4874 0.2682 0.8310
vn -0.8025 0.1041 0.5875
vn -0.2689 0.7778 -0.5681
vn -0.3399 -0.6632 -0.6668
vn 0.9963 0.0092 0.0853
vn -0.6075 0.6807 0.4094
vn -0.3290 -0.8035 -0.4961
vn -0.5896 -0.3674 -0.7192
vn -0.7968 0.3802 0.4697
vn 0.2335 0.8405 0.4889
vn 0.7557 0.6358 -0.1569
vn -0.8841 0.4601 0.0818
vn -0.4707 0.2779 0.8374
vn 0.6920 0.1785 -0.6994
vn -0.8752 0.3084 -0.3728
vn -0.9032 0.0325 0.4280
vn 0.6173 0.0171 -0.7865
vn -0.5792 0.2331 0.7812
vn -0.7295 0.6825 0.0457
vn -0.5759 0.6731 0.4640
vn -0.8947 -0.3817 0.2320
vn -0.8405 -0.3226 -0.4353
vn 0.1515 0.6187 0.7709
vn -0.3852 -0.3719 -0.8446
vn -0.7494 0.4007 0.5270
vn 0.6916 0.6942 -0.1996
vn 0.7283 0.3821 0.5688
vn -0.7666 0.6350 0.0952
vn -0.8905 -0.3203 0.3231
vn -0.2750 0.0654 0.9592
vn 0.1879 -0.9210 0.3411
vn -0.7311 0.5988 -0.3270
vn -0.6836 0.3251 0.6535
vn -0.7207 0.2419 0.6497
vn -0.8906 -0.3200 0.3233
vn -0.4125 0.2846 0.8653
vn -0.4522 -0.7200 -0.5265
vn -0.8352 -0.3392 -0.4328
vn -0.8394 -0.3233 -0.4368
vn -0.9056 -0.3841 -0.1797
vn 0.4600 0.2280 0.8581
vn 0.4342 -0.2774 -0.8571
vn 0.1064 -0.9704 -0.2170
vn 0.4016 0.2581 -0.8787
vn 0.3605 -0.2700 0.8928
vn -0.5440 0.7535 0.3690
vn 0.7360 -0.1862 -0.6508
vn -0.9168 -0.3020 -0.2614
vn -0.8945 -0.3221 -0.3100
vn 0.6780 -0.2229 -0.7005
vn -0.0274 0.4413 0.8969
vn -0.0288 0.4412 0.8969
vn -0.2336 -0.8351 -0.4980
vn -0.2805 0.7139 0.6416
vn -0.3773 -0.2055 -0.9030
vn -0.3095 -0.5319 -0.7882
vn 0.4500 0.1068 -0.8866
vn 0.4105 -0.1490 0.8996
vn 0.6891 0.7092 0.1489
vn -0.9910 0.0317 -0.1297
vn -0.2345 -0.8331 -0.5010
vn -0.2788 0.7150 0.6411
vn -0.4837 -0.4891 -0.7258
vn -0.4983 -0.8653 -0.0548
vn 0.4494 0.1069 -0.8869
vn 0.4093 -0.1490 0.9001
vn 0.6902 0.7085 0.1472
vn -0.9911 0.0316 -0.1290
vn -0.2356 -0.8316 -0.5030
vn -0.2765 0.7140 0.6432
vn -0.4510 -0.3630 -0.8154
vn -0.2114 -0.4699 -0.8570
vn 0.4493 0.1069 -0.8870
vn 0.4079 -0.1491 0.9008
vn 0.6922 0.7062 0.1487
vn -0.9912 0.0316 -0.1287
vn -0.2179 -0.8285 -0.5158
vn -0.2787 0.7143 0.6420
vn -0.3990 -0.0341 -0.9163
vn -0.0597 0.2763 0.9592
vn -0.4100 0.1490 -0.8998
vn -0.4497 -0.1069 0.8868
vn 0.6904 0.7081 0.1484
vn 0.9911 -0.0317 0.1293
vn -0.8619 0.0902 0.4991
vn -0.8429 0.1348 0.5208
vn 0.6093 0.7600 0.2262
vn 0.1118 -0.9000 -0.4213
vn 0.8324 0.0575 -0.5511
vn -0.5515 -0.1107 0.8268
vn -0.4094 0.0981 0.9071
vn -0.9997 -0.0109 0.0234
vn -0.2370 -0.8467 -0.4763
vn 0.4925 -0.7307 -0.4728
vn -0.2348 -0.8327 -0.5015
vn -0.2786 0.7145 0.6417
vn 0.0357 0.9994 0.0019
vn -0.1188 0.9641 -0.2375
vn -0.4496 -0.1068 0.8868
vn 0.6906 0.7080 0.1480
vn 0.8578 -0.1000 -0.5042
vn -0.5517 -0.7877 -0.2743
vn 0.8341 -0.1546 -0.5296
vn -0.2713 -0.9614 -0.0455
vn 0.8322 0.0575 -0.5514
vn -0.5507 -0.1108 0.8273
vn 0.5101 0.1578 0.8455
vn 0.2362 0.8472 0.4760
vn -0.8280 0.0393 -0.5594
vn 0.4932 -0.7293 -0.4742
vn -0.9468 -0.3161 -0.0598
vn 0.9462 -0.3182 -0.0583
vn -0.3515 0.9361 0.0146
vn 0.3513 0.9362 0.0148
vn -0.9243 -0.3792 -0.0432
vn 0.9243 -0.3793 -0.0434
vn -0.3355 0.9409 0.0460
vn 0.3370 0.9405 0.0446
vn 0.8311 0.5561 0.0034
vn -0.0956 -0.9954 0.0064
vn 0.0956 -0.9954 -0.0064
vn 0.7757 0.6311 -0.0000
vn -0.7757 0.6311 -0.0000
vn -0.8311 0.5561 -0.0034
vn -0.0000 -0.6341 0.7732
vn -0.0038 -0.5620 -0.8271
vn -0.0000 -0.6342 -0.7732
vn 0.0038 -0.5619 0.8272
vn 0.0075 0.9957 -0.0927
vn -0.0075 0.9957 0.0927
vn 0.0038 0.5620 -0.8271
vn 0.0075 -0.9957 0.0927
vn -0.0075 -0.9957 -0.0927
vn -0.0000 0.6340 -0.7733
vn -0.0000 0.6341 0.7732
vn -0.0038 0.5621 0.8270
vn -0.8311 0.5561 0.0034
vn -0.0956 -0.9954 -0.0064
vn 0.0956 -0.9954 0.0064
vn 0.8311 0.5561 -0.0034
vn 0.0037 -0.6330 -0.7742
vn 0.0074 -0.9954 -0.0956
vn -0.0075 -0.5632 0.8263
vn 0.0076 0.5632 0.8263
vn -0.0074 0.9954 -0.0956
vn -0.0037 0.6330 -0.7742
vn -0.0075 -0.9954 0.0956
vn 0.0075 -0.5632 -0.8263
vn -0.0037 -0.6330 0.7742
vn 0.0075 0.9954 0.0956
vn 0.0037 0.6330 0.7742
vn -0.0075 0.5632 -0.8263
vn 0.0075 -0.9957 -0.0927
vn -0.0075 -0.9957 0.0927
vn -0.0038 0.5620 -0.8271
vn -0.0000 0.6341 -0.7732
vn 0.0038 0.5620 0.8271
vn -0.7757 0.6310 -0.0000
vn -0.8311 0.5560 0.0034
vn 0.0038 -0.5620 0.8271
vn -0.0981 -0.9952 0.0063
vn -0.7765 0.6301 -0.0033
vn -0.0981 0.9952 -0.0063
vn -0.7765 -0.6301 0.0033
vn 0.8304 0.5571 0.0068
vn 0.8304 -0.5571 -0.0068
vn -0.0000 0.6342 0.7732
vn -0.0038 0.5620 0.8271
vn 0.0075 -0.9954 -0.0956
vn -0.0075 0.9954 -0.0956
vn 0.0232 0.9992 0.0323
vn 0.1083 0.9902 -0.0885
vn -0.0873 0.9961 0.0130
vn -0.4815 0.3444 -0.8060
vn 0.1248 0.9921 0.0086
vn -0.5173 0.4363 0.7362
vn -0.9768 0.2131 -0.0234
vn -0.5600 0.4254 -0.7109
vn 0.1292 0.2925 -0.9475
vn 0.9609 0.2141 -0.1757
vn 0.5534 0.7613 -0.3378
vn 0.6257 0.1657 0.7623
vn 0.0759 0.5023 0.8614
s 1
f 1//1 2//1 3//1
f 3//1 2//1 1//1
f 4//1 5//2 6//1
f 5//2 7//3 6//1
f 9//1 8//1 10//1
f 8//1 9//1 10//1
f 11//4 12//5 13//5
f 13//5 12//5 11//4
f 14//6 15//6 16//6
f 16//6 15//6 14//6
f 17//4 18//4 19//4
f 19//4 18//4 17//4
f 20//7 21//4 22//7
f 22//7 21//4 20//7
f 23//6 24//6 25//4
f 24//6 23//6 25//4
f 26//8 27//4 28//8
f 28//8 27//4 26//8
f 29//9 30//9 31//9
f 31//9 30//9 29//9
f 32//4 33//4 34//4
f 33//4 32//4 34//4
f 81//10 80//11 82//12
f 82//12 80//11 81//10
f 84//13 83//14 85//15
f 85//15 83//14 84//13
f 130//16 129//17 128//18
f 128//18 129//17 130//16
f 133//19 132//20 131//21
f 131//21 132//20 133//19
f 156//22 155//23 157//24
f 157//24 155//23 156//22
f 159//25 158//26 160//27
f 160//27 158//26 159//25
f 210//28 209//29 211//30
f 211//30 209//29 210//28
f 213//31 212//32 214//33
f 214//33 212//32 213//31
f 261//34 260//35 262//36
f 262//36 260//35 261//34
f 264//37 263//38 265//39
f 265//39 263//38 264//37
f 274//4 272//4 273//4
f 274//4 273//4 272//4
f 276//40 275//41 277//42
f 277//42 275//41 276//40
f 284//4 282//4 283//4
f 284//4 283//4 282//4
f 287//4 285//4 286//4
f 287//4 286//4 285//4
f 289//4 288//4 290//4
f 290//4 288//4 289//4
f 293//4 291//4 292//4
f 293//4 292//4 291//4
f 307//4 306//4 308//4
f 308//4 306//4 307//4
f 314//4 313//4 315//4
f 315//4 313//4 314//4
f 317//4 316//4 318//4
f 318//4 316//4 317//4
f 321//4 319//4 320//4
f 321//4 320//4 319//4
f 324//4 322//4 323//4
f 324//4 323//4 322//4
f 337//43 338//44 339//45
f 337//43 339//45 340//46
f 341//47 342//48 338//44
f 341//47 338//44 337//43
f 340//46 339//45 342//48
f 340//46 342//48 341//47
f 343//49 344//50 345//51
f 343//49 345//51 346//52
f 347//53 344//50 343//49
f 346//52 348//54 344//50
f 346//52 344//50 347//53
f 346//52 345//51 348//54
f 351//4 349//4 350//4
f 351//4 350//4 349//4
f 354//4 352//4 353//4
f 354//4 353//4 352//4
f 356//4 355//4 357//4
f 357//4 355//4 356//4
f 359//4 358//4 360//4
f 360//4 358//4 359//4
f 366//4 365//4 367//4
f 367//4 365//4 366//4
f 370//4 368//4 369//4
f 370//4 369//4 368//4
f 371//55 372//56 373//57
f 371//55 373//57 374//58
f 375//59 372//56 371//55
f 374//58 376//60 372//56
f 374//58 372//56 375//59
f 374//58 373//57 376//60
f 377//61 378//62 379//63
f 377//61 379//63 380//46
f 381//64 382//65 378//62
f 381//64 378//62 377//61
f 380//46 379//63 382//65
f 380//46 382//65 381//64
f 384//4 383//4 385//4
f 385//4 383//4 384//4
f 388//4 386//4 387//4
f 388//4 387//4 386//4
f 389//49 390//66 391//51
f 389//49 391//51 392//52
f 393//53 390//66 389//49
f 392//52 394//54 390//66
f 392//52 390//66 393//53
f 392//52 391//51 394//54
f 395//49 396//50 397//51
f 395//49 397//51 398//52
f 399//53 396//50 395//49
f 398//52 400//54 396//50
f 398//52 396//50 399//53
f 398//52 397//51 400//54
f 403//4 401//4 402//4
f 403//4 402//4 401//4
f 406//4 404//4 405//4
f 406//4 405//4 404//4
f 408//67 407//68 409//69
f 409//69 407//68 408//67
f 411//4 410//4 412//4
f 412//4 410//4 411//4
f 413//70 414//71 415//72
f 413//70 415//72 416//73
f 417//74 414//71 413//70
f 416//73 418//75 414//71
f 416//73 414//71 417//74
f 416//73 415//72 418//75
f 419//76 420//77 421//78
f 419//76 421//78 422//79
f 419//76 423//80 420//77
f 424//81 421//78 423//80
f 424//81 423//80 419//76
f 422//79 421//78 424//81
f 425//82 426//83 427//84
f 425//82 427//84 428//85
f 429//86 430//87 426//83
f 429//86 426//83 425//82
f 428//85 427//84 430//87
f 428//85 430//87 429//86
f 431//88 432//89 433//90
f 431//88 433//90 434//91
f 435//92 432//89 431//88
f 434//91 436//93 432//89
f 434//91 432//89 435//92
f 434//91 433//90 436//93
f 439//4 437//4 438//4
f 439//4 438//4 437//4
f 449//4 448//4 450//4
f 450//4 448//4 449//4
f 452//4 451//4 453//4
f 453//4 451//4 452//4
f 459//9 458//9 460//9
f 460//9 458//9 459//9
f 462//1 461//1 463//1
f 463//1 461//1 462//1
f 537//94 538//95 539//96
f 537//94 539//96 540//97
f 541//98 542//99 538//95
f 541//98 538//95 537//94
f 540//97 539//96 542//99
f 540//97 542//99 541//98
f 825//100 826//101 827//102
f 825//100 827//102 828//103
f 829//104 830//105 826//101
f 829//104 826//101 825//100
f 828//103 827//102 830//105
f 828//103 830//105 829//104
f 831//106 832//107 833//108
f 831//106 833//108 834//109
f 835//110 836//111 832//107
f 835//110 832//107 831//106
f 834//109 833//108 836//111
f 834//109 836//111 835//110
f 837//106 838//107 839//108
f 837//106 839//108 840//109
f 841//110 842//111 838//107
f 841//110 838//107 837//106
f 840//109 839//108 842//111
f 840//109 842//111 841//110
f 843//112 844//113 845//114
f 843//112 845//114 846//115
f 847//116 848//117 844//113
f 847//116 844//113 843//112
f 846//115 845//114 848//117
f 846//115 848//117 847//116
f 849//118 850//119 851//120
f 849//118 851//120 852//121
f 853//122 854//123 850//119
f 853//122 850//119 849//118
f 852//121 851//120 854//123
f 852//121 854//123 853//122
f 858//106 859//107 860//108
f 858//106 860//108 861//109
f 862//124 863//111 859//107
f 862//124 859//107 858//106
f 861//109 860//108 863//111
f 861//109 863//111 862//124
f 864//106 865//125 866//108
f 864//106 866//108 867//109
f 868//124 869//111 865//125
f 868//124 865//125 864//106
f 867//109 866//108 869//111
f 867//109 869//111 868//124
f 870//126 871//119 872//127
f 870//126 872//127 873//128
f 874//122 875//129 871//119
f 874//122 871//119 870//126
f 873//128 872//127 875//129
f 873//128 875//129 874//122
f 929//130 928//131 927//132
f 928//131 930//133 927//132
f 932//134 928//131 929//130
f 932//134 934//135 928//131
f 934//135 931//136 930//133
f 934//135 930//133 928//131
f 933//137 934//135 932//134
f 933//137 931//136 934//135
f 937//138 936//139 935//140
f 936//139 937//138 935//140
f 927//132 930//133 929//130
f 933//137 932//134 931//136
f 931//136 932//134 929//130
f 931//136 929//130 930//133
f 925//4 926//4 938//4
f 926//4 925//4 938//4
f 943//141 944//142 945//143
f 944//142 943//141 945//143
f 946//144 947//145 948//146
f 947//145 949//147 948//146
f 946//144 950//148 947//145
f 950//148 949//147 947//145
f 949//147 946//144 948//146
f 949//147 950//148 946//144
f 964//149 953//150 954//151
f 955//152 957//153 958//154
f 955//152 958//154 956//155
f 957//153 959//156 958//154
f 960//157 955//152 956//155
f 961//158 956//155 962//159
f 955//152 961//158 962//159
f 955//152 960//157 961//158
f 956//155 963//160 957//153
f 956//155 957//153 962//159
f 955//152 962//159 957//153
f 956//155 958//154 963//160
f 959//156 957//153 963//160
f 958//154 959//156 963//160
f 954//151 953//150 964//149
f 967//161 965//162 966//163
f 965//162 967//161 966//163
f 972//164 973//165 974//166
f 972//164 974//166 975//167
f 976//168 975//167 974//166
f 972//164 977//169 973//165
f 983//170 978//171 979//172
f 983//170 980//173 978//171
f 980//173 981//174 978//171
f 982//175 983//170 979//172
f 982//175 984//176 983//170
f 984//176 980//173 983//170
f 979//172 978//171 984//176
f 982//175 979//172 984//176
f 984//176 985//177 980//173
f 978//171 985//177 984//176
f 985//177 981//174 980//173
f 978//171 981//174 985//177
f 975//167 986//178 972//164
f 976//168 986//178 975//167
f 976//168 974//166 986//178
f 986//178 987//179 972//164
f 974//166 973//165 987//179
f 974//166 987//179 986//178
f 987//179 977//169 972//164
f 973//165 977//169 987//179
f 988//4 989//4 990//4
f 988//4 990//4 989//4
f 995//8 996//8 997//8
f 996//8 995//8 997//8
f 999//4 998//4 1000//4
f 998//4 999//4 1000//4
f 1001//180 1002//180 1003//180
f 1002//180 1001//180 1003//180
f 1004//4 1005//4 1006//4
f 1005//4 1004//4 1006//4
f 1008//181 1007//182 1009//180
f 1007//182 1008//181 1009//180
f 1011//9 1010//9 1012//9
f 1010//9 1011//9 1012//9
f 1013//4 1014//4 1015//4
f 1015//4 1014//4 1013//4
f 1016//183 1017//184 1018//183
f 1017//184 1016//183 1018//183
f 1019//4 1020//4 1021//4
f 1021//4 1020//4 1019//4
f 1022//185 1023//186 1024//186
f 1023//186 1022//185 1024//186
f 1025//187 1026//188 1027//189
f 1026//188 1025//187 1027//189
f 1028//190 1029//191 1030//191
f 1029//191 1028//190 1030//191
f 1032//180 1031//180 1033//4
f 1031//180 1032//180 1033//4
f 1035//180 1034//180 1036//4
f 1034//180 1035//180 1036//4
f 1038//4 1037//4 1039//4
f 1037//4 1038//4 1039//4
f 1040//192 1041//193 1042//194
f 1041//193 1040//192 1042//194
f 1043//195 1044//196 1045//197
f 1044//196 1043//195 1045//197
f 1046//6 1047//6 1048//6
f 1047//6 1046//6 1048//6
f 1049//198 1050//199 1051//198
f 1050//199 1049//198 1051//198
f 1052//7 1053//7 1054//7
f 1053//7 1052//7 1054//7
f 1055//200 1056//201 1057//201
f 1056//201 1055//200 1057//201
f 1058//202 1059//202 1060//202
f 1059//202 1058//202 1060//202
f 1061//203 1062//204 1063//204
f 1063//204 1062//204 1061//203
f 1064//205 1065//206 1066//206
f 1065//206 1064//205 1066//206
f 1067//4 1068//4 1069//4
f 1068//4 1067//4 1069//4
f 1070//6 1071//6 1072//6
f 1071//6 1070//6 1072//6
f 1073//9 1074//9 1075//9
f 1074//9 1073//9 1075//9
f 1078//207 1076//208 1077//209
f 1077//209 1076//208 1078//207
f 1081//4 1080//4 1079//4
f 1081//4 1079//4 1080//4
f 1082//210 1083//211 1084//212
f 1082//210 1084//212 1085//213
f 1086//214 1083//211 1082//210
f 1086//214 1082//210 1087//215
f 1087//215 1085//213 1084//212
f 1087//215 1084//212 1086//214
f 1089//9 1088//9 1090//9
f 1090//9 1088//9 1089//9
f 1093//216 1094//217 1095//218
f 1093//216 1095//218 1096//219
f 1097//220 1094//217 1093//216
f 1097//220 1093//216 1098//221
f 1098//221 1096//219 1095//218
f 1098//221 1095//218 1097//220
f 1099//4 1100//4 1101//4
f 1099//4 1101//4 1100//4
f 1102//222 1103//223 1104//224
f 1104//224 1103//223 1105//225
f 1104//224 1105//225 1106//226
f 1102//222 1104//224 1107//227
f 1102//222 1107//227 1105//225
f 1106//226 1105//225 1107//227
f 1108//228 1109//229 1110//230
f 1108//228 1110//230 1111//231
f 1110//230 1109//229 1112//232
f 1110//230 1112//232 1113//233
f 1108//228 1111//231 1113//233
f 1108//228 1113//233 1112//232
f 1116//234 1117//235 1118//236
f 1116//234 1118//236 1119//237
f 1120//238 1117//235 1116//234
f 1120//238 1116//234 1121//239
f 1121//239 1119//237 1118//236
f 1121//239 1118//236 1120//238
f 1125//240 1126//241 1127//242
f 1125//240 1127//242 1128//243
f 1129//244 1126//241 1125//240
f 1129//244 1125//240 1130//245
f 1130//245 1128//243 1127//242
f 1130//245 1127//242 1129//244
f 1131//246 1132//4 1133//247
f 1132//4 1131//246 1134//248
f 1134//248 1133//247 1132//4
f 1142//249 1141//250 1143//251
f 1143//251 1141//250 1142//249
f 1144//252 1145//253 1146//254
f 1147//255 1145//253 1144//252
f 1147//255 1144//252 1148//256
f 1148//256 1146//254 1145//253
f 1148//256 1145//253 1149//257
f 1149//257 1147//255 1148//256
f 1150//258 1151//259 1152//260
f 1150//258 1152//260 1153//261
f 1151//259 1150//258 1154//262
f 1153//261 1152//260 1155//263
f 1155//263 1151//259 1154//262
f 1155//263 1154//262 1153//261
f 1157//1 1156//1 1158//4
f 1158//4 1156//1 1157//1
f 1161//4 1160//4 1159//4
f 1159//4 1160//4 1161//4
f 1164//9 1163//4 1162//4
f 1162//4 1163//4 1164//9
f 1166//264 1165//265 1167//265
f 1167//265 1165//265 1166//264
f 1169//8 1168//8 1170//8
f 1170//8 1168//8 1169//8
f 1173//4 1172//4 1171//4
f 1171//4 1172//4 1173//4
f 1175//6 1174//6 1176//6
f 1176//6 1174//6 1175//6
f 1178//266 1177//267 1179//267
f 1179//267 1177//267 1178//266
f 1181//268 1180//269 1182//269
f 1182//269 1180//269 1181//268
f 1184//270 1183//271 1185//271
f 1185//271 1183//271 1184//270
f 1188//8 1187//8 1186//8
f 1186//8 1187//8 1188//8
f 1191//9 1190//9 1189//9
f 1189//9 1190//9 1191//9
f 1194//4 1193//4 1192//4
f 1192//4 1193//4 1194//4
f 1197//4 1195//4 1196//4
f 1196//4 1195//4 1197//4
f 1200//4 1199//4 1198//4
f 1200//4 1198//4 1199//4
f 1201//4 1202//4 1203//4
f 1201//4 1203//4 1202//4
f 1204//4 1205//4 1206//4
f 1205//4 1204//4 1206//4
f 1207//1 1208//4 1209//1
f 1209//1 1208//4 1207//1
f 1210//4 1211//4 1212//4
f 1210//4 1212//4 1211//4
f 1213//272 1214//273 1215//272
f 1214//273 1213//272 1215//272
f 1216//4 1217//4 1218//4
f 1216//4 1218//4 1217//4
f 1219//4 1220//4 1221//4
f 1219//4 1221//4 1220//4
f 1222//274 1223//275 1224//276
f 1222//274 1224//276 1225//277
f 1231//4 1232//4 1233//4
f 1234//278 1235//278 1236//279
f 1234//278 1236//279 1237//279
f 1242//280 1243//281 1244//282
f 1245//283 1246//284 1247//285
f 1248//286 1249//287 1250//288
f 1248//286 1250//288 1251//289
f 1254//290 1255//291 1256//292
f 1254//290 1256//292 1257//293
f 1262//294 1261//295 1260//296
f 1265//297 1266//298 1267//299
f 1268//283 1269//300 1270//301
f 1271//302 7//3 5//2
f 1271//302 5//2 1272//302
f 1277//303 1278//304 1279//305
f 1277//303 1279//305 1280//306
f 1285//9 1286//9 1287//9
f 1288//280 1289//281 1290//282
f 1291//283 1292//284 1293//285
f 1294//297 1295//298 1296//299
f 1297//283 1298//300 1299//301
f 1300//280 1301//281 1302//282
f 1303//283 1304//284 1305//285
f 1306//307 1307//308 1308//309
f 1309//310 1310//311 1311//312
f 1312//313 1313//314 1314//315
f 1315//316 1316//317 1317//318
f 1320//4 1319//4 1318//4
f 1320//4 1318//4 1319//4
f 1321//319 1322//320 1323//321
f 1324//322 1321//319 1323//321
f 1323//321 1322//320 1324//322
f 1325//323 1326//324 1327//325
f 1328//326 1325//323 1327//325
f 1327//325 1326//324 1328//326
f 1331//1 1329//1 1330//1
f 1330//1 1329//1 1331//1
f 1332//1 1333//1 1334//1
f 1334//1 1333//1 1332//1
f 1335//4 1336//4 1337//4
f 1335//4 1337//4 1336//4
f 1338//327 1339//328 1340//329
f 1339//328 1338//327 1340//329
f 1352//4 1351//4 1353//4
f 1352//4 1353//4 1351//4
f 1355//4 1354//4 1356//4
f 1355//4 1356//4 1354//4
f 1358//4 1357//4 1359//4
f 1358//4 1359//4 1357//4
f 1360//330 1362//331 1361//330
f 1362//331 1360//330 1361//330
f 1363//1 1364//1 1365//1
f 1365//1 1364//1 1363//1
f 1366//4 1367//4 1368//4
f 1366//4 1368//4 1367//4
f 1369//9 1370//9 1371//9
f 1370//9 1369//9 1371//9
f 1380//332 1381//333 1382//334
f 1380//332 1382//334 1383//335
f 1383//335 1381//333 1380//332
f 1384//1 1385//1 1386//1
f 1385//1 1384//1 1386//1
f 1389//4 1388//4 1387//4
f 1389//4 1387//4 1388//4
f 1390//180 1391//180 1392//180
f 1391//180 1390//180 1392//180
f 1394//4 1395//4 1393//4
f 1394//4 1393//4 1395//4
f 1396//336 1397//337 1398//337
f 1398//337 1397//337 1396//336
f 1399//338 1400//339 1401//340
f 1400//339 1399//338 1402//341
f 1402//341 1401//340 1400//339
f 1222//274 1227//342 1226//343
f 1222//274 1226//343 1223//275
f 1227//342 1224//276 1226//343
f 1225//277 1224//276 1227//342
f 1228//4 1229//4 1230//4
f 1228//4 1230//4 1229//4
f 1232//4 1231//4 1233//4
f 1234//278 1239//180 1238//180
f 1234//278 1238//180 1235//278
f 1237//279 1238//180 1239//180
f 1237//279 1236//279 1238//180
f 1246//284 1245//283 1243//281
f 1242//280 1246//284 1243//281
f 1247//285 1244//282 1245//283
f 1242//280 1244//282 1247//285
f 1248//286 1253//344 1252//345
f 1248//286 1252//345 1249//287
f 1253//344 1250//288 1252//345
f 1251//289 1250//288 1253//344
f 1259//346 1258//347 1255//291
f 1254//290 1259//346 1255//291
f 1257//293 1258//347 1259//346
f 1257//293 1256//292 1258//347
f 1260//296 1261//295 1262//294
f 1269//300 1268//283 1266//298
f 1265//297 1269//300 1266//298
f 1270//301 1267//299 1268//283
f 1265//297 1267//299 1270//301
f 1272//302 6//1 1271//302
f 4//1 6//1 1272//302
f 1279//305 1278//304 1276//348
f 1275//349 1279//305 1276//348
f 1280//306 1276//348 1277//303
f 1275//349 1276//348 1280//306
f 1286//9 1285//9 1287//9
f 1292//284 1291//283 1289//281
f 1288//280 1292//284 1289//281
f 1293//285 1290//282 1291//283
f 1288//280 1290//282 1293//285
f 1298//300 1297//283 1295//298
f 1294//297 1298//300 1295//298
f 1299//301 1296//299 1297//283
f 1294//297 1296//299 1299//301
f 1304//284 1303//283 1301//281
f 1300//280 1304//284 1301//281
f 1305//285 1302//282 1303//283
f 1300//280 1302//282 1305//285
f 1310//311 1309//310 1307//308
f 1306//307 1310//311 1307//308
f 1311//312 1308//309 1309//310
f 1306//307 1308//309 1311//312
f 1316//317 1315//316 1313//314
f 1312//313 1316//317 1313//314
f 1312//313 1315//316 1317//318
f 1312//313 1314//315 1315//316
f 917//4 916//4 913//4
f 916//4 917//4 913//4
f 919//4 918//4 912//4
f 918//4 919//4 912//4
f 915//4 914//4 920//4
f 914//4 915//4 920//4
f 1407//4 1408//4 1409//4
f 1407//4 1409//4 1408//4
f 1419//4 1420//4 1421//4
f 1419//4 1421//4 1420//4
f 1423//4 1422//4 1424//4
f 1423//4 1424//4 1422//4
f 1446//4 1447//4 1445//4
f 1446//4 1445//4 1447//4
f 1448//350 1449//351 1450//352
f 1448//350 1450//352 1451//353
f 1451//353 1450//352 1452//354
f 1449//351 1448//350 1453//355
f 1452//354 1449//351 1453//355
f 1452//354 1453//355 1451//353
f 1456//356 1454//357 1455//358
f 1455//358 1454//357 1456//356
f 1457//359 1458//360 1459//361
f 1459//361 1458//360 1457//359
f 1462//4 1463//4 1464//4
f 1463//4 1462//4 1464//4
f 1465//362 1466//363 1467//364
f 1467//364 1466//363 1465//362
f 1468//4 1469//4 1470//4
f 1468//4 1470//4 1469//4
f 1471//4 1472//4 1473//4
f 1471//4 1473//4 1472//4
f 1477//4 1476//4 1478//4
f 1477//4 1478//4 1476//4
f 1479//4 1480//4 1481//4
f 1479//4 1481//4 1480//4
f 1482//365 1483//366 1484//367
f 1483//366 1482//365 1484//367
f 1485//4 1486//4 1487//4
f 1485//4 1487//4 1486//4
f 1488//368 1489//369 1490//370
f 1489//369 1488//368 1490//370
f 1493//4 1492//4 1491//4
f 1493//4 1491//4 1492//4
f 1498//371 1499//372 1500//373
f 1500//373 1499//372 1498//371
f 1501//374 1502//375 1503//376
f 1503//376 1502//375 1501//374
f 1504//377 1505//378 1506//378
f 1506//378 1505//378 1504//377
f 1507//4 1508//4 1509//4
f 1507//4 1509//4 1508//4
f 1510//354 1511//351 1512//355
f 1510//354 1512//355 1513//353
f 1514//352 1510//354 1513//353
f 1515//350 1512//355 1511//351
f 1515//350 1511//351 1514//352
f 1515//350 1514//352 1513//353
f 1516//379 1517//4 1518//380
f 1518//380 1517//4 1516//379
f 1521//381 1519//382 1520//383
f 1520//383 1519//382 1521//381
f 1524//4 1523//4 1522//4
f 1524//4 1522//4 1523//4
f 1525//384 1526//385 1527//385
f 1526//385 1525//384 1527//385
f 1528//386 1529//387 1530//388
f 1529//387 1528//386 1530//388
f 1531//389 1532//390 1533//391
f 1533//391 1532//390 1531//389
f 1534//4 1535//4 1536//4
f 1536//4 1535//4 1534//4
f 1539//392 1537//393 1538//394
f 1538//394 1537//393 1539//392
f 1542//395 1540//396 1541//397
f 1541//397 1540//396 1542//395
f 1543//4 1544//4 1545//4
f 1543//4 1545//4 1544//4
f 1546//398 1547//399 1548//400
f 1547//399 1546//398 1548//400
f 1549//4 1550//4 1551//4
f 1549//4 1551//4 1550//4
f 1552//4 1553//4 1554//4
f 1552//4 1554//4 1553//4
f 1556//4 1555//4 1557//4
f 1556//4 1557//4 1555//4
f 1558//401 1559//402 1560//403
f 1560//403 1559//402 1558//401
f 1564//4 1565//4 1566//4
f 1564//4 1566//4 1565//4
f 1567//4 1568//4 1569//4
f 1567//4 1569//4 1568//4
f 1570//404 1571//405 1572//406
f 1572//406 1571//405 1570//404
f 1573//4 1574//4 1575//4
f 1574//4 1573//4 1575//4
f 1576//4 1577//4 1578//4
f 1576//4 1578//4 1577//4
f 1579//407 1580//408 1581//409
f 1579//407 1582//410 1583//411
f 1579//407 1583//411 1580//408
f 1582//410 1584//412 1583//411
f 1584//412 1582//410 1581//409
f 1584//412 1581//409 1580//408
f 1585//413 1586//414 1587//415
f 1585//413 1587//415 1588//416
f 1587//415 1589//417 1588//416
f 1589//417 1586//414 1590//418
f 1589//417 1590//418 1588//416
f 1590//418 1586//414 1585//413
f 1591//419 1592//420 1593//421
f 1591//419 1593//421 1594//422
f 1593//421 1595//423 1594//422
f 1595//423 1592//420 1596//424
f 1595//423 1596//424 1594//422
f 1596//424 1592//420 1591//419
f 1597//425 1598//426 1599//427
f 1597//425 1599//427 1600//428
f 1599//427 1601//429 1600//428
f 1601//430 1598//426 1597//425
f 1602//431 1603//432 1604//433
f 1602//431 1604//433 1605//434
f 1604//433 1606//435 1605//434
f 1606//435 1603//432 1607//436
f 1606//435 1607//436 1605//434
f 1607//436 1603//432 1602//431
f 1608//437 1609//438 1610//439
f 1608//437 1610//439 1611//440
f 1610//439 1612//441 1611//440
f 1612//441 1609//438 1613//442
f 1612//441 1613//442 1611//440
f 1613//442 1609//438 1608//437
f 1614//443 1615//444 1616//445
f 1614//443 1616//445 1617//446
f 1616//445 1618//447 1617//446
f 1618//447 1615//444 1619//448
f 1618//447 1619//448 1617//446
f 1619//448 1615//444 1614//443
f 1620//449 1621//450 1622//451
f 1620//449 1622//451 1623//452
f 1622//451 1624//453 1623//452
f 1624//453 1621//450 1625//454
f 1624//453 1625//454 1623//452
f 1625//454 1621//450 1620//449
f 1626//455 1627//456 1628//457
f 1626//455 1628//457 1629//458
f 1628//457 1630//459 1629//458
f 1630//459 1627//456 1631//460
f 1630//459 1631//460 1629//458
f 1631//460 1627//456 1626//455
f 1632//461 1633//462 1634//463
f 1632//461 1634//463 1635//464
f 1634//463 1636//465 1635//464
f 1636//465 1633//462 1637//466
f 1636//465 1637//466 1635//464
f 1637//466 1633//462 1632//461
f 1638//467 1639//468 1640//469
f 1638//467 1640//469 1641//470
f 1640//469 1642//471 1641//470
f 1642//471 1639//468 1643//472
f 1642//471 1643//472 1641//470
f 1643//472 1639//468 1638//467
f 1644//473 1645//474 1646//475
f 1644//473 1646//475 1647//476
f 1646//475 1648//477 1647//476
f 1648//477 1645//474 1649//478
f 1648//477 1649//478 1647//476
f 1649//478 1645//474 1644//473
f 1650//479 1651//480 1652//481
f 1650//479 1652//481 1653//482
f 1652//481 1654//483 1653//482
f 1654//483 1651//480 1655//484
f 1654//483 1655//484 1653//482
f 1655//484 1651//480 1650//479
f 1656//485 1657//486 1658//487
f 1656//485 1658//487 1659//488
f 1658//487 1660//489 1659//488
f 1660//489 1657//486 1661//490
f 1660//489 1661//490 1659//488
f 1661//490 1657//486 1656//485
f 1662//491 1663//492 1664//493
f 1662//491 1664//493 1665//494
f 1664//493 1666//495 1665//494
f 1666//495 1663//492 1667//496
f 1666//495 1667//496 1665//494
f 1667//496 1663//492 1662//491
f 1668//497 1669//498 1670//499
f 1668//497 1670//499 1671//500
f 1670//499 1672//501 1671//500
f 1672//501 1669//498 1673//502
f 1672//501 1673//502 1671//500
f 1673//502 1669//498 1668//497
f 1674//503 1675//504 1676//505
f 1674//503 1676//505 1677//506
f 1676//505 1678//507 1677//506
f 1678//507 1675//504 1679//508
f 1678//507 1679//508 1677//506
f 1679//508 1675//504 1674//503
f 1680//509 1681//510 1682//511
f 1680//509 1682//511 1683//512
f 1682//511 1684//513 1683//512
f 1684//513 1681//510 1685//514
f 1684//513 1685//514 1683//512
f 1685//514 1681//510 1680//509
f 1686//515 1687//516 1688//517
f 1686//515 1688//517 1689//518
f 1688//517 1690//519 1689//518
f 1690//520 1687//516 1686//515
f 1691//521 1694//522 1693//523
f 1694//522 1692//524 1695//525
f 1694//522 1695//525 1693//523
f 1695//525 1692//524 1691//526
f 1696//527 1697//528 1698//529
f 1696//527 1698//529 1699//530
f 1698//529 1700//531 1699//530
f 1700//532 1697//528 1696//527
f 1701//533 1702//534 1703//535
f 1701//533 1703//535 1704//536
f 1703//535 1705//537 1704//536
f 1705//538 1702//534 1701//533
f 1706//539 1707//540 1708//541
f 1706//539 1708//541 1709//542
f 1708//541 1710//543 1709//542
f 1710//544 1707//540 1706//539
f 1711//545 1714//546 1713//547
f 1714//546 1712//548 1715//549
f 1714//546 1715//549 1713//547
f 1715//549 1712//548 1711//550
f 1716//551 1717//552 1718//553
f 1718//553 1719//554 1720//555
f 1718//553 1720//555 1716//551
f 1719//554 1721//556 1720//555
f 1721//556 1719//554 1717//552
f 1721//556 1717//552 1716//551
f 1722//557 1723//412 1724//411
f 1724//411 1725//408 1726//407
f 1724//411 1726//407 1722//557
f 1725//408 1727//409 1726//407
f 1727//409 1725//408 1723//412
f 1727//409 1723//412 1722//557
f 1728//558 1729//559 1730//560
f 1730//560 1731//561 1732//562
f 1730//560 1732//562 1728//558
f 1731//561 1733//563 1732//562
f 1733//563 1731//561 1729//559
f 1733//563 1729//559 1728//558
f 1734//564 1735//565 1736//566
f 1736//566 1737//567 1738//568
f 1736//566 1738//568 1734//564
f 1737//567 1739//569 1738//568
f 1739//569 1737//567 1735//565
f 1739//569 1735//565 1734//564
f 1740//570 1743//571 1742//572
f 1743//571 1741//573 1744//574
f 1743//571 1744//574 1742//572
f 1744//574 1741//573 1740//575
f 1745//567 1746//576 1747//577
f 1747//577 1748//578 1749//579
f 1747//577 1749//579 1745//567
f 1748//578 1750//580 1749//579
f 1750//580 1748//578 1746//576
f 1750//580 1746//576 1745//567
f 1751//581 1752//582 1753//583
f 1753//583 1754//584 1755//585
f 1753//583 1755//585 1751//581
f 1754//584 1756//586 1755//585
f 1756//586 1754//584 1752//582
f 1756//586 1752//582 1751//581
f 1757//584 1758//586 1759//585
f 1759//585 1760//581 1761//583
f 1759//585 1761//583 1757//584
f 1760//581 1762//582 1761//583
f 1762//582 1760//581 1758//586
f 1762//582 1758//586 1757//584
f 1764//8 1765//8 1766//8
f 1766//8 1765//8 1764//8
f 1767//181 1768//181 1769//181
f 1768//181 1767//181 1769//181
f 1770//4 1771//4 1772//4
f 1770//4 1772//4 1771//4
f 1773//4 1774//4 1775//4
f 1773//4 1775//4 1774//4
f 1777//587 1778//587 1776//588
f 1776//588 1778//587 1777//587
f 1780//589 1781//590 1779//589
f 1779//589 1781//590 1780//589
f 1782//591 1784//592 1783//593
f 1784//592 1782//591 1783//593
f 1785//7 1787//7 1786//7
f 1787//7 1785//7 1786//7
f 1788//6 1790//6 1789//6
f 1790//6 1788//6 1789//6
f 1791//4 1792//4 1793//4
f 1792//4 1791//4 1793//4
f 1794//594 1795//595 1796//596
f 1794//594 1796//596 1797//597
f 1794//594 1798//598 1795//595
f 1799//599 1794//594 1797//597
f 1795//595 1798//598 1799//599
f 1795//595 1799//599 1797//597
f 1800//600 1801//601 1802//602
f 1802//603 1801//604 1805//605
f 1802//603 1805//605 1806//606
f 1802//607 1807//608 1801//609
f 1805//605 1807//610 1806//606
f 1808//611 1809//612 1810//613
f 1811//614 1808//611 1810//613
f 1812//615 1809//616 1808//617
f 1812//615 1808//617 1811//618
f 1810//613 1809//612 1812//619
f 1810//613 1812//619 1811//614
f 1813//620 1814//621 1809//622
f 1813//620 1809//622 1808//617
f 1815//623 1813//620 1808//617
f 1815//623 1808//617 1811//618
f 1812//624 1809//622 1814//621
f 1812//624 1814//621 1815//623
f 1812//624 1815//623 1811//618
f 1820//625 1821//626 1818//627
f 1819//628 1821//626 1820//625
f 1822//629 1823//630 1824//631
f 1825//632 1826//633 1823//630
f 1825//632 1823//630 1822//629
f 1822//629 1824//631 1826//633
f 1822//629 1826//633 1827//634
f 1833//635 1834//636 1831//637
f 1835//638 1836//639 1837//640
f 1838//641 1836//639 1835//638
f 1832//642 1834//636 1833//635
f 1842//643 1843//644 1844//645
f 1842//643 1844//645 1845//646
f 1846//647 1847//648 1843//644
f 1846//647 1843//644 1842//643
f 1845//646 1844//645 1847//648
f 1845//646 1847//648 1846//647
f 1848//649 1849//650 1850//651
f 1848//649 1850//651 1851//652
f 1848//649 1852//653 1849//650
f 1853//654 1850//651 1852//653
f 1853//654 1852//653 1848//649
f 1851//652 1850//651 1853//654
f 1857//655 1858//656 1859//657
f 1860//658 1861//659 1858//656
f 1860//658 1858//656 1857//655
f 1862//660 1861//659 1860//658
f 1857//655 1859//657 1861//659
f 1857//655 1861//659 1862//660
f 1865//661 1866//662 1864//663
f 1865//661 1864//663 1863//664
f 1867//665 1868//666 1866//662
f 1867//665 1866//662 1865//661
f 1863//664 1864//663 1868//666
f 1863//664 1868//666 1867//665
f 1872//667 1873//668 1874//669
f 1875//670 1873//668 1872//667
f 1875//670 1872//667 1876//671
f 1874//669 1873//668 1877//672
f 1874//669 1877//672 1876//671
f 1877//672 1875//670 1876//671
f 1878//673 1879//674 1880//675
f 1881//676 1882//677 1883//678
f 1879//674 1878//673 1882//677
f 1879//674 1882//677 1881//676
f 1883//678 1878//673 1880//675
f 1883//678 1880//675 1881//676
f 1884//679 1885//680 1886//681
f 1885//680 1887//682 1888//683
f 1885//680 1888//683 1886//681
f 1888//683 1887//682 1884//684
f 1890//685 1889//686 1891//687
f 1892//688 1889//686 1890//685
f 1911//689 1912//690 1913//691
f 1911//689 1913//691 1914//692
f 1914//692 1913//691 1915//693
f 1912//690 1911//689 1915//694
f 1916//695 1917//696 1918//697
f 1916//695 1918//697 1919//698
f 1918//697 1917//696 1920//699
f 1920//700 1916//695 1919//698
f 1921//701 1922//702 1923//703
f 1925//704 1921//705 1924//706
f 1923//703 1922//702 1925//704
f 1923//703 1925//704 1924//706
f 1926//707 1927//708 1928//709
f 1929//710 1930//711 1927//708
f 1929//710 1927//708 1926//707
f 1930//711 1929//710 1931//712
f 1928//709 1930//711 1931//712
f 1928//709 1931//712 1926//707
f 1932//713 1933//714 1934//715
f 1935//716 1936//717 1933//714
f 1935//716 1933//714 1932//713
f 1936//717 1935//716 1937//718
f 1934//715 1936//717 1937//718
f 1934//715 1937//718 1932//713
f 1938//719 1939//720 1940//721
f 1940//721 1939//720 1941//722
f 1940//721 1941//722 1942//723
f 1941//722 1943//724 1942//723
f 1938//719 1942//723 1943//724
f 1938//719 1943//724 1939//720
f 1944//725 1945//726 1946//727
f 1947//728 1944//725 1946//727
f 1947//728 1946//727 1948//729
f 1948//729 1949//730 1947//728
f 1945//726 1944//725 1949//730
f 1945//726 1949//730 1948//729
f 1950//731 1951//732 1952//733
f 1953//734 1954//735 1951//732
f 1953//734 1951//732 1950//731
f 1954//735 1953//734 1955//736
f 1952//733 1954//735 1955//736
f 1952//733 1955//736 1950//731
f 1956//737 1957//738 1958//739
f 1958//739 1957//738 1959//740
f 1960//741 1957//738 1956//737
f 1960//741 1956//737 1961//742
f 1958//739 1960//741 1961//742
f 1960//741 1958//739 1959//740
f 1964//743 1962//744 1965//745
f 1964//743 1966//746 1962//744
f 1962//744 1963//747 1965//745
f 1963//747 1966//746 1964//743
f 1963//747 1964//743 1967//748
f 1963//747 1967//748 1965//745
f 1970//749 1968//750 1971//751
f 1970//749 1972//752 1968//750
f 1968//750 1969//753 1971//751
f 1969//753 1972//752 1970//749
f 1969//753 1970//749 1973//754
f 1969//753 1973//754 1971//751
f 1974//755 1975//756 1976//757
f 1976//757 1977//758 1978//759
f 1976//757 1978//759 1974//755
f 1975//756 1979//760 1976//757
f 1975//756 1978//759 1977//758
f 1977//758 1979//760 1975//756
f 1982//761 1980//762 1983//763
f 1982//761 1984//764 1980//762
f 1980//762 1981//765 1983//763
f 1981//765 1984//764 1982//761
f 1981//765 1982//761 1985//766
f 1981//765 1985//766 1983//763
f 1998//767 1995//768 1997//769
f 1999//770 1995//771 1996//772
f 1999//770 1996//772 1998//767
f 1999//770 1998//767 1997//769
f 2015//773 2012//774 2014//775
f 2016//776 2012//777 2013//778
f 2016//776 2013//778 2015//773
f 2016//776 2015//773 2014//775
f 2020//779 2017//780 2019//781
f 2021//782 2017//783 2018//784
f 2021//782 2018//784 2020//779
f 2021//782 2020//779 2019//781
f 2022//785 2023//786 2024//787
f 2022//785 2024//787 2025//788
f 2026//789 2022//785 2025//788
f 2027//790 2024//787 2023//786
f 2027//790 2023//786 2026//789
f 2027//790 2026//789 2025//788
f 2034//791 2035//792 2036//793
f 2037//794 2034//791 2036//793
f 2037//794 2036//793 2038//795
f 2035//792 2034//791 2038//796
f 2039//797 2040//798 2041//799
f 2042//800 2040//798 2043//801
f 2042//800 2043//801 2041//802
f 2040//798 2039//797 2043//801
f 2047//803 2048//804 2049//805
f 2051//806 2048//804 2050//807
f 2051//806 2050//807 2047//808
f 2051//806 2049//805 2048//804
f 2053//809 2054//810 2055//811
f 2053//809 2055//811 2052//812
f 2054//810 2056//813 2055//811
f 2056//813 2054//810 2052//814
f 2057//815 2058//816 2059//817
f 2057//815 2060//818 2058//816
f 2061//819 2058//816 2060//818
f 2061//819 2060//818 2059//820
f 2062//821 2063//822 2064//823
f 2065//824 2063//822 2062//821
f 2065//824 2062//821 2066//825
f 2064//823 2063//822 2066//826
f 2073//827 2074//828 2075//829
f 2075//829 2074//828 2076//830
f 2075//829 2076//830 2077//831
f 2077//832 2074//828 2073//827
f 2082//833 2081//834 2084//835
f 2085//836 2082//833 2084//835
f 2085//836 2084//835 2083//837
f 2083//837 2081//838 2085//836
f 2089//839 2086//840 2088//841
f 2090//842 2086//843 2087//844
f 2090//842 2087//844 2089//839
f 2090//842 2089//839 2088//841
f 2091//845 2092//846 2093//847
f 2091//845 2093//847 2094//848
f 2091//845 2095//849 2092//846
f 2096//850 2091//845 2094//848
f 2092//846 2095//849 2096//850
f 2092//846 2096//850 2094//848
f 2097//851 2098//852 2099//853
f 2099//854 2098//855 2102//856
f 2099//854 2102//856 2103//857
f 2099//858 2104//859 2098//860
f 2102//856 2104//861 2103//857
f 2105//862 2106//863 2107//864
f 2108//865 2105//862 2107//864
f 2109//866 2106//867 2105//868
f 2109//866 2105//868 2108//869
f 2107//864 2106//863 2109//870
f 2107//864 2109//870 2108//865
f 2110//871 2111//872 2106//873
f 2110//871 2106//873 2105//868
f 2112//874 2110//871 2105//868
f 2112//874 2105//868 2108//869
f 2109//875 2106//873 2111//872
f 2109//875 2111//872 2112//874
f 2109//875 2112//874 2108//869
f 2118//876 2119//877 2120//878
f 2121//879 2122//880 2119//877
f 2121//879 2119//877 2118//876
f 2118//876 2120//878 2122//880
f 2118//876 2122//880 2123//881
f 2129//882 2130//883 2127//884
f 2131//885 2132//886 2133//887
f 2134//888 2132//886 2131//885
f 2128//889 2130//883 2129//882
f 2138//890 2139//891 2140//892
f 2138//890 2140//892 2141//893
f 2142//894 2143//895 2139//891
f 2142//894 2139//891 2138//890
f 2141//893 2140//892 2143//895
f 2141//893 2143//895 2142//894
f 2144//896 2145//897 2146//898
f 2144//896 2146//898 2147//899
f 2144//896 2148//900 2145//897
f 2149//901 2146//898 2148//900
f 2149//901 2148//900 2144//896
f 2147//899 2146//898 2149//901
f 2153//902 2154//903 2155//904
f 2156//905 2157//906 2154//903
f 2156//905 2154//903 2153//902
f 2158//907 2157//906 2156//905
f 2153//902 2155//904 2157//906
f 2153//902 2157//906 2158//907
f 2161//908 2162//909 2160//910
f 2161//908 2160//910 2159//911
f 2163//912 2164//913 2162//909
f 2163//912 2162//909 2161//908
f 2159//911 2160//910 2164//913
f 2159//911 2164//913 2163//912
f 2168//914 2169//915 2170//916
f 2171//917 2169//915 2168//914
f 2171//917 2168//914 2172//918
f 2170//916 2169//915 2173//919
f 2170//916 2173//919 2172//918
f 2173//919 2171//917 2172//918
f 2174//920 2175//921 2176//922
f 2177//923 2178//924 2179//925
f 2175//921 2174//920 2178//924
f 2175//921 2178//924 2177//923
f 2179//925 2174//920 2176//922
f 2179//925 2176//922 2177//923
f 2180//926 2181//927 2182//928
f 2181//927 2183//929 2184//930
f 2181//927 2184//930 2182//928
f 2184//930 2183//929 2180//931
f 2186//932 2185//933 2187//934
f 2188//935 2185//933 2186//932
f 2207//936 2208//937 2209//938
f 2207//936 2209//938 2210//939
f 2210//939 2209//938 2211//940
f 2208//937 2207//936 2211//941
f 2212//942 2213//943 2214//944
f 2212//942 2214//944 2215//945
f 2214//944 2213//943 2216//946
f 2216//947 2212//942 2215//945
f 2217//948 2218//949 2219//950
f 2221//951 2217//952 2220//953
f 2219//950 2218//949 2221//951
f 2219//950 2221//951 2220//953
f 2222//954 2223//955 2224//956
f 2225//957 2226//958 2223//955
f 2225//957 2223//955 2222//954
f 2226//958 2225//957 2227//959
f 2224//956 2226//958 2227//959
f 2224//956 2227//959 2222//954
f 2228//960 2229//961 2230//962
f 2231//963 2232//964 2229//961
f 2231//963 2229//961 2228//960
f 2232//964 2231//963 2233//965
f 2230//962 2232//964 2233//965
f 2230//962 2233//965 2228//960
f 2234//966 2235//967 2236//968
f 2236//968 2235//967 2237//969
f 2236//968 2237//969 2238//970
f 2237//969 2239//971 2238//970
f 2234//966 2238//970 2239//971
f 2234//966 2239//971 2235//967
f 2240//972 2241//973 2242//974
f 2243//975 2240//972 2242//974
f 2243//975 2242//974 2244//976
f 2244//976 2245//977 2243//975
f 2241//973 2240//972 2245//977
f 2241//973 2245//977 2244//976
f 2246//978 2247//979 2248//980
f 2249//981 2250//982 2247//979
f 2249//981 2247//979 2246//978
f 2250//982 2249//981 2251//983
f 2248//980 2250//982 2251//983
f 2248//980 2251//983 2246//978
f 2252//984 2253//985 2254//986
f 2254//986 2253//985 2255//987
f 2256//988 2253//985 2252//984
f 2256//988 2252//984 2257//989
f 2254//986 2256//988 2257//989
f 2256//988 2254//986 2255//987
f 2260//990 2258//991 2261//992
f 2260//990 2262//993 2258//991
f 2258//991 2259//994 2261//992
f 2259//994 2262//993 2260//990
f 2259//994 2260//990 2263//995
f 2259//994 2263//995 2261//992
f 2266//996 2264//997 2267//998
f 2266//996 2268//999 2264//997
f 2264//997 2265//1000 2267//998
f 2265//1000 2268//999 2266//996
f 2265//1000 2266//996 2269//1001
f 2265//1000 2269//1001 2267//998
f 2270//1002 2271//1003 2272//1004
f 2272//1004 2273//1005 2274//1006
f 2272//1004 2274//1006 2270//1002
f 2271//1003 2275//1007 2272//1004
f 2271//1003 2274//1006 2273//1005
f 2273//1005 2275//1007 2271//1003
f 2278//1008 2276//1009 2279//1010
f 2278//1008 2280//1011 2276//1009
f 2276//1009 2277//1012 2279//1010
f 2277//1012 2280//1011 2278//1008
f 2277//1012 2278//1008 2281//1013
f 2277//1012 2281//1013 2279//1010
f 2294//1014 2291//1015 2293//1016
f 2295//1017 2291//1018 2292//1019
f 2295//1017 2292//1019 2294//1014
f 2295//1017 2294//1014 2293//1016
f 2311//1020 2308//1021 2310//1022
f 2312//1023 2308//1024 2309//1025
f 2312//1023 2309//1025 2311//1020
f 2312//1023 2311//1020 2310//1022
f 2313//1026 2314//1027 2315//1028
f 2313//1026 2315//1028 2316//1029
f 2317//1030 2313//1026 2316//1029
f 2318//1031 2315//1028 2314//1027
f 2318//1031 2314//1027 2317//1030
f 2318//1031 2317//1030 2316//1029
f 2319//1032 2320//1033 2321//1034
f 2319//1032 2321//1034 2322//1035
f 2323//1036 2319//1032 2322//1035
f 2324//1037 2321//1034 2320//1033
f 2324//1037 2320//1033 2323//1036
f 2324//1037 2323//1036 2322//1035
f 2331//1038 2332//1039 2333//1040
f 2334//1041 2331//1038 2333//1040
f 2334//1041 2333//1040 2335//1042
f 2332//1039 2331//1038 2335//1043
f 2336//1044 2337//1045 2338//1046
f 2339//1047 2337//1045 2340//1048
f 2339//1047 2340//1048 2338//1049
f 2337//1045 2336//1044 2340//1048
f 2344//1050 2345//1051 2346//1052
f 2348//1053 2345//1051 2347//1054
f 2348//1053 2347//1054 2344//1055
f 2348//1053 2346//1052 2345//1051
f 2350//1056 2351//1057 2352//1058
f 2350//1056 2352//1058 2349//1059
f 2351//1057 2353//1060 2352//1058
f 2353//1060 2351//1057 2349//1061
f 2354//1062 2355//1063 2356//1064
f 2354//1062 2357//1065 2355//1063
f 2358//1066 2355//1063 2357//1065
f 2358//1066 2357//1065 2356//1067
f 2359//1068 2360//1069 2361//1070
f 2362//1071 2360//1069 2359//1068
f 2362//1071 2359//1068 2363//1072
f 2361//1070 2360//1069 2363//1073
f 2370//1074 2371//1075 2372//1076
f 2372//1076 2371//1075 2373//1077
f 2372//1076 2373//1077 2374//1078
f 2374//1079 2371//1075 2370//1074
f 2379//1080 2378//1081 2381//1082
f 2382//1083 2379//1080 2381//1082
f 2382//1083 2381//1082 2380//1084
f 2380//1084 2378//1085 2382//1083
f 2383//1086 2384//1087 2385//1088
f 2383//1086 2385//1088 2386//1089
f 2387//1090 2383//1086 2386//1089
f 2388//1091 2385//1088 2384//1087
f 2388//1091 2384//1087 2387//1090
f 2388//1091 2387//1090 2386//1089
f 2389//1092 2390//1093 2391//1094
f 2389//1092 2391//1094 2392//1095
f 2389//1092 2393//1096 2390//1093
f 2394//1097 2389//1092 2392//1095
f 2390//1093 2393//1096 2394//1097
f 2390//1093 2394//1097 2392//1095
f 2395//1098 2396//1099 2397//1100
f 2397//1101 2396//1102 2400//1103
f 2397//1101 2400//1103 2401//1104
f 2397//1105 2402//1106 2396//1107
f 2400//1103 2402//1108 2401//1104
f 2403//1109 2404//1110 2405//1111
f 2406//1112 2403//1109 2405//1111
f 2407//1113 2404//1114 2403//1115
f 2407//1113 2403//1115 2406//1116
f 2405//1111 2404//1110 2407//1117
f 2405//1111 2407//1117 2406//1112
f 2408//1118 2409//1119 2404//1120
f 2408//1118 2404//1120 2403//1115
f 2410//1121 2408//1118 2403//1115
f 2410//1121 2403//1115 2406//1116
f 2407//1122 2404//1120 2409//1119
f 2407//1122 2409//1119 2410//1121
f 2407//1122 2410//1121 2406//1116
f 2415//1123 2414//1124 2413//1125
f 2413//1125 2414//1124 2416//1126
f 2417//1127 2418//1128 2419//1129
f 2420//1130 2421//1131 2418//1128
f 2420//1130 2418//1128 2417//1127
f 2417//1127 2419//1129 2421//1131
f 2417//1127 2421//1131 2422//1132
f 2428//1133 2429//1134 2426//1135
f 2430//1136 2431//1137 2432//1138
f 2433//1139 2431//1137 2430//1136
f 2427//1140 2429//1134 2428//1133
f 2437//1141 2438//1142 2439//1143
f 2437//1141 2439//1143 2440//1144
f 2441//1145 2442//1146 2438//1142
f 2441//1145 2438//1142 2437//1141
f 2440//1144 2439//1143 2442//1146
f 2440//1144 2442//1146 2441//1145
f 2443//1147 2444//1148 2445//1149
f 2443//1147 2445//1149 2446//1150
f 2443//1147 2447//1151 2444//1148
f 2448//1152 2445//1149 2447//1151
f 2448//1152 2447//1151 2443//1147
f 2446//1150 2445//1149 2448//1152
f 2452//1153 2453//1154 2454//1155
f 2455//1156 2456//1157 2453//1154
f 2455//1156 2453//1154 2452//1153
f 2457//1158 2456//1157 2455//1156
f 2452//1153 2454//1155 2456//1157
f 2452//1153 2456//1157 2457//1158
f 2460//1159 2461//1160 2459//1161
f 2460//1159 2459//1161 2458//1162
f 2462//1163 2463//1164 2461//1160
f 2462//1163 2461//1160 2460//1159
f 2458//1162 2459//1161 2463//1164
f 2458//1162 2463//1164 2462//1163
f 2466//1165 2465//1166 2464//1167
f 2464//1167 2465//1166 2467//1168
f 2468//1169 2469//1170 2470//1171
f 2471//1172 2469//1170 2468//1169
f 2471//1172 2468//1169 2472//1173
f 2470//1171 2469//1170 2473//1174
f 2470//1171 2473//1174 2472//1173
f 2473//1174 2471//1172 2472//1173
f 2474//1175 2475//1176 2476//1177
f 2477//1178 2478//1179 2479//1180
f 2475//1176 2474//1175 2478//1179
f 2475//1176 2478//1179 2477//1178
f 2479//1180 2474//1175 2476//1177
f 2479//1180 2476//1177 2477//1178
f 2480//1181 2481//1182 2482//1183
f 2481//1182 2483//1184 2484//1185
f 2481//1182 2484//1185 2482//1183
f 2484//1185 2483//1184 2480//1186
f 2486//1187 2485//1188 2487//1189
f 2488//1190 2485//1188 2486//1187
f 2507//1191 2508//1192 2509//1193
f 2507//1191 2509//1193 2510//1194
f 2510//1194 2509//1193 2511//1195
f 2508//1192 2507//1191 2511//1196
f 2512//1197 2513//1198 2514//1199
f 2512//1197 2514//1199 2515//1200
f 2514//1199 2513//1198 2516//1201
f 2516//1202 2512//1197 2515//1200
f 2517//1203 2518//1204 2519//1205
f 2521//1206 2517//1207 2520//1208
f 2519//1205 2518//1204 2521//1206
f 2519//1205 2521//1206 2520//1208
f 2522//1209 2523//1210 2524//1211
f 2525//1212 2526//1213 2523//1210
f 2525//1212 2523//1210 2522//1209
f 2526//1213 2525//1212 2527//1214
f 2524//1211 2526//1213 2527//1214
f 2524//1211 2527//1214 2522//1209
f 2528//1215 2529//1216 2530//1217
f 2531//1218 2532//1219 2529//1216
f 2531//1218 2529//1216 2528//1215
f 2532//1219 2531//1218 2533//1220
f 2530//1217 2532//1219 2533//1220
f 2530//1217 2533//1220 2528//1215
f 2534//1221 2535//1222 2536//1223
f 2536//1223 2535//1222 2537//1224
f 2536//1223 2537//1224 2538//1225
f 2537//1224 2539//1226 2538//1225
f 2534//1221 2538//1225 2539//1226
f 2534//1221 2539//1226 2535//1222
f 2540//1227 2541//1228 2542//1229
f 2543//1230 2540//1227 2542//1229
f 2543//1230 2542//1229 2544//1231
f 2544//1231 2545//1232 2543//1230
f 2541//1228 2540//1227 2545//1232
f 2541//1228 2545//1232 2544//1231
f 2546//1233 2547//1234 2548//1235
f 2549//1236 2550//1237 2547//1234
f 2549//1236 2547//1234 2546//1233
f 2550//1237 2549//1236 2551//1238
f 2548//1235 2550//1237 2551//1238
f 2548//1235 2551//1238 2546//1233
f 2552//1239 2553//1240 2554//1241
f 2554//1241 2553//1240 2555//1242
f 2556//1243 2553//1240 2552//1239
f 2556//1243 2552//1239 2557//1244
f 2554//1241 2556//1243 2557//1244
f 2556//1243 2554//1241 2555//1242
f 2560//1245 2558//1246 2561//1247
f 2560//1245 2562//1248 2558//1246
f 2558//1246 2559//1249 2561//1247
f 2559//1249 2562//1248 2560//1245
f 2559//1249 2560//1245 2563//1250
f 2559//1249 2563//1250 2561//1247
f 2566//1251 2564//1252 2567//1253
f 2566//1251 2568//1254 2564//1252
f 2564//1252 2565//1255 2567//1253
f 2565//1255 2568//1254 2566//1251
f 2565//1255 2566//1251 2569//1256
f 2565//1255 2569//1256 2567//1253
f 2570//1257 2571//1258 2572//1259
f 2572//1259 2573//1260 2574//1261
f 2572//1259 2574//1261 2570//1257
f 2571//1258 2575//1262 2572//1259
f 2571//1258 2574//1261 2573//1260
f 2573//1260 2575//1262 2571//1258
f 2578//1263 2576//1264 2579//1265
f 2578//1263 2580//1266 2576//1264
f 2576//1264 2577//1267 2579//1265
f 2577//1267 2580//1266 2578//1263
f 2577//1267 2578//1263 2581//1268
f 2577//1267 2581//1268 2579//1265
f 2594//1269 2591//1270 2593//1271
f 2595//1272 2591//1273 2592//1274
f 2595//1272 2592//1274 2594//1269
f 2595//1272 2594//1269 2593//1271
f 2611//1275 2608//1276 2610//1277
f 2612//1278 2608//1279 2609//1280
f 2612//1278 2609//1280 2611//1275
f 2612//1278 2611//1275 2610//1277
f 2613//1281 2614//1282 2615//1283
f 2613//1281 2615//1283 2616//1284
f 2617//1285 2613//1281 2616//1284
f 2618//1286 2615//1283 2614//1282
f 2618//1286 2614//1282 2617//1285
f 2618//1286 2617//1285 2616//1284
f 2619//1287 2620//1288 2621//1289
f 2619//1287 2621//1289 2622//1290
f 2623//1291 2619//1287 2622//1290
f 2624//1292 2621//1289 2620//1288
f 2624//1292 2620//1288 2623//1291
f 2624//1292 2623//1291 2622//1290
f 2631//1293 2632//1294 2633//1295
f 2634//1296 2631//1293 2633//1295
f 2634//1296 2633//1295 2635//1297
f 2632//1294 2631//1293 2635//1298
f 2636//1299 2637//1300 2638//1301
f 2639//1302 2637//1300 2640//1303
f 2639//1302 2640//1303 2638//1304
f 2637//1300 2636//1299 2640//1303
f 2644//1305 2645//1306 2646//1307
f 2648//1308 2645//1306 2647//1309
f 2648//1308 2647//1309 2644//1310
f 2648//1308 2646//1307 2645//1306
f 2650//1311 2651//1312 2652//1313
f 2650//1311 2652//1313 2649//1314
f 2651//1312 2653//1315 2652//1313
f 2653//1315 2651//1312 2649//1316
f 2654//1317 2655//1318 2656//1319
f 2654//1317 2657//1320 2655//1318
f 2658//1321 2655//1318 2657//1320
f 2658//1321 2657//1320 2656//1322
f 2659//1323 2660//1324 2661//1325
f 2662//1326 2660//1324 2659//1323
f 2662//1326 2659//1323 2663//1327
f 2661//1325 2660//1324 2663//1328
f 2670//1329 2671//1330 2672//1331
f 2672//1331 2671//1330 2673//1332
f 2672//1331 2673//1332 2674//1333
f 2674//1334 2671//1330 2670//1329
f 2679//1335 2678//1336 2681//1337
f 2682//1338 2679//1335 2681//1337
f 2682//1338 2681//1337 2680//1339
f 2680//1339 2678//1340 2682//1338
f 2686//1341 2683//1342 2685//1343
f 2687//1344 2683//1345 2684//1346
f 2687//1344 2684//1346 2686//1341
f 2687//1344 2686//1341 2685//1343
f 2688//1347 2689//1348 2690//1349
f 2688//1347 2690//1349 2691//1350
f 2688//1347 2692//1351 2689//1348
f 2693//1352 2688//1347 2691//1350
f 2689//1348 2692//1351 2693//1352
f 2689//1348 2693//1352 2691//1350
f 2694//1353 2695//1354 2696//1355
f 2696//1356 2695//1357 2699//1358
f 2696//1356 2699//1358 2700//1359
f 2696//1360 2701//1361 2695//1362
f 2699//1358 2701//1363 2700//1359
f 2702//1364 2703//1365 2704//1366
f 2705//1367 2702//1364 2704//1366
f 2706//1368 2703//1369 2702//1370
f 2706//1368 2702//1370 2705//1371
f 2704//1366 2703//1365 2706//1372
f 2704//1366 2706//1372 2705//1367
f 2707//1373 2708//1374 2703//1375
f 2707//1373 2703//1375 2702//1376
f 2709//1377 2707//1373 2702//1376
f 2709//1377 2702//1376 2705//1378
f 2706//1379 2703//1375 2708//1374
f 2706//1379 2708//1374 2709//1377
f 2706//1379 2709//1377 2705//1378
f 2715//1380 2716//1381 2717//1382
f 2718//1383 2719//1384 2716//1381
f 2718//1383 2716//1381 2715//1380
f 2715//1380 2717//1382 2719//1384
f 2715//1380 2719//1384 2720//1385
f 2726//1386 2727//1387 2724//1388
f 2728//1389 2729//1390 2730//1391
f 2731//1392 2729//1390 2728//1389
f 2725//1393 2727//1387 2726//1386
f 2735//1394 2736//1395 2737//1396
f 2735//1394 2737//1396 2738//1397
f 2739//1398 2740//1399 2736//1395
f 2739//1398 2736//1395 2735//1394
f 2738//1397 2737//1396 2740//1399
f 2738//1397 2740//1399 2739//1398
f 2741//1400 2742//1401 2743//1402
f 2741//1400 2743//1402 2744//1403
f 2741//1400 2745//1404 2742//1401
f 2746//1405 2743//1402 2745//1404
f 2746//1405 2745//1404 2741//1400
f 2744//1403 2743//1402 2746//1405
f 2750//1406 2751//1407 2752//1408
f 2753//1409 2754//1410 2751//1407
f 2753//1409 2751//1407 2750//1406
f 2755//1411 2754//1410 2753//1409
f 2750//1406 2752//1408 2754//1410
f 2750//1406 2754//1410 2755//1411
f 2758//1412 2759//1413 2757//1414
f 2758//1412 2757//1414 2756//1415
f 2760//1416 2761//1417 2759//1413
f 2760//1416 2759//1413 2758//1412
f 2756//1415 2757//1414 2761//1417
f 2756//1415 2761//1417 2760//1416
f 2764//1418 2763//1419 2762//1420
f 2762//1420 2763//1419 2765//1421
f 2766//1422 2767//1423 2768//1424
f 2769//1425 2767//1423 2766//1422
f 2769//1425 2766//1422 2770//1426
f 2768//1424 2767//1423 2771//1427
f 2768//1424 2771//1427 2770//1426
f 2771//1427 2769//1425 2770//1426
f 2772//1428 2773//1429 2774//1430
f 2775//1431 2776//1432 2777//1433
f 2773//1429 2772//1428 2776//1432
f 2773//1429 2776//1432 2775//1431
f 2777//1433 2772//1428 2774//1430
f 2777//1433 2774//1430 2775//1431
f 2778//1434 2779//1435 2780//1436
f 2779//1435 2781//1437 2782//1438
f 2779//1435 2782//1438 2780//1436
f 2782//1438 2781//1437 2778//1439
f 2784//1440 2783//1441 2785//1442
f 2786//1443 2783//1441 2784//1440
f 2805//1444 2806//1445 2807//1446
f 2805//1444 2807//1446 2808//1447
f 2808//1447 2807//1446 2809//1448
f 2806//1445 2805//1444 2809//1449
f 2810//1450 2811//1451 2812//1452
f 2810//1450 2812//1452 2813//1453
f 2812//1452 2811//1451 2814//1454
f 2814//1455 2810//1450 2813//1453
f 2815//1456 2816//1457 2817//1458
f 2819//1459 2815//1460 2818//1461
f 2817//1458 2816//1457 2819//1459
f 2817//1458 2819//1459 2818//1461
f 2820//1462 2821//1463 2822//1464
f 2823//1465 2824//1466 2821//1463
f 2823//1465 2821//1463 2820//1462
f 2824//1466 2823//1465 2825//1467
f 2822//1464 2824//1466 2825//1467
f 2822//1464 2825//1467 2820//1462
f 2826//1468 2827//1469 2828//1470
f 2829//1471 2830//1472 2827//1469
f 2829//1471 2827//1469 2826//1468
f 2830//1472 2829//1471 2831//1473
f 2828//1470 2830//1472 2831//1473
f 2828//1470 2831//1473 2826//1468
f 2832//1474 2833//1475 2834//1476
f 2834//1476 2833//1475 2835//1477
f 2834//1476 2835//1477 2836//1478
f 2835//1477 2837//1479 2836//1478
f 2832//1474 2836//1478 2837//1479
f 2832//1474 2837//1479 2833//1475
f 2838//1480 2839//1481 2840//1482
f 2841//1483 2838//1480 2840//1482
f 2841//1483 2840//1482 2842//1484
f 2842//1484 2843//1485 2841//1483
f 2839//1481 2838//1480 2843//1485
f 2839//1481 2843//1485 2842//1484
f 2844//1486 2845//1487 2846//1488
f 2847//1489 2848//1490 2845//1487
f 2847//1489 2845//1487 2844//1486
f 2848//1490 2847//1489 2849//1491
f 2846//1488 2848//1490 2849//1491
f 2846//1488 2849//1491 2844//1486
f 2850//1492 2851//1493 2852//1494
f 2852//1494 2851//1493 2853//1495
f 2854//1496 2851//1493 2850//1492
f 2854//1496 2850//1492 2855//1497
f 2852//1494 2854//1496 2855//1497
f 2854//1496 2852//1494 2853//1495
f 2858//1498 2856//1499 2859//1500
f 2858//1498 2860//1501 2856//1499
f 2856//1499 2857//1502 2859//1500
f 2857//1502 2860//1501 2858//1498
f 2857//1502 2858//1498 2861//1503
f 2857//1502 2861//1503 2859//1500
f 2864//1504 2862//1505 2865//1506
f 2864//1504 2866//1507 2862//1505
f 2862//1505 2863//1508 2865//1506
f 2863//1508 2866//1507 2864//1504
f 2863//1508 2864//1504 2867//1509
f 2863//1508 2867//1509 2865//1506
f 2868//1510 2869//1511 2870//1512
f 2870//1512 2871//1513 2872//1514
f 2870//1512 2872//1514 2868//1510
f 2869//1511 2873//1515 2870//1512
f 2869//1511 2872//1514 2871//1513
f 2871//1513 2873//1515 2869//1511
f 2876//1516 2874//1517 2877//1518
f 2876//1516 2878//1519 2874//1517
f 2874//1517 2875//1520 2877//1518
f 2875//1520 2878//1519 2876//1516
f 2875//1520 2876//1516 2879//1521
f 2875//1520 2879//1521 2877//1518
f 2892//1522 2889//1523 2891//1524
f 2893//1525 2889//1526 2890//1527
f 2893//1525 2890//1527 2892//1522
f 2893//1525 2892//1522 2891//1524
f 2909//1528 2906//1529 2908//1530
f 2910//1531 2906//1532 2907//1533
f 2910//1531 2907//1533 2909//1528
f 2910//1531 2909//1528 2908//1530
f 2911//1534 2912//1535 2913//1536
f 2911//1534 2913//1536 2914//1537
f 2915//1538 2911//1534 2914//1537
f 2916//1539 2913//1536 2912//1535
f 2916//1539 2912//1535 2915//1538
f 2916//1539 2915//1538 2914//1537
f 2917//1540 2918//1541 2919//1542
f 2917//1540 2919//1542 2920//1543
f 2921//1544 2917//1540 2920//1543
f 2922//1545 2919//1542 2918//1541
f 2922//1545 2918//1541 2921//1544
f 2922//1545 2921//1544 2920//1543
f 2929//1546 2930//1547 2931//1548
f 2932//1549 2929//1546 2931//1548
f 2932//1549 2931//1548 2933//1550
f 2930//1547 2929//1546 2933//1551
f 2934//1552 2935//1553 2936//1554
f 2937//1555 2935//1553 2938//1556
f 2937//1555 2938//1556 2936//1557
f 2935//1553 2934//1552 2938//1556
f 2942//1558 2943//1559 2944//1560
f 2946//1561 2943//1559 2945//1562
f 2946//1561 2945//1562 2942//1563
f 2946//1561 2944//1560 2943//1559
f 2948//1564 2949//1565 2950//1566
f 2948//1564 2950//1566 2947//1567
f 2949//1565 2951//1568 2950//1566
f 2951//1568 2949//1565 2947//1569
f 2952//1570 2953//1571 2954//1572
f 2952//1570 2955//1573 2953//1571
f 2956//1574 2953//1571 2955//1573
f 2956//1574 2955//1573 2954//1575
f 2957//1576 2958//1577 2959//1578
f 2960//1579 2958//1577 2957//1576
f 2960//1579 2957//1576 2961//1580
f 2959//1578 2958//1577 2961//1581
f 2968//1582 2969//1583 2970//1584
f 2970//1584 2969//1583 2971//1585
f 2970//1584 2971//1585 2972//1586
f 2972//1587 2969//1583 2968//1582
f 2977//1588 2976//1589 2979//1590
f 2980//1591 2977//1588 2979//1590
f 2980//1591 2979//1590 2978//1592
f 2978//1592 2976//1593 2980//1591
f 2984//1594 2981//1595 2983//1596
f 2985//1597 2981//1598 2982//1599
f 2985//1597 2982//1599 2984//1594
f 2985//1597 2984//1594 2983//1596
f 2986//1600 2987//1601 2988//1602
f 2986//1600 2988//1602 2989//1603
f 2986//1600 2990//1604 2987//1601
f 2991//1605 2986//1600 2989//1603
f 2987//1601 2990//1604 2991//1605
f 2987//1601 2991//1605 2989//1603
f 2992//1606 2993//1607 2994//1608
f 2994//1609 2993//1610 2997//1611
f 2994//1609 2997//1611 2998//1612
f 2994//1613 2999//1614 2993//1615
f 2997//1611 2999//1616 2998//1612
f 3000//1617 3001//1618 3002//1619
f 3003//1620 3000//1617 3002//1619
f 3004//1621 3001//1622 3000//1623
f 3004//1621 3000//1623 3003//1624
f 3002//1619 3001//1618 3004//1625
f 3002//1619 3004//1625 3003//1620
f 3005//1626 3006//1627 3001//1628
f 3005//1626 3001//1628 3000//1629
f 3007//1630 3005//1626 3000//1629
f 3007//1630 3000//1629 3003//1631
f 3004//1632 3001//1628 3006//1627
f 3004//1632 3006//1627 3007//1630
f 3004//1632 3007//1630 3003//1631
f 3015//1633 8945//1634 3014//1635
f 3015//1633 3014//1635 3013//1636
f 3013//1636 3014//1635 3016//1637
f 3013//1636 3016//1637 3017//1638
f 3023//1639 3024//1640 3021//1641
f 3025//1642 3026//1643 3027//1644
f 3028//1645 3026//1643 3025//1642
f 3022//1646 3024//1640 3023//1639
f 3032//1647 3033//1648 3034//1649
f 3032//1647 3034//1649 3035//1650
f 3036//1651 3037//1652 3033//1648
f 3036//1651 3033//1648 3032//1647
f 3035//1650 3034//1649 3037//1652
f 3035//1650 3037//1652 3036//1651
f 3038//1653 3039//1654 3040//1655
f 3038//1653 3040//1655 3041//1656
f 3038//1653 3042//1657 3039//1654
f 3043//1658 3040//1655 3042//1657
f 3043//1658 3042//1657 3038//1653
f 3041//1656 3040//1655 3043//1658
f 3047//1659 3048//1660 3049//1661
f 3050//1662 3051//1663 3048//1660
f 3050//1662 3048//1660 3047//1659
f 3052//1664 3051//1663 3050//1662
f 3047//1659 3049//1661 3051//1663
f 3047//1659 3051//1663 3052//1664
f 3055//1665 3056//1666 3054//1667
f 3055//1665 3054//1667 3053//1668
f 3057//1669 3058//1670 3056//1666
f 3057//1669 3056//1666 3055//1665
f 3053//1668 3054//1667 3058//1670
f 3053//1668 3058//1670 3057//1669
f 3062//1671 3063//1672 3064//1673
f 3065//1674 3063//1672 3062//1671
f 3065//1674 3062//1671 3066//1675
f 3064//1673 3063//1672 3067//1676
f 3064//1673 3067//1676 3066//1675
f 3067//1676 3065//1674 3066//1675
f 3068//1677 3069//1678 3070//1679
f 3071//1680 3072//1681 3073//1682
f 3069//1678 3068//1677 3072//1681
f 3069//1678 3072//1681 3071//1680
f 3073//1682 3068//1677 3070//1679
f 3073//1682 3070//1679 3071//1680
f 3074//1683 3075//1684 3076//1685
f 3075//1684 3077//1686 3078//1687
f 3075//1684 3078//1687 3076//1685
f 3078//1687 3077//1686 3074//1688
f 3080//1689 3079//1690 3081//1691
f 3082//1692 3079//1690 3080//1689
f 3101//1693 3102//1694 3103//1695
f 3101//1693 3103//1695 3104//1696
f 3104//1696 3103//1695 3105//1697
f 3102//1694 3101//1693 3105//1698
f 3106//1699 3107//1700 3108//1701
f 3106//1699 3108//1701 3109//1702
f 3108//1701 3107//1700 3110//1703
f 3110//1704 3106//1699 3109//1702
f 3111//1705 3112//1706 3113//1707
f 3115//1708 3111//1709 3114//1710
f 3113//1707 3112//1706 3115//1708
f 3113//1707 3115//1708 3114//1710
f 3116//1711 3117//1712 3118//1713
f 3119//1714 3120//1715 3117//1712
f 3119//1714 3117//1712 3116//1711
f 3120//1715 3119//1714 3121//1716
f 3118//1713 3120//1715 3121//1716
f 3118//1713 3121//1716 3116//1711
f 3122//1717 3123//1718 3124//1719
f 3125//1720 3126//1721 3123//1718
f 3125//1720 3123//1718 3122//1717
f 3126//1721 3125//1720 3127//1722
f 3124//1719 3126//1721 3127//1722
f 3124//1719 3127//1722 3122//1717
f 3128//1723 3129//1724 3130//1725
f 3130//1725 3129//1724 3131//1726
f 3130//1725 3131//1726 3132//1727
f 3131//1726 3133//1728 3132//1727
f 3128//1723 3132//1727 3133//1728
f 3128//1723 3133//1728 3129//1724
f 3134//1729 3135//1730 3136//1731
f 3137//1732 3134//1729 3136//1731
f 3137//1732 3136//1731 3138//1733
f 3138//1733 3139//1734 3137//1732
f 3135//1730 3134//1729 3139//1734
f 3135//1730 3139//1734 3138//1733
f 3140//1735 3141//1736 3142//1737
f 3143//1738 3144//1739 3141//1736
f 3143//1738 3141//1736 3140//1735
f 3144//1739 3143//1738 3145//1740
f 3142//1737 3144//1739 3145//1740
f 3142//1737 3145//1740 3140//1735
f 3146//1741 3147//1742 3148//1743
f 3148//1743 3147//1742 3149//1744
f 3150//1745 3147//1742 3146//1741
f 3150//1745 3146//1741 3151//1746
f 3148//1743 3150//1745 3151//1746
f 3150//1745 3148//1743 3149//1744
f 3154//1747 3152//1748 3155//1749
f 3154//1747 3156//1750 3152//1748
f 3152//1748 3153//1751 3155//1749
f 3153//1751 3156//1750 3154//1747
f 3153//1751 3154//1747 3157//1752
f 3153//1751 3157//1752 3155//1749
f 3160//1753 3158//1754 3161//1755
f 3160//1753 3162//1756 3158//1754
f 3158//1754 3159//1757 3161//1755
f 3159//1757 3162//1756 3160//1753
f 3159//1757 3160//1753 3163//1758
f 3159//1757 3163//1758 3161//1755
f 3164//1759 3165//1760 3166//1761
f 3166//1761 3167//1762 3168//1763
f 3166//1761 3168//1763 3164//1759
f 3165//1760 3169//1764 3166//1761
f 3165//1760 3168//1763 3167//1762
f 3167//1762 3169//1764 3165//1760
f 3172//1765 3170//1766 3173//1767
f 3172//1765 3174//1768 3170//1766
f 3170//1766 3171//1769 3173//1767
f 3171//1769 3174//1768 3172//1765
f 3171//1769 3172//1765 3175//1770
f 3171//1769 3175//1770 3173//1767
f 3188//1771 3185//1772 3187//1773
f 3189//1774 3185//1775 3186//1776
f 3189//1774 3186//1776 3188//1771
f 3189//1774 3188//1771 3187//1773
f 3205//1777 3202//1778 3204//1779
f 3206//1780 3202//1781 3203//1782
f 3206//1780 3203//1782 3205//1777
f 3206//1780 3205//1777 3204//1779
f 3207//1783 3208//1784 3209//1785
f 3207//1783 3209//1785 3210//1786
f 3211//1787 3207//1783 3210//1786
f 3212//1788 3209//1785 3208//1784
f 3212//1788 3208//1784 3211//1787
f 3212//1788 3211//1787 3210//1786
f 3213//1789 3214//1790 3215//1791
f 3213//1789 3215//1791 3216//1792
f 3217//1793 3213//1789 3216//1792
f 3218//1794 3215//1791 3214//1790
f 3218//1794 3214//1790 3217//1793
f 3218//1794 3217//1793 3216//1792
f 3225//1795 3226//1796 3227//1797
f 3228//1798 3225//1795 3227//1797
f 3228//1798 3227//1797 3229//1799
f 3226//1796 3225//1795 3229//1800
f 3230//1801 3231//1802 3232//1803
f 3233//1804 3231//1802 3234//1805
f 3233//1804 3234//1805 3232//1806
f 3231//1802 3230//1801 3234//1805
f 3238//1807 3239//1808 3240//1809
f 3242//1810 3239//1808 3241//1811
f 3242//1810 3241//1811 3238//1812
f 3242//1810 3240//1809 3239//1808
f 3244//1813 3245//1814 3246//1815
f 3244//1813 3246//1815 3243//1816
f 3245//1814 3247//1817 3246//1815
f 3247//1817 3245//1814 3243//1818
f 3248//1819 3249//1820 3250//1821
f 3248//1819 3251//1822 3249//1820
f 3252//1823 3249//1820 3251//1822
f 3252//1823 3251//1822 3250//1824
f 3253//1825 3254//1826 3255//1827
f 3256//1828 3254//1826 3253//1825
f 3256//1828 3253//1825 3257//1829
f 3255//1827 3254//1826 3257//1830
f 3264//1831 3265//1832 3266//1833
f 3266//1833 3265//1832 3267//1834
f 3266//1833 3267//1834 3268//1835
f 3268//1836 3265//1832 3264//1831
f 3273//1837 3272//1838 3275//1839
f 3276//1840 3273//1837 3275//1839
f 3276//1840 3275//1839 3274//1841
f 3274//1841 3272//1842 3276//1840
f 3277//1843 3278//1844 3279//1845
f 3277//1843 3279//1845 3280//1846
f 3281//1847 3277//1843 3280//1846
f 3282//1848 3279//1845 3278//1844
f 3282//1848 3278//1844 3281//1847
f 3282//1848 3281//1847 3280//1846
f 3283//1849 3284//1850 3285//1851
f 3283//1849 3285//1851 3286//1852
f 3283//1849 3287//1853 3284//1850
f 3288//1854 3283//1849 3286//1852
f 3284//1850 3287//1853 3288//1854
f 3284//1850 3288//1854 3286//1852
f 3289//1855 3290//1856 3291//1857
f 3291//1858 3290//1859 3294//1860
f 3291//1858 3294//1860 3295//1861
f 3291//1862 3296//1863 3290//1864
f 3294//1860 3296//1865 3295//1861
f 3297//1866 3298//1867 3299//1868
f 3300//1869 3297//1866 3299//1868
f 3301//1870 3298//1871 3297//1872
f 3301//1870 3297//1872 3300//1873
f 3299//1868 3298//1867 3301//1874
f 3299//1868 3301//1874 3300//1869
f 3302//1875 3303//1876 3298//1877
f 3302//1875 3298//1877 3297//1872
f 3304//1878 3302//1875 3297//1872
f 3304//1878 3297//1872 3300//1879
f 3301//1880 3298//1877 3303//1876
f 3301//1880 3303//1876 3304//1878
f 3301//1880 3304//1878 3300//1879
f 3309//1881 3308//1882 3307//1883
f 3307//1883 3308//1882 3310//1884
f 3313//1885 3314//1886 3312//1887
f 3313//1885 3312//1887 3311//1888
f 3311//1888 3312//1887 3315//1889
f 3311//1888 3315//1889 3316//1890
f 3322//1891 3323//1892 3320//1893
f 3324//1894 3325//1895 3326//1896
f 3327//1897 3325//1895 3324//1894
f 3321//1898 3323//1892 3322//1891
f 3331//1899 3332//1900 3333//1901
f 3331//1899 3333//1901 3334//1902
f 3335//1903 3336//1904 3332//1900
f 3335//1903 3332//1900 3331//1899
f 3334//1902 3333//1901 3336//1904
f 3334//1902 3336//1904 3335//1903
f 3337//1905 3338//1906 3339//1907
f 3337//1905 3339//1907 3340//1908
f 3337//1905 3341//1909 3338//1906
f 3342//1910 3339//1907 3341//1909
f 3342//1910 3341//1909 3337//1905
f 3340//1908 3339//1907 3342//1910
f 3346//1911 3347//1912 3348//1913
f 3349//1914 3350//1915 3347//1912
f 3349//1914 3347//1912 3346//1911
f 3351//1916 3350//1915 3349//1914
f 3346//1911 3348//1913 3350//1915
f 3346//1911 3350//1915 3351//1916
f 3354//1917 3355//1918 3353//1919
f 3354//1917 3353//1919 3352//1920
f 3356//1921 3357//1922 3355//1918
f 3356//1921 3355//1918 3354//1917
f 3352//1920 3353//1919 3357//1922
f 3352//1920 3357//1922 3356//1921
f 3360//1923 3359//1924 3358//1925
f 3358//1925 3359//1924 3361//1926
f 3362//1927 3363//1928 3364//1929
f 3365//1930 3363//1928 3362//1927
f 3365//1930 3362//1927 3366//1931
f 3364//1929 3363//1928 3367//1932
f 3364//1929 3367//1932 3366//1931
f 3367//1932 3365//1930 3366//1931
f 3368//1933 3369//1934 3370//1935
f 3371//1936 3372//1937 3373//1938
f 3369//1934 3368//1933 3372//1937
f 3369//1934 3372//1937 3371//1936
f 3373//1938 3368//1933 3370//1935
f 3373//1938 3370//1935 3371//1936
f 3374//1939 3375//1940 3376//1941
f 3375//1940 3377//1942 3378//1943
f 3375//1940 3378//1943 3376//1941
f 3378//1943 3377//1942 3374//1944
f 3380//1945 3379//1946 3381//1947
f 3382//1948 3379//1946 3380//1945
f 3401//1949 3402//1950 3403//1951
f 3401//1949 3403//1951 3404//1952
f 3404//1952 3403//1951 3405//1953
f 3402//1950 3401//1949 3405//1954
f 3406//1955 3407//1956 3408//1957
f 3406//1955 3408//1957 3409//1958
f 3408//1957 3407//1956 3410//1959
f 3410//1960 3406//1955 3409//1958
f 3411//1961 3412//1962 3413//1963
f 3415//1964 3411//1965 3414//1966
f 3413//1963 3412//1962 3415//1964
f 3413//1963 3415//1964 3414//1966
f 3416//1967 3417//1968 3418//1969
f 3419//1970 3420//1971 3417//1968
f 3419//1970 3417//1968 3416//1967
f 3420//1971 3419//1970 3421//1972
f 3418//1969 3420//1971 3421//1972
f 3418//1969 3421//1972 3416//1967
f 3422//1973 3423//1974 3424//1975
f 3425//1976 3426//1977 3423//1974
f 3425//1976 3423//1974 3422//1973
f 3426//1977 3425//1976 3427//1978
f 3424//1975 3426//1977 3427//1978
f 3424//1975 3427//1978 3422//1973
f 3428//1979 3429//1980 3430//1981
f 3430//1981 3429//1980 3431//1982
f 3430//1981 3431//1982 3432//1983
f 3431//1982 3433//1984 3432//1983
f 3428//1979 3432//1983 3433//1984
f 3428//1979 3433//1984 3429//1980
f 3434//1985 3435//1986 3436//1987
f 3437//1988 3434//1985 3436//1987
f 3437//1988 3436//1987 3438//1989
f 3438//1989 3439//1990 3437//1988
f 3435//1986 3434//1985 3439//1990
f 3435//1986 3439//1990 3438//1989
f 3440//1991 3441//1992 3442//1993
f 3443//1994 3444//1995 3441//1992
f 3443//1994 3441//1992 3440//1991
f 3444//1995 3443//1994 3445//1996
f 3442//1993 3444//1995 3445//1996
f 3442//1993 3445//1996 3440//1991
f 3446//1997 3447//1998 3448//1999
f 3448//1999 3447//1998 3449//2000
f 3450//2001 3447//1998 3446//1997
f 3450//2001 3446//1997 3451//2002
f 3448//1999 3450//2001 3451//2002
f 3450//2001 3448//1999 3449//2000
f 3454//2003 3452//2004 3455//2005
f 3454//2003 3456//2006 3452//2004
f 3452//2004 3453//2007 3455//2005
f 3453//2007 3456//2006 3454//2003
f 3453//2007 3454//2003 3457//2008
f 3453//2007 3457//2008 3455//2005
f 3460//2009 3458//2010 3461//2011
f 3460//2009 3462//2012 3458//2010
f 3458//2010 3459//2013 3461//2011
f 3459//2013 3462//2012 3460//2009
f 3459//2013 3460//2009 3463//2014
f 3459//2013 3463//2014 3461//2011
f 3464//2015 3465//2016 3466//2017
f 3466//2017 3467//2018 3468//2019
f 3466//2017 3468//2019 3464//2015
f 3465//2016 3469//2020 3466//2017
f 3465//2016 3468//2019 3467//2018
f 3467//2018 3469//2020 3465//2016
f 3472//2021 3470//2022 3473//2023
f 3472//2021 3474//2024 3470//2022
f 3470//2022 3471//2025 3473//2023
f 3471//2025 3474//2024 3472//2021
f 3471//2025 3472//2021 3475//2026
f 3471//2025 3475//2026 3473//2023
f 3488//2027 3485//2028 3487//2029
f 3489//2030 3485//2031 3486//2032
f 3489//2030 3486//2032 3488//2027
f 3489//2030 3488//2027 3487//2029
f 3505//2033 3502//2034 3504//2035
f 3506//2036 3502//2037 3503//2038
f 3506//2036 3503//2038 3505//2033
f 3506//2036 3505//2033 3504//2035
f 3507//2039 3508//2040 3509//2041
f 3507//2039 3509//2041 3510//2042
f 3511//2043 3507//2039 3510//2042
f 3512//2044 3509//2041 3508//2040
f 3512//2044 3508//2040 3511//2043
f 3512//2044 3511//2043 3510//2042
f 3513//2045 3514//2046 3515//2047
f 3513//2045 3515//2047 3516//2048
f 3517//2049 3513//2045 3516//2048
f 3518//2050 3515//2047 3514//2046
f 3518//2050 3514//2046 3517//2049
f 3518//2050 3517//2049 3516//2048
f 3525//2051 3526//2052 3527//2053
f 3528//2054 3525//2051 3527//2053
f 3528//2054 3527//2053 3529//2055
f 3526//2052 3525//2051 3529//2056
f 3530//2057 3531//2058 3532//2059
f 3533//2060 3531//2058 3534//2061
f 3533//2060 3534//2061 3532//2062
f 3531//2058 3530//2057 3534//2061
f 3538//2063 3539//2064 3540//2065
f 3542//2066 3539//2064 3541//2067
f 3542//2066 3541//2067 3538//2068
f 3542//2066 3540//2065 3539//2064
f 3544//2069 3545//2070 3546//2071
f 3544//2069 3546//2071 3543//2072
f 3545//2070 3547//2073 3546//2071
f 3547//2073 3545//2070 3543//2074
f 3548//2075 3549//2076 3550//2077
f 3548//2075 3551//2078 3549//2076
f 3552//2079 3549//2076 3551//2078
f 3552//2079 3551//2078 3550//2080
f 3553//2081 3554//2082 3555//2083
f 3556//2084 3554//2082 3553//2081
f 3556//2084 3553//2081 3557//2085
f 3555//2083 3554//2082 3557//2086
f 3564//2087 3565//2088 3566//2089
f 3566//2089 3565//2088 3567//2090
f 3566//2089 3567//2090 3568//2091
f 3568//2092 3565//2088 3564//2087
f 3573//2093 3572//2094 3575//2095
f 3576//2096 3573//2093 3575//2095
f 3576//2096 3575//2095 3574//2097
f 3574//2097 3572//2098 3576//2096
f 3580//2099 3577//2100 3579//2101
f 3581//2102 3577//2103 3578//2104
f 3581//2102 3578//2104 3580//2099
f 3581//2102 3580//2099 3579//2101
f 3582//2105 3583//2106 3584//2107
f 3582//2105 3584//2107 3585//2108
f 3582//2105 3586//2109 3583//2106
f 3587//2110 3582//2105 3585//2108
f 3583//2106 3586//2109 3587//2110
f 3583//2106 3587//2110 3585//2108
f 3588//2111 3589//2112 3590//2113
f 3590//2114 3589//2115 3593//2116
f 3590//2114 3593//2116 3594//2117
f 3590//2118 3595//2119 3589//2120
f 3593//2116 3595//2121 3594//2117
f 3596//2122 3597//2123 3598//2124
f 3599//2125 3596//2122 3598//2124
f 3600//2126 3597//2127 3596//2128
f 3600//2126 3596//2128 3599//2129
f 3598//2124 3597//2123 3600//2130
f 3598//2124 3600//2130 3599//2125
f 3601//2131 3602//2132 3597//2133
f 3601//2131 3597//2133 3596//2128
f 3603//2134 3601//2131 3596//2128
f 3603//2134 3596//2128 3599//2135
f 3600//2136 3597//2133 3602//2132
f 3600//2136 3602//2132 3603//2134
f 3600//2136 3603//2134 3599//2135
f 3611//2137 3612//2138 3610//2139
f 3611//2137 3610//2139 3609//2140
f 3609//2140 3610//2139 3613//2141
f 3609//2140 3613//2141 3614//2142
f 3620//2143 3621//2144 3618//2145
f 3622//2146 3623//2147 3624//2148
f 3625//2149 3623//2147 3622//2146
f 3619//2150 3621//2144 3620//2143
f 3629//2151 3630//2152 3631//2153
f 3629//2151 3631//2153 3632//2154
f 3633//2155 3634//2156 3630//2152
f 3633//2155 3630//2152 3629//2151
f 3632//2154 3631//2153 3634//2156
f 3632//2154 3634//2156 3633//2155
f 3635//2157 3636//2158 3637//2159
f 3635//2157 3637//2159 3638//2160
f 3635//2157 3639//2161 3636//2158
f 3640//2162 3637//2159 3639//2161
f 3640//2162 3639//2161 3635//2157
f 3638//2160 3637//2159 3640//2162
f 3644//2163 3645//2164 3646//2165
f 3647//2166 3648//2167 3645//2164
f 3647//2166 3645//2164 3644//2163
f 3649//2168 3648//2167 3647//2166
f 3644//2163 3646//2165 3648//2167
f 3644//2163 3648//2167 3649//2168
f 3652//2169 3653//2170 3651//2171
f 3652//2169 3651//2171 3650//2172
f 3654//2173 3655//2174 3653//2170
f 3654//2173 3653//2170 3652//2169
f 3650//2172 3651//2171 3655//2174
f 3650//2172 3655//2174 3654//2173
f 3659//2175 3660//2176 3661//2177
f 3662//2178 3660//2176 3659//2175
f 3662//2178 3659//2175 3663//2179
f 3661//2177 3660//2176 3664//2180
f 3661//2177 3664//2180 3663//2179
f 3664//2180 3662//2178 3663//2179
f 3665//2181 3666//2182 3667//2183
f 3668//2184 3669//2185 3670//2186
f 3666//2182 3665//2181 3669//2185
f 3666//2182 3669//2185 3668//2184
f 3670//2186 3665//2181 3667//2183
f 3670//2186 3667//2183 3668//2184
f 3671//2187 3672//2188 3673//2189
f 3672//2188 3674//2190 3675//2191
f 3672//2188 3675//2191 3673//2189
f 3675//2191 3674//2190 3671//2192
f 3677//2193 3676//2194 3678//2195
f 3679//2196 3676//2194 3677//2193
f 3698//2197 3699//2198 3700//2199
f 3698//2197 3700//2199 3701//2200
f 3701//2200 3700//2199 3702//2201
f 3699//2198 3698//2197 3702//2202
f 3703//2203 3704//2204 3705//2205
f 3703//2203 3705//2205 3706//2206
f 3705//2205 3704//2204 3707//2207
f 3707//2208 3703//2203 3706//2206
f 3708//2209 3709//2210 3710//2211
f 3712//2212 3708//2213 3711//2214
f 3710//2211 3709//2210 3712//2212
f 3710//2211 3712//2212 3711//2214
f 3713//2215 3714//2216 3715//2217
f 3716//2218 3717//2219 3714//2216
f 3716//2218 3714//2216 3713//2215
f 3717//2219 3716//2218 3718//2220
f 3715//2217 3717//2219 3718//2220
f 3715//2217 3718//2220 3713//2215
f 3719//2221 3720//2222 3721//2223
f 3722//2224 3723//2225 3720//2222
f 3722//2224 3720//2222 3719//2221
f 3723//2225 3722//2224 3724//2226
f 3721//2223 3723//2225 3724//2226
f 3721//2223 3724//2226 3719//2221
f 3725//2227 3726//2228 3727//2229
f 3727//2229 3726//2228 3728//2230
f 3727//2229 3728//2230 3729//2231
f 3728//2230 3730//2232 3729//2231
f 3725//2227 3729//2231 3730//2232
f 3725//2227 3730//2232 3726//2228
f 3731//2233 3732//2234 3733//2235
f 3734//2236 3731//2233 3733//2235
f 3734//2236 3733//2235 3735//2237
f 3735//2237 3736//2238 3734//2236
f 3732//2234 3731//2233 3736//2238
f 3732//2234 3736//2238 3735//2237
f 3737//2239 3738//2240 3739//2241
f 3740//2242 3741//2243 3738//2240
f 3740//2242 3738//2240 3737//2239
f 3741//2243 3740//2242 3742//2244
f 3739//2241 3741//2243 3742//2244
f 3739//2241 3742//2244 3737//2239
f 3743//2245 3744//2246 3745//2247
f 3745//2247 3744//2246 3746//2248
f 3747//2249 3744//2246 3743//2245
f 3747//2249 3743//2245 3748//2250
f 3745//2247 3747//2249 3748//2250
f 3747//2249 3745//2247 3746//2248
f 3751//2251 3749//2252 3752//2253
f 3751//2251 3753//2254 3749//2252
f 3749//2252 3750//2255 3752//2253
f 3750//2255 3753//2254 3751//2251
f 3750//2255 3751//2251 3754//2256
f 3750//2255 3754//2256 3752//2253
f 3757//2257 3755//2258 3758//2259
f 3757//2257 3759//2260 3755//2258
f 3755//2258 3756//2261 3758//2259
f 3756//2261 3759//2260 3757//2257
f 3756//2261 3757//2257 3760//2262
f 3756//2261 3760//2262 3758//2259
f 3761//2263 3762//2264 3763//2265
f 3763//2265 3764//2266 3765//2267
f 3763//2265 3765//2267 3761//2263
f 3762//2264 3766//2268 3763//2265
f 3762//2264 3765//2267 3764//2266
f 3764//2266 3766//2268 3762//2264
f 3769//2269 3767//2270 3770//2271
f 3769//2269 3771//2272 3767//2270
f 3767//2270 3768//2273 3770//2271
f 3768//2273 3771//2272 3769//2269
f 3768//2273 3769//2269 3772//2274
f 3768//2273 3772//2274 3770//2271
f 3785//2275 3782//2276 3784//2277
f 3786//2278 3782//2279 3783//2280
f 3786//2278 3783//2280 3785//2275
f 3786//2278 3785//2275 3784//2277
f 3802//2281 3799//2282 3801//2283
f 3803//2284 3799//2285 3800//2286
f 3803//2284 3800//2286 3802//2281
f 3803//2284 3802//2281 3801//2283
f 3807//2287 3804//2288 3806//2289
f 3808//2290 3804//2291 3805//2292
f 3808//2290 3805//2292 3807//2287
f 3808//2290 3807//2287 3806//2289
f 3809//2293 3810//2294 3811//2295
f 3809//2293 3811//2295 3812//2296
f 3813//2297 3809//2293 3812//2296
f 3814//2298 3811//2295 3810//2294
f 3814//2298 3810//2294 3813//2297
f 3814//2298 3813//2297 3812//2296
f 3821//2299 3822//2300 3823//2301
f 3824//2302 3821//2299 3823//2301
f 3824//2302 3823//2301 3825//2303
f 3822//2300 3821//2299 3825//2304
f 3826//2305 3827//2306 3828//2307
f 3829//2308 3827//2306 3830//2309
f 3829//2308 3830//2309 3828//2310
f 3827//2306 3826//2305 3830//2309
f 3834//2311 3835//2312 3836//2313
f 3838//2314 3835//2312 3837//2315
f 3838//2314 3837//2315 3834//2316
f 3838//2314 3836//2313 3835//2312
f 3840//2317 3841//2318 3842//2319
f 3840//2317 3842//2319 3839//2320
f 3841//2318 3843//2321 3842//2319
f 3843//2321 3841//2318 3839//2322
f 3844//2323 3845//2324 3846//2325
f 3844//2323 3847//2326 3845//2324
f 3848//2327 3845//2324 3847//2326
f 3848//2327 3847//2326 3846//2328
f 3849//2329 3850//2330 3851//2331
f 3852//2332 3850//2330 3849//2329
f 3852//2332 3849//2329 3853//2333
f 3851//2331 3850//2330 3853//2334
f 3860//2335 3861//2336 3862//2337
f 3862//2337 3861//2336 3863//2338
f 3862//2337 3863//2338 3864//2339
f 3864//2340 3861//2336 3860//2335
f 3869//2341 3868//2342 3871//2343
f 3872//2344 3869//2341 3871//2343
f 3872//2344 3871//2343 3870//2345
f 3870//2345 3868//2346 3872//2344
f 3876//2347 3873//2348 3875//2349
f 3877//2350 3873//2351 3874//2352
f 3877//2350 3874//2352 3876//2347
f 3877//2350 3876//2347 3875//2349
f 3878//2353 3879//2354 3880//2355
f 3878//2353 3880//2355 3881//2356
f 3878//2353 3882//2357 3879//2354
f 3883//2358 3878//2353 3881//2356
f 3879//2354 3882//2357 3883//2358
f 3879//2354 3883//2358 3881//2356
f 3884//2359 3885//2360 3886//2361
f 3886//2362 3885//2363 3889//2364
f 3886//2362 3889//2364 3890//2365
f 3886//2366 3891//2367 3885//2368
f 3889//2364 3891//2369 3890//2365
f 3892//2370 3893//2371 3894//2372
f 3895//2373 3892//2370 3894//2372
f 3896//2374 3893//2375 3892//2376
f 3896//2374 3892//2376 3895//2377
f 3894//2372 3893//2371 3896//2378
f 3894//2372 3896//2378 3895//2373
f 3897//2379 3898//2380 3893//2381
f 3897//2379 3893//2381 3892//2382
f 3899//2383 3897//2379 3892//2382
f 3899//2383 3892//2382 3895//2384
f 3896//2385 3893//2381 3898//2380
f 3896//2385 3898//2380 3899//2383
f 3896//2385 3899//2383 3895//2384
f 3904//2386 3905//2387 3902//2388
f 3903//2389 3905//2387 3904//2386
f 3906//2390 3907//2391 3908//2392
f 3909//2393 3910//2394 3907//2391
f 3909//2393 3907//2391 3906//2390
f 3906//2390 3908//2392 3910//2394
f 3906//2390 3910//2394 3911//2395
f 3917//2396 3918//2397 3915//2398
f 3919//2399 3920//2400 3921//2401
f 3922//2402 3920//2400 3919//2399
f 3916//2403 3918//2397 3917//2396
f 3926//2404 3927//2405 3928//2406
f 3926//2404 3928//2406 3929//2407
f 3930//2408 3931//2409 3927//2405
f 3930//2408 3927//2405 3926//2404
f 3929//2407 3928//2406 3931//2409
f 3929//2407 3931//2409 3930//2408
f 3932//2410 3933//2411 3934//2412
f 3932//2410 3934//2412 3935//2413
f 3932//2410 3936//2414 3933//2411
f 3937//2415 3934//2412 3936//2414
f 3937//2415 3936//2414 3932//2410
f 3935//2413 3934//2412 3937//2415
f 3941//2416 3942//2417 3943//2418
f 3944//2419 3945//2420 3942//2417
f 3944//2419 3942//2417 3941//2416
f 3946//2421 3945//2420 3944//2419
f 3941//2416 3943//2418 3945//2420
f 3941//2416 3945//2420 3946//2421
f 3949//2422 3950//2423 3948//2424
f 3949//2422 3948//2424 3947//2425
f 3951//2426 3952//2427 3950//2423
f 3951//2426 3950//2423 3949//2422
f 3947//2425 3948//2424 3952//2427
f 3947//2425 3952//2427 3951//2426
f 3956//2428 3957//2429 3958//2430
f 3959//2431 3957//2429 3956//2428
f 3959//2431 3956//2428 3960//2432
f 3958//2430 3957//2429 3961//2433
f 3958//2430 3961//2433 3960//2432
f 3961//2433 3959//2431 3960//2432
f 3962//2434 3963//2435 3964//2436
f 3965//2437 3966//2438 3967//2439
f 3963//2435 3962//2434 3966//2438
f 3963//2435 3966//2438 3965//2437
f 3967//2439 3962//2434 3964//2436
f 3967//2439 3964//2436 3965//2437
f 3968//2440 3969//2441 3970//2442
f 3969//2441 3971//2443 3972//2444
f 3969//2441 3972//2444 3970//2442
f 3972//2444 3971//2443 3968//2445
f 3974//2446 3973//2447 3975//2448
f 3976//2449 3973//2447 3974//2446
f 3995//2450 3996//2451 3997//2452
f 3995//2450 3997//2452 3998//2453
f 3998//2453 3997//2452 3999//2454
f 3996//2451 3995//2450 3999//2455
f 4000//2456 4001//2457 4002//2458
f 4000//2456 4002//2458 4003//2459
f 4002//2458 4001//2457 4004//2460
f 4004//2461 4000//2456 4003//2459
f 4005//2462 4006//2463 4007//2464
f 4009//2465 4005//2466 4008//2467
f 4007//2464 4006//2463 4009//2465
f 4007//2464 4009//2465 4008//2467
f 4010//2468 4011//2469 4012//2470
f 4013//2471 4014//2472 4011//2469
f 4013//2471 4011//2469 4010//2468
f 4014//2472 4013//2471 4015//2473
f 4012//2470 4014//2472 4015//2473
f 4012//2470 4015//2473 4010//2468
f 4016//2474 4017//2475 4018//2476
f 4019//2477 4020//2478 4017//2475
f 4019//2477 4017//2475 4016//2474
f 4020//2478 4019//2477 4021//2479
f 4018//2476 4020//2478 4021//2479
f 4018//2476 4021//2479 4016//2474
f 4022//2480 4023//2481 4024//2482
f 4024//2482 4023//2481 4025//2483
f 4024//2482 4025//2483 4026//2484
f 4025//2483 4027//2485 4026//2484
f 4022//2480 4026//2484 4027//2485
f 4022//2480 4027//2485 4023//2481
f 4028//2486 4029//2487 4030//2488
f 4031//2489 4028//2486 4030//2488
f 4031//2489 4030//2488 4032//2490
f 4032//2490 4033//2491 4031//2489
f 4029//2487 4028//2486 4033//2491
f 4029//2487 4033//2491 4032//2490
f 4034//2492 4035//2493 4036//2494
f 4037//2495 4038//2496 4035//2493
f 4037//2495 4035//2493 4034//2492
f 4038//2496 4037//2495 4039//2497
f 4036//2494 4038//2496 4039//2497
f 4036//2494 4039//2497 4034//2492
f 4040//2498 4041//2499 4042//2500
f 4042//2500 4041//2499 4043//2501
f 4044//2502 4041//2499 4040//2498
f 4044//2502 4040//2498 4045//2503
f 4042//2500 4044//2502 4045//2503
f 4044//2502 4042//2500 4043//2501
f 4048//2504 4046//2505 4049//2506
f 4048//2504 4050//2507 4046//2505
f 4046//2505 4047//2508 4049//2506
f 4047//2508 4050//2507 4048//2504
f 4047//2508 4048//2504 4051//2509
f 4047//2508 4051//2509 4049//2506
f 4054//2510 4052//2511 4055//2512
f 4054//2510 4056//2513 4052//2511
f 4052//2511 4053//2514 4055//2512
f 4053//2514 4056//2513 4054//2510
f 4053//2514 4054//2510 4057//2515
f 4053//2514 4057//2515 4055//2512
f 4058//2516 4059//2517 4060//2518
f 4060//2518 4061//2519 4062//2520
f 4060//2518 4062//2520 4058//2516
f 4059//2517 4063//2521 4060//2518
f 4059//2517 4062//2520 4061//2519
f 4061//2519 4063//2521 4059//2517
f 4066//2522 4064//2523 4067//2524
f 4066//2522 4068//2525 4064//2523
f 4064//2523 4065//2526 4067//2524
f 4065//2526 4068//2525 4066//2522
f 4065//2526 4066//2522 4069//2527
f 4065//2526 4069//2527 4067//2524
f 4082//2528 4079//2529 4081//2530
f 4083//2531 4079//2532 4080//2533
f 4083//2531 4080//2533 4082//2528
f 4083//2531 4082//2528 4081//2530
f 4099//2534 4096//2535 4098//2536
f 4100//2537 4096//2538 4097//2539
f 4100//2537 4097//2539 4099//2534
f 4100//2537 4099//2534 4098//2536
f 4101//2540 4102//2541 4103//2542
f 4101//2540 4103//2542 4104//2543
f 4105//2544 4101//2540 4104//2543
f 4106//2545 4103//2542 4102//2541
f 4106//2545 4102//2541 4105//2544
f 4106//2545 4105//2544 4104//2543
f 4107//2546 4108//2547 4109//2548
f 4107//2546 4109//2548 4110//2549
f 4111//2550 4107//2546 4110//2549
f 4112//2551 4109//2548 4108//2547
f 4112//2551 4108//2547 4111//2550
f 4112//2551 4111//2550 4110//2549
f 4119//2552 4120//2553 4121//2554
f 4122//2555 4119//2552 4121//2554
f 4122//2555 4121//2554 4123//2556
f 4120//2553 4119//2552 4123//2557
f 4124//2558 4125//2559 4126//2560
f 4127//2561 4125//2559 4128//2562
f 4127//2561 4128//2562 4126//2563
f 4125//2559 4124//2558 4128//2562
f 4132//2564 4133//2565 4134//2566
f 4136//2567 4133//2565 4135//2568
f 4136//2567 4135//2568 4132//2569
f 4136//2567 4134//2566 4133//2565
f 4138//2570 4139//2571 4140//2572
f 4138//2570 4140//2572 4137//2573
f 4139//2571 4141//2574 4140//2572
f 4141//2574 4139//2571 4137//2575
f 4142//2576 4143//2577 4144//2578
f 4142//2576 4145//2579 4143//2577
f 4146//2580 4143//2577 4145//2579
f 4146//2580 4145//2579 4144//2581
f 4147//2582 4148//2583 4149//2584
f 4150//2585 4148//2583 4147//2582
f 4150//2585 4147//2582 4151//2586
f 4149//2584 4148//2583 4151//2587
f 4158//2588 4159//2589 4160//2590
f 4160//2590 4159//2589 4161//2591
f 4160//2590 4161//2591 4162//2592
f 4162//2593 4159//2589 4158//2588
f 4167//2594 4166//2595 4169//2596
f 4170//2597 4167//2594 4169//2596
f 4170//2597 4169//2596 4168//2598
f 4168//2598 4166//2599 4170//2597
f 4171//2600 4172//2601 4173//2602
f 4171//2600 4173//2602 4174//2603
f 4175//2604 4171//2600 4174//2603
f 4176//2605 4173//2602 4172//2601
f 4176//2605 4172//2601 4175//2604
f 4176//2605 4175//2604 4174//2603
f 4177//2606 4178//2607 4179//2608
f 4177//2606 4179//2608 4180//2609
f 4177//2606 4181//2610 4178//2607
f 4182//2611 4177//2606 4180//2609
f 4178//2607 4181//2610 4182//2611
f 4178//2607 4182//2611 4180//2609
f 4183//2612 4184//2613 4185//2614
f 4185//2615 4184//2616 4188//2617
f 4185//2615 4188//2617 4189//2618
f 4185//2619 4190//2620 4184//2621
f 4188//2617 4190//2622 4189//2618
f 4191//2623 4192//2624 4193//4
f 4194//2625 4191//2623 4193//4
f 4195//2626 4192//2627 4191//2628
f 4195//2626 4191//2628 4194//2629
f 4193//4 4192//2624 4195//2630
f 4193//4 4195//2630 4194//2625
f 4196//2631 4197//2632 4192//2633
f 4196//2631 4192//2633 4191//2628
f 4198//2634 4196//2631 4191//2628
f 4198//2634 4191//2628 4194//2635
f 4195//2636 4192//2633 4197//2632
f 4195//2636 4197//2632 4198//2634
f 4195//2636 4198//2634 4194//2635
f 4203//2637 4202//2638 4201//2639
f 4201//2639 4202//2638 4204//2640
f 4207//2641 8954//2642 4206//2643
f 4207//2641 4206//2643 4205//2644
f 4205//2644 4206//2643 4208//2645
f 4205//2644 4208//2645 4209//2646
f 4215//2647 4216//2648 4213//2649
f 4217//2650 4218//2651 4219//2652
f 4220//2653 4218//2651 4217//2650
f 4214//2654 4216//2648 4215//2647
f 4224//2655 4225//2656 4226//2657
f 4224//2655 4226//2657 4227//2658
f 4228//2659 4229//2660 4225//2656
f 4228//2659 4225//2656 4224//2655
f 4227//2658 4226//2657 4229//2660
f 4227//2658 4229//2660 4228//2659
f 4230//2661 4231//2662 4232//2663
f 4230//2661 4232//2663 4233//2664
f 4230//2661 4234//2665 4231//2662
f 4235//2666 4232//2663 4234//2665
f 4235//2666 4234//2665 4230//2661
f 4233//2664 4232//2663 4235//2666
f 4239//2667 4240//2668 4241//2669
f 4242//2670 4243//2671 4240//2668
f 4242//2670 4240//2668 4239//2667
f 4244//2672 4243//2671 4242//2670
f 4239//2667 4241//2669 4243//2671
f 4239//2667 4243//2671 4244//2672
f 4247//2673 4248//2674 4246//2675
f 4247//2673 4246//2675 4245//2676
f 4249//2677 4250//2678 4248//2674
f 4249//2677 4248//2674 4247//2673
f 4245//2676 4246//2675 4250//2678
f 4245//2676 4250//2678 4249//2677
f 4254//2679 4255//2680 4256//2681
f 4257//2682 4255//2680 4254//2679
f 4257//2682 4254//2679 4258//2683
f 4256//2681 4255//2680 4259//2684
f 4256//2681 4259//2684 4258//2683
f 4259//2684 4257//2682 4258//2683
f 4260//2685 4261//2686 4262//2687
f 4263//2688 4264//2689 4265//2690
f 4261//2686 4260//2685 4264//2689
f 4261//2686 4264//2689 4263//2688
f 4265//2690 4260//2685 4262//2687
f 4265//2690 4262//2687 4263//2688
f 4266//2691 4267//2692 4268//2693
f 4267//2692 4269//2694 4270//2695
f 4267//2692 4270//2695 4268//2693
f 4270//2695 4269//2694 4266//2696
f 4272//2697 4271//2698 4273//2699
f 4274//2700 4271//2698 4272//2697
f 4293//2701 4294//2702 4295//2703
f 4293//2701 4295//2703 4296//2704
f 4296//2704 4295//2703 4297//2705
f 4294//2702 4293//2701 4297//2706
f 4298//2707 4299//2708 4300//2709
f 4298//2707 4300//2709 4301//2710
f 4300//2709 4299//2708 4302//2711
f 4302//2712 4298//2707 4301//2710
f 4303//2713 4304//2714 4305//2715
f 4307//2716 4303//2717 4306//2718
f 4305//2715 4304//2714 4307//2716
f 4305//2715 4307//2716 4306//2718
f 4308//2719 4309//2720 4310//2721
f 4311//2722 4312//2723 4309//2720
f 4311//2722 4309//2720 4308//2719
f 4312//2723 4311//2722 4313//2724
f 4310//2721 4312//2723 4313//2724
f 4310//2721 4313//2724 4308//2719
f 4314//2725 4315//2726 4316//2727
f 4317//2728 4318//2729 4315//2726
f 4317//2728 4315//2726 4314//2725
f 4318//2729 4317//2728 4319//2730
f 4316//2727 4318//2729 4319//2730
f 4316//2727 4319//2730 4314//2725
f 4320//2731 4321//2732 4322//2733
f 4322//2733 4321//2732 4323//2734
f 4322//2733 4323//2734 4324//2735
f 4323//2734 4325//2736 4324//2735
f 4320//2731 4324//2735 4325//2736
f 4320//2731 4325//2736 4321//2732
f 4326//2737 4327//2738 4328//2739
f 4329//2740 4326//2737 4328//2739
f 4329//2740 4328//2739 4330//2741
f 4330//2741 4331//2742 4329//2740
f 4327//2738 4326//2737 4331//2742
f 4327//2738 4331//2742 4330//2741
f 4332//2743 4333//2744 4334//2745
f 4335//2746 4336//2747 4333//2744
f 4335//2746 4333//2744 4332//2743
f 4336//2747 4335//2746 4337//2748
f 4334//2745 4336//2747 4337//2748
f 4334//2745 4337//2748 4332//2743
f 4338//2749 4339//2750 4340//2751
f 4340//2751 4339//2750 4341//2752
f 4342//2753 4339//2750 4338//2749
f 4342//2753 4338//2749 4343//2754
f 4340//2751 4342//2753 4343//2754
f 4342//2753 4340//2751 4341//2752
f 4346//2755 4344//2756 4347//2757
f 4346//2755 4348//2758 4344//2756
f 4344//2756 4345//2759 4347//2757
f 4345//2759 4348//2758 4346//2755
f 4345//2759 4346//2755 4349//2760
f 4345//2759 4349//2760 4347//2757
f 4352//2761 4350//2762 4353//2763
f 4352//2761 4354//2764 4350//2762
f 4350//2762 4351//2765 4353//2763
f 4351//2765 4354//2764 4352//2761
f 4351//2765 4352//2761 4355//2766
f 4351//2765 4355//2766 4353//2763
f 4356//2767 4357//2768 4358//2769
f 4358//2769 4359//2770 4360//2771
f 4358//2769 4360//2771 4356//2767
f 4357//2768 4361//2772 4358//2769
f 4357//2768 4360//2771 4359//2770
f 4359//2770 4361//2772 4357//2768
f 4364//2773 4362//2774 4365//2775
f 4364//2773 4366//2776 4362//2774
f 4362//2774 4363//2777 4365//2775
f 4363//2777 4366//2776 4364//2773
f 4363//2777 4364//2773 4367//2778
f 4363//2777 4367//2778 4365//2775
f 4380//2779 4377//2780 4379//2781
f 4381//2782 4377//2783 4378//2784
f 4381//2782 4378//2784 4380//2779
f 4381//2782 4380//2779 4379//2781
f 4397//2785 4394//2786 4396//2787
f 4398//2788 4394//2789 4395//2790
f 4398//2788 4395//2790 4397//2785
f 4398//2788 4397//2785 4396//2787
f 4402//2791 4399//2792 4401//2793
f 4403//2794 4399//2795 4400//2796
f 4403//2794 4400//2796 4402//2791
f 4403//2794 4402//2791 4401//2793
f 4404//2797 4405//2798 4406//2799
f 4404//2797 4406//2799 4407//2800
f 4408//2801 4404//2797 4407//2800
f 4409//2802 4406//2799 4405//2798
f 4409//2802 4405//2798 4408//2801
f 4409//2802 4408//2801 4407//2800
f 4416//2803 4417//2804 4418//2805
f 4419//2806 4416//2803 4418//2805
f 4419//2806 4418//2805 4420//2807
f 4417//2804 4416//2803 4420//2808
f 4421//2809 4422//2810 4423//2811
f 4424//2812 4422//2810 4425//2813
f 4424//2812 4425//2813 4423//2814
f 4422//2810 4421//2809 4425//2813
f 4429//2815 4430//2816 4431//2817
f 4433//2818 4430//2816 4432//2819
f 4433//2818 4432//2819 4429//2820
f 4433//2818 4431//2817 4430//2816
f 4435//2821 4436//2822 4437//2823
f 4435//2821 4437//2823 4434//2824
f 4436//2822 4438//2825 4437//2823
f 4438//2825 4436//2822 4434//2826
f 4439//2827 4440//2828 4441//2829
f 4439//2827 4442//2830 4440//2828
f 4443//2831 4440//2828 4442//2830
f 4443//2831 4442//2830 4441//2832
f 4444//2833 4445//2834 4446//2835
f 4447//2836 4445//2834 4444//2833
f 4447//2836 4444//2833 4448//2837
f 4446//2835 4445//2834 4448//2838
f 4455//2839 4456//2840 4457//2841
f 4457//2841 4456//2840 4458//2842
f 4457//2841 4458//2842 4459//2843
f 4459//2844 4456//2840 4455//2839
f 4464//2845 4463//2846 4466//2847
f 4467//2848 4464//2845 4466//2847
f 4467//2848 4466//2847 4465//2849
f 4465//2849 4463//2850 4467//2848
f 4471//2851 4468//2852 4470//2853
f 4472//2854 4468//2855 4469//2856
f 4472//2854 4469//2856 4471//2851
f 4472//2854 4471//2851 4470//2853
f 4473//2857 4474//2858 4475//2859
f 4473//2857 4475//2859 4476//2860
f 4473//2857 4477//2861 4474//2858
f 4478//2862 4473//2857 4476//2860
f 4474//2858 4477//2861 4478//2862
f 4474//2858 4478//2862 4476//2860
f 4479//2863 4480//2864 4481//2865
f 4481//2866 4480//2867 4484//2868
f 4481//2866 4484//2868 4485//2869
f 4481//2870 4486//2871 4480//2872
f 4484//2868 4486//2873 4485//2869
f 4487//2874 4488//2875 4489//2876
f 4490//2877 4487//2874 4489//2876
f 4491//2878 4488//2879 4487//2880
f 4491//2878 4487//2880 4490//2881
f 4489//2876 4488//2875 4491//2882
f 4489//2876 4491//2882 4490//2877
f 4492//2883 4493//2884 4488//2885
f 4492//2883 4488//2885 4487//2880
f 4494//2886 4492//2883 4487//2880
f 4494//2886 4487//2880 4490//2881
f 4491//2887 4488//2885 4493//2884
f 4491//2887 4493//2884 4494//2886
f 4491//2887 4494//2886 4490//2881
f 4499//2888 4500//2889 4497//2890
f 4498//2891 4500//2889 4499//2888
f 4501//2892 4502//2893 4503//2894
f 4504//2895 4505//2896 4502//2893
f 4504//2895 4502//2893 4501//2892
f 4501//2892 4503//2894 4505//2896
f 4501//2892 4505//2896 4506//2897
f 4512//2898 4513//2899 4510//2900
f 4514//2901 4515//2902 4516//2903
f 4517//2904 4515//2902 4514//2901
f 4511//2905 4513//2899 4512//2898
f 4521//2906 4522//2907 4523//2908
f 4521//2906 4523//2908 4524//2909
f 4525//2910 4526//2911 4522//2907
f 4525//2910 4522//2907 4521//2906
f 4524//2909 4523//2908 4526//2911
f 4524//2909 4526//2911 4525//2910
f 4527//2912 4528//2913 4529//2914
f 4527//2912 4529//2914 4530//2915
f 4527//2912 4531//2916 4528//2913
f 4532//2917 4529//2914 4531//2916
f 4532//2917 4531//2916 4527//2912
f 4530//2915 4529//2914 4532//2917
f 4536//2918 4537//2919 4538//2920
f 4539//2921 4540//2922 4537//2919
f 4539//2921 4537//2919 4536//2918
f 4541//2923 4540//2922 4539//2921
f 4536//2918 4538//2920 4540//2922
f 4536//2918 4540//2922 4541//2923
f 4544//2924 4545//2925 4543//2926
f 4544//2924 4543//2926 4542//2927
f 4546//2928 4547//2929 4545//2925
f 4546//2928 4545//2925 4544//2924
f 4542//2927 4543//2926 4547//2929
f 4542//2927 4547//2929 4546//2928
f 4550//2930 4551//2931 4548//2932
f 4549//2933 4551//2931 4550//2930
f 4552//2934 4553//2935 4554//2936
f 4555//2937 4553//2935 4552//2934
f 4555//2937 4552//2934 4556//2938
f 4554//2936 4553//2935 4557//2939
f 4554//2936 4557//2939 4556//2938
f 4557//2939 4555//2937 4556//2938
f 4558//2940 4559//2941 4560//2942
f 4561//2943 4562//2944 4563//2945
f 4559//2941 4558//2940 4562//2944
f 4559//2941 4562//2944 4561//2943
f 4563//2945 4558//2940 4560//2942
f 4563//2945 4560//2942 4561//2943
f 4564//2946 4565//2947 4566//2948
f 4565//2947 4567//2949 4568//2950
f 4565//2947 4568//2950 4566//2948
f 4568//2950 4567//2949 4564//2951
f 4570//2952 4569//2953 4571//2954
f 4572//2955 4569//2953 4570//2952
f 4591//2956 4592//2957 4593//2958
f 4591//2956 4593//2958 4594//2959
f 4594//2959 4593//2958 4595//2960
f 4592//2957 4591//2956 4595//2961
f 4596//2962 4597//2963 4598//2964
f 4596//2962 4598//2964 4599//2965
f 4598//2964 4597//2963 4600//2966
f 4600//2967 4596//2962 4599//2965
f 4601//2968 4602//2969 4603//2970
f 4605//2971 4601//2972 4604//2973
f 4603//2970 4602//2969 4605//2971
f 4603//2970 4605//2971 4604//2973
f 4606//2974 4607//2975 4608//2976
f 4609//2977 4610//2978 4607//2975
f 4609//2977 4607//2975 4606//2974
f 4610//2978 4609//2977 4611//2979
f 4608//2976 4610//2978 4611//2979
f 4608//2976 4611//2979 4606//2974
f 4612//2980 4613//2981 4614//2982
f 4615//2983 4616//2984 4613//2981
f 4615//2983 4613//2981 4612//2980
f 4616//2984 4615//2983 4617//2985
f 4614//2982 4616//2984 4617//2985
f 4614//2982 4617//2985 4612//2980
f 4618//2986 4619//2987 4620//2988
f 4620//2988 4619//2987 4621//2989
f 4620//2988 4621//2989 4622//2990
f 4621//2989 4623//2991 4622//2990
f 4618//2986 4622//2990 4623//2991
f 4618//2986 4623//2991 4619//2987
f 4624//2992 4625//2993 4626//2994
f 4627//2995 4624//2992 4626//2994
f 4627//2995 4626//2994 4628//2996
f 4628//2996 4629//2997 4627//2995
f 4625//2993 4624//2992 4629//2997
f 4625//2993 4629//2997 4628//2996
f 4630//2998 4631//2999 4632//3000
f 4633//3001 4634//3002 4631//2999
f 4633//3001 4631//2999 4630//2998
f 4634//3002 4633//3001 4635//3003
f 4632//3000 4634//3002 4635//3003
f 4632//3000 4635//3003 4630//2998
f 4636//3004 4637//3005 4638//3006
f 4638//3006 4637//3005 4639//3007
f 4640//3008 4637//3005 4636//3004
f 4640//3008 4636//3004 4641//3009
f 4638//3006 4640//3008 4641//3009
f 4640//3008 4638//3006 4639//3007
f 4644//3010 4642//3011 4645//3012
f 4644//3010 4646//3013 4642//3011
f 4642//3011 4643//3014 4645//3012
f 4643//3014 4646//3013 4644//3010
f 4643//3014 4644//3010 4647//3015
f 4643//3014 4647//3015 4645//3012
f 4650//3016 4648//3017 4651//3018
f 4650//3016 4652//3019 4648//3017
f 4648//3017 4649//3020 4651//3018
f 4649//3020 4652//3019 4650//3016
f 4649//3020 4650//3016 4653//3021
f 4649//3020 4653//3021 4651//3018
f 4654//3022 4655//3023 4656//3024
f 4656//3024 4657//3025 4658//3026
f 4656//3024 4658//3026 4654//3022
f 4655//3023 4659//3027 4656//3024
f 4655//3023 4658//3026 4657//3025
f 4657//3025 4659//3027 4655//3023
f 4662//3028 4660//3029 4663//3030
f 4662//3028 4664//3031 4660//3029
f 4660//3029 4661//3032 4663//3030
f 4661//3032 4664//3031 4662//3028
f 4661//3032 4662//3028 4665//3033
f 4661//3032 4665//3033 4663//3030
f 4678//3034 4675//3035 4677//3036
f 4679//3037 4675//3038 4676//3039
f 4679//3037 4676//3039 4678//3034
f 4679//3037 4678//3034 4677//3036
f 4695//3040 4692//3041 4694//3042
f 4696//3043 4692//3044 4693//3045
f 4696//3043 4693//3045 4695//3040
f 4696//3043 4695//3040 4694//3042
f 4700//3046 4697//3047 4699//3048
f 4701//3049 4697//3050 4698//3051
f 4701//3049 4698//3051 4700//3046
f 4701//3049 4700//3046 4699//3048
f 4702//3052 4703//3053 4704//3054
f 4702//3052 4704//3054 4705//3055
f 4706//3056 4702//3052 4705//3055
f 4707//3057 4704//3054 4703//3053
f 4707//3057 4703//3053 4706//3056
f 4707//3057 4706//3056 4705//3055
f 4714//3058 4715//3059 4716//3060
f 4717//3061 4714//3058 4716//3060
f 4717//3061 4716//3060 4718//3062
f 4715//3059 4714//3058 4718//3063
f 4719//3064 4720//3065 4721//3066
f 4722//3067 4720//3065 4723//3068
f 4722//3067 4723//3068 4721//3069
f 4720//3065 4719//3064 4723//3068
f 4727//3070 4728//3071 4729//3072
f 4731//3073 4728//3071 4730//3074
f 4731//3073 4730//3074 4727//3075
f 4731//3073 4729//3072 4728//3071
f 4733//3076 4734//3077 4735//3078
f 4733//3076 4735//3078 4732//3079
f 4734//3077 4736//3080 4735//3078
f 4736//3080 4734//3077 4732//3081
f 4737//3082 4738//3083 4739//3084
f 4737//3082 4740//3085 4738//3083
f 4741//3086 4738//3083 4740//3085
f 4741//3086 4740//3085 4739//3087
f 4742//3088 4743//3089 4744//3090
f 4745//3091 4743//3089 4742//3088
f 4745//3091 4742//3088 4746//3092
f 4744//3090 4743//3089 4746//3093
f 4753//3094 4754//3095 4755//3096
f 4755//3096 4754//3095 4756//3097
f 4755//3096 4756//3097 4757//3098
f 4757//3099 4754//3095 4753//3094
f 4762//3100 4761//3101 4764//3102
f 4765//3103 4762//3100 4764//3102
f 4765//3103 4764//3102 4763//3104
f 4763//3104 4761//3105 4765//3103
f 4769//3106 4766//3107 4768//3108
f 4770//3109 4766//3110 4767//3111
f 4770//3109 4767//3111 4769//3106
f 4770//3109 4769//3106 4768//3108
f 4771//3112 4772//3113 4773//3114
f 4771//3112 4773//3114 4774//3115
f 4771//3112 4775//3116 4772//3113
f 4776//3117 4771//3112 4774//3115
f 4772//3113 4775//3116 4776//3117
f 4772//3113 4776//3117 4774//3115
f 4777//3118 4778//3119 4779//3120
f 4779//3121 4778//3122 4782//3123
f 4779//3121 4782//3123 4783//3124
f 4779//3125 4784//3126 4778//3127
f 4782//3123 4784//3128 4783//3124
f 4785//3129 4786//3130 4787//3131
f 4788//3132 4785//3129 4787//3131
f 4789//3133 4786//3134 4785//3135
f 4789//3133 4785//3135 4788//3136
f 4787//3131 4786//3130 4789//3137
f 4787//3131 4789//3137 4788//3132
f 4790//3138 4791//3139 4786//3140
f 4790//3138 4786//3140 4785//3135
f 4792//3141 4790//3138 4785//3135
f 4792//3141 4785//3135 4788//3142
f 4789//3143 4786//3140 4791//3139
f 4789//3143 4791//3139 4792//3141
f 4789//3143 4792//3141 4788//3142
f 4798//3144 4799//3145 4800//3146
f 4801//3147 4802//3148 4799//3145
f 4801//3147 4799//3145 4798//3144
f 4798//3144 4800//3146 4802//3148
f 4798//3144 4802//3148 4803//3149
f 4809//3150 4810//3151 4807//3152
f 4811//3153 4812//3154 4813//3155
f 4814//3156 4812//3154 4811//3153
f 4808//3157 4810//3151 4809//3150
f 4818//3158 4819//3159 4820//3160
f 4818//3158 4820//3160 4821//3161
f 4822//3162 4823//3163 4819//3159
f 4822//3162 4819//3159 4818//3158
f 4821//3161 4820//3160 4823//3163
f 4821//3161 4823//3163 4822//3162
f 4824//3164 4825//3165 4826//3166
f 4824//3164 4826//3166 4827//3167
f 4824//3164 4828//3168 4825//3165
f 4829//3169 4826//3166 4828//3168
f 4829//3169 4828//3168 4824//3164
f 4827//3167 4826//3166 4829//3169
f 4833//3170 4834//3171 4835//3172
f 4836//3173 4837//3174 4834//3171
f 4836//3173 4834//3171 4833//3170
f 4838//3175 4837//3174 4836//3173
f 4833//3170 4835//3172 4837//3174
f 4833//3170 4837//3174 4838//3175
f 4841//3176 4842//3177 4840//3178
f 4841//3176 4840//3178 4839//3179
f 4843//3180 4844//3181 4842//3177
f 4843//3180 4842//3177 4841//3176
f 4839//3179 4840//3178 4844//3181
f 4839//3179 4844//3181 4843//3180
f 4847//3182 4848//3183 4845//3184
f 4846//3185 4848//3183 4847//3182
f 4849//3186 4850//3187 4851//3188
f 4852//3189 4850//3187 4849//3186
f 4852//3189 4849//3186 4853//3190
f 4851//3188 4850//3187 4854//3191
f 4851//3188 4854//3191 4853//3190
f 4854//3191 4852//3189 4853//3190
f 4855//3192 4856//3193 4857//3194
f 4858//3195 4859//3196 4860//3197
f 4856//3193 4855//3192 4859//3196
f 4856//3193 4859//3196 4858//3195
f 4860//3197 4855//3192 4857//3194
f 4860//3197 4857//3194 4858//3195
f 4861//3198 4862//3199 4863//3200
f 4862//3199 4864//3201 4865//3202
f 4862//3199 4865//3202 4863//3200
f 4865//3202 4864//3201 4861//3203
f 4867//3204 4866//3205 4868//3206
f 4869//3207 4866//3205 4867//3204
f 4888//3208 4889//3209 4890//3210
f 4888//3208 4890//3210 4891//3211
f 4891//3211 4890//3210 4892//3212
f 4889//3209 4888//3208 4892//3213
f 4893//3214 4894//3215 4895//3216
f 4893//3214 4895//3216 4896//3217
f 4895//3216 4894//3215 4897//3218
f 4897//3219 4893//3214 4896//3217
f 4898//3220 4899//3221 4900//3222
f 4898//3220 4901//3223 4902//3224
f 4898//3220 4902//3224 4899//3221
f 4900//3225 4902//3224 4901//3223
f 4903//3226 4904//3227 4905//3228
f 4906//3229 4907//3230 4904//3227
f 4906//3229 4904//3227 4903//3226
f 4907//3230 4906//3229 4908//3231
f 4905//3228 4907//3230 4908//3231
f 4905//3228 4908//3231 4903//3226
f 4909//3232 4910//3233 4911//3234
f 4912//3235 4913//3236 4910//3233
f 4912//3235 4910//3233 4909//3232
f 4913//3236 4912//3235 4914//3237
f 4911//3234 4913//3236 4914//3237
f 4911//3234 4914//3237 4909//3232
f 4915//3238 4916//3239 4917//3240
f 4917//3240 4916//3239 4918//3241
f 4917//3240 4918//3241 4919//3242
f 4918//3241 4920//3243 4919//3242
f 4915//3238 4919//3242 4920//3243
f 4915//3238 4920//3243 4916//3239
f 4921//3244 4922//3245 4923//3246
f 4924//3247 4921//3244 4923//3246
f 4924//3247 4923//3246 4925//3248
f 4925//3248 4926//3249 4924//3247
f 4922//3245 4921//3244 4926//3249
f 4922//3245 4926//3249 4925//3248
f 4927//3250 4928//3251 4929//3252
f 4930//3253 4931//3254 4928//3251
f 4930//3253 4928//3251 4927//3250
f 4931//3254 4930//3253 4932//3255
f 4929//3252 4931//3254 4932//3255
f 4929//3252 4932//3255 4927//3250
f 4933//3256 4934//3257 4935//3258
f 4935//3258 4934//3257 4936//3259
f 4937//3260 4934//3257 4933//3256
f 4937//3260 4933//3256 4938//3261
f 4935//3258 4937//3260 4938//3261
f 4937//3260 4935//3258 4936//3259
f 4941//3262 4939//3263 4942//3264
f 4941//3262 4943//3265 4939//3263
f 4939//3263 4940//3266 4942//3264
f 4940//3266 4943//3265 4941//3262
f 4940//3266 4941//3262 4944//3267
f 4940//3266 4944//3267 4942//3264
f 4947//3268 4945//3269 4948//3270
f 4947//3268 4949//3271 4945//3269
f 4945//3269 4946//3272 4948//3270
f 4946//3272 4949//3271 4947//3268
f 4946//3272 4947//3268 4950//3273
f 4946//3272 4950//3273 4948//3270
f 4951//3274 4952//3275 4953//3276
f 4953//3276 4954//3277 4955//3278
f 4953//3276 4955//3278 4951//3274
f 4952//3275 4956//3279 4953//3276
f 4952//3275 4955//3278 4954//3277
f 4954//3277 4956//3279 4952//3275
f 4959//3280 4957//3281 4960//3282
f 4959//3280 4961//3283 4957//3281
f 4957//3281 4958//3284 4960//3282
f 4958//3284 4961//3283 4959//3280
f 4958//3284 4959//3280 4962//3285
f 4958//3284 4962//3285 4960//3282
f 4975//3286 4972//3287 4974//3288
f 4976//3289 4972//3290 4973//3291
f 4976//3289 4973//3291 4975//3286
f 4976//3289 4975//3286 4974//3288
f 4992//3292 4989//3293 4991//3294
f 4993//3295 4989//3296 4990//3297
f 4993//3295 4990//3297 4992//3292
f 4993//3295 4992//3292 4991//3294
f 4997//3298 4994//3299 4996//3300
f 4998//3301 4994//3302 4995//3303
f 4998//3301 4995//3303 4997//3298
f 4998//3301 4997//3298 4996//3300
f 4999//3304 5000//3305 5001//3306
f 4999//3304 5001//3306 5002//3307
f 5003//3308 4999//3304 5002//3307
f 5004//3309 5001//3306 5000//3305
f 5004//3309 5000//3305 5003//3308
f 5004//3309 5003//3308 5002//3307
f 5011//3310 5012//3311 5013//3312
f 5014//3313 5011//3310 5013//3312
f 5014//3313 5013//3312 5015//3314
f 5012//3311 5011//3310 5015//3315
f 5016//3316 5017//3317 5018//3318
f 5019//3319 5017//3317 5020//3320
f 5019//3319 5020//3320 5018//3321
f 5017//3317 5016//3316 5020//3320
f 5024//3322 5025//3323 5026//3324
f 5028//3325 5025//3323 5027//3326
f 5028//3325 5027//3326 5024//3327
f 5028//3325 5026//3324 5025//3323
f 5030//3328 5031//3329 5032//3330
f 5030//3328 5032//3330 5029//3331
f 5031//3329 5033//3332 5032//3330
f 5033//3332 5031//3329 5029//3333
f 5034//3334 5035//3335 5036//3336
f 5034//3334 5037//3337 5035//3335
f 5038//3338 5035//3335 5037//3337
f 5038//3338 5037//3337 5036//3339
f 5039//3340 5040//3341 5041//3342
f 5042//3343 5040//3341 5039//3340
f 5042//3343 5039//3340 5043//3344
f 5041//3342 5040//3341 5043//3345
f 5050//3346 5051//3347 5052//3348
f 5052//3348 5051//3347 5053//3349
f 5052//3348 5053//3349 5054//3350
f 5054//3351 5051//3347 5050//3346
f 5059//3352 5058//3353 5061//3354
f 5062//3355 5059//3352 5061//3354
f 5062//3355 5061//3354 5060//3356
f 5060//3356 5058//3357 5062//3355
f 5066//3358 5063//3359 5065//3360
f 5067//3361 5063//3362 5064//3363
f 5067//3361 5064//3363 5066//3358
f 5067//3361 5066//3358 5065//3360
f 5068//3364 5069//3365 5070//3366
f 5068//3364 5070//3366 5071//3367
f 5068//3364 5072//3368 5069//3365
f 5073//3369 5068//3364 5071//3367
f 5069//3365 5072//3368 5073//3369
f 5069//3365 5073//3369 5071//3367
f 5074//3370 5075//3371 5076//3372
f 5076//3373 5075//3374 5079//3375
f 5076//3373 5079//3375 5080//3376
f 5076//3377 5081//3378 5075//3379
f 5079//3375 5081//3380 5080//3376
f 5082//3381 5083//3382 5084//4
f 5085//3383 5082//3381 5084//4
f 5086//3384 5083//3385 5082//3386
f 5086//3384 5082//3386 5085//3387
f 5084//4 5083//3382 5086//3388
f 5084//4 5086//3388 5085//3383
f 5087//3389 5088//3390 5083//3391
f 5087//3389 5083//3391 5082//3386
f 5089//3392 5087//3389 5082//3386
f 5089//3392 5082//3386 5085//3393
f 5086//3394 5083//3391 5088//3390
f 5086//3394 5088//3390 5089//3392
f 5086//3394 5089//3392 5085//3393
f 5097//3395 5098//3396 5096//3397
f 5097//3395 5096//3397 5095//3398
f 5095//3398 5096//3397 5099//3399
f 5095//3398 5099//3399 5100//3400
f 5106//3401 5107//3402 5104//3403
f 5108//3404 5109//3405 5110//3406
f 5111//3407 5109//3405 5108//3404
f 5105//3408 5107//3402 5106//3401
f 5115//3409 5116//3410 5117//3411
f 5115//3409 5117//3411 5118//3412
f 5119//3413 5120//3414 5116//3410
f 5119//3413 5116//3410 5115//3409
f 5118//3412 5117//3411 5120//3414
f 5118//3412 5120//3414 5119//3413
f 5121//3415 5122//3416 5123//3417
f 5121//3415 5123//3417 5124//3418
f 5121//3415 5125//3419 5122//3416
f 5126//3420 5123//3417 5125//3419
f 5126//3420 5125//3419 5121//3415
f 5124//3418 5123//3417 5126//3420
f 5130//3421 5131//3422 5132//3423
f 5133//3424 5134//3425 5131//3422
f 5133//3424 5131//3422 5130//3421
f 5135//3426 5134//3425 5133//3424
f 5130//3421 5132//3423 5134//3425
f 5130//3421 5134//3425 5135//3426
f 5138//3427 5139//3428 5137//3429
f 5138//3427 5137//3429 5136//3430
f 5140//3431 5141//3432 5139//3428
f 5140//3431 5139//3428 5138//3427
f 5136//3430 5137//3429 5141//3432
f 5136//3430 5141//3432 5140//3431
f 5145//3433 5146//3434 5147//3435
f 5148//3436 5146//3434 5145//3433
f 5148//3436 5145//3433 5149//3437
f 5147//3435 5146//3434 5150//3438
f 5147//3435 5150//3438 5149//3437
f 5150//3438 5148//3436 5149//3437
f 5151//3439 5152//3440 5153//3441
f 5154//3442 5155//3443 5156//3444
f 5152//3440 5151//3439 5155//3443
f 5152//3440 5155//3443 5154//3442
f 5156//3444 5151//3439 5153//3441
f 5156//3444 5153//3441 5154//3442
f 5157//3445 5158//3446 5159//3447
f 5158//3446 5160//3448 5161//3449
f 5158//3446 5161//3449 5159//3447
f 5161//3449 5160//3448 5157//3450
f 5163//3451 5162//3452 5164//3453
f 5165//3454 5162//3452 5163//3451
f 5184//3455 5185//3456 5186//3457
f 5184//3455 5186//3457 5187//3458
f 5187//3458 5186//3457 5188//3459
f 5185//3456 5184//3455 5188//3460
f 5189//3461 5190//3462 5191//3463
f 5189//3461 5191//3463 5192//3464
f 5191//3463 5190//3462 5193//3465
f 5193//3466 5189//3461 5192//3464
f 5194//3467 5195//3468 5196//3469
f 5198//3470 5194//3471 5197//3472
f 5196//3469 5195//3468 5198//3470
f 5196//3469 5198//3470 5197//3472
f 5199//3473 5200//3474 5201//3475
f 5202//3476 5203//3477 5200//3474
f 5202//3476 5200//3474 5199//3473
f 5203//3477 5202//3476 5204//3478
f 5201//3475 5203//3477 5204//3478
f 5201//3475 5204//3478 5199//3473
f 5205//3479 5206//3480 5207//3481
f 5208//3482 5209//3483 5206//3480
f 5208//3482 5206//3480 5205//3479
f 5209//3483 5208//3482 5210//3484
f 5207//3481 5209//3483 5210//3484
f 5207//3481 5210//3484 5205//3479
f 5211//3485 5212//3486 5213//3487
f 5213//3487 5212//3486 5214//3488
f 5213//3487 5214//3488 5215//3489
f 5214//3488 5216//3490 5215//3489
f 5211//3485 5215//3489 5216//3490
f 5211//3485 5216//3490 5212//3486
f 5217//3491 5218//3492 5219//3493
f 5220//3494 5217//3491 5219//3493
f 5220//3494 5219//3493 5221//3495
f 5221//3495 5222//3496 5220//3494
f 5218//3492 5217//3491 5222//3496
f 5218//3492 5222//3496 5221//3495
f 5223//3497 5224//3498 5225//3499
f 5226//3500 5227//3501 5224//3498
f 5226//3500 5224//3498 5223//3497
f 5227//3501 5226//3500 5228//3502
f 5225//3499 5227//3501 5228//3502
f 5225//3499 5228//3502 5223//3497
f 5229//3503 5230//3504 5231//3505
f 5231//3505 5230//3504 5232//3506
f 5233//3507 5230//3504 5229//3503
f 5233//3507 5229//3503 5234//3508
f 5231//3505 5233//3507 5234//3508
f 5233//3507 5231//3505 5232//3506
f 5237//3509 5235//3510 5238//3511
f 5237//3509 5239//3512 5235//3510
f 5235//3510 5236//3513 5238//3511
f 5236//3513 5239//3512 5237//3509
f 5236//3513 5237//3509 5240//3514
f 5236//3513 5240//3514 5238//3511
f 5243//3515 5241//3516 5244//3517
f 5243//3515 5245//3518 5241//3516
f 5241//3516 5242//3519 5244//3517
f 5242//3519 5245//3518 5243//3515
f 5242//3519 5243//3515 5246//3520
f 5242//3519 5246//3520 5244//3517
f 5247//3521 5248//3522 5249//3523
f 5249//3523 5250//3524 5251//3525
f 5249//3523 5251//3525 5247//3521
f 5248//3522 5252//3526 5249//3523
f 5248//3522 5251//3525 5250//3524
f 5250//3524 5252//3526 5248//3522
f 5255//3527 5253//3528 5256//3529
f 5255//3527 5257//3530 5253//3528
f 5253//3528 5254//3531 5256//3529
f 5254//3531 5257//3530 5255//3527
f 5254//3531 5255//3527 5258//3532
f 5254//3531 5258//3532 5256//3529
f 5271//3533 5268//3534 5270//3535
f 5272//3536 5268//3537 5269//3538
f 5272//3536 5269//3538 5271//3533
f 5272//3536 5271//3533 5270//3535
f 5288//3539 5285//3540 5287//3541
f 5289//3542 5285//3543 5286//3544
f 5289//3542 5286//3544 5288//3539
f 5289//3542 5288//3539 5287//3541
f 5290//3545 5291//3546 5292//3547
f 5290//3545 5292//3547 5293//3548
f 5294//3549 5290//3545 5293//3548
f 5295//3550 5292//3547 5291//3546
f 5295//3550 5291//3546 5294//3549
f 5295//3550 5294//3549 5293//3548
f 5296//3551 5297//3552 5298//3553
f 5296//3551 5298//3553 5299//3554
f 5300//3555 5296//3551 5299//3554
f 5301//3556 5298//3553 5297//3552
f 5301//3556 5297//3552 5300//3555
f 5301//3556 5300//3555 5299//3554
f 5308//3557 5309//3558 5310//3559
f 5311//3560 5308//3557 5310//3559
f 5311//3560 5310//3559 5312//3561
f 5309//3558 5308//3557 5312//3562
f 5313//3563 5314//3564 5315//3565
f 5316//3566 5314//3564 5317//3567
f 5316//3566 5317//3567 5315//3568
f 5314//3564 5313//3563 5317//3567
f 5321//3569 5322//3570 5323//3571
f 5325//3572 5322//3570 5324//3573
f 5325//3572 5324//3573 5321//3574
f 5325//3572 5323//3571 5322//3570
f 5327//3575 5328//3576 5329//3577
f 5327//3575 5329//3577 5326//3578
f 5328//3576 5330//3579 5329//3577
f 5330//3579 5328//3576 5326//3580
f 5331//3581 5332//3582 5333//3583
f 5331//3581 5334//3584 5332//3582
f 5335//3585 5332//3582 5334//3584
f 5335//3585 5334//3584 5333//3586
f 5336//3587 5337//3588 5338//3589
f 5339//3590 5337//3588 5336//3587
f 5339//3590 5336//3587 5340//3591
f 5338//3589 5337//3588 5340//3592
f 5347//3593 5348//3594 5349//3595
f 5349//3595 5348//3594 5350//3596
f 5349//3595 5350//3596 5351//3597
f 5351//3598 5348//3594 5347//3593
f 5356//3599 5355//3600 5358//3601
f 5359//3602 5356//3599 5358//3601
f 5359//3602 5358//3601 5357//3603
f 5357//3603 5355//3604 5359//3602
f 5360//3605 5361//3606 5362//3607
f 5360//3605 5362//3607 5363//3608
f 5364//3609 5360//3605 5363//3608
f 5365//3610 5362//3607 5361//3606
f 5365//3610 5361//3606 5364//3609
f 5365//3610 5364//3609 5363//3608
f 5366//3611 5367//3612 5368//3613
f 5366//3611 5368//3613 5369//3614
f 5366//3611 5370//3615 5367//3612
f 5371//3616 5366//3611 5369//3614
f 5367//3612 5370//3615 5371//3616
f 5367//3612 5371//3616 5369//3614
f 5372//3617 5373//3618 5374//3619
f 5374//3620 5373//3621 5377//3622
f 5374//3620 5377//3622 5378//3623
f 5374//3624 5379//3625 5373//3626
f 5377//3622 5379//3627 5378//3623
f 5380//3628 5381//3629 5382//3630
f 5383//3631 5380//3628 5382//3630
f 5384//3632 5381//3633 5380//3634
f 5384//3632 5380//3634 5383//3635
f 5382//3630 5381//3629 5384//3636
f 5382//3630 5384//3636 5383//3631
f 5385//3637 5386//3638 5381//3639
f 5385//3637 5381//3639 5380//3634
f 5387//3640 5385//3637 5380//3634
f 5387//3640 5380//3634 5383//3635
f 5384//3641 5381//3639 5386//3638
f 5384//3641 5386//3638 5387//3640
f 5384//3641 5387//3640 5383//3635
f 5393//3642 5394//3643 5395//3644
f 5396//3645 5397//3646 5394//3643
f 5396//3645 5394//3643 5393//3642
f 5393//3642 5395//3644 5397//3646
f 5393//3642 5397//3646 5398//3647
f 5404//3648 5405//3649 5402//3650
f 5406//3651 5407//3652 5408//3653
f 5409//3654 5407//3652 5406//3651
f 5403//3655 5405//3649 5404//3648
f 5413//3656 5414//3657 5415//3658
f 5413//3656 5415//3658 5416//3659
f 5417//3660 5418//3661 5414//3657
f 5417//3660 5414//3657 5413//3656
f 5416//3659 5415//3658 5418//3661
f 5416//3659 5418//3661 5417//3660
f 5419//3662 5420//3663 5421//3664
f 5419//3662 5421//3664 5422//3665
f 5419//3662 5423//3666 5420//3663
f 5424//3667 5421//3664 5423//3666
f 5424//3667 5423//3666 5419//3662
f 5422//3665 5421//3664 5424//3667
f 5428//3668 5429//3669 5430//3670
f 5431//3671 5432//3672 5429//3669
f 5431//3671 5429//3669 5428//3668
f 5433//3673 5432//3672 5431//3671
f 5428//3668 5430//3670 5432//3672
f 5428//3668 5432//3672 5433//3673
f 5436//3674 5437//3675 5435//3676
f 5436//3674 5435//3676 5434//3677
f 5438//3678 5439//3679 5437//3675
f 5438//3678 5437//3675 5436//3674
f 5434//3677 5435//3676 5439//3679
f 5434//3677 5439//3679 5438//3678
f 5443//3680 5444//676 5445//3681
f 5446//3682 5444//676 5443//3680
f 5446//3682 5443//3680 5447//673
f 5445//3681 5444//676 5448//3683
f 5445//3681 5448//3683 5447//673
f 5448//3683 5446//3682 5447//673
f 5449//3684 5450//3685 5451//3686
f 5452//3687 5453//3688 5454//3689
f 5450//3685 5449//3684 5453//3688
f 5450//3685 5453//3688 5452//3687
f 5454//3689 5449//3684 5451//3686
f 5454//3689 5451//3686 5452//3687
f 5455//3690 5456//3691 5457//3692
f 5456//3691 5458//3693 5459//3694
f 5456//3691 5459//3694 5457//3692
f 5459//3694 5458//3693 5455//3695
f 5461//3696 5460//3697 5462//3698
f 5463//3699 5460//3697 5461//3696
f 5482//3700 5483//3701 5484//3702
f 5482//3700 5484//3702 5485//3703
f 5485//3703 5484//3702 5486//3704
f 5483//3701 5482//3700 5486//3705
f 5487//3706 5488//3707 5489//3708
f 5487//3706 5489//3708 5490//3709
f 5489//3708 5488//3707 5491//3710
f 5491//3711 5487//3706 5490//3709
f 5492//3712 5493//3713 5494//3714
f 5496//3715 5492//3716 5495//3717
f 5494//3714 5493//3713 5496//3715
f 5494//3714 5496//3715 5495//3717
f 5497//711 5498//3718 5499//3719
f 5500//3720 5501//707 5498//3718
f 5500//3720 5498//3718 5497//711
f 5501//707 5500//3720 5502//709
f 5499//3719 5501//707 5502//709
f 5499//3719 5502//709 5497//711
f 5503//717 5504//716 5505//718
f 5506//714 5507//713 5504//716
f 5506//714 5504//716 5503//717
f 5507//713 5506//714 5508//3721
f 5505//718 5507//713 5508//3721
f 5505//718 5508//3721 5503//717
f 5509//724 5510//723 5511//3722
f 5511//3722 5510//723 5512//721
f 5511//3722 5512//721 5513//720
f 5512//721 5514//3723 5513//720
f 5509//724 5513//720 5514//3723
f 5509//724 5514//3723 5510//723
f 5515//729 5516//730 5517//728
f 5518//727 5515//729 5517//728
f 5518//727 5517//728 5519//725
f 5519//725 5520//726 5518//727
f 5516//730 5515//729 5520//726
f 5516//730 5520//726 5519//725
f 5521//3724 5522//3725 5523//3726
f 5524//3727 5525//731 5522//3725
f 5524//3727 5522//3725 5521//3724
f 5525//731 5524//3727 5526//3728
f 5523//3726 5525//731 5526//3728
f 5523//3726 5526//3728 5521//3724
f 5527//3729 5528//3730 5529//3731
f 5529//3731 5528//3730 5530//3732
f 5531//3733 5528//3730 5527//3729
f 5531//3733 5527//3729 5532//3734
f 5529//3731 5531//3733 5532//3734
f 5531//3733 5529//3731 5530//3732
f 5535//3735 5533//3736 5536//3737
f 5535//3735 5537//3738 5533//3736
f 5533//3736 5534//3739 5536//3737
f 5534//3739 5537//3738 5535//3735
f 5534//3739 5535//3735 5538//3740
f 5534//3739 5538//3740 5536//3737
f 5541//3741 5539//3742 5542//3743
f 5541//3741 5543//3744 5539//3742
f 5539//3742 5540//3745 5542//3743
f 5540//3745 5543//3744 5541//3741
f 5540//3745 5541//3741 5544//3746
f 5540//3745 5544//3746 5542//3743
f 5545//3747 5546//3748 5547//3749
f 5547//3749 5548//3750 5549//3751
f 5547//3749 5549//3751 5545//3747
f 5546//3748 5550//3752 5547//3749
f 5546//3748 5549//3751 5548//3750
f 5548//3750 5550//3752 5546//3748
f 5553//3753 5551//3754 5554//3755
f 5553//3753 5555//3756 5551//3754
f 5551//3754 5552//3757 5554//3755
f 5552//3757 5555//3756 5553//3753
f 5552//3757 5553//3753 5556//3758
f 5552//3757 5556//3758 5554//3755
f 5569//3759 5566//3760 5568//3761
f 5570//3762 5566//3763 5567//3764
f 5570//3762 5567//3764 5569//3759
f 5570//3762 5569//3759 5568//3761
f 5586//3765 5583//3766 5585//3767
f 5587//3768 5583//3769 5584//3770
f 5587//3768 5584//3770 5586//3765
f 5587//3768 5586//3765 5585//3767
f 5588//3771 5589//3772 5590//3773
f 5588//3771 5590//3773 5591//3774
f 5592//3775 5588//3771 5591//3774
f 5593//3776 5590//3773 5589//3772
f 5593//3776 5589//3772 5592//3775
f 5593//3776 5592//3775 5591//3774
f 5594//3777 5595//3778 5596//3779
f 5594//3777 5596//3779 5597//3780
f 5598//3781 5594//3777 5597//3780
f 5599//3782 5596//3779 5595//3778
f 5599//3782 5595//3778 5598//3781
f 5599//3782 5598//3781 5597//3780
f 5606//3783 5607//3784 5608//3785
f 5609//3786 5606//3783 5608//3785
f 5609//3786 5608//3785 5610//3787
f 5607//3784 5606//3783 5610//3788
f 5611//3789 5612//3790 5613//3791
f 5614//3792 5612//3790 5615//3793
f 5614//3792 5615//3793 5613//3794
f 5612//3790 5611//3789 5615//3793
f 5619//3795 5620//3796 5621//3797
f 5623//3798 5620//3796 5622//3799
f 5623//3798 5622//3799 5619//3800
f 5623//3798 5621//3797 5620//3796
f 5625//3801 5626//3802 5627//3803
f 5625//3801 5627//3803 5624//3804
f 5626//3802 5628//3805 5627//3803
f 5628//3805 5626//3802 5624//3806
f 5629//3807 5630//3808 5631//3809
f 5629//3807 5632//3810 5630//3808
f 5633//3811 5630//3808 5632//3810
f 5633//3811 5632//3810 5631//3812
f 5634//3813 5635//3814 5636//3815
f 5637//3816 5635//3814 5634//3813
f 5637//3816 5634//3813 5638//3817
f 5636//3815 5635//3814 5638//3818
f 5645//3819 5646//3820 5647//3821
f 5647//3821 5646//3820 5648//3822
f 5647//3821 5648//3822 5649//3823
f 5649//3824 5646//3820 5645//3819
f 5654//3825 5653//3826 5656//3827
f 5657//3828 5654//3825 5656//3827
f 5657//3828 5656//3827 5655//3829
f 5655//3829 5653//3830 5657//3828
f 5658//3831 5659//3832 5660//3833
f 5658//3831 5660//3833 5661//3834
f 5662//3835 5658//3831 5661//3834
f 5663//3836 5660//3833 5659//3832
f 5663//3836 5659//3832 5662//3835
f 5663//3836 5662//3835 5661//3834
f 5664//3837 5665//3838 5666//3839
f 5664//3837 5666//3839 5667//3840
f 5664//3837 5668//3841 5665//3838
f 5669//3842 5664//3837 5667//3840
f 5665//3838 5668//3841 5669//3842
f 5665//3838 5669//3842 5667//3840
f 5670//3843 5671//3844 5672//3845
f 5672//3846 5671//3847 5675//3848
f 5672//3846 5675//3848 5676//3849
f 5672//3850 5677//3851 5671//3852
f 5675//3848 5677//3853 5676//3849
f 5678//3854 5679//3855 5680//3856
f 5681//3857 5678//3854 5680//3856
f 5682//3858 5679//3859 5678//3860
f 5682//3858 5678//3860 5681//3861
f 5680//3856 5679//3855 5682//3862
f 5680//3856 5682//3862 5681//3857
f 5683//3863 5684//3864 5679//3865
f 5683//3863 5679//3865 5678//3860
f 5685//3866 5683//3863 5678//3860
f 5685//3866 5678//3860 5681//3861
f 5682//3867 5679//3865 5684//3864
f 5682//3867 5684//3864 5685//3866
f 5682//3867 5685//3866 5681//3861
f 5691//3868 5692//3869 5693//3870
f 5694//3871 5695//3872 5692//3869
f 5694//3871 5692//3869 5691//3868
f 5691//3868 5693//3870 5695//3872
f 5691//3868 5695//3872 5696//3873
f 5702//3874 5703//3875 5700//3876
f 5704//3877 5705//3878 5706//3879
f 5707//3880 5705//3878 5704//3877
f 5701//3881 5703//3875 5702//3874
f 5711//3882 5712//3883 5713//3884
f 5711//3882 5713//3884 5714//3885
f 5715//3886 5716//3887 5712//3883
f 5715//3886 5712//3883 5711//3882
f 5714//3885 5713//3884 5716//3887
f 5714//3885 5716//3887 5715//3886
f 5717//3888 5718//3889 5719//3890
f 5717//3888 5719//3890 5720//3891
f 5717//3888 5721//3892 5718//3889
f 5722//3893 5719//3890 5721//3892
f 5722//3893 5721//3892 5717//3888
f 5720//3891 5719//3890 5722//3893
f 5726//3894 5727//3895 5728//3896
f 5729//3897 5730//3898 5727//3895
f 5729//3897 5727//3895 5726//3894
f 5731//3899 5730//3898 5729//3897
f 5726//3894 5728//3896 5730//3898
f 5726//3894 5730//3898 5731//3899
f 5734//3900 5735//3901 5733//3902
f 5734//3900 5733//3902 5732//3903
f 5736//3904 5737//3905 5735//3901
f 5736//3904 5735//3901 5734//3900
f 5732//3903 5733//3902 5737//3905
f 5732//3903 5737//3905 5736//3904
f 5741//3906 5742//923 5743//3907
f 5744//3908 5742//923 5741//3906
f 5744//3908 5741//3906 5745//920
f 5743//3907 5742//923 5746//3909
f 5743//3907 5746//3909 5745//920
f 5746//3909 5744//3908 5745//920
f 5747//3910 5748//3911 5749//3912
f 5750//915 5751//3913 5752//3914
f 5748//3911 5747//3910 5751//3913
f 5748//3911 5751//3913 5750//915
f 5752//3914 5747//3910 5749//3912
f 5752//3914 5749//3912 5750//915
f 5753//3915 5754//3916 5755//3917
f 5754//3916 5756//3918 5757//3919
f 5754//3916 5757//3919 5755//3917
f 5757//3919 5756//3918 5753//3920
f 5759//3921 5758//3922 5760//3923
f 5761//3924 5758//3922 5759//3921
f 5780//3925 5781//3926 5782//3927
f 5780//3925 5782//3927 5783//3928
f 5783//3928 5782//3927 5784//3929
f 5781//3926 5780//3925 5784//3930
f 5785//3931 5786//3932 5787//3933
f 5785//3931 5787//3933 5788//3934
f 5787//3933 5786//3932 5789//3935
f 5789//3936 5785//3931 5788//3934
f 5790//3937 5791//3938 5792//3939
f 5794//3940 5790//3941 5793//3942
f 5792//3939 5791//3938 5794//3940
f 5792//3939 5794//3940 5793//3942
f 5795//958 5796//3943 5797//3944
f 5798//955 5799//954 5796//3943
f 5798//955 5796//3943 5795//958
f 5799//954 5798//955 5800//3945
f 5797//3944 5799//954 5800//3945
f 5797//3944 5800//3945 5795//958
f 5801//3946 5802//963 5803//3947
f 5804//961 5805//3948 5802//963
f 5804//961 5802//963 5801//3946
f 5805//3948 5804//961 5806//3949
f 5803//3947 5805//3948 5806//3949
f 5803//3947 5806//3949 5801//3946
f 5807//3950 5808//970 5809//3951
f 5809//3951 5808//970 5810//3952
f 5809//3951 5810//3952 5811//967
f 5810//3952 5812//3953 5811//967
f 5807//3950 5811//967 5812//3953
f 5807//3950 5812//3953 5808//970
f 5813//976 5814//977 5815//975
f 5816//974 5813//976 5815//975
f 5816//974 5815//975 5817//972
f 5817//972 5818//973 5816//974
f 5814//977 5813//976 5818//973
f 5814//977 5818//973 5817//972
f 5819//3954 5820//3955 5821//3956
f 5822//3957 5823//978 5820//3955
f 5822//3957 5820//3955 5819//3954
f 5823//978 5822//3957 5824//3958
f 5821//3956 5823//978 5824//3958
f 5821//3956 5824//3958 5819//3954
f 5825//3959 5826//3960 5827//3961
f 5827//3961 5826//3960 5828//3962
f 5829//3963 5826//3960 5825//3959
f 5829//3963 5825//3959 5830//3964
f 5827//3961 5829//3963 5830//3964
f 5829//3963 5827//3961 5828//3962
f 5833//3965 5831//3966 5834//3967
f 5833//3965 5835//3968 5831//3966
f 5831//3966 5832//3969 5834//3967
f 5832//3969 5835//3968 5833//3965
f 5832//3969 5833//3965 5836//3970
f 5832//3969 5836//3970 5834//3967
f 5839//3971 5837//3972 5840//3973
f 5839//3971 5841//3974 5837//3972
f 5837//3972 5838//3975 5840//3973
f 5838//3975 5841//3974 5839//3971
f 5838//3975 5839//3971 5842//3976
f 5838//3975 5842//3976 5840//3973
f 5843//3977 5844//3978 5845//3979
f 5845//3979 5846//3980 5847//3981
f 5845//3979 5847//3981 5843//3977
f 5844//3978 5848//3982 5845//3979
f 5844//3978 5847//3981 5846//3980
f 5846//3980 5848//3982 5844//3978
f 5851//3983 5849//3984 5852//3985
f 5851//3983 5853//3986 5849//3984
f 5849//3984 5850//3987 5852//3985
f 5850//3987 5853//3986 5851//3983
f 5850//3987 5851//3983 5854//3988
f 5850//3987 5854//3988 5852//3985
f 5867//3989 5864//3990 5866//3991
f 5868//3992 5864//3993 5865//3994
f 5868//3992 5865//3994 5867//3989
f 5868//3992 5867//3989 5866//3991
f 5884//3995 5881//3996 5883//3997
f 5885//3998 5881//3999 5882//4000
f 5885//3998 5882//4000 5884//3995
f 5885//3998 5884//3995 5883//3997
f 5889//4001 5886//4002 5888//4003
f 5890//4004 5886//4005 5887//4006
f 5890//4004 5887//4006 5889//4001
f 5890//4004 5889//4001 5888//4003
f 5891//4007 5892//4008 5893//4009
f 5891//4007 5893//4009 5894//4010
f 5895//4011 5891//4007 5894//4010
f 5896//4012 5893//4009 5892//4008
f 5896//4012 5892//4008 5895//4011
f 5896//4012 5895//4011 5894//4010
f 5903//4013 5904//4014 5905//4015
f 5906//4016 5903//4013 5905//4015
f 5906//4016 5905//4015 5907//4017
f 5904//4014 5903//4013 5907//4018
f 5908//4019 5909//4020 5910//4021
f 5911//4022 5909//4020 5912//4023
f 5911//4022 5912//4023 5910//4024
f 5909//4020 5908//4019 5912//4023
f 5916//4025 5917//4026 5918//4027
f 5920//4028 5917//4026 5919//4029
f 5920//4028 5919//4029 5916//4030
f 5920//4028 5918//4027 5917//4026
f 5922//4031 5923//4032 5924//4033
f 5922//4031 5924//4033 5921//4034
f 5923//4032 5925//4035 5924//4033
f 5925//4035 5923//4032 5921//4036
f 5926//4037 5927//4038 5928//4039
f 5926//4037 5929//4040 5927//4038
f 5930//4041 5927//4038 5929//4040
f 5930//4041 5929//4040 5928//4042
f 5931//4043 5932//4044 5933//4045
f 5934//4046 5932//4044 5931//4043
f 5934//4046 5931//4043 5935//4047
f 5933//4045 5932//4044 5935//4048
f 5942//4049 5943//4050 5944//4051
f 5944//4051 5943//4050 5945//4052
f 5944//4051 5945//4052 5946//4053
f 5946//4054 5943//4050 5942//4049
f 5951//4055 5950//4056 5953//4057
f 5954//4058 5951//4055 5953//4057
f 5954//4058 5953//4057 5952//4059
f 5952//4059 5950//4060 5954//4058
f 5958//4061 5955//4062 5957//4063
f 5959//4064 5955//4065 5956//4066
f 5959//4064 5956//4066 5958//4061
f 5959//4064 5958//4061 5957//4063
f 5960//4067 5961//4068 5962//4069
f 5960//4067 5962//4069 5963//4070
f 5960//4067 5964//4071 5961//4068
f 5965//4072 5960//4067 5963//4070
f 5961//4068 5964//4071 5965//4072
f 5961//4068 5965//4072 5963//4070
f 5966//4073 5967//4074 5968//4075
f 5968//4076 5967//4077 5971//4078
f 5968//4076 5971//4078 5972//4079
f 5968//4080 5973//4081 5967//4082
f 5971//4078 5973//4083 5972//4079
f 5974//4084 5975//4085 5976//4
f 5977//4086 5974//4084 5976//4
f 5978//4087 5975//4088 5974//4089
f 5978//4087 5974//4089 5977//4090
f 5976//4 5975//4085 5978//4091
f 5976//4 5978//4091 5977//4086
f 5979//4092 5980//4093 5975//4094
f 5979//4092 5975//4094 5974//4089
f 5981//4095 5979//4092 5974//4089
f 5981//4095 5974//4089 5977//4090
f 5978//4096 5975//4094 5980//4093
f 5978//4096 5980//4093 5981//4095
f 5978//4096 5981//4095 5977//4090
f 5987//4097 5988//4098 5989//4099
f 5990//4100 5991//4101 5988//4098
f 5990//4100 5988//4098 5987//4097
f 5987//4097 5989//4099 5991//4101
f 5987//4097 5991//4101 5992//4102
f 5998//4103 5999//4104 5996//4105
f 6000//4106 6001//4107 6002//4108
f 6003//4109 6001//4107 6000//4106
f 5997//4110 5999//4104 5998//4103
f 6007//4111 6008//4112 6009//4113
f 6007//4111 6009//4113 6010//4114
f 6011//4115 6012//4116 6008//4112
f 6011//4115 6008//4112 6007//4111
f 6010//4114 6009//4113 6012//4116
f 6010//4114 6012//4116 6011//4115
f 6013//4117 6014//4118 6015//4119
f 6013//4117 6015//4119 6016//4120
f 6013//4117 6017//4121 6014//4118
f 6018//4122 6015//4119 6017//4121
f 6018//4122 6017//4121 6013//4117
f 6016//4120 6015//4119 6018//4122
f 6022//4123 6023//4124 6024//4125
f 6025//4126 6026//4127 6023//4124
f 6025//4126 6023//4124 6022//4123
f 6027//4128 6026//4127 6025//4126
f 6022//4123 6024//4125 6026//4127
f 6022//4123 6026//4127 6027//4128
f 6030//4129 6031//4130 6029//4131
f 6030//4129 6029//4131 6028//4132
f 6032//4133 6033//4134 6031//4130
f 6032//4133 6031//4130 6030//4129
f 6028//4132 6029//4131 6033//4134
f 6028//4132 6033//4134 6032//4133
f 6036//4135 6035//4136 6034//4137
f 6034//4137 6035//4136 6037//4138
f 6038//4139 6039//4140 6040//4141
f 6041//4142 6039//4140 6038//4139
f 6041//4142 6038//4139 6042//1175
f 6040//4141 6039//4140 6043//4143
f 6040//4141 6043//4143 6042//1175
f 6043//4143 6041//4142 6042//1175
f 6044//1173 6045//4144 6046//4145
f 6047//4146 6048//4147 6049//4148
f 6045//4144 6044//1173 6048//4147
f 6045//4144 6048//4147 6047//4146
f 6049//4148 6044//1173 6046//4145
f 6049//4148 6046//4145 6047//4146
f 6050//4149 6051//4150 6052//4151
f 6051//4150 6053//4152 6054//4153
f 6051//4150 6054//4153 6052//4151
f 6054//4153 6053//4152 6050//4154
f 6056//4155 6055//4156 6057//4157
f 6058//4158 6055//4156 6056//4155
f 6077//4159 6078//4160 6079//4161
f 6077//4159 6079//4161 6080//4162
f 6080//4162 6079//4161 6081//4163
f 6078//4160 6077//4159 6081//4164
f 6082//4165 6083//4166 6084//4167
f 6082//4165 6084//4167 6085//4168
f 6084//4167 6083//4166 6086//4169
f 6086//4170 6082//4165 6085//4168
f 6087//4171 6088//4172 6089//4173
f 6091//4174 6087//4175 6090//4176
f 6089//4173 6088//4172 6091//4174
f 6089//4173 6091//4174 6090//4176
f 6092//4177 6093//1212 6094//1214
f 6095//1210 6096//1209 6093//1212
f 6095//1210 6093//1212 6092//4177
f 6096//1209 6095//1210 6097//1211
f 6094//1214 6096//1209 6097//1211
f 6094//1214 6097//1211 6092//4177
f 6098//1219 6099//1218 6100//1220
f 6101//1216 6102//1215 6099//1218
f 6101//1216 6099//1218 6098//1219
f 6102//1215 6101//1216 6103//1217
f 6100//1220 6102//1215 6103//1217
f 6100//1220 6103//1217 6098//1219
f 6104//1226 6105//1225 6106//1224
f 6106//1224 6105//1225 6107//1223
f 6106//1224 6107//1223 6108//4178
f 6107//1223 6109//1221 6108//4178
f 6104//1226 6108//4178 6109//1221
f 6104//1226 6109//1221 6105//1225
f 6110//1231 6111//1232 6112//1230
f 6113//1229 6110//1231 6112//1230
f 6113//1229 6112//1230 6114//1227
f 6114//1227 6115//1228 6113//1229
f 6111//1232 6110//1231 6115//1228
f 6111//1232 6115//1228 6114//1227
f 6116//1237 6117//4179 6118//4180
f 6119//4181 6120//1233 6117//4179
f 6119//4181 6117//4179 6116//1237
f 6120//1233 6119//4181 6121//4182
f 6118//4180 6120//1233 6121//4182
f 6118//4180 6121//4182 6116//1237
f 6122//4183 6123//4184 6124//4185
f 6124//4185 6123//4184 6125//4186
f 6126//4187 6123//4184 6122//4183
f 6126//4187 6122//4183 6127//4188
f 6124//4185 6126//4187 6127//4188
f 6126//4187 6124//4185 6125//4186
f 6130//4189 6128//4190 6131//4191
f 6130//4189 6132//4192 6128//4190
f 6128//4190 6129//4193 6131//4191
f 6129//4193 6132//4192 6130//4189
f 6129//4193 6130//4189 6133//4194
f 6129//4193 6133//4194 6131//4191
f 6136//4195 6134//4196 6137//4197
f 6136//4195 6138//4198 6134//4196
f 6134//4196 6135//4199 6137//4197
f 6135//4199 6138//4198 6136//4195
f 6135//4199 6136//4195 6139//4200
f 6135//4199 6139//4200 6137//4197
f 6140//4201 6141//4202 6142//4203
f 6142//4203 6143//4204 6144//4205
f 6142//4203 6144//4205 6140//4201
f 6141//4202 6145//4206 6142//4203
f 6141//4202 6144//4205 6143//4204
f 6143//4204 6145//4206 6141//4202
f 6148//4207 6146//4208 6149//4209
f 6148//4207 6150//4210 6146//4208
f 6146//4208 6147//4211 6149//4209
f 6147//4211 6150//4210 6148//4207
f 6147//4211 6148//4207 6151//4212
f 6147//4211 6151//4212 6149//4209
f 6164//4213 6161//4214 6163//4215
f 6165//4216 6161//4217 6162//4218
f 6165//4216 6162//4218 6164//4213
f 6165//4216 6164//4213 6163//4215
f 6181//4219 6178//4220 6180//4221
f 6182//4222 6178//4223 6179//4224
f 6182//4222 6179//4224 6181//4219
f 6182//4222 6181//4219 6180//4221
f 6183//4225 6184//4226 6185//4227
f 6183//4225 6185//4227 6186//4228
f 6187//4229 6183//4225 6186//4228
f 6188//4230 6185//4227 6184//4226
f 6188//4230 6184//4226 6187//4229
f 6188//4230 6187//4229 6186//4228
f 6189//4231 6190//4232 6191//4233
f 6189//4231 6191//4233 6192//4234
f 6193//4235 6189//4231 6192//4234
f 6194//4236 6191//4233 6190//4232
f 6194//4236 6190//4232 6193//4235
f 6194//4236 6193//4235 6192//4234
f 6201//4237 6202//4238 6203//4239
f 6204//4240 6201//4237 6203//4239
f 6204//4240 6203//4239 6205//4241
f 6202//4238 6201//4237 6205//4242
f 6206//4243 6207//4244 6208//4245
f 6209//4246 6207//4244 6210//4247
f 6209//4246 6210//4247 6208//4248
f 6207//4244 6206//4243 6210//4247
f 6214//4249 6215//4250 6216//4251
f 6218//4252 6215//4250 6217//4253
f 6218//4252 6217//4253 6214//4254
f 6218//4252 6216//4251 6215//4250
f 6220//4255 6221//4256 6222//4257
f 6220//4255 6222//4257 6219//4258
f 6221//4256 6223//4259 6222//4257
f 6223//4259 6221//4256 6219//4260
f 6224//4261 6225//4262 6226//4263
f 6224//4261 6227//4264 6225//4262
f 6228//4265 6225//4262 6227//4264
f 6228//4265 6227//4264 6226//4266
f 6229//4267 6230//4268 6231//4269
f 6232//4270 6230//4268 6229//4267
f 6232//4270 6229//4267 6233//4271
f 6231//4269 6230//4268 6233//4272
f 6240//4273 6241//4274 6242//4275
f 6242//4275 6241//4274 6243//4276
f 6242//4275 6243//4276 6244//4277
f 6244//4278 6241//4274 6240//4273
f 6249//4279 6248//4280 6251//4281
f 6252//4282 6249//4279 6251//4281
f 6252//4282 6251//4281 6250//4283
f 6250//4283 6248//4284 6252//4282
f 6256//4285 6253//4286 6255//4287
f 6257//4288 6253//4289 6254//4290
f 6257//4288 6254//4290 6256//4285
f 6257//4288 6256//4285 6255//4287
f 6258//4291 6259//4292 6260//4293
f 6258//4291 6260//4293 6261//4294
f 6258//4291 6262//4295 6259//4292
f 6263//4296 6258//4291 6261//4294
f 6259//4292 6262//4295 6263//4296
f 6259//4292 6263//4296 6261//4294
f 6264//4297 6265//4298 6266//4299
f 6266//4300 6265//4301 6269//4302
f 6266//4300 6269//4302 6270//4303
f 6266//4304 6271//4305 6265//4306
f 6269//4302 6271//4307 6270//4303
f 6272//4308 6273//4309 6274//4310
f 6275//4311 6272//4308 6274//4310
f 6276//4312 6273//4313 6272//4314
f 6276//4312 6272//4314 6275//4315
f 6274//4310 6273//4309 6276//4316
f 6274//4310 6276//4316 6275//4311
f 6277//4317 6278//4318 6273//4319
f 6277//4317 6273//4319 6272//4320
f 6279//4321 6277//4317 6272//4320
f 6279//4321 6272//4320 6275//4322
f 6276//4323 6273//4319 6278//4318
f 6276//4323 6278//4318 6279//4321
f 6276//4323 6279//4321 6275//4322
f 6285//4324 6286//4325 6287//4326
f 6288//4327 6289//4328 6286//4325
f 6288//4327 6286//4325 6285//4324
f 6285//4324 6287//4326 6289//4328
f 6285//4324 6289//4328 6290//4329
f 6296//4330 6297//4331 6294//4332
f 6298//4333 6299//4334 6300//4335
f 6301//4336 6299//4334 6298//4333
f 6295//4337 6297//4331 6296//4330
f 6305//4338 6306//4339 6307//4340
f 6305//4338 6307//4340 6308//4341
f 6309//4342 6310//4343 6306//4339
f 6309//4342 6306//4339 6305//4338
f 6308//4341 6307//4340 6310//4343
f 6308//4341 6310//4343 6309//4342
f 6311//4344 6312//4345 6313//4346
f 6311//4344 6313//4346 6314//4347
f 6311//4344 6315//4348 6312//4345
f 6316//4349 6313//4346 6315//4348
f 6316//4349 6315//4348 6311//4344
f 6314//4347 6313//4346 6316//4349
f 6320//4350 6321//4351 6322//4352
f 6323//4353 6324//4354 6321//4351
f 6323//4353 6321//4351 6320//4350
f 6325//4355 6324//4354 6323//4353
f 6320//4350 6322//4352 6324//4354
f 6320//4350 6324//4354 6325//4355
f 6328//4356 6329//4357 6327//4358
f 6328//4356 6327//4358 6326//4359
f 6330//4360 6331//4361 6329//4357
f 6330//4360 6329//4357 6328//4356
f 6326//4359 6327//4358 6331//4361
f 6326//4359 6331//4361 6330//4360
f 6334//4362 6335//4363 6332//4364
f 6333//4365 6335//4363 6334//4362
f 6336//4366 6337//4367 6338//4368
f 6339//4369 6337//4367 6336//4366
f 6339//4369 6336//4366 6340//4370
f 6338//4368 6337//4367 6341//4371
f 6338//4368 6341//4371 6340//4370
f 6341//4371 6339//4369 6340//4370
f 6342//1426 6343//4372 6344//4373
f 6345//1423 6346//4374 6347//4375
f 6343//4372 6342//1426 6346//4374
f 6343//4372 6346//4374 6345//1423
f 6347//4375 6342//1426 6344//4373
f 6347//4375 6344//4373 6345//1423
f 6348//4376 6349//4377 6350//4378
f 6349//4377 6351//4379 6352//4380
f 6349//4377 6352//4380 6350//4378
f 6352//4380 6351//4379 6348//4381
f 6354//4382 6353//4383 6355//4384
f 6356//4385 6353//4383 6354//4382
f 6375//4386 6376//4387 6377//4388
f 6375//4386 6377//4388 6378//4389
f 6378//4389 6377//4388 6379//4390
f 6376//4387 6375//4386 6379//4391
f 6380//4392 6381//4393 6382//4394
f 6380//4392 6382//4394 6383//4395
f 6382//4394 6381//4393 6384//4396
f 6384//4397 6380//4392 6383//4395
f 6385//4398 6386//4399 6387//4400
f 6389//4401 6385//4402 6388//4403
f 6387//4400 6386//4399 6389//4401
f 6387//4400 6389//4401 6388//4403
f 6390//1466 6391//4404 6392//4405
f 6393//1463 6394//4406 6391//4404
f 6393//1463 6391//4404 6390//1466
f 6394//4406 6393//1463 6395//1464
f 6392//4405 6394//4406 6395//1464
f 6392//4405 6395//1464 6390//1466
f 6396//1472 6397//1471 6398//1473
f 6399//4407 6400//1468 6397//1471
f 6399//4407 6397//1471 6396//1472
f 6400//1468 6399//4407 6401//1470
f 6398//1473 6400//1468 6401//1470
f 6398//1473 6401//1470 6396//1472
f 6402//1479 6403//4408 6404//4409
f 6404//4409 6403//4408 6405//4410
f 6404//4409 6405//4410 6406//4411
f 6405//4410 6407//1474 6406//4411
f 6402//1479 6406//4411 6407//1474
f 6402//1479 6407//1474 6403//4408
f 6408//4412 6409//4413 6410//4414
f 6411//4415 6408//4412 6410//4414
f 6411//4415 6410//4414 6412//4416
f 6412//4416 6413//4417 6411//4415
f 6409//4413 6408//4412 6413//4417
f 6409//4413 6413//4417 6412//4416
f 6414//1490 6415//4418 6416//4419
f 6417//4420 6418//4421 6415//4418
f 6417//4420 6415//4418 6414//1490
f 6418//4421 6417//4420 6419//4422
f 6416//4419 6418//4421 6419//4422
f 6416//4419 6419//4422 6414//1490
f 6420//4423 6421//4424 6422//4425
f 6422//4425 6421//4424 6423//4426
f 6424//4427 6421//4424 6420//4423
f 6424//4427 6420//4423 6425//4428
f 6422//4425 6424//4427 6425//4428
f 6424//4427 6422//4425 6423//4426
f 6428//4429 6426//4430 6429//4431
f 6428//4429 6430//4432 6426//4430
f 6426//4430 6427//4433 6429//4431
f 6427//4433 6430//4432 6428//4429
f 6427//4433 6428//4429 6431//4434
f 6427//4433 6431//4434 6429//4431
f 6434//4435 6432//4436 6435//4437
f 6434//4435 6436//4438 6432//4436
f 6432//4436 6433//4439 6435//4437
f 6433//4439 6436//4438 6434//4435
f 6433//4439 6434//4435 6437//4440
f 6433//4439 6437//4440 6435//4437
f 6438//4441 6439//4442 6440//4443
f 6440//4443 6441//4444 6442//4445
f 6440//4443 6442//4445 6438//4441
f 6439//4442 6443//4446 6440//4443
f 6439//4442 6442//4445 6441//4444
f 6441//4444 6443//4446 6439//4442
f 6446//4447 6444//4448 6447//4449
f 6446//4447 6448//4450 6444//4448
f 6444//4448 6445//4451 6447//4449
f 6445//4451 6448//4450 6446//4447
f 6445//4451 6446//4447 6449//4452
f 6445//4451 6449//4452 6447//4449
f 6462//4453 6459//4454 6461//4455
f 6463//4456 6459//4457 6460//4458
f 6463//4456 6460//4458 6462//4453
f 6463//4456 6462//4453 6461//4455
f 6479//4459 6476//4460 6478//4461
f 6480//4462 6476//4463 6477//4464
f 6480//4462 6477//4464 6479//4459
f 6480//4462 6479//4459 6478//4461
f 6481//4465 6482//4466 6483//4467
f 6481//4465 6483//4467 6484//4468
f 6485//4469 6481//4465 6484//4468
f 6486//4470 6483//4467 6482//4466
f 6486//4470 6482//4466 6485//4469
f 6486//4470 6485//4469 6484//4468
f 6487//4471 6488//4472 6489//4473
f 6487//4471 6489//4473 6490//4474
f 6491//4475 6487//4471 6490//4474
f 6492//4476 6489//4473 6488//4472
f 6492//4476 6488//4472 6491//4475
f 6492//4476 6491//4475 6490//4474
f 6499//4477 6500//4478 6501//4479
f 6502//4480 6499//4477 6501//4479
f 6502//4480 6501//4479 6503//4481
f 6500//4478 6499//4477 6503//4482
f 6504//4483 6505//4484 6506//4485
f 6507//4486 6505//4484 6508//4487
f 6507//4486 6508//4487 6506//4488
f 6505//4484 6504//4483 6508//4487
f 6512//4489 6513//4490 6514//4491
f 6516//4492 6513//4490 6515//4493
f 6516//4492 6515//4493 6512//4494
f 6516//4492 6514//4491 6513//4490
f 6518//4495 6519//4496 6520//4497
f 6518//4495 6520//4497 6517//4498
f 6519//4496 6521//4499 6520//4497
f 6521//4499 6519//4496 6517//4500
f 6522//4501 6523//4502 6524//4503
f 6522//4501 6525//4504 6523//4502
f 6526//4505 6523//4502 6525//4504
f 6526//4505 6525//4504 6524//4506
f 6527//4507 6528//4508 6529//4509
f 6530//4510 6528//4508 6527//4507
f 6530//4510 6527//4507 6531//4511
f 6529//4509 6528//4508 6531//4512
f 6538//4513 6539//4514 6540//4515
f 6540//4515 6539//4514 6541//4516
f 6540//4515 6541//4516 6542//4517
f 6542//4518 6539//4514 6538//4513
f 6547//4519 6546//4520 6549//4521
f 6550//4522 6547//4519 6549//4521
f 6550//4522 6549//4521 6548//4523
f 6548//4523 6546//4524 6550//4522
f 6554//4525 6551//4526 6553//4527
f 6555//4528 6551//4529 6552//4530
f 6555//4528 6552//4530 6554//4525
f 6555//4528 6554//4525 6553//4527
f 6556//4531 6557//4532 6558//4533
f 6556//4531 6558//4533 6559//4534
f 6556//4531 6560//4535 6557//4532
f 6561//4536 6556//4531 6559//4534
f 6557//4532 6560//4535 6561//4536
f 6557//4532 6561//4536 6559//4534
f 6562//4537 6563//4538 6564//4539
f 6564//4540 6563//4541 6567//4542
f 6564//4540 6567//4542 6568//4543
f 6564//4544 6569//4545 6563//4546
f 6567//4542 6569//4547 6568//4543
f 6570//4548 6571//4549 6572//4550
f 6573//4551 6570//4548 6572//4550
f 6574//4552 6571//4553 6570//4554
f 6574//4552 6570//4554 6573//4555
f 6572//4550 6571//4549 6574//4556
f 6572//4550 6574//4556 6573//4551
f 6575//4557 6576//4558 6571//4559
f 6575//4557 6571//4559 6570//4554
f 6577//4560 6575//4557 6570//4554
f 6577//4560 6570//4554 6573//4555
f 6574//4561 6571//4559 6576//4558
f 6574//4561 6576//4558 6577//4560
f 6574//4561 6577//4560 6573//4555
f 6583//4562 6584//4563 6585//4564
f 6586//4565 6587//4566 6584//4563
f 6586//4565 6584//4563 6583//4562
f 6583//4562 6585//4564 6587//4566
f 6583//4562 6587//4566 6588//4567
f 6594//4568 6595//4569 6592//4570
f 6596//4571 6597//4572 6598//4573
f 6599//4574 6597//4572 6596//4571
f 6593//4575 6595//4569 6594//4568
f 6603//4576 6604//4577 6605//4578
f 6603//4576 6605//4578 6606//4579
f 6607//4580 6608//4581 6604//4577
f 6607//4580 6604//4577 6603//4576
f 6606//4579 6605//4578 6608//4581
f 6606//4579 6608//4581 6607//4580
f 6609//4582 6610//4583 6611//4584
f 6609//4582 6611//4584 6612//4585
f 6609//4582 6613//4586 6610//4583
f 6614//4587 6611//4584 6613//4586
f 6614//4587 6613//4586 6609//4582
f 6612//4585 6611//4584 6614//4587
f 6618//4588 6619//4589 6620//4590
f 6621//4591 6622//4592 6619//4589
f 6621//4591 6619//4589 6618//4588
f 6623//4593 6622//4592 6621//4591
f 6618//4588 6620//4590 6622//4592
f 6618//4588 6622//4592 6623//4593
f 6626//4594 6627//4595 6625//4596
f 6626//4594 6625//4596 6624//4597
f 6628//4598 6629//4599 6627//4595
f 6628//4598 6627//4595 6626//4594
f 6624//4597 6625//4596 6629//4599
f 6624//4597 6629//4599 6628//4598
f 6632//4600 6633//4601 6630//4602
f 6631//4603 6633//4601 6632//4600
f 6634//4604 6635//4605 6636//4606
f 6637//4607 6635//4605 6634//4604
f 6637//4607 6634//4604 6638//1677
f 6636//4606 6635//4605 6639//4608
f 6636//4606 6639//4608 6638//1677
f 6639//4608 6637//4607 6638//1677
f 6640//1675 6641//4609 6642//4610
f 6643//1672 6644//4611 6645//4612
f 6641//4609 6640//1675 6644//4611
f 6641//4609 6644//4611 6643//1672
f 6645//4612 6640//1675 6642//4610
f 6645//4612 6642//4610 6643//1672
f 6646//4613 6647//4614 6648//4615
f 6647//4614 6649//4616 6650//4617
f 6647//4614 6650//4617 6648//4615
f 6650//4617 6649//4616 6646//4618
f 6652//4619 6651//4620 6653//4621
f 6654//4622 6651//4620 6652//4619
f 6673//4623 6674//4624 6675//4625
f 6673//4623 6675//4625 6676//4626
f 6676//4626 6675//4625 6677//4627
f 6674//4624 6673//4623 6677//4628
f 6678//4629 6679//4630 6680//4631
f 6678//4629 6680//4631 6681//4632
f 6680//4631 6679//4630 6682//4633
f 6682//4634 6678//4629 6681//4632
f 6683//4635 6684//4636 6685//4637
f 6687//4638 6683//4639 6686//4640
f 6685//4637 6684//4636 6687//4638
f 6685//4637 6687//4638 6686//4640
f 6688//1715 6689//4641 6690//1716
f 6691//1712 6692//1711 6689//4641
f 6691//1712 6689//4641 6688//1715
f 6692//1711 6691//1712 6693//1713
f 6690//1716 6692//1711 6693//1713
f 6690//1716 6693//1713 6688//1715
f 6694//4642 6695//1720 6696//1722
f 6697//1718 6698//1717 6695//1720
f 6697//1718 6695//1720 6694//4642
f 6698//1717 6697//1718 6699//4643
f 6696//1722 6698//1717 6699//4643
f 6696//1722 6699//4643 6694//4642
f 6700//4644 6701//1727 6702//4645
f 6702//4645 6701//1727 6703//4646
f 6702//4645 6703//4646 6704//4647
f 6703//4646 6705//4648 6704//4647
f 6700//4644 6704//4647 6705//4648
f 6700//4644 6705//4648 6701//1727
f 6706//4649 6707//1734 6708//4650
f 6709//4651 6706//4649 6708//4650
f 6709//4651 6708//4650 6710//4652
f 6710//4652 6711//1730 6709//4651
f 6707//1734 6706//4649 6711//1730
f 6707//1734 6711//1730 6710//4652
f 6712//1739 6713//4653 6714//4654
f 6715//4655 6716//1735 6713//4653
f 6715//4655 6713//4653 6712//1739
f 6716//1735 6715//4655 6717//4656
f 6714//4654 6716//1735 6717//4656
f 6714//4654 6717//4656 6712//1739
f 6718//4657 6719//4658 6720//4659
f 6720//4659 6719//4658 6721//4660
f 6722//4661 6719//4658 6718//4657
f 6722//4661 6718//4657 6723//4662
f 6720//4659 6722//4661 6723//4662
f 6722//4661 6720//4659 6721//4660
f 6726//4663 6724//4664 6727//4665
f 6726//4663 6728//4666 6724//4664
f 6724//4664 6725//4667 6727//4665
f 6725//4667 6728//4666 6726//4663
f 6725//4667 6726//4663 6729//4668
f 6725//4667 6729//4668 6727//4665
f 6732//4669 6730//4670 6733//4671
f 6732//4669 6734//4672 6730//4670
f 6730//4670 6731//4673 6733//4671
f 6731//4673 6734//4672 6732//4669
f 6731//4673 6732//4669 6735//4674
f 6731//4673 6735//4674 6733//4671
f 6736//4675 6737//4676 6738//4677
f 6738//4677 6739//4678 6740//4679
f 6738//4677 6740//4679 6736//4675
f 6737//4676 6741//4680 6738//4677
f 6737//4676 6740//4679 6739//4678
f 6739//4678 6741//4680 6737//4676
f 6744//4681 6742//4682 6745//4683
f 6744//4681 6746//4684 6742//4682
f 6742//4682 6743//4685 6745//4683
f 6743//4685 6746//4684 6744//4681
f 6743//4685 6744//4681 6747//4686
f 6743//4685 6747//4686 6745//4683
f 6760//4687 6757//4688 6759//4689
f 6761//4690 6757//4691 6758//4692
f 6761//4690 6758//4692 6760//4687
f 6761//4690 6760//4687 6759//4689
f 6777//4693 6774//4694 6776//4695
f 6778//4696 6774//4697 6775//4698
f 6778//4696 6775//4698 6777//4693
f 6778//4696 6777//4693 6776//4695
f 6779//4699 6780//4700 6781//4701
f 6779//4699 6781//4701 6782//4702
f 6783//4703 6779//4699 6782//4702
f 6784//4704 6781//4701 6780//4700
f 6784//4704 6780//4700 6783//4703
f 6784//4704 6783//4703 6782//4702
f 6785//4705 6786//4706 6787//4707
f 6785//4705 6787//4707 6788//4708
f 6789//4709 6785//4705 6788//4708
f 6790//4710 6787//4707 6786//4706
f 6790//4710 6786//4706 6789//4709
f 6790//4710 6789//4709 6788//4708
f 6797//4711 6798//4712 6799//4713
f 6800//4714 6797//4711 6799//4713
f 6800//4714 6799//4713 6801//4715
f 6798//4712 6797//4711 6801//4716
f 6802//4717 6803//4718 6804//4719
f 6805//4720 6803//4718 6806//4721
f 6805//4720 6806//4721 6804//4722
f 6803//4718 6802//4717 6806//4721
f 6810//4723 6811//4724 6812//4725
f 6814//4726 6811//4724 6813//4727
f 6814//4726 6813//4727 6810//4728
f 6814//4726 6812//4725 6811//4724
f 6816//4729 6817//4730 6818//4731
f 6816//4729 6818//4731 6815//4732
f 6817//4730 6819//4733 6818//4731
f 6819//4733 6817//4730 6815//4734
f 6820//4735 6821//4736 6822//4737
f 6820//4735 6823//4738 6821//4736
f 6824//4739 6821//4736 6823//4738
f 6824//4739 6823//4738 6822//4740
f 6825//4741 6826//4742 6827//4743
f 6828//4744 6826//4742 6825//4741
f 6828//4744 6825//4741 6829//4745
f 6827//4743 6826//4742 6829//4746
f 6836//4747 6837//4748 6838//4749
f 6838//4749 6837//4748 6839//4750
f 6838//4749 6839//4750 6840//4751
f 6840//4752 6837//4748 6836//4747
f 6845//4753 6844//4754 6847//4755
f 6848//4756 6845//4753 6847//4755
f 6848//4756 6847//4755 6846//4757
f 6846//4757 6844//4758 6848//4756
f 6852//4759 6849//4760 6851//4761
f 6853//4762 6849//4763 6850//4764
f 6853//4762 6850//4764 6852//4759
f 6853//4762 6852//4759 6851//4761
f 6854//4765 6855//4766 6856//4767
f 6854//4765 6856//4767 6857//4768
f 6854//4765 6858//4769 6855//4766
f 6859//4770 6854//4765 6857//4768
f 6855//4766 6858//4769 6859//4770
f 6855//4766 6859//4770 6857//4768
f 6860//4771 6861//4772 6862//4773
f 6862//4774 6861//4775 6865//4776
f 6862//4774 6865//4776 6866//4777
f 6862//4778 6867//4779 6861//4780
f 6865//4776 6867//4781 6866//4777
f 6868//4782 6869//4783 6870//4784
f 6871//4785 6868//4782 6870//4784
f 6872//4786 6869//4787 6868//4788
f 6872//4786 6868//4788 6871//4789
f 6870//4784 6869//4783 6872//4790
f 6870//4784 6872//4790 6871//4785
f 6873//4791 6874//4792 6869//4793
f 6873//4791 6869//4793 6868//4788
f 6875//4794 6873//4791 6868//4788
f 6875//4794 6868//4788 6871//4789
f 6872//4795 6869//4793 6874//4792
f 6872//4795 6874//4792 6875//4794
f 6872//4795 6875//4794 6871//4789
f 6881//4796 6882//4797 6883//4798
f 6884//4799 6885//4800 6882//4797
f 6884//4799 6882//4797 6881//4796
f 6881//4796 6883//4798 6885//4800
f 6881//4796 6885//4800 6886//4801
f 6892//4802 6893//4803 6890//4804
f 6894//4805 6895//4806 6896//4807
f 6897//4808 6895//4806 6894//4805
f 6891//4809 6893//4803 6892//4802
f 6901//4810 6902//4811 6903//4812
f 6901//4810 6903//4812 6904//4813
f 6905//4814 6906//4815 6902//4811
f 6905//4814 6902//4811 6901//4810
f 6904//4813 6903//4812 6906//4815
f 6904//4813 6906//4815 6905//4814
f 6907//4816 6908//4817 6909//4818
f 6907//4816 6909//4818 6910//4819
f 6907//4816 6911//4820 6908//4817
f 6912//4821 6909//4818 6911//4820
f 6912//4821 6911//4820 6907//4816
f 6910//4819 6909//4818 6912//4821
f 6916//4822 6917//4823 6918//4824
f 6919//4825 6920//4826 6917//4823
f 6919//4825 6917//4823 6916//4822
f 6921//4827 6920//4826 6919//4825
f 6916//4822 6918//4824 6920//4826
f 6916//4822 6920//4826 6921//4827
f 6924//4828 6925//4829 6923//4830
f 6924//4828 6923//4830 6922//4831
f 6926//4832 6927//4833 6925//4829
f 6926//4832 6925//4829 6924//4828
f 6922//4831 6923//4830 6927//4833
f 6922//4831 6927//4833 6926//4832
f 6930//4834 6931//4835 6928//4836
f 6929//4837 6931//4835 6930//4834
f 6932//4838 6933//1936 6934//4839
f 6935//4840 6933//1936 6932//4838
f 6935//4840 6932//4838 6936//4841
f 6934//4839 6933//1936 6937//4842
f 6934//4839 6937//4842 6936//4841
f 6937//4842 6935//4840 6936//4841
f 6938//1931 6939//4843 6940//4844
f 6941//4845 6942//4846 6943//4847
f 6939//4843 6938//1931 6942//4846
f 6939//4843 6942//4846 6941//4845
f 6943//4847 6938//1931 6940//4844
f 6943//4847 6940//4844 6941//4845
f 6944//4848 6945//4849 6946//4850
f 6945//4849 6947//4851 6948//4852
f 6945//4849 6948//4852 6946//4850
f 6948//4852 6947//4851 6944//4853
f 6950//4854 6949//4855 6951//4856
f 6952//4857 6949//4855 6950//4854
f 6971//4858 6972//4859 6973//4860
f 6971//4858 6973//4860 6974//4861
f 6974//4861 6973//4860 6975//4862
f 6972//4859 6971//4858 6975//4863
f 6976//4864 6977//4865 6978//4866
f 6976//4864 6978//4866 6979//4867
f 6978//4866 6977//4865 6980//4868
f 6980//4869 6976//4864 6979//4867
f 6981//4870 6982//4871 6983//4872
f 6985//4873 6981//4874 6984//4875
f 6983//4872 6982//4871 6985//4873
f 6983//4872 6985//4873 6984//4875
f 6986//1971 6987//4876 6988//4877
f 6989//4878 6990//1967 6987//4876
f 6989//4878 6987//4876 6986//1971
f 6990//1967 6989//4878 6991//4879
f 6988//4877 6990//1967 6991//4879
f 6988//4877 6991//4879 6986//1971
f 6992//4880 6993//1976 6994//1978
f 6995//1974 6996//4881 6993//1976
f 6995//1974 6993//1976 6992//4880
f 6996//4881 6995//1974 6997//1975
f 6994//1978 6996//4881 6997//1975
f 6994//1978 6997//1975 6992//4880
f 6998//4882 6999//4883 7000//1982
f 7000//1982 6999//4883 7001//1981
f 7000//1982 7001//1981 7002//4884
f 7001//1981 7003//4885 7002//4884
f 6998//4882 7002//4884 7003//4885
f 6998//4882 7003//4885 6999//4883
f 7004//1989 7005//1990 7006//1988
f 7007//1987 7004//1989 7006//1988
f 7007//1987 7006//1988 7008//1985
f 7008//1985 7009//1986 7007//1987
f 7005//1990 7004//1989 7009//1986
f 7005//1990 7009//1986 7008//1985
f 7010//1995 7011//4886 7012//4887
f 7013//4888 7014//1991 7011//4886
f 7013//4888 7011//4886 7010//1995
f 7014//1991 7013//4888 7015//4889
f 7012//4887 7014//1991 7015//4889
f 7012//4887 7015//4889 7010//1995
f 7016//4890 7017//4891 7018//4892
f 7018//4892 7017//4891 7019//4893
f 7020//4894 7017//4891 7016//4890
f 7020//4894 7016//4890 7021//4895
f 7018//4892 7020//4894 7021//4895
f 7020//4894 7018//4892 7019//4893
f 7024//4896 7022//4897 7025//4898
f 7024//4896 7026//4899 7022//4897
f 7022//4897 7023//4900 7025//4898
f 7023//4900 7026//4899 7024//4896
f 7023//4900 7024//4896 7027//4901
f 7023//4900 7027//4901 7025//4898
f 7030//4902 7028//4903 7031//4904
f 7030//4902 7032//4905 7028//4903
f 7028//4903 7029//4906 7031//4904
f 7029//4906 7032//4905 7030//4902
f 7029//4906 7030//4902 7033//4907
f 7029//4906 7033//4907 7031//4904
f 7034//4908 7035//4909 7036//4910
f 7036//4910 7037//4911 7038//4912
f 7036//4910 7038//4912 7034//4908
f 7035//4909 7039//4913 7036//4910
f 7035//4909 7038//4912 7037//4911
f 7037//4911 7039//4913 7035//4909
f 7042//4914 7040//4915 7043//4916
f 7042//4914 7044//4917 7040//4915
f 7040//4915 7041//4918 7043//4916
f 7041//4918 7044//4917 7042//4914
f 7041//4918 7042//4914 7045//4919
f 7041//4918 7045//4919 7043//4916
f 7058//4920 7055//4921 7057//4922
f 7059//4923 7055//4924 7056//4925
f 7059//4923 7056//4925 7058//4920
f 7059//4923 7058//4920 7057//4922
f 7075//4926 7072//4927 7074//4928
f 7076//4929 7072//4930 7073//4931
f 7076//4929 7073//4931 7075//4926
f 7076//4929 7075//4926 7074//4928
f 7077//4932 7078//4933 7079//4934
f 7077//4932 7079//4934 7080//4935
f 7081//4936 7077//4932 7080//4935
f 7082//4937 7079//4934 7078//4933
f 7082//4937 7078//4933 7081//4936
f 7082//4937 7081//4936 7080//4935
f 7083//4938 7084//4939 7085//4940
f 7083//4938 7085//4940 7086//4941
f 7087//4942 7083//4938 7086//4941
f 7088//4943 7085//4940 7084//4939
f 7088//4943 7084//4939 7087//4942
f 7088//4943 7087//4942 7086//4941
f 7095//4944 7096//4945 7097//4946
f 7098//4947 7095//4944 7097//4946
f 7098//4947 7097//4946 7099//4948
f 7096//4945 7095//4944 7099//4949
f 7100//4950 7101//4951 7102//4952
f 7103//4953 7101//4951 7104//4954
f 7103//4953 7104//4954 7102//4955
f 7101//4951 7100//4950 7104//4954
f 7108//4956 7109//4957 7110//4958
f 7112//4959 7109//4957 7111//4960
f 7112//4959 7111//4960 7108//4961
f 7112//4959 7110//4958 7109//4957
f 7114//4962 7115//4963 7116//4964
f 7114//4962 7116//4964 7113//4965
f 7115//4963 7117//4966 7116//4964
f 7117//4966 7115//4963 7113//4967
f 7118//4968 7119//4969 7120//4970
f 7118//4968 7121//4971 7119//4969
f 7122//4972 7119//4969 7121//4971
f 7122//4972 7121//4971 7120//4973
f 7123//4974 7124//4975 7125//4976
f 7126//4977 7124//4975 7123//4974
f 7126//4977 7123//4974 7127//4978
f 7125//4976 7124//4975 7127//4979
f 7134//4980 7135//4981 7136//4982
f 7136//4982 7135//4981 7137//4983
f 7136//4982 7137//4983 7138//4984
f 7138//4985 7135//4981 7134//4980
f 7143//4986 7142//4987 7145//4988
f 7146//4989 7143//4986 7145//4988
f 7146//4989 7145//4988 7144//4990
f 7144//4990 7142//4991 7146//4989
f 7150//4992 7147//4993 7149//4994
f 7151//4995 7147//4996 7148//4997
f 7151//4995 7148//4997 7150//4992
f 7151//4995 7150//4992 7149//4994
f 7152//4998 7153//4999 7154//5000
f 7152//4998 7154//5000 7155//5001
f 7152//4998 7156//5002 7153//4999
f 7157//5003 7152//4998 7155//5001
f 7153//4999 7156//5002 7157//5003
f 7153//4999 7157//5003 7155//5001
f 7158//5004 7159//5005 7160//5006
f 7160//5007 7159//5008 7163//5009
f 7160//5007 7163//5009 7164//5010
f 7160//5011 7165//5012 7159//5013
f 7163//5009 7165//5014 7164//5010
f 7166//5015 7167//5016 7168//5017
f 7169//5018 7166//5015 7168//5017
f 7170//5019 7167//5020 7166//5021
f 7170//5019 7166//5021 7169//5022
f 7168//5017 7167//5016 7170//5023
f 7168//5017 7170//5023 7169//5018
f 7171//5024 7172//5025 7167//5026
f 7171//5024 7167//5026 7166//5021
f 7173//5027 7171//5024 7166//5021
f 7173//5027 7166//5021 7169//5022
f 7170//5028 7167//5026 7172//5025
f 7170//5028 7172//5025 7173//5027
f 7170//5028 7173//5027 7169//5022
f 7178//5029 7177//5030 7176//5031
f 7176//5031 7177//5030 7179//5032
f 7182//5033 7183//5034 7181//5035
f 7182//5033 7181//5035 7180//5036
f 7180//5036 7181//5035 7184//5037
f 7180//5036 7184//5037 7185//5038
f 7191//5039 7192//5040 7189//5041
f 7193//5042 7194//5043 7195//5044
f 7196//5045 7194//5043 7193//5042
f 7190//5046 7192//5040 7191//5039
f 7200//5047 7201//5048 7202//5049
f 7200//5047 7202//5049 7203//5050
f 7204//5051 7205//5052 7201//5048
f 7204//5051 7201//5048 7200//5047
f 7203//5050 7202//5049 7205//5052
f 7203//5050 7205//5052 7204//5051
f 7206//5053 7207//5054 7208//5055
f 7206//5053 7208//5055 7209//5056
f 7206//5053 7210//5057 7207//5054
f 7211//5058 7208//5055 7210//5057
f 7211//5058 7210//5057 7206//5053
f 7209//5056 7208//5055 7211//5058
f 7215//5059 7216//5060 7217//5061
f 7218//5062 7219//5063 7216//5060
f 7218//5062 7216//5060 7215//5059
f 7220//5064 7219//5063 7218//5062
f 7215//5059 7217//5061 7219//5063
f 7215//5059 7219//5063 7220//5064
f 7223//5065 7224//5066 7222//5067
f 7223//5065 7222//5067 7221//5068
f 7225//5069 7226//5070 7224//5066
f 7225//5069 7224//5066 7223//5065
f 7221//5068 7222//5067 7226//5070
f 7221//5068 7226//5070 7225//5069
f 7230//5071 7231//2184 7232//5072
f 7233//5073 7231//2184 7230//5071
f 7233//5073 7230//5071 7234//2181
f 7232//5072 7231//2184 7235//5074
f 7232//5072 7235//5074 7234//2181
f 7235//5074 7233//5073 7234//2181
f 7236//2179 7237//5075 7238//5076
f 7239//2176 7240//5077 7241//5078
f 7237//5075 7236//2179 7240//5077
f 7237//5075 7240//5077 7239//2176
f 7241//5078 7236//2179 7238//5076
f 7241//5078 7238//5076 7239//2176
f 7242//5079 7243//5080 7244//5081
f 7243//5080 7245//5082 7246//5083
f 7243//5080 7246//5083 7244//5081
f 7246//5083 7245//5082 7242//5084
f 7248//5085 7247//5086 7249//5087
f 7250//5088 7247//5086 7248//5085
f 7269//5089 7270//5090 7271//5091
f 7269//5089 7271//5091 7272//5092
f 7272//5092 7271//5091 7273//5093
f 7270//5090 7269//5089 7273//5094
f 7274//5095 7275//5096 7276//5097
f 7274//5095 7276//5097 7277//5098
f 7276//5097 7275//5096 7278//5099
f 7278//5100 7274//5095 7277//5098
f 7279//5101 7280//5102 7281//5103
f 7279//5101 7282//5104 7283//5105
f 7279//5101 7283//5105 7280//5102
f 7281//5106 7283//5105 7282//5104
f 7284//2219 7285//5107 7286//5108
f 7287//2216 7288//2215 7285//5107
f 7287//2216 7285//5107 7284//2219
f 7288//2215 7287//2216 7289//5109
f 7286//5108 7288//2215 7289//5109
f 7286//5108 7289//5109 7284//2219
f 7290//2225 7291//2224 7292//2226
f 7293//2222 7294//2221 7291//2224
f 7293//2222 7291//2224 7290//2225
f 7294//2221 7293//2222 7295//2223
f 7292//2226 7294//2221 7295//2223
f 7292//2226 7295//2223 7290//2225
f 7296//2232 7297//5110 7298//5111
f 7298//5111 7297//5110 7299//2229
f 7298//5111 7299//2229 7300//5112
f 7299//2229 7301//2227 7300//5112
f 7296//2232 7300//5112 7301//2227
f 7296//2232 7301//2227 7297//5110
f 7302//2237 7303//2238 7304//2236
f 7305//2235 7302//2237 7304//2236
f 7305//2235 7304//2236 7306//2233
f 7306//2233 7307//5113 7305//2235
f 7303//2238 7302//2237 7307//5113
f 7303//2238 7307//5113 7306//2233
f 7308//2243 7309//5114 7310//5115
f 7311//5116 7312//2239 7309//5114
f 7311//5116 7309//5114 7308//2243
f 7312//2239 7311//5116 7313//5117
f 7310//5115 7312//2239 7313//5117
f 7310//5115 7313//5117 7308//2243
f 7314//5118 7315//5119 7316//5120
f 7316//5120 7315//5119 7317//5121
f 7318//5122 7315//5119 7314//5118
f 7318//5122 7314//5118 7319//5123
f 7316//5120 7318//5122 7319//5123
f 7318//5122 7316//5120 7317//5121
f 7322//5124 7320//5125 7323//5126
f 7322//5124 7324//5127 7320//5125
f 7320//5125 7321//5128 7323//5126
f 7321//5128 7324//5127 7322//5124
f 7321//5128 7322//5124 7325//5129
f 7321//5128 7325//5129 7323//5126
f 7328//5130 7326//5131 7329//5132
f 7328//5130 7330//5133 7326//5131
f 7326//5131 7327//5134 7329//5132
f 7327//5134 7330//5133 7328//5130
f 7327//5134 7328//5130 7331//5135
f 7327//5134 7331//5135 7329//5132
f 7332//5136 7333//5137 7334//5138
f 7334//5138 7335//5139 7336//5140
f 7334//5138 7336//5140 7332//5136
f 7333//5137 7337//5141 7334//5138
f 7333//5137 7336//5140 7335//5139
f 7335//5139 7337//5141 7333//5137
f 7340//5142 7338//5143 7341//5144
f 7340//5142 7342//5145 7338//5143
f 7338//5143 7339//5146 7341//5144
f 7339//5146 7342//5145 7340//5142
f 7339//5146 7340//5142 7343//5147
f 7339//5146 7343//5147 7341//5144
f 7356//5148 7353//5149 7355//5150
f 7357//5151 7353//5152 7354//5153
f 7357//5151 7354//5153 7356//5148
f 7357//5151 7356//5148 7355//5150
f 7373//5154 7370//5155 7372//5156
f 7374//5157 7370//5158 7371//5159
f 7374//5157 7371//5159 7373//5154
f 7374//5157 7373//5154 7372//5156
f 7375//5160 7376//5161 7377//5162
f 7375//5160 7377//5162 7378//5163
f 7379//5164 7375//5160 7378//5163
f 7380//5165 7377//5162 7376//5161
f 7380//5165 7376//5161 7379//5164
f 7380//5165 7379//5164 7378//5163
f 7381//5166 7382//5167 7383//5168
f 7381//5166 7383//5168 7384//5169
f 7385//5170 7381//5166 7384//5169
f 7386//5171 7383//5168 7382//5167
f 7386//5171 7382//5167 7385//5170
f 7386//5171 7385//5170 7384//5169
f 7393//5172 7394//5173 7395//5174
f 7396//5175 7393//5172 7395//5174
f 7396//5175 7395//5174 7397//5176
f 7394//5173 7393//5172 7397//5177
f 7398//5178 7399//5179 7400//5180
f 7401//5181 7399//5179 7402//5182
f 7401//5181 7402//5182 7400//5183
f 7399//5179 7398//5178 7402//5182
f 7406//5184 7407//5185 7408//5186
f 7410//5187 7407//5185 7409//5188
f 7410//5187 7409//5188 7406//5189
f 7410//5187 7408//5186 7407//5185
f 7412//5190 7413//5191 7414//5192
f 7412//5190 7414//5192 7411//5193
f 7413//5191 7415//5194 7414//5192
f 7415//5194 7413//5191 7411//5195
f 7416//5196 7417//5197 7418//5198
f 7416//5196 7419//5199 7417//5197
f 7420//5200 7417//5197 7419//5199
f 7420//5200 7419//5199 7418//5201
f 7421//5202 7422//5203 7423//5204
f 7424//5205 7422//5203 7421//5202
f 7424//5205 7421//5202 7425//5206
f 7423//5204 7422//5203 7425//5207
f 7432//5208 7433//5209 7434//5210
f 7434//5210 7433//5209 7435//5211
f 7434//5210 7435//5211 7436//5212
f 7436//5213 7433//5209 7432//5208
f 7441//5214 7440//5215 7443//5216
f 7444//5217 7441//5214 7443//5216
f 7444//5217 7443//5216 7442//5218
f 7442//5218 7440//5219 7444//5217
f 7448//5220 7445//5221 7447//5222
f 7449//5223 7445//5224 7446//5225
f 7449//5223 7446//5225 7448//5220
f 7449//5223 7448//5220 7447//5222
f 7450//5226 7451//5227 7452//5228
f 7450//5226 7452//5228 7453//5229
f 7450//5226 7454//5230 7451//5227
f 7455//5231 7450//5226 7453//5229
f 7451//5227 7454//5230 7455//5231
f 7451//5227 7455//5231 7453//5229
f 7456//5232 7457//5233 7458//5234
f 7458//5235 7457//5236 7461//5237
f 7458//5235 7461//5237 7462//5238
f 7458//5239 7463//5240 7457//5241
f 7461//5237 7463//5242 7462//5238
f 7464//5243 7465//5244 7466//4
f 7467//5245 7464//5243 7466//4
f 7468//5246 7465//5247 7464//5248
f 7468//5246 7464//5248 7467//5249
f 7466//4 7465//5244 7468//5250
f 7466//4 7468//5250 7467//5245
f 7469//5251 7470//5252 7465//5253
f 7469//5251 7465//5253 7464//5254
f 7471//5255 7469//5251 7464//5254
f 7471//5255 7464//5254 7467//5256
f 7468//5257 7465//5253 7470//5252
f 7468//5257 7470//5252 7471//5255
f 7468//5257 7471//5255 7467//5256
f 7476//5258 7477//5259 7474//5260
f 7475//5261 7477//5259 7476//5258
f 7478//5262 7479//5263 7480//5264
f 7481//5265 7482//5266 7479//5263
f 7481//5265 7479//5263 7478//5262
f 7478//5262 7480//5264 7482//5266
f 7478//5262 7482//5266 7483//5267
f 7489//5268 7490//5269 7487//5270
f 7491//5271 7492//5272 7493//5273
f 7494//5274 7492//5272 7491//5271
f 7488//5275 7490//5269 7489//5268
f 7498//5276 7499//5277 7500//5278
f 7498//5276 7500//5278 7501//5279
f 7502//5280 7503//5281 7499//5277
f 7502//5280 7499//5277 7498//5276
f 7501//5279 7500//5278 7503//5281
f 7501//5279 7503//5281 7502//5280
f 7504//5282 7505//5283 7506//5284
f 7504//5282 7506//5284 7507//5285
f 7504//5282 7508//5286 7505//5283
f 7509//5287 7506//5284 7508//5286
f 7509//5287 7508//5286 7504//5282
f 7507//5285 7506//5284 7509//5287
f 7513//5288 7514//5289 7515//5290
f 7516//5291 7517//5292 7514//5289
f 7516//5291 7514//5289 7513//5288
f 7518//5293 7517//5292 7516//5291
f 7513//5288 7515//5290 7517//5292
f 7513//5288 7517//5292 7518//5293
f 7521//5294 7522//5295 7520//5296
f 7521//5294 7520//5296 7519//5297
f 7523//5298 7524//5299 7522//5295
f 7523//5298 7522//5295 7521//5294
f 7519//5297 7520//5296 7524//5299
f 7519//5297 7524//5299 7523//5298
f 7528//5300 7529//5301 7530//5302
f 7531//5303 7529//5301 7528//5300
f 7531//5303 7528//5300 7532//2434
f 7530//5302 7529//5301 7533//5304
f 7530//5302 7533//5304 7532//2434
f 7533//5304 7531//5303 7532//2434
f 7534//2432 7535//5305 7536//5306
f 7537//5307 7538//5308 7539//5309
f 7535//5305 7534//2432 7538//5308
f 7535//5305 7538//5308 7537//5307
f 7539//5309 7534//2432 7536//5306
f 7539//5309 7536//5306 7537//5307
f 7540//5310 7541//5311 7542//5312
f 7541//5311 7543//5313 7544//5314
f 7541//5311 7544//5314 7542//5312
f 7544//5314 7543//5313 7540//5315
f 7546//5316 7545//5317 7547//5318
f 7548//5319 7545//5317 7546//5316
f 7567//5320 7568//5321 7569//5322
f 7567//5320 7569//5322 7570//5323
f 7570//5323 7569//5322 7571//5324
f 7568//5321 7567//5320 7571//5325
f 7572//5326 7573//5327 7574//5328
f 7572//5326 7574//5328 7575//5329
f 7574//5328 7573//5327 7576//5330
f 7576//5331 7572//5326 7575//5329
f 7577//5332 7578//5333 7579//5334
f 7581//5335 7577//5336 7580//5337
f 7579//5334 7578//5333 7581//5335
f 7579//5334 7581//5335 7580//5337
f 7582//2472 7583//5338 7584//2473
f 7585//5339 7586//5340 7583//5338
f 7585//5339 7583//5338 7582//2472
f 7586//5340 7585//5339 7587//5341
f 7584//2473 7586//5340 7587//5341
f 7584//2473 7587//5341 7582//2472
f 7588//2478 7589//2477 7590//2479
f 7591//2475 7592//5342 7589//2477
f 7591//2475 7589//2477 7588//2478
f 7592//5342 7591//2475 7593//5343
f 7590//2479 7592//5342 7593//5343
f 7590//2479 7593//5343 7588//2478
f 7594//2485 7595//5344 7596//5345
f 7596//5345 7595//5344 7597//5346
f 7596//5345 7597//5346 7598//5347
f 7597//5346 7599//2480 7598//5347
f 7594//2485 7598//5347 7599//2480
f 7594//2485 7599//2480 7595//5344
f 7600//2490 7601//2491 7602//2489
f 7603//2488 7600//2490 7602//2489
f 7603//2488 7602//2489 7604//2486
f 7604//2486 7605//2487 7603//2488
f 7601//2491 7600//2490 7605//2487
f 7601//2491 7605//2487 7604//2486
f 7606//2496 7607//5348 7608//5349
f 7609//5350 7610//2492 7607//5348
f 7609//5350 7607//5348 7606//2496
f 7610//2492 7609//5350 7611//5351
f 7608//5349 7610//2492 7611//5351
f 7608//5349 7611//5351 7606//2496
f 7612//5352 7613//5353 7614//5354
f 7614//5354 7613//5353 7615//5355
f 7616//5356 7613//5353 7612//5352
f 7616//5356 7612//5352 7617//5357
f 7614//5354 7616//5356 7617//5357
f 7616//5356 7614//5354 7615//5355
f 7620//5358 7618//5359 7621//5360
f 7620//5358 7622//5361 7618//5359
f 7618//5359 7619//5362 7621//5360
f 7619//5362 7622//5361 7620//5358
f 7619//5362 7620//5358 7623//5363
f 7619//5362 7623//5363 7621//5360
f 7626//5364 7624//5365 7627//5366
f 7626//5364 7628//5367 7624//5365
f 7624//5365 7625//5368 7627//5366
f 7625//5368 7628//5367 7626//5364
f 7625//5368 7626//5364 7629//5369
f 7625//5368 7629//5369 7627//5366
f 7630//5370 7631//5371 7632//5372
f 7632//5372 7633//5373 7634//5374
f 7632//5372 7634//5374 7630//5370
f 7631//5371 7635//5375 7632//5372
f 7631//5371 7634//5374 7633//5373
f 7633//5373 7635//5375 7631//5371
f 7638//5376 7636//5377 7639//5378
f 7638//5376 7640//5379 7636//5377
f 7636//5377 7637//5380 7639//5378
f 7637//5380 7640//5379 7638//5376
f 7637//5380 7638//5376 7641//5381
f 7637//5380 7641//5381 7639//5378
f 7654//5382 7651//5383 7653//5384
f 7655//5385 7651//5386 7652//5387
f 7655//5385 7652//5387 7654//5382
f 7655//5385 7654//5382 7653//5384
f 7671//5388 7668//5389 7670//5390
f 7672//5391 7668//5392 7669//5393
f 7672//5391 7669//5393 7671//5388
f 7672//5391 7671//5388 7670//5390
f 7676//5394 7673//5395 7675//5396
f 7677//5397 7673//5398 7674//5399
f 7677//5397 7674//5399 7676//5394
f 7677//5397 7676//5394 7675//5396
f 7678//5400 7679//5401 7680//5402
f 7678//5400 7680//5402 7681//5403
f 7682//5404 7678//5400 7681//5403
f 7683//5405 7680//5402 7679//5401
f 7683//5405 7679//5401 7682//5404
f 7683//5405 7682//5404 7681//5403
f 7690//5406 7691//5407 7692//5408
f 7693//5409 7690//5406 7692//5408
f 7693//5409 7692//5408 7694//5410
f 7691//5407 7690//5406 7694//5411
f 7695//5412 7696//5413 7697//5414
f 7698//5415 7696//5413 7699//5416
f 7698//5415 7699//5416 7697//5417
f 7696//5413 7695//5412 7699//5416
f 7703//5418 7704//5419 7705//5420
f 7707//5421 7704//5419 7706//5422
f 7707//5421 7706//5422 7703//5423
f 7707//5421 7705//5420 7704//5419
f 7709//5424 7710//5425 7711//5426
f 7709//5424 7711//5426 7708//5427
f 7710//5425 7712//5428 7711//5426
f 7712//5428 7710//5425 7708//5429
f 7713//5430 7714//5431 7715//5432
f 7713//5430 7716//5433 7714//5431
f 7717//5434 7714//5431 7716//5433
f 7717//5434 7716//5433 7715//5435
f 7718//5436 7719//5437 7720//5438
f 7721//5439 7719//5437 7718//5436
f 7721//5439 7718//5436 7722//5440
f 7720//5438 7719//5437 7722//5441
f 7729//5442 7730//5443 7731//5444
f 7731//5444 7730//5443 7732//5445
f 7731//5444 7732//5445 7733//5446
f 7733//5447 7730//5443 7729//5442
f 7738//5448 7737//5449 7740//5450
f 7741//5451 7738//5448 7740//5450
f 7741//5451 7740//5450 7739//5452
f 7739//5452 7737//5453 7741//5451
f 7745//5454 7742//5455 7744//5456
f 7746//5457 7742//5458 7743//5459
f 7746//5457 7743//5459 7745//5454
f 7746//5457 7745//5454 7744//5456
f 7747//5460 7748//5461 7749//5462
f 7747//5460 7749//5462 7750//5463
f 7747//5460 7751//5464 7748//5461
f 7752//5465 7747//5460 7750//5463
f 7748//5461 7751//5464 7752//5465
f 7748//5461 7752//5465 7750//5463
f 7753//5466 7754//5467 7755//5468
f 7755//5469 7754//5470 7758//5471
f 7755//5469 7758//5471 7759//5472
f 7755//5473 7760//5474 7754//5475
f 7758//5471 7760//5476 7759//5472
f 7761//5477 7762//5478 7763//5479
f 7764//5480 7761//5477 7763//5479
f 7765//5481 7762//5482 7761//5483
f 7765//5481 7761//5483 7764//5484
f 7763//5479 7762//5478 7765//5485
f 7763//5479 7765//5485 7764//5480
f 7766//5486 7767//5487 7762//5488
f 7766//5486 7762//5488 7761//5489
f 7768//5490 7766//5486 7761//5489
f 7768//5490 7761//5489 7764//5491
f 7765//5492 7762//5488 7767//5487
f 7765//5492 7767//5487 7768//5490
f 7765//5492 7768//5490 7764//5491
f 7774//5493 7775//5494 7776//5495
f 7777//5496 7778//5497 7775//5494
f 7777//5496 7775//5494 7774//5493
f 7774//5493 7776//5495 7778//5497
f 7774//5493 7778//5497 7779//5498
f 7785//5499 7786//5500 7783//5501
f 7787//5502 7788//5503 7789//5504
f 7790//5505 7788//5503 7787//5502
f 7784//5506 7786//5500 7785//5499
f 7794//5507 7795//5508 7796//5509
f 7794//5507 7796//5509 7797//5510
f 7798//5511 7799//5512 7795//5508
f 7798//5511 7795//5508 7794//5507
f 7797//5510 7796//5509 7799//5512
f 7797//5510 7799//5512 7798//5511
f 7800//5513 7801//5514 7802//5515
f 7800//5513 7802//5515 7803//5516
f 7800//5513 7804//5517 7801//5514
f 7805//5518 7802//5515 7804//5517
f 7805//5518 7804//5517 7800//5513
f 7803//5516 7802//5515 7805//5518
f 7809//5519 7810//5520 7811//5521
f 7812//5522 7813//5523 7810//5520
f 7812//5522 7810//5520 7809//5519
f 7814//5524 7813//5523 7812//5522
f 7809//5519 7811//5521 7813//5523
f 7809//5519 7813//5523 7814//5524
f 7817//5525 7818//5526 7816//5527
f 7817//5525 7816//5527 7815//5528
f 7819//5529 7820//5530 7818//5526
f 7819//5529 7818//5526 7817//5525
f 7815//5528 7816//5527 7820//5530
f 7815//5528 7820//5530 7819//5529
f 7824//5531 7825//5532 7826//5533
f 7827//5534 7825//5532 7824//5531
f 7827//5534 7824//5531 7828//2685
f 7826//5533 7825//5532 7829//5535
f 7826//5533 7829//5535 7828//2685
f 7829//5535 7827//5534 7828//2685
f 7830//2683 7831//5536 7832//5537
f 7833//5538 7834//5539 7835//5540
f 7831//5536 7830//2683 7834//5539
f 7831//5536 7834//5539 7833//5538
f 7835//5540 7830//2683 7832//5537
f 7835//5540 7832//5537 7833//5538
f 7836//5541 7837//5542 7838//5543
f 7837//5542 7839//5544 7840//5545
f 7837//5542 7840//5545 7838//5543
f 7840//5545 7839//5544 7836//5546
f 7842//5547 7841//5548 7843//5549
f 7844//5550 7841//5548 7842//5547
f 7863//5551 7864//5552 7865//5553
f 7863//5551 7865//5553 7866//5554
f 7866//5554 7865//5553 7867//5555
f 7864//5552 7863//5551 7867//5556
f 7868//5557 7869//5558 7870//5559
f 7868//5557 7870//5559 7871//5560
f 7870//5559 7869//5558 7872//5561
f 7872//5562 7868//5557 7871//5560
f 7873//5563 7874//5564 7875//5565
f 7877//5566 7873//5567 7876//5568
f 7875//5565 7874//5564 7877//5566
f 7875//5565 7877//5566 7876//5568
f 7878//2723 7879//2722 7880//5569
f 7881//2720 7882//5570 7879//2722
f 7881//2720 7879//2722 7878//2723
f 7882//5570 7881//2720 7883//2721
f 7880//5569 7882//5570 7883//2721
f 7880//5569 7883//2721 7878//2723
f 7884//2729 7885//2728 7886//2730
f 7887//2726 7888//2725 7885//2728
f 7887//2726 7885//2728 7884//2729
f 7888//2725 7887//2726 7889//5571
f 7886//2730 7888//2725 7889//5571
f 7886//2730 7889//5571 7884//2729
f 7890//5572 7891//5573 7892//2734
f 7892//2734 7891//5573 7893//5574
f 7892//2734 7893//5574 7894//2732
f 7893//5574 7895//5575 7894//2732
f 7890//5572 7894//2732 7895//5575
f 7890//5572 7895//5575 7891//5573
f 7896//2741 7897//2742 7898//5576
f 7899//5577 7896//2741 7898//5576
f 7899//5577 7898//5576 7900//5578
f 7900//5578 7901//2738 7899//5577
f 7897//2742 7896//2741 7901//2738
f 7897//2742 7901//2738 7900//5578
f 7902//5579 7903//5580 7904//5581
f 7905//5582 7906//5583 7903//5580
f 7905//5582 7903//5580 7902//5579
f 7906//5583 7905//5582 7907//5584
f 7904//5581 7906//5583 7907//5584
f 7904//5581 7907//5584 7902//5579
f 7908//5585 7909//5586 7910//5587
f 7910//5587 7909//5586 7911//5588
f 7912//5589 7909//5586 7908//5585
f 7912//5589 7908//5585 7913//5590
f 7910//5587 7912//5589 7913//5590
f 7912//5589 7910//5587 7911//5588
f 7916//5591 7914//5592 7917//5593
f 7916//5591 7918//5594 7914//5592
f 7914//5592 7915//5595 7917//5593
f 7915//5595 7918//5594 7916//5591
f 7915//5595 7916//5591 7919//5596
f 7915//5595 7919//5596 7917//5593
f 7922//5597 7920//5598 7923//5599
f 7922//5597 7924//5600 7920//5598
f 7920//5598 7921//5601 7923//5599
f 7921//5601 7924//5600 7922//5597
f 7921//5601 7922//5597 7925//5602
f 7921//5601 7925//5602 7923//5599
f 7926//5603 7927//5604 7928//5605
f 7928//5605 7929//5606 7930//5607
f 7928//5605 7930//5607 7926//5603
f 7927//5604 7931//5608 7928//5605
f 7927//5604 7930//5607 7929//5606
f 7929//5606 7931//5608 7927//5604
f 7934//5609 7932//5610 7935//5611
f 7934//5609 7936//5612 7932//5610
f 7932//5610 7933//5613 7935//5611
f 7933//5613 7936//5612 7934//5609
f 7933//5613 7934//5609 7937//5614
f 7933//5613 7937//5614 7935//5611
f 7950//5615 7947//5616 7949//5617
f 7951//5618 7947//5619 7948//5620
f 7951//5618 7948//5620 7950//5615
f 7951//5618 7950//5615 7949//5617
f 7967//5621 7964//5622 7966//5623
f 7968//5624 7964//5625 7965//5626
f 7968//5624 7965//5626 7967//5621
f 7968//5624 7967//5621 7966//5623
f 7972//5627 7969//5628 7971//5629
f 7973//5630 7969//5631 7970//5632
f 7973//5630 7970//5632 7972//5627
f 7973//5630 7972//5627 7971//5629
f 7974//5633 7975//5634 7976//5635
f 7974//5633 7976//5635 7977//5636
f 7978//5637 7974//5633 7977//5636
f 7979//5638 7976//5635 7975//5634
f 7979//5638 7975//5634 7978//5637
f 7979//5638 7978//5637 7977//5636
f 7986//5639 7987//5640 7988//5641
f 7989//5642 7986//5639 7988//5641
f 7989//5642 7988//5641 7990//5643
f 7987//5640 7986//5639 7990//5644
f 7991//5645 7992//5646 7993//5647
f 7994//5648 7992//5646 7995//5649
f 7994//5648 7995//5649 7993//5650
f 7992//5646 7991//5645 7995//5649
f 7999//5651 8000//5652 8001//5653
f 8003//5654 8000//5652 8002//5655
f 8003//5654 8002//5655 7999//5656
f 8003//5654 8001//5653 8000//5652
f 8005//5657 8006//5658 8007//5659
f 8005//5657 8007//5659 8004//5660
f 8006//5658 8008//5661 8007//5659
f 8008//5661 8006//5658 8004//5662
f 8009//5663 8010//5664 8011//5665
f 8009//5663 8012//5666 8010//5664
f 8013//5667 8010//5664 8012//5666
f 8013//5667 8012//5666 8011//5668
f 8014//5669 8015//5670 8016//5671
f 8017//5672 8015//5670 8014//5669
f 8017//5672 8014//5669 8018//5673
f 8016//5671 8015//5670 8018//5674
f 8025//5675 8026//5676 8027//5677
f 8027//5677 8026//5676 8028//5678
f 8027//5677 8028//5678 8029//5679
f 8029//5680 8026//5676 8025//5675
f 8034//5681 8033//5682 8036//5683
f 8037//5684 8034//5681 8036//5683
f 8037//5684 8036//5683 8035//5685
f 8035//5685 8033//5686 8037//5684
f 8041//5687 8038//5688 8040//5689
f 8042//5690 8038//5691 8039//5692
f 8042//5690 8039//5692 8041//5687
f 8042//5690 8041//5687 8040//5689
f 8043//5693 8044//5694 8045//5695
f 8043//5693 8045//5695 8046//5696
f 8043//5693 8047//5697 8044//5694
f 8048//5698 8043//5693 8046//5696
f 8044//5694 8047//5697 8048//5698
f 8044//5694 8048//5698 8046//5696
f 8049//5699 8050//5700 8051//5701
f 8051//5702 8050//5703 8054//5704
f 8051//5702 8054//5704 8055//5705
f 8051//5706 8056//5707 8050//5708
f 8054//5704 8056//5709 8055//5705
f 8057//5710 8058//5711 8059//5712
f 8060//5713 8057//5710 8059//5712
f 8061//5714 8058//5715 8057//5716
f 8061//5714 8057//5716 8060//5717
f 8059//5712 8058//5711 8061//5718
f 8059//5712 8061//5718 8060//5713
f 8062//5719 8063//5720 8058//5721
f 8062//5719 8058//5721 8057//5716
f 8064//5722 8062//5719 8057//5716
f 8064//5722 8057//5716 8060//5723
f 8061//5724 8058//5721 8063//5720
f 8061//5724 8063//5720 8064//5722
f 8061//5724 8064//5722 8060//5723
f 8069//5725 8068//2888 8067//5726
f 8067//5726 8068//2888 8070//5727
f 8073//5728 8074//5729 8072//5730
f 8073//5728 8072//5730 8071//5731
f 8071//5731 8072//5730 8075//5732
f 8071//5731 8075//5732 8076//5733
f 8082//5734 8083//5735 8080//5736
f 8084//5737 8085//5738 8086//5739
f 8087//5740 8085//5738 8084//5737
f 8081//5741 8083//5735 8082//5734
f 8091//5742 8092//5743 8093//5744
f 8091//5742 8093//5744 8094//5745
f 8095//5746 8096//5747 8092//5743
f 8095//5746 8092//5743 8091//5742
f 8094//5745 8093//5744 8096//5747
f 8094//5745 8096//5747 8095//5746
f 8097//5748 8098//5749 8099//5750
f 8097//5748 8099//5750 8100//5751
f 8097//5748 8101//5752 8098//5749
f 8102//5753 8099//5750 8101//5752
f 8102//5753 8101//5752 8097//5748
f 8100//5751 8099//5750 8102//5753
f 8106//5754 8107//5755 8108//5756
f 8109//5757 8110//5758 8107//5755
f 8109//5757 8107//5755 8106//5754
f 8111//5759 8110//5758 8109//5757
f 8106//5754 8108//5756 8110//5758
f 8106//5754 8110//5758 8111//5759
f 8114//5760 8115//5761 8113//5762
f 8114//5760 8113//5762 8112//5763
f 8116//5764 8117//5765 8115//5761
f 8116//5764 8115//5761 8114//5760
f 8112//5763 8113//5762 8117//5765
f 8112//5763 8117//5765 8116//5764
f 8121//5766 8122//5767 8123//5768
f 8124//5769 8122//5767 8121//5766
f 8124//5769 8121//5766 8125//2940
f 8123//5768 8122//5767 8126//5770
f 8123//5768 8126//5770 8125//2940
f 8126//5770 8124//5769 8125//2940
f 8127//2938 8128//5771 8129//5772
f 8130//5773 8131//5774 8132//5775
f 8128//5771 8127//2938 8131//5774
f 8128//5771 8131//5774 8130//5773
f 8132//5775 8127//2938 8129//5772
f 8132//5775 8129//5772 8130//5773
f 8133//5776 8134//5777 8135//5778
f 8134//5777 8136//5779 8137//5780
f 8134//5777 8137//5780 8135//5778
f 8137//5780 8136//5779 8133//5781
f 8139//5782 8138//5783 8140//5784
f 8141//5785 8138//5783 8139//5782
f 8160//5786 8161//5787 8162//5788
f 8160//5786 8162//5788 8163//5789
f 8163//5789 8162//5788 8164//5790
f 8161//5787 8160//5786 8164//5791
f 8165//5792 8166//5793 8167//5794
f 8165//5792 8167//5794 8168//5795
f 8167//5794 8166//5793 8169//5796
f 8169//5797 8165//5792 8168//5795
f 8170//5798 8171//5799 8172//5800
f 8174//5801 8170//5802 8173//5803
f 8172//5800 8171//5799 8174//5801
f 8172//5800 8174//5801 8173//5803
f 8175//2978 8176//2977 8177//5804
f 8178//2975 8179//2974 8176//2977
f 8178//2975 8176//2977 8175//2978
f 8179//2974 8178//2975 8180//5805
f 8177//5804 8179//2974 8180//5805
f 8177//5804 8180//5805 8175//2978
f 8181//2984 8182//2983 8183//2985
f 8184//2981 8185//2980 8182//2983
f 8184//2981 8182//2983 8181//2984
f 8185//2980 8184//2981 8186//2982
f 8183//2985 8185//2980 8186//2982
f 8183//2985 8186//2982 8181//2984
f 8187//2991 8188//5806 8189//2989
f 8189//2989 8188//5806 8190//2988
f 8189//2989 8190//2988 8191//5807
f 8190//2988 8192//2986 8191//5807
f 8187//2991 8191//5807 8192//2986
f 8187//2991 8192//2986 8188//5806
f 8193//2996 8194//2997 8195//2995
f 8196//2994 8193//2996 8195//2995
f 8196//2994 8195//2995 8197//2992
f 8197//2992 8198//2993 8196//2994
f 8194//2997 8193//2996 8198//2993
f 8194//2997 8198//2993 8197//2992
f 8199//3002 8200//5808 8201//5809
f 8202//5810 8203//2998 8200//5808
f 8202//5810 8200//5808 8199//3002
f 8203//2998 8202//5810 8204//5811
f 8201//5809 8203//2998 8204//5811
f 8201//5809 8204//5811 8199//3002
f 8205//5812 8206//5813 8207//5814
f 8207//5814 8206//5813 8208//5815
f 8209//5816 8206//5813 8205//5812
f 8209//5816 8205//5812 8210//5817
f 8207//5814 8209//5816 8210//5817
f 8209//5816 8207//5814 8208//5815
f 8213//5818 8211//5819 8214//5820
f 8213//5818 8215//5821 8211//5819
f 8211//5819 8212//5822 8214//5820
f 8212//5822 8215//5821 8213//5818
f 8212//5822 8213//5818 8216//5823
f 8212//5822 8216//5823 8214//5820
f 8219//5824 8217//5825 8220//5826
f 8219//5824 8221//5827 8217//5825
f 8217//5825 8218//5828 8220//5826
f 8218//5828 8221//5827 8219//5824
f 8218//5828 8219//5824 8222//5829
f 8218//5828 8222//5829 8220//5826
f 8223//5830 8224//5831 8225//5832
f 8225//5832 8226//5833 8227//5834
f 8225//5832 8227//5834 8223//5830
f 8224//5831 8228//5835 8225//5832
f 8224//5831 8227//5834 8226//5833
f 8226//5833 8228//5835 8224//5831
f 8231//5836 8229//5837 8232//5838
f 8231//5836 8233//5839 8229//5837
f 8229//5837 8230//5840 8232//5838
f 8230//5840 8233//5839 8231//5836
f 8230//5840 8231//5836 8234//5841
f 8230//5840 8234//5841 8232//5838
f 8247//5842 8244//5843 8246//5844
f 8248//5845 8244//5846 8245//5847
f 8248//5845 8245//5847 8247//5842
f 8248//5845 8247//5842 8246//5844
f 8264//5848 8261//5849 8263//5850
f 8265//5851 8261//5852 8262//5853
f 8265//5851 8262//5853 8264//5848
f 8265//5851 8264//5848 8263//5850
f 8269//5854 8266//5855 8268//5856
f 8270//5857 8266//5858 8267//5859
f 8270//5857 8267//5859 8269//5854
f 8270//5857 8269//5854 8268//5856
f 8271//5860 8272//5861 8273//5862
f 8271//5860 8273//5862 8274//5863
f 8275//5864 8271//5860 8274//5863
f 8276//5865 8273//5862 8272//5861
f 8276//5865 8272//5861 8275//5864
f 8276//5865 8275//5864 8274//5863
f 8283//5866 8284//5867 8285//5868
f 8286//5869 8283//5866 8285//5868
f 8286//5869 8285//5868 8287//5870
f 8284//5867 8283//5866 8287//5871
f 8288//5872 8289//5873 8290//5874
f 8291//5875 8289//5873 8292//5876
f 8291//5875 8292//5876 8290//5877
f 8289//5873 8288//5872 8292//5876
f 8296//5878 8297//5879 8298//5880
f 8300//5881 8297//5879 8299//5882
f 8300//5881 8299//5882 8296//5883
f 8300//5881 8298//5880 8297//5879
f 8302//5884 8303//5885 8304//5886
f 8302//5884 8304//5886 8301//5887
f 8303//5885 8305//5888 8304//5886
f 8305//5888 8303//5885 8301//5889
f 8306//5890 8307//5891 8308//5892
f 8306//5890 8309//5893 8307//5891
f 8310//5894 8307//5891 8309//5893
f 8310//5894 8309//5893 8308//5895
f 8311//5896 8312//5897 8313//5898
f 8314//5899 8312//5897 8311//5896
f 8314//5899 8311//5896 8315//5900
f 8313//5898 8312//5897 8315//5901
f 8322//5902 8323//5903 8324//5904
f 8324//5904 8323//5903 8325//5905
f 8324//5904 8325//5905 8326//5906
f 8326//5907 8323//5903 8322//5902
f 8331//5908 8330//5909 8333//5910
f 8334//5911 8331//5908 8333//5910
f 8334//5911 8333//5910 8332//5912
f 8332//5912 8330//5913 8334//5911
f 8335//5914 8336//5915 8337//5916
f 8335//5914 8337//5916 8338//5917
f 8339//5918 8335//5914 8338//5917
f 8340//5919 8337//5916 8336//5915
f 8340//5919 8336//5915 8339//5918
f 8340//5919 8339//5918 8338//5917
f 8341//5920 8342//5921 8343//5922
f 8341//5920 8343//5922 8344//5923
f 8341//5920 8345//5924 8342//5921
f 8346//5925 8341//5920 8344//5923
f 8342//5921 8345//5924 8346//5925
f 8342//5921 8346//5925 8344//5923
f 8347//5926 8348//5927 8349//5928
f 8349//5929 8348//5930 8352//5931
f 8349//5929 8352//5931 8353//5932
f 8349//5933 8354//5934 8348//5935
f 8352//5931 8354//5936 8353//5932
f 8355//5937 8356//5938 8357//5939
f 8358//5940 8355//5937 8357//5939
f 8359//5941 8356//5942 8355//5943
f 8359//5941 8355//5943 8358//5944
f 8357//5939 8356//5938 8359//5945
f 8357//5939 8359//5945 8358//5940
f 8360//5946 8361//5947 8356//5948
f 8360//5946 8356//5948 8355//5943
f 8362//5949 8360//5946 8355//5943
f 8362//5949 8355//5943 8358//5950
f 8359//5951 8356//5948 8361//5947
f 8359//5951 8361//5947 8362//5949
f 8359//5951 8362//5949 8358//5950
f 8367//5952 8368//5953 8365//5954
f 8366//5955 8368//5953 8367//5952
f 8371//5956 8372//5957 8370//5958
f 8371//5956 8370//5958 8369//5959
f 8369//5959 8370//5958 8373//5960
f 8369//5959 8373//5960 8374//5961
f 8380//5962 8381//5963 8378//5964
f 8382//5965 8383//5966 8384//5967
f 8385//5968 8383//5966 8382//5965
f 8379//5969 8381//5963 8380//5962
f 8389//5970 8390//5971 8391//5972
f 8389//5970 8391//5972 8392//5973
f 8393//5974 8394//5975 8390//5971
f 8393//5974 8390//5971 8389//5970
f 8392//5973 8391//5972 8394//5975
f 8392//5973 8394//5975 8393//5974
f 8395//5976 8396//5977 8397//5978
f 8395//5976 8397//5978 8398//5979
f 8395//5976 8399//5980 8396//5977
f 8400//5981 8397//5978 8399//5980
f 8400//5981 8399//5980 8395//5976
f 8398//5979 8397//5978 8400//5981
f 8404//5982 8405//5983 8406//5984
f 8407//5985 8408//5986 8405//5983
f 8407//5985 8405//5983 8404//5982
f 8409//5987 8408//5986 8407//5985
f 8404//5982 8406//5984 8408//5986
f 8404//5982 8408//5986 8409//5987
f 8412//5988 8413//5989 8411//5990
f 8412//5988 8411//5990 8410//5991
f 8414//5992 8415//5993 8413//5989
f 8414//5992 8413//5989 8412//5988
f 8410//5991 8411//5990 8415//5993
f 8410//5991 8415//5993 8414//5992
f 8418//5994 8419//5995 8416//5996
f 8417//5997 8419//5995 8418//5994
f 8420//5998 8421//3195 8422//5999
f 8423//6000 8421//3195 8420//5998
f 8423//6000 8420//5998 8424//3192
f 8422//5999 8421//3195 8425//6001
f 8422//5999 8425//6001 8424//3192
f 8425//6001 8423//6000 8424//3192
f 8426//3190 8427//6002 8428//6003
f 8429//3187 8430//6004 8431//6005
f 8427//6002 8426//3190 8430//6004
f 8427//6002 8430//6004 8429//3187
f 8431//6005 8426//3190 8428//6003
f 8431//6005 8428//6003 8429//3187
f 8432//6006 8433//6007 8434//6008
f 8433//6007 8435//6009 8436//6010
f 8433//6007 8436//6010 8434//6008
f 8436//6010 8435//6009 8432//6011
f 8438//6012 8437//6013 8439//6014
f 8440//6015 8437//6013 8438//6012
f 8459//6016 8460//6017 8461//6018
f 8459//6016 8461//6018 8462//6019
f 8462//6019 8461//6018 8463//6020
f 8460//6017 8459//6016 8463//6021
f 8464//6022 8465//6023 8466//6024
f 8464//6022 8466//6024 8467//6025
f 8466//6024 8465//6023 8468//6026
f 8468//6027 8464//6022 8467//6025
f 8469//6028 8470//6029 8471//6030
f 8473//6031 8469//6032 8472//6033
f 8471//6030 8470//6029 8473//6031
f 8471//6030 8473//6031 8472//6033
f 8474//3230 8475//6034 8476//3231
f 8477//3227 8478//3226 8475//6034
f 8477//3227 8475//6034 8474//3230
f 8478//3226 8477//3227 8479//3228
f 8476//3231 8478//3226 8479//3228
f 8476//3231 8479//3228 8474//3230
f 8480//3236 8481//6035 8482//6036
f 8483//3233 8484//3232 8481//6035
f 8483//3233 8481//6035 8480//3236
f 8484//3232 8483//3233 8485//3234
f 8482//6036 8484//3232 8485//3234
f 8482//6036 8485//3234 8480//3236
f 8486//6037 8487//3242 8488//6038
f 8488//6038 8487//3242 8489//6039
f 8488//6038 8489//6039 8490//3239
f 8489//6039 8491//6040 8490//3239
f 8486//6037 8490//3239 8491//6040
f 8486//6037 8491//6040 8487//3242
f 8492//3248 8493//3249 8494//3247
f 8495//3246 8492//3248 8494//3247
f 8495//3246 8494//3247 8496//3244
f 8496//3244 8497//3245 8495//3246
f 8493//3249 8492//3248 8497//3245
f 8493//3249 8497//3245 8496//3244
f 8498//3254 8499//6041 8500//6042
f 8501//6043 8502//3250 8499//6041
f 8501//6043 8499//6041 8498//3254
f 8502//3250 8501//6043 8503//6044
f 8500//6042 8502//3250 8503//6044
f 8500//6042 8503//6044 8498//3254
f 8504//6045 8505//6046 8506//6047
f 8506//6047 8505//6046 8507//6048
f 8508//6049 8505//6046 8504//6045
f 8508//6049 8504//6045 8509//6050
f 8506//6047 8508//6049 8509//6050
f 8508//6049 8506//6047 8507//6048
f 8512//6051 8510//6052 8513//6053
f 8512//6051 8514//6054 8510//6052
f 8510//6052 8511//6055 8513//6053
f 8511//6055 8514//6054 8512//6051
f 8511//6055 8512//6051 8515//6056
f 8511//6055 8515//6056 8513//6053
f 8518//6057 8516//6058 8519//6059
f 8518//6057 8520//6060 8516//6058
f 8516//6058 8517//6061 8519//6059
f 8517//6061 8520//6060 8518//6057
f 8517//6061 8518//6057 8521//6062
f 8517//6061 8521//6062 8519//6059
f 8522//6063 8523//6064 8524//6065
f 8524//6065 8525//6066 8526//6067
f 8524//6065 8526//6067 8522//6063
f 8523//6064 8527//6068 8524//6065
f 8523//6064 8526//6067 8525//6066
f 8525//6066 8527//6068 8523//6064
f 8530//6069 8528//6070 8531//6071
f 8530//6069 8532//6072 8528//6070
f 8528//6070 8529//6073 8531//6071
f 8529//6073 8532//6072 8530//6069
f 8529//6073 8530//6069 8533//6074
f 8529//6073 8533//6074 8531//6071
f 8546//6075 8543//6076 8545//6077
f 8547//6078 8543//6079 8544//6080
f 8547//6078 8544//6080 8546//6075
f 8547//6078 8546//6075 8545//6077
f 8563//6081 8560//6082 8562//6083
f 8564//6084 8560//6085 8561//6086
f 8564//6084 8561//6086 8563//6081
f 8564//6084 8563//6081 8562//6083
f 8565//6087 8566//6088 8567//6089
f 8565//6087 8567//6089 8568//6090
f 8569//6091 8565//6087 8568//6090
f 8570//6092 8567//6089 8566//6088
f 8570//6092 8566//6088 8569//6091
f 8570//6092 8569//6091 8568//6090
f 8571//6093 8572//6094 8573//6095
f 8571//6093 8573//6095 8574//6096
f 8575//6097 8571//6093 8574//6096
f 8576//6098 8573//6095 8572//6094
f 8576//6098 8572//6094 8575//6097
f 8576//6098 8575//6097 8574//6096
f 8583//6099 8584//6100 8585//6101
f 8586//6102 8583//6099 8585//6101
f 8586//6102 8585//6101 8587//6103
f 8584//6100 8583//6099 8587//6104
f 8588//6105 8589//6106 8590//6107
f 8591//6108 8589//6106 8592//6109
f 8591//6108 8592//6109 8590//6110
f 8589//6106 8588//6105 8592//6109
f 8596//6111 8597//6112 8598//6113
f 8600//6114 8597//6112 8599//6115
f 8600//6114 8599//6115 8596//6116
f 8600//6114 8598//6113 8597//6112
f 8602//6117 8603//6118 8604//6119
f 8602//6117 8604//6119 8601//6120
f 8603//6118 8605//6121 8604//6119
f 8605//6121 8603//6118 8601//6122
f 8606//6123 8607//6124 8608//6125
f 8606//6123 8609//6126 8607//6124
f 8610//6127 8607//6124 8609//6126
f 8610//6127 8609//6126 8608//6128
f 8611//6129 8612//6130 8613//6131
f 8614//6132 8612//6130 8611//6129
f 8614//6132 8611//6129 8615//6133
f 8613//6131 8612//6130 8615//6134
f 8622//6135 8623//6136 8624//6137
f 8624//6137 8623//6136 8625//6138
f 8624//6137 8625//6138 8626//6139
f 8626//6140 8623//6136 8622//6135
f 8631//6141 8630//6142 8633//6143
f 8634//6144 8631//6141 8633//6143
f 8634//6144 8633//6143 8632//6145
f 8632//6145 8630//6146 8634//6144
f 8638//6147 8635//6148 8637//6149
f 8639//6150 8635//6151 8636//6152
f 8639//6150 8636//6152 8638//6147
f 8639//6150 8638//6147 8637//6149
f 8640//6153 8641//6154 8642//6155
f 8640//6153 8642//6155 8643//6156
f 8640//6153 8644//6157 8641//6154
f 8645//6158 8640//6153 8643//6156
f 8641//6154 8644//6157 8645//6158
f 8641//6154 8645//6158 8643//6156
f 8646//6159 8647//6160 8648//6161
f 8648//6162 8647//6163 8651//6164
f 8648//6162 8651//6164 8652//6165
f 8648//6166 8653//6167 8647//6168
f 8651//6164 8653//6169 8652//6165
f 8654//6170 8655//6171 8656//6172
f 8657//6173 8654//6170 8656//6172
f 8658//6174 8655//6175 8654//6176
f 8658//6174 8654//6176 8657//6177
f 8656//6172 8655//6171 8658//6178
f 8656//6172 8658//6178 8657//6173
f 8659//6179 8660//6180 8655//6181
f 8659//6179 8655//6181 8654//6176
f 8661//6182 8659//6179 8654//6176
f 8661//6182 8654//6176 8657//6183
f 8658//6184 8655//6181 8660//6180
f 8658//6184 8660//6180 8661//6182
f 8658//6184 8661//6182 8657//6183
f 8669//6185 8670//6186 8668//6187
f 8669//6185 8668//6187 8667//6188
f 8667//6188 8668//6187 8671//6189
f 8667//6188 8671//6189 8672//6190
f 8678//6191 8679//6192 8676//6193
f 8680//6194 8681//6195 8682//6196
f 8683//6197 8681//6195 8680//6194
f 8677//6198 8679//6192 8678//6191
f 8687//6199 8688//6200 8689//6201
f 8687//6199 8689//6201 8690//6202
f 8691//6203 8692//6204 8688//6200
f 8691//6203 8688//6200 8687//6199
f 8690//6202 8689//6201 8692//6204
f 8690//6202 8692//6204 8691//6203
f 8693//6205 8694//6206 8695//6207
f 8693//6205 8695//6207 8696//6208
f 8693//6205 8697//6209 8694//6206
f 8698//6210 8695//6207 8697//6209
f 8698//6210 8697//6209 8693//6205
f 8696//6208 8695//6207 8698//6210
f 8702//6211 8703//6212 8704//6213
f 8705//6214 8706//6215 8703//6212
f 8705//6214 8703//6212 8702//6211
f 8707//6216 8706//6215 8705//6214
f 8702//6211 8704//6213 8706//6215
f 8702//6211 8706//6215 8707//6216
f 8710//6217 8711//6218 8709//6219
f 8710//6217 8709//6219 8708//6220
f 8712//6221 8713//6222 8711//6218
f 8712//6221 8711//6218 8710//6217
f 8708//6220 8709//6219 8713//6222
f 8708//6220 8713//6222 8712//6221
f 8716//6223 8715//6224 8714//6225
f 8714//6225 8715//6224 8717//6226
f 8718//6227 8719//6228 8720//6229
f 8721//6230 8719//6228 8718//6227
f 8721//6230 8718//6227 8722//3439
f 8720//6229 8719//6228 8723//6231
f 8720//6229 8723//6231 8722//3439
f 8723//6231 8721//6230 8722//3439
f 8724//6232 8725//6233 8726//6234
f 8727//3434 8728//6235 8729//6236
f 8725//6233 8724//6232 8728//6235
f 8725//6233 8728//6235 8727//3434
f 8729//6236 8724//6232 8726//6234
f 8729//6236 8726//6234 8727//3434
f 8730//6237 8731//6238 8732//6239
f 8731//6238 8733//6240 8734//6241
f 8731//6238 8734//6241 8732//6239
f 8734//6241 8733//6240 8730//6242
f 8736//6243 8735//6244 8737//6245
f 8738//6246 8735//6244 8736//6243
f 8757//6247 8758//6248 8759//6249
f 8757//6247 8759//6249 8760//6250
f 8760//6250 8759//6249 8761//6251
f 8758//6248 8757//6247 8761//6252
f 8762//6253 8763//6254 8764//6255
f 8762//6253 8764//6255 8765//6256
f 8764//6255 8763//6254 8766//6257
f 8766//6258 8762//6253 8765//6256
f 8767//6259 8768//6260 8769//6261
f 8771//6262 8767//6263 8770//6264
f 8769//6261 8768//6260 8771//6262
f 8769//6261 8771//6262 8770//6264
f 8772//3477 8773//6265 8774//6266
f 8775//3474 8776//3473 8773//6265
f 8775//3474 8773//6265 8772//3477
f 8776//3473 8775//3474 8777//3475
f 8774//6266 8776//3473 8777//3475
f 8774//6266 8777//3475 8772//3477
f 8778//3483 8779//3482 8780//3484
f 8781//3480 8782//3479 8779//3482
f 8781//3480 8779//3482 8778//3483
f 8782//3479 8781//3480 8783//6267
f 8780//3484 8782//3479 8783//6267
f 8780//3484 8783//6267 8778//3483
f 8784//3490 8785//3489 8786//6268
f 8786//6268 8785//3489 8787//6269
f 8786//6268 8787//6269 8788//3486
f 8787//6269 8789//6270 8788//3486
f 8784//3490 8788//3486 8789//6270
f 8784//3490 8789//6270 8785//3489
f 8790//3495 8791//3496 8792//3494
f 8793//3493 8790//3495 8792//3494
f 8793//3493 8792//3494 8794//3491
f 8794//3491 8795//3492 8793//3493
f 8791//3496 8790//3495 8795//3492
f 8791//3496 8795//3492 8794//3491
f 8796//6271 8797//6272 8798//6273
f 8799//6274 8800//6275 8797//6272
f 8799//6274 8797//6272 8796//6271
f 8800//6275 8799//6274 8801//6276
f 8798//6273 8800//6275 8801//6276
f 8798//6273 8801//6276 8796//6271
f 8802//6277 8803//6278 8804//6279
f 8804//6279 8803//6278 8805//6280
f 8806//6281 8803//6278 8802//6277
f 8806//6281 8802//6277 8807//6282
f 8804//6279 8806//6281 8807//6282
f 8806//6281 8804//6279 8805//6280
f 8810//6283 8808//6284 8811//6285
f 8810//6283 8812//6286 8808//6284
f 8808//6284 8809//6287 8811//6285
f 8809//6287 8812//6286 8810//6283
f 8809//6287 8810//6283 8813//6288
f 8809//6287 8813//6288 8811//6285
f 8816//6289 8814//6290 8817//6291
f 8816//6289 8818//6292 8814//6290
f 8814//6290 8815//6293 8817//6291
f 8815//6293 8818//6292 8816//6289
f 8815//6293 8816//6289 8819//6294
f 8815//6293 8819//6294 8817//6291
f 8820//6295 8821//6296 8822//6297
f 8822//6297 8823//6298 8824//6299
f 8822//6297 8824//6299 8820//6295
f 8821//6296 8825//6300 8822//6297
f 8821//6296 8824//6299 8823//6298
f 8823//6298 8825//6300 8821//6296
f 8828//6301 8826//6302 8829//6303
f 8828//6301 8830//6304 8826//6302
f 8826//6302 8827//6305 8829//6303
f 8827//6305 8830//6304 8828//6301
f 8827//6305 8828//6301 8831//6306
f 8827//6305 8831//6306 8829//6303
f 8844//6307 8841//6308 8843//6309
f 8845//6310 8841//6311 8842//6312
f 8845//6310 8842//6312 8844//6307
f 8845//6310 8844//6307 8843//6309
f 8861//6313 8858//6314 8860//6315
f 8862//6316 8858//6317 8859//6318
f 8862//6316 8859//6318 8861//6313
f 8862//6316 8861//6313 8860//6315
f 8866//6319 8863//6320 8865//6321
f 8867//6322 8863//6323 8864//6324
f 8867//6322 8864//6324 8866//6319
f 8867//6322 8866//6319 8865//6321
f 8868//6325 8869//6326 8870//6327
f 8868//6325 8870//6327 8871//6328
f 8872//6329 8868//6325 8871//6328
f 8873//6330 8870//6327 8869//6326
f 8873//6330 8869//6326 8872//6329
f 8873//6330 8872//6329 8871//6328
f 8880//6331 8881//6332 8882//6333
f 8883//6334 8880//6331 8882//6333
f 8883//6334 8882//6333 8884//6335
f 8881//6332 8880//6331 8884//6336
f 8885//6337 8886//6338 8887//6339
f 8888//6340 8886//6338 8889//6341
f 8888//6340 8889//6341 8887//6342
f 8886//6338 8885//6337 8889//6341
f 8893//6343 8894//6344 8895//6345
f 8897//6346 8894//6344 8896//6347
f 8897//6346 8896//6347 8893//6348
f 8897//6346 8895//6345 8894//6344
f 8899//6349 8900//6350 8901//6351
f 8899//6349 8901//6351 8898//6352
f 8900//6350 8902//6353 8901//6351
f 8902//6353 8900//6350 8898//6354
f 8903//6355 8904//6356 8905//6357
f 8903//6355 8906//6358 8904//6356
f 8907//6359 8904//6356 8906//6358
f 8907//6359 8906//6358 8905//6360
f 8908//6361 8909//6362 8910//6363
f 8911//6364 8909//6362 8908//6361
f 8911//6364 8908//6361 8912//6365
f 8910//6363 8909//6362 8912//6366
f 8919//6367 8920//6368 8921//6369
f 8921//6369 8920//6368 8922//6370
f 8921//6369 8922//6370 8923//6371
f 8923//6372 8920//6368 8919//6367
f 8928//6373 8927//6374 8930//6375
f 8931//6376 8928//6373 8930//6375
f 8931//6376 8930//6375 8929//6377
f 8929//6377 8927//6378 8931//6376
f 8935//6379 8932//6380 8934//6381
f 8936//6382 8932//6383 8933//6384
f 8936//6382 8933//6384 8935//6379
f 8936//6382 8935//6379 8934//6381
f 1825//6385 1827//6386 1822//6387
f 1827//634 1826//633 1825//632
f 8937//180 1827//6388 1825//6389
f 8938//6 8937//180 1825//6389
f 2121//6390 2123//6391 2118//6392
f 2123//881 2122//880 2121//879
f 8939//180 2123//6393 2121//6394
f 8940//180 8939//180 2121//6394
f 2420//6395 2422//6396 2417//6397
f 2422//1132 2421//1131 2420//1130
f 8941//180 2422//6398 2420//6399
f 8942//180 8941//180 2420//6399
f 2718//6400 2720//6401 2715//6402
f 2720//1385 2719//1384 2718//1383
f 8943//180 2720//6403 2718//6404
f 8944//180 8943//180 2718//6404
f 3015//6405 3017//6406 3013//6407
f 3017//1638 3016//1637 8945//1634
f 3017//1638 8945//1634 3015//1633
f 8946//6 3017//6408 3015//6409
f 8947//7 8946//6 3015//6409
f 3313//6410 3316//6411 3311//6412
f 3316//1890 3315//1889 3314//1886
f 3316//1890 3314//1886 3313//1885
f 8948//180 3316//6413 3313//6414
f 8949//180 8948//180 3313//6414
f 3611//6415 3614//6416 3609//6417
f 3614//2142 3613//2141 3612//2138
f 3614//2142 3612//2138 3611//2137
f 8950//180 3614//6418 3611//6419
f 8951//180 8950//180 3611//6419
f 3909//6420 3911//6421 3906//6422
f 3911//2395 3910//2394 3909//2393
f 8952//180 3911//6423 3909//6424
f 8953//180 8952//180 3909//6424
f 4207//6425 4209//6426 4205//6427
f 4209//2646 4208//2645 8954//2642
f 4209//2646 8954//2642 4207//2641
f 8955//180 4209//6428 4207//6429
f 8956//180 8955//180 4207//6429
f 4504//6430 4506//6431 4501//6432
f 4506//2897 4505//2896 4504//2895
f 8957//180 4506//6433 4504//6434
f 8958//180 8957//180 4504//6434
f 4801//6435 4803//6436 4798//6437
f 4803//3149 4802//3148 4801//3147
f 8959//180 4803//6438 4801//6439
f 8960//180 8959//180 4801//6439
f 5097//6440 5100//6441 5095//6442
f 5100//3400 5099//3399 5098//3396
f 5100//3400 5098//3396 5097//3395
f 8961//180 5100//6443 5097//6444
f 8962//180 8961//180 5097//6444
f 5396//6445 5398//6446 5393//6447
f 5398//3647 5397//3646 5396//3645
f 8963//180 5398//6448 5396//6449
f 8964//180 8963//180 5396//6449
f 5694//6450 5696//6451 5691//6452
f 5696//3873 5695//3872 5694//3871
f 8965//180 5696//6453 5694//6454
f 8966//6 8965//180 5694//6454
f 5990//6455 5992//6456 5987//6457
f 5992//4102 5991//4101 5990//4100
f 8967//180 5992//6458 5990//6459
f 8968//180 8967//180 5990//6459
f 6288//6460 6290//6461 6285//6462
f 6290//4329 6289//4328 6288//4327
f 8969//180 6290//6463 6288//6464
f 8970//180 8969//180 6288//6464
f 6586//6465 6588//6466 6583//6467
f 6588//4567 6587//4566 6586//4565
f 8971//180 6588//6468 6586//6469
f 8972//6 8971//180 6586//6469
f 6884//6470 6886//6471 6881//6472
f 6886//4801 6885//4800 6884//4799
f 8973//180 6886//6473 6884//6474
f 8974//180 8973//180 6884//6474
f 7182//6475 7185//6476 7180//6477
f 7185//5038 7184//5037 7183//5034
f 7185//5038 7183//5034 7182//5033
f 8975//180 7185//6478 7182//6479
f 8976//180 8975//180 7182//6479
f 7481//6480 7483//6481 7478//6482
f 7483//5267 7482//5266 7481//5265
f 8977//6 7483//6483 7481//6484
f 8978//180 8977//6 7481//6484
f 7777//6485 7779//6486 7774//6487
f 7779//5498 7778//5497 7777//5496
f 8979//7 7779//6488 7777//6489
f 8980//180 8979//7 7777//6489
f 8073//6490 8076//6491 8071//6492
f 8076//5733 8075//5732 8074//5729
f 8076//5733 8074//5729 8073//5728
f 8981//180 8076//6493 8073//6494
f 8982//180 8981//180 8073//6494
f 8371//6495 8374//6496 8369//6497
f 8374//5961 8373//5960 8372//5957
f 8374//5961 8372//5957 8371//5956
f 8983//180 8374//6498 8371//6499
f 8984//180 8983//180 8371//6499
f 8669//6500 8672//6501 8667//6502
f 8672//6190 8671//6189 8670//6186
f 8672//6190 8670//6186 8669//6185
f 8985//180 8672//6503 8669//6504
f 8986//180 8985//180 8669//6504
f 8987//6505 8995//6506 8988//6507
f 8990//6508 8988//6507 8989//6509
f 8987//6505 8988//6507 8990//6508
f 9001//6510 8987//6505 8990//6508
f 8992//6511 9001//6510 8990//6508
f 8993//6512 8990//6508 8991//6513
f 8992//6511 8990//6508 8993//6512
f 8992//6511 8993//6512 8994//6514
f 8987//6505 8992//6511 8994//6514
f 8987//6505 8994//6514 8995//6506
f 9006//6515 8997//6516 8996//6517
f 8998//6518 8999//6519 8997//6516
f 9000//6520 9002//6521 8999//6519
f 9002//6521 9003//6522 8999//6519
f 9004//6523 9006//6515 9003//6522
f 9005//6524 9006//6515 9004//6523
f 9005//6524 9007//6525 9006//6515
f 9007//6525 8997//6516 9006//6515
f 9003//6522 9006//6515 9001//6526
f 8999//6519 9003//6522 9001//6526
f 8999//6519 9001//6526 8996//6517
f 8997//6516 8999//6519 8996//6517
f 9008//6527 9010//6527 9009//6527
f 9012//6528 9013//6528 9011//6528
f 9015//6529 9016//6529 9014//6529
f 9018//6530 9019//6530 9017//6530
f 9021//6531 9022//6531 9020//6531
f 9024//6532 9025//6532 9023//6532
f 9027//6533 9028//6533 9026//6533
f 9030//6534 9031//6534 9029//6534
f 9033//6535 9034//6535 9032//6535
f 9036//6536 9037//6536 9035//6536
f 9039//6537 9040//6537 9038//6537
f 9042//6538 9043//6538 9041//6538
f 9045//6539 9046//6539 9044//6539
f 9048//6540 9049//6540 9047//6540
f 9051//6541 9052//6541 9050//6541
f 9054//6542 9055//6542 9053//6542
f 9057//6543 9058//6543 9056//6543
f 9060//6544 9061//6544 9059//6544
f 9063//6545 9064//6545 9062//6545
f 9066//6546 9067//6546 9065//6546
f 9069//6547 9070//6547 9068//6547
f 9072//6548 9073//6548 9071//6548
f 9075//6549 9076//6549 9074//6549
f 9078//6550 9079//6550 9077//6550
f 9081//6551 9082//6551 9080//6551
f 9084//6552 9085//6552 9083//6552
f 9087//6553 9088//6553 9086//6553
f 9090//6554 9091//6554 9089//6554
f 9093//6555 9094//6555 9092//6555
f 9096//6556 9097//6556 9095//6556
f 9099//6557 9101//6558 9100//6558
f 9103//6559 9104//6559 9102//6559
f 9106//6560 9107//6560 9105//6560
f 9109//6561 9110//6561 9108//6561
f 9112//6562 9113//6562 9111//6562
f 9115//6563 9116//6563 9114//6563
f 9118//6564 9119//6564 9117//6564
f 9121//6565 9122//6565 9120//6565
f 9124//6566 9125//6566 9123//6566
f 9127//6567 9128//6567 9126//6567
f 9130//6568 9131//6568 9129//6568
f 9133//6569 9134//6569 9132//6569
f 9136//6570 9137//6570 9135//6570
f 9139//6571 9140//6571 9138//6571
f 9142//6572 9143//6572 9141//6572
f 9145//6573 9146//6573 9144//6573
f 9148//6574 9149//6574 9147//6574
f 9151//6575 9152//6575 9150//6575
f 9154//6576 9155//6576 9153//6576
f 9157//6577 9158//6577 9156//6577
f 9160//6578 9161//6578 9159//6578
f 9163//6579 9164//6579 9162//6579
f 9166//6580 9167//6580 9165//6580
f 9169//6581 9170//6581 9168//6581
f 9172//6582 9173//6582 9171//6582
f 9175//6583 9176//6583 9174//6583
f 9178//6584 9179//6584 9177//6584
f 9181//6585 9182//6585 9180//6585
f 9184//6586 9185//6586 9183//6586
f 9187//6587 9188//6587 9186//6587
f 9190//6588 9191//6588 9189//6588
f 9193//6589 9194//6589 9192//6589
f 9196//6590 9197//6590 9195//6590
f 9199//6591 9200//6591 9198//6591
f 9202//6592 9203//6592 9201//6592
f 9205//6593 9206//6593 9204//6593
f 9208//6594 9209//6594 9207//6594
f 9211//6595 9212//6595 9210//6595
f 9214//6596 9215//6596 9213//6596
f 9217//6597 9218//6597 9216//6597
f 9220//6598 9221//6598 9219//6598
f 9223//6599 9222//6599 9224//6599
f 9226//6600 9225//6600 9227//6600
f 9229//6601 9228//6601 9230//6601
f 9232//6602 9231//6602 9233//6602
f 9235//6603 9234//6603 9236//6603
f 9238//6604 9237//6604 9239//6604
f 9241//6605 9240//6605 9242//6605
f 9244//6606 9243//6606 9245//6606
f 9247//6607 9246//6607 9248//6607
f 9250//6608 9249//6608 9251//6608
f 9253//6609 9252//6609 9254//6609
f 9256//6610 9255//6610 9257//6610
f 9259//6611 9258//6611 9260//6611
f 9262//6612 9261//6612 9263//6612
f 9265//6613 9264//6613 9266//6613
f 9268//6614 9267//6614 9269//6614
f 9271//6615 9270//6615 9272//6615
f 9274//6616 9273//6616 9275//6616
f 9277//6617 9276//6617 9278//6617
f 9280//6618 9279//6618 9281//6618
f 9283//6619 9282//6619 9284//6619
f 9286//6620 9285//6620 9287//6620
f 9289//6621 9288//6621 9290//6621
f 9292//6622 9291//6622 9293//6622
f 9295//6623 9294//6623 9296//6623
f 9298//6624 9297//6624 9299//6624
f 9301//6625 9300//6625 9302//6625
f 9304//6626 9303//6626 9305//6626
f 9307//6627 9306//6627 9308//6627
f 9310//6628 9309//6628 9311//6628
f 9313//6629 9312//6629 9314//6629
f 9316//6630 9315//6630 9317//6630
f 9319//6631 9318//6631 9320//6631
f 9322//6632 9321//6632 9323//6632
f 9325//6633 9324//6633 9326//6633
f 9328//6634 9327//6634 9329//6634
f 9331//6635 9330//6635 9332//6635
f 9334//6636 9333//6636 9335//6636
f 9337//6637 9336//6637 9338//6637
f 9340//6638 9339//6638 9341//6638
f 9343//6639 9342//6639 9344//6639
f 9346//6640 9345//6640 9347//6640
f 9349//6641 9348//6641 9350//6641
f 9352//6642 9351//6642 9353//6642
f 9355//6643 9354//6643 9356//6643
f 9358//6644 9357//6644 9359//6644
f 9361//6645 9360//6645 9362//6645
f 9364//6646 9363//6646 9365//6646
f 9367//6647 9366//6647 9368//6647
f 9370//6648 9369//6648 9371//6648
f 9373//6649 9372//6649 9374//6649
f 9376//6650 9375//6650 9377//6650
f 9379//6651 9378//6651 9380//6651
f 9382//6652 9381//6652 9383//6652
f 9385//6653 9384//6653 9386//6653
f 9388//6654 9387//6654 9389//6654
f 9391//6655 9390//6655 9392//6655
f 9394//6656 9393//6656 9395//6656
f 9397//6657 9396//6657 9398//6657
f 9400//6658 9399//6658 9401//6658
f 9403//6659 9402//6659 9404//6659
f 9406//6660 9405//6660 9407//6660
f 9409//6661 9408//6661 9410//6661
f 9412//6662 9411//6662 9413//6662
f 9415//6663 9414//6663 9416//6663
f 9418//6664 9417//6664 9419//6664
f 9421//6665 9420//6665 9422//6665
f 9424//6666 9423//6666 9425//6666
f 9427//6667 9426//6667 9428//6667
f 9430//6668 9429//6668 9431//6668
f 9433//6669 9432//6669 9434//6669
f 9436//6670 9435//6670 9437//6670
f 9453//6671 9454//6671 9452//6671
f 9458//6672 9459//6673 9460//6674
f 9461//6675 9458//6672 9460//6674
f 9461//6675 9460//6674 9462//6676
f 9462//6676 9463//6677 9464//6678
f 9462//6676 9464//6678 9461//6675
f 9459//6673 9464//6678 9463//6677
f 9459//6673 9463//6677 9460//6674
f 9465//6679 9466//6680 9467//6681
f 9465//6679 9468//6682 9469//6683
f 9465//6679 9469//6683 9466//6680
f 9468//6682 9470//6684 9471//6685
f 9468//6682 9471//6685 9469//6683
f 9467//6681 9471//6685 9470//6684
f 9467//6681 9470//6684 9465//6679
f 9472//6686 9473//6687 9474//6688
f 9472//6686 9474//6688 9475//6689
f 9472//6686 9475//6689 9476//6682
f 9476//6682 9475//6689 9477//6690
f 9476//6682 9477//6690 9478//6691
f 9473//6687 9472//6686 9478//6691
f 9473//6687 9478//6691 9477//6690
f 9479//6692 9480//6693 9481//6694
f 9479//6692 9481//6694 9482//6695
f 9479//6692 9482//6695 9483//6676
f 9483//6676 9482//6695 9484//6696
f 9483//6676 9484//6696 9485//6697
f 9480//6693 9479//6692 9485//6697
f 9480//6693 9485//6697 9484//6696
f 9477//6690 9464//6698 9459//6699
f 9477//6690 9459//6699 9473//6700
f 9461//6701 9475//6702 9486//6703
f 9461//6701 9486//6703 9487//6704
f 9482//6705 9488//6706 9486//6707
f 9482//6705 9486//6707 9475//6708
f 9474//6709 9481//6710 9480//6711
f 9474//6709 9480//6711 9473//6712
f 9484//6696 9471//6685 9467//6713
f 9484//6696 9467//6713 9480//6711
f 9469//6714 9482//6705 9488//6706
f 9469//6714 9488//6706 9489//6715
f 9469//6716 9461//6717 9487//6704
f 9469//6716 9487//6704 9489//6715
f 9458//6718 9466//6719 9467//6713
f 9458//6718 9467//6713 9459//6720
f 9475//6702 9486//6721 9473//6700
f 9475//6702 9473//6700 9474//6722
f 9466//6680 9469//6683 9489//6715
f 9466//6680 9489//6715 9467//6713
f 9487//6704 9486//6703 9473//6700
f 9487//6704 9473//6700 9459//6699
f 9473//6712 9480//6711 9488//6706
f 9473//6712 9488//6706 9486//6723
f 9489//6715 9488//6706 9480//6711
f 9489//6715 9480//6711 9467//6713
f 9459//6720 9467//6713 9489//6715
f 9459//6720 9489//6715 9487//6704
f 9484//6696 9480//6724 9488//6725
f 9484//6696 9488//6725 9482//6705
f 9482//6705 9488//6726 9480//6693
f 9482//6705 9480//6693 9481//6727
f 9477//6690 9473//6728 9486//6729
f 9477//6690 9486//6729 9475//6708
f 9471//6685 9467//6730 9489//6731
f 9471//6685 9489//6731 9469//6683
f 9464//6678 9459//6699 9487//6704
f 9464//6678 9487//6704 9461//6675
f 9459//6699 9458//6672 9461//6675
f 9459//6699 9461//6675 9487//6704
f 9491//6732 9492//6732 9493//6732
f 9490//6733 9495//6733 9494//6733
f 9496//6734 9497//6735 9498//6736
f 9496//6734 9498//6736 9499//6737
f 9500//6738 9501//6739 9502//6740
f 9503//6741 9504//6742 9505//6743
f 9503//6741 9505//6743 9506//6744
f 9507//6745 9508//6746 9509//6747
f 9507//6745 9509//6747 9510//6748
f 9503//6741 9507//6749 9510//6750
f 9503//6741 9510//6750 9504//6742
f 9508//6751 9506//6744 9505//6743
f 9508//6751 9505//6743 9509//6752
f 9511//6753 9512//6754 9513//6755
f 9511//6753 9513//6755 9514//6756
f 9515//6757 9516//6758 9517//6759
f 9515//6757 9517//6759 9518//6760
f 9519//6761 9520//6762 9521//6763
f 9519//6761 9521//6763 9522//6764
f 9515//6757 9518//6760 9520//6765
f 9515//6757 9520//6765 9519//6766
f 9522//6767 9521//6763 9517//6759
f 9522//6767 9517//6759 9516//6758
f 9502//6768 9523//6769 9500//6770
f 9500//6771 9511//6772 9514//6756
f 9500//6771 9514//6756 9502//6773
f 9524//6774 9525//6775 9526//6776
f 9527//6777 9528//6778 9529//6779
f 9527//6777 9529//6779 9530//6780
f 9500//6781 9501//6782 9512//6754
f 9500//6781 9512//6754 9511//6753
f 9502//6773 9514//6756 9513//6755
f 9502//6773 9513//6755 9501//6783
f 9507//6784 9519//6785 9520//6762
f 9507//6784 9520//6762 9510//6748
f 9508//6746 9509//6786 9521//6763
f 9508//6746 9521//6763 9522//6787
f 9508//6746 9522//6788 9530//6780
f 9508//6746 9530//6780 9527//6777
f 9528//6789 9529//6779 9519//6785
f 9528//6789 9519//6785 9507//6790
f 9507//6791 9519//6785 9522//6787
f 9507//6791 9522//6787 9508//6746
f 9510//6792 9520//6762 9521//6763
f 9510//6792 9521//6763 9509//6793
f 9526//6794 9520//6795 9510//6796
f 9509//6797 9521//6798 9525//6775
f 9509//6797 9525//6775 9524//6774
f 9511//6799 9523//6769 9514//6800
f 9500//6770 9523//6769 9511//6799
f 9548//6801 9549//6802 9550//6803
f 9548//6801 9550//6803 9551//6804
f 9552//6805 9553//6806 9554//6807
f 9549//6802 9555//6808 9556//6809
f 9549//6802 9556//6809 9550//6803
f 9555//6810 9556//6811 9554//6812
f 9555//6810 9554//6812 9552//6813
f 9553//6806 9548//6801 9551//6804
f 9553//6806 9551//6804 9554//6807
f 9557//6814 9558//6815 9550//6816
f 9559//6817 9560//6818 9561//6819
f 9549//6820 9548//6821 9560//6818
f 9549//6820 9560//6818 9562//6822
f 9553//6823 9552//6824 9563//6825
f 9553//6823 9563//6825 9564//6826
f 9555//6827 9549//6820 9562//6822
f 9555//6827 9562//6822 9563//6828
f 9552//6829 9563//6830 9555//6831
f 9548//6821 9553//6823 9564//6826
f 9548//6821 9564//6826 9560//6818
f 9561//6819 9560//6818 9564//6826
f 9561//6819 9564//6826 9565//6832
f 9565//6832 9564//6826 9563//6825
f 9565//6832 9563//6825 9566//6833
f 9567//6834 9556//6811 9550//6816
f 9567//6834 9550//6816 9558//6815
f 9568//6835 9554//6812 9556//6811
f 9568//6835 9556//6811 9567//6834
f 9566//6833 9563//6825 9560//6818
f 9566//6833 9560//6818 9559//6817
f 9557//6814 9550//6816 9554//6812
f 9557//6814 9554//6812 9568//6835
f 9548//6836 9549//6837 9569//6838
f 9552//6839 9553//6840 9570//6841
f 9552//6839 9570//6841 9571//6842
f 9549//6837 9555//6843 9571//6844
f 9549//6837 9571//6844 9569//6838
f 9555//6845 9571//6846 9552//6847
f 9553//6840 9548//6836 9569//6838
f 9553//6840 9569//6838 9570//6841
f 9565//6848 9572//6849 9573//6850
f 9565//6848 9573//6850 9561//6851
f 9561//6851 9573//6850 9559//6852
f 9566//6853 9574//6854 9572//6849
f 9566//6853 9572//6849 9565//6848
f 9558//6855 9575//6856 9576//6857
f 9558//6855 9576//6857 9567//6858
f 9557//6859 9577//6860 9575//6856
f 9557//6859 9575//6856 9558//6855
f 9567//6858 9576//6857 9568//6861
f 9559//6852 9573//6850 9574//6854
f 9559//6852 9574//6854 9566//6853
f 9568//6861 9576//6857 9577//6860
f 9568//6861 9577//6860 9557//6859
f 9578//6862 9579//6863 9580//6864
f 9578//6862 9580//6864 9581//6865
f 9582//6866 9583//6867 9584//6868
f 9582//6866 9584//6868 9585//6869
f 9583//6867 9586//6870 9587//6871
f 9583//6867 9587//6871 9584//6868
f 9585//6869 9587//6871 9586//6870
f 9585//6869 9586//6870 9582//6866
f 9588//6872 9589//6873 9555//6874
f 9588//6872 9555//6874 9549//6875
f 9625//6876 9548//6877 9553//6878
f 9625//6876 9553//6878 9590//6879
f 9549//6875 9548//6877 9625//6876
f 9549//6875 9625//6876 9588//6872
f 9591//6880 9589//6881 9558//6882
f 9591//6880 9558//6882 9567//6883
f 9592//6884 9565//6885 9561//6886
f 9592//6884 9561//6886 9593//6887
f 9594//6888 9566//6889 9565//6885
f 9594//6888 9565//6885 9592//6884
f 9568//6890 9594//6888 9591//6880
f 9568//6890 9591//6880 9567//6883
f 9566//6889 9568//6890 9557//6891
f 9566//6889 9557//6891 9559//6892
f 9589//6881 9593//6887 9559//6892
f 9589//6881 9559//6892 9557//6891
f 9594//6888 9593//6887 9589//6881
f 9566//6889 9594//6888 9568//6890
f 9593//6887 9561//6886 9553//6893
f 9593//6887 9553//6893 9590//6894
f 9558//6882 9589//6881 9555//6895
f 9590//6894 9589//6881 9557//6891
f 9590//6894 9557//6891 9552//6896
f 9552//6896 9559//6892 9593//6887
f 9552//6896 9593//6887 9590//6894
f 9555//6895 9552//6896 9557//6891
f 9555//6895 9557//6891 9558//6882
f 9561//6886 9559//6892 9552//6896
f 9561//6886 9552//6896 9553//6893
f 9595//6897 9596//6898 9597//6899
f 9595//6897 9597//6899 9598//6900
f 9599//6901 9600//6902 9601//6903
f 9625//6876 9600//6902 9599//6901
f 9598//6900 9597//6899 9625//6876
f 9580//6864 9579//6863 9592//6884
f 9580//6864 9592//6884 9602//6904
f 9580//6864 9602//6904 9603//6905
f 9579//6863 9604//6906 9592//6884
f 9633//6907 9605//6908 9591//6880
f 9606//6909 9633//6907 9591//6880
f 9606//6909 9591//6880 9607//6910
f 9604//6906 9580//6864 9603//6905
f 9604//6906 9603//6905 9592//6884
f 9601//6911 9598//6912 9597//6913
f 9601//6911 9597//6913 9600//6914
f 9604//6906 9606//6909 9607//6910
f 9604//6906 9607//6910 9605//6908
f 9608//6915 9595//6897 9598//6900
f 9625//6876 9599//6901 9609//6916
f 9598//6900 9625//6876 9608//6915
f 9633//6907 9610//6917 9605//6908
f 9610//6917 9611//6918 9580//6864
f 9610//6917 9580//6864 9604//6906
f 9606//6909 9578//6862 9611//6918
f 9606//6909 9611//6918 9610//6917
f 9604//6906 9578//6862 9606//6909
f 9581//6865 9580//6864 9599//6919
f 9581//6865 9599//6919 9609//6920
f 9605//6908 9610//6917 9595//6921
f 9595//6921 9610//6917 9609//6920
f 9581//6865 9609//6920 9611//6918
f 9609//6920 9610//6917 9604//6906
f 9609//6920 9604//6906 9601//6922
f 9601//6922 9580//6864 9611//6918
f 9601//6922 9611//6918 9609//6920
f 9595//6921 9601//6922 9604//6906
f 9595//6921 9604//6906 9605//6908
f 9580//6864 9601//6922 9599//6919
f 9596//6898 9589//6873 9588//6872
f 9596//6898 9588//6872 9612//6923
f 9613//6924 9590//6879 9614//6925
f 9625//6876 9590//6879 9613//6924
f 9612//6923 9588//6872 9625//6876
f 9602//6904 9592//6884 9593//6887
f 9615//6926 9602//6904 9593//6887
f 9592//6884 9615//6926 9594//6888
f 9591//6880 9616//6927 9589//6881
f 9616//6927 9617//6928 9589//6881
f 9607//6910 9591//6880 9594//6888
f 9615//6926 9593//6887 9594//6888
f 9614//6929 9612//6912 9588//6913
f 9614//6929 9588//6913 9590//6930
f 9617//6928 9607//6910 9594//6888
f 9617//6928 9594//6888 9589//6881
f 9597//6899 9596//6898 9612//6923
f 9625//6876 9613//6924 9600//6902
f 9612//6923 9625//6876 9597//6899
f 9591//6880 9605//6908 9616//6927
f 9615//6926 9607//6910 9617//6928
f 9605//6908 9603//6905 9615//6926
f 9605//6908 9615//6926 9617//6928
f 9607//6910 9592//6884 9603//6905
f 9607//6910 9603//6905 9605//6908
f 9615//6926 9592//6884 9607//6910
f 9602//6931 9600//6902 9613//6924
f 9616//6932 9596//6933 9605//6934
f 9596//6935 9605//6908 9600//6936
f 9602//6904 9600//6936 9603//6905
f 9600//6936 9605//6908 9617//6928
f 9600//6936 9617//6928 9614//6937
f 9614//6937 9615//6926 9603//6905
f 9614//6937 9603//6905 9600//6936
f 9596//6933 9616//6932 9617//6938
f 9596//6933 9617//6938 9614//6939
f 9602//6931 9613//6924 9614//6925
f 9602//6931 9614//6925 9615//6940
f 9618//6941 9619//6942 9620//6943
f 9618//6941 9620//6943 9621//6944
f 9622//6945 9623//6946 9624//6947
f 9625//6876 9623//6946 9622//6945
f 9621//6944 9620//6943 9625//6876
f 9626//6948 9627//6949 9628//6950
f 9626//6948 9628//6950 9629//6951
f 9631//6952 9632//6953 9633//6907
f 9634//6954 9631//6952 9633//6907
f 9634//6954 9633//6907 9635//6955
f 9630//6956 9626//6948 9629//6951
f 9630//6956 9629//6951 9627//6949
f 9624//6957 9621//6912 9620//6913
f 9624//6957 9620//6913 9623//6958
f 9630//6956 9634//6954 9635//6955
f 9630//6956 9635//6955 9632//6953
f 9636//6959 9618//6941 9621//6944
f 9625//6876 9622//6945 9637//6960
f 9621//6944 9625//6876 9636//6959
f 9631//6952 9626//6948 9632//6953
f 9627//6949 9626//6948 9638//6961
f 9634//6954 9630//6956 9639//6962
f 9634//6954 9639//6962 9626//6948
f 9638//6961 9626//6948 9622//6963
f 9638//6961 9622//6963 9637//6964
f 9632//6953 9626//6948 9618//6965
f 9618//6965 9626//6948 9637//6964
f 9638//6961 9637//6964 9639//6962
f 9637//6964 9626//6948 9630//6956
f 9637//6964 9630//6956 9624//6966
f 9624//6966 9626//6948 9639//6962
f 9624//6966 9639//6962 9637//6964
f 9618//6965 9624//6966 9630//6956
f 9618//6965 9630//6956 9632//6953
f 9626//6948 9624//6966 9622//6963
f 9640//6967 9618//6941 9636//6959
f 9640//6967 9636//6959 9641//6968
f 9642//6969 9637//6960 9643//6970
f 9625//6876 9637//6960 9642//6969
f 9641//6968 9636//6959 9625//6876
f 9644//6971 9645//6972 9627//6949
f 9644//6971 9627//6949 9638//6961
f 9644//6971 9638//6961 9639//6962
f 9645//6972 9646//6973 9630//6956
f 9645//6972 9630//6956 9627//6949
f 9631//6952 9647//6974 9626//6948
f 9647//6974 9648//6975 9626//6948
f 9646//6973 9631//6952 9634//6954
f 9646//6973 9644//6971 9639//6962
f 9646//6973 9639//6962 9630//6956
f 9643//6970 9637//6960 9636//6976
f 9643//6970 9636//6976 9641//6977
f 9648//6975 9646//6973 9634//6954
f 9648//6975 9634//6954 9626//6948
f 9649//6978 9640//6967 9641//6968
f 9625//6876 9642//6969 9650//6979
f 9641//6968 9625//6876 9649//6978
f 9631//6952 9651//6980 9647//6974
f 9645//6972 9644//6971 9652//6981
f 9646//6973 9648//6975 9644//6971
f 9651//6980 9653//6982 9644//6971
f 9651//6980 9644//6971 9648//6975
f 9646//6973 9653//6982 9651//6980
f 9652//6981 9644//6971 9642//6983
f 9652//6981 9642//6983 9650//6984
f 9647//6974 9651//6980 9640//6985
f 9640//6985 9651//6980 9650//6984
f 9652//6981 9650//6984 9653//6982
f 9650//6984 9651//6980 9648//6975
f 9650//6984 9648//6975 9643//6986
f 9643//6986 9644//6971 9653//6982
f 9643//6986 9653//6982 9650//6984
f 9640//6985 9643//6986 9648//6975
f 9640//6985 9648//6975 9647//6974
f 9644//6971 9643//6986 9642//6983
f 9619//6942 9654//6987 9655//6988
f 9619//6942 9655//6988 9656//6989
f 9657//6990 9658//6991 9659//6992
f 9625//6876 9658//6991 9657//6990
f 9656//6989 9655//6988 9625//6876
f 9628//6950 9627//6949 9578//6862
f 9628//6950 9578//6862 9660//6993
f 9661//6994 9628//6950 9660//6993
f 9661//6994 9660//6993 9662//6995
f 9627//6949 9663//6996 9578//6862
f 9633//6907 9664//6997 9665//6998
f 9664//6997 9666//6999 9665//6998
f 9635//6955 9633//6907 9662//6995
f 9627//6949 9661//6994 9662//6995
f 9627//6949 9662//6995 9663//6996
f 9659//7000 9656//6912 9655//7001
f 9659//7000 9655//7001 9658//7002
f 9666//6999 9635//6955 9662//6995
f 9666//6999 9662//6995 9665//6998
f 9620//6943 9619//6942 9656//6989
f 9625//6876 9657//6990 9623//6946
f 9656//6989 9625//6876 9620//6943
f 9633//6907 9632//6953 9664//6997
f 9627//6949 9635//6955 9666//6999
f 9627//6949 9666//6999 9661//6994
f 9632//6953 9629//6951 9661//6994
f 9632//6953 9661//6994 9666//6999
f 9635//6955 9627//6949 9629//6951
f 9635//6955 9629//6951 9632//6953
f 9628//7003 9623//6946 9657//6990
f 9664//7004 9619//7005 9632//7006
f 9619//6935 9632//6953 9623//7007
f 9628//6950 9623//7007 9629//6951
f 9623//7007 9632//6953 9666//6999
f 9623//7007 9666//6999 9659//7008
f 9659//7008 9661//6994 9629//6951
f 9659//7008 9629//6951 9623//7007
f 9619//7005 9664//7004 9666//7009
f 9619//7005 9666//7009 9659//7010
f 9628//7003 9657//6990 9659//6992
f 9628//7003 9659//6992 9661//7011
f 9654//6987 9595//6897 9608//6915
f 9654//6987 9608//6915 9667//7012
f 9625//6876 9609//6916 9668//7013
f 9667//7012 9608//6915 9625//6876
f 9665//6998 9578//6862 9581//6865
f 9665//6998 9581//6865 9611//6918
f 9633//6907 9654//7014 9610//6917
f 9654//7014 9669//7015 9610//6917
f 9669//7015 9633//6907 9606//6909
f 9663//6996 9665//6998 9611//6918
f 9663//6996 9611//6918 9578//6862
f 9668//7000 9667//6912 9608//6913
f 9668//7000 9608//6913 9609//7016
f 9669//7015 9606//6909 9610//6917
f 9655//6988 9654//6987 9667//7012
f 9667//7012 9625//6876 9655//6988
f 9633//6907 9665//6998 9654//7014
f 9578//6862 9665//6998 9660//6993
f 9669//7015 9662//6995 9633//6907
f 9663//6996 9669//7015 9665//6998
f 9663//6996 9662//6995 9669//7015
f 9660//7017 9658//6991 9625//6876
f 9660//7017 9625//6876 9665//7018
f 9654//7014 9665//6998 9658//7019
f 9660//6993 9658//7019 9662//6995
f 9658//7019 9665//6998 9669//7015
f 9658//7019 9669//7015 9668//7020
f 9668//7020 9665//6998 9662//6995
f 9668//7020 9662//6995 9658//7019
f 9654//7021 9669//7022 9668//7023
f 9665//7018 9625//6876 9668//7013
f 9670//7024 9517//6759 9649//7025
f 9670//7024 9649//7025 9640//7026
f 9521//6798 9625//6876 9650//6979
f 9521//6798 9650//6979 9525//6775
f 9517//7027 9649//6978 9625//6876
f 9517//7027 9625//6876 9521//6798
f 9671//7028 9645//6972 9652//6981
f 9671//7028 9652//6981 9653//6982
f 9645//6972 9582//6866 9646//6973
f 9631//6952 9672//7029 9651//6980
f 9672//7029 9673//7030 9651//6980
f 9582//6866 9671//7028 9653//6982
f 9582//6866 9653//6982 9646//6973
f 9525//6775 9650//6979 9649//7031
f 9525//6775 9649//7031 9517//7032
f 9673//7030 9631//6952 9646//6973
f 9673//7030 9646//6973 9651//6980
f 9518//6760 9517//6759 9670//7024
f 9631//6952 9674//7033 9672//7029
f 9582//6866 9631//6952 9673//7030
f 9582//6866 9673//7030 9671//7028
f 9674//7033 9586//6870 9671//7028
f 9674//7033 9671//7028 9673//7030
f 9675//7034 9582//6866 9586//6870
f 9675//7034 9586//6870 9674//7033
f 9582//6866 9675//7034 9631//6952
f 9583//7035 9526//6776 9525//6775
f 9583//7035 9525//6775 9671//7036
f 9672//7029 9674//7033 9518//6760
f 9672//7029 9518//6760 9670//7024
f 9583//7035 9586//7037 9518//7038
f 9583//7035 9518//7038 9526//6776
f 9518//6760 9674//7033 9673//7030
f 9518//6760 9673//7030 9525//7039
f 9525//7039 9671//7028 9586//6870
f 9525//7039 9586//6870 9518//6760
f 9670//7024 9525//7039 9673//7030
f 9670//7024 9673//7030 9672//7029
f 9676//7040 9677//7041 9674//7033
f 9676//7040 9674//7033 9631//6952
f 9678//7042 9676//7040 9631//6952
f 9678//7042 9631//6952 9675//7034
f 9677//7041 9678//7042 9675//7034
f 9677//7041 9675//7034 9674//7033
f 9679//7043 9680//7044 9681//7045
f 9584//7046 9680//7044 9679//7043
f 9679//7043 9681//7045 9584//7046
f 9682//7047 9683//7048 9684//7049
f 9682//7047 9684//7049 9685//7050
f 9686//7051 9684//7049 9683//7048
f 9686//7051 9683//7048 9687//7052
f 9687//7052 9682//7047 9685//7050
f 9687//7052 9685//7050 9686//7051
f 9688//7053 9689//7054 9690//7055
f 9691//7056 9692//7057 9693//7058
f 9690//7055 9689//7054 9694//7059
f 9694//7059 9688//7053 9690//7055
f 9695//7060 9692//7057 9691//7056
f 9691//7056 9693//7058 9695//7060
f 9699//7061 9700//7062 9701//7063
f 9702//7064 9703//7065 9704//7066
f 9701//7063 9700//7062 9705//7067
f 9705//7067 9699//7061 9701//7063
f 9706//7060 9703//7065 9702//7064
f 9702//7064 9704//7066 9706//7060
f 9710//7068 9711//7069 9712//7070
f 9713//7071 9714//7072 9715//7073
f 9712//7070 9711//7069 9716//7074
f 9716//7074 9710//7068 9712//7070
f 9717//7075 9714//7072 9713//7071
f 9713//7071 9715//7073 9717//7075
f 9721//7076 9722//7077 9723//7078
f 9724//7079 9725//7080 9726//7081
f 9723//7078 9722//7077 9727//7082
f 9727//7082 9721//7076 9723//7078
f 9728//7083 9724//7079 9726//7081
f 9724//7079 9728//7083 9725//7080
f 9732//7084 9733//7085 9734//7086
f 9735//7087 9736//7088 9737//7089
f 9596//7090 9591//7091 9734//7092
f 9591//7091 9596//7090 9733//7085
f 9591//7091 9733//7085 9732//7084
f 9602//7093 9736//7088 9735//7087
f 9735//7087 9737//7089 9602//7093
f 9741//7094 9742//7095 9743//7096
f 9744//7097 9745//7098 9746//7099
f 9743//7096 9742//7095 9747//7100
f 9747//7100 9741//7094 9743//7096
f 9748//7101 9744//7097 9746//7099
f 9744//7097 9748//7101 9745//7098
f 9752//7102 9753//7103 9754//7104
f 9755//7105 9756//7106 9757//7107
f 9619//7108 9753//7109 9633//7110
f 9633//7110 9752//7102 9754//7104
f 9633//7110 9754//7104 9619//7108
f 9628//7111 9756//7106 9755//7105
f 9755//7105 9757//7107 9628//7111
f 9763//7112 9764//7113 9765//7114
f 9763//7112 9765//7114 9766//7115
f 9767//7116 9768//7117 9769//7118
f 9764//7113 9770//7119 9771//7120
f 9764//7113 9771//7120 9765//7114
f 9770//7119 9767//7116 9769//7118
f 9770//7119 9769//7118 9771//7120
f 9768//7117 9763//7112 9766//7115
f 9768//7117 9766//7115 9769//7118
f 9772//7121 9765//7114 9773//7122
f 9774//7123 9775//7124 9776//7125
f 9764//7126 9763//7127 9776//7128
f 9764//7126 9776//7128 9777//7129
f 9768//7130 9767//7131 9778//7132
f 9768//7130 9778//7132 9779//7133
f 9770//7134 9764//7126 9777//7129
f 9770//7134 9777//7129 9778//7132
f 9767//7131 9770//7134 9778//7132
f 9763//7127 9768//7130 9779//7133
f 9763//7127 9779//7133 9776//7128
f 9775//7124 9780//7135 9779//7136
f 9775//7124 9779//7136 9776//7125
f 9780//7135 9781//7137 9778//7138
f 9780//7135 9778//7138 9779//7136
f 9782//7139 9773//7122 9765//7114
f 9782//7139 9765//7114 9771//7120
f 9783//7140 9782//7139 9771//7120
f 9783//7140 9771//7120 9769//7118
f 9781//7137 9774//7123 9776//7125
f 9781//7137 9776//7125 9778//7138
f 9772//7121 9783//7140 9769//7118
f 9772//7121 9769//7118 9765//7114
f 9763//7141 9764//7142 9784//7143
f 9767//7144 9768//7145 9785//7146
f 9767//7144 9785//7146 9786//7147
f 9764//7142 9770//7148 9786//7147
f 9764//7142 9786//7147 9784//7143
f 9770//7148 9767//7144 9786//7147
f 9768//7145 9763//7141 9784//7143
f 9768//7145 9784//7143 9785//7146
f 9780//7149 9775//7150 9787//7151
f 9780//7149 9787//7151 9788//7152
f 9775//7150 9774//7153 9787//7151
f 9781//7154 9780//7149 9788//7152
f 9781//7154 9788//7152 9789//7155
f 9773//7156 9782//7157 9790//7158
f 9773//7156 9790//7158 9791//7159
f 9772//7160 9773//7156 9791//7159
f 9782//7157 9783//7161 9792//7162
f 9782//7157 9792//7162 9790//7158
f 9774//7153 9781//7154 9789//7155
f 9774//7153 9789//7155 9787//7151
f 9783//7161 9772//7160 9791//7159
f 9783//7161 9791//7159 9792//7162
f 9793//7163 9794//7164 9795//7165
f 9793//7163 9795//7165 9796//7166
f 9858//7167 9797//7168 9798//7169
f 9797//7168 9799//7170 9800//7171
f 9797//7168 9800//7171 9798//7169
f 9858//7172 9799//7173 9800//7174
f 9801//7175 9802//7176 9770//7177
f 9801//7175 9770//7177 9764//7178
f 9814//7179 9763//7180 9768//7181
f 9814//7179 9768//7181 9803//7182
f 9764//7178 9763//7180 9814//7179
f 9764//7178 9814//7179 9801//7175
f 9818//7183 9782//7157 9773//7184
f 9818//7183 9773//7184 9802//7176
f 9804//7185 9805//7186 9775//7187
f 9804//7185 9775//7187 9780//7188
f 9806//7189 9804//7185 9780//7188
f 9806//7189 9780//7188 9781//7190
f 9783//7191 9782//7157 9818//7183
f 9783//7191 9818//7183 9806//7189
f 9781//7190 9774//7192 9772//7193
f 9781//7190 9772//7193 9783//7191
f 9802//7176 9772//7193 9774//7192
f 9802//7176 9774//7192 9805//7186
f 9806//7189 9802//7176 9805//7186
f 9781//7190 9783//7191 9806//7189
f 9805//7186 9803//7182 9768//7181
f 9805//7186 9768//7181 9775//7187
f 9773//7184 9770//7177 9802//7176
f 9803//7182 9767//7194 9772//7193
f 9803//7182 9772//7193 9802//7176
f 9767//7194 9803//7182 9805//7186
f 9767//7194 9805//7186 9774//7192
f 9770//7177 9773//7184 9772//7193
f 9770//7177 9772//7193 9767//7194
f 9775//7187 9768//7181 9767//7194
f 9775//7187 9767//7194 9774//7192
f 9807//7195 9808//7196 9809//7197
f 9807//7195 9809//7197 9810//7198
f 9811//7199 9812//7200 9813//7201
f 9814//7179 9812//7200 9811//7199
f 9810//7198 9809//7197 9814//7179
f 9795//7165 9815//7202 9804//7185
f 9795//7165 9804//7185 9796//7166
f 9795//7165 9816//7203 9815//7202
f 9796//7166 9804//7185 9817//7204
f 9820//7205 9821//7206 9818//7183
f 9817//7204 9804//7185 9816//7203
f 9817//7204 9816//7203 9795//7165
f 9813//7207 9810//7208 9809//7209
f 9813//7207 9809//7209 9812//7210
f 9817//7204 9819//7211 9821//7206
f 9817//7204 9821//7206 9820//7205
f 9822//7212 9807//7195 9810//7198
f 9814//7179 9811//7199 9823//7213
f 9810//7198 9814//7179 9822//7212
f 9818//7183 9819//7211 9824//7214
f 9824//7214 9817//7204 9795//7165
f 9824//7214 9795//7165 9825//7215
f 9820//7205 9824//7214 9825//7215
f 9820//7205 9825//7215 9793//7163
f 9817//7204 9820//7205 9793//7163
f 9794//7164 9823//7213 9811//7199
f 9794//7164 9811//7199 9795//7165
f 9819//7211 9807//7216 9824//7214
f 9807//7216 9823//7213 9824//7214
f 9794//7164 9825//7215 9823//7213
f 9823//7213 9813//7201 9817//7204
f 9823//7213 9817//7204 9824//7214
f 9813//7201 9823//7213 9825//7215
f 9813//7201 9825//7215 9795//7165
f 9807//7216 9819//7211 9817//7204
f 9807//7216 9817//7204 9813//7201
f 9795//7165 9811//7199 9813//7201
f 9808//7196 9802//7176 9801//7175
f 9808//7196 9801//7175 9826//7217
f 9827//7218 9803//7182 9828//7219
f 9814//7179 9803//7182 9827//7218
f 9826//7217 9801//7175 9814//7179
f 9815//7202 9805//7186 9804//7185
f 9829//7220 9805//7186 9815//7202
f 9804//7185 9806//7189 9829//7220
f 9818//7183 9802//7176 9830//7221
f 9830//7221 9802//7176 9831//7222
f 9821//7206 9806//7189 9818//7183
f 9829//7220 9806//7189 9805//7186
f 9828//7223 9826//7208 9801//7209
f 9828//7223 9801//7209 9803//7210
f 9831//7222 9802//7176 9806//7189
f 9831//7222 9806//7189 9821//7206
f 9809//7197 9808//7196 9826//7217
f 9814//7179 9827//7218 9812//7200
f 9826//7217 9814//7179 9809//7197
f 9818//7183 9830//7221 9819//7211
f 9829//7220 9831//7222 9821//7206
f 9819//7211 9831//7222 9829//7220
f 9819//7211 9829//7220 9816//7203
f 9821//7206 9819//7211 9816//7203
f 9821//7206 9816//7203 9804//7185
f 9829//7220 9821//7206 9804//7185
f 9815//7202 9812//7200 9827//7218
f 9830//7221 9808//7224 9819//7211
f 9808//7224 9812//7200 9819//7211
f 9815//7202 9816//7203 9812//7200
f 9812//7200 9828//7219 9831//7222
f 9812//7200 9831//7222 9819//7211
f 9828//7219 9812//7200 9816//7203
f 9828//7219 9816//7203 9829//7220
f 9808//7224 9830//7221 9831//7222
f 9808//7224 9831//7222 9828//7219
f 9815//7202 9827//7218 9828//7219
f 9815//7202 9828//7219 9829//7220
f 9832//7225 9833//7226 9834//7227
f 9832//7225 9834//7227 9835//7228
f 9836//7229 9837//7230 9838//7231
f 9814//7179 9837//7230 9836//7229
f 9835//7228 9834//7227 9814//7179
f 9839//7232 9840//7233 9841//7234
f 9839//7232 9842//7235 9840//7233
f 9844//7236 9845//7237 9846//7238
f 9847//7239 9848//7240 9845//7237
f 9847//7239 9845//7237 9844//7236
f 9843//7241 9841//7234 9842//7235
f 9843//7241 9842//7235 9839//7232
f 9838//7242 9835//7208 9834//7209
f 9838//7242 9834//7209 9837//7243
f 9843//7241 9846//7238 9848//7240
f 9843//7241 9848//7240 9847//7239
f 9849//7244 9832//7225 9835//7228
f 9814//7179 9836//7229 9850//7245
f 9835//7228 9814//7179 9849//7244
f 9844//7236 9846//7238 9839//7232
f 9841//7234 9851//7246 9839//7232
f 9847//7239 9839//7232 9852//7247
f 9847//7239 9852//7247 9843//7241
f 9851//7246 9850//7245 9836//7229
f 9851//7246 9836//7229 9839//7232
f 9846//7238 9832//7248 9839//7232
f 9832//7248 9850//7245 9839//7232
f 9851//7246 9852//7247 9850//7245
f 9850//7245 9838//7231 9843//7241
f 9850//7245 9843//7241 9839//7232
f 9838//7231 9850//7245 9852//7247
f 9838//7231 9852//7247 9839//7232
f 9832//7248 9846//7238 9843//7241
f 9832//7248 9843//7241 9838//7231
f 9839//7232 9836//7229 9838//7231
f 9853//7249 9832//7225 9849//7244
f 9853//7249 9849//7244 9854//7250
f 9855//7251 9850//7245 9856//7252
f 9814//7179 9850//7245 9855//7251
f 9854//7250 9849//7244 9814//7179
f 9857//7253 9851//7246 9841//7234
f 9857//7253 9841//7234 9858//7172
f 9857//7253 9852//7247 9851//7246
f 9858//7172 9841//7234 9843//7241
f 9858//7172 9843//7241 9859//7254
f 9844//7236 9839//7232 9860//7255
f 9860//7255 9839//7232 9861//7256
f 9859//7254 9847//7239 9844//7236
f 9859//7254 9843//7241 9852//7247
f 9859//7254 9852//7247 9857//7253
f 9856//7257 9854//7208 9849//7209
f 9856//7257 9849//7209 9850//7258
f 9861//7256 9839//7232 9847//7239
f 9861//7256 9847//7239 9859//7254
f 9862//7259 9853//7249 9854//7250
f 9814//7179 9855//7251 9863//7260
f 9854//7250 9814//7179 9862//7259
f 9844//7236 9860//7255 9864//7261
f 9858//7172 9865//7262 9857//7253
f 9859//7254 9857//7253 9861//7256
f 9864//7261 9861//7256 9857//7253
f 9864//7261 9857//7253 9866//7263
f 9859//7254 9864//7261 9866//7263
f 9865//7264 9857//7265 9855//7266
f 9865//7264 9855//7266 9863//7267
f 9860//7255 9853//7268 9864//7261
f 9853//7268 9863//7269 9864//7261
f 9865//7264 9863//7267 9866//7270
f 9863//7269 9856//7252 9861//7256
f 9863//7269 9861//7256 9864//7261
f 9856//7252 9863//7269 9866//7263
f 9856//7252 9866//7263 9857//7253
f 9853//7268 9860//7255 9861//7256
f 9853//7268 9861//7256 9856//7252
f 9857//7253 9855//7251 9856//7252
f 9833//7226 9867//7271 9868//7272
f 9833//7226 9868//7272 9869//7273
f 9870//7274 9871//7275 9872//7219
f 9814//7179 9871//7275 9870//7274
f 9869//7273 9868//7272 9814//7179
f 9840//7233 9873//7276 9793//7163
f 9840//7233 9793//7163 9841//7234
f 9874//7277 9875//7278 9873//7276
f 9874//7277 9873//7276 9840//7233
f 9841//7234 9793//7163 9876//7279
f 9845//7237 9877//7280 9878//7281
f 9878//7281 9877//7280 9879//7282
f 9848//7240 9875//7278 9845//7237
f 9841//7234 9876//7279 9875//7278
f 9841//7234 9875//7278 9874//7277
f 9872//7283 9869//7208 9868//7209
f 9872//7283 9868//7209 9871//7210
f 9879//7282 9877//7280 9875//7278
f 9879//7282 9875//7278 9848//7240
f 9834//7227 9833//7226 9869//7273
f 9814//7179 9870//7274 9837//7230
f 9869//7273 9814//7179 9834//7227
f 9845//7237 9878//7281 9846//7238
f 9841//7234 9874//7277 9879//7282
f 9841//7234 9879//7282 9848//7240
f 9846//7238 9879//7282 9874//7277
f 9846//7238 9874//7277 9842//7235
f 9848//7240 9846//7238 9842//7235
f 9848//7240 9842//7235 9841//7234
f 9840//7233 9837//7230 9870//7274
f 9878//7281 9833//7284 9846//7238
f 9833//7284 9837//7230 9846//7238
f 9840//7233 9842//7235 9837//7230
f 9837//7230 9872//7219 9879//7282
f 9837//7230 9879//7282 9846//7238
f 9872//7219 9837//7230 9842//7235
f 9872//7219 9842//7235 9874//7277
f 9833//7284 9878//7281 9879//7282
f 9833//7284 9879//7282 9872//7219
f 9840//7233 9870//7274 9872//7219
f 9840//7233 9872//7219 9874//7277
f 9867//7271 9807//7195 9822//7212
f 9867//7271 9822//7212 9880//7285
f 9814//7179 9823//7213 9881//7286
f 9880//7285 9822//7212 9814//7179
f 9877//7280 9794//7164 9793//7163
f 9877//7280 9825//7215 9794//7164
f 9845//7237 9818//7183 9824//7214
f 9845//7237 9824//7214 9867//7287
f 9867//7287 9824//7214 9882//7288
f 9882//7288 9820//7205 9818//7183
f 9882//7288 9818//7183 9845//7237
f 9876//7279 9793//7163 9825//7215
f 9876//7279 9825//7215 9877//7280
f 9881//7289 9880//7208 9822//7209
f 9881//7289 9822//7209 9823//7210
f 9882//7288 9824//7214 9820//7205
f 9868//7272 9867//7271 9880//7285
f 9880//7285 9814//7179 9868//7272
f 9845//7237 9867//7287 9877//7280
f 9793//7163 9873//7276 9877//7280
f 9882//7288 9845//7237 9875//7278
f 9876//7279 9877//7280 9882//7288
f 9876//7279 9882//7288 9875//7278
f 9873//7276 9871//7275 9814//7179
f 9873//7276 9814//7179 9877//7280
f 9867//7287 9871//7275 9877//7280
f 9873//7276 9875//7278 9871//7275
f 9871//7275 9881//7286 9882//7288
f 9871//7275 9882//7288 9877//7280
f 9881//7286 9871//7275 9875//7278
f 9881//7286 9875//7278 9877//7280
f 9867//7287 9882//7288 9881//7286
f 9877//7280 9814//7179 9881//7286
f 9883//7290 9853//7249 9862//7259
f 9883//7290 9862//7259 9516//6758
f 9530//7291 9884//7292 9863//7293
f 9522//6767 9814//7179 9863//7260
f 9522//6767 9863//7260 9530//7294
f 9516//6758 9862//7259 9814//7179
f 9516//6758 9814//7179 9522//6767
f 9885//7295 9858//7167 9865//7264
f 9885//7295 9865//7264 9866//7270
f 9858//7172 9859//7254 9886//7296
f 9844//7236 9864//7261 9887//7297
f 9887//7297 9864//7261 9888//7298
f 9886//7296 9859//7254 9866//7263
f 9886//7296 9866//7263 9885//7299
f 9884//7300 9863//7301 9862//7302
f 9884//7300 9862//7302 9516//7303
f 9888//7298 9864//7261 9859//7254
f 9888//7298 9859//7254 9844//7236
f 9515//6757 9883//7290 9516//6758
f 9519//6785 9529//6779 9530//6780
f 9519//6785 9530//6780 9522//7304
f 9844//7236 9887//7297 9889//7305
f 9858//7167 9885//7295 9797//7168
f 9886//7296 9885//7299 9888//7298
f 9886//7296 9888//7298 9844//7236
f 9889//7305 9888//7298 9885//7299
f 9889//7305 9885//7299 9799//7173
f 9886//7296 9889//7305 9799//7173
f 9886//7296 9799//7173 9858//7172
f 9797//7168 9885//7295 9530//7291
f 9797//7168 9530//7291 9529//7306
f 9887//7297 9883//7290 9515//6757
f 9887//7297 9515//6757 9889//7305
f 9797//7168 9529//7306 9515//7307
f 9797//7168 9515//7307 9799//7170
f 9515//6757 9884//7308 9888//7298
f 9515//6757 9888//7298 9889//7305
f 9884//7292 9885//7295 9799//7170
f 9884//7292 9799//7170 9515//7307
f 9883//7290 9887//7297 9888//7298
f 9883//7290 9888//7298 9884//7308
f 9885//7295 9884//7292 9530//7291
f 9890//7309 9844//7236 9889//7305
f 9890//7309 9889//7305 9891//7310
f 9892//7311 9886//7296 9844//7236
f 9892//7311 9844//7236 9890//7309
f 9891//7310 9889//7305 9886//7296
f 9891//7310 9886//7296 9892//7311
f 9893//7312 9894//7313 9895//7314
f 9798//7315 9893//7312 9895//7314
f 9893//7312 9798//7315 9894//7313
f 9896//7316 9897//7317 9898//7318
f 9896//7316 9898//7318 9899//7319
f 9900//7320 9901//7321 9899//7319
f 9900//7320 9899//7319 9898//7318
f 9901//7321 9900//7320 9897//7317
f 9901//7321 9897//7317 9896//7316
f 9902//7322 9903//7323 9904//7324
f 9905//7325 9906//7326 9907//7327
f 9903//7323 9908//7328 9904//7324
f 9908//7328 9903//7323 9902//7322
f 9909//7329 9905//7325 9907//7327
f 9905//7325 9909//7329 9906//7326
f 9913//7330 9914//7331 9915//7332
f 9916//7333 9917//7334 9918//7335
f 9914//7331 9919//7336 9915//7332
f 9919//7336 9914//7331 9913//7330
f 9920//7337 9916//7333 9918//7335
f 9916//7333 9920//7337 9917//7334
f 9924//7338 9925//7339 9926//7340
f 9927//7341 9928//7342 9929//7343
f 9925//7339 9930//7344 9926//7340
f 9930//7344 9925//7339 9924//7338
f 9931//7345 9927//7341 9929//7343
f 9927//7341 9931//7345 9928//7342
f 9935//7346 9936//7347 9937//7348
f 9938//7349 9939//7350 9940//7351
f 9936//7347 9941//7352 9937//7348
f 9941//7352 9936//7347 9935//7346
f 9942//7353 9939//7350 9938//7349
f 9938//7349 9940//7351 9942//7353
f 9946//7354 9947//7355 9948//7356
f 9949//7357 9950//7358 9951//7359
f 9808//7360 9947//7361 9818//7362
f 9818//7362 9946//7354 9948//7356
f 9818//7362 9948//7356 9808//7360
f 9815//7363 9949//7357 9951//7359
f 9949//7357 9815//7363 9950//7358
f 9955//7364 9956//7365 9957//7366
f 9958//7367 9959//7368 9960//7369
f 9956//7365 9961//7370 9957//7366
f 9961//7370 9956//7365 9955//7364
f 9962//7371 9959//7368 9958//7367
f 9958//7367 9960//7369 9962//7371
f 9966//7372 9967//7373 9968//7374
f 9969//7375 9970//7376 9971//7377
f 9833//7378 9845//7379 9968//7380
f 9845//7379 9833//7378 9967//7373
f 9845//7379 9967//7373 9966//7372
f 9840//7381 9969//7375 9971//7377
f 9969//7375 9840//7381 9970//7376
f 9977//4 9976//4 9975//4
f 9977//4 9975//4 9976//4
f 9980//7382 9981//7383 9982//7384
f 9980//7382 9982//7384 9983//7385
f 9984//7386 9985//7387 9986//7388
f 9981//7389 9982//7390 9987//7391
f 9981//7389 9987//7391 9988//7392
f 9988//7392 9987//7391 9985//7387
f 9988//7392 9985//7387 9984//7386
f 9986//7393 9980//7382 9983//7385
f 9986//7393 9983//7385 9985//7394
f 9989//7395 9990//7396 9982//7390
f 9991//7397 9992//7398 9993//7399
f 9981//7400 9994//7401 9992//7402
f 9981//7400 9992//7402 9980//7403
f 9986//7404 9984//7405 9995//7406
f 9986//7404 9995//7406 9996//7407
f 9988//7408 9995//7409 9994//7401
f 9988//7408 9994//7401 9981//7400
f 9984//7410 9995//7409 9988//7408
f 9980//7411 9986//7404 9996//7407
f 9980//7411 9996//7407 9992//7398
f 9993//7399 9992//7398 9996//7407
f 9993//7399 9996//7407 9997//7412
f 9997//7412 9996//7407 9995//7406
f 9997//7412 9995//7406 9998//7413
f 9999//7414 9987//7391 9982//7390
f 9999//7414 9982//7390 9990//7396
f 10000//7415 9985//7387 9987//7391
f 10000//7415 9987//7391 9999//7414
f 9998//7413 9995//7406 9992//7398
f 9998//7413 9992//7398 9991//7397
f 9989//7395 9982//7390 9985//7387
f 9989//7395 9985//7387 10000//7415
f 9980//7416 10001//7417 9981//7418
f 9984//7386 10002//7419 10003//7420
f 9984//7386 10003//7420 9986//7421
f 9981//7418 10001//7417 10002//7419
f 9981//7418 10002//7419 9988//7422
f 9988//7422 10002//7419 9984//7386
f 9986//7421 10003//7420 10001//7417
f 9986//7421 10001//7417 9980//7416
f 9997//7423 10004//7424 10005//7425
f 9997//7423 10005//7425 9993//7426
f 9993//7426 10005//7425 9991//7427
f 9998//7428 10006//7429 10004//7424
f 9998//7428 10004//7424 9997//7423
f 9990//7430 10007//7431 10008//7432
f 9990//7430 10008//7432 9999//7433
f 9989//7434 10007//7431 9990//7430
f 9999//7433 10008//7432 10009//7435
f 9999//7433 10009//7435 10000//7436
f 9991//7427 10005//7425 10006//7429
f 9991//7427 10006//7429 9998//7428
f 10000//7436 10009//7435 10007//7431
f 10000//7436 10007//7431 9989//7434
f 10010//7437 10011//7438 10012//7439
f 10010//7437 10012//7439 10013//7440
f 10014//7441 10015//7442 10016//7443
f 10014//7441 10016//7443 10017//7444
f 10015//7442 10018//7445 10019//7446
f 10015//7442 10019//7446 10016//7443
f 10017//7444 10019//7446 10018//7445
f 10017//7444 10018//7445 10014//7441
f 10020//7447 9981//7448 9988//7449
f 10020//7447 9988//7449 10021//7450
f 10057//7451 10022//7452 9986//7453
f 10057//7451 9986//7453 9980//7454
f 9981//7448 10020//7447 10057//7451
f 9981//7448 10057//7451 9980//7454
f 10023//7455 10021//7450 9990//7456
f 10023//7455 9990//7456 9999//7457
f 10024//7458 9997//7459 9993//7460
f 10024//7458 9993//7460 10025//7461
f 10026//7462 9998//7463 9997//7459
f 10026//7462 9997//7459 10024//7458
f 10000//7464 10026//7462 10023//7455
f 10000//7464 10023//7455 9999//7457
f 9998//7463 10000//7464 9989//7465
f 9998//7463 9989//7465 9991//7466
f 10021//7450 10025//7461 9991//7466
f 10021//7450 9991//7466 9989//7465
f 10026//7462 10025//7461 10021//7450
f 9998//7463 10026//7462 10000//7464
f 10025//7461 9993//7460 9986//7453
f 10025//7461 9986//7453 10022//7452
f 9990//7456 10021//7450 9988//7449
f 10022//7452 10021//7450 9989//7465
f 10022//7452 9989//7465 9984//7467
f 9984//7467 9991//7466 10025//7461
f 9984//7467 10025//7461 10022//7452
f 9988//7449 9984//7467 9989//7465
f 9988//7449 9989//7465 9990//7456
f 9993//7460 9991//7466 9984//7467
f 9993//7460 9984//7467 9986//7453
f 10027//7468 10028//7469 10029//7470
f 10027//7468 10029//7470 10030//7471
f 10031//7472 10032//7473 10033//7474
f 10057//7451 10031//7472 10033//7474
f 10028//7469 10057//7451 10029//7470
f 10012//7439 10011//7438 10024//7458
f 10012//7439 10024//7458 10034//7475
f 10012//7439 10034//7475 10035//7476
f 10011//7438 10036//7477 10024//7458
f 10038//7478 10023//7455 10039//7479
f 10036//7477 10012//7439 10035//7476
f 10036//7477 10035//7476 10024//7458
f 10032//7473 10028//7480 10029//7481
f 10032//7473 10029//7481 10033//7474
f 10036//7477 10038//7478 10039//7479
f 10036//7477 10039//7479 10037//7482
f 10040//7483 10028//7469 10027//7468
f 10057//7451 10041//7484 10031//7472
f 10028//7469 10040//7483 10057//7451
f 10023//7455 10042//7485 10037//7482
f 10042//7485 10043//7486 10012//7439
f 10042//7485 10012//7439 10036//7477
f 10038//7478 10010//7437 10043//7486
f 10038//7478 10043//7486 10042//7485
f 10036//7477 10010//7437 10038//7478
f 10013//7440 10012//7439 10031//7472
f 10013//7440 10031//7472 10041//7484
f 10037//7482 10042//7485 10027//7487
f 10027//7487 10042//7485 10041//7484
f 10013//7440 10041//7484 10043//7486
f 10041//7484 10042//7485 10036//7477
f 10041//7484 10036//7477 10032//7473
f 10032//7473 10012//7439 10043//7486
f 10032//7473 10043//7486 10041//7484
f 10027//7487 10032//7473 10036//7477
f 10027//7487 10036//7477 10037//7482
f 10012//7439 10032//7473 10031//7472
f 10030//7471 10044//7488 10020//7447
f 10030//7471 10020//7447 10021//7450
f 10045//7489 10046//7490 10022//7452
f 10057//7451 10045//7489 10022//7452
f 10044//7488 10057//7451 10020//7447
f 10034//7475 10024//7458 10025//7461
f 10047//7491 10034//7475 10025//7461
f 10024//7458 10047//7491 10026//7462
f 10023//7455 10048//7492 10021//7450
f 10048//7492 10049//7493 10021//7450
f 10039//7479 10023//7455 10026//7462
f 10047//7491 10025//7461 10026//7462
f 10046//7490 10044//7494 10020//7495
f 10046//7490 10020//7495 10022//7452
f 10049//7493 10039//7479 10026//7462
f 10049//7493 10026//7462 10021//7450
f 10029//7470 10044//7488 10030//7471
f 10057//7451 10033//7474 10045//7489
f 10044//7488 10029//7470 10057//7451
f 10023//7455 10037//7482 10048//7492
f 10047//7491 10039//7479 10049//7493
f 10037//7482 10035//7476 10047//7491
f 10037//7482 10047//7491 10049//7493
f 10039//7479 10024//7458 10035//7476
f 10039//7479 10035//7476 10037//7482
f 10047//7491 10024//7458 10039//7479
f 10034//7475 10045//7489 10033//7474
f 10048//7492 10037//7482 10030//7496
f 10030//7496 10037//7482 10033//7474
f 10034//7475 10033//7474 10035//7476
f 10033//7474 10037//7482 10049//7493
f 10033//7474 10049//7493 10046//7490
f 10046//7490 10047//7491 10035//7476
f 10046//7490 10035//7476 10033//7474
f 10030//7496 10046//7490 10049//7493
f 10030//7496 10049//7493 10048//7492
f 10034//7475 10047//7491 10046//7490
f 10034//7475 10046//7490 10045//7489
f 10050//7497 10051//7498 10052//7499
f 10050//7497 10052//7499 10053//7500
f 10054//7501 10055//7502 10056//7503
f 10057//7451 10054//7501 10056//7503
f 10051//7498 10057//7451 10052//7499
f 10058//7504 10059//7505 10060//7506
f 10058//7504 10060//7506 10061//7507
f 10063//7508 10064//7509 10065//7510
f 10064//7509 10066//7511 10065//7510
f 10067//7512 10063//7508 10061//7507
f 10062//7513 10058//7504 10061//7507
f 10062//7513 10061//7507 10059//7505
f 10055//7514 10056//7515 10052//7516
f 10055//7514 10052//7516 10051//7517
f 10066//7511 10067//7512 10061//7507
f 10066//7511 10061//7507 10065//7510
f 10068//7518 10051//7498 10050//7497
f 10057//7451 10069//7519 10054//7501
f 10051//7498 10068//7518 10057//7451
f 10063//7508 10058//7504 10064//7509
f 10059//7505 10058//7504 10070//7520
f 10062//7513 10067//7512 10066//7511
f 10062//7513 10066//7511 10058//7504
f 10067//7512 10062//7513 10071//7521
f 10067//7512 10071//7521 10058//7504
f 10070//7520 10058//7504 10054//7501
f 10070//7520 10054//7501 10069//7519
f 10064//7509 10058//7504 10050//7522
f 10050//7522 10058//7504 10069//7519
f 10070//7520 10069//7519 10071//7521
f 10069//7519 10058//7504 10066//7511
f 10069//7519 10066//7511 10055//7502
f 10055//7502 10058//7504 10071//7521
f 10055//7502 10071//7521 10069//7519
f 10050//7522 10055//7502 10066//7511
f 10050//7522 10066//7511 10064//7509
f 10058//7504 10055//7502 10054//7501
f 10072//7523 10073//7524 10068//7518
f 10072//7523 10068//7518 10050//7497
f 10074//7525 10075//7526 10069//7519
f 10057//7451 10074//7525 10069//7519
f 10073//7524 10057//7451 10068//7518
f 10076//7527 10077//7528 10059//7505
f 10076//7527 10059//7505 10070//7520
f 10076//7527 10070//7520 10071//7521
f 10077//7528 10078//7529 10062//7513
f 10077//7528 10062//7513 10059//7505
f 10079//7530 10080//7531 10058//7504
f 10079//7530 10058//7504 10063//7508
f 10080//7531 10078//7529 10058//7504
f 10081//7532 10079//7530 10063//7508
f 10081//7532 10063//7508 10067//7512
f 10078//7529 10076//7527 10071//7521
f 10078//7529 10071//7521 10062//7513
f 10075//7526 10073//7494 10068//7481
f 10075//7526 10068//7481 10069//7519
f 10078//7529 10081//7532 10067//7512
f 10078//7529 10067//7512 10058//7504
f 10082//7533 10073//7524 10072//7523
f 10057//7451 10083//7534 10074//7525
f 10073//7524 10082//7533 10057//7451
f 10079//7530 10076//7527 10080//7531
f 10077//7528 10076//7527 10084//7535
f 10081//7532 10078//7529 10085//7536
f 10081//7532 10085//7536 10076//7527
f 10084//7535 10076//7527 10074//7525
f 10084//7535 10074//7525 10083//7534
f 10080//7531 10076//7527 10072//7537
f 10072//7537 10076//7527 10083//7534
f 10084//7535 10083//7534 10085//7536
f 10083//7534 10076//7527 10078//7529
f 10083//7534 10078//7529 10075//7526
f 10075//7526 10076//7527 10085//7536
f 10075//7526 10085//7536 10083//7534
f 10072//7537 10075//7526 10078//7529
f 10072//7537 10078//7529 10080//7531
f 10076//7527 10075//7526 10074//7525
f 10053//7500 10086//7538 10087//7539
f 10053//7500 10087//7539 10088//7540
f 10089//7541 10090//7542 10091//7543
f 10057//7451 10089//7541 10091//7543
f 10086//7538 10057//7451 10087//7539
f 10060//7506 10059//7505 10010//7437
f 10060//7506 10010//7437 10092//7544
f 10093//7545 10060//7506 10092//7544
f 10093//7545 10092//7544 10094//7546
f 10059//7505 10095//7547 10010//7437
f 10063//7508 10096//7548 10097//7549
f 10096//7548 10098//7550 10097//7549
f 10061//7507 10063//7508 10094//7546
f 10059//7505 10093//7545 10094//7546
f 10059//7505 10094//7546 10095//7547
f 10090//7551 10091//7552 10087//7553
f 10090//7551 10087//7553 10086//7517
f 10098//7550 10061//7507 10094//7546
f 10098//7550 10094//7546 10097//7549
f 10052//7499 10086//7538 10053//7500
f 10057//7451 10056//7503 10089//7541
f 10086//7538 10052//7499 10057//7451
f 10063//7508 10065//7510 10096//7548
f 10059//7505 10061//7507 10098//7550
f 10059//7505 10098//7550 10093//7545
f 10065//7510 10061//7507 10093//7545
f 10065//7510 10093//7545 10098//7550
f 10060//7506 10089//7541 10056//7503
f 10096//7548 10065//7510 10053//7554
f 10053//7554 10065//7510 10056//7503
f 10060//7506 10056//7503 10061//7507
f 10056//7503 10065//7510 10098//7550
f 10056//7503 10098//7550 10090//7542
f 10090//7542 10093//7545 10061//7507
f 10090//7542 10061//7507 10056//7503
f 10053//7554 10090//7542 10098//7550
f 10053//7554 10098//7550 10096//7548
f 10060//7506 10093//7545 10090//7542
f 10060//7506 10090//7542 10089//7541
f 10088//7540 10099//7555 10040//7483
f 10088//7540 10040//7483 10027//7468
f 10057//7451 10100//7556 10041//7484
f 10099//7555 10057//7451 10040//7483
f 10097//7549 10010//7437 10013//7440
f 10097//7549 10013//7440 10043//7486
f 10063//7508 10088//7557 10042//7485
f 10063//7508 10042//7485 10023//7455
f 10088//7557 10101//7558 10042//7485
f 10101//7558 10063//7508 10023//7455
f 10101//7558 10023//7455 10038//7478
f 10095//7547 10097//7549 10043//7486
f 10095//7547 10043//7486 10010//7437
f 10100//7556 10099//7494 10040//7559
f 10100//7556 10040//7559 10041//7484
f 10101//7558 10038//7478 10042//7485
f 10087//7539 10099//7555 10088//7540
f 10099//7555 10087//7539 10057//7451
f 10063//7508 10097//7549 10088//7557
f 10010//7437 10097//7549 10092//7544
f 10101//7558 10094//7546 10063//7508
f 10095//7547 10101//7558 10097//7549
f 10095//7547 10094//7546 10101//7558
f 10092//7544 10097//7549 10057//7451
f 10092//7544 10057//7451 10091//7543
f 10088//7557 10097//7549 10091//7543
f 10092//7544 10091//7543 10094//7546
f 10091//7543 10097//7549 10101//7558
f 10091//7543 10101//7558 10100//7556
f 10100//7556 10097//7549 10094//7546
f 10100//7556 10094//7546 10091//7543
f 10088//7557 10100//7556 10101//7558
f 10097//7549 10100//7556 10057//7451
f 10102//7560 9505//7561 10082//7533
f 10102//7560 10082//7533 10072//7523
f 9509//6797 9524//6774 10083//7534
f 9509//6797 10083//7534 10057//7451
f 9505//7562 9509//6797 10057//7451
f 9505//7562 10057//7451 10082//7533
f 10103//7563 10077//7528 10084//7535
f 10103//7563 10084//7535 10085//7536
f 10077//7528 10014//7441 10078//7529
f 10079//7530 10104//7564 10076//7527
f 10104//7564 10105//7565 10076//7527
f 10014//7441 10103//7563 10085//7536
f 10014//7441 10085//7536 10078//7529
f 9524//6774 9505//7566 10082//7567
f 9524//6774 10082//7567 10083//7534
f 10105//7565 10079//7530 10081//7532
f 10105//7565 10081//7532 10076//7527
f 9504//7568 9505//7561 10102//7560
f 10079//7530 10106//7569 10104//7564
f 10014//7441 10079//7530 10105//7565
f 10014//7441 10105//7565 10103//7563
f 10106//7569 10018//7445 10103//7563
f 10106//7569 10103//7563 10105//7565
f 10107//7570 10014//7441 10018//7445
f 10107//7570 10018//7445 10106//7569
f 10014//7441 10107//7570 10079//7530
f 10015//7442 10103//7563 9524//6774
f 10015//7442 9524//6774 9526//6776
f 10104//7564 10106//7569 9504//7568
f 10104//7564 9504//7568 10102//7560
f 10015//7442 9526//6776 9504//7568
f 10015//7442 9504//7568 10018//7445
f 9504//7568 10106//7569 10105//7565
f 9504//7568 10105//7565 9524//6774
f 9524//6774 10103//7563 10018//7445
f 9524//6774 10018//7445 9504//7568
f 10102//7560 9524//6774 10105//7565
f 10102//7560 10105//7565 10104//7564
f 10108//7571 10109//7572 10106//7569
f 10108//7571 10106//7569 10079//7530
f 10110//7573 10108//7571 10079//7530
f 10110//7573 10079//7530 10107//7570
f 10109//7572 10110//7573 10107//7570
f 10109//7572 10107//7570 10106//7569
f 10111//7574 10112//7575 10113//7576
f 10016//7577 10111//7574 10113//7576
f 10111//7574 10016//7577 10112//7575
f 10114//7578 10115//7579 10116//7580
f 10114//7578 10116//7580 10117//7581
f 10118//7582 10119//7583 10117//7581
f 10118//7582 10117//7581 10116//7580
f 10119//7583 10118//7582 10115//7579
f 10119//7583 10115//7579 10114//7578
f 10120//7584 10121//7585 10122//7586
f 10123//7587 10124//7588 10125//7589
f 10121//7585 10126//7590 10122//7586
f 10126//7590 10121//7585 10120//7584
f 10127//7591 10123//7587 10125//7589
f 10123//7587 10127//7591 10124//7588
f 10131//7592 10132//7593 10133//7594
f 10134//7595 10135//7588 10136//7589
f 10132//7593 10137//7596 10133//7594
f 10137//7596 10132//7593 10131//7592
f 10138//7591 10134//7595 10136//7589
f 10134//7595 10138//7591 10135//7588
f 10142//7597 10143//7598 10144//7599
f 10145//7600 10146//7601 10147//7602
f 10143//7598 10148//7603 10144//7599
f 10148//7603 10143//7598 10142//7597
f 10149//7604 10145//7600 10147//7602
f 10145//7600 10149//7604 10146//7601
f 10153//7605 10154//7606 10155//7607
f 10156//7608 10157//7609 10158//7610
f 10154//7606 10159//7611 10155//7607
f 10159//7611 10154//7606 10153//7605
f 10160//7612 10157//7609 10156//7608
f 10156//7608 10158//7610 10160//7612
f 10164//7613 10165//7614 10166//7615
f 10167//7616 10168//7617 10169//7618
f 10030//7619 10165//7620 10023//7621
f 10023//7621 10164//7613 10166//7615
f 10023//7621 10166//7615 10030//7619
f 10034//7622 10167//7616 10169//7618
f 10167//7616 10034//7622 10168//7617
f 10173//7623 10174//7624 10175//7625
f 10176//7626 10177//7627 10178//7628
f 10174//7624 10179//7629 10175//7625
f 10179//7629 10174//7624 10173//7623
f 10180//7630 10177//7627 10176//7626
f 10176//7626 10178//7628 10180//7630
f 10184//7631 10185//7632 10186//7633
f 10187//7634 10188//7635 10189//7636
f 10053//7637 10063//7638 10186//7639
f 10063//7638 10053//7637 10185//7632
f 10063//7638 10185//7632 10184//7631
f 10060//7640 10187//7634 10189//7636
f 10187//7634 10060//7640 10188//7635
f 10195//7641 10196//7642 10197//7643
f 10195//7641 10197//7643 10198//7644
f 10199//7645 10200//7646 10201//7647
f 10198//7644 10197//7643 10202//7648
f 10198//7644 10202//7648 10203//7649
f 10203//7649 10202//7648 10200//7646
f 10203//7649 10200//7646 10199//7645
f 10201//7647 10200//7646 10196//7642
f 10201//7647 10196//7642 10195//7641
f 10204//7650 10205//7651 10197//7643
f 10206//7652 10207//7653 10208//7654
f 10198//7655 10209//7656 10207//7657
f 10198//7655 10207//7657 10195//7658
f 10201//7659 10210//7660 10211//7661
f 10201//7659 10211//7661 10199//7662
f 10203//7649 10211//7661 10209//7656
f 10203//7649 10209//7656 10198//7655
f 10199//7662 10211//7661 10203//7649
f 10195//7658 10207//7657 10210//7660
f 10195//7658 10210//7660 10201//7659
f 10208//7654 10207//7653 10210//7663
f 10208//7654 10210//7663 10212//7664
f 10212//7664 10210//7663 10211//7665
f 10212//7664 10211//7665 10213//7666
f 10214//7667 10202//7648 10197//7643
f 10214//7667 10197//7643 10205//7651
f 10215//7668 10200//7646 10202//7648
f 10215//7668 10202//7648 10214//7667
f 10213//7666 10211//7665 10207//7653
f 10213//7666 10207//7653 10206//7652
f 10204//7650 10197//7643 10200//7646
f 10204//7650 10200//7646 10215//7668
f 10195//7669 10216//7670 10198//7671
f 10199//7672 10217//7673 10218//7674
f 10199//7672 10218//7674 10201//7675
f 10198//7671 10216//7670 10217//7673
f 10198//7671 10217//7673 10203//7676
f 10203//7676 10217//7673 10199//7672
f 10201//7675 10218//7674 10216//7670
f 10201//7675 10216//7670 10195//7669
f 10212//7677 10219//7678 10220//7679
f 10212//7677 10220//7679 10208//7680
f 10208//7680 10220//7679 10221//7681
f 10208//7680 10221//7681 10206//7682
f 10213//7683 10219//7678 10212//7677
f 10205//7684 10222//7685 10223//7686
f 10205//7684 10223//7686 10214//7687
f 10204//7688 10224//7689 10222//7685
f 10204//7688 10222//7685 10205//7684
f 10214//7687 10223//7686 10215//7690
f 10206//7682 10221//7681 10219//7678
f 10206//7682 10219//7678 10213//7683
f 10215//7690 10223//7686 10224//7689
f 10215//7690 10224//7689 10204//7688
f 10225//7691 10226//7692 10227//7693
f 10225//7691 10227//7693 10228//7694
f 10290//7695 10229//7696 10230//7697
f 10229//7696 10231//7698 10232//7699
f 10229//7696 10232//7699 10230//7697
f 10290//7700 10232//7699 10231//7698
f 10233//7701 10198//7702 10203//7703
f 10233//7701 10203//7703 10234//7704
f 10272//7705 10235//7706 10201//7707
f 10272//7705 10201//7707 10195//7708
f 10198//7702 10233//7701 10272//7705
f 10198//7702 10272//7705 10195//7708
f 10236//7709 10237//7710 10205//7711
f 10236//7709 10205//7711 10214//7712
f 10238//7713 10212//7714 10208//7715
f 10238//7713 10208//7715 10239//7716
f 10240//7717 10213//7718 10212//7714
f 10240//7717 10212//7714 10238//7713
f 10215//7719 10240//7717 10236//7709
f 10215//7719 10236//7709 10214//7712
f 10213//7718 10215//7719 10204//7720
f 10213//7718 10204//7720 10206//7721
f 10237//7710 10239//7716 10206//7721
f 10237//7710 10206//7721 10204//7720
f 10240//7717 10239//7716 10237//7710
f 10213//7718 10240//7717 10215//7719
f 10239//7716 10208//7715 10201//7707
f 10239//7716 10201//7707 10235//7706
f 10205//7711 10237//7710 10234//7704
f 10205//7711 10234//7704 10203//7703
f 10234//7704 10237//7710 10235//7706
f 10235//7706 10237//7710 10204//7720
f 10235//7706 10204//7720 10199//7722
f 10199//7722 10206//7721 10239//7716
f 10199//7722 10239//7716 10235//7706
f 10203//7703 10199//7722 10204//7720
f 10203//7703 10204//7720 10205//7711
f 10208//7715 10206//7721 10199//7722
f 10208//7715 10199//7722 10201//7707
f 10241//7723 10242//7724 10243//7725
f 10241//7723 10243//7725 10244//7726
f 10245//7727 10246//7728 10247//7729
f 10272//7705 10245//7727 10247//7729
f 10242//7724 10272//7705 10243//7725
f 10227//7693 10226//7692 10238//7713
f 10227//7693 10238//7713 10248//7730
f 10227//7693 10248//7730 10249//7731
f 10226//7692 10250//7732 10238//7713
f 10251//7733 10252//7734 10253//7735
f 10252//7734 10254//7736 10253//7735
f 10255//7737 10251//7733 10256//7738
f 10250//7732 10227//7693 10249//7731
f 10250//7732 10249//7731 10238//7713
f 10246//7728 10242//7739 10243//7740
f 10246//7728 10243//7740 10247//7729
f 10254//7736 10255//7737 10256//7738
f 10254//7736 10256//7738 10253//7735
f 10257//7741 10242//7724 10241//7723
f 10272//7705 10258//7742 10245//7727
f 10242//7724 10257//7741 10272//7705
f 10251//7733 10227//7693 10252//7734
f 10250//7732 10255//7737 10254//7736
f 10250//7732 10254//7736 10227//7693
f 10250//7732 10225//7691 10255//7737
f 10228//7694 10227//7693 10245//7727
f 10228//7694 10245//7727 10258//7742
f 10252//7734 10227//7693 10241//7743
f 10241//7743 10227//7693 10258//7742
f 10228//7694 10258//7742 10255//7737
f 10258//7742 10227//7693 10254//7736
f 10258//7742 10254//7736 10246//7728
f 10246//7728 10227//7693 10255//7737
f 10246//7728 10255//7737 10258//7742
f 10241//7743 10246//7728 10254//7736
f 10241//7743 10254//7736 10252//7734
f 10227//7693 10246//7728 10245//7727
f 10244//7726 10259//7744 10233//7701
f 10244//7726 10233//7701 10234//7704
f 10260//7745 10261//7746 10235//7706
f 10272//7705 10260//7745 10235//7706
f 10259//7744 10272//7705 10233//7701
f 10248//7730 10238//7713 10239//7716
f 10262//7747 10248//7730 10239//7716
f 10238//7713 10262//7747 10240//7717
f 10251//7733 10263//7748 10237//7710
f 10251//7733 10237//7710 10236//7709
f 10263//7748 10264//7749 10237//7710
f 10256//7738 10251//7733 10236//7709
f 10256//7738 10236//7709 10240//7717
f 10262//7747 10239//7716 10240//7717
f 10261//7746 10259//7750 10233//7740
f 10261//7746 10233//7740 10235//7706
f 10264//7749 10256//7738 10240//7717
f 10264//7749 10240//7717 10237//7710
f 10243//7725 10259//7744 10244//7726
f 10272//7705 10247//7729 10260//7745
f 10259//7744 10243//7725 10272//7705
f 10251//7733 10253//7735 10263//7748
f 10262//7747 10256//7738 10264//7749
f 10253//7735 10249//7731 10262//7747
f 10253//7735 10262//7747 10264//7749
f 10256//7738 10238//7713 10249//7731
f 10256//7738 10249//7731 10253//7735
f 10262//7747 10238//7713 10256//7738
f 10248//7730 10260//7745 10247//7729
f 10263//7748 10253//7735 10244//7751
f 10244//7751 10253//7735 10247//7729
f 10248//7730 10247//7729 10249//7731
f 10247//7729 10253//7735 10264//7749
f 10247//7729 10264//7749 10261//7746
f 10261//7746 10262//7747 10249//7731
f 10261//7746 10249//7731 10247//7729
f 10244//7751 10261//7746 10264//7749
f 10244//7751 10264//7749 10263//7748
f 10248//7730 10262//7747 10261//7746
f 10248//7730 10261//7746 10260//7745
f 10265//7752 10266//7753 10267//7754
f 10265//7752 10267//7754 10268//7755
f 10269//7756 10270//7757 10271//7758
f 10272//7705 10269//7756 10271//7758
f 10266//7753 10272//7705 10267//7754
f 10273//7759 10274//7760 10275//7761
f 10273//7759 10275//7761 10276//7762
f 10279//7763 10251//7733 10280//7764
f 10277//7765 10273//7759 10276//7762
f 10277//7765 10276//7762 10274//7760
f 10270//7757 10266//7766 10267//7740
f 10270//7757 10267//7740 10271//7758
f 10277//7765 10279//7763 10280//7764
f 10277//7765 10280//7764 10278//7767
f 10281//7768 10266//7753 10265//7752
f 10272//7705 10282//7769 10269//7756
f 10266//7753 10281//7768 10272//7705
f 10251//7733 10273//7759 10278//7767
f 10274//7760 10273//7759 10283//7770
f 10279//7763 10277//7765 10284//7771
f 10279//7763 10284//7771 10273//7759
f 10283//7770 10273//7759 10269//7756
f 10283//7770 10269//7756 10282//7769
f 10278//7767 10273//7759 10265//7772
f 10265//7772 10273//7759 10282//7769
f 10283//7770 10282//7769 10284//7771
f 10282//7769 10273//7759 10277//7765
f 10282//7769 10277//7765 10270//7757
f 10270//7757 10273//7759 10284//7771
f 10270//7757 10284//7771 10282//7769
f 10265//7772 10270//7757 10277//7765
f 10265//7772 10277//7765 10278//7767
f 10273//7759 10270//7757 10269//7756
f 10285//7773 10286//7774 10281//7768
f 10285//7773 10281//7768 10265//7752
f 10287//7775 10288//7776 10282//7769
f 10272//7705 10287//7775 10282//7769
f 10286//7777 10272//7705 10281//7768
f 10289//7778 10290//7700 10274//7760
f 10289//7778 10274//7760 10283//7770
f 10289//7778 10283//7770 10284//7771
f 10290//7700 10291//7779 10277//7765
f 10290//7700 10277//7765 10274//7760
f 10292//7780 10293//7781 10273//7759
f 10292//7780 10273//7759 10251//7733
f 10293//7781 10291//7779 10273//7759
f 10294//7782 10292//7780 10251//7733
f 10294//7782 10251//7733 10279//7763
f 10291//7779 10289//7778 10284//7771
f 10291//7779 10284//7771 10277//7765
f 10288//7776 10286//7783 10281//7784
f 10288//7776 10281//7784 10282//7769
f 10291//7779 10294//7782 10279//7763
f 10291//7779 10279//7763 10273//7759
f 10295//7785 10285//7786 10286//7787
f 10272//7705 10296//7788 10287//7775
f 10286//7777 10295//7789 10272//7705
f 10292//7780 10289//7778 10293//7781
f 10290//7700 10289//7778 10297//7790
f 10294//7782 10291//7779 10298//7791
f 10294//7782 10298//7791 10289//7778
f 10297//7790 10289//7778 10287//7775
f 10297//7790 10287//7775 10296//7788
f 10293//7781 10289//7778 10285//7792
f 10285//7792 10289//7778 10296//7788
f 10297//7790 10296//7788 10298//7791
f 10296//7788 10289//7778 10291//7779
f 10296//7788 10291//7779 10288//7776
f 10288//7776 10289//7778 10298//7791
f 10288//7776 10298//7791 10296//7788
f 10285//7792 10288//7776 10291//7779
f 10285//7792 10291//7779 10293//7781
f 10289//7778 10288//7776 10287//7775
f 10268//7755 10299//7793 10300//7794
f 10268//7755 10300//7794 10301//7795
f 10272//7705 10302//7796 10303//7797
f 10299//7793 10272//7705 10300//7794
f 10275//7761 10274//7760 10225//7691
f 10275//7761 10225//7691 10304//7798
f 10305//7799 10275//7761 10304//7798
f 10305//7799 10304//7798 10306//7800
f 10274//7760 10307//7801 10225//7691
f 10251//7733 10308//7802 10309//7803
f 10308//7802 10310//7804 10309//7803
f 10280//7764 10251//7733 10306//7800
f 10274//7760 10305//7799 10306//7800
f 10274//7760 10306//7800 10307//7801
f 10302//7796 10299//7750 10300//7740
f 10302//7796 10300//7740 10303//7797
f 10310//7804 10280//7764 10306//7800
f 10310//7804 10306//7800 10309//7803
f 10267//7754 10299//7793 10268//7755
f 10299//7793 10267//7754 10272//7705
f 10251//7733 10278//7767 10308//7802
f 10274//7760 10280//7764 10310//7804
f 10274//7760 10310//7804 10305//7799
f 10278//7767 10276//7762 10305//7799
f 10278//7767 10305//7799 10310//7804
f 10280//7764 10274//7760 10276//7762
f 10280//7764 10276//7762 10278//7767
f 10275//7761 10272//7705 10271//7758
f 10308//7802 10278//7767 10268//7805
f 10268//7805 10278//7767 10271//7758
f 10275//7761 10271//7758 10276//7762
f 10271//7758 10278//7767 10310//7804
f 10271//7758 10310//7804 10302//7796
f 10302//7796 10305//7799 10276//7762
f 10302//7796 10276//7762 10271//7758
f 10268//7805 10302//7796 10310//7804
f 10268//7805 10310//7804 10308//7802
f 10275//7761 10305//7799 10302//7796
f 10275//7761 10302//7796 10272//7705
f 10301//7795 10311//7806 10257//7741
f 10301//7795 10257//7741 10241//7723
f 10312//7807 10313//7808 10258//7742
f 10272//7705 10312//7807 10258//7742
f 10311//7806 10272//7705 10257//7741
f 10309//7803 10225//7691 10228//7694
f 10309//7803 10228//7694 10255//7737
f 10251//7733 10301//7809 10227//7693
f 10301//7809 10314//7810 10227//7693
f 10314//7810 10251//7733 10255//7737
f 10307//7801 10309//7803 10255//7737
f 10307//7801 10255//7737 10225//7691
f 10313//7808 10311//7811 10257//7740
f 10313//7808 10257//7740 10258//7742
f 10314//7810 10255//7737 10227//7693
f 10300//7794 10311//7806 10301//7795
f 10272//7705 10303//7797 10312//7807
f 10311//7806 10300//7794 10272//7705
f 10251//7733 10309//7803 10301//7809
f 10225//7691 10309//7803 10304//7798
f 10314//7810 10306//7800 10251//7733
f 10307//7801 10314//7810 10309//7803
f 10307//7801 10306//7800 10314//7810
f 10304//7798 10309//7803 10312//7807
f 10304//7798 10312//7807 10303//7797
f 10301//7809 10309//7803 10303//7797
f 10304//7798 10303//7797 10306//7800
f 10303//7797 10309//7803 10314//7810
f 10303//7797 10314//7810 10313//7808
f 10313//7808 10309//7803 10306//7800
f 10313//7808 10306//7800 10303//7797
f 10301//7809 10313//7808 10314//7810
f 10309//7803 10313//7808 10312//7807
f 10315//7812 10285//7786 10295//7785
f 10315//7812 10295//7785 9506//7813
f 9527//7814 10316//7815 10296//7788
f 9508//6751 9527//7814 10296//7788
f 9508//6751 10296//7788 10272//7705
f 9506//6744 9508//6751 10272//7705
f 9506//6744 10272//7705 10295//7789
f 10317//7816 10290//7700 10297//7790
f 10317//7816 10297//7790 10298//7791
f 10290//7700 10318//7817 10291//7779
f 10292//7780 10319//7818 10289//7778
f 10319//7818 10320//7819 10289//7778
f 10318//7817 10317//7816 10298//7791
f 10318//7817 10298//7791 10291//7779
f 10316//7815 9506//7813 10295//7820
f 10316//7815 10295//7820 10296//7788
f 10320//7819 10292//7780 10294//7782
f 10320//7819 10294//7782 10289//7778
f 9503//6741 9506//6744 10315//7821
f 9507//6790 9508//6746 9527//7822
f 9507//6790 9527//7822 9528//6789
f 10292//7780 10321//7823 10319//7818
f 10290//7824 10229//7825 10317//7826
f 10318//7817 10292//7780 10320//7819
f 10318//7817 10320//7819 10317//7816
f 10321//7823 10231//7698 10317//7816
f 10321//7823 10317//7816 10320//7819
f 10318//7817 10290//7700 10231//7698
f 10318//7817 10231//7698 10321//7823
f 10229//7825 9528//7827 9527//7828
f 10229//7825 9527//7828 10317//7826
f 10319//7818 10321//7823 9503//6741
f 10319//7818 9503//6741 10315//7821
f 10229//7825 10231//7829 9503//7830
f 10229//7825 9503//7830 9528//7827
f 9503//6741 10321//7823 10320//7819
f 9503//6741 10320//7819 10316//7831
f 10316//7831 10317//7816 10231//7698
f 10316//7831 10231//7698 9503//6741
f 10315//7821 10316//7831 10320//7819
f 10315//7821 10320//7819 10319//7818
f 10317//7826 9527//7828 10316//7832
f 10322//7833 10323//7834 10321//7823
f 10322//7833 10321//7823 10292//7780
f 10324//7835 10322//7833 10292//7780
f 10324//7835 10292//7780 10318//7817
f 10323//7834 10324//7835 10318//7817
f 10323//7834 10318//7817 10321//7823
f 10325//7836 10326//7837 10327//7838
f 10230//7839 10326//7837 10325//7836
f 10325//7836 10327//7838 10230//7839
f 10328//7840 10329//7841 10330//7842
f 10328//7840 10330//7842 10331//7843
f 10332//7844 10330//7842 10329//7841
f 10332//7844 10329//7841 10333//7845
f 10333//7845 10328//7840 10331//7843
f 10333//7845 10331//7843 10332//7844
f 10334//7846 10335//7847 10336//7848
f 10337//7849 10338//7850 10339//7851
f 10336//7848 10335//7847 10340//7852
f 10340//7852 10334//7846 10336//7848
f 10341//7853 10338//7850 10337//7849
f 10337//7849 10339//7851 10341//7853
f 10345//7854 10346//7855 10347//7856
f 10348//7857 10349//7858 10350//7859
f 10347//7856 10346//7855 10351//7860
f 10351//7860 10345//7854 10347//7856
f 10352//7861 10349//7858 10348//7857
f 10348//7857 10350//7859 10352//7861
f 10356//7862 10357//7863 10358//7864
f 10359//7865 10360//7866 10361//7867
f 10358//7864 10357//7863 10362//7868
f 10362//7868 10356//7862 10358//7864
f 10363//7869 10360//7866 10359//7865
f 10359//7865 10361//7867 10363//7869
f 10367//7870 10368//7871 10369//7872
f 10370//7873 10371//7874 10372//7875
f 10369//7872 10368//7871 10373//7876
f 10373//7876 10367//7870 10369//7872
f 10374//7877 10370//7873 10372//7875
f 10370//7873 10374//7877 10371//7874
f 10378//7878 10379//7879 10380//7880
f 10381//7881 10382//7882 10383//7883
f 10244//7884 10236//7885 10380//7886
f 10236//7885 10244//7884 10379//7879
f 10236//7885 10379//7879 10378//7878
f 10248//7887 10382//7882 10381//7881
f 10381//7881 10383//7883 10248//7887
f 10387//7888 10388//7889 10389//7890
f 10390//7891 10391//7874 10392//7892
f 10389//7890 10388//7889 10393//7893
f 10393//7893 10387//7888 10389//7890
f 10394//7877 10390//7891 10392//7892
f 10390//7891 10394//7877 10391//7874
f 10398//7894 10399//7895 10400//7896
f 10401//7897 10402//7898 10403//7899
f 10268//7900 10399//7901 10251//7902
f 10251//7902 10398//7894 10400//7896
f 10251//7902 10400//7896 10268//7900
f 10275//7903 10402//7898 10401//7897
f 10401//7897 10403//7899 10275//7903
f 9498//7904 9497//7905 10407//4
f 9497//7905 9496//7906 10407//4
f 9496//7906 9499//7907 10407//4
f 10407//4 9499//7907 9498//7904
f 9498//7908 10408//4 9497//7909
f 10408//4 9496//7910 9497//7909
f 9496//7910 10408//4 9499//7911
f 10408//4 9498//7908 9499//7911
f 10411//7912 10410//7913 10409//7914
f 10411//7912 10409//7914 10412//7915
f 10413//7916 10411//7912 10412//7915
f 10413//7916 10412//7915 10414//7917
f 10410//7913 10413//7916 10414//7917
f 10410//7913 10414//7917 10409//7914
f 10417//7912 10416//7913 10415//7914
f 10417//7912 10415//7914 10418//7915
f 10419//7916 10417//7912 10418//7915
f 10419//7916 10418//7915 10420//7917
f 10416//7913 10419//7916 10420//7917
f 10416//7913 10420//7917 10415//7914
f 10421//7918 10422//7919 10423//7920
f 10421//7918 10423//7920 10424//7921
f 10425//7922 10423//7920 10422//7919
f 10425//7922 10422//7919 10426//7923
f 10424//7921 10425//7922 10426//7923
f 10424//7921 10426//7923 10421//7918
f 10429//7924 10428//7925 10427//7926
f 10429//7924 10427//7926 10430//7927
f 10431//7928 10429//7924 10430//7927
f 10431//7928 10430//7927 10432//7929
f 10428//7925 10431//7928 10432//7929
f 10428//7925 10432//7929 10427//7926
f 10435//7930 10436//7916 10433//7931
f 10435//7930 10433//7931 10434//7932
f 10437//7915 10438//7933 10436//7916
f 10437//7915 10436//7916 10435//7930
f 10434//7932 10433//7931 10438//7933
f 10434//7932 10438//7933 10437//7915
f 10441//7930 10442//7916 10439//7931
f 10441//7930 10439//7931 10440//7932
f 10443//7915 10444//7933 10442//7916
f 10443//7915 10442//7916 10441//7930
f 10440//7932 10439//7931 10444//7933
f 10440//7932 10444//7933 10443//7915
f 10445//7934 10446//7935 10447//7936
f 10448//7937 10449//7938 10447//7936
f 10448//7937 10447//7936 10446//7935
f 10450//7939 10449//7938 10448//7937
f 10446//7935 10445//7934 10449//7938
f 10446//7935 10449//7938 10450//7939
f 10451//7940 10452//7941 10453//7942
f 10454//7943 10455//7944 10451//7940
f 10454//7943 10451//7940 10453//7942
f 10454//7943 10456//7945 10455//7944
f 10452//7941 10451//7940 10456//7945
f 10452//7941 10456//7945 10454//7943
f 10457//7946 10458//7947 10459//7948
f 10457//7946 10459//7948 10460//7949
f 10460//7949 10459//7948 10461//7928
f 10460//7949 10461//7928 10462//7950
f 10462//7950 10461//7928 10458//7947
f 10462//7950 10458//7947 10457//7946
f 10463//7932 10464//7931 10465//7933
f 10463//7932 10465//7933 10466//7915
f 10466//7915 10465//7933 10467//7951
f 10466//7915 10467//7951 10468//7952
f 10468//7952 10467//7951 10464//7931
f 10468//7952 10464//7931 10463//7932
f 10469//7953 10470//7922 10471//7923
f 10469//7953 10471//7923 10472//7918
f 10470//7922 10473//7920 10474//7919
f 10470//7922 10474//7919 10471//7923
f 10472//7918 10474//7919 10473//7920
f 10472//7918 10473//7920 10469//7953
f 10475//7954 10476//7955 10477//7956
f 10475//7954 10477//7956 10478//7957
f 10476//7955 10479//7958 10477//7956
f 10479//7958 10475//7954 10480//7959
f 10479//7958 10480//7959 10477//7956
f 10478//7957 10480//7959 10475//7954
f 10483//7912 10482//7913 10481//7914
f 10483//7912 10481//7914 10484//7915
f 10485//7916 10483//7912 10484//7915
f 10485//7916 10484//7915 10486//7917
f 10482//7913 10485//7916 10486//7917
f 10482//7913 10486//7917 10481//7914
f 10489//7912 10488//7913 10487//7914
f 10489//7912 10487//7914 10490//7915
f 10491//7916 10489//7912 10490//7915
f 10491//7916 10490//7915 10492//7917
f 10488//7913 10491//7916 10492//7917
f 10488//7913 10492//7917 10487//7914
f 10493//7918 10494//7919 10495//7920
f 10493//7918 10495//7920 10496//7953
f 10497//7922 10495//7920 10494//7919
f 10497//7922 10494//7919 10498//7923
f 10496//7953 10497//7922 10498//7923
f 10496//7953 10498//7923 10493//7918
f 10501//7924 10500//7925 10499//7926
f 10501//7924 10499//7926 10502//7949
f 10503//7960 10501//7924 10502//7949
f 10503//7960 10502//7949 10504//7961
f 10500//7925 10503//7960 10504//7961
f 10500//7925 10504//7961 10499//7926
f 10507//7930 10508//7916 10505//7931
f 10507//7930 10505//7931 10506//7932
f 10509//7915 10510//7933 10508//7916
f 10509//7915 10508//7916 10507//7930
f 10506//7932 10505//7931 10510//7933
f 10506//7932 10510//7933 10509//7915
f 10513//7952 10514//7916 10511//7931
f 10513//7952 10511//7931 10512//7932
f 10515//7915 10516//7933 10514//7916
f 10515//7915 10514//7916 10513//7952
f 10512//7932 10511//7931 10516//7933
f 10512//7932 10516//7933 10515//7915
f 10519//7950 10520//7928 10517//7947
f 10519//7950 10517//7947 10518//7946
f 10521//7949 10522//7948 10520//7928
f 10521//7949 10520//7928 10519//7950
f 10518//7946 10517//7947 10522//7948
f 10518//7946 10522//7948 10521//7949
f 10523//7934 10524//7962 10525//7936
f 10526//7937 10527//7963 10525//7936
f 10526//7937 10525//7936 10524//7962
f 10528//7939 10527//7963 10526//7937
f 10524//7962 10523//7934 10527//7963
f 10524//7962 10527//7963 10528//7939
f 10529//7964 10534//7964 10533//7964
f 10533//7964 10529//7964 10534//7964
f 10541//7965 10542//7966 10543//7967
f 10542//7966 10540//7968 10543//7967
f 10546//7969 10539//7970 10544//7971
f 10544//7971 10539//7970 10538//7972
f 10544//7971 10538//7972 10545//7973
f 10545//7973 10538//7972 10537//7974
f 10545//7973 10537//7974 10536//7975
f 10545//7973 10536//7975 10546//7969
f 10546//7969 10536//7975 10535//7976
f 10546//7969 10535//7976 10539//7970
f 10541//7965 10543//7967 10540//7968
f 10538//7972 10539//7970 10542//7966
f 10538//7972 10542//7966 10541//7965
f 10537//7974 10538//7972 10541//7965
f 10536//7975 10537//7974 10541//7965
f 10536//7975 10541//7965 10540//7968
f 10535//7976 10536//7975 10540//7968
f 10535//7976 10540//7968 10542//7966
f 10539//7970 10535//7976 10542//7966
l 939 940
l 941 942
l 1091 1092
l 1114 1115
l 1122 1123
l 1122 1124
l 1135 1136
l 1137 1138
l 1139 1140
l 1375 1374
l 1377 1376
l 1379 1378
l 1403 1404
l 1405 1406
l 1282 1281
l 1803 1804
l 2192 2194
l 2196 2197
l 2425 2424
l 2432 2433
l 2451 2450
l 2642 2643
l 2665 2666
l 2712 2713
l 2712 2714
l 2721 2722
l 2724 2725
l 2732 2733
l 2747 2748
l 2787 2788
l 2787 2789
l 2790 2791
l 2793 2794
l 2796 2797
l 2796 2798
l 2799 2800
l 2799 2801
l 2802 2803
l 2802 2804
l 2884 2885
l 2888 2887
l 2899 2898
l 2902 2901
l 3011 3012
l 3019 3020
l 3029 3031
l 3059 3061
l 3476 3478
l 3520 3521
l 3570 3571
l 3690 3691
l 3693 3694
l 3696 3697
l 3789 3788
l 3792 3791
l 3795 3794
l 3859 3858
l 3900 3901
l 3975 3976
l 3979 3978
l 3982 3981
l 3985 3983
l 4070 4071
l 4070 4072
l 4073 4074
l 4073 4075
l 4076 4077
l 4076 4078
l 4084 4085
l 4084 4086
l 4087 4088
l 4087 4089
l 4090 4091
l 4090 4092
l 4093 4094
l 4093 4095
l 4113 4114
l 4113 4115
l 4116 4117
l 4116 4118
l 4129 4130
l 4129 4131
l 4152 4153
l 4152 4154
l 4155 4156
l 4155 4157
l 4163 4164
l 4163 4165
l 4186 4187
l 4576 4578
l 4580 4581
l 4793 4794
l 4806 4805
l 4813 4814
l 4832 4831
l 5022 5023
l 5045 5046
l 5092 5093
l 5101 5102
l 5101 5103
l 5104 5105
l 5112 5113
l 5127 5128
l 5142 5143
l 5142 5144
l 5166 5167
l 5166 5168
l 5169 5170
l 5169 5171
l 5172 5173
l 5175 5176
l 5175 5177
l 5178 5179
l 5178 5180
l 5181 5182
l 5181 5183
l 5263 5264
l 5267 5266
l 5275 5274
l 5278 5277
l 5281 5280
l 5390 5392
l 5410 5412
l 5440 5442
l 5855 5857
l 5898 5899
l 5948 5949
l 6069 6070
l 6072 6073
l 6075 6076
l 6168 6167
l 6199 6200
l 6239 6238
l 6355 6356
l 6359 6358
l 6362 6361
l 6365 6363
l 6450 6451
l 6450 6452
l 6453 6454
l 6453 6455
l 6456 6457
l 6456 6458
l 6464 6465
l 6464 6466
l 6467 6468
l 6467 6469
l 6470 6471
l 6470 6472
l 6473 6474
l 6473 6475
l 6493 6494
l 6493 6495
l 6496 6497
l 6496 6498
l 6509 6510
l 6509 6511
l 6532 6533
l 6532 6534
l 6535 6536
l 6535 6537
l 6543 6544
l 6543 6545
l 6565 6566
l 6956 6958
l 6960 6961
l 7174 7175
l 7187 7188
l 7195 7196
l 7213 7214
l 7404 7405
l 7427 7428
l 7474 7475
l 7484 7485
l 7487 7488
l 7495 7496
l 7495 7497
l 7510 7511
l 7525 7526
l 7549 7550
l 7549 7551
l 7552 7553
l 7552 7554
l 7555 7556
l 7558 7559
l 7558 7560
l 7561 7562
l 7561 7563
l 7564 7565
l 7564 7566
l 7646 7647
l 7658 7657
l 7664 7663
l 7771 7773
l 7791 7793
l 7822 7823
l 8236 8237
l 8278 8279
l 8328 8329
l 8454 8455
l 8457 8458
l 8553 8552
l 8556 8555
l 8581 8582
l 8621 8620
l 8673 8675
l 8699 8701
l 8716 8717
l 8737 8738
l 8741 8740
l 8744 8743
l 8747 8745
l 8832 8833
l 8832 8834
l 8835 8836
l 8835 8837
l 8838 8839
l 8838 8840
l 8846 8847
l 8846 8848
l 8849 8850
l 8849 8851
l 8852 8853
l 8852 8854
l 8855 8856
l 8855 8857
l 8874 8875
l 8874 8876
l 8877 8878
l 8877 8879
l 8890 8891
l 8890 8892
l 8913 8914
l 8913 8915
l 8916 8917
l 8916 8918
l 8924 8925
l 8924 8926
l 9451 9452
l 9438 9457
l 9531 9532
l 9540 9541
l 9544 9545
l 9952 9953
l 9952 9954
l 9963 9964
l 9963 9965
l 10191 10192
l 10404 10405
l 10404 10406
l 445 478
l 447 479
l 1818 1819
l 1828 1829
l 1828 1830
l 1831 1832
l 1839 1840
l 1839 1841
l 1854 1855
l 1854 1856
l 1869 1870
l 1893 1894
l 1893 1895
l 1896 1897
l 1899 1900
l 1902 1903
l 1902 1904
l 1905 1906
l 1905 1907
l 1908 1909
l 1908 1910
l 1990 1991
l 1994 1993
l 2005 2004
l 2008 2007
l 2011 2010
l 2115 2117
l 2135 2137
l 2165 2167
l 2583 2584
l 2626 2627
l 2676 2677
l 2733 2734
l 2800 2801
l 2803 2804
l 2896 2895
l 2905 2904
l 2927 2928
l 2967 2966
l 3018 3020
l 3081 3082
l 3085 3084
l 3088 3087
l 3091 3089
l 3176 3177
l 3176 3178
l 3179 3180
l 3179 3181
l 3182 3183
l 3182 3184
l 3190 3191
l 3190 3192
l 3193 3194
l 3193 3195
l 3196 3197
l 3196 3198
l 3199 3200
l 3199 3201
l 3219 3220
l 3219 3221
l 3222 3223
l 3222 3224
l 3235 3236
l 3235 3237
l 3258 3259
l 3258 3260
l 3261 3262
l 3261 3263
l 3269 3270
l 3269 3271
l 3292 3293
l 3683 3685
l 3687 3688
l 3913 3914
l 3921 3922
l 3940 3939
l 4130 4131
l 4153 4154
l 4210 4211
l 4213 4214
l 4221 4222
l 4221 4223
l 4236 4237
l 4251 4252
l 4251 4253
l 4275 4276
l 4275 4277
l 4278 4279
l 4281 4282
l 4284 4285
l 4284 4286
l 4287 4288
l 4287 4289
l 4290 4291
l 4290 4292
l 4372 4373
l 4384 4383
l 4387 4386
l 4390 4389
l 4393 4392
l 4519 4520
l 4964 4965
l 5006 5007
l 5056 5057
l 5093 5094
l 5176 5177
l 5179 5180
l 5182 5183
l 5284 5283
l 5306 5307
l 5346 5345
l 5399 5401
l 5411 5412
l 5425 5427
l 5462 5463
l 5466 5465
l 5469 5468
l 5472 5470
l 5557 5558
l 5557 5559
l 5560 5561
l 5560 5562
l 5563 5564
l 5563 5565
l 5571 5572
l 5571 5573
l 5574 5575
l 5574 5576
l 5577 5578
l 5577 5579
l 5580 5581
l 5580 5582
l 5600 5601
l 5600 5602
l 5603 5604
l 5603 5605
l 5616 5617
l 5616 5618
l 5639 5640
l 5639 5641
l 5642 5643
l 5642 5644
l 5650 5651
l 5650 5652
l 5673 5674
l 6062 6064
l 6066 6067
l 6280 6281
l 6293 6292
l 6300 6301
l 6318 6319
l 6497 6498
l 6510 6511
l 6533 6534
l 6580 6581
l 6589 6590
l 6592 6593
l 6600 6601
l 6600 6602
l 6615 6616
l 6630 6631
l 6655 6656
l 6655 6657
l 6658 6659
l 6658 6660
l 6661 6662
l 6664 6665
l 6664 6666
l 6667 6668
l 6667 6669
l 6670 6671
l 6670 6672
l 6752 6753
l 6756 6755
l 6773 6772
l 6879 6880
l 6899 6900
l 7345 7346
l 7388 7389
l 7438 7439
l 7526 7527
l 7559 7560
l 7562 7563
l 7565 7566
l 7650 7649
l 7661 7660
l 7667 7666
l 7688 7689
l 7728 7727
l 7769 7770
l 7806 7808
l 7843 7844
l 7847 7846
l 7850 7849
l 7853 7851
l 7938 7939
l 7938 7940
l 7941 7942
l 7941 7943
l 7944 7945
l 7944 7946
l 7952 7953
l 7952 7954
l 7955 7956
l 7955 7957
l 7958 7959
l 7958 7960
l 7961 7962
l 7961 7963
l 7980 7981
l 7980 7982
l 7983 7984
l 7983 7985
l 7996 7997
l 7996 7998
l 8019 8020
l 8019 8021
l 8022 8023
l 8022 8024
l 8030 8031
l 8030 8032
l 8052 8053
l 8402 8403
l 8444 8446
l 8448 8449
l 8662 8663
l 8675 8674
l 8682 8683
l 8878 8879
l 8891 8892
l 8914 8915
l 9696 9697
l 9696 9698
l 9707 9708
l 9707 9709
l 9718 9719
l 9718 9720
l 9729 9730
l 9729 9731
l 9739 9740
l 9750 9751
l 9953 9954
l 9964 9965
l 10170 10171
l 10170 10172
l 10181 10182
l 10181 10183
l 35 36
l 35 37
l 38 39
l 38 40
l 41 42
l 41 43
l 44 45
l 44 46
l 47 48
l 47 49
l 50 51
l 50 52
l 53 54
l 53 55
l 56 57
l 56 58
l 59 60
l 59 61
l 62 63
l 62 64
l 65 66
l 65 67
l 68 69
l 68 70
l 71 72
l 71 73
l 74 75
l 74 76
l 77 78
l 77 79
l 86 87
l 86 88
l 89 90
l 89 91
l 92 93
l 92 94
l 95 96
l 95 97
l 98 99
l 98 100
l 101 102
l 101 103
l 104 105
l 104 106
l 107 108
l 107 109
l 110 111
l 110 112
l 113 114
l 113 115
l 116 117
l 116 118
l 119 120
l 119 121
l 122 123
l 122 124
l 125 126
l 125 127
l 134 135
l 134 136
l 137 138
l 137 139
l 140 141
l 140 142
l 143 144
l 143 145
l 146 147
l 146 148
l 149 150
l 149 151
l 152 153
l 152 154
l 161 162
l 161 163
l 164 165
l 164 166
l 167 168
l 167 169
l 170 171
l 170 172
l 173 174
l 173 175
l 176 177
l 176 178
l 179 180
l 179 181
l 182 183
l 182 184
l 185 186
l 185 187
l 188 189
l 188 190
l 191 192
l 191 193
l 194 195
l 194 196
l 197 198
l 197 199
l 200 201
l 200 202
l 203 204
l 203 205
l 206 207
l 206 208
l 215 216
l 215 217
l 218 219
l 218 220
l 221 222
l 221 223
l 224 225
l 224 226
l 227 228
l 227 229
l 230 231
l 230 232
l 233 234
l 233 235
l 236 237
l 236 238
l 239 240
l 239 241
l 242 243
l 242 244
l 245 246
l 245 247
l 248 249
l 248 250
l 251 252
l 251 253
l 254 255
l 254 256
l 257 258
l 257 259
l 266 267
l 266 268
l 269 270
l 269 271
l 278 279
l 280 281
l 294 295
l 296 297
l 298 299
l 300 301
l 302 303
l 304 305
l 309 310
l 311 312
l 325 326
l 327 328
l 329 330
l 331 332
l 333 334
l 335 336
l 440 441
l 442 443
l 454 455
l 456 457
l 464 465
l 466 467
l 468 469
l 470 471
l 472 473
l 474 475
l 446 477
l 363 481
l 484 485
l 486 487
l 488 489
l 490 491
l 492 493
l 494 495
l 496 497
l 496 498
l 499 500
l 499 501
l 502 503
l 504 505
l 504 506
l 507 508
l 509 510
l 511 512
l 514 515
l 516 517
l 519 520
l 519 521
l 522 523
l 522 524
l 525 526
l 528 529
l 528 530
l 531 532
l 531 533
l 534 535
l 534 536
l 543 544
l 546 547
l 546 548
l 549 550
l 549 551
l 552 553
l 555 556
l 555 557
l 558 559
l 558 560
l 561 562
l 561 563
l 564 565
l 564 566
l 567 568
l 567 569
l 570 571
l 573 574
l 576 577
l 576 578
l 579 580
l 579 581
l 582 583
l 582 584
l 585 586
l 585 587
l 588 589
l 588 590
l 591 592
l 591 593
l 594 595
l 594 596
l 597 598
l 597 599
l 600 601
l 600 602
l 603 604
l 603 605
l 606 607
l 606 608
l 609 610
l 609 611
l 612 613
l 615 616
l 615 617
l 618 619
l 618 620
l 621 622
l 621 623
l 624 625
l 624 626
l 627 628
l 627 629
l 630 631
l 633 634
l 633 635
l 636 637
l 636 638
l 639 640
l 639 641
l 642 643
l 642 644
l 645 646
l 645 647
l 648 649
l 648 650
l 651 652
l 651 653
l 654 655
l 654 656
l 657 658
l 657 659
l 660 661
l 660 662
l 663 664
l 663 665
l 666 667
l 666 668
l 669 670
l 672 673
l 672 674
l 675 676
l 675 677
l 678 679
l 681 682
l 681 683
l 684 685
l 684 686
l 687 688
l 687 689
l 690 691
l 690 692
l 693 694
l 693 695
l 696 697
l 696 698
l 699 700
l 699 701
l 702 703
l 702 704
l 705 706
l 705 707
l 708 709
l 708 710
l 711 712
l 714 715
l 714 716
l 717 718
l 717 719
l 720 721
l 720 722
l 723 724
l 723 725
l 726 727
l 726 728
l 729 730
l 729 731
l 732 733
l 735 736
l 738 739
l 741 742
l 741 743
l 744 745
l 744 746
l 747 748
l 750 751
l 750 752
l 753 754
l 753 755
l 756 757
l 756 758
l 759 760
l 759 761
l 762 763
l 762 764
l 765 766
l 765 767
l 768 769
l 768 770
l 771 772
l 771 773
l 774 775
l 774 776
l 777 778
l 777 779
l 780 781
l 783 784
l 783 785
l 786 787
l 786 788
l 789 790
l 789 791
l 792 793
l 792 794
l 795 796
l 798 799
l 801 802
l 801 803
l 804 805
l 807 808
l 807 809
l 810 811
l 810 812
l 813 814
l 813 815
l 816 817
l 816 818
l 819 820
l 822 823
l 822 824
l 855 856
l 855 857
l 876 877
l 876 878
l 879 880
l 879 881
l 882 883
l 885 886
l 885 887
l 888 889
l 891 892
l 891 893
l 894 895
l 894 896
l 897 898
l 897 899
l 900 901
l 903 904
l 903 905
l 906 907
l 906 908
l 909 910
l 909 911
l 951 952
l 1123 1124
l 1410 1411
l 1417 1418
l 1415 1416
l 1429 1430
l 1433 1434
l 1437 1438
l 1441 1442
l 1494 1495
l 1410 1763
l 1870 1871
l 1903 1904
l 1906 1907
l 1909 1910
l 2002 2001
l 2072 2071
l 2113 2114
l 2187 2188
l 2191 2190
l 2194 2193
l 2197 2195
l 2282 2283
l 2282 2284
l 2285 2286
l 2285 2287
l 2288 2289
l 2288 2290
l 2296 2297
l 2296 2298
l 2299 2300
l 2299 2301
l 2302 2303
l 2302 2304
l 2305 2306
l 2305 2307
l 2325 2326
l 2325 2327
l 2328 2329
l 2328 2330
l 2341 2342
l 2341 2343
l 2364 2365
l 2364 2366
l 2367 2368
l 2367 2369
l 2375 2376
l 2375 2377
l 2398 2399
l 2722 2723
l 2748 2749
l 2790 2792
l 2794 2795
l 3008 3009
l 3027 3028
l 3045 3046
l 3093 3094
l 3223 3224
l 3236 3237
l 3259 3260
l 3317 3318
l 3317 3319
l 3320 3321
l 3328 3329
l 3343 3344
l 3383 3384
l 3383 3385
l 3386 3387
l 3389 3390
l 3392 3393
l 3392 3394
l 3395 3396
l 3395 3397
l 3398 3399
l 3398 3400
l 3480 3481
l 3495 3494
l 3498 3497
l 3607 3608
l 3627 3628
l 3657 3658
l 4071 4072
l 4114 4115
l 4164 4165
l 4288 4289
l 4291 4292
l 4376 4375
l 4414 4415
l 4454 4453
l 4571 4572
l 4575 4574
l 4578 4577
l 4581 4579
l 4666 4667
l 4666 4668
l 4669 4670
l 4669 4671
l 4672 4673
l 4672 4674
l 4680 4681
l 4680 4682
l 4683 4684
l 4683 4685
l 4686 4687
l 4686 4688
l 4689 4690
l 4689 4691
l 4708 4709
l 4708 4710
l 4711 4712
l 4711 4713
l 4724 4725
l 4724 4726
l 4747 4748
l 4747 4749
l 4750 4751
l 4750 4752
l 4758 4759
l 4758 4760
l 4780 4781
l 5170 5171
l 5173 5174
l 5388 5389
l 5408 5409
l 5617 5618
l 5640 5641
l 5688 5689
l 5697 5698
l 5697 5699
l 5700 5701
l 5708 5709
l 5723 5724
l 5738 5739
l 5762 5763
l 5762 5764
l 5765 5766
l 5765 5767
l 5768 5769
l 5771 5772
l 5771 5773
l 5774 5775
l 5774 5776
l 5777 5778
l 5777 5779
l 5859 5860
l 5863 5862
l 5874 5873
l 5877 5876
l 5880 5879
l 5985 5986
l 6004 6006
l 6451 6452
l 6494 6495
l 6544 6545
l 6581 6582
l 6665 6666
l 6668 6669
l 6671 6672
l 6764 6763
l 6767 6766
l 6770 6769
l 6835 6834
l 6951 6952
l 6955 6954
l 6958 6957
l 6961 6959
l 7046 7047
l 7046 7048
l 7049 7050
l 7049 7051
l 7052 7053
l 7052 7054
l 7060 7061
l 7060 7062
l 7063 7064
l 7063 7065
l 7066 7067
l 7066 7068
l 7069 7070
l 7069 7071
l 7089 7090
l 7089 7091
l 7092 7093
l 7092 7094
l 7105 7106
l 7105 7107
l 7128 7129
l 7128 7130
l 7131 7132
l 7131 7133
l 7139 7140
l 7139 7141
l 7161 7162
l 7553 7554
l 7556 7557
l 7781 7782
l 7789 7790
l 7997 7998
l 8020 8021
l 8077 8078
l 8080 8081
l 8088 8089
l 8103 8104
l 8118 8119
l 8142 8143
l 8142 8144
l 8145 8146
l 8148 8149
l 8151 8152
l 8151 8153
l 8154 8155
l 8154 8156
l 8157 8158
l 8157 8159
l 8239 8240
l 8243 8242
l 8251 8250
l 8254 8253
l 8260 8259
l 8376 8377
l 8387 8388
l 8833 8834
l 8875 8876
l 8925 8926
l 9439 9440
l 9445 9446
l 9490 9491
l 9546 9547
l 9697 9698
l 9719 9720
l 9910 9911
l 9921 9922
l 9921 9923
l 9932 9933
l 9932 9934
l 9943 9944
l 9943 9945
l 10171 10172
l 10182 10183
l 10384 10385
l 10384 10386
l 10395 10396
l 10395 10397
l 10405 10406
l 1426 1425
l 1894 1895
l 1896 1898
l 1900 1901
l 2126 2125
l 2133 2134
l 2151 2152
l 2199 2200
l 2342 2343
l 2365 2366
l 2423 2424
l 2423 2425
l 2426 2427
l 2434 2435
l 2434 2436
l 2449 2450
l 2449 2451
l 2489 2490
l 2489 2491
l 2492 2493
l 2495 2496
l 2498 2499
l 2498 2500
l 2501 2502
l 2501 2503
l 2504 2505
l 2504 2506
l 2586 2587
l 2590 2589
l 2598 2597
l 2601 2600
l 2604 2603
l 2713 2714
l 2732 2734
l 3177 3178
l 3220 3221
l 3270 3271
l 3396 3397
l 3399 3400
l 3484 3483
l 3492 3491
l 3501 3500
l 3563 3562
l 3678 3679
l 3682 3681
l 3685 3684
l 3688 3686
l 3773 3774
l 3776 3777
l 3776 3778
l 3779 3780
l 3779 3781
l 3787 3788
l 3787 3789
l 3790 3791
l 3790 3792
l 3793 3794
l 3793 3795
l 3796 3797
l 3796 3798
l 3815 3816
l 3815 3817
l 3818 3819
l 3818 3820
l 3831 3832
l 3831 3833
l 3854 3855
l 3854 3856
l 3857 3858
l 3857 3859
l 3865 3866
l 3865 3867
l 3887 3888
l 4278 4280
l 4282 4283
l 4495 4496
l 4509 4508
l 4516 4517
l 4535 4534
l 4725 4726
l 4748 4749
l 4795 4796
l 4804 4805
l 4804 4806
l 4807 4808
l 4815 4816
l 4815 4817
l 4830 4831
l 4830 4832
l 4845 4846
l 4870 4871
l 4870 4872
l 4873 4874
l 4876 4877
l 4879 4880
l 4879 4881
l 4882 4883
l 4882 4884
l 4885 4886
l 4885 4887
l 4967 4968
l 4971 4970
l 4979 4978
l 4982 4981
l 4985 4984
l 4988 4987
l 5092 5094
l 5112 5114
l 5143 5144
l 5558 5559
l 5601 5602
l 5651 5652
l 5689 5690
l 5709 5710
l 5739 5740
l 5772 5773
l 5775 5776
l 5778 5779
l 5871 5870
l 5901 5902
l 5941 5940
l 5982 5983
l 6005 6006
l 6019 6021
l 6036 6037
l 6057 6058
l 6061 6060
l 6064 6063
l 6067 6065
l 6152 6153
l 6152 6154
l 6155 6156
l 6155 6157
l 6158 6159
l 6158 6160
l 6166 6167
l 6166 6168
l 6169 6170
l 6169 6171
l 6172 6173
l 6172 6174
l 6175 6176
l 6175 6177
l 6195 6196
l 6195 6197
l 6198 6199
l 6198 6200
l 6211 6212
l 6211 6213
l 6234 6235
l 6234 6236
l 6237 6238
l 6237 6239
l 6245 6246
l 6245 6247
l 6267 6268
l 6659 6660
l 6662 6663
l 6876 6877
l 6889 6888
l 6896 6897
l 6915 6914
l 7106 7107
l 7129 7130
l 7186 7187
l 7186 7188
l 7189 7190
l 7197 7198
l 7212 7213
l 7212 7214
l 7227 7228
l 7251 7252
l 7251 7253
l 7254 7255
l 7254 7256
l 7257 7258
l 7260 7261
l 7260 7262
l 7263 7264
l 7263 7265
l 7266 7267
l 7266 7268
l 7348 7349
l 7366 7365
l 7369 7368
l 7485 7486
l 7496 7497
l 7525 7527
l 7939 7940
l 7981 7982
l 8031 8032
l 8119 8120
l 8155 8156
l 8158 8159
l 8257 8256
l 8321 8320
l 8363 8364
l 8375 8377
l 8401 8403
l 8439 8440
l 8443 8442
l 8446 8445
l 8449 8447
l 8534 8535
l 8537 8538
l 8537 8539
l 8540 8541
l 8540 8542
l 8548 8549
l 8548 8550
l 8551 8552
l 8551 8553
l 8554 8555
l 8554 8556
l 8557 8558
l 8557 8559
l 8577 8578
l 8577 8579
l 8580 8581
l 8580 8582
l 8593 8594
l 8593 8595
l 8616 8617
l 8616 8618
l 8619 8620
l 8619 8621
l 8627 8628
l 8627 8629
l 8649 8650
l 9438 9439
l 9708 9709
l 9730 9731
l 9761 9762
l 9910 9912
l 9922 9923
l 9944 9945
l 10128 10129
l 10128 10130
l 10139 10140
l 10139 10141
l 10150 10151
l 10150 10152
l 10161 10162
l 10161 10163
l 10530 10531
l 444 476
l 361 480
l 517 518
l 553 554
l 679 680
l 739 740
l 796 797
l 1264 1263
l 1273 1274
l 1341 1342
l 1343 1344
l 1345 1346
l 1347 1348
l 1349 1350
l 1372 1373
l 1428 1427
l 1562 1563
l 1840 1841
l 1869 1871
l 2283 2284
l 2326 2327
l 2376 2377
l 2499 2500
l 2502 2503
l 2505 2506
l 2607 2606
l 2629 2630
l 2669 2668
l 2721 2723
l 2747 2749
l 2764 2765
l 2785 2786
l 2789 2788
l 2792 2791
l 2795 2793
l 2880 2881
l 2883 2884
l 2883 2885
l 2886 2887
l 2886 2888
l 2894 2895
l 2894 2896
l 2897 2898
l 2897 2899
l 2900 2901
l 2900 2902
l 2903 2904
l 2903 2905
l 2923 2924
l 2923 2925
l 2926 2927
l 2926 2928
l 2939 2940
l 2939 2941
l 2962 2963
l 2962 2964
l 2965 2966
l 2965 2967
l 2973 2974
l 2973 2975
l 2995 2996
l 3344 3345
l 3384 3385
l 3386 3388
l 3390 3391
l 3604 3605
l 3617 3616
l 3624 3625
l 3642 3643
l 3774 3775
l 3819 3820
l 3832 3833
l 3855 3856
l 3902 3903
l 3912 3913
l 3912 3914
l 3915 3916
l 3923 3924
l 3923 3925
l 3938 3939
l 3938 3940
l 3953 3954
l 3953 3955
l 3977 3978
l 3977 3979
l 3980 3981
l 3983 3984
l 3986 3987
l 3986 3988
l 3989 3990
l 3989 3991
l 3992 3993
l 3992 3994
l 4074 4075
l 4078 4077
l 4089 4088
l 4095 4094
l 4211 4212
l 4222 4223
l 4237 4238
l 4252 4253
l 4667 4668
l 4709 4710
l 4759 4760
l 4796 4797
l 4880 4881
l 4883 4884
l 4886 4887
l 5009 5010
l 5049 5048
l 5090 5091
l 5113 5114
l 5127 5129
l 5164 5165
l 5168 5167
l 5174 5172
l 5259 5260
l 5259 5261
l 5262 5263
l 5262 5264
l 5265 5266
l 5265 5267
l 5273 5274
l 5273 5275
l 5276 5277
l 5276 5278
l 5279 5280
l 5279 5281
l 5282 5283
l 5282 5284
l 5302 5303
l 5302 5304
l 5305 5306
l 5305 5307
l 5318 5319
l 5318 5320
l 5341 5342
l 5341 5343
l 5344 5345
l 5344 5346
l 5352 5353
l 5352 5354
l 5375 5376
l 5724 5725
l 5766 5767
l 5769 5770
l 5995 5994
l 6002 6003
l 6021 6020
l 6212 6213
l 6235 6236
l 6282 6283
l 6282 6284
l 6291 6292
l 6291 6293
l 6294 6295
l 6302 6303
l 6302 6304
l 6317 6318
l 6317 6319
l 6332 6333
l 6357 6358
l 6357 6359
l 6360 6361
l 6363 6364
l 6366 6367
l 6366 6368
l 6369 6370
l 6369 6371
l 6372 6373
l 6372 6374
l 6454 6455
l 6466 6465
l 6472 6471
l 6475 6474
l 6580 6582
l 6590 6591
l 6601 6602
l 6616 6617
l 7047 7048
l 7090 7091
l 7140 7141
l 7198 7199
l 7228 7229
l 7261 7262
l 7264 7265
l 7267 7268
l 7352 7351
l 7360 7359
l 7363 7362
l 7391 7392
l 7431 7430
l 7484 7486
l 7510 7512
l 7547 7548
l 7551 7550
l 7557 7555
l 7642 7643
l 7642 7644
l 7645 7646
l 7645 7647
l 7648 7649
l 7648 7650
l 7656 7657
l 7656 7658
l 7659 7660
l 7659 7661
l 7662 7663
l 7662 7664
l 7665 7666
l 7665 7667
l 7684 7685
l 7684 7686
l 7687 7688
l 7687 7689
l 7700 7701
l 7700 7702
l 7723 7724
l 7723 7725
l 7726 7727
l 7726 7728
l 7734 7735
l 7734 7736
l 7756 7757
l 8145 8147
l 8149 8150
l 8384 8385
l 8451 8452
l 8535 8536
l 8594 8595
l 8617 8618
l 8664 8665
l 8664 8666
l 8673 8674
l 8676 8677
l 8684 8685
l 8684 8686
l 8699 8700
l 8739 8740
l 8739 8741
l 8742 8743
l 8745 8746
l 8748 8749
l 8748 8750
l 8751 8752
l 8751 8753
l 8754 8755
l 8754 8756
l 8836 8837
l 8857 8856
l 9099 9098
l 9443 9444
l 9444 9445
l 9448 9449
l 9449 9450
l 9450 9451
l 9454 9455
l 9456 9457
l 9533 9534
l 9535 9536
l 9535 9537
l 9538 9539
l 9542 9543
l 9911 9912
l 9933 9934
l 9978 9979
l 10140 10141
l 10162 10163
l 10342 10343
l 10342 10344
l 10353 10354
l 10353 10355
l 10364 10365
l 10364 10366
l 10375 10376
l 10375 10377
l 10385 10386
l 10396 10397
l 10530 10532
l 613 614
l 631 632
l 712 713
l 799 800
l 820 821
l 889 890
l 901 902
l 1816 1817
l 1891 1892
l 1898 1897
l 1901 1899
l 1986 1987
l 1986 1988
l 1989 1990
l 1989 1991
l 1992 1993
l 1992 1994
l 2000 2001
l 2000 2002
l 2003 2004
l 2003 2005
l 2006 2007
l 2006 2008
l 2009 2010
l 2009 2011
l 2028 2029
l 2028 2030
l 2031 2032
l 2031 2033
l 2044 2045
l 2044 2046
l 2067 2068
l 2067 2069
l 2070 2071
l 2070 2072
l 2078 2079
l 2078 2080
l 2100 2101
l 2492 2494
l 2496 2497
l 2710 2711
l 2730 2731
l 2797 2798
l 2881 2882
l 2940 2941
l 2963 2964
l 3010 3011
l 3010 3012
l 3018 3019
l 3021 3022
l 3029 3030
l 3044 3045
l 3044 3046
l 3059 3060
l 3083 3084
l 3083 3085
l 3086 3087
l 3089 3090
l 3092 3093
l 3092 3094
l 3095 3096
l 3095 3097
l 3098 3099
l 3098 3100
l 3180 3181
l 3195 3194
l 3201 3200
l 3328 3330
l 3773 3775
l 3816 3817
l 3866 3867
l 3987 3988
l 3990 3991
l 3993 3994
l 4086 4085
l 4092 4091
l 4117 4118
l 4157 4156
l 4203 4204
l 4210 4212
l 4236 4238
l 4273 4274
l 4277 4276
l 4280 4279
l 4283 4281
l 4368 4369
l 4368 4370
l 4371 4372
l 4371 4373
l 4374 4375
l 4374 4376
l 4382 4383
l 4382 4384
l 4385 4386
l 4385 4387
l 4388 4389
l 4388 4390
l 4391 4392
l 4391 4393
l 4410 4411
l 4410 4412
l 4413 4414
l 4413 4415
l 4426 4427
l 4426 4428
l 4449 4450
l 4449 4451
l 4452 4453
l 4452 4454
l 4460 4461
l 4460 4462
l 4482 4483
l 4873 4875
l 4877 4878
l 5102 5103
l 5110 5111
l 5129 5128
l 5319 5320
l 5342 5343
l 5390 5391
l 5399 5400
l 5402 5403
l 5410 5411
l 5425 5426
l 5440 5441
l 5464 5465
l 5464 5466
l 5467 5468
l 5470 5471
l 5473 5474
l 5473 5475
l 5476 5477
l 5476 5478
l 5479 5480
l 5479 5481
l 5561 5562
l 5565 5564
l 5582 5581
l 5688 5690
l 5708 5710
l 5738 5740
l 6153 6154
l 6196 6197
l 6246 6247
l 6367 6368
l 6370 6371
l 6373 6374
l 6458 6457
l 6469 6468
l 6537 6536
l 6578 6579
l 6589 6591
l 6615 6617
l 6653 6654
l 6657 6656
l 6663 6661
l 6748 6749
l 6751 6752
l 6751 6753
l 6754 6755
l 6754 6756
l 6762 6763
l 6762 6764
l 6765 6766
l 6765 6767
l 6768 6769
l 6768 6770
l 6771 6772
l 6771 6773
l 6791 6792
l 6791 6793
l 6794 6795
l 6794 6796
l 6807 6808
l 6807 6809
l 6830 6831
l 6830 6832
l 6833 6834
l 6833 6835
l 6841 6842
l 6841 6843
l 6863 6864
l 7255 7256
l 7258 7259
l 7472 7473
l 7493 7494
l 7512 7511
l 7701 7702
l 7724 7725
l 7771 7772
l 7780 7781
l 7780 7782
l 7783 7784
l 7791 7792
l 7806 7807
l 7821 7822
l 7821 7823
l 7845 7846
l 7845 7847
l 7848 7849
l 7851 7852
l 7854 7855
l 7854 7856
l 7857 7858
l 7857 7859
l 7860 7861
l 7860 7862
l 7942 7943
l 7946 7945
l 7954 7953
l 7960 7959
l 8088 8090
l 8118 8120
l 8534 8536
l 8578 8579
l 8628 8629
l 8749 8750
l 8752 8753
l 8755 8756
l 8840 8839
l 8848 8847
l 8851 8850
l 8854 8853
l 8918 8917
l 9758 9759
l 9758 9760
l 10129 10130
l 10151 10152
l 10193 10194
l 10343 10344
l 10365 10366
l 37 36
l 43 42
l 46 45
l 52 51
l 58 57
l 61 60
l 64 63
l 67 66
l 70 69
l 79 78
l 100 99
l 112 111
l 115 114
l 118 117
l 121 120
l 127 126
l 136 135
l 142 141
l 145 144
l 154 153
l 163 162
l 166 165
l 169 168
l 178 177
l 181 180
l 184 183
l 190 189
l 193 192
l 202 201
l 208 207
l 220 219
l 223 222
l 229 228
l 232 231
l 238 237
l 247 246
l 511 513
l 516 518
l 525 527
l 543 545
l 552 554
l 570 572
l 573 575
l 612 614
l 630 632
l 669 671
l 678 680
l 711 713
l 732 734
l 735 737
l 738 740
l 747 749
l 780 782
l 795 797
l 798 800
l 804 806
l 819 821
l 882 884
l 888 890
l 900 902
l 921 922
l 923 924
l 968 969
l 970 971
l 991 992
l 993 994
l 1283 1284
l 1412 1413
l 1412 1414
l 1414 1413
l 1431 1432
l 1435 1436
l 1439 1440
l 1443 1444
l 1461 1460
l 1475 1474
l 1830 1829
l 1837 1838
l 1856 1855
l 2032 2033
l 2045 2046
l 2068 2069
l 2115 2116
l 2124 2125
l 2124 2126
l 2127 2128
l 2135 2136
l 2150 2151
l 2150 2152
l 2165 2166
l 2189 2190
l 2189 2191
l 2192 2193
l 2195 2196
l 2198 2199
l 2198 2200
l 2201 2202
l 2201 2203
l 2204 2205
l 2204 2206
l 2286 2287
l 2290 2289
l 2307 2306
l 2435 2436
l 2880 2882
l 2924 2925
l 2974 2975
l 3030 3031
l 3060 3061
l 3096 3097
l 3099 3100
l 3184 3183
l 3192 3191
l 3198 3197
l 3263 3262
l 3305 3306
l 3309 3310
l 3329 3330
l 3343 3345
l 3360 3361
l 3381 3382
l 3388 3387
l 3391 3389
l 3476 3477
l 3479 3480
l 3479 3481
l 3482 3483
l 3482 3484
l 3490 3491
l 3490 3492
l 3493 3494
l 3493 3495
l 3496 3497
l 3496 3498
l 3499 3500
l 3499 3501
l 3519 3520
l 3519 3521
l 3522 3523
l 3522 3524
l 3535 3536
l 3535 3537
l 3558 3559
l 3558 3560
l 3561 3562
l 3561 3563
l 3569 3570
l 3569 3571
l 3591 3592
l 3980 3982
l 3984 3985
l 4199 4200
l 4219 4220
l 4285 4286
l 4427 4428
l 4450 4451
l 4497 4498
l 4507 4508
l 4507 4509
l 4510 4511
l 4518 4519
l 4518 4520
l 4533 4534
l 4533 4535
l 4548 4549
l 4573 4574
l 4573 4575
l 4576 4577
l 4579 4580
l 4582 4583
l 4582 4584
l 4585 4586
l 4585 4587
l 4588 4589
l 4588 4590
l 4670 4671
l 4682 4681
l 4795 4797
l 4816 4817
l 5260 5261
l 5303 5304
l 5353 5354
l 5391 5392
l 5441 5442
l 5474 5475
l 5477 5478
l 5480 5481
l 5573 5572
l 5576 5575
l 5579 5578
l 5604 5605
l 5644 5643
l 5723 5725
l 5760 5761
l 5764 5763
l 5770 5768
l 5855 5856
l 5858 5859
l 5858 5860
l 5861 5862
l 5861 5863
l 5869 5870
l 5869 5871
l 5872 5873
l 5872 5874
l 5875 5876
l 5875 5877
l 5878 5879
l 5878 5880
l 5897 5898
l 5897 5899
l 5900 5901
l 5900 5902
l 5913 5914
l 5913 5915
l 5936 5937
l 5936 5938
l 5939 5940
l 5939 5941
l 5947 5948
l 5947 5949
l 5969 5970
l 6360 6362
l 6364 6365
l 6598 6599
l 6749 6750
l 6795 6796
l 6808 6809
l 6831 6832
l 6878 6879
l 6878 6880
l 6887 6888
l 6887 6889
l 6890 6891
l 6898 6899
l 6898 6900
l 6913 6914
l 6913 6915
l 6928 6929
l 6953 6954
l 6953 6955
l 6956 6957
l 6959 6960
l 6962 6963
l 6962 6964
l 6965 6966
l 6965 6967
l 6968 6969
l 6968 6970
l 7050 7051
l 7054 7053
l 7062 7061
l 7197 7199
l 7227 7229
l 7643 7644
l 7685 7686
l 7735 7736
l 7772 7773
l 7792 7793
l 7855 7856
l 7858 7859
l 7861 7862
l 7957 7956
l 7963 7962
l 7984 7985
l 8024 8023
l 8065 8066
l 8069 8070
l 8077 8079
l 8089 8090
l 8103 8105
l 8140 8141
l 8144 8143
l 8147 8146
l 8150 8148
l 8235 8236
l 8235 8237
l 8238 8239
l 8238 8240
l 8241 8242
l 8241 8243
l 8249 8250
l 8249 8251
l 8252 8253
l 8252 8254
l 8255 8256
l 8255 8257
l 8258 8259
l 8258 8260
l 8277 8278
l 8277 8279
l 8280 8281
l 8280 8282
l 8293 8294
l 8293 8295
l 8316 8317
l 8316 8318
l 8319 8320
l 8319 8321
l 8327 8328
l 8327 8329
l 8350 8351
l 8742 8744
l 8746 8747
l 9440 9441
l 9441 9442
l 9442 9443
l 9446 9447
l 9447 9448
l 9455 9456
l 9492 9494
l 9972 9973
l 9972 9974
l 10354 10355
l 10376 10377
l 40 39
l 49 48
l 55 54
l 73 72
l 76 75
l 88 87
l 91 90
l 94 93
l 97 96
l 103 102
l 106 105
l 109 108
l 124 123
l 139 138
l 148 147
l 151 150
l 172 171
l 175 174
l 187 186
l 196 195
l 199 198
l 205 204
l 217 216
l 226 225
l 235 234
l 241 240
l 244 243
l 250 249
l 253 252
l 256 255
l 259 258
l 268 267
l 271 270
l 362 482
l 364 483
l 497 498
l 501 500
l 505 506
l 513 512
l 521 520
l 524 523
l 527 526
l 530 529
l 532 533
l 536 535
l 545 544
l 548 547
l 550 551
l 557 556
l 560 559
l 563 562
l 566 565
l 569 568
l 572 571
l 575 574
l 578 577
l 580 581
l 584 583
l 586 587
l 590 589
l 593 592
l 596 595
l 598 599
l 601 602
l 605 604
l 607 608
l 611 610
l 616 617
l 620 619
l 623 622
l 626 625
l 628 629
l 635 634
l 638 637
l 641 640
l 643 644
l 647 646
l 650 649
l 652 653
l 655 656
l 658 659
l 662 661
l 664 665
l 668 667
l 671 670
l 673 674
l 677 676
l 683 682
l 686 685
l 689 688
l 692 691
l 695 694
l 697 698
l 700 701
l 703 704
l 707 706
l 710 709
l 716 715
l 718 719
l 721 722
l 725 724
l 728 727
l 731 730
l 734 733
l 737 736
l 742 743
l 746 745
l 749 748
l 752 751
l 755 754
l 757 758
l 761 760
l 764 763
l 766 767
l 769 770
l 773 772
l 776 775
l 778 779
l 782 781
l 784 785
l 787 788
l 790 791
l 793 794
l 802 803
l 806 805
l 809 808
l 812 811
l 814 815
l 817 818
l 824 823
l 857 856
l 878 877
l 881 880
l 884 883
l 886 887
l 893 892
l 896 895
l 899 898
l 904 905
l 907 908
l 911 910
l 1241 1240
l 1496 1497
l 1432 1561
l 1411 1763
l 1987 1988
l 2029 2030
l 2079 2080
l 2116 2117
l 2136 2137
l 2166 2167
l 2202 2203
l 2205 2206
l 2298 2297
l 2301 2300
l 2304 2303
l 2329 2330
l 2369 2368
l 2411 2412
l 2415 2416
l 2466 2467
l 2487 2488
l 2491 2490
l 2494 2493
l 2497 2495
l 2582 2583
l 2582 2584
l 2585 2586
l 2585 2587
l 2588 2589
l 2588 2590
l 2596 2597
l 2596 2598
l 2599 2600
l 2599 2601
l 2602 2603
l 2602 2604
l 2605 2606
l 2605 2607
l 2625 2626
l 2625 2627
l 2628 2629
l 2628 2630
l 2641 2642
l 2641 2643
l 2664 2665
l 2664 2666
l 2667 2668
l 2667 2669
l 2675 2676
l 2675 2677
l 2697 2698
l 3086 3088
l 3090 3091
l 3318 3319
l 3326 3327
l 3393 3394
l 3477 3478
l 3523 3524
l 3536 3537
l 3559 3560
l 3606 3607
l 3606 3608
l 3615 3616
l 3615 3617
l 3618 3619
l 3626 3627
l 3626 3628
l 3641 3642
l 3641 3643
l 3656 3657
l 3656 3658
l 3680 3681
l 3680 3682
l 3683 3684
l 3686 3687
l 3689 3690
l 3689 3691
l 3692 3693
l 3692 3694
l 3695 3696
l 3695 3697
l 3777 3778
l 3781 3780
l 3798 3797
l 3924 3925
l 3954 3955
l 4369 4370
l 4411 4412
l 4461 4462
l 4583 4584
l 4586 4587
l 4589 4590
l 4674 4673
l 4685 4684
l 4688 4687
l 4691 4690
l 4712 4713
l 4752 4751
l 4868 4869
l 4872 4871
l 4875 4874
l 4878 4876
l 4963 4964
l 4963 4965
l 4966 4967
l 4966 4968
l 4969 4970
l 4969 4971
l 4977 4978
l 4977 4979
l 4980 4981
l 4980 4982
l 4983 4984
l 4983 4985
l 4986 4987
l 4986 4988
l 5005 5006
l 5005 5007
l 5008 5009
l 5008 5010
l 5021 5022
l 5021 5023
l 5044 5045
l 5044 5046
l 5047 5048
l 5047 5049
l 5055 5056
l 5055 5057
l 5077 5078
l 5400 5401
l 5426 5427
l 5467 5469
l 5471 5472
l 5686 5687
l 5698 5699
l 5706 5707
l 5856 5857
l 5914 5915
l 5937 5938
l 5984 5985
l 5984 5986
l 5993 5994
l 5993 5995
l 5996 5997
l 6004 6005
l 6019 6020
l 6059 6060
l 6059 6061
l 6062 6063
l 6065 6066
l 6068 6069
l 6068 6070
l 6071 6072
l 6071 6073
l 6074 6075
l 6074 6076
l 6156 6157
l 6160 6159
l 6171 6170
l 6174 6173
l 6177 6176
l 6283 6284
l 6303 6304
l 6748 6750
l 6792 6793
l 6842 6843
l 6963 6964
l 6966 6967
l 6969 6970
l 7065 7064
l 7068 7067
l 7071 7070
l 7093 7094
l 7133 7132
l 7178 7179
l 7249 7250
l 7253 7252
l 7259 7257
l 7344 7345
l 7344 7346
l 7347 7348
l 7347 7349
l 7350 7351
l 7350 7352
l 7358 7359
l 7358 7360
l 7361 7362
l 7361 7363
l 7364 7365
l 7364 7366
l 7367 7368
l 7367 7369
l 7387 7388
l 7387 7389
l 7390 7391
l 7390 7392
l 7403 7404
l 7403 7405
l 7426 7427
l 7426 7428
l 7429 7430
l 7429 7431
l 7437 7438
l 7437 7439
l 7459 7460
l 7807 7808
l 7848 7850
l 7852 7853
l 8079 8078
l 8086 8087
l 8105 8104
l 8152 8153
l 8281 8282
l 8294 8295
l 8317 8318
l 8365 8366
l 8375 8376
l 8378 8379
l 8386 8387
l 8386 8388
l 8401 8402
l 8416 8417
l 8441 8442
l 8441 8443
l 8444 8445
l 8447 8448
l 8450 8451
l 8450 8452
l 8453 8454
l 8453 8455
l 8456 8457
l 8456 8458
l 8538 8539
l 8542 8541
l 8550 8549
l 8559 8558
l 8665 8666
l 8685 8686
l 8700 8701
l 9536 9537
l 9738 9739
l 9738 9740
l 9749 9750
l 9749 9751
l 9759 9760
l 9973 9974
l 10190 10191
l 10190 10192
l 10532 10531
