# Blender 4.2.2 LTS
# www.blender.org
mtllib SMRV.mtl
o Deep_Space_Network_34-meter_Antenna
v 0.242975 -0.458516 0.075961
v 0.336035 -0.365456 0.448205
v -0.036208 -0.272395 0.355144
v -2.962686 5.351944 0.149722
v -2.979681 5.521675 0.149722
v 0.448949 5.971501 0.065781
v -0.152839 5.972347 0.461970
v 0.149914 6.992232 0.261356
v 1.664709 3.486895 -0.827756
v 1.664709 3.491623 -0.365643
v -0.812496 3.489261 -0.596700
v 1.854400 3.489258 -0.365644
v 1.626772 3.489259 -3.043767
v 2.082028 3.489259 -3.043767
v 0.151912 2.219929 -1.431693
v -0.079735 2.219927 -3.043767
v 0.383559 2.219927 -3.043767
v -1.504707 0.583624 -1.777616
v 1.206508 0.583624 -2.362643
v 1.206508 0.583624 -1.192589
v 0.858162 4.550581 -2.133211
v -0.499226 4.593734 -2.734164
v 0.858162 4.550581 -2.753370
v 3.282328 5.533934 0.155337
v -3.052510 5.533899 0.896962
v -3.052510 5.533899 -0.586289
v 1.329283 4.550571 -1.903042
v -0.499074 4.550581 -1.651629
v -0.499074 4.550581 -2.154456
v -1.490525 1.464119 -0.686747
v 1.204144 1.464118 0.315481
v -1.490525 1.464120 1.317709
v 1.170931 5.454748 -0.546653
v 1.090958 5.454859 -0.614415
v 1.130945 5.460487 -0.579853
v 1.130944 5.395547 -0.654080
v 1.090958 5.401374 -0.687208
v 1.170931 5.401255 -0.619488
v 1.130944 5.338219 -0.727358
v 1.090958 5.344053 -0.760472
v 1.170931 5.344119 -0.692708
v 1.130944 5.280898 -0.800625
v 1.090958 5.286729 -0.833745
v 1.170931 5.286800 -0.765984
v 1.130945 5.223857 -0.876155
v 1.090958 5.229775 -0.909346
v 1.170931 5.229293 -0.841676
v 1.130945 5.166397 -0.949481
v 1.090958 5.172271 -0.982641
v 1.170931 5.171956 -0.914948
v 1.130944 5.108926 -1.020466
v 1.090958 5.114758 -1.053596
v 1.170931 5.114651 -0.985855
v 1.130944 5.051166 -1.095990
v 1.090958 5.057040 -1.129177
v 1.170931 5.056734 -1.061475
v 1.130944 4.993845 -1.169266
v 1.090958 4.999725 -1.202452
v 1.170931 4.999415 -1.134752
v 1.130944 4.936524 -1.242542
v 1.090958 4.942405 -1.275746
v 1.170931 4.941914 -1.208074
v 1.130945 4.879203 -1.315850
v 1.090958 4.885077 -1.349007
v 1.170931 4.884964 -1.281272
v 1.130944 4.821883 -1.391458
v 1.090958 4.827744 -1.424665
v 1.170931 4.827267 -1.356989
v 1.130945 4.764570 -1.464763
v 1.090958 4.770434 -1.497938
v 1.170931 4.770124 -1.430236
v 1.130945 4.707244 -1.535678
v 1.090958 4.713130 -1.568849
v 1.170931 4.712818 -1.501149
v 1.130945 4.649923 -1.611317
v 1.090958 4.655792 -1.644492
v 1.170931 4.655498 -1.576787
v 1.257602 5.481095 -0.502555
v 1.260951 4.606315 -1.669794
v 1.264299 5.529606 -0.540287
v 0.997590 5.481095 -0.502555
v 1.000939 4.606315 -1.669794
v 1.004287 5.529606 -0.540287
v 0.839694 4.506780 -2.389010
v 0.873273 4.504678 -2.428997
v 0.807373 4.520185 -2.349023
v 0.897514 4.434242 -2.389010
v 0.931171 4.432391 -2.428997
v 0.865258 4.447522 -2.349023
v 0.955306 4.361279 -2.389009
v 0.989009 4.359757 -2.428996
v 0.923106 4.374496 -2.349024
v 1.015536 4.287998 -2.389010
v 1.049204 4.286345 -2.428996
v 0.983302 4.301292 -2.349023
v 1.073389 4.215161 -2.389010
v 1.107032 4.213125 -2.428996
v 1.041132 4.228643 -2.349023
v 1.129080 4.142849 -2.389010
v 1.162635 4.140260 -2.428996
v 1.096716 4.156354 -2.349023
v 1.188996 4.069193 -2.389010
v 1.222681 4.067258 -2.428996
v 1.156760 4.082583 -2.349023
v 1.246847 3.996204 -2.389009
v 1.280558 3.994402 -2.428996
v 1.214631 4.009346 -2.349023
v 1.304713 3.923228 -2.389009
v 1.338382 3.921188 -2.428996
v 1.272461 3.936512 -2.349023
v 1.362639 3.850379 -2.389009
v 1.396215 3.848359 -2.428996
v 1.330354 3.864434 -2.349023
v 1.422846 3.776963 -2.389009
v 1.456395 3.774577 -2.428996
v 1.390508 3.790847 -2.349023
v 1.480706 3.704123 -2.389010
v 1.514285 3.702097 -2.428996
v 1.448411 3.717986 -2.349023
v 1.536268 3.631968 -2.389009
v 1.569928 3.629977 -2.428996
v 1.503996 3.645106 -2.349023
v 1.596401 3.558593 -2.389010
v 1.630049 3.556607 -2.428996
v 1.564150 3.572116 -2.349023
v 0.824858 4.533874 -2.259003
v 1.619089 3.483215 -2.255655
v 1.667103 3.521578 -2.262352
v 0.824858 4.533874 -2.519016
v 1.619089 3.483215 -2.515667
v 1.667103 3.521578 -2.522364
v 1.021450 1.365819 -0.657053
v 0.981463 1.364339 -0.690663
v 1.061436 1.378881 -0.624519
v 1.021450 1.294008 -0.716179
v 0.981463 1.292718 -0.749846
v 1.061436 1.306690 -0.683667
v 1.021450 1.221812 -0.777618
v 0.981463 1.220190 -0.811249
v 1.061436 1.234739 -0.745090
v 1.021450 1.150004 -0.836736
v 0.981463 1.148554 -0.870392
v 1.061436 1.162920 -0.804231
v 1.021450 1.078686 -0.893592
v 0.981463 1.077231 -0.927233
v 1.061437 1.091601 -0.861068
v 1.021450 1.005779 -0.954862
v 0.981463 1.004531 -0.988525
v 1.061437 1.018884 -0.922373
v 1.021450 0.933806 -1.014020
v 0.981463 0.932321 -1.047661
v 1.061437 0.946672 -0.981501
v 1.148108 1.431074 -0.570283
v 1.151455 0.629351 -1.268010
v 1.154805 1.470270 -0.617621
v 0.888096 1.431074 -0.570284
v 0.891443 0.629351 -1.268010
v 0.894793 1.470270 -0.617621
v 1.021450 0.862139 -1.073139
v 0.981463 0.860695 -1.106796
v 1.061436 0.875058 -1.040634
v 1.021450 0.790466 -1.132213
v 0.981463 0.789054 -1.165925
v 1.061436 0.803224 -1.099756
v 1.021450 0.717966 -1.193707
v 0.981463 0.716533 -1.227367
v 1.061436 0.730897 -1.161205
v 1.622505 3.368469 -2.729389
v 1.589037 3.371344 -2.689402
v 1.656537 3.377318 -2.769375
v 1.554675 3.305421 -2.729388
v 1.521106 3.308606 -2.689402
v 1.588522 3.313818 -2.769376
v 1.486711 3.241796 -2.729389
v 1.453109 3.244755 -2.689402
v 1.520594 3.250356 -2.769375
v 1.418564 3.178282 -2.729388
v 1.385036 3.180702 -2.689402
v 1.452629 3.187244 -2.769376
v 1.348217 3.114597 -2.729388
v 1.314699 3.117207 -2.689402
v 1.382251 3.123549 -2.769376
v 1.280224 3.051104 -2.729388
v 1.246694 3.053891 -2.689402
v 1.314207 3.059872 -2.769376
v 1.214710 2.987990 -2.729389
v 1.181105 2.990807 -2.689402
v 1.248602 2.996586 -2.769375
v 1.144305 2.923542 -2.729388
v 1.110741 2.926134 -2.689402
v 1.178299 2.932301 -2.769376
v 1.076299 2.860195 -2.729389
v 1.042739 2.863192 -2.689402
v 1.110196 2.868605 -2.769376
v 0.596462 2.415946 -2.729389
v 0.563001 2.418780 -2.689402
v 0.630507 2.424752 -2.769375
v 0.526109 2.352380 -2.729389
v 0.492654 2.355086 -2.689402
v 0.560205 2.361448 -2.769375
v 0.458225 2.289188 -2.729389
v 0.424692 2.292342 -2.689402
v 0.492119 2.297573 -2.769376
v 0.392701 2.226201 -2.729389
v 0.359071 2.228883 -2.689402
v 0.426595 2.234665 -2.769376
v 1.740505 3.442966 -2.856046
v 0.360335 2.197178 -2.859395
v 1.698689 3.488005 -2.862743
v 1.740505 3.442967 -2.596034
v 0.360335 2.197178 -2.599383
v 1.698689 3.488005 -2.602731
v 1.008397 2.796577 -2.729389
v 0.974780 2.799704 -2.689402
v 1.042202 2.804746 -2.769375
v 0.940214 2.732920 -2.729389
v 0.906714 2.735496 -2.689402
v 0.974271 2.741845 -2.769376
v 0.869998 2.669655 -2.729388
v 0.836385 2.672158 -2.689402
v 0.903959 2.678323 -2.769375
v 0.801840 2.605600 -2.729389
v 0.768372 2.608480 -2.689402
v 0.835862 2.614450 -2.769375
v 0.770184 2.547710 -2.769375
v 0.702712 2.541928 -2.689402
v 0.736648 2.550723 -2.729389
v 0.666040 2.479055 -2.729389
v 0.632412 2.481858 -2.689402
v 0.699911 2.487467 -2.769376
v 0.156535 2.137902 -1.414832
v 0.196522 2.141266 -1.381328
v 0.116549 2.145894 -1.448924
v 0.156535 2.075470 -1.345760
v 0.196522 2.079173 -1.312275
v 0.116549 2.083398 -1.379798
v 0.156535 2.013322 -1.276668
v 0.196522 2.016871 -1.243166
v 0.116549 2.021294 -1.310726
v 0.156535 1.951025 -1.207534
v 0.196522 1.954365 -1.174030
v 0.116549 1.958995 -1.241627
v 0.156535 1.888433 -1.136106
v 0.196522 1.892135 -1.102620
v 0.116549 1.896347 -1.170142
v 0.156535 1.826124 -1.066982
v 0.196522 1.829821 -1.033507
v 0.116549 1.834046 -1.101024
v 0.156535 1.764004 -1.000231
v 0.196522 1.767497 -0.966742
v 0.116549 1.771929 -1.034303
v 0.156535 1.701104 -0.928822
v 0.196522 1.704652 -0.895336
v 0.116549 1.709072 -0.962895
v 0.156535 1.638815 -0.859756
v 0.196522 1.642555 -0.826273
v 0.116549 1.646776 -0.893796
v 0.029878 2.175333 -1.495286
v 0.026529 1.455568 -0.653281
v 0.023180 2.221095 -1.454262
v 0.289890 2.175333 -1.495286
v 0.286541 1.455568 -0.653281
v 0.283192 2.221094 -1.454262
v 0.156535 1.576505 -0.790622
v 0.196522 1.580050 -0.757137
v 0.116549 1.584469 -0.824691
v 0.156535 1.514221 -0.721515
v 0.196522 1.517776 -0.688035
v 0.116549 1.522188 -0.755597
v 0.825447 4.756096 -2.248970
v 0.834542 4.763331 -2.208195
v 1.651420 3.727054 -2.228583
v 0.829995 4.759714 -2.549461
v 1.655967 3.730671 -2.569849
v 1.646872 3.723437 -2.529074
v 2.031928 3.774061 -3.021070
v 2.043997 3.787137 -3.028061
v 2.031928 3.657059 -3.021073
v 2.043997 3.670132 -3.028061
v -0.853288 3.784232 -0.826070
v -0.812513 3.772610 -0.826070
v -0.832900 3.778421 -0.365139
v -0.853288 3.667227 -0.826070
v -0.812513 3.655605 -0.826070
v -0.832900 3.661416 -0.365139
v 3.280893 5.806515 -0.563915
v 1.271057 5.800704 -0.584302
v 1.271057 5.812325 -0.543528
v 3.280893 5.695321 -0.584302
v 3.280893 5.683699 -0.543528
v 1.271057 5.689510 -0.563915
v 2.061507 3.774102 -0.482418
v 2.068497 3.787137 -0.405551
v 1.647070 3.782784 -0.831988
v 1.640080 3.769705 -0.789463
v 1.641251 3.657058 -0.831987
v 1.648235 3.670132 -0.789464
v 2.067332 3.665764 -0.482418
v 2.060342 3.652699 -0.405551
v -0.728167 3.782790 -0.382540
v -0.812548 3.769704 -0.389530
v -0.728168 3.657058 -0.388365
v -0.812548 3.670132 -0.381375
v -1.482540 0.899378 -2.364050
v -1.502927 0.893568 -1.194598
v -1.462152 0.905189 -1.194598
v 1.104593 0.903729 -2.346130
v 1.164110 0.890662 -2.339147
v 1.104318 0.779189 -2.340312
v 1.163827 0.792271 -2.347302
v 0.381834 2.505543 -3.024574
v -0.079603 2.499732 -3.044962
v -0.079603 2.511355 -3.004186
v 0.381834 2.389720 -3.024574
v -0.079603 2.383909 -3.044962
v -0.079603 2.395531 -3.004186
v -1.490944 1.770320 -0.645760
v -1.490944 1.758699 -0.686534
v -0.424610 1.764509 -0.666147
v -1.490944 1.654497 -0.645759
v -1.490944 1.642875 -0.686535
v -0.424610 1.648685 -0.666147
v 1.129670 1.768867 -0.667287
v 1.163827 1.755793 -0.660297
v 1.129670 1.644323 -0.661458
v 1.163827 1.657402 -0.668452
v -0.740388 3.782779 -0.802705
v -0.812548 3.769704 -0.809685
v -0.740388 3.665765 -0.802705
v -0.812548 3.652699 -0.809685
v 1.310192 4.766834 -2.098463
v 1.303205 4.779910 -2.111866
v 1.304368 4.658549 -2.098463
v 1.311360 4.645473 -2.111866
v 3.239644 5.806515 0.156584
v 3.280419 5.789093 0.156584
v 3.280419 5.823935 0.156584
v 3.259727 5.672465 0.156584
v 3.239380 5.698505 -0.076823
v 3.280328 5.698476 0.389991
v 0.975908 4.777005 -1.692899
v 0.975908 4.765383 -1.652124
v 0.456784 4.771194 -1.672511
v 0.975908 4.660000 -1.692899
v 0.975908 4.648378 -1.652124
v 0.456784 4.654189 -1.672511
v 1.327657 4.771194 -2.132260
v 0.816960 4.765384 -2.152648
v 0.816960 4.777005 -2.111873
v 1.327657 4.654189 -2.132260
v 0.816960 4.648378 -2.152648
v 0.816960 4.660000 -2.111873
v 2.679419 5.810874 0.879996
v 2.070996 5.802150 0.874165
v 2.679419 5.685151 0.874171
v 2.070996 5.685165 0.874171
v 0.858053 4.771194 -2.725561
v -0.497024 4.765384 -2.745948
v -0.497024 4.777005 -2.705173
v 0.858053 4.660000 -2.745948
v 0.858053 4.648378 -2.705173
v -0.497024 4.654189 -2.725560
v -0.476663 4.753895 -2.199036
v -0.496983 4.779925 -2.367750
v -0.456154 4.780097 -2.030322
v -0.497035 4.654186 -2.199036
v -0.456267 4.636739 -2.199036
v -0.456267 4.671633 -2.199036
v 0.038092 4.771194 -1.672511
v -0.496987 4.765383 -1.692899
v -0.496987 4.777005 -1.652124
v 0.038092 4.660000 -1.692899
v 0.038092 4.648378 -1.652124
v -0.496988 4.654189 -1.672511
v -3.030486 5.789082 0.156584
v -3.050874 5.815231 -0.076823
v -3.010099 5.815231 0.389991
v -3.030487 5.671907 0.156584
v -3.050874 5.698012 -0.076823
v -3.010099 5.698006 0.389991
v 0.990423 5.812326 -0.584302
v 0.990423 5.800704 -0.543528
v -3.051052 5.806515 -0.563915
v 0.990423 5.695321 -0.584303
v 0.990423 5.683699 -0.543528
v -3.051052 5.689510 -0.563915
v 1.184368 1.764509 -0.684608
v 1.163980 1.758698 1.312155
v 1.204755 1.770320 1.312154
v 1.184368 1.648686 -0.684608
v 1.163980 1.642875 1.311860
v 1.204755 1.654496 1.311860
v -0.142734 1.747410 1.292195
v 0.292881 1.773700 1.271233
v -0.578349 1.773247 1.312160
v -0.578443 1.639965 1.271247
v 0.292692 1.639962 1.312013
v -0.142876 1.666101 1.291643
v -0.291354 0.882343 -1.235175
v -0.291354 0.899875 -1.194344
v -0.291354 0.917208 -1.235089
v -0.291496 0.766127 -1.215124
v 0.098668 0.791780 -1.235354
v -0.681660 0.792277 -1.194400
v -1.503507 0.789366 -2.364049
v -1.462732 0.777744 -2.364049
v -1.483119 0.783555 -1.194893
v 0.840401 4.775553 -2.155483
v 0.833411 4.762478 -2.152679
v 0.840400 4.658546 -2.155483
v 0.833411 4.645473 -2.152679
v -1.826820 5.810873 0.879996
v -2.362009 5.810873 0.879996
v -1.826820 5.685152 0.874171
v -2.362009 5.693868 0.879996
v 1.184368 0.899378 -2.364049
v 1.163980 0.893568 -1.199325
v 1.204755 0.905189 -1.199325
v 1.184368 0.783555 -2.364049
v 1.163981 0.777744 -1.199620
v 1.204755 0.789366 -1.199620
v 1.652938 3.774062 -3.000892
v 1.645948 3.787137 -3.003608
v 1.652938 3.658239 -3.000892
v 1.645948 3.671313 -3.003608
v 0.361784 2.505543 -1.391084
v 0.382171 2.499733 -2.589196
v 0.341396 2.511355 -2.589196
v 0.361784 2.389720 -1.391084
v 0.382171 2.383909 -2.589196
v 0.341397 2.395530 -2.589196
v 0.339559 2.509902 -1.414230
v 0.341438 2.496827 -1.407240
v 0.339559 2.385362 -1.408405
v 0.341438 2.398436 -1.415395
v -0.061881 2.509907 -2.957050
v -0.054885 2.496827 -3.004034
v -0.061875 2.394072 -2.957050
v -0.054885 2.381004 -3.004033
v -0.037013 2.501185 -1.414230
v -0.038616 2.514260 -1.407240
v -0.037013 2.394078 -1.408405
v -0.038616 2.381004 -1.415395
v -1.869879 5.797798 0.873006
v -1.869879 5.698226 0.881161
v -2.341339 5.797798 0.873006
v -2.341339 5.680793 0.873006
v 2.661393 5.797798 0.873006
v 2.661393 5.698226 0.881161
v 2.118695 5.815230 0.881161
v 2.118695 5.698226 0.881161
v 0.364697 2.501185 -3.001465
v 0.357707 2.514260 -3.004199
v 0.364696 2.385360 -3.001466
v 0.357707 2.398436 -3.004199
v 0.834576 4.775551 -2.701085
v 0.841566 4.762477 -2.706151
v 0.840400 4.649830 -2.701086
v 0.833410 4.662905 -2.706151
v -1.473030 1.768851 -0.589149
v -1.466042 1.755793 -0.646197
v -1.467214 1.644335 -0.589149
v -1.474197 1.657402 -0.646197
v 1.630275 3.641913 -2.889975
v 1.656321 3.590700 -2.910273
v 1.656425 3.693129 -2.869454
v 1.630271 3.641914 -1.797495
v 1.647807 3.641914 -1.756676
v 1.665136 3.641914 -1.797405
v 1.026221 4.505075 -2.230503
v 1.013144 4.511658 -2.237496
v 0.837525 4.650085 -2.246015
v 0.857871 4.615564 -2.219866
v 0.817118 4.684606 -2.219830
v 1.354336 4.081964 -2.236324
v 1.367410 4.088548 -2.229341
v 1.026217 4.505075 -2.551388
v 1.013144 4.511658 -2.558375
v -0.456309 4.707652 -2.214128
v -0.497079 4.626791 -2.214375
v -0.476495 4.667222 -2.188103
v 1.354335 4.081964 -2.557212
v 1.367411 4.088548 -2.550220
v 1.647704 3.641915 -2.253785
v 1.630323 3.641915 -2.213039
v 1.665188 3.641914 -2.212994
v 1.630276 3.641914 -2.574730
v 1.647706 3.641914 -2.533949
v 1.665136 3.641914 -2.574730
v 1.630166 3.641915 -1.052341
v 1.647703 3.641914 -1.011505
v 1.665032 3.641914 -1.052252
v 0.857924 4.684803 -2.558285
v 0.817113 4.615663 -2.558182
v 0.837443 4.650233 -2.532107
v 0.917512 4.667222 -2.153273
v 0.934989 4.667222 -2.112481
v 0.952384 4.667222 -2.153238
v 0.003443 4.667222 -1.671762
v 0.029619 4.626791 -1.692279
v 0.029533 4.707652 -1.651476
v -0.450458 4.667222 -1.692301
v -0.433149 4.667222 -1.651591
v -0.415592 4.667222 -1.692407
v 0.450324 3.997958 -2.521600
v 0.474136 4.011705 -2.456869
v 0.498328 4.025672 -2.521788
v -1.325889 5.725638 0.856329
v -1.325789 5.627444 0.897142
v -1.299713 5.676541 0.876789
v -1.870026 5.676541 0.856487
v -1.852749 5.676541 0.897203
v -1.835172 5.676541 0.856359
v -2.376185 5.676542 0.876853
v -2.350033 5.627444 0.856436
v -2.350030 5.725638 0.897210
v -2.678584 5.676541 0.856310
v -2.696016 5.676541 0.897091
v -2.661151 5.676541 0.897091
v 0.457221 4.667222 -1.692307
v 0.474697 4.667222 -1.651515
v 0.492092 4.667222 -1.692272
v 1.286896 4.667222 -1.692307
v 1.304287 4.667222 -1.651550
v 1.321761 4.667222 -1.692342
v 1.287001 4.667222 -1.888710
v 1.327670 4.667222 -1.905895
v 1.286790 4.667222 -1.923575
v 1.267394 4.667222 -2.153343
v 1.284827 4.667222 -2.112569
v 1.302260 4.667222 -2.153343
v 0.003258 4.667222 -2.746052
v 0.020814 4.667222 -2.705225
v 0.038124 4.667222 -2.745947
v -0.441741 4.707652 -2.745862
v -0.441745 4.626792 -2.705088
v -0.415597 4.667222 -2.725392
v 1.204719 0.813183 -1.226211
v 1.163962 0.710262 -1.226269
v 1.184368 0.761723 -1.200057
v -0.426720 5.676540 0.856445
v -0.409488 5.676541 0.897134
v -0.391855 5.676541 0.856274
v -1.334493 5.676541 -0.565235
v -1.308446 5.627444 -0.585517
v -1.308350 5.725638 -0.544713
v -1.788338 5.676541 -0.585440
v -1.770906 5.676542 -0.544666
v -1.753472 5.676541 -0.585440
v -2.242177 5.676541 -0.565098
v -2.216022 5.627444 -0.585488
v -2.216025 5.725638 -0.544709
v -2.696016 5.676542 -0.585557
v -2.678481 5.676541 -0.544765
v -2.661145 5.676542 -0.585472
v -3.010395 5.676542 0.582748
v -3.051191 5.676541 0.600231
v -3.010437 5.676541 0.617613
v -3.010395 5.676541 0.128909
v -3.051191 5.676541 0.146397
v -3.010437 5.676541 0.163786
v -3.030782 5.676541 -0.324805
v -3.010377 5.627445 -0.298778
v -3.051238 5.725638 -0.298735
v 1.048157 3.641356 -0.385451
v 1.074306 3.589895 -0.405834
v 1.074306 3.692816 -0.365064
v 0.594265 3.641356 -0.405889
v 0.611645 3.641356 -0.365125
v 0.629131 3.641356 -0.405934
v 0.140478 3.641356 -0.385451
v 0.166628 3.589895 -0.405838
v 0.166628 3.692816 -0.365064
v -0.313362 3.641356 -0.405838
v -0.295928 3.641356 -0.365064
v -0.278495 3.641356 -0.405838
v -0.749718 3.641356 -0.405861
v -0.767206 3.641356 -0.365064
v -0.732334 3.641356 -0.365109
v 3.203893 5.676541 -0.565021
v 3.230042 5.627444 -0.585453
v 3.230042 5.725638 -0.544664
v 2.750053 5.676541 -0.585489
v 2.767489 5.676541 -0.544708
v 2.784925 5.676541 -0.585489
v 2.296214 5.676542 -0.585568
v 2.313647 5.676541 -0.544794
v 2.331080 5.676542 -0.585568
v 3.281854 5.676541 0.582799
v 3.241101 5.676541 0.600181
v 3.281896 5.676541 0.617664
v 3.261573 5.676541 0.128847
v 3.281845 5.627445 0.155118
v 3.241191 5.725638 0.155158
v 3.281875 5.676541 -0.307447
v 3.241080 5.676542 -0.324930
v 3.241122 5.676541 -0.290065
v 1.842375 5.676541 -0.585483
v 1.859858 5.676541 -0.544687
v 1.877241 5.676541 -0.585440
v 1.270840 5.676542 -0.585575
v 1.288373 5.676541 -0.544751
v 1.305705 5.676541 -0.585489
v 0.955965 5.676541 -0.585434
v 0.973403 5.676542 -0.544666
v 0.990842 5.676541 -0.585435
v 0.480858 5.676541 -0.565107
v 0.507010 5.627444 -0.585479
v 0.507013 5.725638 -0.544724
v 0.027019 5.676540 -0.585483
v 0.044402 5.676541 -0.544730
v 0.061884 5.676541 -0.585526
v -0.426765 5.676541 -0.585446
v -0.409385 5.676542 -0.544674
v -0.391905 5.676542 -0.585489
v -0.880660 5.676541 -0.565098
v -0.854511 5.627444 -0.585483
v -0.854511 5.725638 -0.544709
v 1.502035 3.641356 -0.806207
v 1.528145 3.589895 -0.826567
v 1.528198 3.692816 -0.785775
v 1.048157 3.641356 -0.806207
v 1.074306 3.589895 -0.826585
v 1.074306 3.692816 -0.785811
v 0.594318 3.641356 -0.826585
v 0.611750 3.641356 -0.785811
v 0.629183 3.641356 -0.826585
v 0.140483 3.641356 -0.806198
v 0.166628 3.589895 -0.826585
v 0.166631 3.692816 -0.785811
v -0.313361 3.641356 -0.826585
v -0.295931 3.641356 -0.785811
v -0.278501 3.641356 -0.826585
v -0.758492 3.692817 -0.826567
v -0.758492 3.589895 -0.785829
v -0.732295 3.641356 -0.806207
v 1.501996 3.641356 -0.385451
v 1.528145 3.589895 -0.405838
v 1.528145 3.692816 -0.365064
v 1.847688 3.641356 -3.044369
v 1.865122 3.641355 -3.003595
v 1.882557 3.641355 -3.044369
v 1.973268 3.641356 -0.405883
v 1.955940 3.641356 -0.365153
v 1.990805 3.641356 -0.365064
v 2.045657 3.641356 -0.826585
v 2.063090 3.641356 -0.785810
v 2.080523 3.641356 -0.826585
v 2.045658 3.641356 -1.280430
v 2.063087 3.641356 -1.239649
v 2.080517 3.641356 -1.280430
v 2.045664 3.641356 -1.734263
v 2.063093 3.641356 -1.693483
v 2.080523 3.641356 -1.734263
v 2.045652 3.641356 -2.188105
v 2.062980 3.641356 -2.147378
v 2.080517 3.641356 -2.188195
v 2.045664 3.641356 -2.641942
v 2.063093 3.641356 -2.601158
v 2.080523 3.641356 -2.641942
v 3.203931 5.676542 0.876936
v 3.230142 5.627444 0.856463
v 3.230092 5.725638 0.897211
v 2.661413 5.676542 0.876853
v 2.687562 5.627444 0.856436
v 2.687562 5.725638 0.897211
v 2.083961 5.676541 0.876671
v 2.110193 5.627445 0.856373
v 2.110193 5.725638 0.897074
v 1.842375 5.676542 0.856408
v 1.859808 5.676541 0.897170
v 1.877241 5.676542 0.856409
v 1.388536 5.676541 0.856402
v 1.406019 5.676541 0.897198
v 1.423402 5.676541 0.856445
v 0.952080 5.676541 0.856295
v 0.934697 5.676541 0.897048
v 0.969562 5.676541 0.897091
v 0.480858 5.676542 0.856402
v 0.498290 5.676541 0.897176
v 0.515723 5.676541 0.856402
v 0.915787 1.628036 1.295766
v 0.941936 1.576575 1.275372
v 0.941936 1.679497 1.316161
v 0.461948 1.628036 1.295764
v 0.488097 1.576575 1.275376
v 0.488097 1.679496 1.316150
v 0.008161 1.628036 1.275387
v 0.025646 1.628036 1.316166
v 0.043027 1.628036 1.275432
v -0.445789 1.628036 1.275319
v -0.428297 1.628036 1.316147
v -0.410911 1.628036 1.275365
v -0.899570 1.628036 1.275298
v -0.882032 1.628036 1.316093
v -0.864704 1.628036 1.275388
v -1.344695 1.679496 1.275429
v -1.344882 1.576575 1.316287
v -1.318681 1.628036 1.295764
v 1.204146 1.679497 1.050673
v 1.163287 1.576575 1.050542
v 1.183794 1.628036 1.076684
v 1.204142 1.628036 0.605497
v 1.163390 1.628036 0.588117
v 1.163345 1.628036 0.622982
v 1.183710 1.628036 0.134370
v 1.204164 1.576575 0.160538
v 1.163372 1.679497 0.160483
v 1.204164 1.628036 -0.319626
v 1.163367 1.628036 -0.302128
v 1.204119 1.628036 -0.284736
v 0.305199 2.420531 -1.432241
v 0.305333 2.317609 -1.391525
v 0.331445 2.369070 -1.411730
v 0.382785 2.369070 -2.002575
v 0.342044 2.369070 -1.985221
v 0.382852 2.369070 -1.967709
v 0.382746 2.369070 -2.610026
v 0.341993 2.369070 -2.592674
v 0.382814 2.369070 -2.575166
v 1.184444 0.761722 -2.121396
v 1.204737 0.710262 -2.095326
v 1.163967 0.813183 -2.095224
v 1.204800 0.761723 -1.667435
v 1.163975 0.761723 -1.649903
v 1.204710 0.761723 -1.632581
v 0.976063 4.667222 -1.692413
v 0.993496 4.667222 -1.651638
v 1.010928 4.667222 -1.692413
v 0.844816 1.628035 -0.666256
v 0.870945 1.576575 -0.686538
v 0.871024 1.679496 -0.645786
v -0.459991 1.628035 -0.666146
v -0.433869 1.576575 -0.686466
v -0.433764 1.679496 -0.645723
v -0.913857 1.628036 -0.686611
v -0.896267 1.628036 -0.645781
v -0.878991 1.628036 -0.686476
v -1.367696 1.628035 -0.686545
v -1.350156 1.628036 -0.645713
v -1.332825 1.628036 -0.686455
v -0.006073 1.628036 -0.666146
v 0.020023 1.576575 -0.686525
v 0.020075 1.679497 -0.645709
v 0.456475 1.679496 -0.686452
v 0.456610 1.576575 -0.645723
v 0.482729 1.628035 -0.665911
v 0.844875 0.761722 -2.343282
v 0.871024 0.710262 -2.363642
v 0.871024 0.813183 -2.322872
v -0.459952 0.761722 -2.343290
v -0.433810 0.710262 -2.363610
v -0.433761 0.813183 -2.322859
v -0.913708 0.761722 -2.343089
v -0.887600 0.710262 -2.363592
v -0.887655 0.813183 -2.322764
v -1.367587 0.761723 -2.343156
v -1.341384 0.710262 -2.363592
v -1.341445 0.813183 -2.322836
v 0.011359 0.761723 -2.363655
v -0.006073 0.761723 -2.322881
v 0.028792 0.761723 -2.322881
v 0.465195 0.761723 -2.363527
v 0.447661 0.761722 -2.322695
v 0.482520 0.761723 -2.322785
v 0.844875 0.761723 -1.214467
v 0.871076 0.710262 -1.234904
v 0.871024 0.813183 -1.194147
v -0.451307 0.813183 -1.234940
v -0.451360 0.710262 -1.194148
v -0.425170 0.761723 -1.214602
v -0.913805 0.761722 -1.234967
v -0.896319 0.761723 -1.194170
v -0.878939 0.761723 -1.234922
v -1.367690 0.761723 -1.235003
v -1.350100 0.761723 -1.194163
v -1.332825 0.761723 -1.234869
v -0.006073 0.761723 -1.214479
v 0.020075 0.710262 -1.234886
v 0.020075 0.813183 -1.194123
v 0.447805 0.761723 -1.214524
v 0.473915 0.710262 -1.234904
v 0.473967 0.813183 -1.194100
v -1.462096 0.761723 -2.103737
v -1.502960 0.761723 -2.121379
v -1.502781 0.761723 -2.086514
v -1.462096 0.761723 -1.667435
v -1.502871 0.761723 -1.650010
v -1.462096 0.761722 -1.632584
v -0.442793 4.030478 -2.213262
v -0.415186 3.998082 -2.157150
v -0.387357 4.030525 -2.213344
v -0.443129 4.012464 -2.521698
v -0.415297 4.012465 -2.456818
v -0.387693 4.012465 -2.521600
v -0.443015 4.012464 -1.842615
v -0.415525 4.012465 -1.777881
v -0.387579 4.012465 -1.842810
v -0.442683 3.998124 -2.142159
v -0.415630 4.030397 -2.086261
v -0.387247 3.997840 -2.142652
v -0.135887 4.025784 -2.521695
v -0.111791 4.011873 -2.456813
v -0.087876 3.998066 -2.521605
v -0.880610 5.676541 0.856451
v -0.863227 5.676542 0.897198
v -0.845744 5.676542 0.856408
v 0.750904 4.012465 -2.521600
v 0.778622 4.012465 -2.456764
v 0.806340 4.012465 -2.521600
v 0.750449 4.012465 -1.717927
v 0.778394 4.012464 -1.652998
v 0.805885 4.012465 -1.717732
v 0.837088 4.007191 -1.717927
v 0.860904 3.993441 -1.653190
v 0.885103 3.979470 -1.718116
v -0.019310 2.369070 -1.433690
v -0.001645 2.369070 -1.392802
v 0.015549 2.369070 -1.433488
v -0.037991 2.369070 -2.002522
v -0.078692 2.369070 -1.985247
v -0.037856 2.369070 -1.967656
v -0.038002 2.420531 -2.447607
v -0.078848 2.317609 -2.447805
v -0.058280 2.369070 -2.421620
v 0.362232 2.369070 -2.910266
v 0.382780 2.317609 -2.883973
v 0.342037 2.420531 -2.884183
v -0.037979 2.369070 -2.892637
v -0.078870 2.369070 -2.910358
v -0.078624 2.369070 -2.875493
v 0.136933 2.369070 -3.045551
v 0.154366 2.369070 -3.004776
v 0.171798 2.369070 -3.045551
v 0.382724 2.369070 -1.548668
v 0.341966 2.369070 -1.531275
v 0.382769 2.369070 -1.513777
v -0.037984 2.369070 -1.548720
v -0.078759 2.369070 -1.531275
v -0.037984 2.369070 -1.513829
v -1.447919 1.628036 1.059464
v -1.488727 1.628036 1.041950
v -1.488660 1.628036 1.076821
v -1.468337 1.628036 0.588161
v -1.447945 1.576575 0.614266
v -1.488746 1.679497 0.614269
v -1.468355 1.628036 0.134248
v -1.447923 1.576575 0.160380
v -1.488725 1.679497 0.160322
v -1.447997 1.628036 -0.319476
v -1.488750 1.628036 -0.302080
v -1.447953 1.628036 -0.284579
v 1.358303 5.912416 0.290800
v 0.526264 1.847047 0.291843
v -0.634711 1.821233 -0.048149
v -0.984513 1.821234 0.648670
v -1.181389 1.433654 0.415875
v -1.181389 2.240809 0.174384
v -1.181389 5.500823 0.113850
v -1.181389 6.324008 0.467751
v -0.805039 5.985777 0.291843
v -1.808665 0.379255 3.011117
v -1.808665 0.130125 3.011117
v -2.106402 0.379255 2.774287
v -2.106402 0.130125 2.774287
v -2.172135 0.159024 3.093651
v -1.961247 0.149725 3.004314
v -1.877985 0.095247 3.037063
v -1.971417 0.287232 3.062885
v -1.975793 0.284179 3.068386
v -1.924260 0.381231 3.156331
v -2.222920 0.380512 2.920879
v -2.124607 0.284179 2.950014
v -2.108211 0.095552 2.853036
v -2.120232 0.287232 2.944513
v -1.987056 0.209802 2.726178
v -1.926448 0.375071 2.682925
v -1.743095 0.268567 2.885810
v -1.774713 0.155352 2.662866
v -2.106402 0.130125 -2.244868
v -2.106402 0.379255 -2.244868
v -1.808664 0.379255 -2.481700
v -1.808664 0.130125 -2.481700
v -2.060541 0.297036 -2.304432
v -1.806530 0.121344 -2.468557
v -2.073607 0.059485 -2.259412
v -2.124608 0.284179 -2.420596
v -2.120232 0.287231 -2.415095
v -2.133013 0.095552 -2.303888
v -2.223039 0.380429 -2.391610
v -1.928687 0.285895 -2.571386
v -1.899918 0.294102 -2.218978
v -1.949055 0.283324 -2.185115
v 2.431839 0.170883 -2.349046
v 2.221359 0.268720 -2.568935
v 2.287804 0.379255 -2.096096
v 2.240296 0.285011 -2.189100
v 1.993382 0.381494 -2.336875
v 2.090287 0.284179 -2.305972
v 2.094283 0.095552 -2.412815
v 2.276489 0.280318 -2.165872
v 2.317886 0.287231 -2.133914
v 2.292180 0.382308 -2.101597
v 2.094663 0.287232 -2.311473
v 2.464440 0.354295 -2.419977
v 2.396958 0.183322 -2.275327
v 2.197756 0.320539 -2.409190
v 2.217477 -0.027871 -2.379709
v 2.108493 0.379255 -2.481699
v 2.108493 0.130125 -2.481699
v 2.406230 0.379255 -2.244868
v 2.406230 0.130125 -2.244868
v 2.224134 0.381198 3.156389
v 2.275620 0.284179 3.068387
v 2.424434 0.284179 2.950014
v 2.522798 0.380476 2.920945
v 2.408039 0.095552 2.853037
v 2.173058 0.095104 3.041268
v 2.239101 0.284179 2.717018
v 2.090286 0.284179 2.835391
v 2.290720 0.381291 2.629182
v 2.354709 0.095553 2.735081
v 2.087912 0.095435 2.946953
v 1.991975 0.380512 2.864525
v 2.094662 0.287232 2.840892
v 2.243478 0.287232 2.722519
v 2.420059 0.287232 2.944513
v 2.271244 0.287232 3.062886
v 2.286695 0.341696 2.871842
v 2.347064 0.015732 2.841285
v 2.135308 0.052553 2.969011
v 2.406228 0.379255 2.774287
v 2.406229 0.130125 2.774287
v 2.108492 0.379255 3.011117
v 2.108492 0.130125 3.011117
v -2.157102 0.484496 3.109428
v 2.473475 0.368767 3.089171
v 2.473475 0.600225 3.129686
v 2.456930 0.379255 -2.583819
v -2.157102 0.494984 -2.563562
v 2.456930 0.610713 -2.543304
v 2.456929 0.494985 3.109428
v 2.436672 0.379255 -2.563561
v 2.477187 0.610713 -2.563561
v -2.157102 0.494984 3.109428
v -2.177359 0.379255 -2.563562
v -2.136845 0.610713 -2.563562
v -0.459486 0.494984 -2.074266
v -2.115001 0.383556 -2.064884
v -2.115001 0.606411 -2.083648
v 2.456929 0.383557 0.942662
v -2.157102 0.494984 0.953692
v 2.456929 0.606411 0.964723
v 0.698303 0.494984 0.953692
v 0.641573 0.494985 -0.407825
v 0.755033 0.494984 -0.407825
v 1.130064 0.421812 -0.391941
v 1.117868 0.479109 -2.522716
v 1.105671 0.536407 -0.391941
v -0.398475 0.494984 0.953692
v -0.455205 0.494985 -0.407825
v -0.341745 0.494984 -0.407825
v -0.438884 0.511387 -0.391941
v -0.451080 0.454089 -2.522716
v -0.426687 0.568684 -2.522716
v -0.078188 0.494984 -0.391941
v -0.090384 0.437687 -2.522716
v -0.065990 0.552282 -2.522716
v 0.843673 0.479109 -0.391941
v 0.831477 0.421812 -2.522716
v 0.855870 0.536406 -2.522716
v -0.459486 0.494984 -0.663110
v -2.115001 0.383557 -0.653728
v -2.115001 0.606411 -0.672492
v -0.459486 0.494984 -1.367505
v -2.115001 0.383556 -1.358124
v -2.115001 0.606411 -1.376888
v 2.456929 0.383557 -0.418856
v -2.157102 0.494984 -0.407826
v 2.456929 0.606411 -0.396794
v -2.170839 0.451800 3.028697
v -0.389401 0.509097 0.934206
v -2.104896 0.537746 3.082480
v 0.689228 0.494984 0.934206
v 2.470667 0.437687 3.028698
v 2.404723 0.523633 3.082481
v -0.389400 0.494984 -0.388340
v -2.170839 0.494984 -2.482831
v -2.082914 0.494984 -2.554541
v 2.470667 0.437687 -2.482831
v 0.689228 0.494984 -0.388340
v 2.404723 0.523633 -2.536613
v -2.131912 0.494984 0.221884
v -0.419678 0.494984 0.957323
v -2.173495 0.494984 0.327449
v -0.419678 0.494984 -0.411456
v -2.131912 0.494984 0.323983
v -2.173495 0.494984 0.218418
v 0.719506 0.494984 0.957323
v 2.431740 0.437687 0.221884
v 2.462927 0.523633 0.301058
v 2.452531 0.494984 0.271201
v 0.698714 0.494984 -0.358673
v 0.740297 0.494984 -0.464238
v -0.325711 0.437687 0.967306
v 0.154485 0.494984 3.127778
v -0.408278 0.523633 0.987892
v 0.145342 0.509098 3.127778
v 0.625538 0.509097 0.967306
v 0.735628 0.509097 0.994754
v 0.154486 0.486821 -2.581911
v -0.325711 0.437687 -0.421439
v -0.408278 0.511388 -0.442025
v 0.625538 0.453846 -0.421439
v 0.145343 0.511143 -2.581911
v 0.708105 0.539792 -0.442025
v 2.423648 3.380526 -2.568932
v 2.392884 3.414210 0.985898
v 2.331356 3.481577 -2.568932
v -2.098008 3.414505 -2.542779
v -2.130510 3.380674 0.985898
v -2.033005 3.482168 0.985898
v -1.000831 3.357525 -2.061154
v -0.972319 3.357525 -1.992321
v -0.986575 3.478667 -2.026738
v -2.160647 3.295437 0.937540
v 2.466384 3.393827 0.953692
v -2.160647 3.492218 0.969844
v 1.342860 3.426706 0.908904
v 1.288569 3.405937 0.930843
v -0.964630 3.357600 -1.007151
v -0.999017 3.357607 -0.941094
v -0.981828 3.478746 -0.974112
v 0.149914 3.380231 0.501524
v 0.081530 3.429427 -0.544230
v 0.286682 3.281840 -0.544230
v 1.277609 3.397694 -1.990064
v 1.672223 3.357465 -1.886779
v 0.925696 3.478681 -2.196440
v 1.298930 3.357614 -0.940930
v 1.264543 3.357606 -1.006986
v 1.281742 3.478752 -0.973948
v -1.448574 3.415617 -0.332727
v -1.435802 3.438865 -0.370263
v -0.058340 3.345362 0.129606
v -0.125854 3.345368 0.098123
v -0.092106 3.466495 0.113860
v -0.114770 3.357474 0.819130
v -0.075841 3.357445 0.755605
v -0.095331 3.478613 0.787409
v -0.369537 3.357601 0.274115
v -0.295043 3.357601 0.274115
v -0.332290 3.493260 0.274115
v -2.100372 3.443761 -0.395183
v -1.967910 3.422994 -0.382413
v -2.095180 3.418050 -0.415843
v -2.086308 3.397280 -0.381910
v -0.344194 3.426703 0.637101
v -0.312818 3.405937 0.653923
v -2.095586 3.430165 0.926489
v -2.070126 3.409399 0.925181
v -1.016871 3.357479 0.957163
v -1.446233 3.418051 0.502531
v -0.999160 3.478622 0.939759
v 0.758325 3.397949 0.255531
v 0.909327 3.357419 0.514462
v 0.523113 3.478621 0.069804
v 0.931526 3.401361 -1.716770
v -0.584423 3.401361 -1.524087
v 0.173552 3.492217 -1.620431
v 0.131036 3.291116 0.934782
v 0.149914 3.384869 -2.478467
v 0.168791 3.478622 0.934782
v 1.158411 1.444028 0.586759
v 0.687352 1.407686 0.583238
v 0.687352 1.480371 0.590280
v -1.910091 1.444028 -0.634672
v 1.162188 1.407685 -0.631150
v 1.162188 1.480371 -0.638192
v -1.910091 1.407686 1.261078
v 1.162188 1.444028 1.264599
v -1.910091 1.480371 1.268120
v -1.903081 1.407686 1.263827
v -1.899560 1.444028 -0.639880
v -1.896039 1.480371 1.263827
v 1.153218 1.444028 1.275055
v 1.156739 1.407685 -0.645199
v 1.149697 1.480371 -0.645199
v 0.688766 1.407685 1.275055
v 0.692287 1.444028 -0.645199
v 0.695808 1.480371 1.275055
v -0.393829 1.407686 1.275055
v -0.390308 1.444028 -0.645199
v -0.386787 1.480371 1.275055
v -0.890216 1.407686 1.275055
v -0.886695 1.444028 -0.645199
v -0.883174 1.480371 1.275055
v -1.441560 1.407686 1.275055
v -1.438039 1.444028 -0.645199
v -1.434518 1.480371 1.275055
v -0.388090 1.444028 0.589123
v -1.901779 1.407686 0.585601
v -1.901779 1.480370 0.592643
v 0.694929 1.444028 0.915320
v -0.387965 1.407686 0.911799
v -0.387965 1.480371 0.918841
v 0.694929 1.444028 -0.263008
v -0.387965 1.407685 -0.266528
v -0.387965 1.480371 -0.259487
v -2.027096 1.342978 -0.273683
v 2.328105 1.321507 -0.205725
v 2.328105 1.364449 -0.341640
v -2.027096 1.364449 1.224341
v -2.027096 1.321507 1.088425
v 2.340811 1.342978 1.156384
v 2.332593 2.088149 -1.509330
v -2.025083 2.121241 -1.542423
v -2.025083 2.021964 -1.443146
v 2.397836 1.416845 2.506673
v 2.397836 1.350660 -0.405461
v 2.397836 1.284475 2.506673
v 2.400200 2.088149 -1.205256
v 2.400200 2.154333 -2.415487
v 2.400200 2.021963 -2.415487
v -2.090918 1.350660 2.506673
v -2.057825 1.383752 -0.405462
v -2.157102 1.284475 -0.405462
v -2.159466 2.154333 -1.202893
v -2.092099 2.088148 -2.417343
v -2.058416 2.055056 -1.204665
v -2.082644 0.710085 0.410030
v -2.040097 0.760905 -0.029626
v -2.167739 0.608444 -0.029626
v 2.379517 0.710085 0.410031
v 2.422951 0.760905 -0.029626
v 2.292649 0.608444 -0.029626
v 2.807327 5.351991 0.378103
v 2.861752 5.351916 -0.078658
v 2.839073 5.522033 0.149723
v 3.276263 5.359573 0.805249
v 3.276263 5.529764 0.838375
v -2.972890 5.444668 0.824572
v -2.972890 5.359573 -0.544332
v 3.276263 5.444668 -0.512126
v -2.972890 5.487215 -0.496023
v 3.249064 5.351992 0.149723
v 3.285818 5.351896 0.149723
v 3.267441 5.522050 0.149723
v 1.687611 5.424934 0.725331
v 1.703222 5.454106 0.798352
v 1.258687 5.343260 0.149723
v 1.304044 5.399843 0.149723
v 1.261710 5.513172 0.149723
v 1.961221 5.351988 0.362982
v 2.118785 5.351620 0.163819
v 2.149519 5.522372 0.013201
v 0.415194 5.351985 0.149702
v 0.484710 5.479633 0.030347
v 0.342250 5.479362 0.267601
v 0.166717 5.351991 -0.471119
v 0.149142 5.479634 -0.497673
v -0.331707 5.437087 -0.163496
v -0.920409 5.424930 -0.503676
v -0.927446 5.454105 -0.531631
v -2.512317 5.351952 0.149722
v -2.558970 5.465159 0.149723
v -2.518037 5.521690 0.149722
v -2.945691 5.521556 0.149723
v 0.169958 5.394539 0.809604
v 0.138781 5.458358 0.754846
v -1.438827 5.343469 0.012694
v -1.404809 5.513292 0.149723
v -1.459237 5.513391 0.378103
v -1.548923 5.426689 -0.509107
v -1.511573 5.455336 -0.491544
v -0.855527 5.415812 -0.492582
v -0.825930 5.479634 -0.520448
v -1.425718 5.338388 -0.215511
v -0.322640 5.423483 -0.190066
v -1.425718 5.466031 -0.171891
v -0.312375 5.343225 0.149723
v -0.357732 5.456669 0.149723
v -0.315399 5.513362 0.149723
v 0.175853 5.343232 0.149723
v 0.129200 5.456472 0.149723
v 0.170021 5.513223 0.149723
v 0.732401 5.343282 0.149723
v 0.687044 5.456479 0.149723
v 0.729377 5.513147 0.149723
v 1.005347 5.351991 0.154899
v 1.000188 5.522024 0.157010
v 1.043267 5.409010 0.139386
v 1.761815 5.343324 0.286751
v 1.712910 5.456496 0.149723
v 1.745567 5.513369 -0.078658
v 2.391504 3.424483 0.833424
v 2.364022 0.531996 2.980988
v 2.463299 0.596365 3.065670
v 1.510468 3.339405 0.891247
v 1.327842 3.407087 0.897261
v 1.245795 3.284467 0.917284
v 1.301415 3.393697 0.901243
v 2.377282 3.357256 0.976793
v 2.412738 0.767929 0.320218
v 2.483650 3.382321 0.872052
v 2.379870 0.727923 0.161748
v 2.379870 3.371136 -2.379646
v 2.379870 3.276835 -2.474216
v 2.399962 0.609288 -2.508089
v 2.433054 3.365415 -2.472781
v 2.333777 3.365415 -2.578707
v 2.466453 0.608363 -2.416932
v 0.197292 3.322731 -2.485481
v 2.391911 0.548298 -2.519755
v 2.373489 5.331992 -0.405366
v 2.426229 5.405015 -0.367848
v 2.380767 5.361040 -0.278306
v 2.405486 5.442176 -0.272147
v 2.374070 5.353043 0.433511
v 2.398786 5.420762 0.469152
v 2.119206 5.432000 0.415363
v 2.167372 5.493688 0.451461
v 1.945155 5.351186 -0.208027
v 2.001942 5.450650 -0.187990
v -2.065555 0.524281 2.991464
v -2.093049 3.409051 0.854376
v -2.164832 0.582457 3.094723
v -2.048368 0.586164 2.939937
v -1.011686 3.384812 0.863488
v -2.143262 0.673661 3.007091
v 0.205750 0.533843 2.984217
v -0.989009 3.371441 0.882878
v 0.111419 0.567235 3.106260
v -2.018586 0.770802 0.320905
v -2.160410 0.770802 0.320905
v -2.089498 3.365611 0.941879
v -2.093043 3.302780 -2.500087
v -2.093043 3.397080 -2.405517
v -2.093043 0.755960 0.133791
v -2.035722 3.379598 -2.578707
v -2.129681 3.379598 -2.472782
v -2.098361 0.623471 -2.508090
v 0.102535 3.322731 -2.485481
v -2.166626 0.608363 -2.485481
v -2.067235 0.528276 -2.485481
v -2.128174 5.478201 -0.299031
v -2.074545 5.403047 -0.338553
v -2.078912 5.361043 -0.278300
v -2.102823 5.442176 -0.272147
v -2.079930 5.330491 0.435523
v -2.104241 5.397942 0.471227
v -1.804159 5.394535 0.423796
v -1.851863 5.455101 0.460142
v -1.670310 5.378810 -0.179758
v -1.727846 5.479096 -0.158866
v 0.053000 3.805370 0.017994
v 0.053000 3.622220 -0.239999
v 0.053000 3.622219 0.166565
v 0.011635 3.574157 0.261114
v 0.011635 3.526094 -0.500012
v 0.288193 3.639853 0.021799
v 0.246827 3.805370 0.017993
v 0.246827 3.622220 -0.239999
v 0.246827 3.622220 0.166565
v 0.273398 3.715985 0.032761
v 0.026442 3.742771 0.027103
v 0.273398 3.779060 0.022269
v 1.118085 2.149606 -2.504007
v -0.808802 2.215791 -2.504007
v -0.808802 2.083421 -2.504007
v -2.099623 3.415646 -2.513923
v -1.967686 3.370114 -2.495676
v -2.095645 5.537812 0.700771
v -2.095645 5.537811 -0.027263
v 2.395472 5.537812 0.700771
v 2.395472 5.537812 -0.027263
v 0.149914 0.598747 0.291843
v -0.248454 1.807402 0.268880
v 0.529149 1.807402 0.314309
v 2.234527 5.896375 0.287853
v 2.224651 6.145554 0.286336
v -2.094010 6.145624 0.287130
v -2.258702 5.943803 0.250427
v -1.935851 5.948721 0.322366
v 0.124793 3.909435 0.299464
v 0.157434 3.447998 0.259119
v 0.124793 3.909434 0.274294
v 0.157434 3.447998 0.314638
v 0.140239 4.820449 -1.528649
v 0.154383 5.733372 -1.952917
v 0.144953 6.189398 -1.879501
v 0.140238 4.820448 2.102406
v 0.154382 5.733371 2.526674
v 0.144953 6.189398 2.453258
v -0.205200 4.006034 0.286159
v 0.350628 3.783685 0.352081
v -0.205200 4.006034 0.287598
v 0.350628 3.783686 0.221676
v 0.119708 6.200826 2.513618
v 0.148773 6.147405 2.513702
v 0.158925 6.220207 2.515532
v 0.163025 6.157175 2.520323
v 0.112402 6.219560 2.495490
v 0.188602 6.217310 2.523339
v 0.158923 6.148659 -1.925041
v 0.158923 6.211699 -1.925141
v 0.193550 6.190661 -1.937523
v 0.143579 6.148613 -1.949078
v -0.228486 4.808070 -0.323868
v -0.228487 4.775952 -0.365497
v 0.528310 4.775953 -0.365497
v 0.528311 4.808070 -0.323868
v 0.582678 4.842180 -1.255314
v 0.528583 4.842180 -1.255314
v 0.555630 4.864040 1.837318
v -0.255807 4.879900 1.850013
v 0.555630 4.911619 1.875404
v -0.255797 5.545797 -1.235765
v -0.282793 5.311200 -1.273391
v -0.228630 5.780250 -1.274289
v 0.569736 4.883093 -1.242659
v -0.236749 6.192349 -1.257461
v 0.530907 4.869242 -1.280798
v 0.536574 6.192349 -1.257233
v -0.269911 4.883092 -1.245657
v -0.231083 4.869242 -1.275484
v 0.559494 4.883173 -1.253950
v 0.550221 4.842150 -1.272808
v -0.501791 6.707510 -1.258242
v 0.797670 6.739182 -1.258292
v -0.501791 6.770852 -1.258343
v 0.754301 6.714901 -1.258200
v -0.240031 6.260757 -1.257617
v -0.210966 6.207335 -1.257545
v 0.775164 6.724864 -1.258270
v 0.528024 6.237427 -1.270253
v 0.562242 6.211975 -1.232051
v -0.255806 6.217818 -1.257501
v 0.555630 6.201958 -1.270196
v 0.555630 6.249537 -1.232111
v 0.540025 4.787473 -0.357487
v 0.561106 4.823613 -0.422765
v 0.514653 6.183465 -1.239216
v 0.527230 4.782158 -0.326519
v 0.552385 6.207553 -1.207994
v -0.210966 6.157128 -1.287608
v -0.232765 6.211813 -1.290868
v 1.066229 6.721667 -1.912792
v -0.744214 6.708463 -1.939350
v -0.224164 6.176063 -1.268131
v -0.778432 6.728825 -1.900200
v 0.562241 6.159531 -1.290576
v 0.528024 6.206605 -1.284434
v 1.092779 6.746976 -1.944063
v -0.751872 6.735645 -1.930063
v 0.556689 6.181341 -1.274652
v -0.780938 6.707689 -1.895522
v -0.227406 4.782158 -0.326519
v -0.214829 6.209647 -1.255978
v -0.252561 6.233735 -1.224756
v -0.240201 4.783556 -0.364625
v -0.261289 4.819702 -0.429898
v 0.163169 6.164432 -1.917600
v 0.089330 6.187886 -1.979712
v 1.076799 6.726771 -1.923978
v 0.119708 6.192325 -1.923166
v 0.148774 6.138904 -1.923081
v 0.151050 6.138904 -1.923081
v 0.180116 6.192325 -1.923166
v -0.746431 6.713220 -1.923957
v 0.510790 6.207335 -1.257606
v 0.539855 6.260757 -1.257666
v -0.454476 6.714901 -1.258146
v -0.262417 6.211975 -1.232051
v -0.228200 6.237427 -1.270253
v -0.475340 6.724864 -1.258270
v -0.255807 5.551650 1.834662
v -0.282855 5.317197 1.873198
v -0.228759 5.786246 1.872449
v -0.236749 6.198300 1.847916
v 0.569736 4.888994 1.837278
v 0.530907 4.875289 1.875461
v -0.269912 4.888994 1.839279
v 0.536573 6.198300 1.848095
v -0.231083 4.875290 1.870921
v 0.555630 4.848124 1.861222
v 0.569154 6.255248 1.846264
v 0.528582 6.255322 1.884425
v 0.797670 6.745131 1.847085
v -0.501791 6.713459 1.847136
v -0.501791 6.776802 1.847035
v -0.225499 6.239997 1.847791
v 0.739767 6.747561 1.847146
v 0.768833 6.694141 1.847218
v 0.562242 6.217876 1.847885
v 0.516617 6.251909 1.847831
v 0.775164 6.730814 1.847108
v 0.555630 6.255438 1.847825
v 0.555630 6.192098 1.847926
v -0.255807 6.223768 1.847876
v 0.540348 4.781966 0.959277
v -0.203446 6.180449 1.832481
v 0.504237 4.795970 0.921647
v 0.539807 4.776605 0.931897
v 0.527230 6.197380 1.819267
v 0.502075 4.800573 0.900599
v 1.066228 6.730124 2.501637
v -0.232765 6.217892 1.881260
v -0.210966 6.163194 1.878175
v -0.224165 6.182054 1.858639
v -0.744214 6.717022 2.528235
v -0.778433 6.737235 2.489022
v 1.092778 6.755554 2.532827
v 0.528023 6.212659 1.874844
v 0.562241 6.165607 1.881136
v 0.542156 6.150892 1.863086
v 0.563956 6.205590 1.866171
v -0.766405 6.730124 2.501637
v -0.214829 6.215635 1.846378
v -0.227406 4.784595 0.921465
v -0.252561 6.239605 1.815080
v 0.503269 6.188285 1.825343
v -0.240524 4.789802 0.952139
v -0.204414 4.803807 0.914509
v 0.137575 6.195075 2.525046
v 0.131369 6.179486 2.500930
v 0.216737 6.090752 2.520075
v -0.746432 6.721720 2.512827
v 0.172825 6.187513 2.526360
v 0.151050 6.147356 2.488261
v -0.454477 6.720851 1.847231
v 0.532589 6.253376 1.856676
v 0.510790 6.213237 1.829875
v -0.475341 6.730814 1.847108
v -0.216794 6.251909 1.847831
v -0.262418 6.217876 1.847885
v 1.070038 6.739284 -1.934560
v -0.765368 6.722710 -1.914082
v -0.765368 6.755857 -1.955037
v -0.765368 6.747826 2.523347
v 1.070038 6.750710 2.505551
v 1.070038 6.742055 2.558941
v 0.179102 6.802870 -1.561023
v 0.141263 6.760472 -1.782636
v 0.122178 6.802311 -2.004393
v -2.046386 6.766325 1.540865
v -2.312323 6.821303 0.897741
v -2.150542 6.784553 1.207374
v 0.008297 6.767480 2.131919
v -1.075204 6.822581 1.682375
v -0.521439 6.785771 1.878238
v 0.932912 6.767635 2.119849
v 1.027708 6.823998 2.348349
v 0.951201 6.786427 2.246184
v -0.536614 6.798777 -1.403415
v -1.066287 6.761739 -1.149439
v 0.017140 6.816882 -1.599171
v 1.810005 6.800454 -0.429827
v 1.556284 6.762361 -0.959955
v 2.005131 6.819912 0.124625
v 1.373806 6.767249 1.683426
v 0.290469 6.823653 2.133181
v 0.819980 6.785713 1.878943
v -1.275053 6.766350 1.483122
v -1.723054 6.820429 0.398049
v -1.470031 6.784534 0.928569
v 1.146195 6.797046 -2.139962
v 0.820717 6.759807 -2.262567
v 1.463517 6.816067 -1.997588
v 2.346662 6.761823 -1.025643
v 2.612612 6.818884 -0.382720
v 2.450519 6.781117 -0.692093
v 2.533013 6.765170 0.873338
v 2.265551 6.822242 1.515587
v 2.389529 6.784271 1.190430
v 1.115069 6.805530 2.599995
v 1.424186 6.767974 2.437800
v 0.781866 6.824373 2.704022
v -0.464435 6.768471 2.641855
v -1.107192 6.823924 2.376576
v -0.781794 6.787107 2.499506
v -2.232987 6.763549 -0.357848
v -1.966249 6.817871 -1.000593
v -2.089354 6.780833 -0.674942
v -1.509142 6.799580 -0.431009
v -1.705417 6.763692 0.123009
v -1.255738 6.817993 -0.961398
v 1.808644 6.803342 0.946263
v 2.003822 6.764658 0.391842
v 1.555492 6.822709 1.476612
v 0.878816 6.798386 -1.501734
v -0.795661 6.760230 -2.057072
v 2.455080 6.818532 -0.709267
v -0.803730 6.816211 -2.037747
v 2.447040 6.762617 -0.689681
v -1.132086 6.760410 -1.941060
v -0.489789 6.815897 -2.207535
v -0.798921 6.778859 -2.045246
v -0.633186 6.761003 -1.604400
v -0.727783 6.816597 -1.833178
v -0.651388 6.779480 -1.730835
v 0.949008 6.798024 -1.731765
v 0.930799 6.761116 -1.605338
v 1.025654 6.816573 -1.834022
v 2.010209 6.762830 -0.526044
v 2.238739 6.818685 -0.620686
v 2.136498 6.781605 -0.544295
v 2.007306 6.765595 1.048474
v 2.236366 6.821720 1.141632
v 2.112626 6.784417 1.117324
v -0.638439 6.767502 2.117674
v -0.734782 6.823864 2.345547
v -0.708847 6.786449 2.222407
v -1.820445 6.803000 1.098817
v -1.718269 6.765594 1.022396
v -1.946741 6.821715 1.116983
v 1.966757 6.806256 0.269690
v 2.188223 6.764120 0.229497
v 2.409664 6.806009 0.208271
v 0.121002 6.809259 2.076284
v 0.159172 6.767698 2.298044
v 0.178228 6.810007 2.519654
v -1.666926 6.806192 0.228408
v -1.888371 6.764304 0.266647
v -2.109820 6.806281 0.285663
v 0.598169 6.803794 -1.131972
v 0.150494 6.761912 -1.093822
v -0.297175 6.803901 -1.074841
v -1.837537 6.800187 -0.542138
v -1.711265 6.762921 -0.523901
v -1.939728 6.818723 -0.618692
v -0.298302 6.780766 1.690214
v 0.149336 6.822687 1.668840
v 0.596998 6.780668 1.624442
v -1.154473 6.805155 -0.191014
v -1.094219 6.764060 0.257132
v -1.076239 6.806442 0.705090
v 1.641828 6.778748 0.706287
v 1.623429 6.820011 0.258182
v 1.563859 6.777474 -0.189817
v 2.224651 6.011462 0.287116
v -1.958865 6.321431 -0.175093
v -1.962736 6.323148 0.745034
v -1.960746 5.897656 0.285613
v -2.227788 6.323111 0.745101
v -2.227850 5.897619 0.285680
v -2.228018 6.321393 -0.175026
v 2.529188 5.898284 0.284482
v 2.529020 6.322058 -0.176224
v 2.529249 6.323775 0.743902
v 2.262085 5.898246 0.284550
v 2.261916 6.322021 -0.176157
v 2.262146 6.323738 0.743970
v -2.112656 6.382779 -0.160656
v -1.837158 6.380373 0.718624
v -2.387910 6.388253 0.718687
v 2.691657 6.386745 -0.161329
v 2.416403 6.384343 0.718028
v 2.140904 6.378868 -0.161239
v 2.528554 6.577305 -0.197289
v 2.546403 6.486259 0.675454
v 2.493254 6.764409 0.930766
v 2.261459 6.577394 -0.145847
v 2.279295 6.486189 0.635270
v 2.226142 6.764291 0.863735
v -2.232029 6.577306 -0.196630
v -2.214180 6.486261 0.676113
v -2.267329 6.764410 0.931425
v -1.942472 6.669846 -0.212150
v -1.960051 6.764293 0.864315
v -1.977846 6.324137 0.377839
v 1.051375 8.200725 -3.427333
v 0.131460 8.189848 -3.579407
v 0.131714 8.221773 -3.579215
v 0.125608 8.211265 -3.544282
v 1.057262 8.221775 -3.462771
v 1.053824 8.182532 -3.436538
v 0.371480 7.128794 -0.809198
v 0.111108 7.443613 -0.843555
v 0.111108 6.813975 -0.843555
v 0.104797 8.176864 -3.552842
v 0.070906 8.052013 -3.759377
v 0.092434 7.443613 -0.843555
v 0.092434 6.813975 -0.843555
v 0.101771 7.225169 -1.512672
v 0.083710 6.788454 -2.543239
v 0.083688 6.824084 -2.543321
v 0.103289 9.276041 -6.055358
v 0.121209 6.788454 -2.543260
v 0.121187 6.824084 -2.543341
v 0.083010 6.788221 -0.849566
v 0.101760 6.824084 -0.849576
v 0.120509 6.788221 -0.849586
v 0.163622 7.243649 -0.990982
v 0.095044 7.418370 -0.860325
v 0.458239 7.832444 -2.478559
v 0.458239 7.797780 -2.478559
v 0.463115 7.815112 -2.515647
v 0.651311 7.677279 -1.977209
v 0.142108 7.654058 -2.044341
v 0.142108 7.688888 -2.044341
v 0.646435 7.654058 -1.940118
v 0.137233 7.677279 -2.007253
v 0.646435 7.688888 -1.940118
v 0.316131 7.545566 -1.396043
v 0.313693 7.536908 -1.377499
v 0.316131 7.528250 -1.396043
v 0.309593 7.167958 -1.398152
v 0.294760 7.158881 -1.424911
v 0.311373 7.169294 -1.381550
v 0.323195 7.167276 -1.384523
v 0.308866 7.174765 -1.399677
v 0.305792 7.175014 -1.381124
v 0.313710 6.813975 -1.377375
v 0.313710 6.796628 -1.377375
v 0.316148 6.805301 -1.395919
v 0.483794 7.110837 -1.968283
v 0.313489 7.371402 -2.004260
v 0.371852 7.225060 -1.997548
v 0.459213 7.381751 -1.991129
v 0.321755 7.099790 -1.992437
v 0.383460 7.247271 -2.018621
v 0.396590 6.822650 -2.006384
v 0.391715 6.805301 -1.969367
v 0.396590 6.787952 -2.006384
v 0.223124 7.158427 -2.545091
v 0.283771 7.311913 -2.511819
v 0.345029 7.466884 -2.521589
v 0.618241 7.306694 -2.476987
v 0.646357 7.315805 -2.442063
v 0.630254 7.310168 -2.466136
v 0.567860 6.796627 -2.459877
v 0.459773 6.822649 -2.485491
v 0.353612 6.796627 -2.525765
v 0.761223 7.587523 -2.990582
v 0.701436 7.716578 -2.988115
v 0.802171 7.451458 -2.968403
v 0.280040 7.438579 -3.029863
v 0.337758 7.568601 -3.033137
v 0.377032 7.705550 -3.013337
v 0.334101 7.864367 -3.527018
v 0.257423 7.766856 -3.554835
v 0.422648 7.957013 -3.532998
v 0.838698 7.856772 -3.472262
v 0.856424 7.868738 -3.458121
v 0.859605 7.868813 -3.481565
v 0.472042 8.213649 -4.012504
v 0.290073 8.067883 -4.036355
v 0.381137 8.142914 -4.042106
v 0.939122 8.146564 -3.955726
v 1.013013 8.056969 -3.955808
v 0.867684 8.235450 -3.979813
v 0.406426 8.466374 -4.537682
v 0.498482 8.534478 -4.539466
v 0.322803 8.391564 -4.562811
v 1.122844 8.384473 -4.457190
v 0.945923 8.525773 -4.480154
v 1.034126 8.457302 -4.454611
v 1.267461 8.822939 -5.103406
v 1.060272 8.937196 -5.127765
v 1.163417 8.883432 -5.100091
v 0.463071 8.876323 -5.229235
v 0.565789 8.930784 -5.201125
v 0.358121 8.817891 -5.226060
v 1.200286 9.480556 -5.973165
v 1.444454 9.394916 -5.888314
v 1.317913 9.429397 -5.925709
v 0.386239 9.411009 -6.052321
v 0.648018 9.474978 -6.032820
v 0.514579 9.446424 -6.025278
v 0.527540 7.177852 -3.002036
v 0.395566 7.164865 -3.013100
v 0.660331 7.164865 -2.997174
v 0.745147 7.520677 -3.474948
v 0.594425 7.536992 -3.510560
v 0.442676 7.520677 -3.538371
v 0.831028 7.870225 -3.962358
v 0.658713 7.886489 -4.000798
v 0.485376 7.870225 -4.031478
v 0.723228 8.251634 -4.504049
v 0.524705 8.235381 -4.522388
v 0.922769 8.235358 -4.493438
v 1.035857 8.718677 -5.123405
v 0.813017 8.699147 -5.171585
v 0.588962 8.718653 -5.210548
v 1.174090 9.271802 -5.929628
v 0.914152 9.291320 -5.994193
v 0.650041 9.271802 -6.026999
v 1.710956 9.619565 -5.839332
v 0.106580 9.603523 -6.077404
v 1.725325 9.611490 -5.906972
v 0.106831 9.641848 -6.076816
v 0.102804 9.617792 -6.068471
v 1.710956 9.641850 -5.839332
v 0.935711 7.978199 -2.945915
v 0.933748 7.995977 -2.939408
v 0.124321 7.985402 -3.072906
v 0.119634 7.998451 -3.049047
v 0.938447 8.008960 -2.963367
v 0.124355 8.008960 -3.072908
v 1.180328 8.404776 -3.919418
v 1.177662 8.424280 -3.910029
v 0.128343 8.412353 -4.078814
v 0.122374 8.438425 -4.043542
v 1.183694 8.449568 -3.945790
v 0.128717 8.449568 -4.078475
v 1.327993 8.698881 -4.450656
v 1.321943 8.689295 -4.414662
v 0.125309 8.681004 -4.592640
v 0.128194 8.700056 -4.602196
v 1.327993 8.721167 -4.450656
v 0.121818 8.721167 -4.566524
v 1.497626 9.052512 -5.067485
v 1.494419 9.073038 -5.057439
v 0.134223 9.061141 -5.267425
v 0.128123 9.099488 -5.231536
v 1.500697 9.110631 -5.094680
v 0.135033 9.110631 -5.266325
v 0.277071 7.447428 -0.824312
v 0.242396 7.434881 -0.835190
v 0.208525 7.448445 -0.852167
v 0.244654 6.796628 -0.838343
v 0.279793 6.809638 -0.842934
v 0.209462 6.809638 -0.833350
v 0.101774 9.453805 -6.074084
v 0.111274 9.512082 -6.060068
v 0.092273 9.395528 -6.060068
v 0.101772 7.581295 -3.072766
v 0.113304 7.721193 -3.055299
v 0.090241 7.441398 -3.055299
v 0.101763 7.860216 -3.578639
v 0.111273 7.974430 -3.564622
v 0.092267 7.746002 -3.564622
v 0.101772 8.154267 -4.076608
v 0.111273 8.248642 -4.062591
v 0.092272 8.059892 -4.062591
v 0.101763 8.475906 -4.596430
v 0.111273 8.553934 -4.582410
v 0.092267 8.397880 -4.582413
v 0.101773 8.906190 -5.267758
v 0.111273 8.970501 -5.253747
v 0.092267 8.841880 -5.253744
v 0.101823 7.171164 -1.419721
v 0.110319 7.293117 -1.407215
v 0.092120 7.049210 -1.406348
v 0.101762 7.246327 -2.037591
v 0.111104 7.387075 -2.023680
v 0.092434 7.105579 -2.023676
v 0.101772 7.319005 -2.554097
v 0.113304 7.483979 -2.536840
v 0.090240 7.154032 -2.536843
v 0.106370 7.196410 -1.556152
v 0.106615 7.414322 -1.702678
v 0.092555 7.310559 -1.637371
v 0.092383 7.117954 -1.719812
v 0.106387 7.055092 -1.620024
v 0.106393 7.181322 -1.819460
v 0.101721 6.960535 -1.420588
v 0.111059 6.813708 -2.030539
v 0.092383 6.813708 -2.030539
v 0.092382 6.942618 -1.420588
v 0.106383 5.696946 -1.585066
v 0.111059 7.601012 -1.787163
v 0.101721 7.279906 -2.018896
v 0.106390 7.633565 -2.028577
v 0.092383 7.311133 -2.018896
v 0.092383 7.601012 -1.787163
v 0.111036 7.434602 -2.138043
v 0.083082 7.517244 -2.235335
v 0.111034 7.609860 -2.358777
v 0.095753 7.927617 -3.073848
v 0.101721 7.160937 -3.053215
v 0.090048 7.796645 -2.543171
v 0.113394 7.197268 -3.053215
v 0.113394 7.796645 -2.543171
v 0.097138 7.287978 -2.640202
v 0.111050 7.533220 -3.548596
v 0.101718 7.543796 -3.563546
v 0.111059 8.004023 -3.067733
v 0.092383 8.004023 -3.067733
v 0.092383 8.215869 -3.574902
v 0.101722 7.891760 -4.059069
v 0.096777 7.506907 -3.246975
v 0.111060 8.215869 -3.574902
v 0.111060 7.880784 -4.043543
v 0.092384 8.250566 -4.586075
v 0.101722 8.448468 -4.066401
v 0.111060 8.250566 -4.586075
v 0.092383 8.429718 -4.066401
v 0.106446 8.026947 -4.352347
v 0.111096 8.487354 -4.740200
v 0.092383 8.560241 -4.718199
v 0.097146 8.615768 -4.680777
v 0.097055 8.792467 -5.145500
v 0.097172 8.871230 -5.032805
v 0.111150 8.837410 -5.091870
v 0.111060 9.107695 -5.260861
v 0.101723 9.004741 -5.659495
v 0.092384 9.107695 -5.260861
v 0.092385 8.991563 -5.640806
v 0.106450 8.755123 -5.250888
v 0.111072 9.307187 -5.930461
v 0.092381 9.334711 -5.795989
v 0.098861 9.309162 -5.860429
v 0.113286 7.168197 -1.066522
v 0.095733 7.284636 -1.181743
v 0.095742 7.053532 -0.970452
v 0.101192 7.246327 -2.037450
v 0.110522 7.387075 -2.023547
v 0.091870 7.105579 -2.023458
v 0.071271 8.200725 -3.548350
v -0.856658 8.189848 -3.457150
v -0.856363 8.221773 -3.457029
v -0.853219 8.211265 -3.421706
v 0.067786 8.221775 -3.584103
v 0.071254 8.182532 -3.557875
v 0.092168 7.128794 -0.843454
v -0.168224 7.443613 -0.809252
v -0.168224 6.813975 -0.809252
v -0.875537 8.176864 -3.424588
v -0.938298 8.053316 -3.620497
v -0.186263 7.443613 -0.804418
v -0.186263 6.813975 -0.804418
v -0.350422 7.225169 -1.453154
v -0.634600 6.788454 -2.443929
v -0.634642 6.824084 -2.444002
v -1.524692 9.276042 -5.841442
v -0.598385 6.788454 -2.453655
v -0.598427 6.824084 -2.453727
v -0.196920 6.788221 -0.807785
v -0.178813 6.824084 -0.812648
v -0.160705 6.788221 -0.817511
v -0.256562 7.245365 -0.936632
v -0.222697 7.418975 -0.811677
v -0.148080 7.806446 -2.492624
v -0.258531 7.832444 -2.496884
v -0.369001 7.806446 -2.501293
v 0.060159 7.677279 -2.044092
v -0.449068 7.654058 -1.977145
v -0.449068 7.688888 -1.977145
v 0.065050 7.654058 -2.007004
v -0.444178 7.677279 -1.940060
v 0.065050 7.688888 -2.007004
v -0.113172 7.545566 -1.395903
v -0.110727 7.536908 -1.377360
v -0.113172 7.528250 -1.395904
v -0.120147 7.167898 -1.396196
v -0.141233 7.158905 -1.418228
v -0.114049 7.169291 -1.380857
v -0.103318 7.167248 -1.386676
v -0.121100 7.174742 -1.397655
v -0.119234 7.174975 -1.378927
v -0.052052 6.800964 -1.385046
v -0.111915 6.813975 -1.386616
v -0.171778 6.800964 -1.388187
v -0.099335 7.110839 -1.992114
v -0.273187 7.371372 -1.982669
v -0.215104 7.225020 -1.991391
v -0.129022 7.381765 -2.007839
v -0.262120 7.099793 -1.973554
v -0.209292 7.247276 -2.014776
v -0.190255 6.822650 -1.982211
v -0.279967 6.796628 -1.995886
v -0.102266 6.796627 -1.981589
v -0.500384 7.158414 -2.481879
v -0.433163 7.311894 -2.465361
v -0.376594 7.466885 -2.490705
v -0.101120 7.306696 -2.518208
v -0.064973 7.315795 -2.491827
v -0.086696 7.310177 -2.510911
v -0.145373 6.796627 -2.488728
v -0.256407 6.822649 -2.485496
v -0.369374 6.796627 -2.496919
v -0.095944 7.587529 -3.051406
v -0.153031 7.716591 -3.033474
v -0.050608 7.451483 -3.040577
v -0.571006 7.438625 -2.964744
v -0.516076 7.568633 -2.982895
v -0.472986 7.705571 -2.973886
v -0.647390 7.864388 -3.458967
v -0.728591 7.766849 -3.465832
v -0.563328 7.956983 -3.487652
v -0.145804 7.856758 -3.536666
v -0.125010 7.868730 -3.527567
v -0.128020 7.868795 -3.551052
v -0.727712 8.138559 -3.946118
v -0.823263 8.067906 -3.951145
v -0.641285 8.213646 -3.975142
v -0.173928 8.146535 -4.029551
v -0.102517 8.057004 -4.048815
v -0.249194 8.235412 -4.034467
v -0.839084 8.466351 -4.454091
v -0.750775 8.534610 -4.479898
v -0.926472 8.391708 -4.456635
v -0.216787 8.453057 -4.554505
v -0.301690 8.526020 -4.528847
v -0.124881 8.384688 -4.552491
v -0.153714 8.823108 -5.223140
v -0.360198 8.937337 -5.193329
v -0.253454 8.883408 -5.193081
v -0.963327 8.876281 -5.136537
v -0.856813 8.930690 -5.136000
v -1.063857 8.817817 -5.106258
v -0.443774 9.480663 -6.046119
v -0.185961 9.395032 -6.027333
v -0.317872 9.429525 -6.030812
v -1.250546 9.410951 -5.911583
v -0.992745 9.474887 -5.961119
v -1.119785 9.446770 -5.918971
v -0.324642 7.177852 -3.001987
v -0.454983 7.164865 -2.978521
v -0.195117 7.164865 -3.031658
v -0.236843 7.520677 -3.515059
v -0.391644 7.536992 -3.510436
v -0.545421 7.520677 -3.498029
v -0.280055 7.870225 -4.008214
v -0.456451 7.886489 -4.000771
v -0.631822 7.870225 -3.985541
v -0.720884 8.246201 -4.469851
v -0.525397 8.229948 -4.511256
v -0.328896 8.246223 -4.544952
v -0.382710 8.718677 -5.182736
v -0.610430 8.699147 -5.171620
v -0.836936 8.718653 -5.151277
v -0.457751 9.271802 -5.996485
v -0.725464 9.291320 -5.990974
v -0.989145 9.271802 -5.954903
v 0.084106 9.619564 -6.048873
v -1.527220 9.603524 -5.863589
v 0.080478 9.611489 -6.117928
v -1.526826 9.641849 -5.863087
v -1.528555 9.617793 -5.853983
v 0.084106 9.641850 -6.048873
v 0.084149 7.978199 -3.053399
v 0.083937 7.995977 -3.046605
v -0.732461 7.985402 -2.966060
v -0.730814 7.998451 -2.941800
v 0.082275 8.008960 -3.070964
v -0.732429 8.008960 -2.966070
v 0.068469 8.404776 -4.057042
v 0.068324 8.424280 -4.047283
v -0.988925 8.412353 -3.938731
v -0.985561 8.438425 -3.903118
v 0.064895 8.449568 -4.083386
v -0.988477 8.449568 -3.938502
v 0.073608 8.698881 -4.608397
v 0.077080 8.689295 -4.572064
v -1.124844 8.681004 -4.434265
v -1.124530 8.700056 -4.444242
v 0.073608 8.721167 -4.608397
v -1.121456 8.721167 -4.408135
v 0.077814 9.052512 -5.248113
v 0.077316 9.073038 -5.237578
v -1.290881 9.061141 -5.088364
v -1.287484 9.099488 -5.052119
v 0.073742 9.110631 -5.275175
v -1.289814 9.110631 -5.087511
v -0.002931 7.447352 -0.833581
v -0.039231 7.434938 -0.835042
v -0.076360 7.448522 -0.842810
v -0.037877 6.796628 -0.838757
v -0.005125 6.809639 -0.852302
v -0.070579 6.809639 -0.824841
v -1.531003 9.453806 -5.859139
v -1.518199 9.512083 -5.848059
v -1.536553 9.395529 -5.843141
v -0.754206 7.581295 -2.960088
v -0.738546 7.721193 -2.946201
v -0.760823 7.441398 -2.940231
v -0.885135 7.860216 -3.448723
v -0.872331 7.974430 -3.437644
v -0.890684 7.746002 -3.432726
v -1.014019 8.154267 -3.929724
v -1.001214 8.248642 -3.918644
v -1.019568 8.059892 -3.913726
v -1.148561 8.475906 -4.431834
v -1.135753 8.553934 -4.420751
v -1.154109 8.397880 -4.415835
v -1.322314 8.906190 -5.080282
v -1.309508 8.970501 -5.069212
v -1.327862 8.841880 -5.064287
v -0.326322 7.171164 -1.363379
v -0.314869 7.293117 -1.353505
v -0.332231 7.049210 -1.347956
v -0.486287 7.246327 -1.960186
v -0.473663 7.387075 -1.949162
v -0.491698 7.105579 -1.944331
v -0.619964 7.319005 -2.459092
v -0.604355 7.483979 -2.445418
v -0.626640 7.154032 -2.439451
v -0.357262 7.196409 -1.496333
v -0.395059 7.414322 -1.637900
v -0.391727 7.310559 -1.571182
v -0.382583 7.055092 -1.555674
v -0.394886 7.118582 -1.655513
v -0.434202 7.181323 -1.748314
v -0.326639 6.960535 -1.364193
v -0.475486 6.813708 -1.955778
v -0.493526 6.813708 -1.950944
v -0.335659 6.942618 -1.361776
v -0.364517 5.696940 -1.524320
v -0.412496 7.601012 -1.720694
v -0.481493 7.279906 -1.942114
v -0.479429 7.633566 -1.952689
v -0.490513 7.311133 -1.939698
v -0.430536 7.601012 -1.715860
v -0.503276 7.434602 -2.059628
v -0.555568 7.517244 -2.146341
v -0.560378 7.609860 -2.272848
v -0.760305 7.927618 -2.959573
v -0.749194 7.160937 -2.941190
v -0.628460 7.796645 -2.445504
v -0.737920 7.197268 -2.944211
v -0.605911 7.796645 -2.451546
v -0.646668 7.287940 -2.541036
v -0.868398 7.533220 -3.422105
v -0.881281 7.543797 -3.434131
v -0.743932 8.004023 -2.957629
v -0.761972 8.004023 -2.952796
v -0.893237 8.215869 -3.442684
v -1.009529 7.891760 -3.912769
v -0.804263 7.506927 -3.127042
v -0.875197 8.215869 -3.447518
v -0.996490 7.880784 -3.900190
v -1.154948 8.250566 -4.419402
v -1.011426 8.448467 -3.919852
v -1.136908 8.250566 -4.424236
v -1.020446 8.429718 -3.917435
v -1.080663 8.026950 -4.197334
v -1.176767 8.487311 -4.573076
v -1.189094 8.560404 -4.547194
v -1.175058 8.615895 -4.512180
v -1.295237 8.792492 -4.960983
v -1.265916 8.871162 -4.852123
v -1.267645 8.837414 -4.912844
v -1.311555 9.107695 -5.076029
v -1.423750 9.004741 -5.458663
v -1.329595 9.107695 -5.071195
v -1.427932 8.991563 -5.438194
v -1.313472 8.755123 -5.065191
v -1.484934 9.307015 -5.722754
v -1.468270 9.334954 -5.588099
v -1.478359 9.309217 -5.652066
v -0.223717 7.168197 -1.025215
v -0.270322 7.284636 -1.132014
v -0.215758 7.053531 -0.927889
v -0.486814 7.246327 -1.959895
v -0.474194 7.387075 -1.948880
v -0.492192 7.105579 -1.943967
v -0.906757 8.200725 -3.411573
v -1.779464 8.189848 -3.083315
v -1.779148 8.221773 -3.083275
v -1.766969 8.211265 -3.049969
v -0.919378 8.221775 -3.445206
v -0.909239 8.182532 -3.420769
v -0.186495 7.128794 -0.804250
v -0.429163 7.443613 -0.703821
v -0.429163 6.813975 -0.703821
v -1.789272 8.176864 -3.046976
v -1.928842 8.052311 -3.204602
v -0.445336 7.443613 -0.694484
v -0.445336 6.813975 -0.694484
v -0.771811 7.225169 -1.278615
v -1.302733 6.788454 -2.162092
v -1.302792 6.824084 -2.162152
v -3.041835 9.276042 -5.213466
v -1.270268 6.788454 -2.180859
v -1.270328 6.824084 -2.180919
v -0.456502 6.788221 -0.694977
v -0.440270 6.824084 -0.704361
v -0.424037 6.788221 -0.713745
v -0.578804 7.243634 -0.790303
v -0.454530 7.418357 -0.708540
v -0.946034 7.815112 -2.293325
v -0.960356 7.832444 -2.327883
v -0.960356 7.797780 -2.327883
v -0.528161 7.677279 -1.955695
v -1.002709 7.654058 -1.759232
v -1.002709 7.688888 -1.759232
v -0.513838 7.654058 -1.921136
v -0.988388 7.677279 -1.724675
v -0.513838 7.688888 -1.921136
v -0.527779 7.545566 -1.284625
v -0.520618 7.536908 -1.267347
v -0.527779 7.528250 -1.284625
v -0.534659 7.167879 -1.283165
v -0.560773 7.158865 -1.298983
v -0.524811 7.169254 -1.269864
v -0.515835 7.167221 -1.278312
v -0.535931 7.174733 -1.284406
v -0.529197 7.174916 -1.266859
v -0.520616 6.813975 -1.267425
v -0.520615 6.796628 -1.267425
v -0.527776 6.805301 -1.284704
v -0.668761 7.110840 -1.864197
v -0.834282 7.371366 -1.810136
v -0.780411 7.225041 -1.833652
v -0.701556 7.381814 -1.871606
v -0.821281 7.099823 -1.804210
v -0.780825 7.247269 -1.857624
v -0.763368 6.822650 -1.853661
v -0.749081 6.805301 -1.819167
v -0.763368 6.787952 -1.853661
v -1.182932 7.158432 -2.233383
v -1.113689 7.311892 -2.234908
v -1.065558 7.466884 -2.273904
v -0.806682 7.306693 -2.371951
v -0.764926 7.315795 -2.355822
v -0.790853 7.310173 -2.368608
v -0.943472 6.805301 -2.288746
v -0.957759 6.822649 -2.323241
v -0.957759 6.787952 -2.323241
v -0.939607 7.587531 -2.888173
v -0.990162 7.716587 -2.856180
v -0.893081 7.451453 -2.889430
v -1.376018 7.438597 -2.681582
v -1.327699 7.568626 -2.713311
v -1.283763 7.705564 -2.715808
v -1.577747 7.864351 -3.139255
v -1.658057 7.766844 -3.124982
v -1.504047 7.957001 -3.188679
v -1.113421 7.856750 -3.344098
v -1.090952 7.868734 -3.340666
v -1.099957 7.868780 -3.362542
v -1.781462 8.138578 -3.588932
v -1.875051 8.067929 -3.569031
v -1.705482 8.213672 -3.639295
v -1.268199 8.146461 -3.812843
v -1.204026 8.057035 -3.849783
v -1.342071 8.235473 -3.798234
v -2.020564 8.466392 -4.050875
v -1.941932 8.534633 -4.098665
v -2.105633 8.391731 -4.030746
v -1.359825 8.384492 -4.339306
v -1.524488 8.525875 -4.270801
v -1.435396 8.457339 -4.292819
v -1.557656 8.822995 -4.971203
v -1.749293 8.937115 -4.888600
v -1.646040 8.883474 -4.916140
v -2.317167 8.876431 -4.677713
v -2.214134 8.930733 -4.704874
v -2.406319 8.817801 -4.622371
v -2.050690 9.480528 -5.690691
v -1.796836 9.395004 -5.739494
v -1.925205 9.429267 -5.708611
v -2.795330 9.411052 -5.352390
v -2.559030 9.474863 -5.466849
v -2.670882 9.446717 -5.393384
v -1.147794 7.177852 -2.781413
v -1.267619 7.164865 -2.725007
v -1.030357 7.164865 -2.843582
v -1.195721 7.531553 -3.299586
v -1.341069 7.515239 -3.247854
v -1.489372 7.531554 -3.203255
v -1.365056 7.870225 -3.764651
v -1.533496 7.886489 -3.711760
v -1.698951 7.870225 -3.651661
v -1.910570 8.246201 -4.097007
v -1.732495 8.229948 -4.187681
v -1.551413 8.246223 -4.271091
v -1.768158 8.718677 -4.872477
v -1.985217 8.699147 -4.802742
v -2.198735 8.718653 -4.724455
v -2.051505 9.271802 -5.639680
v -2.308786 9.291320 -5.565350
v -2.554030 9.271802 -5.461979
v -1.541541 9.619565 -5.830215
v -3.050009 9.603524 -5.234203
v -1.562919 9.611489 -5.895977
v -3.049498 9.641849 -5.233820
v -3.048812 9.617793 -5.224579
v -1.541541 9.641850 -5.830215
v -0.766216 7.978199 -2.936820
v -0.764662 7.995977 -2.930203
v -1.532396 7.985402 -2.641103
v -1.524525 7.998451 -2.618096
v -0.772572 8.008960 -2.953301
v -1.532367 8.008960 -2.641121
v -1.041123 8.404776 -3.902206
v -1.038738 8.424280 -3.892742
v -2.031867 8.412353 -3.514254
v -2.019400 8.438425 -3.480725
v -1.051394 8.449568 -3.926728
v -2.031374 8.449568 -3.514149
v -1.178860 8.698881 -4.436105
v -1.166103 8.689295 -4.401908
v -2.291408 8.681004 -3.957725
v -2.293687 8.700056 -3.967443
v -1.178860 8.721167 -4.436105
v -2.281373 8.721167 -3.933362
v -1.340368 9.052512 -5.055111
v -1.338122 9.073038 -5.044806
v -2.621080 9.061141 -4.546563
v -2.608419 9.099488 -4.512432
v -1.351306 9.110631 -5.080198
v -2.619828 9.110631 -4.546014
v -0.275806 7.447333 -0.770119
v -0.311245 7.434939 -0.762131
v -0.349124 7.448522 -0.760035
v -0.310908 6.796628 -0.766093
v -0.282769 6.809638 -0.787631
v -0.338885 6.809639 -0.744165
v -3.052512 9.453806 -5.228926
v -3.037276 9.512083 -5.221538
v -3.053731 9.395529 -5.212037
v -1.551854 7.581296 -2.629707
v -1.533134 7.721193 -2.620346
v -1.553107 7.441399 -2.608814
v -1.804795 7.860216 -3.067799
v -1.789554 7.974430 -3.060417
v -1.806013 7.746002 -3.050913
v -2.053775 8.154267 -3.499060
v -2.038538 8.248642 -3.491670
v -2.054994 8.059892 -3.482170
v -2.313689 8.475906 -3.949236
v -2.298447 8.553934 -3.941847
v -2.314906 8.397880 -3.932347
v -2.649334 8.906190 -4.530627
v -2.634110 8.970501 -4.523241
v -2.650565 8.841880 -4.513731
v -0.725289 7.171164 -1.198157
v -0.711672 7.293117 -1.191568
v -0.727010 7.049210 -1.181717
v -1.034263 7.246327 -1.733212
v -1.019220 7.387075 -1.725839
v -1.035398 7.105579 -1.716496
v -1.292520 7.319005 -2.180526
v -1.273910 7.483979 -2.171348
v -1.293878 7.154032 -2.159823
v -0.789666 7.196410 -1.318520
v -0.862832 7.414322 -1.445471
v -0.842227 7.310559 -1.381958
v -0.829494 7.055092 -1.369279
v -0.867190 7.118581 -1.462548
v -0.929211 7.181322 -1.541997
v -0.725809 6.960535 -1.198852
v -1.022698 6.813708 -1.731755
v -1.038872 6.813708 -1.722417
v -0.733896 6.942618 -1.194183
v -0.803982 5.696946 -1.343642
v -0.901010 7.601012 -1.520985
v -1.024963 7.279906 -1.717003
v -1.025744 7.633566 -1.727730
v -1.033051 7.311133 -1.712334
v -0.917184 7.601012 -1.511647
v -1.076347 7.434602 -1.824915
v -1.149393 7.517244 -1.895086
v -1.186784 7.609860 -2.016036
v -1.557614 7.927616 -2.627630
v -1.542122 7.160937 -2.612749
v -1.297209 7.796645 -2.165202
v -1.532013 7.197268 -2.618586
v -1.276992 7.796645 -2.176874
v -1.339605 7.287976 -2.252761
v -1.781733 7.533220 -3.046426
v -1.797290 7.543796 -3.054707
v -1.541294 8.004023 -2.629991
v -1.557468 8.004023 -2.620653
v -1.811053 8.215869 -3.059875
v -2.045048 7.891760 -3.483844
v -1.643343 7.506927 -2.778059
v -1.794879 8.215869 -3.069213
v -2.029199 7.880784 -3.475068
v -2.316639 8.250566 -3.935576
v -2.048715 8.448468 -3.490194
v -2.300465 8.250566 -3.944914
v -2.056802 8.429718 -3.485525
v -2.187731 8.026958 -3.740119
v -2.377602 8.487355 -4.078349
v -2.382835 8.560361 -4.050051
v -2.360104 8.615887 -4.019963
v -2.592297 8.792364 -4.422335
v -2.535798 8.871119 -4.324822
v -2.553257 8.837326 -4.382959
v -2.637857 9.107695 -4.529296
v -2.845261 9.004741 -4.869855
v -2.654032 9.107695 -4.519958
v -2.844004 8.991563 -4.849001
v -2.636894 8.755125 -4.518338
v -2.972738 9.307067 -5.109110
v -2.921658 9.334766 -4.983371
v -2.948174 9.309070 -5.042434
v -0.538703 7.168198 -0.898039
v -0.611452 7.284636 -0.989083
v -0.505824 7.053532 -0.806089
v -1.034692 7.246327 -1.732805
v -1.019660 7.387075 -1.725425
v -1.035774 7.105579 -1.716026
v -1.816061 8.200725 -3.026323
v -2.574071 8.189848 -2.483378
v -2.573756 8.221773 -2.483421
v -2.553372 8.211265 -2.454403
v -1.836956 8.221775 -3.055544
v -1.820838 8.182532 -3.034564
v -0.445520 7.128794 -0.694266
v -0.653922 7.443613 -0.534447
v -0.653922 6.813975 -0.534447
v -2.574140 8.176864 -2.445739
v -2.725915 8.053313 -2.584508
v -0.667127 7.443613 -0.521242
v -0.667127 6.813975 -0.521242
v -1.133667 7.225169 -1.000977
v -1.875154 6.788454 -1.716932
v -1.875227 6.824084 -1.716974
v -4.344750 9.276042 -4.214221
v -1.848653 6.788454 -1.743462
v -1.848727 6.824084 -1.743504
v -0.678041 6.788221 -0.518829
v -0.664791 6.824084 -0.532094
v -0.651540 6.788221 -0.545359
v -0.761428 7.245808 -0.631281
v -0.694141 7.418581 -0.517760
v -1.650974 7.823778 -1.869647
v -1.575866 7.797780 -1.950722
v -1.500872 7.823778 -2.031946
v -1.073556 7.677279 -1.718042
v -1.481086 7.654058 -1.405451
v -1.481086 7.688888 -1.405451
v -1.050777 7.654058 -1.688367
v -1.458308 7.677279 -1.375779
v -1.050777 7.688888 -1.688367
v -0.899432 7.536908 -1.069846
v -0.888043 7.545566 -1.055009
v -0.888043 7.528250 -1.055009
v -0.905763 7.167909 -1.066836
v -0.935073 7.158887 -1.075319
v -0.892796 7.169281 -1.056514
v -0.886307 7.167250 -1.066803
v -0.907439 7.174782 -1.067611
v -0.896281 7.174901 -1.052474
v -0.841238 6.800964 -1.091220
v -0.893891 6.813975 -1.062681
v -0.946494 6.800964 -1.034078
v -1.185741 7.110837 -1.593337
v -1.331537 7.371381 -1.498206
v -1.285635 7.225002 -1.534781
v -1.219244 7.381752 -1.592063
v -1.317312 7.099792 -1.495716
v -1.292286 7.247318 -1.557859
v -1.274306 6.805301 -1.558564
v -1.251578 6.822650 -1.528943
v -1.251578 6.787952 -1.528943
v -1.777878 7.158424 -1.816829
v -1.711536 7.311925 -1.836194
v -1.675106 7.466877 -1.886492
v -1.450284 7.306694 -2.047983
v -1.405809 7.315791 -2.043224
v -1.434150 7.310177 -2.048903
v -1.560849 6.805301 -1.932167
v -1.583577 6.822649 -1.961789
v -1.583577 6.787952 -1.961789
v -1.712369 7.587555 -2.512401
v -1.752968 7.716570 -2.468327
v -1.667708 7.451462 -2.525541
v -2.080440 7.438617 -2.199738
v -2.041946 7.568624 -2.242928
v -2.000121 7.705568 -2.256643
v -2.393669 7.864388 -2.589481
v -2.467405 7.766792 -2.554940
v -2.335310 7.956993 -2.656457
v -1.998334 7.856694 -2.907668
v -1.975833 7.868654 -2.910229
v -1.990131 7.868740 -2.929048
v -2.706815 8.138557 -2.971222
v -2.791975 8.067838 -2.927780
v -2.646491 8.213590 -3.039680
v -2.269022 8.146515 -3.320438
v -2.216666 8.057042 -3.372738
v -2.336589 8.235497 -3.287148
v -3.057222 8.466366 -3.355394
v -2.993557 8.534621 -3.421785
v -3.134089 8.391675 -3.313849
v -2.568646 8.453030 -3.753673
v -2.629383 8.525952 -3.689003
v -2.488028 8.384653 -3.797847
v -2.848431 8.822908 -4.364263
v -3.012304 8.937109 -4.235128
v -2.919749 8.883234 -4.288341
v -3.506136 8.876501 -3.884258
v -3.413624 8.930803 -3.937132
v -3.577930 8.817886 -3.807719
v -3.510854 9.480622 -4.931713
v -3.278207 9.394876 -5.044303
v -3.393953 9.429476 -4.981090
v -4.142251 9.410472 -4.412127
v -3.943766 9.474670 -4.583789
v -4.032591 9.446334 -4.483751
v -1.885889 7.177852 -2.355384
v -1.987035 7.164865 -2.269891
v -1.788526 7.164865 -2.445806
v -2.066333 7.520678 -2.843544
v -2.198111 7.536992 -2.762174
v -2.325076 7.520678 -2.674533
v -2.350316 7.870225 -3.249000
v -2.499374 7.886489 -3.154377
v -2.643635 7.870225 -3.053503
v -2.809484 8.251634 -3.555687
v -2.962833 8.235381 -3.428284
v -2.660880 8.235358 -3.689276
v -3.026439 8.718677 -4.214788
v -3.218110 8.699147 -4.091324
v -3.404088 8.718653 -3.960441
v -3.498301 9.271802 -4.881996
v -3.727430 9.291320 -4.743417
v -3.937711 9.271802 -4.580288
v -3.055206 9.619565 -5.198258
v -4.358014 9.603524 -4.232135
v -3.092875 9.611490 -5.256248
v -4.357421 9.641849 -4.231897
v -4.354368 9.617793 -4.223150
v -3.055206 9.641850 -5.198258
v -1.557433 7.978199 -2.604123
v -1.554220 7.995977 -2.598133
v -2.220969 7.985402 -2.120179
v -2.207412 7.998451 -2.099994
v -1.567839 8.008960 -2.618397
v -2.220946 8.008960 -2.120205
v -2.072834 8.404776 -3.465463
v -2.068080 8.424280 -3.456939
v -2.929409 8.412353 -2.834307
v -2.908689 8.438425 -2.805146
v -2.089101 8.449568 -3.486491
v -2.928905 8.449568 -2.834333
v -2.344061 8.698881 -3.945520
v -2.322887 8.689295 -3.915792
v -3.294885 8.681004 -3.195493
v -3.299602 8.700056 -3.204290
v -2.344061 8.721167 -3.945520
v -3.278886 8.721167 -3.174557
v -2.660275 9.052512 -4.501633
v -2.655439 9.073039 -4.492261
v -3.765726 9.061141 -3.678941
v -3.744663 9.099488 -3.649250
v -2.677333 9.110631 -4.523034
v -3.764375 9.110631 -3.678735
v -0.522964 7.439820 -0.638195
v -0.558951 7.452321 -0.626289
v -0.591154 7.438748 -0.609453
v -0.555819 6.796628 -0.625210
v -0.534213 6.809639 -0.653295
v -0.577167 6.809639 -0.596787
v -4.359065 9.453806 -4.226390
v -4.342436 9.512083 -4.223197
v -4.355872 9.395529 -4.209761
v -2.236814 7.581296 -2.104136
v -2.216309 7.721193 -2.099939
v -2.232617 7.441399 -2.083631
v -2.594520 7.860216 -2.461842
v -2.577892 7.974430 -2.458649
v -2.591327 7.746002 -2.445213
v -2.946638 8.154267 -2.813960
v -2.930008 8.248642 -2.810766
v -2.943444 8.059892 -2.797330
v -3.314211 8.475906 -3.181524
v -3.297575 8.553934 -3.178334
v -3.311015 8.397880 -3.164897
v -3.788910 8.906190 -3.656234
v -3.772282 8.970501 -3.653041
v -3.785718 8.841880 -3.639605
v -1.067902 7.171164 -0.935296
v -1.053048 7.293117 -0.932459
v -1.065310 7.049210 -0.918975
v -1.504837 7.246327 -1.372149
v -1.488394 7.387075 -1.368916
v -1.501599 7.105579 -1.355710
v -1.870060 7.319005 -1.737381
v -1.849712 7.483979 -1.733336
v -1.866019 7.154032 -1.717032
v -1.161320 7.196410 -1.034813
v -1.264801 7.414322 -1.138551
v -1.228504 7.310559 -1.082489
v -1.212886 7.055092 -1.073576
v -1.273429 7.118581 -1.153919
v -1.353908 7.181322 -1.214600
v -1.068585 6.960535 -0.935833
v -1.493282 6.813708 -1.373737
v -1.506488 6.813708 -1.360531
v -1.075188 6.942618 -0.929230
v -1.181519 5.696930 -1.055491
v -1.321189 7.601012 -1.201643
v -1.491652 7.279906 -1.358901
v -1.495192 7.633566 -1.369051
v -1.498255 7.311133 -1.352298
v -1.334395 7.601012 -1.188437
v -1.569319 7.434602 -1.449732
v -1.657886 7.517244 -1.498758
v -1.725380 7.609860 -1.605837
v -2.241900 7.927617 -2.100580
v -2.223026 7.160937 -2.090275
v -1.870624 7.796645 -1.721366
v -2.214772 7.197268 -2.098529
v -1.854116 7.796645 -1.737873
v -1.934178 7.287938 -1.794978
v -2.566716 7.533220 -2.447159
v -2.583886 7.543797 -2.451131
v -2.226688 8.004023 -2.107144
v -2.239894 8.004023 -2.093937
v -2.598517 8.215869 -2.452561
v -2.934271 7.891760 -2.801521
v -2.363534 7.506910 -2.223786
v -2.585311 8.215869 -2.465767
v -2.916689 7.880784 -2.797146
v -3.313524 8.250566 -3.167569
v -2.939456 8.448468 -2.806706
v -3.300318 8.250566 -3.180775
v -2.946058 8.429718 -2.800103
v -3.138056 8.026916 -3.012484
v -3.409316 8.487385 -3.289783
v -3.406959 8.560339 -3.261114
v -3.377172 8.615887 -3.238008
v -3.705667 8.792441 -3.566554
v -3.625970 8.871349 -3.486979
v -3.657942 8.837428 -3.538466
v -3.777463 9.107695 -3.657921
v -4.065943 9.004742 -3.933195
v -3.790669 9.107695 -3.644715
v -4.059331 8.991563 -3.913377
v -3.773682 8.755122 -3.647599
v -4.250938 9.307049 -4.131359
v -4.169103 9.334756 -4.023080
v -4.209979 9.309126 -4.073311
v -0.810081 7.168197 -0.693613
v -0.903845 7.284636 -0.762796
v -0.754504 7.053532 -0.613325
v -1.505146 7.246327 -1.371646
v -1.488716 7.387075 -1.368412
v -1.501841 7.105579 -1.355163
v -2.594669 8.200725 -2.418858
v -3.186327 8.189848 -1.698224
v -3.186033 8.221773 -1.698347
v -3.158833 8.211265 -1.675593
v -2.622415 8.221775 -2.441674
v -2.601416 8.182532 -2.425580
v -0.667244 7.128794 -0.520983
v -0.827184 7.443613 -0.312673
v -0.827184 6.813975 -0.312673
v -3.176651 8.176864 -1.661850
v -3.390270 8.058131 -1.694261
v -0.836521 7.443613 -0.296500
v -0.836521 6.813975 -0.296500
v -1.411318 7.225169 -0.639156
v -2.312853 6.788454 -1.138787
v -2.312935 6.824084 -1.138809
v -5.344647 9.276042 -2.911802
v -2.294122 6.788454 -1.171272
v -2.294203 6.824084 -1.171294
v -0.846438 6.788221 -0.291345
v -0.837073 6.824084 -0.307588
v -0.827707 6.788221 -0.323830
v -0.974526 7.236533 -0.390222
v -0.852055 7.418351 -0.303134
v -2.135995 7.823778 -1.344442
v -2.084566 7.797780 -1.442298
v -2.033014 7.823778 -1.540060
v -1.538856 7.677279 -1.347329
v -1.851596 7.665668 -0.939913
v -1.509172 7.654058 -1.324561
v -1.821914 7.688888 -0.917146
v -1.509172 7.688888 -1.324561
v -1.203034 7.536908 -0.766389
v -1.188193 7.545566 -0.755006
v -1.188193 7.528250 -0.755006
v -1.208270 7.167900 -0.761743
v -1.238772 7.158893 -0.762386
v -1.193094 7.169284 -0.755176
v -1.189615 7.167258 -0.766864
v -1.210000 7.174761 -0.762067
v -1.195431 7.174967 -0.750208
v -1.152134 6.800964 -0.801928
v -1.195530 6.813975 -0.760675
v -1.239014 6.800964 -0.719490
v -1.614932 7.110807 -1.197767
v -1.731145 7.371370 -1.068188
v -1.696194 7.224994 -1.115340
v -1.646991 7.381767 -1.187917
v -1.716887 7.099799 -1.069571
v -1.708654 7.247273 -1.136071
v -1.672001 6.822650 -1.126373
v -1.745184 6.796628 -1.072667
v -1.609422 6.796628 -1.188211
v -2.244731 7.158411 -1.260506
v -2.185666 7.311949 -1.296223
v -2.163611 7.466896 -1.354347
v -1.988181 7.306695 -1.568561
v -1.943883 7.315805 -1.575447
v -1.972778 7.310167 -1.573532
v -1.998474 6.796627 -1.516308
v -2.074601 6.822649 -1.435433
v -2.162659 6.796627 -1.363708
v -2.361495 7.587507 -1.949145
v -2.389167 7.716600 -1.896179
v -2.321855 7.451473 -1.973638
v -2.636019 7.438597 -1.552001
v -2.610200 7.568690 -1.603583
v -2.573437 7.705563 -1.627925
v -3.039574 7.864411 -1.847389
v -3.101859 7.766831 -1.794912
v -3.000507 7.957009 -1.927177
v -2.739794 7.856780 -2.257058
v -2.718910 7.868692 -2.265408
v -2.737542 7.868868 -2.280017
v -3.440812 8.138619 -2.135008
v -3.511788 8.067843 -2.071050
v -3.400324 8.213618 -2.216838
v -3.108395 8.146487 -2.585738
v -3.071482 8.056924 -2.649782
v -3.164972 8.235392 -2.535936
v -3.878727 8.466553 -2.415321
v -3.834170 8.534482 -2.496038
v -3.942444 8.391659 -2.355653
v -3.509901 8.453205 -2.926829
v -3.552041 8.525948 -2.848639
v -3.443437 8.384692 -2.990220
v -3.938119 8.822934 -3.444004
v -4.062922 8.937144 -3.276812
v -3.987328 8.883319 -3.352222
v -4.449292 8.876085 -2.810444
v -4.373577 8.930641 -2.885281
v -4.499135 8.817783 -2.717982
v -4.725016 9.480515 -3.820755
v -4.529480 9.394991 -3.989867
v -4.625305 9.429363 -3.899071
v -5.200693 9.411235 -3.155328
v -5.052808 9.475149 -3.372236
v -5.113033 9.446573 -3.252939
v -2.488350 7.177852 -1.752617
v -2.563919 7.164865 -1.643856
v -2.417727 7.164865 -1.865173
v -2.789064 7.520678 -2.177498
v -2.895274 7.536992 -2.064781
v -2.995236 7.520678 -1.947270
v -3.168466 7.870225 -2.495757
v -3.287989 7.886489 -2.365806
v -3.401220 7.870225 -2.231026
v -3.806472 8.246201 -2.510368
v -3.697539 8.229948 -2.677892
v -3.582412 8.246223 -2.840661
v -4.071253 8.705642 -3.253442
v -4.216974 8.725171 -3.078848
v -4.370131 8.705665 -2.909962
v -4.700175 9.271802 -3.776135
v -4.885899 9.291320 -3.583181
v -5.046525 9.271802 -3.370980
v -4.353730 9.619565 -4.196070
v -5.362094 9.603524 -2.925675
v -4.405124 9.611490 -4.242334
v -5.361461 9.641849 -2.925598
v -5.356246 9.617793 -2.917939
v -4.353730 9.641850 -4.196070
v -2.235580 7.978199 -2.077981
v -2.230927 7.995977 -2.073027
v -2.751253 7.985402 -1.438791
v -2.732933 7.998451 -1.422801
v -2.249326 8.008960 -2.089076
v -2.751238 8.008960 -1.438822
v -2.956351 8.404776 -2.776576
v -2.949552 8.424280 -2.769573
v -3.620383 8.412353 -1.945227
v -3.592822 8.438425 -1.922423
v -2.977506 8.449568 -2.792677
v -3.619904 8.449568 -1.945382
v -3.342584 8.698881 -3.170077
v -3.314437 8.689295 -3.146841
v -4.066887 8.681004 -2.199513
v -4.073720 8.700056 -2.206790
v -3.342584 8.721167 -3.170077
v -4.046016 8.721167 -2.183432
v -3.791957 9.052512 -3.625398
v -3.784861 9.073038 -3.617598
v -4.646811 9.061141 -2.544625
v -4.618780 9.099488 -2.521398
v -3.813973 9.110631 -3.641654
v -4.645453 9.110631 -2.544776
v -0.727421 7.447428 -0.446690
v -0.754173 7.434895 -0.422095
v -0.785844 7.448464 -0.401275
v -0.755917 6.796628 -0.425737
v -0.742316 6.809639 -0.458458
v -0.769181 6.809638 -0.392757
v -5.361623 9.453806 -2.919853
v -5.344734 9.512083 -2.921072
v -5.354235 9.395529 -2.904616
v -2.762406 7.581296 -1.419193
v -2.741513 7.721193 -1.420446
v -2.753045 7.441399 -1.400473
v -3.200504 7.860216 -1.672129
v -3.183616 7.974430 -1.673349
v -3.193117 7.746002 -1.656893
v -3.631759 8.154267 -1.921114
v -3.614869 8.248642 -1.922333
v -3.624370 8.059892 -1.905877
v -4.081940 8.475906 -2.181018
v -4.065046 8.553934 -2.182243
v -4.074550 8.397880 -2.165785
v -4.663329 8.906190 -2.516692
v -4.646441 8.970501 -2.517912
v -4.655941 8.841880 -2.501456
v -1.330803 7.171164 -0.592711
v -1.315713 7.293117 -0.593822
v -1.324072 7.049210 -0.577616
v -1.865918 7.246327 -0.901596
v -1.849199 7.387075 -0.902730
v -1.858537 7.105579 -0.886557
v -2.313226 7.319005 -1.159858
v -2.292516 7.483979 -1.161217
v -2.304049 7.154032 -1.141247
v -1.446594 7.196409 -0.665016
v -1.573477 7.414321 -0.738299
v -1.524014 7.310558 -0.693358
v -1.595416 7.117954 -0.734571
v -1.501996 7.055092 -0.696802
v -1.674714 7.181323 -0.796518
v -1.331603 6.960535 -0.593060
v -1.855168 6.813708 -0.906123
v -1.864506 6.813708 -0.889949
v -1.336272 6.942618 -0.584973
v -1.471716 5.696925 -0.679309
v -1.644397 7.601012 -0.784434
v -1.849753 7.279906 -0.892214
v -1.855826 7.633566 -0.901057
v -1.854422 7.311133 -0.884127
v -1.653736 7.601012 -0.768260
v -1.948271 7.434602 -0.959869
v -2.046530 7.517244 -0.984266
v -2.139447 7.609860 -1.070211
v -2.766456 7.927618 -1.414339
v -2.745499 7.160937 -1.409374
v -2.309625 7.796645 -1.144243
v -2.739663 7.197268 -1.419482
v -2.297952 7.796645 -1.164460
v -2.390047 7.287999 -1.199052
v -3.169847 7.533220 -1.665143
v -3.187461 7.543797 -1.664536
v -2.753403 8.004023 -1.424719
v -2.762741 8.004023 -1.408545
v -3.201963 8.215869 -1.662130
v -3.616594 7.891760 -1.912300
v -2.915784 7.506932 -1.501983
v -3.192626 8.215869 -1.678304
v -3.598480 7.880784 -1.912625
v -4.077665 8.250566 -2.167717
v -3.622945 8.448467 -1.915966
v -4.068326 8.250566 -2.183891
v -3.627614 8.429718 -1.907879
v -3.868327 8.026918 -2.062829
v -4.201766 8.487302 -2.260918
v -4.192110 8.560257 -2.233769
v -4.157359 8.615790 -2.219127
v -4.559756 8.792575 -2.451666
v -4.462211 8.871393 -2.395286
v -4.506294 8.837450 -2.436937
v -4.652708 9.107695 -2.521284
v -5.002604 9.004741 -2.712514
v -4.662046 9.107695 -2.505110
v -4.991088 8.991563 -2.695083
v -4.646387 8.755117 -2.512289
v -5.232597 9.307386 -2.856177
v -5.125493 9.334621 -2.772613
v -5.178179 9.309313 -2.810345
v -1.019166 7.168197 -0.426087
v -1.127610 7.284636 -0.468699
v -0.944742 7.053532 -0.362852
v -1.866086 7.246327 -0.901033
v -1.849380 7.387075 -0.902164
v -1.858625 7.105579 -0.885965
v -3.189525 8.200725 -1.630570
v -3.574508 8.189848 -0.781360
v -3.574257 8.221773 -0.781556
v -3.542095 8.211265 -0.766617
v -3.222231 8.221775 -1.645429
v -3.197782 8.182532 -1.635318
v -0.836572 7.128794 -0.296219
v -0.937145 7.443613 -0.053611
v -0.937145 6.813975 -0.053611
v -3.555749 8.176864 -0.748730
v -3.756477 8.053289 -0.793399
v -0.941978 7.443613 -0.035573
v -0.941978 6.813975 -0.035573
v -1.585887 7.225169 -0.217742
v -2.586005 6.788454 -0.467057
v -2.586090 6.824084 -0.467057
v -5.973383 9.276042 -1.394974
v -2.576320 6.788454 -0.503283
v -2.576405 6.824084 -0.503283
v -0.950223 6.788221 -0.028026
v -0.945381 6.824084 -0.046139
v -0.940538 6.788221 -0.064252
v -1.068206 7.245417 -0.127627
v -0.965367 7.418773 -0.012170
v -2.426653 7.815112 -0.812109
v -2.461216 7.832444 -0.826417
v -2.461216 7.797780 -0.826417
v -1.892356 7.677279 -0.868818
v -2.088993 7.665668 -0.394341
v -1.857792 7.654058 -0.854508
v -2.054430 7.654058 -0.380032
v -2.054430 7.688889 -0.380032
v -1.857792 7.688888 -0.854508
v -1.408816 7.545566 -0.390946
v -1.440202 7.532579 -0.339940
v -1.377624 7.532579 -0.442032
v -1.421407 7.167877 -0.388669
v -1.451022 7.158875 -0.381401
v -1.405058 7.169264 -0.386263
v -1.404819 7.167234 -0.398589
v -1.422999 7.174706 -0.388635
v -1.405940 7.175009 -0.380776
v -1.400430 6.805301 -0.387510
v -1.417712 6.813975 -0.394664
v -1.417712 6.796628 -0.394664
v -1.926997 7.110840 -0.704666
v -2.005840 7.371387 -0.549446
v -1.984222 7.225050 -0.604083
v -1.955439 7.381779 -0.686784
v -1.992514 7.099830 -0.554426
v -2.001700 7.247211 -0.620925
v -1.986466 6.805301 -0.630329
v -1.951972 6.822650 -0.616039
v -1.951972 6.787952 -0.616039
v -2.551656 7.158427 -0.602173
v -2.503924 7.311950 -0.652054
v -2.497525 7.466888 -0.713879
v -2.383598 7.306682 -0.966154
v -2.342719 7.315778 -0.984272
v -2.370097 7.310167 -0.975031
v -2.421381 6.805301 -0.810590
v -2.455875 6.822649 -0.824880
v -2.455875 6.787952 -0.824880
v -2.842791 7.587543 -1.237327
v -2.855830 7.716579 -1.178874
v -2.810700 7.451480 -1.271118
v -3.005074 7.438596 -0.782537
v -2.993379 7.568635 -0.839131
v -2.964082 7.705569 -0.871974
v -3.471509 7.864401 -0.963504
v -3.517987 7.766868 -0.896576
v -3.454252 7.956970 -1.050660
v -3.287725 7.856729 -1.436596
v -3.269806 7.868619 -1.450071
v -3.291564 7.868833 -1.459414
v -3.904657 8.213599 -1.222469
v -3.974879 8.067828 -1.052916
v -3.956830 8.142900 -1.142305
v -3.728882 8.146604 -1.658911
v -3.709901 8.057003 -1.730325
v -3.770674 8.235458 -1.596121
v -4.428943 8.466253 -1.295064
v -4.407005 8.534337 -1.384529
v -4.475012 8.391522 -1.220796
v -4.205140 8.452988 -1.884223
v -4.225338 8.525898 -1.797811
v -4.157383 8.384662 -1.962819
v -4.752316 8.823082 -2.273064
v -4.829855 8.937182 -2.079322
v -4.776171 8.883247 -2.171596
v -5.082445 8.876392 -1.528707
v -5.028647 8.930605 -1.620750
v -5.106283 8.817885 -1.426444
v -5.610291 9.480403 -2.433364
v -5.465000 9.394828 -2.647212
v -5.534101 9.429441 -2.534825
v -5.897555 9.411234 -1.667528
v -5.810484 9.475132 -1.915198
v -5.837947 9.446286 -1.784541
v -2.914487 7.177852 -1.014588
v -2.959330 7.164865 -0.889974
v -2.875382 7.164865 -1.141579
v -3.314959 7.520678 -1.347176
v -3.388417 7.536992 -1.210828
v -3.454551 7.520678 -1.071446
v -3.763344 7.870225 -1.556205
v -3.845083 7.886489 -1.399714
v -3.919569 7.870225 -1.240219
v -4.314394 8.251634 -1.592242
v -4.383492 8.235381 -1.405231
v -4.252518 8.235358 -1.782246
v -4.831616 8.718677 -2.054473
v -4.935773 8.699147 -1.851672
v -5.031405 8.718653 -1.645339
v -5.574212 9.271802 -2.396505
v -5.703330 9.291320 -2.161918
v -5.803897 9.271802 -1.915513
v -5.348622 9.619565 -2.891949
v -5.993826 9.603524 -1.403857
v -5.410240 9.611490 -2.923335
v -5.993194 9.641849 -1.403948
v -5.986176 9.617793 -1.397899
v -5.348622 9.641850 -2.891949
v -2.754446 7.978199 -1.394247
v -2.748669 7.995977 -1.390667
v -3.087113 7.985402 -0.643372
v -3.065280 7.998451 -0.632669
v -2.770595 8.008960 -1.401407
v -3.087107 8.008960 -0.643406
v -3.631466 8.404776 -1.882490
v -3.623088 8.424280 -1.877486
v -4.057704 8.412353 -0.907605
v -4.025180 8.438425 -0.892712
v -3.656068 8.449568 -1.892567
v -4.057281 8.449568 -0.907879
v -4.106384 8.698881 -2.162619
v -4.073183 8.689295 -2.147459
v -4.554808 8.681004 -1.037663
v -4.563292 8.700056 -1.042923
v -4.106384 8.721167 -2.162619
v -4.530486 8.721167 -1.027532
v -4.658291 9.052512 -2.486120
v -4.649417 9.073038 -2.480421
v -5.204293 9.061141 -1.220921
v -5.171206 9.099488 -1.205739
v -4.683764 9.110631 -2.496124
v -5.203020 9.110631 -1.221418
v -0.875596 7.439820 -0.208934
v -0.900806 7.452321 -0.180628
v -0.920277 7.438748 -0.149947
v -0.897568 6.796628 -0.181266
v -0.892897 6.809639 -0.216391
v -0.901842 6.809638 -0.145976
v -5.991863 9.453806 -1.398356
v -5.975866 9.512083 -1.403905
v -5.980785 9.395529 -1.385551
v -3.092815 7.581296 -0.621555
v -3.072958 7.721193 -0.628174
v -3.078928 7.441399 -0.605896
v -3.581453 7.860216 -0.752477
v -3.565453 7.974430 -0.758035
v -3.570372 7.746002 -0.739677
v -4.062451 8.154267 -0.881370
v -4.046453 8.248642 -0.886919
v -4.051371 8.059892 -0.868565
v -4.564557 8.475906 -1.015909
v -4.548559 8.553934 -1.021458
v -4.553477 8.397880 -1.003104
v -5.213014 8.906190 -1.189649
v -5.197021 8.970501 -1.195209
v -5.201933 8.841880 -1.176851
v -1.496083 7.171164 -0.193763
v -1.481806 7.293117 -0.198740
v -1.485683 7.049210 -0.180927
v -2.092908 7.246327 -0.353643
v -2.077057 7.387075 -0.359056
v -2.081888 7.105579 -0.341011
v -2.591822 7.319005 -0.487306
v -2.572174 7.483979 -0.493987
v -2.578148 7.154032 -0.471707
v -1.626675 7.196409 -0.233511
v -1.768144 7.414321 -0.271677
v -1.708703 7.310559 -0.241185
v -1.788427 7.117953 -0.262185
v -1.688426 7.055091 -0.249841
v -1.881066 7.181322 -0.301461
v -1.496946 6.960536 -0.193890
v -2.083698 6.813708 -0.360778
v -2.088531 6.813708 -0.342738
v -1.499363 6.942618 -0.184870
v -1.654626 5.696934 -0.240887
v -1.848613 7.601012 -0.297787
v -2.074868 7.279906 -0.348744
v -2.083009 7.633566 -0.355762
v -2.077285 7.311133 -0.339724
v -1.853447 7.601012 -0.279747
v -2.187543 7.434602 -0.388580
v -2.288766 7.517244 -0.386723
v -2.400743 7.609860 -0.445759
v -3.095458 7.927616 -0.615865
v -3.073943 7.160937 -0.616446
v -2.584299 7.796645 -0.473162
v -3.070922 7.197268 -0.627721
v -2.578257 7.796645 -0.495712
v -2.676163 7.287932 -0.505038
v -3.550029 7.533220 -0.753672
v -3.566886 7.543797 -0.748526
v -3.085549 8.004023 -0.629224
v -3.090382 8.004023 -0.611184
v -3.580270 8.215869 -0.742449
v -4.045522 7.891760 -0.876781
v -3.262469 7.506916 -0.661503
v -3.575437 8.215869 -0.760489
v -4.028109 7.880784 -0.881782
v -4.556989 8.250566 -1.004161
v -4.052605 8.448467 -0.878679
v -4.552154 8.250566 -1.022200
v -4.055021 8.429718 -0.869659
v -4.327595 8.026968 -0.957230
v -4.700942 8.487254 -1.062050
v -4.684696 8.560332 -1.038367
v -4.647346 8.615809 -1.032993
v -5.096155 8.792632 -1.153730
v -4.987366 8.871390 -1.124309
v -5.040646 8.837356 -1.153266
v -5.203947 9.107695 -1.196849
v -5.591415 9.004741 -1.291003
v -5.208782 9.107695 -1.178809
v -5.575780 8.991563 -1.277146
v -5.195488 8.755116 -1.189884
v -5.850738 9.307182 -1.370125
v -5.725768 9.334904 -1.317129
v -5.786279 9.309345 -1.340271
v -1.151927 7.168198 -0.113517
v -1.267777 7.284636 -0.126339
v -1.063703 7.053532 -0.071584
v -2.092926 7.246327 -0.353035
v -2.077082 7.387075 -0.358450
v -2.081824 7.105579 -0.340409
v 1.966762 8.200725 -3.056772
v 1.117552 8.189848 -3.441756
v 1.117747 8.221773 -3.441504
v 1.102808 8.211265 -3.409342
v 1.981620 8.221775 -3.089478
v 1.971509 8.182532 -3.065029
v 0.632410 7.128794 -0.703819
v 0.389802 7.443613 -0.804392
v 0.389802 6.813975 -0.804392
v 1.084921 8.176864 -3.422996
v 1.134748 8.053985 -3.621710
v 0.371763 7.443613 -0.809225
v 0.371763 6.813975 -0.809225
v 0.553966 7.225169 -1.453135
v 0.803248 6.788454 -2.453252
v 0.803249 6.824084 -2.453336
v 1.731164 9.276042 -5.840631
v 0.839474 6.788454 -2.443567
v 0.839474 6.824084 -2.443651
v 0.364217 6.788221 -0.817471
v 0.382330 6.824084 -0.812628
v 0.400443 6.788221 -0.807785
v 0.423978 7.243908 -0.947937
v 0.375702 7.418357 -0.825533
v 1.047596 7.823778 -2.335471
v 1.155363 7.797780 -2.310962
v 1.263203 7.823778 -2.286628
v 1.205009 7.677279 -1.759603
v 0.730532 7.665668 -1.956239
v 1.190700 7.654058 -1.725038
v 0.716224 7.654058 -1.921677
v 0.716224 7.688889 -1.921677
v 1.190700 7.688888 -1.725038
v 0.730718 7.545566 -1.284712
v 0.723563 7.536908 -1.267431
v 0.730718 7.528250 -1.284712
v 0.724927 7.167883 -1.288779
v 0.717621 7.158857 -1.318434
v 0.722468 7.169256 -1.272380
v 0.734689 7.167243 -1.271895
v 0.724779 7.174746 -1.290338
v 0.717075 7.174959 -1.273187
v 0.723657 6.813975 -1.267570
v 0.723657 6.796628 -1.267570
v 0.730811 6.805301 -1.284851
v 1.040924 7.110856 -1.794341
v 0.885653 7.371400 -1.873064
v 0.940270 7.225026 -1.851562
v 1.022971 7.381782 -1.822685
v 0.890588 7.099809 -1.859605
v 0.956999 7.247262 -1.868878
v 0.957169 6.822650 -1.831138
v 0.886330 6.796627 -1.887874
v 1.033074 6.796628 -1.786643
v 0.938370 7.158430 -2.418939
v 0.988286 7.311939 -2.371173
v 1.050087 7.466883 -2.364764
v 1.302393 7.306684 -2.250949
v 1.320512 7.315801 -2.209881
v 1.311143 7.310150 -2.237312
v 1.045097 6.813975 -2.331909
v 1.154206 6.787952 -2.306558
v 1.263572 6.813975 -2.281804
v 1.573434 7.587524 -2.709941
v 1.515066 7.716578 -2.723083
v 1.607230 7.451447 -2.677951
v 1.118742 7.438612 -2.872446
v 1.175365 7.568634 -2.860719
v 1.208194 7.705567 -2.831391
v 1.299702 7.864401 -3.338773
v 1.232762 7.766884 -3.385284
v 1.386841 7.956980 -3.321512
v 1.772932 7.856752 -3.155226
v 1.786390 7.868746 -3.136863
v 1.795466 7.868772 -3.158715
v 1.473650 8.138625 -3.800783
v 1.393479 8.067834 -3.852693
v 1.563236 8.213554 -3.782821
v 1.995128 8.146598 -3.596204
v 2.066524 8.056925 -3.577379
v 1.932244 8.235373 -3.637988
v 1.631089 8.466411 -4.296085
v 1.720551 8.534457 -4.274072
v 1.556829 8.391644 -4.342107
v 2.302441 8.384654 -4.032932
v 2.137694 8.526128 -4.101064
v 2.216176 8.457467 -4.053668
v 2.609297 8.823017 -4.619741
v 2.415413 8.937213 -4.696823
v 2.507926 8.883538 -4.643398
v 1.864880 8.876255 -4.949478
v 1.956796 8.930693 -4.895646
v 1.762626 8.817873 -4.973492
v 2.769550 9.480528 -5.477423
v 2.983431 9.394958 -5.332198
v 2.870984 9.429491 -5.401240
v 2.003644 9.411049 -5.764383
v 2.251506 9.474957 -5.677871
v 2.120636 9.446508 -5.705165
v 1.350745 7.177852 -2.781649
v 1.226128 7.164865 -2.826487
v 1.477741 7.164865 -2.742558
v 1.683307 7.520677 -3.182059
v 1.546942 7.536992 -3.255476
v 1.407561 7.520677 -3.321615
v 1.892478 7.870225 -3.630789
v 1.736005 7.886489 -3.712570
v 1.576513 7.870225 -3.787063
v 1.928341 8.251634 -4.181417
v 1.741333 8.235381 -4.250522
v 2.118366 8.235358 -4.119592
v 2.390688 8.705642 -4.698919
v 2.184331 8.725171 -4.794494
v 1.981568 8.705665 -4.898741
v 2.732752 9.271802 -5.441593
v 2.498209 9.291320 -5.570817
v 2.251760 9.271802 -5.671278
v 3.228140 9.619565 -5.215869
v 1.740049 9.603524 -5.861074
v 3.259526 9.611490 -5.277486
v 1.740139 9.641849 -5.860442
v 1.734090 9.617793 -5.853423
v 3.228140 9.641850 -5.215869
v 1.730439 7.978199 -2.621693
v 1.726858 7.995977 -2.615916
v 0.979564 7.985402 -2.954360
v 0.968861 7.998451 -2.932527
v 1.737598 8.008960 -2.637842
v 0.979597 8.008960 -2.954354
v 2.218681 8.404776 -3.498714
v 2.213676 8.424280 -3.490335
v 1.243796 8.412353 -3.924951
v 1.228903 8.438425 -3.892427
v 2.228758 8.449568 -3.523315
v 1.244070 8.449568 -3.924528
v 2.498810 8.698881 -3.973631
v 2.483650 8.689295 -3.940430
v 1.373855 8.681004 -4.422055
v 1.379115 8.700056 -4.430539
v 2.498810 8.721167 -3.973631
v 1.363724 8.721167 -4.397732
v 2.822310 9.052512 -4.525538
v 2.816612 9.073038 -4.516664
v 1.557112 9.061141 -5.071539
v 1.541931 9.099488 -5.038453
v 2.832315 9.110631 -4.551011
v 1.557609 9.110631 -5.070267
v 0.545125 7.439820 -0.742841
v 0.516818 7.452321 -0.768049
v 0.486137 7.438748 -0.787521
v 0.517407 6.796628 -0.764695
v 0.552554 6.809639 -0.760077
v 0.482139 6.809639 -0.769022
v 1.734548 9.453806 -5.859112
v 1.740096 9.512083 -5.843114
v 1.721743 9.395529 -5.848032
v 0.957747 7.581295 -2.960062
v 0.964365 7.721193 -2.940205
v 0.942087 7.441398 -2.946174
v 1.088665 7.860216 -3.448696
v 1.094226 7.974430 -3.432699
v 1.075866 7.746002 -3.437616
v 1.217561 8.154267 -3.929698
v 1.223110 8.248642 -3.913699
v 1.204756 8.059892 -3.918617
v 1.352103 8.475906 -4.431807
v 1.357649 8.553934 -4.415806
v 1.339298 8.397880 -4.420726
v 1.525852 8.906190 -5.080262
v 1.531400 8.970501 -5.064268
v 1.513049 8.841880 -5.069181
v 0.529954 7.171164 -1.363330
v 0.534927 7.293117 -1.349053
v 0.517118 7.049210 -1.352929
v 0.689821 7.246327 -1.960152
v 0.695241 7.387075 -1.944301
v 0.677202 7.105579 -1.949135
v 0.823497 7.319005 -2.459069
v 0.830178 7.483979 -2.439412
v 0.807898 7.154032 -2.445386
v 0.569729 7.196410 -1.493915
v 0.607626 7.414322 -1.635455
v 0.577268 7.310558 -1.575979
v 0.598371 7.117954 -1.655675
v 0.586026 7.055091 -1.555674
v 0.637645 7.181322 -1.748314
v 0.530081 6.960535 -1.364193
v 0.696969 6.813708 -1.950944
v 0.678929 6.813708 -1.955778
v 0.521062 6.942618 -1.366610
v 0.576961 5.696932 -1.521904
v 0.633978 7.601012 -1.715861
v 0.684935 7.279906 -1.942114
v 0.691898 7.633566 -1.950271
v 0.675916 7.311133 -1.944531
v 0.615938 7.601012 -1.720694
v 0.724805 7.434602 -2.054781
v 0.722912 7.517244 -2.156013
v 0.781804 7.609860 -2.268029
v 0.952406 7.927617 -2.962612
v 0.952638 7.160937 -2.941189
v 0.809353 7.796645 -2.451546
v 0.963913 7.197268 -2.938168
v 0.831903 7.796645 -2.445504
v 0.841387 7.287942 -2.543379
v 1.089863 7.533220 -3.417276
v 1.084718 7.543796 -3.434132
v 0.965415 8.004023 -2.952795
v 0.947375 8.004023 -2.957629
v 1.078641 8.215869 -3.447517
v 1.212973 7.891760 -3.912769
v 0.998114 7.506923 -3.129611
v 1.096681 8.215869 -3.442684
v 1.217974 7.880784 -3.895356
v 1.340352 8.250566 -4.424236
v 1.214870 8.448468 -3.919851
v 1.358392 8.250566 -4.419402
v 1.205850 8.429718 -3.922268
v 1.293426 8.026897 -4.194822
v 1.398300 8.487294 -4.568212
v 1.374663 8.560354 -4.551936
v 1.369364 8.615866 -4.514599
v 1.489685 8.792444 -4.963369
v 1.460527 8.871161 -4.854488
v 1.489402 8.837296 -4.907876
v 1.533040 9.107695 -5.071195
v 1.627195 9.004741 -5.458663
v 1.515000 9.107695 -5.076028
v 1.613338 8.991563 -5.443027
v 1.525953 8.755128 -5.062771
v 1.706417 9.307055 -5.717929
v 1.653626 9.334670 -5.592879
v 1.676597 9.309061 -5.653424
v 0.449658 7.168197 -1.019187
v 0.462388 7.284636 -1.135062
v 0.407827 7.053531 -0.930936
v 0.689227 7.246327 -1.960173
v 0.694640 7.387075 -1.944325
v 0.676606 7.105579 -1.949067
v 2.755048 8.200725 -2.461916
v 2.034415 8.189848 -3.053573
v 2.034539 8.221773 -3.053280
v 2.011785 8.211265 -3.026080
v 2.777865 8.221775 -2.489663
v 2.761772 8.182532 -2.468663
v 0.857177 7.128794 -0.534494
v 0.648864 7.443613 -0.694431
v 0.648865 6.813975 -0.694431
v 1.998041 8.176864 -3.043899
v 2.078210 8.052041 -3.236079
v 0.632691 7.443613 -0.703769
v 0.632691 6.813975 -0.703768
v 0.975345 7.225169 -1.278566
v 1.474978 6.788454 -2.180100
v 1.475001 6.824084 -2.180182
v 3.247994 9.276042 -5.211894
v 1.507464 6.788454 -2.161369
v 1.507485 6.824084 -2.161450
v 0.627536 6.788221 -0.713685
v 0.643779 6.824084 -0.704320
v 0.660021 6.788221 -0.694954
v 0.786306 7.243885 -0.787645
v 0.652213 7.418494 -0.711818
v 1.767022 7.832444 -1.936863
v 1.767022 7.797780 -1.936863
v 1.789789 7.815111 -1.966544
v 1.683520 7.677279 -1.406103
v 1.276104 7.654058 -1.718843
v 1.276104 7.688888 -1.718843
v 1.660753 7.654058 -1.376419
v 1.253337 7.677279 -1.689161
v 1.660753 7.688888 -1.376419
v 1.096772 7.545566 -1.062707
v 1.055630 7.532579 -1.106228
v 1.138046 7.532579 -1.019360
v 1.098005 7.167925 -1.075524
v 1.098672 7.158929 -1.106026
v 1.091466 7.169318 -1.060358
v 1.103013 7.167258 -1.056811
v 1.098209 7.174760 -1.077181
v 1.086330 7.174975 -1.062615
v 1.091200 6.813975 -1.055390
v 1.091200 6.796628 -1.055390
v 1.102583 6.805301 -1.070230
v 1.533943 7.110832 -1.482092
v 1.404429 7.371387 -1.598413
v 1.451599 7.225046 -1.563389
v 1.524012 7.381782 -1.514153
v 1.405687 7.099838 -1.584141
v 1.472262 7.247273 -1.575900
v 1.477541 6.822650 -1.558766
v 1.454811 6.805301 -1.529146
v 1.477541 6.787952 -1.558766
v 1.596660 7.158439 -2.112090
v 1.632569 7.311913 -2.052916
v 1.690455 7.466890 -2.030716
v 1.904793 7.306674 -1.855599
v 1.911672 7.315801 -1.811198
v 1.909666 7.310138 -1.840111
v 1.677285 6.813975 -2.000433
v 1.776200 6.787952 -1.947817
v 1.875347 6.813975 -1.895489
v 2.285343 7.587505 -2.228757
v 2.232316 7.716599 -2.256349
v 2.309831 7.451487 -2.189054
v 1.888232 7.438605 -2.503346
v 1.939870 7.568637 -2.477380
v 1.964027 7.705566 -2.440582
v 2.183694 7.864411 -2.906967
v 2.131138 7.766873 -2.969252
v 2.263430 7.957001 -2.867815
v 2.593225 7.856764 -2.607050
v 2.601575 7.868672 -2.586173
v 2.616194 7.868852 -2.604809
v 2.471204 8.138603 -3.308038
v 2.407276 8.067802 -3.379010
v 2.553076 8.213596 -3.267594
v 2.921956 8.146529 -2.975607
v 2.986049 8.056976 -2.938738
v 2.872186 8.235412 -3.032261
v 2.751483 8.466603 -3.745996
v 2.832219 8.534572 -3.701511
v 2.691805 8.391731 -3.809727
v 3.332021 8.384534 -3.318186
v 3.190392 8.525973 -3.426509
v 3.254016 8.457413 -3.360405
v 3.780087 8.823174 -3.805041
v 3.613157 8.937389 -3.930180
v 3.688324 8.883319 -3.854457
v 3.146616 8.876258 -4.316646
v 3.221668 8.930479 -4.240955
v 3.054052 8.817716 -4.366171
v 4.156906 9.480720 -4.592103
v 4.325914 9.395119 -4.396488
v 4.235001 9.429607 -4.492114
v 3.491505 9.410672 -5.067554
v 3.708660 9.474879 -4.920222
v 3.589035 9.446530 -4.980113
v 2.088854 7.177852 -2.355656
v 1.980094 7.164865 -2.431227
v 2.201402 7.164865 -2.285023
v 2.513689 7.520678 -2.656311
v 2.400972 7.536992 -2.762521
v 2.283461 7.520678 -2.862483
v 2.831717 7.881067 -3.035412
v 2.696953 7.864803 -3.148663
v 2.566913 7.881067 -3.268071
v 2.846531 8.246201 -3.673683
v 3.014043 8.229948 -3.564734
v 3.176818 8.246223 -3.449615
v 3.589621 8.718677 -3.938484
v 3.420719 8.699147 -4.091620
v 3.246165 8.718653 -4.237393
v 4.112157 9.271802 -4.567201
v 3.919039 9.291320 -4.752711
v 3.707001 9.271802 -4.913550
v 4.532261 9.619565 -4.220977
v 3.261866 9.603524 -5.229342
v 4.578526 9.611490 -4.272371
v 3.261790 9.641849 -5.228708
v 3.254130 9.617793 -5.223493
v 4.532261 9.641850 -4.220977
v 2.414171 7.978199 -2.102827
v 2.409218 7.995977 -2.098174
v 1.774983 7.985402 -2.618500
v 1.758993 7.998451 -2.600181
v 2.425266 8.008960 -2.116574
v 1.775013 8.008960 -2.618485
v 3.112767 8.404776 -2.823597
v 3.105764 8.424280 -2.816799
v 2.281418 8.412353 -3.487630
v 2.258614 8.438425 -3.460069
v 3.128868 8.449568 -2.844753
v 2.281574 8.449568 -3.487151
v 3.506268 8.698881 -3.209831
v 3.483032 8.689295 -3.181684
v 2.535705 8.681004 -3.934134
v 2.542981 8.700056 -3.940968
v 3.506268 8.721167 -3.209831
v 2.519623 8.721167 -3.913263
v 3.961589 9.052512 -3.659204
v 3.953789 9.073039 -3.652107
v 2.880816 9.061141 -4.514058
v 2.857589 9.099488 -4.486028
v 3.977846 9.110631 -3.681219
v 2.880967 9.110631 -4.512700
v 0.782904 7.447383 -0.594698
v 0.758291 7.434895 -0.621427
v 0.737493 7.448464 -0.653126
v 0.761889 6.796628 -0.623113
v 0.794625 6.809638 -0.609532
v 0.728924 6.809638 -0.636397
v 3.256045 9.453806 -5.228870
v 3.257264 9.512083 -5.211981
v 3.240808 9.395529 -5.221482
v 1.755384 7.581296 -2.629653
v 1.756637 7.721193 -2.608760
v 1.736664 7.441399 -2.620292
v 2.008307 7.860216 -3.067759
v 2.009541 7.974430 -3.050863
v 1.993078 7.746002 -3.060367
v 2.257305 8.154267 -3.499006
v 2.258524 8.248642 -3.482116
v 2.242069 8.059892 -3.491617
v 2.517215 8.475906 -3.949188
v 2.518434 8.553934 -3.932292
v 2.501979 8.397880 -3.941798
v 2.852878 8.906190 -4.530575
v 2.854099 8.970501 -4.513688
v 2.837643 8.841880 -4.523184
v 0.928902 7.171164 -1.198051
v 0.930011 7.293117 -1.182963
v 0.913810 7.049210 -1.191316
v 1.237793 7.246327 -1.733159
v 1.238925 7.387075 -1.716449
v 1.222755 7.105579 -1.725788
v 1.496050 7.319005 -2.180473
v 1.497408 7.483979 -2.159766
v 1.477441 7.154032 -2.171300
v 1.001178 7.196409 -1.313859
v 1.074392 7.414322 -1.440781
v 1.029661 7.310558 -1.391197
v 1.025007 7.055092 -1.373854
v 1.086928 7.118582 -1.453137
v 1.124720 7.181322 -1.546575
v 0.929251 6.960535 -1.198850
v 1.242314 6.813708 -1.722415
v 1.226140 6.813708 -1.731753
v 0.921164 6.942618 -1.203519
v 1.015467 5.696921 -1.338982
v 1.120625 7.601012 -1.511645
v 1.228405 7.279906 -1.717000
v 1.237369 7.633565 -1.723003
v 1.220318 7.311133 -1.721670
v 1.104451 7.601012 -1.520982
v 1.296107 7.434602 -1.815492
v 1.320470 7.517244 -1.913769
v 1.406347 7.609860 -2.006727
v 1.750843 7.927618 -2.633525
v 1.745565 7.160937 -2.612746
v 1.480434 7.796645 -2.176872
v 1.755673 7.197268 -2.606910
v 1.500651 7.796645 -2.165199
v 1.534786 7.287959 -2.257509
v 2.001334 7.533220 -3.037095
v 2.000727 7.543796 -3.054708
v 1.760911 8.004023 -2.620650
v 1.744737 8.004023 -2.629988
v 1.998321 8.215869 -3.069210
v 2.248492 7.891760 -3.483841
v 1.838149 7.506933 -2.783046
v 2.014495 8.215869 -3.059872
v 2.248816 7.880784 -3.465727
v 2.503908 8.250566 -3.944911
v 2.252158 8.448468 -3.490191
v 2.520082 8.250566 -3.935573
v 2.244071 8.429718 -3.494860
v 2.399334 8.026934 -3.735397
v 2.597179 8.487285 -4.068954
v 2.570175 8.560375 -4.059361
v 2.555336 8.615865 -4.024677
v 2.787657 8.792474 -4.427061
v 2.731400 8.871243 -4.329417
v 2.773036 8.837411 -4.373573
v 2.857476 9.107695 -4.519955
v 3.048706 9.004741 -4.869851
v 2.841301 9.107695 -4.529293
v 3.031274 8.991563 -4.858335
v 2.848468 8.755127 -4.513640
v 3.192316 9.307208 -5.099828
v 3.108884 9.334701 -4.992713
v 3.146709 9.309178 -5.045292
v 0.762325 7.168197 -0.886386
v 0.804931 7.284636 -0.994833
v 0.699090 7.053532 -0.811962
v 1.237230 7.246327 -1.733327
v 1.238353 7.387075 -1.716619
v 1.222154 7.105579 -1.725874
v 3.362515 8.200725 -1.683308
v 2.819569 8.189848 -2.441318
v 2.819612 8.221773 -2.441003
v 2.790594 8.211265 -2.420619
v 3.391735 8.221775 -1.704203
v 3.370756 8.182532 -1.688085
v 1.030455 7.128794 -0.312764
v 0.870638 7.443613 -0.521169
v 0.870638 6.813975 -0.521169
v 2.781930 8.176864 -2.441387
v 2.927910 8.055031 -2.583855
v 0.857433 7.443613 -0.534374
v 0.857433 6.813975 -0.534374
v 1.337177 7.225169 -1.000916
v 2.053123 6.788454 -1.742401
v 2.053165 6.824084 -1.742474
v 4.550410 9.276042 -4.211999
v 2.079653 6.788454 -1.715900
v 2.079695 6.824084 -1.715973
v 0.855020 6.788221 -0.545288
v 0.868285 6.824084 -0.532037
v 0.881551 6.788221 -0.518787
v 1.013249 7.240373 -0.599765
v 0.851031 7.418685 -0.564229
v 2.272161 7.815112 -1.431788
v 2.301834 7.832444 -1.454566
v 2.301834 7.797780 -1.454566
v 2.054233 7.677279 -0.940803
v 1.741642 7.665668 -1.348333
v 2.024559 7.654058 -0.918023
v 1.711970 7.688888 -1.325555
v 2.024559 7.688888 -0.918023
v 1.406158 7.536908 -0.766771
v 1.391322 7.545566 -0.755382
v 1.391322 7.528250 -0.755382
v 1.403010 7.167853 -0.773139
v 1.411541 7.158843 -0.802455
v 1.392731 7.169237 -0.760174
v 1.403112 7.167277 -0.753711
v 1.403714 7.174769 -0.774584
v 1.388420 7.175010 -0.763618
v 1.355277 6.809639 -0.802232
v 1.398594 6.796628 -0.760924
v 1.442092 6.809639 -0.719753
v 1.929489 7.110831 -1.052971
v 1.834297 7.371368 -1.198733
v 1.870834 7.224971 -1.152841
v 1.928131 7.381754 -1.086400
v 1.831901 7.099800 -1.184569
v 1.894092 7.247251 -1.159425
v 1.894744 6.805301 -1.141543
v 1.865122 6.822650 -1.118815
v 1.865122 6.787952 -1.118816
v 2.152975 7.158416 -1.645055
v 2.172379 7.311895 -1.578650
v 2.222575 7.466871 -1.542242
v 2.384278 7.306690 -1.317628
v 2.379421 7.315811 -1.272976
v 2.385010 7.310153 -1.301435
v 2.201976 6.813975 -1.516449
v 2.283851 6.787952 -1.439987
v 2.366127 6.813975 -1.363819
v 2.848549 7.587523 -1.579674
v 2.804538 7.716607 -1.620130
v 2.861950 7.451491 -1.535041
v 2.535837 7.438614 -1.947608
v 2.579053 7.568688 -1.909323
v 2.592990 7.705558 -1.867457
v 2.925823 7.864349 -2.260959
v 2.891350 7.766747 -2.334734
v 2.992856 7.956968 -2.202670
v 3.243664 7.856765 -1.865296
v 3.246246 7.868707 -1.842846
v 3.265130 7.868823 -1.857136
v 3.307548 8.138511 -2.574105
v 3.264112 8.067817 -2.659302
v 3.376015 8.213544 -2.513789
v 3.656801 8.146429 -2.136513
v 3.708903 8.056955 -2.084006
v 3.623515 8.235538 -2.203918
v 3.691702 8.466539 -2.924718
v 3.758004 8.534676 -2.860875
v 3.650348 8.391670 -3.001569
v 4.089869 8.452905 -2.436011
v 4.025183 8.525922 -2.496650
v 4.134173 8.384624 -2.355405
v 4.700580 8.822906 -2.715775
v 4.571178 8.937154 -2.879416
v 4.624615 8.883485 -2.786911
v 4.220750 8.876394 -3.373551
v 4.273632 8.930668 -3.281028
v 4.144213 8.817856 -3.445391
v 5.268227 9.480754 -3.378264
v 5.380824 9.394961 -3.145640
v 5.317823 9.429513 -3.261553
v 4.748141 9.411013 -4.009606
v 4.919494 9.474940 -3.810723
v 4.819856 9.446446 -3.899818
v 2.691188 7.177852 -1.752838
v 2.605688 7.164865 -1.853979
v 2.781681 7.164865 -1.655530
v 3.179740 7.520677 -1.933583
v 3.098359 7.536992 -2.065352
v 3.010730 7.520678 -2.192326
v 3.584784 7.881067 -2.217250
v 3.483929 7.864803 -2.361526
v 3.389263 7.881067 -2.510552
v 3.891937 8.251634 -2.676776
v 3.764527 8.235381 -2.830120
v 4.025508 8.235358 -2.528159
v 4.550534 8.705642 -2.893345
v 4.419610 8.725171 -3.079292
v 4.296174 8.705665 -3.270983
v 5.218148 9.271802 -3.365518
v 5.079524 9.291320 -3.594612
v 4.916440 9.271802 -3.804928
v 5.534450 9.619565 -2.922453
v 4.568326 9.603524 -4.225261
v 5.592439 9.611490 -2.960122
v 4.568089 9.641849 -4.224669
v 4.559341 9.617793 -4.221615
v 5.534450 9.641850 -2.922453
v 2.940314 7.978199 -1.424680
v 2.934325 7.995977 -1.421467
v 2.456371 7.985402 -2.088216
v 2.436185 7.998451 -2.074659
v 2.954589 8.008960 -1.435085
v 2.456396 8.008960 -2.088193
v 3.801655 8.404776 -1.940080
v 3.793130 8.424280 -1.935326
v 3.170498 8.412353 -2.796656
v 3.141338 8.438426 -2.775936
v 3.822682 8.449568 -1.956348
v 3.170524 8.449568 -2.796153
v 4.281712 8.698881 -2.211308
v 4.251983 8.689295 -2.190134
v 3.531683 8.681004 -3.162131
v 3.540481 8.700056 -3.166848
v 4.281712 8.721167 -2.211308
v 3.510748 8.721167 -3.146133
v 4.837824 9.052512 -2.527523
v 4.828454 9.073038 -2.522687
v 4.015131 9.061141 -3.632973
v 3.985441 9.099488 -3.611910
v 4.859225 9.110631 -2.544581
v 4.014925 9.110631 -3.631622
v 0.974352 7.447428 -0.390184
v 0.957491 7.434938 -0.422368
v 0.945608 7.448522 -0.458373
v 0.961519 6.796628 -0.423155
v 0.989549 6.809639 -0.401507
v 0.933040 6.809638 -0.444461
v 4.562581 9.453806 -4.226313
v 4.559388 9.512083 -4.209683
v 4.545952 9.395529 -4.223120
v 2.440327 7.581296 -2.104061
v 2.436130 7.721193 -2.083556
v 2.419822 7.441399 -2.099864
v 2.798033 7.860216 -2.461767
v 2.794840 7.974430 -2.445138
v 2.781404 7.746002 -2.458574
v 3.150151 8.154267 -2.813885
v 3.146957 8.248642 -2.797255
v 3.133521 8.059892 -2.810691
v 3.517718 8.475906 -3.181451
v 3.514525 8.553934 -3.164822
v 3.501089 8.397880 -3.178258
v 3.992418 8.906190 -3.656160
v 3.989232 8.970501 -3.639529
v 3.975792 8.841880 -3.652966
v 1.271487 7.171164 -0.935148
v 1.268654 7.293117 -0.920294
v 1.255169 7.049210 -0.932559
v 1.708340 7.246327 -1.372084
v 1.705111 7.387075 -1.355640
v 1.691905 7.105579 -1.368849
v 2.073573 7.319005 -1.737307
v 2.069525 7.483979 -1.716951
v 2.053221 7.154032 -1.733259
v 1.371086 7.196409 -1.028484
v 1.474900 7.414321 -1.131889
v 1.418721 7.310559 -1.095711
v 1.409745 7.055092 -1.080156
v 1.490093 7.118580 -1.140694
v 1.550767 7.181321 -1.221179
v 1.272024 6.960535 -0.935831
v 1.709929 6.813708 -1.360529
v 1.696723 6.813708 -1.373734
v 1.265421 6.942618 -0.942434
v 1.391616 5.696932 -1.048836
v 1.537835 7.601012 -1.188436
v 1.695093 7.279906 -1.358899
v 1.705238 7.633566 -1.362443
v 1.688490 7.311133 -1.365502
v 1.524629 7.601012 -1.201642
v 1.785969 7.434602 -1.436521
v 1.834894 7.517244 -1.525189
v 1.941862 7.609860 -1.592793
v 2.436917 7.927616 -2.109001
v 2.426466 7.160937 -2.090272
v 2.057557 7.796645 -1.737871
v 2.434720 7.197268 -2.082019
v 2.074064 7.796645 -1.721363
v 2.131118 7.287933 -1.801465
v 2.783350 7.533220 -2.433963
v 2.787322 7.543797 -2.451133
v 2.443335 8.004023 -2.093935
v 2.430129 8.004023 -2.107141
v 2.788752 8.215869 -2.465764
v 3.137712 7.891760 -2.801517
v 2.559980 7.506910 -2.230778
v 2.801958 8.215869 -2.452558
v 3.133337 7.880784 -2.783936
v 3.503760 8.250566 -3.180771
v 3.142897 8.448467 -2.806703
v 3.516966 8.250566 -3.167565
v 3.136295 8.429718 -2.813305
v 3.348416 8.026931 -3.005568
v 3.625957 8.487447 -3.276661
v 3.597123 8.560285 -3.274317
v 3.574126 8.615837 -3.244425
v 3.902770 8.792526 -3.572948
v 3.823037 8.871314 -3.493324
v 3.874687 8.837364 -3.525114
v 3.994112 9.107695 -3.644710
v 4.269386 9.004741 -3.933190
v 3.980906 9.107695 -3.657916
v 4.249568 8.991563 -3.926578
v 3.983757 8.755122 -3.640963
v 4.467725 9.307506 -4.118155
v 4.359367 9.334754 -4.036253
v 4.409406 9.309334 -4.077389
v 1.029730 7.168197 -0.677401
v 1.099008 7.284636 -0.771071
v 0.949464 7.053532 -0.621804
v 1.707838 7.246327 -1.372392
v 1.704604 7.387075 -1.355963
v 1.691355 7.105579 -1.369087
v 3.747764 8.200725 -0.774004
v 3.419506 8.189848 -1.646711
v 3.419466 8.221773 -1.646395
v 3.386161 8.211265 -1.634216
v 3.781396 8.221775 -0.786625
v 3.756959 8.182532 -0.776486
v 1.140445 7.128794 -0.053743
v 1.040013 7.443613 -0.296410
v 1.040013 6.813975 -0.296410
v 3.383168 8.176864 -1.656519
v 3.519216 8.057688 -1.824065
v 1.030675 7.443613 -0.312583
v 1.030675 6.813975 -0.312583
v 1.614812 7.225169 -0.639056
v 2.498283 6.788454 -1.169980
v 2.498343 6.824084 -1.170039
v 5.549657 9.276042 -2.909081
v 2.517050 6.788454 -1.137515
v 2.517110 6.824084 -1.137575
v 1.031169 6.788221 -0.323749
v 1.040553 6.824084 -0.307517
v 1.049936 6.788221 -0.291284
v 1.178912 7.244364 -0.347951
v 1.030666 7.418755 -0.345670
v 2.629472 7.832444 -0.813263
v 2.629472 7.797780 -0.813263
v 2.664030 7.815111 -0.827585
v 2.291887 7.677279 -0.395408
v 2.095424 7.654058 -0.869956
v 2.095424 7.688888 -0.869956
v 2.257328 7.654058 -0.381085
v 2.060867 7.677279 -0.855635
v 2.257328 7.688888 -0.381085
v 1.620940 7.545566 -0.395077
v 1.603662 7.536908 -0.387917
v 1.620941 7.528250 -0.395077
v 1.619411 7.167918 -0.401844
v 1.635211 7.158887 -0.427987
v 1.606064 7.169282 -0.392000
v 1.614521 7.167232 -0.383113
v 1.620620 7.174739 -0.403200
v 1.603064 7.174925 -0.396468
v 1.603475 6.813975 -0.387804
v 1.603475 6.796628 -0.387804
v 1.620754 6.805301 -0.394964
v 2.200394 7.110837 -0.536016
v 2.146259 7.371403 -0.701434
v 2.169581 7.225009 -0.647607
v 2.207825 7.381800 -0.568789
v 2.140387 7.099827 -0.688529
v 2.193852 7.247267 -0.648083
v 2.189788 6.822650 -0.630588
v 2.155293 6.805301 -0.616301
v 2.189788 6.787952 -0.630588
v 2.569618 7.158417 -1.050143
v 2.571096 7.311918 -0.981029
v 2.610261 7.466886 -0.932882
v 2.708133 7.306695 -0.673917
v 2.691954 7.315804 -0.632120
v 2.704747 7.310168 -0.658093
v 2.624893 6.822649 -0.810701
v 2.624893 6.787952 -0.810701
v 2.659388 6.805301 -0.824987
v 3.224412 7.587547 -0.806836
v 3.192389 7.716599 -0.857389
v 3.225651 7.451473 -0.760295
v 3.017845 7.438649 -1.243420
v 3.049661 7.568641 -1.195048
v 3.052073 7.705563 -1.151039
v 3.475596 7.864370 -1.445088
v 3.461113 7.766865 -1.525314
v 3.524988 7.956943 -1.371246
v 3.680339 7.856752 -0.980688
v 3.676958 7.868712 -0.958277
v 3.698881 7.868795 -0.967240
v 3.925146 8.138600 -1.648743
v 3.905094 8.067852 -1.742157
v 3.975683 8.213537 -1.572659
v 4.149229 8.146595 -1.135374
v 4.186241 8.056931 -1.071500
v 4.134234 8.235424 -1.209294
v 4.386735 8.466484 -1.887746
v 4.434666 8.534515 -1.809007
v 4.366914 8.391797 -1.972921
v 4.675217 8.384623 -1.226853
v 4.606979 8.526009 -1.391625
v 4.628852 8.457341 -1.302577
v 5.307505 8.822987 -1.424954
v 5.224566 8.937020 -1.616494
v 5.252236 8.883646 -1.513161
v 5.014107 8.876243 -2.184402
v 5.041234 8.930633 -2.081400
v 4.958866 8.817731 -2.273656
v 6.027205 9.480813 -1.917942
v 6.075829 9.394752 -1.664230
v 6.044621 9.429390 -1.792342
v 5.688073 9.410852 -2.662253
v 5.802730 9.474867 -2.426129
v 5.729092 9.446794 -2.537928
v 3.117722 7.177852 -1.015090
v 3.061324 7.164865 -1.134918
v 3.179873 7.164865 -0.897645
v 3.636020 7.520678 -1.063069
v 3.591538 7.536992 -1.211419
v 3.539743 7.520678 -1.356741
v 4.100902 7.870225 -1.232329
v 4.048016 7.886489 -1.400770
v 3.987927 7.870225 -1.566229
v 4.432681 8.246201 -1.777603
v 4.523230 8.229948 -1.599476
v 4.606637 8.246223 -1.418392
v 5.208652 8.705642 -1.635399
v 5.130317 8.725171 -1.848896
v 5.060664 8.705665 -2.065989
v 5.975622 9.271802 -1.918650
v 5.901063 9.291320 -2.175835
v 5.797923 9.271802 -2.421174
v 6.166406 9.619565 -1.408789
v 5.570394 9.603524 -2.917256
v 6.232169 9.611490 -1.430166
v 5.570012 9.641849 -2.916745
v 5.560771 9.617793 -2.916059
v 6.166406 9.641850 -1.408789
v 3.273011 7.978199 -0.633463
v 3.266394 7.995977 -0.631910
v 2.977294 7.985402 -1.399643
v 2.954287 7.998451 -1.391773
v 3.289493 8.008960 -0.639820
v 2.977313 8.008960 -1.399614
v 4.238398 8.404776 -0.908370
v 4.228934 8.424280 -0.905984
v 3.850446 8.412353 -1.899114
v 3.816916 8.438425 -1.886647
v 4.262920 8.449568 -0.918641
v 3.850341 8.449568 -1.898621
v 4.772296 8.698881 -1.046108
v 4.738100 8.689295 -1.033350
v 4.293916 8.681004 -2.158654
v 4.303635 8.700056 -2.160934
v 4.772296 8.721167 -1.046108
v 4.269553 8.721167 -2.148620
v 5.391303 9.052512 -1.207615
v 5.380999 9.073039 -1.205369
v 4.882754 9.061141 -2.488328
v 4.848623 9.099488 -2.475666
v 5.416389 9.110631 -1.218553
v 4.882205 9.110631 -2.487076
v 1.106182 7.447428 -0.143000
v 1.098262 7.434888 -0.178467
v 1.096067 7.448454 -0.216305
v 1.102381 6.796628 -0.178194
v 1.123875 6.809639 -0.150038
v 1.080409 6.809639 -0.206154
v 5.565117 9.453806 -2.919759
v 5.557729 9.512083 -2.904523
v 5.548227 9.395529 -2.920979
v 2.965898 7.581296 -1.419101
v 2.956537 7.721193 -1.400381
v 2.945005 7.441399 -1.420354
v 3.403997 7.860216 -1.672043
v 3.396609 7.974430 -1.656801
v 3.387109 7.746002 -1.673260
v 3.835251 8.154267 -1.921022
v 3.827862 8.248642 -1.905785
v 3.818361 8.059892 -1.922241
v 4.285429 8.475906 -2.180942
v 4.278039 8.553934 -2.165695
v 4.268540 8.397880 -2.182157
v 4.866816 8.906190 -2.516604
v 4.859434 8.970501 -2.501363
v 4.849929 8.841880 -2.517821
v 1.534342 7.171164 -0.592541
v 1.527765 7.293117 -0.578920
v 1.517914 7.049210 -0.594257
v 2.069410 7.246327 -0.901505
v 2.062027 7.387075 -0.886468
v 2.052686 7.105579 -0.902640
v 2.516718 7.319005 -1.159767
v 2.507544 7.483979 -1.141152
v 2.496017 7.154032 -1.161126
v 1.654629 7.196409 -0.657054
v 1.781766 7.414321 -0.729900
v 1.718124 7.310559 -0.709517
v 1.705504 7.055092 -0.696684
v 1.798763 7.118582 -0.734396
v 1.878223 7.181322 -0.796397
v 1.535044 6.960535 -0.593056
v 2.067947 6.813708 -0.889945
v 2.058609 6.813708 -0.906119
v 1.530375 6.942618 -0.601143
v 1.679831 5.696914 -0.671199
v 1.857177 7.601012 -0.768257
v 2.053194 7.279906 -0.892210
v 2.063928 7.633565 -0.892980
v 2.048525 7.311133 -0.900297
v 1.847838 7.601012 -0.784431
v 2.161106 7.434602 -0.943595
v 2.231306 7.517244 -1.016591
v 2.352228 7.609860 -1.054030
v 2.963848 7.927618 -1.424815
v 2.948941 7.160937 -1.409369
v 2.501393 7.796645 -1.164456
v 2.954777 7.197268 -1.399260
v 2.513066 7.796645 -1.144239
v 2.589028 7.287979 -1.206735
v 3.382617 7.533220 -1.648980
v 3.390899 7.543797 -1.664538
v 2.966182 8.004023 -1.408541
v 2.956845 8.004023 -1.424715
v 3.396066 8.215869 -1.678300
v 3.820035 7.891760 -1.912296
v 3.114340 7.506948 -1.510464
v 3.405405 8.215869 -1.662126
v 3.811259 7.880784 -1.896446
v 4.271769 8.250566 -2.183886
v 3.826385 8.448467 -1.915962
v 4.281106 8.250566 -2.167712
v 3.821716 8.429718 -1.924049
v 4.076420 8.026958 -2.054789
v 4.414568 8.487377 -2.244842
v 4.386189 8.560320 -2.250097
v 4.356056 8.615793 -2.227347
v 4.758801 8.792661 -2.459361
v 4.661039 8.871430 -2.403307
v 4.719186 8.837350 -2.420466
v 4.865488 9.107695 -2.505105
v 5.206047 9.004741 -2.712509
v 4.856150 9.107695 -2.521278
v 5.185193 8.991563 -2.711251
v 4.854519 8.755122 -2.504159
v 5.445320 9.307034 -2.839938
v 5.319569 9.334687 -2.788860
v 5.378625 9.309045 -2.815410
v 1.234293 7.168197 -0.405841
v 1.325455 7.284636 -0.478388
v 1.142331 7.053532 -0.372985
v 2.068998 7.246327 -0.901945
v 2.061622 7.387075 -0.886914
v 2.052221 7.105579 -0.903020
v 3.884541 8.200725 0.204024
v 3.793341 8.189848 -0.723905
v 3.793221 8.221773 -0.723610
v 3.757898 8.211265 -0.720466
v 3.920295 8.221775 0.200539
v 3.894066 8.182532 0.204007
v 1.179646 7.128794 0.224920
v 1.145443 7.443613 -0.035472
v 1.145443 6.813975 -0.035472
v 3.760780 8.176864 -0.742784
v 3.941044 8.054945 -0.858261
v 1.140610 7.443613 -0.053511
v 1.140610 6.813975 -0.053511
v 1.789347 7.225169 -0.217670
v 2.780121 6.788454 -0.501848
v 2.780194 6.824084 -0.501890
v 6.177635 9.276042 -1.391938
v 2.789846 6.788454 -0.465632
v 2.789919 6.824084 -0.465675
v 1.143977 6.788221 -0.064169
v 1.148840 6.824084 -0.046061
v 1.153702 6.788221 -0.027953
v 1.320014 7.242401 0.033491
v 1.147869 7.418975 -0.089946
v 2.828814 7.806446 -0.015328
v 2.833077 7.832444 -0.125779
v 2.837483 7.806446 -0.236249
v 2.380283 7.677279 0.192912
v 2.313337 7.654058 -0.316315
v 2.313337 7.688888 -0.316315
v 2.343195 7.654058 0.197802
v 2.276251 7.677279 -0.311426
v 2.343195 7.688888 0.197802
v 1.732080 7.545566 0.019582
v 1.713537 7.536908 0.022027
v 1.732081 7.528250 0.019582
v 1.732506 7.167897 0.012587
v 1.754535 7.158861 -0.008589
v 1.717046 7.169263 0.018648
v 1.722855 7.167253 0.029426
v 1.733830 7.174749 0.011637
v 1.715142 7.174973 0.013519
v 1.713531 6.813975 0.022061
v 1.713531 6.796628 0.022061
v 1.732074 6.805301 0.019616
v 2.328366 7.110857 0.033438
v 2.318859 7.371413 -0.140367
v 2.327540 7.225015 -0.082354
v 2.344028 7.381769 0.003724
v 2.309743 7.099796 -0.129373
v 2.350956 7.247286 -0.076556
v 2.342472 6.822650 -0.060671
v 2.305455 6.805301 -0.055800
v 2.342472 6.787952 -0.060671
v 2.817987 7.158431 -0.367679
v 2.801585 7.311923 -0.300511
v 2.826862 7.466880 -0.243820
v 2.854546 7.306699 0.031622
v 2.827930 7.315830 0.067907
v 2.847002 7.310152 0.045988
v 2.809191 6.822649 -0.122011
v 2.809191 6.787952 -0.122011
v 2.846209 6.805301 -0.126883
v 3.387637 7.587524 0.036792
v 3.369722 7.716557 -0.020364
v 3.376732 7.451464 0.082108
v 3.300936 7.438622 -0.438246
v 3.319089 7.568637 -0.383332
v 3.310105 7.705566 -0.340225
v 3.795229 7.864392 -0.514654
v 3.802235 7.766864 -0.595890
v 3.823960 7.957020 -0.430647
v 3.872770 7.856749 -0.013054
v 3.863795 7.868695 0.007685
v 3.887248 7.868808 0.004752
v 4.282211 8.138543 -0.594930
v 4.287328 8.067922 -0.690524
v 4.311192 8.213700 -0.508570
v 4.365835 8.146533 -0.041189
v 4.385011 8.056988 0.030218
v 4.370704 8.235462 -0.116394
v 4.790117 8.466565 -0.706465
v 4.815725 8.534651 -0.618003
v 4.792779 8.391746 -0.793740
v 4.897675 8.384695 0.006692
v 4.874484 8.526068 -0.170147
v 4.872477 8.457366 -0.078485
v 5.559316 8.823020 -0.020999
v 5.529110 8.937267 -0.227423
v 5.529179 8.883585 -0.120605
v 5.472721 8.876386 -0.830622
v 5.472359 8.930753 -0.724111
v 5.442472 8.817789 -0.931094
v 6.382228 9.480515 -0.311068
v 6.363519 9.394694 -0.053329
v 6.366695 9.429266 -0.185189
v 6.247857 9.410865 -1.117776
v 6.297238 9.474833 -0.859958
v 6.255159 9.446593 -0.986965
v 3.314980 7.173523 -0.322266
v 3.344602 7.160537 -0.192735
v 3.368020 7.173523 -0.062387
v 3.851244 7.520677 -0.104089
v 3.846619 7.536992 -0.258890
v 3.834213 7.520678 -0.412667
v 4.344653 7.870225 -0.147334
v 4.337267 7.886489 -0.323738
v 4.322043 7.870225 -0.499110
v 4.839554 8.251634 -0.391605
v 4.805888 8.235381 -0.588110
v 4.880967 8.235358 -0.196119
v 5.518521 8.705642 -0.249903
v 5.498114 8.725171 -0.476401
v 5.487036 8.705665 -0.704126
v 6.332476 9.271802 -0.324971
v 6.326806 9.291320 -0.592662
v 6.290893 9.271802 -0.856365
v 6.385064 9.619565 0.216860
v 6.199781 9.603524 -1.394467
v 6.454119 9.611490 0.213232
v 6.199279 9.641849 -1.394072
v 6.190175 9.617793 -1.395802
v 6.385064 9.641850 0.216860
v 3.389591 7.978199 0.216902
v 3.382797 7.995977 0.216690
v 3.302251 7.985402 -0.599708
v 3.277991 7.998451 -0.598061
v 3.407156 8.008960 0.215027
v 3.302262 8.008960 -0.599676
v 4.393233 8.404776 0.201222
v 4.383475 8.424280 0.201077
v 4.274923 8.412353 -0.856172
v 4.239311 8.438425 -0.852808
v 4.419578 8.449568 0.197648
v 4.274695 8.449568 -0.855724
v 4.944589 8.698881 0.206361
v 4.908256 8.689295 0.209834
v 4.770458 8.681004 -0.992091
v 4.780435 8.700057 -0.991778
v 4.944589 8.721167 0.206361
v 4.744328 8.721167 -0.988703
v 5.584304 9.052512 0.210567
v 5.573771 9.073038 0.210070
v 5.424556 9.061141 -1.158128
v 5.388311 9.099488 -1.154732
v 5.611366 9.110631 0.206495
v 5.423703 9.110631 -1.157061
v 1.169728 7.447428 0.129826
v 1.171230 7.434938 0.093522
v 1.178938 7.448522 0.056400
v 1.174933 6.796628 0.094878
v 1.188487 6.809638 0.127627
v 1.161026 6.809639 0.062174
v 6.195332 9.453806 -1.398250
v 6.184251 9.512083 -1.385446
v 6.179334 9.395529 -1.403800
v 3.296280 7.581296 -0.621453
v 3.282392 7.721193 -0.605793
v 3.276423 7.441399 -0.628071
v 3.784919 7.860216 -0.752385
v 3.773836 7.974430 -0.739578
v 3.768920 7.746002 -0.757933
v 4.265917 8.154267 -0.881266
v 4.254836 8.248642 -0.868461
v 4.249918 8.059892 -0.886815
v 4.768023 8.475906 -1.015805
v 4.756943 8.553934 -1.003000
v 4.752025 8.397880 -1.021354
v 5.416474 8.906190 -1.189561
v 5.405404 8.970501 -1.176759
v 5.400481 8.841880 -1.195109
v 1.699574 7.171164 -0.193574
v 1.689697 7.293117 -0.182122
v 1.684152 7.049210 -0.199486
v 2.296374 7.246327 -0.353532
v 2.285355 7.387075 -0.340916
v 2.280521 7.105579 -0.358948
v 2.795284 7.319005 -0.487212
v 2.781599 7.483979 -0.471612
v 2.775635 7.154032 -0.493886
v 1.832550 7.196409 -0.224418
v 1.974109 7.414321 -0.262242
v 1.907395 7.310558 -0.258896
v 1.891818 7.055092 -0.250010
v 1.991670 7.118582 -0.262265
v 2.084459 7.181323 -0.301626
v 1.700385 6.960535 -0.193887
v 2.291970 6.813708 -0.342734
v 2.287136 6.813708 -0.360774
v 1.697968 6.942618 -0.202907
v 1.860443 5.696918 -0.231977
v 2.056886 7.601012 -0.279744
v 2.278306 7.279906 -0.348741
v 2.288883 7.633566 -0.346668
v 2.275889 7.311133 -0.357761
v 2.052052 7.601012 -0.297784
v 2.395786 7.434602 -0.370645
v 2.482502 7.517244 -0.422926
v 2.609009 7.609860 -0.427738
v 3.295819 7.927617 -0.627351
v 3.277381 7.160937 -0.616442
v 2.781696 7.796645 -0.495708
v 3.280402 7.197268 -0.605167
v 2.787738 7.796645 -0.473158
v 2.877239 7.287975 -0.514012
v 3.758297 7.533220 -0.735644
v 3.770323 7.543797 -0.748528
v 3.293821 8.004023 -0.611179
v 3.288987 8.004023 -0.629219
v 3.778875 8.215869 -0.760484
v 4.248961 7.891760 -0.876776
v 3.463245 7.506905 -0.671421
v 3.783710 8.215869 -0.742444
v 4.236382 7.880784 -0.863737
v 4.755595 8.250566 -1.022195
v 4.256044 8.448467 -0.878674
v 4.760428 8.250566 -1.004154
v 4.253627 8.429718 -0.887693
v 4.533453 8.026925 -0.948160
v 4.909217 8.487256 -1.044005
v 4.883299 8.560324 -1.056381
v 4.848262 8.615797 -1.042357
v 5.297260 8.792607 -1.162391
v 5.188313 8.871213 -1.133268
v 5.249041 8.837381 -1.134814
v 5.412221 9.107695 -1.178802
v 5.794856 9.004741 -1.290996
v 5.407388 9.107695 -1.196842
v 5.774387 8.991563 -1.295179
v 5.401379 8.755117 -1.180732
v 6.058981 9.306895 -1.351944
v 5.924275 9.334455 -1.335144
v 5.988208 9.308941 -1.345555
v 1.361403 7.168197 -0.090981
v 1.468142 7.284636 -0.137807
v 1.264025 7.053532 -0.083214
v 2.296091 7.246327 -0.354054
v 2.285077 7.387075 -0.341443
v 2.280164 7.105579 -0.359435
v 3.763525 8.200725 1.184128
v 3.915598 8.189848 0.264213
v 3.915406 8.221773 0.264467
v 3.880474 8.211265 0.258361
v 3.798962 8.221775 1.190015
v 3.772730 8.182532 1.186577
v 1.145390 7.128794 0.504233
v 1.179746 7.443613 0.243861
v 1.179746 6.813975 0.243861
v 3.889033 8.176864 0.237549
v 4.095557 8.052040 0.203463
v 1.179746 7.443613 0.225186
v 1.179746 6.813975 0.225186
v 1.848866 7.225169 0.234524
v 2.879430 6.788454 0.216463
v 2.879512 6.824084 0.216441
v 6.391550 9.276042 0.236043
v 2.879451 6.788454 0.253961
v 2.879533 6.824084 0.253939
v 1.185757 6.788221 0.215763
v 1.185767 6.824084 0.234512
v 1.185778 6.788221 0.253261
v 1.328617 7.243384 0.306320
v 1.196331 7.418667 0.199567
v 2.800526 7.806446 0.699005
v 2.833202 7.832444 0.593418
v 2.866078 7.806446 0.487856
v 2.313400 7.677279 0.784063
v 2.380532 7.665668 0.274861
v 2.276309 7.654058 0.779188
v 2.343444 7.654058 0.269985
v 2.343444 7.688889 0.269985
v 2.276309 7.688888 0.779188
v 1.722823 7.545566 0.447646
v 1.739852 7.532579 0.390245
v 1.705831 7.532579 0.505053
v 1.734360 7.167914 0.442259
v 1.761080 7.158929 0.427607
v 1.717982 7.169318 0.444206
v 1.720610 7.167253 0.455982
v 1.735838 7.174755 0.441635
v 1.717296 7.174971 0.438628
v 1.713567 6.805301 0.446463
v 1.732110 6.813975 0.448900
v 1.732110 6.796628 0.448900
v 2.304476 7.110838 0.616549
v 2.340402 7.371377 0.446192
v 2.333755 7.225032 0.504561
v 2.327246 7.381762 0.591938
v 2.328566 7.099800 0.454482
v 2.354768 7.247277 0.516197
v 2.332027 6.813975 0.615866
v 2.317795 6.813975 0.438171
v 2.325418 6.787952 0.527080
v 2.881279 7.158428 0.355871
v 2.848018 7.311915 0.416515
v 2.857779 7.466884 0.477782
v 2.813237 7.306685 0.750970
v 2.778265 7.315804 0.779106
v 2.802322 7.310153 0.762955
v 2.824822 6.813975 0.481477
v 2.828583 6.787952 0.593430
v 2.832968 6.813975 0.705476
v 3.326702 7.587494 0.893900
v 3.324108 7.716631 0.834280
v 3.304693 7.451488 0.935004
v 3.365965 7.438612 0.412708
v 3.369246 7.568629 0.470439
v 3.349430 7.705578 0.509710
v 3.863222 7.864378 0.466838
v 3.891014 7.766856 0.390173
v 3.869207 7.957015 0.555401
v 3.808564 7.856764 0.971453
v 3.794168 7.868790 0.989236
v 3.817632 7.868754 0.992255
v 4.354426 8.138579 0.515283
v 4.384047 8.067911 0.424311
v 4.360118 8.213685 0.606262
v 4.282451 8.057801 1.145381
v 4.310581 8.231225 0.995295
v 4.309717 8.145789 1.073411
v 4.873906 8.466512 0.539083
v 4.875661 8.534605 0.631142
v 4.899019 8.391664 0.455487
v 4.793555 8.384527 1.255660
v 4.816545 8.525991 1.078862
v 4.791143 8.457419 1.167010
v 5.439622 8.823065 1.400277
v 5.463882 8.937250 1.193041
v 5.436168 8.883587 1.296228
v 5.565531 8.876166 0.595911
v 5.537265 8.930715 0.698568
v 5.562422 8.817907 0.490889
v 6.309409 9.480609 1.333069
v 6.224585 9.394988 1.577248
v 6.262047 9.429439 1.450709
v 6.388335 9.411136 0.518933
v 6.369288 9.475088 0.780751
v 6.361517 9.446883 0.647168
v 3.338265 7.177852 0.660298
v 3.349335 7.164865 0.528325
v 3.333400 7.164865 0.793088
v 3.811371 7.520678 0.877930
v 3.847038 7.536992 0.727216
v 3.874851 7.520678 0.575467
v 4.298551 7.870225 0.963781
v 4.336990 7.886489 0.791466
v 4.367671 7.870225 0.618129
v 4.840240 8.251634 0.855981
v 4.858580 8.235381 0.657458
v 4.829629 8.235358 1.055522
v 5.459397 8.718677 1.168584
v 5.507535 8.699147 0.945738
v 5.546492 8.718653 0.721683
v 6.265354 9.271802 1.306782
v 6.329495 9.291320 1.046788
v 6.362724 9.271802 0.782732
v 6.175523 9.619565 1.843710
v 6.413595 9.603524 0.239333
v 6.243164 9.611490 1.858078
v 6.413008 9.641849 0.239584
v 6.404662 9.617793 0.235557
v 6.175523 9.641850 1.843710
v 3.282106 7.978199 1.068464
v 3.275599 7.995977 1.066501
v 3.409097 7.985402 0.257074
v 3.385238 7.998451 0.252387
v 3.299558 8.008960 1.071200
v 3.409100 8.008960 0.257108
v 4.255610 8.404776 1.313081
v 4.246221 8.424280 1.310415
v 4.415005 8.412353 0.261096
v 4.379735 8.438425 0.255127
v 4.281981 8.449568 1.316447
v 4.414668 8.449568 0.261470
v 4.786848 8.698881 1.460746
v 4.750854 8.689295 1.454696
v 4.928832 8.681004 0.258062
v 4.938388 8.700056 0.260947
v 4.786848 8.721167 1.460746
v 4.902716 8.721167 0.254571
v 5.403677 9.052512 1.630379
v 5.393631 9.073038 1.627172
v 5.603617 9.061141 0.266976
v 5.567728 9.099488 0.260875
v 5.430871 9.110631 1.633450
v 5.602516 9.110631 0.267786
v 1.160536 7.447355 0.409828
v 1.171381 7.434881 0.375148
v 1.188412 7.448445 0.341284
v 1.174637 6.796628 0.377420
v 1.179180 6.809639 0.412553
v 1.169595 6.809638 0.342222
v 6.410277 9.453806 0.234527
v 6.396260 9.512083 0.244027
v 6.396260 9.395529 0.225026
v 3.408957 7.581296 0.234525
v 3.391490 7.721193 0.246057
v 3.391490 7.441399 0.222993
v 3.914829 7.860216 0.234516
v 3.900814 7.974430 0.244026
v 3.900814 7.746002 0.225020
v 4.412800 8.154267 0.234525
v 4.398782 8.248642 0.244026
v 4.398782 8.059892 0.225025
v 4.932627 8.475906 0.234526
v 4.918602 8.553934 0.244026
v 4.918608 8.397880 0.225025
v 5.603946 8.906190 0.234526
v 5.589938 8.970501 0.244027
v 5.589932 8.841880 0.225025
v 1.755917 7.171164 0.234576
v 1.743401 7.293117 0.243071
v 1.742539 7.049210 0.224873
v 2.373779 7.246327 0.234534
v 2.359870 7.387075 0.243866
v 2.359867 7.105579 0.225187
v 2.890289 7.319005 0.234525
v 2.873040 7.483979 0.246056
v 2.873043 7.154032 0.222993
v 1.892343 7.196409 0.239057
v 2.038869 7.414320 0.239420
v 1.973562 7.310559 0.225387
v 1.956216 7.055092 0.229807
v 2.055837 7.118582 0.243812
v 2.155652 7.181322 0.229801
v 1.756779 6.960535 0.234473
v 2.366731 6.813708 0.243812
v 2.366731 6.813708 0.225136
v 1.756779 6.942618 0.225135
v 1.921237 5.696909 0.239119
v 2.123354 7.601012 0.243812
v 2.355088 7.279906 0.234474
v 2.364768 7.633565 0.239148
v 2.355088 7.311133 0.225135
v 2.123354 7.601012 0.225135
v 2.474234 7.434602 0.243815
v 2.571527 7.517244 0.215797
v 2.694968 7.609860 0.243809
v 3.410039 7.927617 0.228635
v 3.389406 7.160937 0.234474
v 2.879362 7.796645 0.222801
v 3.389406 7.197268 0.246147
v 2.879362 7.796645 0.246146
v 2.976349 7.287940 0.229898
v 3.884787 7.533220 0.243803
v 3.899738 7.543797 0.234471
v 3.403924 8.004023 0.243812
v 3.403924 8.004023 0.225136
v 3.911094 8.215869 0.225136
v 4.395260 7.891760 0.234475
v 3.583173 7.506917 0.229615
v 3.911094 8.215869 0.243813
v 4.379735 7.880784 0.243813
v 4.922267 8.250566 0.225137
v 4.402592 8.448467 0.234475
v 4.922266 8.250566 0.243813
v 4.402592 8.429718 0.225136
v 4.688539 8.026946 0.239434
v 5.076489 8.487459 0.243813
v 5.054469 8.560324 0.225137
v 5.017080 8.615887 0.229992
v 5.481673 8.792430 0.229806
v 5.369046 8.871328 0.230045
v 5.428109 8.837504 0.243813
v 5.597053 9.107695 0.243813
v 5.995687 9.004741 0.234475
v 5.597053 9.107695 0.225137
v 5.976998 8.991563 0.225138
v 5.587080 8.755118 0.239285
v 6.266653 9.307187 0.243825
v 6.132181 9.334711 0.225136
v 6.196621 9.309162 0.231621
v 1.402714 7.168197 0.246038
v 1.517935 7.284636 0.228485
v 1.306644 7.053532 0.228494
v 2.373641 7.246327 0.233936
v 2.359733 7.387075 0.243275
v 2.359647 7.105579 0.224618
v -0.847936 8.200725 3.896279
v 0.071979 8.189848 4.048352
v 0.071725 8.221773 4.048160
v 0.077831 8.211265 4.013227
v -0.853823 8.221775 3.931715
v -0.850385 8.182532 3.905483
v -0.168041 7.128794 1.278142
v 0.092331 7.443613 1.312500
v 0.092331 6.813975 1.312500
v 0.098642 8.176864 4.021786
v 0.132728 8.052040 4.228310
v 0.111005 7.443613 1.312500
v 0.111005 6.813975 1.312500
v 0.101668 7.225169 1.981619
v 0.119729 6.788454 3.012184
v 0.119751 6.824084 3.012265
v 0.100149 9.276042 6.524302
v 0.082230 6.788454 3.012204
v 0.082252 6.824084 3.012286
v 0.120429 6.788221 1.318510
v 0.101679 6.824084 1.318521
v 0.082930 6.788221 1.318531
v 0.097357 7.246297 1.456987
v 0.108396 7.418370 1.329270
v -0.362804 7.806446 2.933203
v -0.257209 7.832444 2.965828
v -0.151655 7.806446 2.998756
v -0.447872 7.677279 2.446153
v 0.061331 7.654058 2.513286
v 0.061331 7.688888 2.513286
v -0.442996 7.654058 2.409063
v 0.066206 7.677279 2.476197
v -0.442996 7.688888 2.409063
v -0.112678 7.536908 1.864879
v -0.110240 7.545566 1.846334
v -0.110240 7.528250 1.846334
v -0.106060 7.167907 1.867156
v -0.091324 7.158883 1.893850
v -0.107935 7.169283 1.850673
v -0.119823 7.167239 1.853394
v -0.105469 7.174749 1.868697
v -0.102524 7.174934 1.850151
v -0.110273 6.805301 1.846334
v -0.112711 6.813975 1.864879
v -0.112711 6.796628 1.864879
v -0.280338 7.110826 2.437248
v -0.109989 7.371376 2.473077
v -0.168292 7.224994 2.466403
v -0.255698 7.381783 2.459899
v -0.118290 7.099806 2.461383
v -0.180088 7.247222 2.487466
v -0.193140 6.805301 2.475244
v -0.188265 6.822650 2.438227
v -0.188265 6.787952 2.438227
v -0.019685 7.158424 3.013970
v -0.080319 7.311916 2.980754
v -0.141597 7.466881 2.990513
v -0.414775 7.306691 2.945831
v -0.442861 7.315789 2.911007
v -0.426828 7.310173 2.935061
v -0.364409 6.796627 2.928730
v -0.256311 6.822649 2.954260
v -0.150161 6.796627 2.994618
v -0.557859 7.587558 3.459519
v -0.497994 7.716575 3.457099
v -0.598734 7.451464 3.437254
v -0.076597 7.438575 3.498698
v -0.134248 7.568630 3.502004
v -0.173569 7.705561 3.482287
v -0.130662 7.864367 3.995968
v -0.053986 7.766853 4.023760
v -0.219215 7.957009 4.001938
v -0.635242 7.856774 3.941053
v -0.652958 7.868729 3.926973
v -0.656175 7.868827 3.950407
v -0.179104 8.138579 4.487266
v -0.088164 8.067848 4.516635
v -0.270241 8.213536 4.492984
v -0.735694 8.146571 4.424695
v -0.809577 8.056965 4.424809
v -0.664244 8.235444 4.448796
v -0.202878 8.466502 5.006503
v -0.294999 8.534537 5.008401
v -0.119254 8.391717 5.031754
v -0.919563 8.384691 4.926120
v -0.742702 8.526062 4.949139
v -0.830873 8.457543 4.923622
v -1.064059 8.822992 5.572441
v -0.856871 8.937239 5.596840
v -0.959994 8.883447 5.569098
v -0.259578 8.876470 5.698299
v -0.362483 8.930584 5.670357
v -0.154706 8.817792 5.694828
v -0.996883 9.480609 6.442193
v -1.241071 9.395061 6.357270
v -1.114569 9.429550 6.394852
v -0.182769 9.411139 6.521480
v -0.444615 9.474929 6.501997
v -0.311143 9.446486 6.494554
v -0.324097 7.177853 3.470945
v -0.192124 7.164866 3.482015
v -0.456889 7.164866 3.466094
v -0.541705 7.520678 3.943870
v -0.390981 7.536993 3.979468
v -0.239233 7.520678 4.007286
v -0.627593 7.881067 4.431325
v -0.454258 7.864803 4.462028
v -0.281934 7.881067 4.500402
v -0.321273 8.246201 4.991384
v -0.520815 8.229948 4.980784
v -0.719341 8.246223 4.962467
v -0.832380 8.705642 5.592059
v -0.608319 8.725171 5.630970
v -0.385486 8.705665 5.679209
v -0.970642 9.271802 6.398502
v -0.710694 9.291320 6.462988
v -0.446593 9.271802 6.495873
v -1.507518 9.619565 6.308275
v 0.096859 9.603524 6.546348
v -1.521886 9.611490 6.375916
v 0.096608 9.641849 6.545761
v 0.100634 9.617793 6.537416
v -1.507518 9.641850 6.308275
v -0.732272 7.978199 3.414860
v -0.730309 7.995977 3.408352
v 0.079118 7.985402 3.541851
v 0.083805 7.998451 3.517992
v -0.735008 8.008960 3.432312
v 0.079084 8.008960 3.541853
v -0.976889 8.404776 4.388363
v -0.974223 8.424280 4.378974
v 0.075096 8.412353 4.547758
v 0.081064 8.438425 4.512487
v -0.980255 8.449568 4.414734
v 0.074722 8.449568 4.547421
v -1.124555 8.698881 4.919601
v -1.118505 8.689295 4.883607
v 0.078130 8.681004 5.061585
v 0.075245 8.700056 5.071141
v -1.124555 8.721167 4.919601
v 0.081621 8.721167 5.035470
v -1.294188 9.052512 5.536430
v -1.290981 9.073038 5.526384
v 0.069216 9.061141 5.736370
v 0.075316 9.099488 5.700481
v -1.297258 9.110631 5.563623
v 0.068406 9.110631 5.735269
v -0.073627 7.447428 1.293217
v -0.038947 7.434938 1.304057
v -0.005085 7.448522 1.321109
v -0.041215 6.796628 1.307285
v -0.076354 6.809639 1.311875
v -0.006023 6.809639 1.302291
v 0.101665 9.453806 6.543030
v 0.092165 9.512083 6.529013
v 0.111166 9.395529 6.529013
v 0.101667 7.581296 3.541711
v 0.090135 7.721193 3.524244
v 0.113198 7.441399 3.524244
v 0.101676 7.860216 4.047583
v 0.092166 7.974430 4.033567
v 0.111172 7.746002 4.033567
v 0.101666 8.154267 4.545553
v 0.092166 8.248642 4.531536
v 0.111167 8.059892 4.531536
v 0.101675 8.475906 5.065381
v 0.092165 8.553934 5.051355
v 0.111171 8.397880 5.051361
v 0.101666 8.906190 5.736695
v 0.092165 8.970501 5.722692
v 0.111166 8.841880 5.722683
v 0.101625 7.171164 1.888665
v 0.093115 7.293117 1.876161
v 0.111328 7.049210 1.875292
v 0.101658 7.246327 2.506533
v 0.092325 7.387075 2.492624
v 0.111005 7.105579 2.492621
v 0.101667 7.319005 3.023042
v 0.090135 7.483979 3.005797
v 0.113199 7.154032 3.005803
v 0.097290 7.196409 2.025096
v 0.096981 7.414320 2.171622
v 0.110965 7.310558 2.106315
v 0.106387 7.055092 2.088969
v 0.092380 7.118582 2.188590
v 0.106387 7.181322 2.288405
v 0.101718 6.960535 1.889533
v 0.092380 6.813708 2.499485
v 0.111056 6.813708 2.499485
v 0.111056 6.942618 1.889533
v 0.097047 5.696921 2.053998
v 0.092380 7.601012 2.256108
v 0.101718 7.279906 2.487841
v 0.097051 7.633565 2.497521
v 0.111056 7.311133 2.487841
v 0.111056 7.601012 2.256108
v 0.092329 7.434602 2.606987
v 0.120394 7.517245 2.704280
v 0.092357 7.609860 2.827722
v 0.107556 7.927618 3.542793
v 0.101717 7.160938 3.522160
v 0.113390 7.796645 3.012115
v 0.090045 7.197268 3.522160
v 0.090045 7.796645 3.012115
v 0.106301 7.287940 3.109102
v 0.092388 7.533221 4.017540
v 0.101721 7.543797 4.032491
v 0.092379 8.004023 3.536677
v 0.111056 8.004023 3.536677
v 0.111055 8.215869 4.043847
v 0.101717 7.891760 4.528013
v 0.106545 7.506917 3.715927
v 0.092379 8.215869 4.043847
v 0.092379 7.880784 4.512488
v 0.111055 8.250566 5.055020
v 0.101717 8.448467 4.535346
v 0.092379 8.250566 5.055020
v 0.111055 8.429718 4.535346
v 0.096942 8.026972 4.821299
v 0.092379 8.487407 5.209194
v 0.111029 8.560271 5.187172
v 0.106174 8.615840 5.149790
v 0.106385 8.792349 5.614387
v 0.106147 8.871232 5.501752
v 0.092378 8.837408 5.560815
v 0.092378 9.107695 5.729806
v 0.101716 9.004741 6.128440
v 0.111054 9.107695 5.729806
v 0.111054 8.991563 6.109752
v 0.096906 8.755118 5.719833
v 0.092366 9.307187 6.399405
v 0.111057 9.334711 6.264933
v 0.104577 9.309162 6.329374
v 0.090153 7.168198 1.535467
v 0.107597 7.284636 1.650689
v 0.107643 7.053532 1.439397
v 0.102256 7.246327 2.506395
v 0.092917 7.387075 2.492492
v 0.111573 7.105579 2.492403
v 0.132167 8.200725 4.017294
v 1.060097 8.189848 3.926095
v 1.059802 8.221773 3.925975
v 1.056658 8.211265 3.890651
v 0.135653 8.221775 4.053048
v 0.132184 8.182532 4.026820
v 0.111273 7.128794 1.312399
v 0.371665 7.443613 1.278197
v 0.371664 6.813975 1.278197
v 1.078976 8.176864 3.893533
v 1.174558 8.052509 4.081349
v 0.389703 7.443613 1.273363
v 0.389703 6.813975 1.273363
v 0.553866 7.225169 1.922092
v 0.838040 6.788454 2.912874
v 0.838082 6.824084 2.912948
v 1.728130 9.276042 6.310388
v 0.801824 6.788454 2.922600
v 0.801867 6.824084 2.922673
v 0.400361 6.788221 1.276730
v 0.382253 6.824084 1.281593
v 0.364145 6.788221 1.286455
v 0.413919 7.246290 1.416458
v 0.426142 7.418976 1.280621
v 0.351521 7.806446 2.961574
v 0.461971 7.832444 2.965834
v 0.572442 7.806446 2.970244
v 0.143280 7.677279 2.513037
v 0.652507 7.654058 2.446090
v 0.652507 7.688888 2.446090
v 0.138390 7.654058 2.475948
v 0.647618 7.677279 2.409004
v 0.138390 7.688888 2.475948
v 0.315365 7.545566 1.855389
v 0.375227 7.532579 1.857039
v 0.255524 7.532579 1.853892
v 0.323651 7.167870 1.865185
v 0.344692 7.158897 1.887174
v 0.317525 7.169279 1.849895
v 0.306722 7.167239 1.855477
v 0.324567 7.174755 1.866585
v 0.322589 7.174932 1.847897
v 0.255493 6.800964 1.853997
v 0.315356 6.813975 1.855574
v 0.375219 6.800964 1.857139
v 0.302792 7.110827 2.461031
v 0.476634 7.371368 2.451620
v 0.418540 7.225021 2.460309
v 0.332415 7.381743 2.476703
v 0.465521 7.099776 2.442418
v 0.412648 7.247229 2.483674
v 0.396875 6.805301 2.475310
v 0.392003 6.822650 2.438294
v 0.392003 6.787952 2.438294
v 0.703809 7.158414 2.950715
v 0.636614 7.311898 2.934308
v 0.579991 7.466875 2.959594
v 0.304626 7.306680 2.987239
v 0.268411 7.315795 2.960759
v 0.290224 7.310149 2.979817
v 0.348820 6.796627 2.957733
v 0.459864 6.822649 2.954575
v 0.572821 6.796627 2.965923
v 0.299391 7.587527 3.520368
v 0.356472 7.716591 3.502436
v 0.254045 7.451488 3.509562
v 0.774422 7.438608 3.433801
v 0.719421 7.568591 3.451853
v 0.676432 7.705578 3.442780
v 0.850824 7.864384 3.927918
v 0.932102 7.766884 3.934915
v 0.766844 7.957034 3.956574
v 0.349222 7.856768 4.005557
v 0.328414 7.868748 3.996457
v 0.331440 7.868796 4.019877
v 0.931098 8.138523 4.414942
v 1.026605 8.067830 4.419972
v 0.844665 8.213594 4.444044
v 0.303854 8.057831 4.508380
v 0.456063 8.231296 4.496702
v 0.380418 8.145825 4.516057
v 1.042570 8.466441 4.922896
v 0.954144 8.534540 4.948705
v 1.129931 8.391726 4.925634
v 0.329495 8.384745 5.030670
v 0.506333 8.526093 5.007331
v 0.414594 8.457494 5.005309
v 0.357176 8.823065 5.692119
v 0.563638 8.937320 5.662237
v 0.456891 8.883427 5.662086
v 1.166846 8.876421 5.605595
v 1.060264 8.930665 5.605133
v 1.267307 8.817852 5.575168
v 0.647257 9.480537 6.515059
v 0.389467 9.394841 6.496275
v 0.521356 9.429380 6.499673
v 1.454109 9.411201 6.380700
v 1.196187 9.475163 6.429543
v 1.323124 9.446594 6.387737
v 0.528115 7.177853 3.471190
v 0.658456 7.164866 3.447724
v 0.398584 7.164866 3.500810
v 0.440306 7.520678 3.984185
v 0.595115 7.536993 3.979619
v 0.748890 7.520678 3.967201
v 0.483494 7.870225 4.477158
v 0.659890 7.886489 4.469716
v 0.835261 7.870225 4.454486
v 0.727787 8.251634 4.972233
v 0.924292 8.235381 4.938567
v 0.532303 8.235358 5.013660
v 0.586137 8.718677 5.651595
v 0.813855 8.699147 5.640462
v 1.040360 8.718653 5.620114
v 0.661224 9.271802 6.465696
v 0.928967 9.291320 6.460420
v 1.192618 9.271802 6.424113
v 0.119331 9.619565 6.517817
v 1.730658 9.603524 6.332534
v 0.122959 9.611490 6.586872
v 1.730264 9.641849 6.332032
v 1.731993 9.617793 6.322929
v 0.119331 9.641850 6.517817
v 0.119290 7.978199 3.522344
v 0.119502 7.995977 3.515550
v 0.935900 7.985402 3.435004
v 0.934253 7.998451 3.410744
v 0.121164 8.008960 3.539909
v 0.935868 8.008960 3.435015
v 0.134970 8.404776 4.525987
v 0.135114 8.424280 4.516228
v 1.192364 8.412353 4.407677
v 1.189000 8.438425 4.372064
v 0.138544 8.449568 4.552331
v 1.191915 8.449568 4.407448
v 0.129830 8.698881 5.077342
v 0.126358 8.689295 5.041009
v 1.328282 8.681004 4.903211
v 1.327969 8.700056 4.913188
v 0.129830 8.721167 5.077342
v 1.324895 8.721167 4.877081
v 0.125624 9.052512 5.717058
v 0.126122 9.073038 5.706523
v 1.494319 9.061141 5.557310
v 1.490923 9.099488 5.521065
v 0.129696 9.110631 5.744119
v 1.493252 9.110631 5.556456
v 0.206375 7.439820 1.302550
v 0.243494 7.452321 1.310235
v 0.279800 7.438748 1.311749
v 0.241330 6.796628 1.307804
v 0.208573 6.809639 1.321301
v 0.274027 6.809639 1.293840
v 1.734442 9.453806 6.328084
v 1.721637 9.512083 6.317005
v 1.739991 9.395529 6.312087
v 0.957645 7.581296 3.429033
v 0.941985 7.721193 3.415145
v 0.964263 7.441399 3.409177
v 1.088574 7.860216 3.917668
v 1.075769 7.974430 3.906589
v 1.094123 7.746002 3.901671
v 1.217458 8.154267 4.398670
v 1.204653 8.248642 4.387589
v 1.223007 8.059892 4.382672
v 1.351996 8.475906 4.900776
v 1.339192 8.553934 4.889697
v 1.357545 8.397880 4.884778
v 1.525751 8.906190 5.549222
v 1.512946 8.970501 5.538158
v 1.531299 8.841880 5.533230
v 0.529762 7.171164 1.832324
v 0.518309 7.293117 1.822446
v 0.535670 7.049210 1.816896
v 0.689720 7.246327 2.429124
v 0.677102 7.387075 2.418102
v 0.695133 7.105579 2.413268
v 0.823404 7.319005 2.928037
v 0.807800 7.483979 2.914359
v 0.830078 7.154032 2.908390
v 0.560615 7.196410 1.965303
v 0.598665 7.414322 2.106801
v 0.595149 7.310559 2.040133
v 0.586029 7.055092 2.024618
v 0.598331 7.118582 2.124457
v 0.637648 7.181323 2.217257
v 0.530080 6.960535 1.833138
v 0.678926 6.813708 2.424723
v 0.696966 6.813708 2.419890
v 0.539099 6.942618 1.830721
v 0.568260 5.696921 1.993174
v 0.615936 7.601012 2.189639
v 0.684933 7.279906 2.411059
v 0.682946 7.633566 2.421613
v 0.693953 7.311133 2.408643
v 0.633976 7.601012 2.184806
v 0.706752 7.434602 2.528563
v 0.759005 7.517245 2.615286
v 0.763810 7.609860 2.741795
v 0.963549 7.927617 3.428571
v 0.952634 7.160937 3.410135
v 0.831900 7.796645 2.914449
v 0.941359 7.197268 3.413156
v 0.809350 7.796645 2.920491
v 0.850155 7.287914 3.009944
v 1.071836 7.533221 3.891050
v 1.084720 7.543797 3.903076
v 0.947371 8.004023 3.426574
v 0.965411 8.004023 3.421740
v 1.096676 8.215869 3.911629
v 1.212967 7.891760 4.381715
v 1.007625 7.506906 3.595994
v 1.078636 8.215869 3.916463
v 1.199929 7.880784 4.369135
v 1.358386 8.250566 4.888348
v 1.214865 8.448467 4.388797
v 1.340346 8.250566 4.893181
v 1.223885 8.429718 4.386380
v 1.283981 8.026950 4.666312
v 1.380249 8.487276 5.041975
v 1.392626 8.560338 5.016051
v 1.378587 8.615816 4.981024
v 1.498682 8.792555 5.429960
v 1.469492 8.871199 5.321051
v 1.471092 8.837388 5.381774
v 1.514993 9.107695 5.544975
v 1.627187 9.004741 5.927609
v 1.533033 9.107695 5.540141
v 1.631370 8.991563 5.907140
v 1.516912 8.755113 5.534134
v 1.688436 9.307147 6.191712
v 1.671470 9.334638 6.057034
v 1.682037 9.308917 6.120877
v 0.427169 7.168197 1.494158
v 0.473879 7.284636 1.600927
v 0.419095 7.053531 1.396862
v 0.690246 7.246327 2.428844
v 0.677630 7.387075 2.417827
v 0.695632 7.105579 2.412912
v 1.110196 8.200725 3.880517
v 1.982903 8.189848 3.552259
v 1.982587 8.221773 3.552220
v 1.970408 8.211265 3.518914
v 1.122816 8.221775 3.914150
v 1.112678 8.182532 3.889713
v 0.389934 7.128794 1.273195
v 0.632602 7.443613 1.172765
v 0.632602 6.813975 1.172765
v 1.992711 8.176864 3.515921
v 2.150724 8.054738 3.660405
v 0.648775 7.443613 1.163429
v 0.648775 6.813975 1.163429
v 0.975245 7.225169 1.747569
v 1.506172 6.788454 2.631037
v 1.506231 6.824084 2.631096
v 3.245274 9.276042 5.682410
v 1.473707 6.788454 2.649804
v 1.473767 6.824084 2.649863
v 0.659941 6.788221 1.163922
v 0.643709 6.824084 1.173306
v 0.627477 6.788221 1.182689
v 0.645218 7.239326 1.350779
v 0.667855 7.418414 1.171727
v 1.250153 7.823778 2.720643
v 1.156663 7.797780 2.779618
v 1.063160 7.823778 2.838562
v 0.731600 7.677279 2.424640
v 1.206148 7.654058 2.228177
v 1.206148 7.688888 2.228177
v 0.717277 7.654058 2.390080
v 1.191827 7.677279 2.193620
v 0.717277 7.688888 2.390080
v 0.731256 7.545566 1.753662
v 0.724096 7.536908 1.736384
v 0.731256 7.528250 1.753662
v 0.738073 7.167913 1.752226
v 0.764218 7.158874 1.767988
v 0.728218 7.169277 1.738852
v 0.719351 7.167249 1.747293
v 0.739336 7.174737 1.753250
v 0.732724 7.174989 1.735637
v 0.723971 6.805301 1.736169
v 0.731132 6.813975 1.753447
v 0.731132 6.796628 1.753447
v 0.872217 7.110845 2.333198
v 1.037727 7.371370 2.279114
v 0.983883 7.225035 2.302650
v 0.904881 7.381735 2.340616
v 1.024613 7.099793 2.273026
v 0.984239 7.247247 2.326602
v 0.886610 6.813975 2.356754
v 1.033383 6.813975 2.255581
v 0.960221 6.787952 2.306696
v 1.386337 7.158430 2.702260
v 1.317230 7.311919 2.703864
v 1.268981 7.466869 2.742938
v 1.010125 7.306686 2.840846
v 0.968436 7.315778 2.824779
v 0.994302 7.310178 2.837628
v 1.146900 6.805301 2.757665
v 1.161187 6.822649 2.792160
v 1.161187 6.787952 2.792160
v 1.143101 7.587525 3.357215
v 1.193575 7.716596 3.325110
v 1.096493 7.451488 3.358513
v 1.579499 7.438611 3.150550
v 1.531185 7.568653 3.182214
v 1.487274 7.705591 3.184761
v 1.781204 7.864360 3.608209
v 1.861469 7.766843 3.593865
v 1.707465 7.956982 3.657648
v 1.316923 7.856740 3.813150
v 1.294425 7.868732 3.809685
v 1.303456 7.868763 3.831565
v 1.984830 8.138503 4.057912
v 2.078388 8.067821 4.038026
v 1.908858 8.213565 4.108378
v 1.471678 8.146490 4.281966
v 1.407647 8.056968 4.318982
v 1.545581 8.235435 4.267244
v 2.224029 8.466545 4.519590
v 2.144938 8.534343 4.567116
v 2.308998 8.391500 4.499953
v 1.563357 8.384490 4.808474
v 1.727917 8.525867 4.739707
v 1.638775 8.457461 4.761850
v 1.761044 8.823015 5.440049
v 1.952821 8.937048 5.357677
v 1.849534 8.883291 5.384994
v 2.520574 8.876306 5.146736
v 2.417595 8.930770 5.173827
v 2.609861 8.817814 5.091551
v 2.254150 9.480388 6.159542
v 2.000250 9.394955 6.208315
v 2.128629 9.429230 6.177471
v 2.998609 9.410779 5.821229
v 2.762293 9.474773 5.935504
v 2.874082 9.446407 5.862093
v 1.351136 7.177852 3.250122
v 1.470966 7.164865 3.193730
v 1.233722 7.164865 3.312348
v 1.399255 7.520678 3.768759
v 1.547602 7.536993 3.724268
v 1.692927 7.520678 3.672479
v 1.568361 7.881067 4.233269
v 1.733825 7.864803 4.173195
v 1.902284 7.881067 4.120351
v 1.932618 8.251634 4.648617
v 2.113719 8.235381 4.565251
v 1.754533 8.235358 4.739266
v 1.971590 8.705642 5.341405
v 2.185087 8.725171 5.263069
v 2.402180 8.705665 5.193417
v 2.254905 9.271802 6.108530
v 2.512155 9.291320 6.034125
v 2.757429 9.271802 5.930830
v 1.744980 9.619565 6.299159
v 3.253447 9.603524 5.703147
v 1.766357 9.611490 6.364922
v 3.252937 9.641849 5.702765
v 3.252251 9.617793 5.693523
v 1.744980 9.641850 6.299159
v 0.969655 7.978199 3.405764
v 0.968101 7.995977 3.399148
v 1.735834 7.985402 3.110047
v 1.727965 7.998451 3.087041
v 0.976012 8.008960 3.422246
v 1.735806 8.008960 3.110066
v 1.244562 8.404776 4.371151
v 1.242176 8.424280 4.361687
v 2.235305 8.412353 3.983199
v 2.222838 8.438425 3.949669
v 1.254833 8.449568 4.395673
v 2.234813 8.449568 3.983094
v 1.382299 8.698881 4.905050
v 1.369542 8.689295 4.870854
v 2.494846 8.681004 4.426669
v 2.497125 8.700056 4.436388
v 1.382299 8.721167 4.905050
v 2.484812 8.721167 4.402307
v 1.543807 9.052512 5.524056
v 1.541561 9.073038 5.513752
v 2.824518 9.061141 5.015508
v 2.811857 9.099488 4.981376
v 1.554744 9.110631 5.549142
v 2.823267 9.110631 5.014958
v 0.479245 7.447428 1.239063
v 0.514699 7.434938 1.231110
v 0.552548 7.448522 1.228944
v 0.514349 6.796628 1.235043
v 0.486209 6.809638 1.256578
v 0.542325 6.809639 1.213112
v 3.255950 9.453806 5.697870
v 3.240714 9.512083 5.690482
v 3.257170 9.395529 5.680981
v 1.755293 7.581296 3.098651
v 1.736573 7.721193 3.089290
v 1.756546 7.441399 3.077759
v 2.008234 7.860216 3.536751
v 1.992993 7.974430 3.529362
v 2.009452 7.746002 3.519862
v 2.257214 8.154267 3.968004
v 2.241977 8.248642 3.960615
v 2.258433 8.059892 3.951114
v 2.517133 8.475906 4.418183
v 2.501886 8.553934 4.410792
v 2.518349 8.397880 4.401294
v 2.852784 8.906190 4.999568
v 2.837554 8.970501 4.992187
v 2.854006 8.841880 4.982681
v 0.928727 7.171164 1.667094
v 0.915111 7.293117 1.660513
v 0.930448 7.049210 1.650657
v 1.237708 7.246327 2.202158
v 1.222662 7.387075 2.194789
v 1.238840 7.105579 2.185445
v 1.495959 7.319005 2.649471
v 1.477352 7.483979 2.640295
v 1.497322 7.154032 2.628768
v 0.992911 7.196409 1.787578
v 1.066265 7.414322 1.914419
v 1.045673 7.310558 1.850898
v 1.032897 7.055092 1.838245
v 1.070603 7.118582 1.931508
v 1.132613 7.181322 2.010963
v 0.929249 6.960535 1.667797
v 1.226137 6.813708 2.200701
v 1.242311 6.813708 2.191362
v 0.937335 6.942618 1.663128
v 1.007330 5.696929 1.812629
v 1.104449 7.601012 1.989929
v 1.228402 7.279906 2.185948
v 1.229164 7.633566 2.196686
v 1.236490 7.311133 2.181279
v 1.120623 7.601012 1.980591
v 1.279995 7.434602 2.293739
v 1.352893 7.517244 2.363995
v 1.390320 7.609860 2.484925
v 1.761062 7.927617 3.096569
v 1.745561 7.160937 3.081694
v 1.500648 7.796645 2.634147
v 1.735453 7.197268 3.087531
v 1.480431 7.796645 2.645819
v 1.542716 7.287928 2.721845
v 1.985172 7.533221 3.515370
v 2.000729 7.543797 3.523652
v 1.744733 8.004023 3.098935
v 1.760907 8.004023 3.089597
v 2.014491 8.215869 3.528819
v 2.248487 7.891760 3.952789
v 1.846821 7.506904 3.246964
v 1.998317 8.215869 3.538158
v 2.232638 7.880784 3.944013
v 2.520078 8.250566 4.404521
v 2.252153 8.448467 3.959139
v 2.503903 8.250566 4.413860
v 2.260241 8.429718 3.954470
v 2.390828 8.026930 4.209252
v 2.580937 8.487347 4.547343
v 2.586174 8.560410 4.519105
v 2.563542 8.615881 4.488902
v 2.795549 8.792587 4.891515
v 2.739395 8.871453 4.793866
v 2.756722 8.837395 4.851928
v 2.841296 9.107695 4.998241
v 3.048700 9.004741 5.338800
v 2.857470 9.107695 4.988904
v 3.047442 8.991563 5.317947
v 2.840286 8.755119 4.987309
v 3.176053 9.307322 5.578192
v 3.125093 9.334685 5.452297
v 3.151760 9.309313 5.511356
v 0.742238 7.168197 1.366928
v 0.815052 7.284636 1.457934
v 0.709409 7.053531 1.274950
v 1.238137 7.246327 2.201751
v 1.223103 7.387075 2.194371
v 1.239213 7.105579 2.184971
v 2.019499 8.200725 3.495269
v 2.777509 8.189848 2.952322
v 2.777194 8.221773 2.952366
v 2.756810 8.211265 2.923347
v 2.040394 8.221775 3.524488
v 2.024276 8.182532 3.503508
v 0.648959 7.128794 1.163211
v 0.857361 7.443613 1.003392
v 0.857361 6.813975 1.003392
v 2.777578 8.176864 2.914684
v 2.947722 8.051989 3.036640
v 0.870566 7.443613 0.990187
v 0.870566 6.813975 0.990187
v 1.337102 7.225169 1.469930
v 2.078592 6.788454 2.185877
v 2.078665 6.824084 2.185919
v 4.548190 9.276042 4.683164
v 2.052092 6.788454 2.212407
v 2.052165 6.824084 2.212449
v 0.881480 6.788221 0.987774
v 0.868229 6.824084 1.001039
v 0.854978 6.788221 1.014304
v 1.030885 7.241142 1.048952
v 0.900422 7.418685 0.983783
v 1.854523 7.823778 2.338736
v 1.779517 7.797780 2.419944
v 1.704421 7.823778 2.501035
v 1.276994 7.677279 2.186987
v 1.684524 7.654058 1.874396
v 1.684524 7.688888 1.874396
v 1.254215 7.654058 2.157312
v 1.661747 7.677279 1.844723
v 1.254215 7.688888 2.157312
v 1.102932 7.545566 1.538872
v 1.091544 7.536908 1.524036
v 1.102932 7.528250 1.538872
v 1.109187 7.167971 1.535967
v 1.138633 7.158868 1.544357
v 1.096171 7.169292 1.525410
v 1.089860 7.167281 1.535795
v 1.110794 7.174783 1.536444
v 1.099787 7.174993 1.521204
v 1.091523 6.813975 1.524062
v 1.091523 6.796628 1.524062
v 1.102911 6.805301 1.538898
v 1.389165 7.110809 2.062186
v 1.535022 7.371348 1.967122
v 1.489045 7.225006 2.003696
v 1.422648 7.381734 2.061010
v 1.520781 7.099791 1.964705
v 1.495677 7.247262 2.026896
v 1.462849 6.822650 2.008098
v 1.547406 6.796627 1.975121
v 1.386365 6.796628 2.051589
v 1.981403 7.158434 2.285834
v 1.915026 7.311933 2.305165
v 1.878599 7.466890 2.355439
v 1.653762 7.306703 2.517029
v 1.609238 7.315809 2.512256
v 1.637601 7.310184 2.517901
v 1.764255 6.822649 2.401070
v 1.764255 6.787952 2.401070
v 1.786983 6.805301 2.430693
v 1.915914 7.587481 2.981214
v 1.956186 7.716618 2.937155
v 1.871215 7.451506 2.994735
v 2.283789 7.438588 2.668671
v 2.245365 7.568610 2.711898
v 2.203516 7.705533 2.725660
v 2.597211 7.864384 3.058571
v 2.670995 7.766890 3.023842
v 2.538684 7.956980 3.125350
v 2.201660 7.856770 3.376654
v 2.179200 7.868715 3.379233
v 2.193489 7.868827 3.398103
v 2.910333 8.138678 3.440065
v 2.995522 8.067952 3.396672
v 2.850017 8.213737 3.508487
v 2.472652 8.146585 3.789752
v 2.420485 8.056890 3.841919
v 2.540061 8.235478 3.756103
v 3.260811 8.466721 3.824113
v 3.196787 8.534562 3.890529
v 3.337798 8.391723 3.783090
v 2.697026 8.384729 4.274128
v 2.838282 8.526192 4.165348
v 2.757975 8.457648 4.209730
v 3.052005 8.823052 4.833497
v 3.215727 8.937121 4.704063
v 3.123057 8.883538 4.757349
v 3.709531 8.876162 4.353408
v 3.616972 8.930633 4.406092
v 3.781481 8.817783 4.276891
v 3.714289 9.480539 5.400600
v 3.481642 9.394875 5.513245
v 3.597445 9.429413 5.450074
v 4.345863 9.410985 4.880987
v 4.147248 9.474880 5.052669
v 4.236265 9.446687 4.952773
v 2.089293 7.177852 2.824285
v 2.190431 7.164865 2.738781
v 1.991930 7.164865 2.914707
v 2.269785 7.520678 3.312507
v 2.401559 7.536992 3.231133
v 2.528531 7.520678 3.143500
v 2.553441 7.881067 3.717537
v 2.697717 7.864803 3.616682
v 2.846743 7.881067 3.522017
v 3.166257 8.246201 3.897211
v 3.017659 8.229948 4.030807
v 2.864332 8.246223 4.158238
v 3.229364 8.705642 4.683065
v 3.415304 8.725171 4.552131
v 3.607038 8.705665 4.428749
v 3.702038 9.271802 5.351330
v 3.931414 9.291320 5.213073
v 4.141448 9.271802 5.049622
v 3.258643 9.619565 5.667203
v 4.561451 9.603524 4.701080
v 3.296312 9.611490 5.725192
v 4.560860 9.641849 4.700842
v 4.557805 9.617793 4.692093
v 3.258643 9.641850 5.667203
v 1.760872 7.978199 3.073067
v 1.757658 7.995977 3.067078
v 2.424407 7.985402 2.589124
v 2.410850 7.998451 2.568938
v 1.771277 8.008960 3.087342
v 2.424385 8.008960 2.589150
v 2.276271 8.404776 3.934408
v 2.271518 8.424280 3.925884
v 3.132846 8.412353 3.303251
v 3.112127 8.438425 3.274092
v 2.292539 8.449568 3.955436
v 3.132344 8.449568 3.303277
v 2.547498 8.698881 4.414465
v 2.526325 8.689295 4.384736
v 3.498323 8.681004 3.664438
v 3.503040 8.700056 3.673235
v 2.547498 8.721167 4.414465
v 3.482324 8.721167 3.643502
v 2.863714 9.052512 4.970578
v 2.858877 9.073038 4.961206
v 3.969164 9.061141 4.147886
v 3.948101 9.099488 4.118194
v 2.880771 9.110631 4.991978
v 3.967813 9.110631 4.147680
v 0.726380 7.447428 1.107111
v 0.758570 7.434938 1.090257
v 0.794568 7.448522 1.078366
v 0.759298 6.796628 1.094207
v 0.737670 6.809639 1.122265
v 0.780624 6.809639 1.065756
v 4.562503 9.453806 4.695334
v 4.545874 9.512083 4.692141
v 4.559310 9.395529 4.678705
v 2.440253 7.581296 2.573080
v 2.419748 7.721193 2.568884
v 2.436055 7.441399 2.552575
v 2.797974 7.860216 2.930776
v 2.781329 7.974430 2.927594
v 2.794774 7.746002 2.914152
v 3.150075 8.154267 3.282905
v 3.133446 8.248642 3.279711
v 3.146882 8.059892 3.266275
v 3.517655 8.475906 3.650468
v 3.501013 8.553934 3.647279
v 3.514457 8.397880 3.633841
v 3.992348 8.906190 4.125179
v 3.975719 8.970501 4.121986
v 3.989155 8.841880 4.108550
v 1.271342 7.171164 1.404233
v 1.256483 7.293117 1.401404
v 1.268748 7.049210 1.387920
v 1.708269 7.246327 1.841096
v 1.691833 7.387075 1.837860
v 1.705034 7.105579 1.824656
v 2.073499 7.319005 2.206326
v 2.053143 7.483979 2.202279
v 2.069455 7.154032 2.185970
v 1.364520 7.196409 1.503996
v 1.468091 7.414321 1.607644
v 1.431811 7.310558 1.551566
v 1.490244 7.117954 1.609724
v 1.409787 7.055092 1.549059
v 1.550818 7.181323 1.690073
v 1.272023 6.960535 1.404778
v 1.696720 6.813708 1.842682
v 1.709926 6.813708 1.829476
v 1.278626 6.942618 1.398175
v 1.385030 5.696927 1.524364
v 1.524628 7.601012 1.670589
v 1.695090 7.279906 1.827846
v 1.698608 7.633566 1.838018
v 1.701693 7.311133 1.821243
v 1.537834 7.601012 1.657382
v 1.772774 7.434602 1.918660
v 1.861338 7.517244 1.967689
v 1.928712 7.609860 2.074888
v 2.445364 7.927617 2.569498
v 2.426463 7.160937 2.559220
v 2.074062 7.796645 2.190311
v 2.418210 7.197268 2.567474
v 2.057555 7.796645 2.206818
v 2.137601 7.287934 2.263929
v 2.770154 7.533220 2.916103
v 2.787324 7.543797 2.920076
v 2.430126 8.004023 2.576088
v 2.443332 8.004023 2.562882
v 2.801955 8.215869 2.921506
v 3.137709 7.891760 3.270466
v 2.567092 7.506927 2.692628
v 2.788749 8.215869 2.934712
v 3.120128 7.880784 3.266091
v 3.516962 8.250566 3.636514
v 3.142894 8.448467 3.275651
v 3.503755 8.250566 3.649720
v 3.149496 8.429718 3.269048
v 3.341752 8.026931 3.481176
v 3.612722 8.487238 3.758564
v 3.610410 8.560282 3.729971
v 3.580712 8.615826 3.706768
v 3.909168 8.792413 4.035416
v 3.829357 8.871145 3.955832
v 3.861262 8.837365 4.007485
v 3.980901 9.107695 4.126866
v 4.269381 9.004741 4.402140
v 3.994108 9.107695 4.113660
v 4.262769 8.991563 4.382322
v 3.977114 8.755131 4.116551
v 4.454351 9.307048 4.600329
v 4.372479 9.334573 4.492029
v 4.413470 9.309056 4.542181
v 1.013459 7.168197 1.162617
v 1.107209 7.284636 1.231814
v 0.957874 7.053531 1.082339
v 1.708584 7.246327 1.840592
v 1.692156 7.387075 1.837359
v 1.705279 7.105579 1.824110
v 2.798108 8.200725 2.887802
v 3.389765 8.189848 2.167169
v 3.389472 8.221773 2.167292
v 3.362272 8.211265 2.144538
v 2.825854 8.221775 2.910618
v 2.804854 8.182532 2.894524
v 0.870683 7.128794 0.989927
v 1.030623 7.443613 0.781617
v 1.030623 6.813975 0.781617
v 3.380090 8.176864 2.130795
v 3.541016 8.060724 2.249976
v 1.039961 7.443613 0.765444
v 1.039961 6.813975 0.765444
v 1.614770 7.225169 1.108089
v 2.516293 6.788454 1.607732
v 2.516374 6.824084 1.607754
v 5.548086 9.276042 3.380747
v 2.497561 6.788454 1.640216
v 2.497642 6.824084 1.640239
v 1.049878 6.788221 0.760289
v 1.040512 6.824084 0.776531
v 1.031146 6.788221 0.792774
v 1.183161 7.245225 0.809222
v 1.051404 7.418398 0.779149
v 2.206692 7.806446 1.986177
v 2.287795 7.832444 1.911082
v 2.369037 7.806446 1.836093
v 1.742295 7.677279 1.816273
v 2.055035 7.654058 1.408857
v 2.055035 7.688888 1.408857
v 1.712612 7.654058 1.793505
v 2.025353 7.677279 1.386090
v 1.712612 7.688888 1.793505
v 1.406422 7.536908 1.235294
v 1.391581 7.545566 1.223911
v 1.391581 7.528250 1.223911
v 1.411769 7.167870 1.230657
v 1.442266 7.158877 1.231331
v 1.396609 7.169266 1.224132
v 1.392991 7.167243 1.235796
v 1.413437 7.174749 1.231037
v 1.398815 7.174945 1.219164
v 1.427569 6.809639 1.177018
v 1.398905 6.796628 1.229570
v 1.370370 6.809639 1.282221
v 1.818287 7.110839 1.666713
v 1.934527 7.371410 1.537172
v 1.899503 7.225032 1.584263
v 1.850441 7.381766 1.656872
v 1.920298 7.099797 1.538497
v 1.912111 7.247286 1.605002
v 1.894814 6.805301 1.610183
v 1.865194 6.822650 1.587453
v 1.865194 6.787952 1.587453
v 2.448112 7.158412 1.729395
v 2.388942 7.311912 1.765199
v 2.366867 7.466891 1.823173
v 2.191613 7.306690 2.037475
v 2.147387 7.315791 2.044380
v 2.176256 7.310172 2.042523
v 2.268360 6.822649 1.896948
v 2.268360 6.787952 1.896948
v 2.297980 6.805301 1.919678
v 2.564954 7.587511 2.418115
v 2.592579 7.716586 2.365062
v 2.525230 7.451484 2.442565
v 2.839590 7.438605 2.021025
v 2.813532 7.568615 2.072656
v 2.776739 7.705575 2.096727
v 3.243123 7.864369 2.316499
v 3.305379 7.766801 2.263978
v 3.204028 7.956951 2.396295
v 2.943314 7.856809 2.726118
v 2.922005 7.868824 2.734341
v 2.940791 7.868811 2.748708
v 3.644191 8.138452 2.604127
v 3.715333 8.067877 2.540033
v 3.603501 8.213582 2.685629
v 3.266973 8.057783 3.113754
v 3.366168 8.231261 2.997751
v 3.326463 8.145700 3.064883
v 4.082055 8.466356 2.884361
v 4.037892 8.534698 2.965004
v 4.145543 8.391824 2.824186
v 3.654088 8.384559 3.464575
v 3.762445 8.525907 3.322890
v 3.696307 8.457396 3.386533
v 4.141785 8.822953 3.913135
v 4.266447 8.937084 3.745789
v 4.190775 8.883428 3.821239
v 4.652893 8.876286 3.279397
v 4.577228 8.930641 3.354389
v 4.702560 8.817797 3.186910
v 4.928369 9.480321 4.289534
v 4.732716 9.395118 4.458699
v 4.828754 9.429376 4.368031
v 5.403756 9.410915 3.624160
v 5.256549 9.474917 3.841491
v 5.316521 9.446822 3.721809
v 2.691686 7.177852 2.221483
v 2.767260 7.164865 2.112726
v 2.621088 7.164865 2.334058
v 2.992313 7.531553 2.646297
v 3.092321 7.515239 2.528821
v 3.198467 7.531553 2.416054
v 3.372002 7.870225 2.964777
v 3.491543 7.886489 2.834839
v 3.604782 7.870225 2.700066
v 3.894418 8.251634 3.141802
v 4.009568 8.235381 2.979050
v 3.785507 8.235358 3.309342
v 4.274530 8.718677 3.722263
v 4.427634 8.699147 3.553336
v 4.573403 8.718653 3.378780
v 4.903093 9.271802 4.244681
v 5.088338 9.291320 4.051360
v 5.249442 9.271802 3.839525
v 4.557168 9.619565 4.665015
v 5.565533 9.603524 3.394620
v 4.608562 9.611490 4.711279
v 5.564899 9.641849 3.394544
v 5.559684 9.617793 3.386884
v 4.557168 9.641850 4.665015
v 2.439018 7.978199 2.546924
v 2.434365 7.995977 2.541970
v 2.954691 7.985402 1.907735
v 2.936372 7.998451 1.891746
v 2.452765 8.008960 2.558019
v 2.954676 8.008960 1.907766
v 3.159788 8.404776 3.245520
v 3.152991 8.424280 3.238518
v 3.823822 8.412353 2.414171
v 3.796261 8.438425 2.391368
v 3.180944 8.449568 3.261621
v 3.823343 8.449568 2.414327
v 3.546021 8.698881 3.639021
v 3.517875 8.689295 3.615786
v 4.270326 8.681004 2.668458
v 4.277160 8.700056 2.675735
v 3.546021 8.721167 3.639021
v 4.249454 8.721167 2.652377
v 3.995395 9.052512 4.094343
v 3.988298 9.073038 4.086542
v 4.850250 9.061141 3.013570
v 4.822220 9.099488 2.990343
v 4.017410 9.110631 4.110600
v 4.848891 9.110631 3.013721
v 0.930959 7.439820 0.915709
v 0.962636 7.452321 0.894892
v 0.989381 7.438748 0.870293
v 0.959185 6.796628 0.894548
v 0.945665 6.809639 0.927332
v 0.972531 6.809638 0.861632
v 5.565062 9.453806 3.388799
v 5.548172 9.512083 3.390018
v 5.557673 9.395529 3.373562
v 2.965845 7.581296 1.888137
v 2.944952 7.721193 1.889391
v 2.956484 7.441399 1.869417
v 3.403943 7.860216 2.141074
v 3.387055 7.974430 2.142294
v 3.396555 7.746002 2.125838
v 3.835198 8.154267 2.390059
v 3.818308 8.248642 2.391278
v 3.827808 8.059892 2.374822
v 4.285374 8.475906 2.649968
v 4.268485 8.553934 2.651187
v 4.277985 8.397880 2.634732
v 4.866765 8.906190 2.985626
v 4.849879 8.970501 2.986857
v 4.859378 8.841880 2.970395
v 1.534243 7.171164 1.061655
v 1.519159 7.293117 1.062762
v 1.527513 7.049210 1.046566
v 2.069357 7.246327 1.370540
v 2.052638 7.387075 1.371678
v 2.061979 7.105579 1.355503
v 2.516664 7.319005 1.628797
v 2.495958 7.483979 1.630161
v 2.507491 7.154032 1.610190
v 1.650145 7.196409 1.133769
v 1.776963 7.414321 1.207163
v 1.727388 7.310559 1.162416
v 1.798893 7.117954 1.203450
v 1.705484 7.055092 1.165664
v 1.878203 7.181323 1.265378
v 1.535043 6.960535 1.062004
v 2.058607 6.813708 1.375067
v 2.067945 6.813708 1.358893
v 1.539712 6.942618 1.053917
v 1.675084 5.696937 1.148390
v 1.847837 7.601012 1.253379
v 2.053193 7.279906 1.361158
v 2.059258 7.633566 1.370015
v 2.057862 7.311133 1.353071
v 1.857175 7.601012 1.237204
v 2.151749 7.434602 1.428746
v 2.249978 7.517244 1.453194
v 2.342890 7.609860 1.539149
v 2.969870 7.927617 1.883328
v 2.948938 7.160937 1.878318
v 2.513064 7.796645 1.613187
v 2.943102 7.197268 1.888427
v 2.501391 7.796645 1.633404
v 2.593610 7.287999 1.667778
v 3.373286 7.533220 2.134087
v 3.390900 7.543797 2.133481
v 2.956842 8.004023 1.893664
v 2.966180 8.004023 1.877489
v 3.405402 8.215869 2.131075
v 3.820032 7.891760 2.381245
v 3.119248 7.506940 1.970896
v 3.396064 8.215869 2.147249
v 3.801918 7.880784 2.381569
v 4.281104 8.250566 2.636662
v 3.826383 8.448468 2.384911
v 4.271765 8.250566 2.652835
v 3.831052 8.429718 2.376824
v 4.071635 8.026908 2.531994
v 4.405123 8.487284 2.729971
v 4.395552 8.560379 2.702934
v 4.360870 8.615850 2.688060
v 4.763266 8.792496 2.920410
v 4.665536 8.871218 2.864255
v 4.709754 8.837494 2.905891
v 4.856146 9.107695 2.990230
v 5.206043 9.004741 3.181460
v 4.865485 9.107695 2.974056
v 5.194526 8.991563 3.164028
v 4.849794 8.755132 2.981288
v 5.435994 9.307000 3.325020
v 5.328931 9.334637 3.241564
v 5.381450 9.309105 3.279489
v 1.222606 7.168198 0.895027
v 1.331188 7.284636 0.937401
v 1.148267 7.053532 0.831646
v 2.069525 7.246327 1.369977
v 2.052817 7.387075 1.371104
v 2.062066 7.105579 1.354911
v 3.392962 8.200725 2.099515
v 3.777947 8.189848 1.250305
v 3.777695 8.221773 1.250500
v 3.745532 8.211265 1.235561
v 3.425669 8.221775 2.114373
v 3.401220 8.182532 2.104263
v 1.040010 7.128794 0.765164
v 1.140583 7.443613 0.522555
v 1.140583 6.813975 0.522556
v 3.759187 8.176864 1.217674
v 3.957877 8.054042 1.267465
v 1.145416 7.443613 0.504517
v 1.145416 6.813975 0.504517
v 1.789324 7.225169 0.686691
v 2.789443 6.788454 0.936002
v 2.789528 6.824084 0.936002
v 6.176822 9.276042 1.863918
v 2.779758 6.788454 0.972228
v 2.779842 6.824084 0.972228
v 1.153661 6.788221 0.496970
v 1.148819 6.824084 0.515083
v 1.143976 6.788221 0.533197
v 1.262942 7.244602 0.633383
v 1.168802 7.418809 0.481114
v 2.671721 7.823778 1.180374
v 2.647274 7.797780 1.288167
v 2.622878 7.823778 1.395980
v 2.095794 7.677279 1.337762
v 2.292430 7.654058 0.863285
v 2.292430 7.688888 0.863285
v 2.061229 7.654058 1.323453
v 2.257868 7.677279 0.848977
v 2.061229 7.688888 1.323453
v 1.621009 7.545566 0.863515
v 1.603727 7.536908 0.856361
v 1.621009 7.528250 0.863515
v 1.625006 7.167963 0.857868
v 1.654685 7.158882 0.850452
v 1.608495 7.169303 0.855293
v 1.608155 7.167294 0.867361
v 1.626645 7.174801 0.857459
v 1.609480 7.175000 0.849783
v 1.626581 6.809639 0.801845
v 1.612704 6.796628 0.860112
v 1.598560 6.809639 0.918268
v 2.130496 7.110828 1.173612
v 2.209241 7.371408 1.018415
v 2.187601 7.225029 1.072966
v 2.158910 7.381806 1.155695
v 2.195881 7.099813 1.023370
v 2.205066 7.247261 1.089752
v 2.189975 6.822650 1.099303
v 2.155481 6.805301 1.085014
v 2.189975 6.787952 1.099303
v 2.755212 7.158422 1.071188
v 2.707435 7.311929 1.121104
v 2.701062 7.466880 1.182897
v 2.587007 7.306693 1.435127
v 2.546159 7.315786 1.453248
v 2.573521 7.310183 1.444022
v 2.624841 6.822649 1.279544
v 2.624841 6.787952 1.279544
v 2.659336 6.805301 1.293834
v 3.046277 7.587490 1.706165
v 3.059233 7.716578 1.647804
v 3.014269 7.451473 1.740100
v 3.208602 7.438591 1.251532
v 3.196818 7.568607 1.308144
v 3.167504 7.705566 1.340919
v 3.674998 7.864411 1.432453
v 3.721446 7.766830 1.365590
v 3.657837 7.956953 1.519693
v 3.491491 7.856710 1.905647
v 3.472818 7.868774 1.919092
v 3.494738 7.868669 1.927981
v 4.136871 8.138465 1.606541
v 4.189128 8.067847 1.526318
v 4.118832 8.213619 1.695840
v 3.932431 8.146474 2.127755
v 3.912981 8.057032 2.199155
v 3.974184 8.235590 2.065244
v 4.632260 8.466483 1.763778
v 4.610348 8.534595 1.853231
v 4.678271 8.391758 1.689481
v 4.368936 8.384516 2.435007
v 4.437236 8.525907 2.270266
v 4.389775 8.457197 2.348682
v 4.956113 8.822959 2.742095
v 5.033279 8.937179 2.548258
v 4.979787 8.883429 2.640706
v 5.285575 8.876196 1.997624
v 5.231792 8.930650 2.089552
v 5.309602 8.817767 1.895398
v 5.813716 9.480267 2.902248
v 5.668471 9.394632 3.116093
v 5.737484 9.429292 3.003682
v 6.100533 9.410510 2.136590
v 6.014469 9.474710 2.384497
v 6.041329 9.446372 2.253433
v 3.117587 7.177852 1.483393
v 3.162436 7.164865 1.358781
v 3.078555 7.164865 1.610414
v 3.518023 7.520678 1.815966
v 3.591381 7.536992 1.679577
v 3.657523 7.520678 1.540197
v 3.966611 7.881067 2.025079
v 4.041133 7.864803 1.865598
v 4.122837 7.881067 1.709093
v 4.517636 8.251634 2.061106
v 4.586736 8.235381 1.874096
v 4.455800 8.235358 2.251126
v 5.035216 8.718677 2.523485
v 5.139425 8.699147 2.320705
v 5.235047 8.718653 2.114369
v 5.777574 9.271802 2.865418
v 5.906609 9.291320 2.630797
v 6.007260 9.271802 2.384426
v 5.552061 9.619565 3.360893
v 6.197264 9.603524 1.872802
v 5.613678 9.611490 3.392279
v 6.196633 9.641849 1.872892
v 6.189615 9.617793 1.866844
v 5.552061 9.641850 3.360893
v 2.957884 7.978199 1.863192
v 2.952107 7.995977 1.859612
v 3.290551 7.985402 1.112317
v 3.268718 7.998451 1.101614
v 2.974033 8.008960 1.870351
v 3.290544 8.008960 1.112350
v 3.834904 8.404776 2.351434
v 3.826525 8.424280 2.346430
v 4.261142 8.412353 1.376549
v 4.228619 8.438425 1.361656
v 3.859506 8.449568 2.361511
v 4.260720 8.449568 1.376823
v 4.309823 8.698881 2.631563
v 4.276621 8.689295 2.616404
v 4.758246 8.681004 1.506608
v 4.766730 8.700057 1.511868
v 4.309823 8.721167 2.631563
v 4.733923 8.721167 1.496477
v 4.861729 9.052512 2.955063
v 4.852855 9.073038 2.949365
v 5.407731 9.061141 1.689865
v 5.374644 9.099488 1.674684
v 4.887202 9.110631 2.965068
v 5.406458 9.110631 1.690362
v 1.079027 7.447428 0.677876
v 1.098473 7.434938 0.647183
v 1.123704 7.448522 0.618887
v 1.100950 6.796628 0.650188
v 1.096310 6.809638 0.685325
v 1.105255 6.809639 0.614910
v 6.195303 9.453806 1.867301
v 6.179306 9.512083 1.872850
v 6.184224 9.395529 1.854496
v 3.296252 7.581296 1.090500
v 3.276396 7.721193 1.097118
v 3.282365 7.441399 1.074840
v 3.784887 7.860216 1.221430
v 3.768890 7.974430 1.226979
v 3.773808 7.746002 1.208625
v 4.265890 8.154267 1.350314
v 4.249891 8.248642 1.355863
v 4.254808 8.059892 1.337509
v 4.768002 8.475906 1.484860
v 4.751997 8.553934 1.490403
v 4.756920 8.397880 1.472053
v 5.416445 8.906190 1.658612
v 5.400457 8.970501 1.664159
v 5.405370 8.841880 1.645800
v 1.699521 7.171164 0.662707
v 1.685235 7.293117 0.667683
v 1.689112 7.049210 0.649870
v 2.296347 7.246327 0.822578
v 2.280495 7.387075 0.827991
v 2.285325 7.105579 0.809955
v 2.795260 7.319005 0.956250
v 2.775612 7.483979 0.962932
v 2.781585 7.154032 0.940652
v 1.830112 7.196410 0.702460
v 1.971606 7.414322 0.740530
v 1.912163 7.310559 0.710047
v 1.894233 7.055092 0.709943
v 1.986834 7.118582 0.749257
v 2.086873 7.181323 0.761561
v 1.700384 6.960535 0.662835
v 2.287135 6.813708 0.829722
v 2.291969 6.813708 0.811682
v 1.702801 6.942618 0.653815
v 1.857963 5.696917 0.710171
v 2.052051 7.601012 0.766731
v 2.278305 7.279906 0.817689
v 2.286447 7.633565 0.824706
v 2.280722 7.311133 0.808669
v 2.056885 7.601012 0.748691
v 2.390976 7.434602 0.857541
v 2.492199 7.517244 0.855683
v 2.604172 7.609860 0.914732
v 3.298833 7.927617 1.085046
v 3.277380 7.160937 1.085391
v 2.787737 7.796645 0.942107
v 3.274359 7.197268 1.096666
v 2.781695 7.796645 0.964656
v 2.879610 7.287962 0.974063
v 3.753467 7.533220 1.222616
v 3.770323 7.543797 1.217471
v 3.288986 8.004023 1.098168
v 3.293820 8.004023 1.080128
v 3.783708 8.215869 1.211394
v 4.248960 7.891760 1.345725
v 3.465883 7.506936 1.130586
v 3.778875 8.215869 1.229434
v 4.231547 7.880784 1.350727
v 4.760427 8.250566 1.473106
v 4.256043 8.448467 1.347623
v 4.755592 8.250566 1.491145
v 4.258460 8.429718 1.338603
v 4.530992 8.026937 1.426300
v 4.904597 8.487492 1.531053
v 4.888109 8.560262 1.507150
v 4.850679 8.615769 1.502179
v 5.299562 8.792527 1.622593
v 5.190658 8.871208 1.593455
v 5.244064 8.837384 1.622338
v 5.407385 9.107695 1.665793
v 5.794854 9.004741 1.759948
v 5.412220 9.107695 1.647753
v 5.779218 8.991563 1.746091
v 5.398925 8.755117 1.658836
v 6.054139 9.307145 1.839177
v 5.929081 9.334661 1.786333
v 5.989655 9.309131 1.809264
v 1.355377 7.168198 0.582414
v 1.471237 7.284636 0.595201
v 1.267145 7.053532 0.540515
v 2.296367 7.246327 0.821971
v 2.280514 7.387075 0.827392
v 2.285261 7.105579 0.809349
v -1.763323 8.200725 3.525716
v -0.914113 8.189848 3.910699
v -0.914309 8.221773 3.910448
v -0.899370 8.211265 3.878285
v -1.778181 8.221775 3.558422
v -1.768071 8.182532 3.533973
v -0.428972 7.128794 1.172763
v -0.186364 7.443613 1.273336
v -0.186364 6.813975 1.273336
v -0.881483 8.176864 3.891939
v -0.926571 8.053287 4.092538
v -0.168325 7.443613 1.278170
v -0.168325 6.813975 1.278170
v -0.350519 7.225169 1.922081
v -0.599810 6.788454 2.922197
v -0.599810 6.824084 2.922281
v -1.527727 9.276042 6.309574
v -0.636036 6.788454 2.912511
v -0.636036 6.824084 2.912596
v -0.160779 6.788221 1.286414
v -0.178892 6.824084 1.281572
v -0.197005 6.788221 1.276729
v -0.297180 7.243752 1.395701
v -0.172263 7.418356 1.294477
v -0.944838 7.815112 2.762788
v -0.959147 7.832444 2.797351
v -0.959147 7.797780 2.797351
v -1.001570 7.677279 2.228547
v -0.527094 7.665668 2.425183
v -0.987261 7.654058 2.193982
v -0.512785 7.654058 2.390621
v -0.512785 7.688889 2.390621
v -0.987261 7.688888 2.193982
v -0.523710 7.545566 1.745034
v -0.472694 7.532579 1.776395
v -0.574786 7.532579 1.713818
v -0.521690 7.167968 1.757766
v -0.514217 7.158853 1.787487
v -0.519033 7.169283 1.741190
v -0.531260 7.167239 1.740837
v -0.521369 7.174752 1.759385
v -0.513731 7.174929 1.742197
v -0.574823 6.800964 1.713792
v -0.523729 6.813975 1.744993
v -0.472709 6.800964 1.776375
v -0.837513 7.110853 2.263363
v -0.682175 7.371391 2.341951
v -0.736751 7.224975 2.320532
v -0.819506 7.381797 2.291632
v -0.687177 7.099809 2.328613
v -0.753579 7.247245 2.337798
v -0.753752 6.822650 2.300134
v -0.682901 6.796628 2.356842
v -0.829646 6.796628 2.255610
v -0.734964 7.158438 2.888032
v -0.784994 7.311892 2.840058
v -0.846560 7.466897 2.833622
v -1.098962 7.306679 2.719955
v -1.117084 7.315801 2.678853
v -1.107696 7.310143 2.706295
v -1.045850 6.796627 2.716277
v -0.948042 6.822649 2.768912
v -0.855955 6.796627 2.835371
v -1.369928 7.587498 3.178874
v -1.311671 7.716640 3.191778
v -1.403947 7.451495 3.146993
v -0.915371 7.438576 3.341338
v -0.971952 7.568622 3.329656
v -1.004819 7.705547 3.300365
v -1.096268 7.864354 3.807546
v -1.029363 7.766870 3.854269
v -1.183284 7.957026 3.790354
v -1.569459 7.856776 3.623992
v -1.582933 7.868687 3.605995
v -1.592215 7.868863 3.627753
v -1.270071 8.138692 4.269571
v -1.189960 8.067875 4.321553
v -1.359618 8.213678 4.251670
v -1.860297 8.057829 4.037136
v -1.722480 8.231288 4.102754
v -1.797584 8.145664 4.081906
v -1.427612 8.466466 4.765042
v -1.517118 8.534418 4.742954
v -1.353452 8.391616 4.811147
v -2.098953 8.384531 4.501991
v -1.934187 8.525967 4.570147
v -2.012638 8.457298 4.522692
v -2.405846 8.822973 5.088708
v -2.211969 8.937120 5.165869
v -2.304428 8.883410 5.112356
v -1.661413 8.876284 5.418389
v -1.753400 8.930690 5.364692
v -1.559223 8.817800 5.442432
v -2.566190 9.480791 5.946309
v -2.779869 9.394691 5.801107
v -2.667225 9.429537 5.869481
v -1.800165 9.411147 6.233319
v -2.048108 9.475074 6.147061
v -1.917105 9.446822 6.174191
v -1.022812 7.173523 3.295727
v -1.149816 7.160537 3.256653
v -1.274406 7.173523 3.211752
v -1.479962 7.520678 3.651229
v -1.343622 7.536993 3.724706
v -1.204240 7.520678 3.790842
v -1.689033 7.870225 4.099717
v -1.532561 7.886489 4.181500
v -1.373066 7.870225 4.255988
v -1.724926 8.251634 4.650418
v -1.537913 8.235381 4.719512
v -1.914942 8.235358 4.588572
v -2.187266 8.718677 5.167904
v -1.984475 8.699147 5.272086
v -1.778143 8.718653 5.367719
v -2.529353 9.271802 5.910631
v -2.294848 9.291320 6.039948
v -2.048361 9.271802 6.140317
v -3.024701 9.619565 5.684813
v -1.536610 9.603524 6.330017
v -3.056087 9.611490 5.746431
v -1.536701 9.641849 6.329385
v -1.530651 9.617793 6.322366
v -3.024701 9.641850 5.684813
v -1.527001 7.978199 3.090637
v -1.523420 7.995977 3.084859
v -0.776126 7.985402 3.423305
v -0.765422 7.998451 3.401471
v -1.534160 8.008960 3.106786
v -0.776159 8.008960 3.423297
v -2.015243 8.404776 3.967657
v -2.010238 8.424280 3.959278
v -1.040357 8.412353 4.393895
v -1.025465 8.438425 4.361371
v -2.025320 8.449568 3.992259
v -1.040632 8.449568 4.393473
v -2.295372 8.698881 4.442575
v -2.280212 8.689295 4.409374
v -1.170416 8.681004 4.890999
v -1.175676 8.700057 4.899483
v -2.295372 8.721167 4.442575
v -1.160285 8.721167 4.866676
v -2.618872 9.052512 4.994483
v -2.613174 9.073038 4.985609
v -1.353673 9.061141 5.540483
v -1.338492 9.099488 5.507397
v -2.628877 9.110631 5.019955
v -1.354171 9.110631 5.539210
v -0.341652 7.447428 1.211702
v -0.310958 7.434938 1.231144
v -0.282670 7.448522 1.256394
v -0.314021 6.796628 1.233763
v -0.349144 6.809638 1.229089
v -0.278730 6.809639 1.238034
v -1.531109 9.453806 6.328055
v -1.536658 9.512083 6.312058
v -1.518304 9.395529 6.316976
v -0.754308 7.581296 3.429005
v -0.760926 7.721193 3.409148
v -0.738649 7.441399 3.415118
v -0.885238 7.860216 3.917640
v -0.890787 7.974430 3.901643
v -0.872434 7.746002 3.906561
v -1.014122 8.154267 4.398642
v -1.019671 8.248642 4.382643
v -1.001318 8.059892 4.387561
v -1.148654 8.475906 4.900751
v -1.154211 8.553934 4.884751
v -1.135853 8.397880 4.889670
v -1.322425 8.906190 5.549206
v -1.327970 8.970501 5.533209
v -1.309612 8.841880 5.538129
v -0.326515 7.171164 1.832274
v -0.331491 7.293117 1.817991
v -0.313681 7.049210 1.821871
v -0.486383 7.246327 2.429096
v -0.491802 7.387075 2.413245
v -0.473764 7.105579 2.418079
v -0.620067 7.319005 2.928010
v -0.626738 7.483979 2.908351
v -0.604464 7.154032 2.914325
v -0.366304 7.196410 1.962857
v -0.404167 7.414322 2.104404
v -0.373834 7.310559 2.044921
v -0.373744 7.055092 2.026988
v -0.413060 7.118582 2.119588
v -0.425363 7.181323 2.219628
v -0.326643 6.960535 1.833137
v -0.493531 6.813708 2.419888
v -0.475491 6.813708 2.424722
v -0.317623 6.942618 1.835554
v -0.373680 5.696917 1.990797
v -0.430540 7.601012 2.184804
v -0.481497 7.279906 2.411058
v -0.488580 7.633565 2.419182
v -0.472477 7.311133 2.413476
v -0.412500 7.601012 2.189638
v -0.521213 7.434602 2.523766
v -0.519423 7.517245 2.624970
v -0.578471 7.609860 2.736945
v -0.748835 7.927617 3.431592
v -0.749199 7.160937 3.410134
v -0.605915 7.796645 2.920490
v -0.760474 7.197268 3.407113
v -0.628464 7.796645 2.914448
v -0.637864 7.287912 3.012315
v -0.886424 7.533221 3.886220
v -0.881279 7.543797 3.903076
v -0.761977 8.004023 3.421739
v -0.743936 8.004023 3.426573
v -0.875202 8.215869 3.916461
v -1.009534 7.891760 4.381713
v -0.794761 7.506929 3.598537
v -0.893242 8.215869 3.911628
v -1.014536 7.880784 4.364300
v -1.136914 8.250566 4.893179
v -1.011432 8.448467 4.388796
v -1.154953 8.250566 4.888346
v -1.002411 8.429718 4.391212
v -1.090360 8.026919 4.663672
v -1.194750 8.487291 5.037183
v -1.171154 8.560390 5.020934
v -1.165847 8.615920 4.983617
v -1.285988 8.792396 5.432358
v -1.257020 8.871073 5.323405
v -1.285878 8.837357 5.376874
v -1.329602 9.107695 5.540139
v -1.423756 9.004741 5.927607
v -1.311562 9.107695 5.544972
v -1.409899 8.991563 5.911972
v -1.322664 8.755130 5.531675
v -1.502916 9.307180 6.186918
v -1.450362 9.334827 6.061812
v -1.473225 9.308966 6.122328
v -0.246099 7.168197 1.488163
v -0.259115 7.284636 1.603961
v -0.204186 7.053532 1.399934
v -0.485789 7.246327 2.429117
v -0.491201 7.387075 2.413268
v -0.473162 7.105579 2.418012
v -2.551610 8.200725 2.930861
v -1.830977 8.189848 3.522519
v -1.831101 8.221773 3.522225
v -1.808346 8.211265 3.495025
v -2.574427 8.221775 2.958607
v -2.558333 8.182532 2.937608
v -0.653735 7.128794 1.003437
v -0.445425 7.443613 1.163376
v -0.445425 6.813975 1.163377
v -1.794603 8.176864 3.512843
v -1.904356 8.056452 3.683485
v -0.429252 7.443613 1.172714
v -0.429252 6.813975 1.172714
v -0.771901 7.225169 1.747517
v -1.271540 6.788454 2.649046
v -1.271562 6.824084 2.649127
v -3.044556 9.276042 5.680839
v -1.304025 6.788454 2.630314
v -1.304047 6.824084 2.630396
v -0.424097 6.788221 1.182631
v -0.440339 6.824084 1.173266
v -0.456582 6.788221 1.163900
v -0.513317 7.246297 1.291019
v -0.416171 7.418670 1.199431
v -1.563531 7.832444 2.405740
v -1.563531 7.797780 2.405740
v -1.586298 7.815112 2.435421
v -1.480081 7.677279 1.875048
v -1.072665 7.654058 2.187788
v -1.072665 7.688888 2.187788
v -1.457314 7.654058 1.845365
v -1.049899 7.677279 2.158107
v -1.457314 7.688888 1.845365
v -0.899157 7.536908 1.539246
v -0.887774 7.545566 1.524406
v -0.887774 7.528250 1.524406
v -0.894569 7.167898 1.544563
v -0.895205 7.158882 1.575090
v -0.887982 7.169282 1.529363
v -0.899607 7.167238 1.525729
v -0.894848 7.174751 1.546197
v -0.883038 7.174924 1.531585
v -0.840817 6.809638 1.560311
v -0.893364 6.796628 1.531639
v -0.946021 6.809639 1.503112
v -1.330591 7.110844 1.951118
v -1.200989 7.371379 2.067376
v -1.248257 7.225025 2.032516
v -1.320656 7.381750 1.983120
v -1.202273 7.099779 2.052959
v -1.268785 7.247268 2.044783
v -1.343681 6.813975 1.975214
v -1.182678 6.813975 2.051736
v -1.263435 6.787952 2.013816
v -1.393157 7.158413 2.580807
v -1.429020 7.311935 2.521842
v -1.487093 7.466870 2.499647
v -1.701355 7.306691 2.324454
v -1.708201 7.315818 2.280010
v -1.706201 7.310148 2.308974
v -1.649148 6.796627 2.334781
v -1.568353 6.822649 2.411011
v -1.496548 6.796627 2.498965
v -2.081914 7.587518 2.697664
v -2.028964 7.716653 2.725212
v -2.106504 7.451516 2.658038
v -1.684728 7.438632 2.972305
v -1.736447 7.568620 2.946280
v -1.760471 7.705567 2.909379
v -1.980300 7.864332 3.375775
v -1.927747 7.766859 3.438226
v -2.059882 7.957004 3.336622
v -2.389911 7.856791 3.076092
v -2.398124 7.868810 3.054761
v -2.412479 7.868785 3.073558
v -2.267911 8.138442 3.776896
v -2.203980 8.067766 3.848079
v -2.349594 8.213576 3.736448
v -2.777653 8.057810 3.399800
v -2.661607 8.231236 3.499027
v -2.728773 8.145700 3.459325
v -2.548043 8.466607 4.214943
v -2.628822 8.534366 4.170264
v -2.488584 8.391598 4.278795
v -3.128503 8.384634 3.786908
v -2.986821 8.526002 3.895246
v -3.050452 8.457491 3.829091
v -3.576858 8.823003 4.274389
v -3.409519 8.937145 4.399052
v -3.484994 8.883488 4.323413
v -2.943356 8.876064 4.785674
v -3.018213 8.930420 4.709831
v -2.850740 8.817752 4.835308
v -3.953326 9.480400 5.061059
v -4.122403 9.394925 4.865455
v -4.031524 9.429373 4.961143
v -3.287991 9.410843 5.536496
v -3.505159 9.474877 5.389072
v -3.385626 9.446577 5.449129
v -1.885538 7.177852 2.824762
v -1.776777 7.164865 2.900330
v -1.998060 7.164865 2.754094
v -2.310251 7.520677 3.125256
v -2.197534 7.536992 3.231465
v -2.080023 7.520678 3.331429
v -2.628510 7.870225 3.504657
v -2.498559 7.886489 3.624181
v -2.363779 7.870225 3.737412
v -2.805500 8.251634 4.027029
v -2.642746 8.235381 4.142175
v -2.973060 8.235358 3.918144
v -3.385916 8.705642 4.407082
v -3.211328 8.725171 4.552809
v -3.042492 8.705665 4.706033
v -3.908619 9.271802 5.036016
v -3.715409 9.291320 5.221405
v -3.503464 9.271802 5.382365
v -4.328823 9.619565 4.689920
v -3.058429 9.603524 5.698286
v -4.375087 9.611490 4.741315
v -3.058352 9.641849 5.697652
v -3.050692 9.617793 5.692437
v -4.328823 9.641850 4.689920
v -2.210732 7.978199 2.571772
v -2.205779 7.995977 2.567118
v -1.571544 7.985402 3.087445
v -1.555555 7.998451 3.069125
v -2.221828 8.008960 2.585518
v -1.571574 8.008960 3.087430
v -2.909329 8.404776 3.292542
v -2.902326 8.424280 3.285744
v -2.077980 8.412353 3.956575
v -2.055176 8.438425 3.929014
v -2.925429 8.449568 3.313698
v -2.078135 8.449568 3.956096
v -3.302830 8.698881 3.678775
v -3.279594 8.689295 3.650629
v -2.332266 8.681004 4.403079
v -2.339543 8.700056 4.409913
v -3.302830 8.721167 3.678775
v -2.316185 8.721167 4.382208
v -3.758151 9.052512 4.128149
v -3.750350 9.073038 4.121051
v -2.677379 9.061141 4.983003
v -2.654151 9.099488 4.954973
v -3.774407 9.110631 4.150163
v -2.677530 9.110631 4.981645
v -0.579437 7.447428 1.063608
v -0.554822 7.434938 1.090334
v -0.534038 7.448522 1.122052
v -0.558548 6.796628 1.092187
v -0.591238 6.809639 1.078547
v -0.525538 6.809639 1.105412
v -3.052607 9.453806 5.697815
v -3.053826 9.512083 5.680926
v -3.037370 9.395529 5.690427
v -1.551946 7.581296 3.098598
v -1.553199 7.721193 3.077705
v -1.533225 7.441399 3.089237
v -1.804882 7.860216 3.536697
v -1.806102 7.974430 3.519808
v -1.789646 7.746002 3.529309
v -2.053867 8.154267 3.967951
v -2.055086 8.248642 3.951061
v -2.038631 8.059892 3.960562
v -2.313771 8.475906 4.418132
v -2.314996 8.553934 4.401238
v -2.298538 8.397880 4.410742
v -2.649434 8.906190 4.999519
v -2.650665 8.970501 4.982633
v -2.634203 8.841880 4.992131
v -0.725463 7.171164 1.666996
v -0.726576 7.293117 1.651908
v -0.710373 7.049210 1.660264
v -1.034357 7.246327 2.202112
v -1.035487 7.387075 2.185394
v -1.019310 7.105579 2.194729
v -1.292611 7.319005 2.649418
v -1.293969 7.483979 2.628698
v -1.273998 7.154032 2.640239
v -0.797655 7.196410 1.782852
v -0.871169 7.414322 1.909602
v -0.826250 7.310559 1.860126
v -0.821712 7.055092 1.842717
v -0.883593 7.118582 1.922022
v -0.921428 7.181323 2.015435
v -0.725812 6.960535 1.667796
v -1.038875 6.813708 2.191360
v -1.022701 6.813708 2.200698
v -0.717725 6.942618 1.672465
v -0.812364 5.696928 1.807736
v -0.917186 7.601012 1.980590
v -1.024966 7.279906 2.185946
v -1.033922 7.633566 2.191952
v -1.016879 7.311133 2.190615
v -0.901012 7.601012 1.989928
v -1.092646 7.434602 2.284449
v -1.117037 7.517244 2.382712
v -1.203164 7.609860 2.475523
v -1.547266 7.927617 3.102548
v -1.542126 7.160937 3.081692
v -1.276995 7.796645 2.645817
v -1.552235 7.197268 3.075855
v -1.297213 7.796645 2.634144
v -1.331983 7.287948 2.726079
v -1.797896 7.533221 3.506039
v -1.797289 7.543797 3.523653
v -1.557472 8.004023 3.089594
v -1.541298 8.004023 3.098933
v -1.794883 8.215869 3.538155
v -2.045053 7.891760 3.952786
v -1.634742 7.506936 3.251976
v -1.811057 8.215869 3.528817
v -2.045378 7.880784 3.934671
v -2.300470 8.250566 4.413857
v -2.048720 8.448467 3.959136
v -2.316644 8.250566 4.404518
v -2.040632 8.429718 3.963805
v -2.195797 8.026955 4.204406
v -2.393785 8.487310 4.537902
v -2.366820 8.560494 4.528385
v -2.351821 8.615932 4.493741
v -2.584121 8.792503 4.896080
v -2.528025 8.871194 4.798298
v -2.569697 8.837540 4.842535
v -2.654037 9.107695 4.988900
v -2.845268 9.004741 5.338796
v -2.637864 9.107695 4.998239
v -2.827836 8.991563 5.327280
v -2.644950 8.755124 4.982631
v -2.988795 9.307161 5.568808
v -2.905431 9.334812 5.461696
v -2.943306 9.309142 5.514207
v -0.558737 7.168197 1.355417
v -0.601131 7.284636 1.463987
v -0.495470 7.053532 1.281012
v -1.033785 7.246327 2.202278
v -1.034915 7.387075 2.185575
v -1.018718 7.105579 2.194822
v -3.159077 8.200725 2.152252
v -2.616131 8.189848 2.910263
v -2.616174 8.221773 2.909947
v -2.587156 8.211265 2.889563
v -3.188297 8.221775 2.173148
v -3.167316 8.182532 2.157029
v -0.827016 7.128794 0.781709
v -0.667200 7.443613 0.990114
v -0.667200 6.813975 0.990114
v -2.578492 8.176864 2.910331
v -2.658155 8.060540 3.112226
v -0.653995 7.443613 1.003319
v -0.653995 6.813975 1.003319
v -1.133731 7.225169 1.469863
v -1.849685 6.788454 2.211346
v -1.849727 6.824084 2.211419
v -4.346972 9.276042 4.680943
v -1.876215 6.788454 2.184845
v -1.876257 6.824084 2.184918
v -0.651582 6.788221 1.014233
v -0.664847 6.824084 1.000982
v -0.678112 6.788221 0.987732
v -0.740291 7.245336 1.122530
v -0.639463 7.419105 1.040986
v -2.135111 7.806446 1.814351
v -2.083572 7.832444 1.912132
v -2.032158 7.806446 2.010009
v -1.850795 7.677279 1.409748
v -1.538204 7.654058 1.817278
v -1.538204 7.688888 1.817278
v -1.821120 7.654058 1.386968
v -1.508531 7.677279 1.794500
v -1.821120 7.688888 1.386968
v -1.195301 7.545566 1.230021
v -1.166760 7.532579 1.282657
v -1.223885 7.532579 1.177418
v -1.199659 7.167911 1.242002
v -1.208137 7.158888 1.271312
v -1.189339 7.169288 1.229026
v -1.199706 7.167191 1.222463
v -1.200366 7.174695 1.243412
v -1.185107 7.174904 1.232391
v -1.223874 6.800964 1.177353
v -1.195248 6.813975 1.229939
v -1.166731 6.800964 1.282609
v -1.726010 7.110834 1.521878
v -1.630968 7.371380 1.667737
v -1.667506 7.225033 1.621743
v -1.724719 7.381780 1.555418
v -1.628529 7.099814 1.653595
v -1.690682 7.247264 1.628418
v -1.691305 6.805301 1.610488
v -1.661684 6.822650 1.587760
v -1.661684 6.787952 1.587760
v -1.949584 7.158424 2.114073
v -1.968889 7.311924 2.047680
v -2.019171 7.466891 2.011298
v -2.180841 7.306707 1.786499
v -2.175953 7.315833 1.741805
v -2.181512 7.310163 1.770294
v -1.998485 6.813975 1.985354
v -2.080320 6.787952 1.908860
v -2.162636 6.813975 1.832724
v -2.644998 7.587483 2.048641
v -2.600931 7.716594 2.088982
v -2.658429 7.451479 2.003956
v -2.332537 7.438651 2.416761
v -2.375740 7.568618 2.378167
v -2.389369 7.705582 2.336330
v -2.722350 7.864401 2.729975
v -2.687734 7.766820 2.803680
v -2.789315 7.956970 2.671540
v -3.040345 7.856711 2.334435
v -3.042840 7.868697 2.311833
v -3.061621 7.868734 2.326195
v -3.104111 8.138469 3.042994
v -3.060795 8.067826 3.128352
v -3.172489 8.213616 2.982760
v -3.453088 8.146460 2.605205
v -3.505424 8.057049 2.552796
v -3.419876 8.235463 2.672807
v -3.487974 8.466542 3.393441
v -3.554419 8.534286 3.329350
v -3.447048 8.391538 3.470497
v -3.937792 8.384515 2.829866
v -3.829146 8.525989 2.971213
v -3.873483 8.457327 2.890980
v -4.497391 8.822982 3.184867
v -4.367926 8.937120 3.348523
v -4.421276 8.883536 3.255902
v -4.017153 8.876221 3.842271
v -4.070014 8.930584 3.749784
v -3.940646 8.817682 3.914134
v -5.064698 9.480708 3.847166
v -5.177221 9.394960 3.614473
v -5.114227 9.429605 3.730350
v -4.544862 9.411177 4.478766
v -4.716561 9.474933 4.280099
v -4.616706 9.446803 4.369181
v -2.487983 7.177852 2.221962
v -2.402486 7.164865 2.323106
v -2.578433 7.164865 2.124620
v -2.976118 7.531553 2.402387
v -2.888528 7.515239 2.529392
v -2.807067 7.531553 2.661099
v -3.381655 7.870225 2.686431
v -3.286999 7.886489 2.835464
v -3.186133 7.870225 2.979733
v -3.687670 8.251634 3.145085
v -3.560268 8.235381 3.298434
v -3.821412 8.235358 2.996598
v -4.346595 8.705642 3.361905
v -4.215667 8.725171 3.547849
v -4.092332 8.705665 3.739619
v -5.014800 9.271802 3.834532
v -4.876239 9.291320 4.063675
v -4.713092 9.271802 4.273942
v -5.331011 9.619565 3.391397
v -4.364888 9.603524 4.694204
v -5.389000 9.611489 3.429067
v -4.364650 9.641849 4.693612
v -4.355900 9.617793 4.690557
v -5.331011 9.641850 3.391397
v -2.736876 7.978199 1.893624
v -2.730887 7.995977 1.890411
v -2.252933 7.985402 2.557160
v -2.232747 7.998451 2.543603
v -2.751151 8.008960 1.904031
v -2.252958 8.008960 2.557137
v -3.598216 8.404776 2.409024
v -3.589693 8.424280 2.404271
v -2.967059 8.412353 3.265600
v -2.937900 8.438425 3.244880
v -3.619244 8.449568 2.425292
v -2.967086 8.449568 3.265097
v -4.078273 8.698881 2.680252
v -4.048544 8.689295 2.659078
v -3.328246 8.681004 3.631076
v -3.337043 8.700056 3.635793
v -4.078273 8.721167 2.680252
v -3.307310 8.721167 3.615077
v -4.634387 9.052512 2.996467
v -4.625014 9.073038 2.991631
v -3.811694 9.061141 4.101917
v -3.782003 9.099488 4.080854
v -4.655787 9.110631 3.013525
v -3.811488 9.110631 4.100566
v -0.770974 7.447371 0.859175
v -0.754123 7.434895 0.891368
v -0.742219 7.448464 0.927355
v -0.757907 6.796628 0.891967
v -0.786016 6.809639 0.870379
v -0.729507 6.809639 0.913333
v -4.359142 9.453806 4.695257
v -4.355949 9.512083 4.678628
v -4.342513 9.395529 4.692064
v -2.236889 7.581296 2.573006
v -2.232692 7.721193 2.552501
v -2.216384 7.441399 2.568809
v -2.594595 7.860216 2.930711
v -2.591402 7.974430 2.914083
v -2.577966 7.746002 2.927518
v -2.946713 8.154267 3.282829
v -2.943519 8.248642 3.266199
v -2.930084 8.059892 3.279635
v -3.314276 8.475906 3.650409
v -3.311087 8.553934 3.633767
v -3.297649 8.397880 3.647210
v -3.789000 8.906190 4.125097
v -3.785802 8.970501 4.108471
v -3.772358 8.841880 4.121909
v -1.068041 7.171164 1.404096
v -1.065216 7.293117 1.389239
v -1.051727 7.049210 1.401505
v -1.504895 7.246327 1.841031
v -1.501672 7.387075 1.824585
v -1.488462 7.105579 1.837795
v -1.870137 7.319005 2.206245
v -1.866090 7.483979 2.185899
v -1.849785 7.154032 2.202211
v -1.167625 7.196409 1.497452
v -1.271428 7.414321 1.600868
v -1.215367 7.310559 1.564571
v -1.206423 7.055092 1.548984
v -1.286742 7.118581 1.609551
v -1.347449 7.181322 1.690003
v -1.068586 6.960535 1.404776
v -1.506490 6.813708 1.829474
v -1.493284 6.813708 1.842680
v -1.061983 6.942618 1.411379
v -1.188214 5.696934 1.517745
v -1.334397 7.601012 1.657381
v -1.491654 7.279906 1.827844
v -1.501831 7.633565 1.831356
v -1.485051 7.311133 1.834447
v -1.321190 7.601012 1.670587
v -1.582441 7.434602 1.905555
v -1.631529 7.517244 1.994060
v -1.738622 7.609860 2.061539
v -2.233439 7.927617 2.577985
v -2.223028 7.160937 2.559217
v -1.854119 7.796645 2.206816
v -2.231282 7.197268 2.550963
v -1.870626 7.796645 2.190308
v -1.927595 7.287990 2.270573
v -2.579912 7.533220 2.902907
v -2.583884 7.543797 2.920077
v -2.239897 8.004023 2.562879
v -2.226691 8.004023 2.576086
v -2.585314 8.215869 2.934708
v -2.934275 7.891760 3.270462
v -2.356318 7.506909 2.699945
v -2.598520 8.215869 2.921502
v -2.929900 7.880784 3.252881
v -3.300322 8.250566 3.649715
v -2.939459 8.448467 3.275647
v -3.313528 8.250566 3.636509
v -2.932856 8.429718 3.282249
v -3.145191 8.026970 3.474312
v -3.422306 8.487183 3.745466
v -3.393824 8.560379 3.743246
v -3.370470 8.615897 3.713667
v -3.699258 8.792552 4.041986
v -3.619526 8.871176 3.962246
v -3.671340 8.837367 3.993969
v -3.790674 9.107695 4.113655
v -4.065948 9.004741 4.402134
v -3.777468 9.107695 4.126861
v -4.046130 8.991563 4.395522
v -3.780356 8.755131 4.109871
v -4.264122 9.306956 4.587090
v -4.155870 9.334573 4.505199
v -4.206041 9.308987 4.546149
v -0.826540 7.168198 1.146098
v -0.895577 7.284637 1.240008
v -0.746273 7.053531 1.090501
v -1.504393 7.246327 1.841339
v -1.501168 7.387075 1.824911
v -1.487912 7.105579 1.838036
v -3.544326 8.200725 1.242950
v -3.216068 8.189848 2.115656
v -3.216028 8.221773 2.115340
v -3.182722 8.211265 2.103162
v -3.577959 8.221775 1.255570
v -3.553522 8.182532 1.245431
v -0.937008 7.128794 0.522689
v -0.836574 7.443613 0.765355
v -0.836574 6.813975 0.765356
v -3.179730 8.176864 2.125464
v -3.360585 8.056952 2.216828
v -0.827237 7.443613 0.781528
v -0.827237 6.813975 0.781528
v -1.411384 7.225169 1.108001
v -2.294845 6.788454 1.638925
v -2.294905 6.824084 1.638985
v -5.346218 9.276042 3.378028
v -2.313612 6.788454 1.606461
v -2.313671 6.824084 1.606521
v -0.827730 6.788221 0.792695
v -0.837114 6.824084 0.776462
v -0.846498 6.788221 0.760230
v -0.981587 7.245289 0.805689
v -0.841294 7.418357 0.790722
v -2.426045 7.815112 1.282213
v -2.460603 7.832444 1.296535
v -2.460603 7.797780 1.296535
v -2.088449 7.677279 0.864354
v -1.891985 7.665668 1.338902
v -2.053889 7.654058 0.850031
v -1.857428 7.654058 1.324581
v -1.857428 7.688889 1.324581
v -2.053889 7.688888 0.850031
v -1.440001 7.541237 0.809339
v -1.377504 7.541237 0.911455
v -1.408707 7.528250 0.860378
v -1.416197 7.167898 0.870926
v -1.432002 7.158868 0.897071
v -1.402855 7.169271 0.861065
v -1.411283 7.167233 0.852144
v -1.417080 7.174696 0.872010
v -1.399451 7.175009 0.865524
v -1.400172 6.805301 0.856806
v -1.417451 6.813975 0.863966
v -1.417451 6.796628 0.863966
v -1.996949 7.110857 1.004924
v -1.942860 7.371399 1.170404
v -1.966269 7.225041 1.116547
v -2.004424 7.381754 1.037668
v -1.936788 7.099799 1.157357
v -1.990356 7.247288 1.117043
v -2.020461 6.813975 1.019322
v -1.919289 6.813975 1.166095
v -1.970311 6.787952 1.092894
v -2.366258 7.158417 1.519121
v -2.367701 7.311888 1.449881
v -2.406795 7.466885 1.401813
v -2.504639 7.306705 1.142802
v -2.488487 7.315807 1.101040
v -2.501273 7.310178 1.126986
v -2.464657 6.796627 1.177929
v -2.432735 6.822649 1.284317
v -2.414593 6.796627 1.396417
v -3.021094 7.587505 1.275931
v -2.988927 7.716612 1.326293
v -3.022513 7.451513 1.229268
v -2.814354 7.438562 1.712134
v -2.845975 7.568603 1.663799
v -2.848521 7.705562 1.619936
v -3.271871 7.864414 1.913987
v -3.257612 7.766815 1.994152
v -3.321470 7.957018 1.840283
v -3.477028 7.856778 1.449643
v -3.473301 7.868859 1.426892
v -3.495007 7.868721 1.436126
v -3.721720 8.138574 2.117663
v -3.701698 8.067867 2.211138
v -3.772185 8.213554 2.041599
v -3.945691 8.146540 1.604342
v -3.982702 8.057030 1.540293
v -3.930987 8.235484 1.678251
v -4.183445 8.466393 2.356682
v -4.231055 8.534649 2.277987
v -4.163162 8.391699 2.441660
v -4.441821 8.452912 1.781793
v -4.395084 8.525887 1.857160
v -4.463746 8.384606 1.692482
v -5.104031 8.822867 1.893945
v -5.021389 8.937038 2.085539
v -5.049007 8.883398 1.982319
v -4.811090 8.876376 2.653589
v -4.838149 8.930532 2.550441
v -4.755601 8.817886 2.742752
v -5.823388 9.480533 2.386862
v -5.871971 9.394818 2.133003
v -5.840904 9.429378 2.261195
v -5.485493 9.410738 3.131565
v -5.599277 9.474993 2.895118
v -5.525873 9.446170 3.006726
v -2.914072 7.177852 1.483948
v -2.857672 7.164865 1.603775
v -2.976264 7.164865 1.366520
v -3.432568 7.520678 1.532009
v -3.388076 7.536992 1.680355
v -3.336288 7.520678 1.825680
v -3.897419 7.870225 1.701256
v -3.844540 7.886489 1.869700
v -3.784434 7.870225 2.035151
v -4.229639 8.246201 2.246713
v -4.320289 8.229948 2.068628
v -4.403693 8.246223 1.887543
v -5.004866 8.705642 2.104200
v -4.926531 8.725171 2.317698
v -4.856946 8.705665 2.534819
v -5.772337 9.271802 2.387658
v -5.697931 9.291320 2.644908
v -5.594636 9.271802 2.890183
v -5.962966 9.619565 1.877734
v -5.366955 9.603524 3.386201
v -6.028729 9.611489 1.899111
v -5.366572 9.641849 3.385691
v -5.357333 9.617794 3.385005
v -5.962966 9.641850 1.877734
v -3.069574 7.978199 1.102409
v -3.062956 7.995977 1.100855
v -2.773856 7.985402 1.868588
v -2.750849 7.998451 1.860718
v -3.086055 8.008960 1.108765
v -2.773875 8.008960 1.868560
v -4.034959 8.404776 1.377316
v -4.025496 8.424280 1.374930
v -3.647007 8.412353 2.368059
v -3.613478 8.438425 2.355592
v -4.059481 8.449568 1.387586
v -3.646902 8.449568 2.367567
v -4.568858 8.698881 1.515053
v -4.534662 8.689295 1.502295
v -4.090478 8.681004 2.627600
v -4.100196 8.700056 2.629879
v -4.568858 8.721167 1.515053
v -4.066115 8.721167 2.617565
v -5.187864 9.052512 1.676561
v -5.177560 9.073038 1.674315
v -4.679316 9.061141 2.957272
v -4.645185 9.099488 2.944611
v -5.212950 9.110631 1.687498
v -4.678767 9.110631 2.956020
v -0.902834 7.447428 0.611983
v -0.894887 7.434938 0.647439
v -0.892722 7.448522 0.685289
v -0.898734 6.796628 0.647054
v -0.920315 6.809639 0.618933
v -0.876849 6.809639 0.675050
v -5.361679 9.453806 3.388704
v -5.354290 9.512083 3.373468
v -5.344789 9.395529 3.389924
v -2.762460 7.581296 1.888046
v -2.753099 7.721193 1.869326
v -2.741567 7.441399 1.889300
v -3.200552 7.860216 2.140988
v -3.193171 7.974430 2.125747
v -3.183667 7.746002 2.142205
v -3.631813 8.154267 2.389967
v -3.624424 8.248642 2.374730
v -3.614923 8.059892 2.391186
v -4.081989 8.475906 2.649876
v -4.074600 8.553934 2.634640
v -4.065099 8.397880 2.651096
v -4.663369 8.906190 2.985558
v -4.655995 8.970501 2.970308
v -4.646486 8.841880 2.986770
v -1.330904 7.171164 1.061487
v -1.324323 7.293117 1.047866
v -1.314471 7.049210 1.063200
v -1.865966 7.246327 1.370456
v -1.858589 7.387075 1.355415
v -1.849252 7.105579 1.371588
v -2.313279 7.319005 1.628712
v -2.304100 7.483979 1.610102
v -2.292573 7.154032 1.630076
v -1.451243 7.196409 1.125911
v -1.578293 7.414321 1.198906
v -1.514755 7.310559 1.178342
v -1.586054 7.117954 1.219734
v -1.506630 7.055092 1.157724
v -1.679348 7.181323 1.257439
v -1.331606 6.960535 1.062002
v -1.864509 6.813708 1.358891
v -1.855171 6.813708 1.375065
v -1.326937 6.942618 1.070089
v -1.476342 5.696913 1.140232
v -1.653738 7.601012 1.237202
v -1.849756 7.279906 1.361156
v -1.860470 7.633566 1.361959
v -1.845087 7.311133 1.369243
v -1.644400 7.601012 1.253377
v -1.957632 7.434602 1.412603
v -2.027853 7.517244 1.485560
v -2.148795 7.609860 1.522967
v -2.760361 7.927618 1.893845
v -2.745503 7.160937 1.878315
v -2.297955 7.796645 1.633402
v -2.751339 7.197268 1.868206
v -2.309628 7.796645 1.613184
v -2.385387 7.287947 1.675951
v -3.179179 7.533220 2.117926
v -3.187460 7.543797 2.133483
v -2.762744 8.004023 1.877487
v -2.753406 8.004023 1.893661
v -3.192628 8.215869 2.147245
v -3.616597 7.891760 2.381241
v -2.910812 7.506908 1.979509
v -3.201966 8.215869 2.131071
v -3.607821 7.880784 2.365391
v -4.068330 8.250566 2.652831
v -3.622947 8.448467 2.384907
v -4.077667 8.250566 2.636657
v -3.618279 8.429718 2.392994
v -3.872885 8.026930 2.523885
v -4.211076 8.487329 2.713793
v -4.182702 8.560246 2.718993
v -4.152705 8.615807 2.696163
v -4.555119 8.792497 2.928567
v -4.457543 8.871191 2.872116
v -4.515748 8.837401 2.889461
v -4.662050 9.107695 2.974049
v -5.002608 9.004741 3.181454
v -4.652712 9.107695 2.990224
v -4.981754 8.991563 3.180196
v -4.651144 8.755127 2.972994
v -5.241772 9.306842 3.308986
v -5.116113 9.334879 3.257919
v -5.175251 9.308984 3.284216
v -1.030823 7.168197 0.874842
v -1.121803 7.284636 0.947703
v -0.938962 7.053531 0.841810
v -1.865559 7.246327 1.370891
v -1.858188 7.387075 1.355856
v -1.848778 7.105579 1.371969
v -3.681103 8.200725 0.264921
v -3.589903 8.189848 1.192850
v -3.589783 8.221773 1.192555
v -3.554461 8.211265 1.189412
v -3.716857 8.221775 0.268406
v -3.690629 8.182532 0.264938
v -0.976207 7.128794 0.244026
v -0.942005 7.443613 0.504418
v -0.942005 6.813975 0.504417
v -3.557342 8.176864 1.211729
v -3.755180 8.061848 1.238151
v -0.937172 7.443613 0.522456
v -0.937172 6.813975 0.522456
v -1.585912 7.225169 0.686637
v -2.576684 6.788454 0.970793
v -2.576756 6.824084 0.970835
v -5.974195 9.276042 1.860883
v -2.586409 6.788454 0.934578
v -2.586482 6.824084 0.934620
v -0.940539 6.788221 0.533114
v -0.945402 6.824084 0.515006
v -0.950264 6.788221 0.496898
v -1.091947 7.245021 0.507561
v -0.947906 7.418533 0.546736
v -2.611199 7.832444 0.592293
v -2.611199 7.797780 0.592293
v -2.648285 7.815112 0.597182
v -2.176846 7.677279 0.276034
v -2.109900 7.665668 0.785260
v -2.139757 7.654058 0.271143
v -2.072813 7.654058 0.780371
v -2.072813 7.688889 0.780371
v -2.139757 7.688888 0.271143
v -1.528636 7.536908 0.449363
v -1.510092 7.545566 0.446918
v -1.510092 7.528250 0.446918
v -1.529077 7.167945 0.456262
v -1.551105 7.158945 0.477363
v -1.513724 7.169339 0.450160
v -1.519404 7.167256 0.439526
v -1.530378 7.174751 0.457309
v -1.511672 7.174981 0.455438
v -1.509986 6.813975 0.446871
v -1.509986 6.796628 0.446871
v -1.528528 6.805301 0.449316
v -2.124860 7.110896 0.435433
v -2.115354 7.371425 0.609282
v -2.124088 7.225038 0.551260
v -2.140502 7.381777 0.465223
v -2.106305 7.099841 0.598391
v -2.147582 7.247277 0.545494
v -2.139022 6.805301 0.529616
v -2.102005 6.822650 0.524743
v -2.102005 6.787952 0.524743
v -2.614550 7.158436 0.836641
v -2.598101 7.311925 0.769456
v -2.623380 7.466891 0.712795
v -2.651037 7.306692 0.437337
v -2.624647 7.315797 0.401170
v -2.643722 7.310174 0.422905
v -2.605973 6.822649 0.590985
v -2.605973 6.787952 0.590985
v -2.642990 6.805301 0.595857
v -3.184154 7.587527 0.432141
v -3.166216 7.716587 0.489230
v -3.173309 7.451480 0.386805
v -3.097477 7.438622 0.907188
v -3.115596 7.568646 0.852289
v -3.106676 7.705569 0.809178
v -3.591715 7.864389 0.983585
v -3.598478 7.766765 1.064641
v -3.620539 7.956921 0.899445
v -3.669458 7.856720 0.482060
v -3.660370 7.868694 0.461263
v -3.683802 7.868752 0.464277
v -4.078774 8.138621 1.063957
v -4.083632 8.067861 1.159371
v -4.107924 8.213580 0.977412
v -4.162405 8.146604 0.510061
v -4.181572 8.056980 0.438734
v -4.167130 8.235496 0.585286
v -4.586864 8.466287 1.175231
v -4.612659 8.534684 1.087021
v -4.589186 8.391734 1.262656
v -4.687468 8.453056 0.553007
v -4.661781 8.525940 0.637964
v -4.685404 8.384712 0.461077
v -5.356100 8.823077 0.489947
v -5.325856 8.937203 0.696422
v -5.325787 8.883608 0.589545
v -5.269275 8.876525 1.299632
v -5.269087 8.930532 1.192974
v -5.238698 8.817666 1.399936
v -6.178988 9.480667 0.779972
v -6.160116 9.394857 0.522217
v -6.163527 9.429525 0.654060
v -6.044269 9.411025 1.586752
v -6.093288 9.474954 1.328850
v -6.051497 9.446507 1.455836
v -3.135025 7.177852 0.660872
v -3.111553 7.164865 0.791212
v -3.164634 7.164865 0.531339
v -3.647648 7.531553 0.573013
v -3.635289 7.515239 0.726797
v -3.630616 7.531553 0.881592
v -4.140651 7.881067 0.616205
v -4.125452 7.864803 0.791581
v -4.117959 7.881067 0.967970
v -4.602727 8.246201 1.057092
v -4.644174 8.229948 0.861610
v -4.677859 8.246223 0.665108
v -5.315215 8.705642 0.718866
v -5.294796 8.725171 0.945362
v -5.283703 8.705665 1.173084
v -6.129516 9.271802 0.793979
v -6.124249 9.291320 1.061724
v -6.087933 9.271802 1.325373
v -6.181625 9.619565 0.252085
v -5.996341 9.603524 1.863412
v -6.250680 9.611490 0.255713
v -5.995840 9.641849 1.863017
v -5.986737 9.617793 1.864747
v -6.181625 9.641850 0.252085
v -3.186152 7.978199 0.252043
v -3.179359 7.995977 0.252255
v -3.098813 7.985402 1.068653
v -3.074553 7.998451 1.067006
v -3.203718 8.008960 0.253918
v -3.098824 8.008960 1.068621
v -4.189795 8.404776 0.267723
v -4.180037 8.424280 0.267868
v -4.071485 8.412353 1.325117
v -4.035872 8.438425 1.321753
v -4.216140 8.449568 0.271297
v -4.071256 8.449568 1.324669
v -4.741150 8.698881 0.262584
v -4.704818 8.689295 0.259111
v -4.567019 8.681004 1.461036
v -4.576996 8.700056 1.460722
v -4.741150 8.721167 0.262584
v -4.540889 8.721167 1.457649
v -5.380866 9.052512 0.258378
v -5.370332 9.073038 0.258875
v -5.221118 9.061141 1.627072
v -5.184874 9.099488 1.623676
v -5.407928 9.110631 0.262450
v -5.220264 9.110631 1.626005
v -0.966359 7.439820 0.339128
v -0.974044 7.452321 0.376248
v -0.975558 7.438748 0.412553
v -0.971505 6.796628 0.374069
v -0.985052 6.809638 0.341319
v -0.957591 6.809638 0.406772
v -5.991893 9.453806 1.867195
v -5.980813 9.512083 1.854390
v -5.975895 9.395529 1.872745
v -3.092842 7.581296 1.090398
v -3.078954 7.721193 1.074739
v -3.072985 7.441399 1.097016
v -3.581484 7.860216 1.221334
v -3.570398 7.974430 1.208523
v -3.565485 7.746002 1.226880
v -4.062479 8.154267 1.350211
v -4.051398 8.248642 1.337406
v -4.046480 8.059892 1.355760
v -4.564580 8.475906 1.484760
v -4.553505 8.553934 1.471945
v -4.548584 8.397880 1.490304
v -5.213035 8.906190 1.658505
v -5.201966 8.970501 1.645699
v -5.197042 8.841880 1.664053
v -1.496140 7.171164 0.662510
v -1.486260 7.293117 0.651062
v -1.480714 7.049210 0.668427
v -2.092936 7.246327 0.822466
v -2.081917 7.387075 0.809851
v -2.077082 7.105579 0.827893
v -2.591843 7.319005 0.956165
v -2.578167 7.483979 0.940553
v -2.572196 7.154032 0.962835
v -1.629063 7.196409 0.693543
v -1.770622 7.414320 0.731368
v -1.703951 7.310558 0.727861
v -1.688450 7.055093 0.718694
v -1.788283 7.118582 0.731018
v -1.881090 7.181324 0.770314
v -1.496947 6.960535 0.662833
v -2.088532 6.813708 0.811680
v -2.083698 6.813708 0.829719
v -1.494530 6.942618 0.671853
v -1.657096 5.696943 0.700635
v -1.853448 7.601012 0.748689
v -2.074869 7.279906 0.817686
v -2.085446 7.633566 0.815611
v -2.072452 7.311133 0.826706
v -1.848614 7.601012 0.766729
v -2.192373 7.434602 0.839501
v -2.279113 7.517244 0.891691
v -2.405558 7.609860 0.896734
v -3.092388 7.927617 1.096271
v -3.073944 7.160937 1.085387
v -2.578258 7.796645 0.964653
v -3.076965 7.197268 1.074112
v -2.584300 7.796645 0.942103
v -2.673844 7.287996 0.982874
v -3.554859 7.533220 1.204589
v -3.566885 7.543797 1.217474
v -3.090384 8.004023 1.080124
v -3.085549 8.004023 1.098165
v -3.575438 8.215869 1.229429
v -4.045523 7.891760 1.345721
v -3.259812 7.506940 1.140432
v -3.580272 8.215869 1.211389
v -4.032944 7.880784 1.332682
v -4.552156 8.250566 1.491140
v -4.052606 8.448467 1.347618
v -4.556990 8.250566 1.473100
v -4.050189 8.429718 1.356638
v -4.329987 8.026948 1.417230
v -4.705851 8.487328 1.512944
v -4.680020 8.560479 1.525286
v -4.644946 8.615932 1.511341
v -5.093733 8.792469 1.631404
v -4.984866 8.871134 1.602097
v -5.045585 8.837379 1.603817
v -5.208783 9.107695 1.647747
v -5.591417 9.004741 1.759941
v -5.203949 9.107695 1.665787
v -5.570948 8.991563 1.764123
v -5.197946 8.755128 1.649664
v -5.855603 9.307144 1.820878
v -5.720881 9.334643 1.804084
v -5.784801 9.309117 1.814532
v -1.157932 7.168197 0.560047
v -1.264732 7.284636 0.606648
v -1.060583 7.053532 0.552173
v -2.092658 7.246327 0.823004
v -2.081637 7.387075 0.810388
v -2.076730 7.105579 0.828378
v -3.560087 8.200725 -0.715183
v -3.712161 8.189848 0.204732
v -3.711968 8.221773 0.204478
v -3.677036 8.211265 0.210584
v -3.595525 8.221775 -0.721070
v -3.569292 8.182532 -0.717632
v -0.941952 7.128794 -0.035288
v -0.976308 7.443613 0.225084
v -0.976308 6.813975 0.225084
v -3.685595 8.176864 0.231396
v -3.892122 8.052031 0.265281
v -0.976308 7.443613 0.243759
v -0.976308 6.813975 0.243759
v -1.645428 7.225169 0.234421
v -2.675992 6.788454 0.252482
v -2.676075 6.824084 0.252504
v -6.188110 9.276042 0.232903
v -2.676013 6.788454 0.214984
v -2.676095 6.824084 0.215006
v -0.982319 6.788221 0.253182
v -0.982329 6.824084 0.234433
v -0.982340 6.788221 0.215683
v -1.120800 7.245247 0.230826
v -0.992892 7.418671 0.269472
v -2.625459 7.823778 -0.014023
v -2.629686 7.797780 -0.124462
v -2.634084 7.823778 -0.234924
v -2.109963 7.677279 -0.315118
v -2.177095 7.665668 0.194084
v -2.072872 7.654058 -0.310243
v -2.140007 7.654058 0.198960
v -2.140007 7.688889 0.198960
v -2.072872 7.688888 -0.310243
v -1.520931 7.541237 -0.038545
v -1.517865 7.541237 0.081139
v -1.519396 7.528250 0.021297
v -1.530784 7.167872 0.026789
v -1.557530 7.158887 0.041437
v -1.514414 7.169270 0.024855
v -1.517140 7.167232 0.012924
v -1.532502 7.174746 0.027279
v -1.513929 7.174920 0.030204
v -1.517865 6.809639 0.081118
v -1.519396 6.796628 0.021264
v -1.520931 6.809639 -0.038591
v -2.101040 7.110821 -0.147576
v -2.136894 7.371373 0.022769
v -2.130181 7.224997 -0.035539
v -2.123730 7.381814 -0.122896
v -2.125210 7.099838 0.014514
v -2.151308 7.247276 -0.047251
v -2.139047 6.805301 -0.060386
v -2.102031 6.822650 -0.055511
v -2.102031 6.787952 -0.055511
v -2.677770 7.158413 0.113032
v -2.644528 7.311915 0.052438
v -2.654352 7.466876 -0.008866
v -2.609735 7.306679 -0.281994
v -2.574816 7.315789 -0.310109
v -2.598872 7.310151 -0.294000
v -2.606076 6.805301 -0.121977
v -2.643093 6.822649 -0.126852
v -2.643093 6.787952 -0.126852
v -3.123280 7.587520 -0.425015
v -3.120677 7.716623 -0.365319
v -3.101149 7.451495 -0.466060
v -3.162508 7.438605 0.056226
v -3.165809 7.568629 -0.001494
v -3.146001 7.705576 -0.040770
v -3.659776 7.864367 0.002090
v -3.687569 7.766853 0.078767
v -3.665747 7.957009 -0.086463
v -3.604935 7.856734 -0.502436
v -3.590683 7.868731 -0.520194
v -3.614107 7.868751 -0.523291
v -4.151091 8.138506 -0.046430
v -4.180729 8.067912 0.044619
v -4.156672 8.213645 -0.137358
v -4.088405 8.146407 -0.602756
v -4.088250 8.057006 -0.676818
v -4.112691 8.235460 -0.531519
v -4.670300 8.466393 -0.070202
v -4.672383 8.534480 -0.162310
v -4.695570 8.391735 0.013513
v -4.589962 8.384616 -0.786759
v -4.613162 8.526027 -0.609951
v -4.587574 8.457389 -0.698025
v -5.236244 8.823120 -0.931365
v -5.260610 8.937376 -0.724177
v -5.232879 8.883618 -0.827317
v -5.361851 8.876323 -0.126861
v -5.333841 8.930722 -0.229621
v -5.358644 8.817791 -0.021954
v -6.106037 9.480538 -0.864110
v -6.021115 9.394988 -1.108298
v -6.058722 9.429495 -0.981806
v -6.185293 9.411232 -0.049983
v -6.165851 9.475168 -0.311777
v -6.158218 9.446707 -0.178298
v -3.135013 7.177852 -0.191377
v -3.146083 7.164865 -0.059404
v -3.130111 7.164865 -0.324163
v -3.607605 7.531554 -0.408942
v -3.635487 7.515239 -0.257202
v -3.671001 7.531553 -0.106467
v -4.094792 7.881067 -0.494794
v -4.125496 7.864803 -0.321460
v -4.163938 7.881067 -0.149145
v -4.655101 8.246201 -0.188507
v -4.644484 8.229948 -0.388047
v -4.626161 8.246223 -0.586573
v -5.255865 8.705642 -0.699626
v -5.294776 8.725171 -0.475565
v -5.343016 8.705665 -0.252732
v -6.062309 9.271802 -0.837889
v -6.126793 9.291320 -0.577940
v -6.159679 9.271802 -0.313839
v -5.972084 9.619565 -1.374764
v -6.210156 9.603524 0.229613
v -6.039724 9.611490 -1.389133
v -6.209569 9.641849 0.229362
v -6.201224 9.617793 0.233388
v -5.972084 9.641850 -1.374764
v -3.078668 7.978199 -0.599519
v -3.072162 7.995977 -0.597556
v -3.205660 7.985402 0.211871
v -3.181800 7.998451 0.216558
v -3.096120 8.008960 -0.602255
v -3.205661 8.008960 0.211837
v -4.052171 8.404776 -0.844136
v -4.042783 8.424280 -0.841470
v -4.211566 8.412353 0.207850
v -4.176296 8.438425 0.213818
v -4.078544 8.449568 -0.847502
v -4.211229 8.449568 0.207476
v -4.583410 8.698881 -0.991801
v -4.547416 8.689295 -0.985751
v -4.725394 8.681004 0.210883
v -4.734950 8.700056 0.207998
v -4.583410 8.721167 -0.991801
v -4.699278 8.721167 0.214374
v -5.200239 9.052512 -1.161434
v -5.190192 9.073038 -1.158227
v -5.400178 9.061141 0.201969
v -5.364290 9.099488 0.208069
v -5.227432 9.110631 -1.164505
v -5.399077 9.110631 0.201159
v -0.957059 7.447428 0.059122
v -0.967932 7.434884 0.093798
v -0.984917 7.448450 0.127668
v -0.971091 6.796628 0.091539
v -0.975684 6.809639 0.056400
v -0.966099 6.809639 0.126731
v -6.206838 9.453806 0.234418
v -6.192822 9.512083 0.224918
v -6.192822 9.395529 0.243920
v -3.205520 7.581296 0.234420
v -3.188053 7.721193 0.222889
v -3.188053 7.441399 0.245952
v -3.711392 7.860216 0.234429
v -3.697376 7.974430 0.224919
v -3.697376 7.746002 0.243925
v -4.209362 8.154267 0.234420
v -4.195344 8.248642 0.224919
v -4.195344 8.059892 0.243920
v -4.729189 8.475906 0.234429
v -4.715164 8.553934 0.224919
v -4.715169 8.397880 0.243925
v -5.400507 8.906190 0.234428
v -5.386500 8.970501 0.224919
v -5.386494 8.841880 0.243925
v -1.552479 7.171164 0.234369
v -1.539963 7.293117 0.225869
v -1.539101 7.049210 0.244076
v -2.170342 7.246327 0.234421
v -2.156433 7.387075 0.225083
v -2.156430 7.105579 0.243758
v -2.686851 7.319005 0.234411
v -2.669594 7.483979 0.222889
v -2.669597 7.154032 0.245952
v -1.688905 7.196409 0.229800
v -1.835431 7.414321 0.229686
v -1.770124 7.310559 0.243719
v -1.852566 7.117954 0.243810
v -1.752778 7.055092 0.229803
v -1.952214 7.181322 0.229802
v -1.553341 6.960535 0.234472
v -2.163293 6.813708 0.225133
v -2.163293 6.813708 0.243809
v -1.553341 6.942618 0.243810
v -1.717799 5.696909 0.229801
v -1.919917 7.601012 0.225133
v -2.151650 7.279906 0.234471
v -2.161330 7.633566 0.229803
v -2.151650 7.311133 0.243809
v -1.919916 7.601012 0.243810
v -2.270796 7.434602 0.225136
v -2.368089 7.517244 0.253110
v -2.491530 7.609860 0.225104
v -3.206601 7.927617 0.240309
v -3.185968 7.160937 0.234471
v -2.675925 7.796645 0.246144
v -3.185968 7.197268 0.222798
v -2.675925 7.796645 0.222799
v -2.772911 7.287940 0.239047
v -3.681349 7.533220 0.225142
v -3.696300 7.543797 0.234474
v -3.200486 8.004023 0.225133
v -3.200486 8.004023 0.243809
v -3.707656 8.215869 0.243809
v -4.191822 7.891760 0.234471
v -3.379735 7.506917 0.239330
v -3.707656 8.215869 0.225132
v -4.176296 7.880784 0.225132
v -4.718829 8.250566 0.243809
v -4.199154 8.448467 0.234470
v -4.718828 8.250566 0.225132
v -4.199154 8.429718 0.243809
v -4.485100 8.026946 0.229678
v -4.873003 8.487408 0.225132
v -4.850981 8.560271 0.243823
v -4.813598 8.615840 0.238963
v -5.278195 8.792349 0.239143
v -5.165560 8.871232 0.238903
v -5.224623 8.837408 0.225142
v -5.393615 9.107695 0.225132
v -5.792249 9.004741 0.234470
v -5.393615 9.107695 0.243808
v -5.773560 8.991563 0.243808
v -5.383641 8.755115 0.229590
v -6.063215 9.307187 0.225120
v -5.928742 9.334711 0.243809
v -5.993183 9.309162 0.237337
v -1.199276 7.168197 0.222907
v -1.314497 7.284636 0.240462
v -1.103206 7.053531 0.240447
v -2.170203 7.246327 0.235000
v -2.156301 7.387075 0.225670
v -2.156212 7.105579 0.244322
v 0.646435 7.682249 -1.940118
v 0.646435 7.660564 -1.940118
v 0.065050 7.682249 -2.007004
v 0.065050 7.660564 -2.007004
v -0.513838 7.682249 -1.921136
v -0.513838 7.660564 -1.921136
v -1.050777 7.682249 -1.688367
v -1.050777 7.660564 -1.688367
v -1.821914 7.654058 -0.917146
v -1.509172 7.682249 -1.324561
v -1.509172 7.660564 -1.324561
v -1.857792 7.682249 -0.854508
v -1.857792 7.660564 -0.854508
v 1.190700 7.682249 -1.725038
v 1.190700 7.660564 -1.725038
v 1.660753 7.682249 -1.376419
v 1.660753 7.660564 -1.376419
v 1.711970 7.654058 -1.325555
v 2.024559 7.682249 -0.918023
v 2.024559 7.660564 -0.918023
v 2.257328 7.682249 -0.381085
v 2.257328 7.660564 -0.381085
v 2.343195 7.682249 0.197802
v 2.343195 7.660564 0.197802
v 2.276309 7.682249 0.779188
v 2.276309 7.660564 0.779188
v -0.442996 7.682249 2.409063
v -0.442996 7.660564 2.409063
v 0.138390 7.682249 2.475948
v 0.138390 7.660564 2.475948
v 0.717277 7.682249 2.390080
v 0.717277 7.660564 2.390080
v 1.254215 7.682249 2.157312
v 1.254215 7.660564 2.157312
v 1.712612 7.682249 1.793505
v 1.712612 7.660564 1.793505
v 2.061229 7.682249 1.323453
v 2.061229 7.660564 1.323453
v -0.987261 7.682249 2.193982
v -0.987261 7.660564 2.193982
v -1.457314 7.682249 1.845365
v -1.457314 7.660564 1.845365
v -1.821120 7.682249 1.386968
v -1.821120 7.660564 1.386968
v -2.053889 7.682249 0.850031
v -2.053889 7.660564 0.850031
v -2.139757 7.682249 0.271143
v -2.139757 7.660564 0.271143
v -2.072872 7.682249 -0.310243
v -2.072872 7.660564 -0.310243
v 1.573477 9.430694 1.057661
v -1.721193 9.435639 1.153476
v -3.779322 7.468492 -0.607876
v 2.244560 9.135457 3.260906
v 0.626531 7.593436 -2.197900
v 1.677032 7.464105 -3.190351
v 6.404075 9.617074 -0.010970
v 3.426038 8.017824 0.119054
v 6.356477 9.617076 -0.555018
v 3.401105 8.017822 -0.165935
v 6.261642 9.617076 -1.092847
v 3.351428 8.017822 -0.447668
v 6.120293 9.617078 -1.620363
v 3.277387 8.017818 -0.723998
v 5.933509 9.617076 -2.133556
v 3.179541 8.017824 -0.992824
v 5.702706 9.617075 -2.628513
v 3.058640 8.017823 -1.252099
v 5.429645 9.617072 -3.101474
v 2.915600 8.017823 -1.499851
v 5.116398 9.617075 -3.548832
v 2.751513 8.017822 -1.734193
v 4.765355 9.617076 -3.967190
v 2.567626 8.017821 -1.953342
v 4.379186 9.617077 -4.353359
v 2.365338 8.017824 -2.155629
v 3.960829 9.617074 -4.704403
v 2.146189 8.017822 -2.339518
v 3.513469 9.617076 -5.017648
v 1.911848 8.017823 -2.503605
v 3.040509 9.617076 -5.290711
v 1.664096 8.017821 -2.646645
v 2.545552 9.617076 -5.521514
v 1.404822 8.017822 -2.767547
v 2.032361 9.617073 -5.708302
v 1.135995 8.017823 -2.865391
v 1.504844 9.617080 -5.849647
v 0.859665 8.017823 -2.939434
v 0.967014 9.617072 -5.944485
v 0.577932 8.017821 -2.989112
v 0.422967 9.617077 -5.992080
v 0.292943 8.017824 -3.014045
v -0.123150 9.617076 -5.992074
v 0.006874 8.017820 -3.014039
v -0.667197 9.617074 -5.944477
v -0.278115 8.017822 -2.989105
v -1.205027 9.617075 -5.849643
v -0.559848 8.017824 -2.939428
v -1.732543 9.617078 -5.708292
v -0.836178 8.017821 -2.865386
v -2.245735 9.617077 -5.521508
v -1.105004 8.017824 -2.767541
v -2.740693 9.617074 -5.290707
v -1.364279 8.017823 -2.646640
v -3.213654 9.617072 -5.017644
v -1.612031 8.017824 -2.503600
v -3.661012 9.617080 -4.704397
v -1.846372 8.017822 -2.339513
v -4.079371 9.617075 -4.353356
v -2.065522 8.017821 -2.155626
v -4.465540 9.617074 -3.967187
v -2.267809 8.017824 -1.953338
v -4.816583 9.617075 -3.548829
v -2.451697 8.017823 -1.734189
v -5.129827 9.617075 -3.101470
v -2.615785 8.017823 -1.499848
v -5.354406 9.617143 -2.810293
v -2.806209 8.006395 -1.171997
v -3.752504 11.146173 -1.160859
v -5.820480 9.617077 -1.620360
v -2.977572 8.017823 -0.723995
v -5.961828 9.617075 -1.092844
v -3.051615 8.017823 -0.447665
v -6.056663 9.617075 -0.555014
v -3.101293 8.017821 -0.165932
v -6.104260 9.617077 -0.010967
v -3.126224 8.017826 0.119057
v 0.422971 9.617075 6.516254
v 0.292946 8.017821 3.538219
v 0.967018 9.617073 6.468658
v 0.577935 8.017823 3.513286
v 1.504847 9.617078 6.373821
v 0.859668 8.017821 3.463609
v 2.032364 9.617076 6.232475
v 1.135998 8.017820 3.389567
v 2.545556 9.617076 6.045689
v 1.404824 8.017824 3.291722
v 3.040514 9.617074 5.814888
v 1.664099 8.017822 3.170821
v 3.513473 9.617076 5.541823
v 1.911852 8.017821 3.027781
v 3.960833 9.617074 5.228579
v 2.146192 8.017823 2.863693
v 4.379190 9.617077 4.877535
v 2.365342 8.017821 2.679806
v 4.765359 9.617077 4.491366
v 2.567630 8.017822 2.477518
v 5.116405 9.617073 4.073010
v 2.751517 8.017824 2.258369
v 5.429647 9.617075 3.625650
v 2.915605 8.017823 2.024028
v 5.702711 9.617077 3.152689
v 3.058646 8.017818 1.776277
v 5.933514 9.617076 2.657732
v 3.179546 8.017824 1.517002
v 6.120301 9.617075 2.144541
v 3.277393 8.017820 1.248176
v 6.261648 9.617077 1.617024
v 3.351434 8.017823 0.971846
v 6.356484 9.617074 1.079195
v 3.401112 8.017821 0.690113
v 6.404079 9.617078 0.535147
v 3.426045 8.017822 0.405124
v -6.104256 9.617073 0.535150
v -3.126218 8.017824 0.405126
v -6.056655 9.617077 1.079198
v -3.101286 8.017822 0.690116
v -5.961823 9.617072 1.617028
v -3.051609 8.017822 0.971848
v -5.820475 9.617075 2.144544
v -2.977567 8.017821 1.248179
v -5.633688 9.617077 2.657735
v -2.879722 8.017823 1.517005
v -5.402887 9.617074 3.152693
v -2.758820 8.017824 1.776279
v -5.129825 9.617072 3.625654
v -2.615781 8.017823 2.024031
v -4.816578 9.617077 4.073012
v -2.451693 8.017824 2.258373
v -4.465537 9.617074 4.491371
v -2.267806 8.017820 2.477522
v -4.079366 9.617077 4.877539
v -2.065518 8.017821 2.679810
v -3.661010 9.617074 5.228583
v -1.846369 8.017822 2.863698
v -3.213650 9.617076 5.541827
v -1.612028 8.017823 3.027786
v -2.740690 9.617077 5.814891
v -1.364276 8.017820 3.170826
v -2.245733 9.617074 6.045694
v -1.105001 8.017826 3.291726
v -1.732540 9.617077 6.232480
v -0.836175 8.017823 3.389572
v -1.205024 9.617077 6.373827
v -0.559846 8.017821 3.463615
v -0.667194 9.617074 6.468664
v -0.278113 8.017823 3.513292
v -0.123147 9.617074 6.516262
v 0.006877 8.017823 3.538225
v 6.404069 9.635469 -0.010977
v 3.426034 8.036216 0.119048
v 6.356472 9.635468 -0.555024
v 3.401101 8.036215 -0.165942
v 6.261637 9.635471 -1.092854
v 3.351424 8.036217 -0.447674
v 6.120290 9.635469 -1.620370
v 3.277381 8.036214 -0.724004
v 5.933503 9.635471 -2.133561
v 3.179537 8.036215 -0.992831
v 5.702703 9.635466 -2.628521
v 3.058635 8.036217 -1.252105
v 5.429638 9.635469 -3.101479
v 2.915596 8.036214 -1.499858
v 5.116394 9.635469 -3.548839
v 2.751509 8.036214 -1.734199
v 4.765351 9.635468 -3.967197
v 2.567621 8.036214 -1.953349
v 4.379181 9.635469 -4.353365
v 2.365333 8.036216 -2.155636
v 3.960825 9.635467 -4.704411
v 2.146184 8.036215 -2.339524
v 3.513464 9.635468 -5.017654
v 1.911843 8.036216 -2.503612
v 3.040505 9.635468 -5.290718
v 1.664092 8.036213 -2.646652
v 2.545547 9.635469 -5.521520
v 1.404817 8.036218 -2.767552
v 2.032356 9.635467 -5.708309
v 1.135990 8.036215 -2.865398
v 1.504839 9.635469 -5.849655
v 0.859661 8.036216 -2.939441
v 0.967010 9.635466 -5.944492
v 0.577928 8.036214 -2.989118
v 0.422962 9.635471 -5.992086
v 0.292939 8.036217 -3.014051
v -0.123155 9.635469 -5.992081
v 0.006869 8.036216 -3.014045
v -0.667202 9.635469 -5.944482
v -0.278120 8.036214 -2.989112
v -1.205032 9.635466 -5.849650
v -0.559853 8.036214 -2.939435
v -1.732548 9.635472 -5.708298
v -0.836183 8.036213 -2.865393
v -2.245739 9.635469 -5.521515
v -1.105009 8.036217 -2.767547
v -2.740698 9.635467 -5.290714
v -1.364284 8.036216 -2.646646
v -3.213659 9.635466 -5.017651
v -1.612036 8.036215 -2.503607
v -3.661016 9.635471 -4.704403
v -1.846377 8.036213 -2.339520
v -4.079375 9.635468 -4.353362
v -2.065526 8.036217 -2.155632
v -4.465543 9.635469 -3.967193
v -2.267814 8.036215 -1.953345
v -4.816587 9.635468 -3.548836
v -2.451702 8.036216 -1.734195
v -5.129832 9.635468 -3.101476
v -2.615790 8.036216 -1.499854
v -5.402895 9.635469 -2.628516
v -2.758830 8.036213 -1.252103
v -5.633698 9.635469 -2.133558
v -2.879730 8.036220 -0.992827
v -5.820484 9.635471 -1.620366
v -2.977577 8.036214 -0.724001
v -5.961833 9.635468 -1.092850
v -3.051620 8.036215 -0.447672
v -6.056670 9.635465 -0.555021
v -3.101297 8.036215 -0.165939
v -6.104263 9.635471 -0.010973
v -3.126230 8.036217 0.119050
v 0.422966 9.635468 6.516248
v 0.292942 8.036217 3.538212
v 0.967013 9.635468 6.468649
v 0.577931 8.036215 3.513279
v 1.504843 9.635471 6.373814
v 0.859664 8.036214 3.463603
v 2.032359 9.635469 6.232467
v 1.135994 8.036214 3.389560
v 2.545550 9.635470 6.045681
v 1.404820 8.036214 3.291716
v 3.040509 9.635467 5.814881
v 1.664095 8.036217 3.170814
v 3.513469 9.635468 5.541817
v 1.911847 8.036215 3.027774
v 3.960828 9.635469 5.228571
v 2.146188 8.036214 2.863687
v 4.379187 9.635468 4.877530
v 2.365337 8.036217 2.679799
v 4.765355 9.635468 4.491360
v 2.567625 8.036216 2.477512
v 5.116399 9.635467 4.073004
v 2.751513 8.036216 2.258363
v 5.429643 9.635469 3.625643
v 2.915601 8.036216 2.024022
v 5.702706 9.635469 3.152683
v 3.058641 8.036214 1.776270
v 5.933507 9.635472 2.657724
v 3.179541 8.036217 1.516995
v 6.120297 9.635468 2.144535
v 3.277387 8.036217 1.248169
v 6.261643 9.635469 1.617018
v 3.351430 8.036216 0.971839
v 6.356480 9.635467 1.079188
v 3.401107 8.036215 0.690106
v 6.404076 9.635469 0.535140
v 3.426040 8.036217 0.405117
v -6.104259 9.635468 0.535144
v -3.126223 8.036217 0.405120
v -6.056660 9.635469 1.079191
v -3.101290 8.036215 0.690109
v -5.961828 9.635467 1.617021
v -3.051614 8.036214 0.971842
v -5.820479 9.635469 2.144537
v -2.977571 8.036215 1.248172
v -5.633695 9.635467 2.657729
v -2.879725 8.036218 1.516998
v -5.402892 9.635468 3.152687
v -2.758825 8.036215 1.776273
v -5.129829 9.635467 3.625648
v -2.615785 8.036216 2.024024
v -4.816583 9.635469 4.073006
v -2.451698 8.036216 2.258366
v -4.465539 9.635471 4.491363
v -2.267811 8.036214 2.477516
v -4.079371 9.635469 4.877532
v -2.065523 8.036216 2.679803
v -3.661015 9.635468 5.228577
v -1.846373 8.036217 2.863691
v -3.213654 9.635469 5.541821
v -1.612033 8.036215 3.027779
v -2.740694 9.635471 5.814884
v -1.364281 8.036214 3.170819
v -2.245737 9.635468 6.045687
v -1.105006 8.036217 3.291720
v -1.732545 9.635468 6.232473
v -0.836180 8.036215 3.389566
v -1.205029 9.635469 6.373821
v -0.559850 8.036216 3.463609
v -0.667199 9.635470 6.468655
v -0.278117 8.036215 3.513285
v -0.123152 9.635468 6.516255
v 0.006872 8.036217 3.538218
v -6.084120 9.671750 1.361354
v -5.477317 9.671750 3.191447
v -3.910569 9.670914 5.164621
v -1.488489 9.671749 6.376676
v 0.538706 9.670436 6.571995
v 2.464210 9.673063 6.145125
v 4.218938 9.671750 5.111372
v 5.377828 9.669910 3.795405
v 6.042843 9.673589 2.517922
v 6.456108 9.671749 0.813813
v 6.267337 9.673063 -1.364933
v 5.500424 9.671750 -3.146557
v 4.335728 9.668684 -4.476781
v 2.910765 9.673589 -5.411807
v 0.719145 9.674814 -6.090058
v -0.486078 9.662552 -6.051557
v -2.449365 9.675691 -5.513740
v -4.157201 9.670728 -4.398383
v -5.582147 9.673063 -2.423737
v -6.139858 9.671750 -0.565997
v 0.367525 12.905122 0.106628
v 0.367525 12.927288 0.082245
v 0.367525 11.841657 0.098500
v 0.343142 12.905122 0.106628
v 0.343142 11.841657 0.106628
v 0.343142 11.841657 0.082245
v 0.343142 12.905122 0.082245
v 0.367525 11.841657 0.425681
v 0.367525 12.905122 0.417554
v 0.367525 12.927288 0.441936
v 0.343142 11.841657 0.417554
v 0.343142 12.905122 0.417554
v 0.343142 11.841657 0.441936
v 0.343142 12.905122 0.441936
v -0.067697 11.841660 0.098500
v -0.067697 12.927291 0.082245
v -0.067697 12.905125 0.106627
v -0.043314 12.905125 0.106627
v -0.043314 11.841660 0.106627
v -0.043314 12.905125 0.082245
v -0.043314 11.841660 0.082245
v -0.067697 11.841660 0.425681
v -0.067697 12.927291 0.441936
v -0.067697 12.905125 0.417554
v -0.043314 12.905125 0.417554
v -0.043314 11.841660 0.417554
v -0.043314 12.905125 0.441936
v -0.043314 11.841660 0.441936
v -0.043314 12.927291 0.106627
v 0.343142 12.927288 0.106628
v -0.043314 12.927291 0.417554
v 0.343142 12.927288 0.417554
v 0.343832 12.805055 0.106628
v 0.343832 12.805055 0.417554
v -0.043495 12.805019 0.417734
v 0.343142 12.804910 0.441936
v -0.043495 12.805019 0.106447
v 0.343142 12.804910 0.082245
v 0.588305 12.696986 0.251825
v 0.588305 12.696986 0.272356
v 0.600305 12.696986 0.272356
v 0.600305 12.696986 0.251825
v 0.577176 12.698055 -0.429714
v 0.584647 12.835899 0.928606
v 0.571551 12.728040 -0.414979
v 0.597429 12.186966 0.781965
v 0.597851 12.187004 -0.257583
v 0.600284 12.147103 -0.256767
v 0.600284 12.147103 0.780948
v 0.585347 12.177295 0.772304
v 0.590972 12.147309 0.785416
v 0.590973 12.147309 -0.261234
v 0.585347 12.177295 -0.248123
v -0.277348 12.698058 -0.429714
v -0.280130 12.707491 0.946255
v -0.288909 12.916020 0.914052
v -0.271724 12.728041 -0.414980
v -0.297594 12.186969 0.781969
v -0.300457 12.147106 0.780948
v -0.300456 12.147106 -0.256767
v -0.298007 12.187007 -0.257590
v -0.285519 12.177298 0.772304
v -0.285519 12.177298 -0.248123
v -0.291145 12.147312 -0.261235
v -0.291145 12.147312 0.785416
v 0.149940 12.661419 -0.282854
v 0.601860 12.156259 -0.277039
v -0.302075 12.156251 -0.277010
v 0.149923 12.216844 -0.255505
v 0.599120 12.156343 0.802581
v 0.593494 12.186328 0.789469
v -0.293666 12.186330 0.789469
v -0.299293 12.156346 0.802581
v 0.573568 12.724593 0.918223
v -0.273741 12.724598 0.918226
v -0.092670 12.087427 0.262090
v 0.392497 12.087427 0.262091
v -0.284212 12.523685 0.264144
v -0.304750 12.437035 0.272356
v -0.296536 12.350385 0.251825
v -0.281532 12.183040 0.778375
v -0.317794 12.206844 0.827561
v -0.281527 12.183041 -0.254194
v -0.317782 12.206843 -0.303377
v 0.581359 12.183037 0.778375
v 0.617628 12.206841 0.827560
v 0.581360 12.183040 -0.254195
v 0.617623 12.206843 -0.303381
v -1.175067 7.899879 -2.296071
v -1.197736 7.924812 -2.343368
v -0.992073 8.411678 -1.894774
v -1.001384 8.411470 -1.890306
v -1.116614 7.775249 -1.942252
v -1.108877 7.775341 -1.946406
v -1.004854 8.420585 -1.909660
v -1.000221 8.420712 -1.911939
v -1.119724 7.784287 -1.962026
v -1.009531 8.420506 -1.907471
v -1.126335 7.784168 -1.959103
v -1.155566 8.563672 -2.172209
v -1.159852 8.563599 -2.170203
v -1.101416 8.564595 -2.197556
v -0.934069 7.778208 -2.027637
v -1.097130 8.564669 -2.199562
v -0.941176 7.777993 -2.024431
v -0.947904 7.787053 -2.042318
v -0.940012 7.787235 -2.046063
v -1.105277 8.573704 -2.216726
v -1.109563 8.573631 -2.214720
v -1.167999 8.572634 -2.187367
v -1.163713 8.572706 -2.189373
v -1.171933 7.913511 -2.293142
v -1.176974 7.922606 -2.311790
v -1.186266 7.922386 -2.307297
v -1.184888 7.938629 -2.339417
v -1.178233 7.929585 -2.321666
v -1.189174 7.938556 -2.337411
v -1.194631 7.929248 -2.313787
v -1.201369 7.938318 -2.331685
v -1.190345 7.929322 -2.315794
v -0.903283 9.670947 -1.735070
v -0.905012 9.641027 -1.750000
v -0.898102 9.631992 -1.732301
v -0.891239 9.661978 -1.719724
v -0.398889 12.338751 -0.570323
v -0.390576 12.330289 -0.552911
v -0.262087 12.707706 -0.400981
v -0.272358 12.716809 -0.419070
v -0.394862 12.330216 -0.550904
v -0.265879 12.707683 -0.399115
v -0.995758 8.441456 -1.877195
v -1.014916 8.453863 -1.897350
v -0.996873 8.450611 -1.897655
v -1.162372 8.602618 -2.174257
v -0.999960 9.137332 -1.970045
v -1.093651 8.594624 -2.185459
v -1.140037 8.602999 -2.184711
v -0.806453 9.502822 -1.434189
v -0.909475 8.954536 -1.673927
v -0.895626 8.975117 -1.643832
v -0.801119 9.478795 -1.423581
v -0.799955 9.488036 -1.445213
v -0.896741 8.984272 -1.664291
v -0.804589 9.487909 -1.442934
v -0.997427 9.098468 -1.964746
v -0.995658 9.128242 -1.951081
v -0.907472 9.636637 -1.738904
v -1.034420 9.228001 -1.880053
v -0.959698 9.660021 -1.713907
v -1.059830 9.126359 -1.947270
v -0.795493 9.508780 -1.410470
v -0.796608 9.517935 -1.430929
v -0.952543 9.660941 -1.691053
v -0.895525 9.661904 -1.717718
v -0.901252 8.945133 -1.656944
v -0.900088 8.954374 -1.678577
v -0.904722 8.954247 -1.676297
v -1.005149 9.102774 -1.972860
v -1.059719 9.097261 -1.936840
v -1.055434 9.097335 -1.938846
v -0.506055 11.103808 -0.734102
v -0.609077 10.555523 -0.973839
v -0.595228 10.576104 -0.943744
v -0.500721 11.079782 -0.723493
v -0.499558 11.089023 -0.745125
v -0.596343 10.585259 -0.964203
v -0.504192 11.088896 -0.742846
v -0.692163 10.013097 -1.195466
v -0.622205 11.247001 -1.011719
v -0.703752 10.718328 -1.278490
v -0.697030 10.699455 -1.264657
v -0.695259 10.729229 -1.250993
v -0.637703 11.243905 -1.028023
v -0.466980 12.308907 -0.553648
v -0.734022 10.828987 -1.179965
v -0.861975 10.203604 -1.474168
v -0.659300 11.261008 -1.013818
v -0.759432 10.727345 -1.247181
v -0.495095 11.109766 -0.710381
v -0.496210 11.118921 -0.730840
v -0.590841 11.262964 -1.019636
v -0.595127 11.262891 -1.017630
v -0.405923 11.637470 -0.500739
v -0.400589 11.613442 -0.490130
v -0.399425 11.622685 -0.511763
v -0.404059 11.622558 -0.509483
v -0.497572 11.766640 -0.798850
v -0.404350 12.309340 -0.583188
v -0.533029 11.790133 -0.795314
v -0.559057 11.765573 -0.770026
v -0.554771 11.765645 -0.772033
v -0.394963 11.643427 -0.477018
v -0.396077 11.652584 -0.497478
v -0.552012 11.795590 -0.757601
v -0.490709 11.796626 -0.786273
v -0.494994 11.796554 -0.784267
v -0.712111 10.034124 -1.201357
v -0.695361 10.042441 -1.177107
v -0.600854 10.546120 -0.956855
v -0.599690 10.555362 -0.978488
v -0.696475 10.051597 -1.197566
v -0.604324 10.555234 -0.976209
v -0.791106 10.195639 -1.486362
v -0.700886 10.699244 -1.264105
v -0.818225 10.200967 -1.486907
v -0.807290 10.184612 -1.510261
v -0.759322 10.698248 -1.236752
v -0.822470 10.179676 -1.478445
v -0.755036 10.698321 -1.238758
v -0.700986 10.012457 -1.190218
v -0.704457 10.021571 -1.209572
v -0.861365 10.171101 -1.484192
v -0.308603 12.156142 -0.273932
v -0.397965 12.300361 -0.565391
v -0.458924 12.299235 -0.536663
v -0.454638 12.299309 -0.538670
v -0.451874 12.329248 -0.524231
v -0.457159 12.338327 -0.542722
v -0.332462 12.715720 -0.387820
v -0.321605 12.706636 -0.370065
v -0.328176 12.715794 -0.390044
v -0.281371 12.294917 -0.281494
v -0.262783 12.707695 -0.400618
v -0.270928 12.716731 -0.419647
v -0.398846 12.334491 -0.558969
v -0.395385 12.334517 -0.560513
v -0.324825 12.711548 -0.380874
v -0.328287 12.711522 -0.379162
v -0.326150 12.713014 -0.383961
v -0.396709 12.335983 -0.563298
v -0.553076 11.791007 -0.759600
v -0.561221 11.800041 -0.776766
v -0.305490 12.156503 -0.269237
v -0.387631 11.638907 -0.482878
v -0.398257 12.295630 -0.567390
v -0.406402 12.304665 -0.584555
v -0.561916 11.800029 -0.776439
v -0.397562 12.295643 -0.567717
v -0.467016 12.051736 -0.685792
v -0.476182 12.048126 -0.673927
v -0.479232 12.051568 -0.680661
v -0.754602 10.716960 -1.229266
v -0.762747 10.725994 -1.246431
v -0.507024 11.082444 -0.738917
v -0.589160 10.564982 -0.952559
v -0.599783 11.221583 -1.037054
v -0.607928 11.230619 -1.054220
v -0.763442 10.725982 -1.246104
v -0.599088 11.221596 -1.037382
v -0.679171 10.974759 -1.144660
v -0.678302 10.973269 -1.141675
v -0.680779 10.974503 -1.143520
v -0.652540 11.260905 -0.991406
v -0.660685 11.269939 -1.008571
v -0.404965 11.626384 -0.501064
v -0.487097 11.108888 -0.714694
v -0.497721 11.765528 -0.799195
v -0.505866 11.774564 -0.816361
v -0.661380 11.269928 -1.008245
v -0.497026 11.765541 -0.799522
v -0.570821 11.520327 -0.912922
v -0.575188 11.517222 -0.904134
v -0.578470 11.519212 -0.907437
v -1.052007 9.131924 -1.922379
v -1.060152 9.140958 -1.939544
v -0.804414 9.497428 -1.432001
v -0.886564 8.979875 -1.645663
v -0.905333 9.645582 -1.747333
v -0.897188 9.636547 -1.730168
v -1.060847 9.140945 -1.939218
v -0.896493 9.636559 -1.730495
v -0.969864 9.391784 -1.845095
v -0.976725 9.389688 -1.837637
v -0.978688 9.393510 -1.845641
v -1.153006 8.593646 -2.157759
v -0.900171 8.945193 -1.657544
v -0.993761 8.778094 -1.945862
v -0.987563 8.441665 -1.881052
v -0.998187 9.098270 -1.965549
v -1.006332 9.107306 -1.982714
v -1.076151 8.851864 -2.074661
v -1.076533 8.850024 -2.070363
v -1.079179 8.851452 -2.072607
v -0.952543 9.662025 -1.690573
v -0.960688 9.671060 -1.707739
v -0.704926 10.027562 -1.200149
v -0.787099 9.509963 -1.413856
v -0.805869 10.175684 -1.515527
v -0.797724 10.166648 -1.498363
v -0.961383 9.671047 -1.707412
v -0.797029 10.166661 -1.498689
v -0.867671 9.922306 -1.615264
v -0.874289 9.918136 -1.603111
v -0.878218 9.919988 -1.605881
v -0.852608 10.194633 -1.457671
v -0.694207 10.379087 -1.245330
v -0.599773 10.546181 -0.957455
v -0.687165 10.042620 -1.180960
v -0.697789 10.699257 -1.265460
v -0.705934 10.708292 -1.282626
v -0.772382 10.453922 -1.378337
v -0.777518 10.452246 -1.372545
v -0.779221 10.455783 -1.379961
v -1.175068 7.899879 2.820253
v -1.197736 7.924812 2.867549
v -0.992074 8.411679 2.418955
v -1.001385 8.411472 2.414487
v -1.116615 7.775249 2.466433
v -1.108878 7.775342 2.470587
v -1.004855 8.420586 2.433841
v -1.000221 8.420712 2.436120
v -1.119725 7.784289 2.486207
v -1.009532 8.420506 2.431653
v -1.126336 7.784169 2.483284
v -1.155567 8.563672 2.696390
v -1.159853 8.563600 2.694384
v -1.101416 8.564596 2.721736
v -1.097131 8.564670 2.723743
v -0.934070 7.778209 2.551819
v -0.941177 7.777995 2.548612
v -0.947904 7.787055 2.566499
v -0.940013 7.787235 2.570244
v -1.105278 8.573705 2.740906
v -1.109564 8.573631 2.738901
v -1.168000 8.572635 2.711548
v -1.163714 8.572708 2.713554
v -1.171935 7.913512 2.817324
v -1.176975 7.922607 2.835971
v -1.186267 7.922389 2.831478
v -1.178234 7.929585 2.845847
v -1.184889 7.938629 2.863598
v -1.189175 7.938556 2.861592
v -1.202779 7.938284 2.855132
v -1.191755 7.929287 2.839240
v -1.198493 7.938358 2.857139
v -0.903283 9.670948 2.259251
v -0.891240 9.661978 2.243906
v -0.898102 9.631993 2.256482
v -0.905013 9.641028 2.274182
v -0.390576 12.330291 1.077092
v -0.262088 12.707708 0.916979
v -0.394862 12.330216 1.075086
v -0.265880 12.707683 0.915113
v -0.995759 8.441456 2.401376
v -1.014925 8.453864 2.421528
v -0.996874 8.450612 2.421836
v -0.999961 9.137333 2.494226
v -1.093652 8.594625 2.709640
v -1.140038 8.602999 2.708891
v -0.806454 9.502823 1.958371
v -0.909475 8.954536 2.198109
v -0.895626 8.975118 2.168013
v -0.801119 9.478796 1.947762
v -0.799956 9.488037 1.969395
v -0.896741 8.984274 2.188473
v -0.804590 9.487910 1.967115
v -0.692163 10.013097 1.719647
v -0.997429 9.098469 2.488927
v -0.995658 9.128242 2.475262
v -0.907474 9.636638 2.263086
v -1.162373 8.602618 2.698437
v -1.034422 9.228001 2.404233
v -0.959698 9.660022 2.238088
v -1.059831 9.126359 2.471451
v -0.795494 9.508780 1.934651
v -0.796608 9.517935 1.955111
v -0.952543 9.660942 2.215233
v -0.895525 9.661905 2.241900
v -0.901252 8.945134 2.181125
v -0.900088 8.954375 2.202758
v -0.904723 8.954247 2.200479
v -1.005151 9.102773 2.497041
v -1.059720 9.097262 2.461021
v -1.055434 9.097335 2.463027
v -0.506056 11.103809 1.258283
v -0.609078 10.555523 1.498020
v -0.595229 10.576105 1.467925
v -0.500722 11.079783 1.247674
v -0.499558 11.089024 1.269307
v -0.596343 10.585261 1.488384
v -0.504192 11.088897 1.267027
v -0.622205 11.247004 1.535900
v -0.697030 10.699455 1.788838
v -0.703752 10.718328 1.802672
v -0.695260 10.729229 1.775174
v -0.637703 11.243905 1.552205
v -0.466984 12.308925 1.077873
v -0.861977 10.203605 1.998348
v -0.734022 10.828987 1.704146
v -0.659300 11.261008 1.538000
v -0.759433 10.727345 1.771362
v -0.495096 11.109767 1.234562
v -0.496211 11.118922 1.255022
v -0.590842 11.262964 1.543817
v -0.595127 11.262892 1.541812
v -0.405923 11.637471 1.024920
v -0.400589 11.613443 1.014311
v -0.399425 11.622685 1.035944
v -0.404059 11.622559 1.033665
v -0.497572 11.766640 1.323031
v -0.302992 12.722564 0.932136
v -0.533030 11.790133 1.319495
v -0.559057 11.765573 1.294207
v -0.554771 11.765646 1.296214
v -0.394963 11.643427 1.001200
v -0.396078 11.652584 1.021659
v -0.552013 11.795592 1.281782
v -0.490709 11.796627 1.310454
v -0.494995 11.796554 1.308449
v -0.712110 10.034125 1.725539
v -0.695361 10.042442 1.701288
v -0.600854 10.546121 1.481036
v -0.599690 10.555362 1.502669
v -0.696476 10.051598 1.721747
v -0.604324 10.555234 1.500390
v -0.791107 10.195640 2.010543
v -0.700886 10.699244 1.788285
v -0.818227 10.200968 2.011089
v -0.807291 10.184612 2.034442
v -0.822470 10.179677 2.002625
v -0.759322 10.698249 1.760933
v -0.755036 10.698321 1.762939
v -0.700987 10.012458 1.714399
v -0.704457 10.021572 1.733752
v -0.861366 10.171101 2.008373
v -0.308603 12.156142 0.798113
v -0.303927 12.156221 0.800301
v -0.397439 12.300304 1.089668
v -0.433264 12.325654 1.085266
v -0.458924 12.299236 1.060845
v -0.454638 12.299309 1.062851
v -0.451875 12.329249 1.048412
v -0.332463 12.715721 0.903818
v -0.321569 12.706631 0.886068
v -0.328177 12.715794 0.906042
v -0.281387 12.294543 0.803757
v -0.270928 12.716731 0.935646
v -0.262783 12.707695 0.916617
v -0.398847 12.334492 1.083150
v -0.328287 12.711524 0.895159
v -0.324825 12.711548 0.896872
v -0.395385 12.334517 1.084694
v -0.326150 12.713015 0.899959
v -0.396710 12.335983 1.087479
v -0.553076 11.791007 1.283782
v -0.305551 12.156418 0.793538
v -0.561221 11.800042 1.300947
v -0.387633 11.638964 1.007067
v -0.406402 12.304667 1.108736
v -0.398257 12.295631 1.091571
v -0.561917 11.800030 1.300620
v -0.397562 12.295643 1.091897
v -0.481802 12.047836 1.195375
v -0.478342 12.047863 1.196918
v -0.479667 12.049327 1.199700
v -0.754503 10.716846 1.753228
v -0.510548 11.077530 1.270098
v -0.762748 10.725994 1.770612
v -0.589161 10.565001 1.476743
v -0.607929 11.230619 1.578401
v -0.599783 11.221583 1.561236
v -0.763443 10.725983 1.770285
v -0.599088 11.221597 1.561563
v -0.679275 10.974705 1.668670
v -0.678275 10.973234 1.665786
v -0.680739 10.974363 1.667394
v -0.652541 11.260905 1.515587
v -0.405010 11.626325 1.025333
v -0.660686 11.269941 1.532753
v -0.487097 11.108857 1.238871
v -0.505867 11.774564 1.340542
v -0.497722 11.765530 1.323376
v -0.661381 11.269928 1.532426
v -0.497027 11.765542 1.323703
v -0.577757 11.518783 1.430936
v -0.578135 11.518367 1.429937
v -0.579273 11.520967 1.435400
v -1.052008 9.131925 2.446560
v -0.804516 9.497289 1.956384
v -1.060153 9.140958 2.463726
v -0.886565 8.979912 2.169849
v -0.897189 9.636547 2.254349
v -0.905334 9.645583 2.271514
v -1.060848 9.140946 2.463399
v -0.896493 9.636559 2.254676
v -0.970872 9.391460 2.368141
v -0.976813 9.389564 2.361522
v -0.978571 9.393175 2.369088
v -1.153006 8.593647 2.681940
v -1.000128 8.778158 2.466781
v -0.900172 8.945194 2.181725
v -0.987563 8.441623 2.405228
v -1.006332 9.107306 2.506895
v -0.998187 9.098271 2.489730
v -1.075346 8.852151 2.599812
v -1.077245 8.850543 2.595459
v -1.079387 8.852859 2.599915
v -0.952543 9.662025 2.214754
v -0.705002 10.027459 1.724479
v -0.960688 9.671061 2.231920
v -0.787100 9.510004 1.938042
v -0.797724 10.166649 2.022543
v -0.805869 10.175684 2.039708
v -0.961383 9.671047 2.231593
v -0.797029 10.166662 2.022870
v -0.871149 9.921324 2.135856
v -0.875084 9.918225 2.127256
v -0.878392 9.919982 2.130010
v -0.852609 10.194634 1.981852
v -0.599774 10.546182 1.481637
v -0.695971 10.379117 1.768633
v -0.687165 10.042592 1.705137
v -0.705935 10.708293 1.806807
v -0.697789 10.699258 1.789641
v -0.770189 10.454567 1.904841
v -0.777457 10.452488 1.897264
v -0.779277 10.456468 1.905673
v -0.292478 12.696990 0.272356
v -0.295478 12.398089 0.107915
v -0.294478 12.177093 0.780568
v 1.474895 7.899876 -2.296071
v 1.497564 7.924809 -2.343368
v 1.291901 8.411674 -1.894774
v 1.301212 8.411468 -1.890306
v 1.416443 7.775245 -1.942252
v 1.408705 7.775337 -1.946406
v 1.304682 8.420582 -1.909659
v 1.419554 7.784285 -1.962026
v 1.300048 8.420709 -1.911939
v 1.426164 7.784164 -1.959103
v 1.309359 8.420502 -1.907471
v 1.455394 8.563668 -2.172208
v 1.459680 8.563595 -2.170202
v 1.401244 8.564591 -2.197555
v 1.233897 7.778205 -2.027638
v 1.396958 8.564665 -2.199561
v 1.241004 7.777990 -2.024430
v 1.247732 7.787050 -2.042317
v 1.239841 7.787231 -2.046063
v 1.405105 8.573700 -2.216725
v 1.409391 8.573627 -2.214719
v 1.467827 8.572631 -2.187366
v 1.463541 8.572702 -2.189373
v 1.471762 7.913507 -2.293142
v 1.486094 7.922383 -2.307297
v 1.476802 7.922604 -2.311789
v 1.484716 7.938625 -2.339416
v 1.478062 7.929581 -2.321665
v 1.489002 7.938552 -2.337410
v 1.491583 7.929283 -2.315059
v 1.502606 7.938280 -2.330951
v 1.498320 7.938354 -2.332957
v 1.203110 9.670944 -1.735069
v 1.204840 9.641024 -1.750000
v 1.197930 9.631989 -1.732300
v 1.191067 9.661974 -1.719724
v 0.698717 12.338748 -0.570323
v 0.690404 12.330286 -0.552910
v 0.561915 12.707705 -0.400981
v 0.572187 12.716806 -0.419070
v 0.694689 12.330214 -0.550904
v 0.565707 12.707680 -0.399115
v 1.295586 8.441451 -1.877195
v 1.314750 8.453863 -1.897346
v 1.296701 8.450606 -1.897654
v 1.462201 8.602613 -2.174255
v 1.299788 9.137329 -1.970045
v 1.393480 8.594620 -2.185459
v 1.439865 8.602994 -2.184710
v 1.106281 9.502819 -1.434189
v 1.100947 9.478792 -1.423581
v 1.195454 8.975114 -1.643831
v 1.209303 8.954532 -1.673927
v 1.099783 9.488033 -1.445213
v 1.104417 9.487906 -1.442933
v 1.196568 8.984269 -1.664291
v 1.297257 9.098465 -1.964746
v 1.295485 9.128239 -1.951081
v 1.207300 9.636633 -1.738903
v 1.334245 9.227996 -1.880054
v 1.259525 9.660017 -1.713906
v 1.359658 9.126355 -1.947269
v 1.095321 9.508777 -1.410469
v 1.096436 9.517932 -1.430929
v 1.252370 9.660938 -1.691052
v 1.195353 9.661901 -1.717718
v 1.201080 8.945129 -1.656943
v 1.199916 8.954370 -1.678576
v 1.204550 8.954244 -1.676297
v 1.304977 9.102770 -1.972860
v 1.359547 9.097258 -1.936840
v 1.355262 9.097331 -1.938846
v 0.805883 11.103806 -0.734101
v 0.800549 11.079780 -0.723492
v 0.895056 10.576101 -0.943743
v 0.908904 10.555518 -0.973839
v 0.799385 11.089020 -0.745125
v 0.804019 11.088893 -0.742845
v 0.896170 10.585258 -0.964203
v 0.991991 10.013094 -1.195467
v 0.922032 11.246997 -1.011719
v 1.003580 10.718325 -1.278490
v 0.996857 10.699451 -1.264657
v 1.025309 10.731005 -1.256108
v 0.906852 11.251934 -1.043535
v 1.161803 10.203601 -1.474167
v 0.959017 11.231907 -1.003389
v 1.052105 10.728263 -1.224326
v 0.954731 11.231980 -1.005395
v 0.959127 11.261005 -1.013818
v 0.794923 11.109763 -0.710381
v 0.796038 11.118918 -0.730840
v 0.890669 11.262961 -1.019636
v 0.894955 11.262888 -1.017630
v 0.705751 11.637467 -0.500739
v 0.700417 11.613440 -0.490130
v 0.699253 11.622683 -0.511762
v 0.703887 11.622555 -0.509483
v 0.821899 11.780660 -0.778356
v 0.704177 12.309336 -0.583186
v 0.837398 11.777562 -0.794661
v 0.766812 12.308918 -0.553678
v 0.858884 11.765570 -0.770026
v 0.858995 11.794668 -0.780455
v 0.694791 11.643424 -0.477018
v 0.695905 11.652581 -0.497477
v 0.790536 11.796623 -0.786273
v 0.794822 11.796551 -0.784267
v 0.900682 10.546117 -0.956855
v 0.995188 10.042439 -1.177106
v 1.011939 10.034122 -1.201357
v 0.899518 10.555358 -0.978488
v 0.904152 10.555231 -0.976208
v 0.996303 10.051594 -1.197565
v 1.090934 10.195636 -1.486362
v 1.000714 10.699241 -1.264104
v 1.118052 10.200962 -1.486906
v 1.107118 10.184608 -1.510261
v 1.059149 10.698244 -1.236752
v 1.122297 10.179671 -1.478444
v 1.054863 10.698318 -1.238758
v 1.000814 10.012454 -1.190218
v 1.004285 10.021568 -1.209571
v 1.161193 10.171097 -1.484191
v 0.608431 12.156139 -0.273931
v 0.697792 12.300355 -0.565391
v 0.758752 12.299232 -0.536663
v 0.754466 12.299306 -0.538670
v 0.751702 12.329247 -0.524230
v 0.756987 12.338325 -0.542722
v 0.632290 12.715717 -0.387820
v 0.621433 12.706634 -0.370065
v 0.628004 12.715791 -0.390044
v 0.581196 12.294975 -0.281512
v 0.570755 12.716728 -0.419647
v 0.562610 12.707692 -0.400618
v 0.698674 12.334488 -0.558968
v 0.628114 12.711519 -0.379161
v 0.624653 12.711545 -0.380874
v 0.695212 12.334514 -0.560513
v 0.625977 12.713011 -0.383961
v 0.696537 12.335980 -0.563298
v 0.852904 11.791003 -0.759600
v 0.605386 12.156404 -0.269371
v 0.861049 11.800038 -0.776765
v 0.687460 11.638966 -0.482886
v 0.706230 12.304663 -0.584555
v 0.698085 12.295627 -0.567389
v 0.861744 11.800026 -0.776439
v 0.697389 12.295640 -0.567716
v 0.767748 12.051491 -0.684889
v 0.776121 12.048100 -0.673846
v 0.779112 12.051464 -0.680423
v 1.054430 10.716956 -1.229265
v 0.806920 11.082347 -0.739051
v 1.062575 10.725991 -1.246430
v 0.888986 10.564847 -0.952541
v 0.907756 11.230616 -1.054220
v 0.899611 11.221581 -1.037054
v 1.063270 10.725978 -1.246104
v 0.898916 11.221593 -1.037381
v 0.973163 10.976573 -1.151085
v 0.979411 10.974772 -1.144558
v 0.981154 10.978636 -1.152725
v 0.952368 11.260902 -0.991406
v 0.704826 11.626334 -0.501130
v 0.960513 11.269937 -1.008571
v 0.786925 11.108898 -0.714696
v 0.805694 11.774561 -0.816360
v 0.797549 11.765525 -0.799195
v 0.961208 11.269924 -1.008244
v 0.796854 11.765538 -0.799522
v 0.873226 11.520099 -0.911465
v 0.878345 11.519134 -0.907310
v 0.879336 11.523151 -0.916101
v 1.351734 9.131805 -1.922158
v 1.107781 9.492490 -1.439029
v 1.359980 9.140954 -1.939544
v 1.186393 8.979952 -1.645673
v 1.197016 9.636543 -1.730168
v 1.205161 9.645578 -1.747333
v 1.360676 9.140942 -1.939217
v 1.196321 9.636556 -1.730495
v 1.271475 9.391284 -1.843269
v 1.277026 9.389727 -1.837591
v 1.278560 9.393596 -1.845830
v 1.452834 8.593642 -2.157759
v 1.297948 8.778136 -1.943630
v 1.199999 8.945189 -1.657543
v 1.287392 8.441709 -1.881058
v 1.306159 9.107303 -1.982714
v 1.298014 9.098267 -1.965548
v 1.377317 8.851488 -2.073295
v 1.376555 8.849982 -2.070225
v 1.379049 8.851312 -2.072291
v 1.252371 9.662022 -1.690573
v 1.004792 10.027507 -1.200224
v 1.260516 9.671056 -1.707738
v 1.086926 9.509889 -1.413846
v 1.097552 10.166645 -1.498362
v 1.105697 10.175681 -1.515527
v 1.261211 9.671043 -1.707411
v 1.096857 10.166657 -1.498689
v 1.168934 9.921878 -1.613737
v 1.174288 9.918059 -1.602906
v 1.178045 9.919704 -1.605250
v 1.152436 10.194630 -1.457671
v 0.899601 10.546178 -0.957455
v 0.998353 10.379140 -1.243136
v 0.986991 10.042522 -1.180947
v 1.005762 10.708288 -1.282625
v 0.997617 10.699253 -1.265460
v 1.073628 10.453400 -1.376591
v 1.076187 10.451350 -1.370952
v 1.078640 10.453370 -1.374619
v 1.474894 7.899877 2.820253
v 1.497563 7.924809 2.867549
v 1.291901 8.411675 2.418955
v 1.408705 7.775338 2.470587
v 1.416441 7.775246 2.466434
v 1.301212 8.411468 2.414488
v 1.304682 8.420582 2.433841
v 1.419551 7.784285 2.486208
v 1.300048 8.420710 2.436121
v 1.426163 7.784165 2.483285
v 1.309359 8.420502 2.431653
v 1.455394 8.563669 2.696391
v 1.459680 8.563596 2.694384
v 1.401243 8.564592 2.721737
v 1.233897 7.778205 2.551818
v 1.396957 8.564666 2.723743
v 1.241004 7.777990 2.548612
v 1.239840 7.787232 2.570245
v 1.247730 7.787051 2.566499
v 1.405105 8.573701 2.740907
v 1.409390 8.573627 2.738901
v 1.467827 8.572631 2.711548
v 1.463541 8.572704 2.713555
v 1.471761 7.913507 2.817323
v 1.486093 7.922384 2.831478
v 1.476802 7.922604 2.835972
v 1.487510 7.938561 2.862180
v 1.476569 7.929590 2.846434
v 1.480855 7.929517 2.844429
v 1.494458 7.929245 2.837969
v 1.501196 7.938315 2.855867
v 1.490173 7.929318 2.839975
v 1.203110 9.670945 2.259251
v 1.204840 9.641025 2.274182
v 1.222429 9.646010 2.235989
v 1.191067 9.661975 2.243906
v 0.690403 12.330286 1.077092
v 0.561915 12.707705 0.916979
v 0.694689 12.330214 1.075086
v 0.565707 12.707680 0.915113
v 1.295586 8.441452 2.401376
v 1.303733 8.450486 2.418541
v 1.296700 8.450608 2.421835
v 1.462201 8.602613 2.698437
v 1.452636 8.593615 2.681959
v 1.299787 9.137329 2.494226
v 1.393479 8.594621 2.709641
v 1.439865 8.602996 2.708893
v 1.106281 9.502819 1.958372
v 1.100947 9.478793 1.947763
v 1.195453 8.975115 2.168014
v 1.209302 8.954533 2.198109
v 1.099783 9.488034 1.969395
v 1.104416 9.487906 1.967116
v 1.196568 8.984270 2.188473
v 1.297255 9.098465 2.488926
v 1.295485 9.128240 2.475263
v 1.209125 9.640951 2.272176
v 1.161804 10.203601 1.998349
v 1.259414 9.630920 2.227659
v 1.352502 9.127277 2.448596
v 1.255129 9.630994 2.229665
v 1.225575 9.663681 2.247016
v 1.359658 9.126356 2.471451
v 1.095321 9.508777 1.934651
v 1.096436 9.517933 1.955111
v 1.201079 8.945130 2.181126
v 1.199915 8.954371 2.202758
v 1.204549 8.954245 2.200479
v 1.304977 9.102770 2.497041
v 1.359547 9.097258 2.461022
v 1.355261 9.097332 2.463027
v 0.805883 11.103806 1.258283
v 0.800549 11.079781 1.247674
v 0.895055 10.576102 1.467925
v 0.908904 10.555520 1.498021
v 0.799385 11.089021 1.269307
v 0.804019 11.088894 1.267027
v 0.896170 10.585258 1.488384
v 0.891851 10.546787 1.486271
v 0.922032 11.246998 1.535901
v 1.003579 10.718326 1.802672
v 0.996857 10.699452 1.788839
v 0.995087 10.729226 1.775174
v 0.937530 11.243902 1.552205
v 1.033849 10.828985 1.704147
v 0.959127 11.261005 1.538000
v 1.059260 10.727343 1.771363
v 0.794923 11.109763 1.234562
v 0.796038 11.118919 1.255022
v 0.890669 11.262961 1.543818
v 0.894955 11.262889 1.541812
v 0.705751 11.637468 1.024920
v 0.700416 11.613441 1.014312
v 0.699253 11.622683 1.035944
v 0.703887 11.622556 1.033665
v 0.821900 11.780661 1.302538
v 0.602818 12.722560 0.932135
v 0.837398 11.777565 1.318842
v 0.766816 12.308941 1.077916
v 0.858884 11.765570 1.294208
v 0.858994 11.794668 1.304637
v 0.694791 11.643426 1.001200
v 0.695905 11.652581 1.021659
v 0.790536 11.796623 1.310455
v 0.794822 11.796551 1.308449
v 0.900681 10.546118 1.481037
v 0.995188 10.042439 1.701288
v 1.011937 10.034123 1.725539
v 0.904151 10.555231 1.500390
v 0.996303 10.051595 1.721748
v 1.090934 10.195637 2.010543
v 1.000713 10.699242 1.788286
v 1.118054 10.200964 2.011089
v 1.107117 10.184609 2.034442
v 1.059149 10.698245 1.760934
v 1.122297 10.179672 2.002625
v 1.054863 10.698318 1.762940
v 1.000814 10.012455 1.714400
v 0.999650 10.021696 1.736032
v 1.004284 10.021569 1.733753
v 1.161193 10.171097 2.008373
v 0.608431 12.156139 0.798113
v 0.603754 12.156219 0.800301
v 0.697267 12.300300 1.089668
v 0.733091 12.325651 1.085266
v 0.758751 12.299232 1.060845
v 0.754466 12.299306 1.062851
v 0.751702 12.329247 1.048412
v 0.632290 12.715718 0.903818
v 0.621396 12.706628 0.886069
v 0.628004 12.715791 0.906042
v 0.581214 12.294564 0.803764
v 0.562610 12.707692 0.916617
v 0.570755 12.716728 0.935646
v 0.698674 12.334488 1.083150
v 0.695212 12.334515 1.084694
v 0.624653 12.711545 0.896872
v 0.628114 12.711521 0.895160
v 0.625977 12.713012 0.899959
v 0.696537 12.335980 1.087479
v 0.852903 11.791004 1.283782
v 0.861048 11.800038 1.300947
v 0.605328 12.156486 0.793438
v 0.687460 11.638964 1.007067
v 0.698084 12.295629 1.091571
v 0.706229 12.304664 1.108736
v 0.861744 11.800027 1.300620
v 0.697389 12.295640 1.091898
v 0.771534 12.050239 1.204719
v 0.774318 12.046509 1.195105
v 0.778439 12.047224 1.195191
v 1.054430 10.716957 1.753447
v 1.062575 10.725992 1.770612
v 0.806889 11.082390 1.263171
v 0.888987 10.564990 1.476742
v 0.899611 11.221581 1.561236
v 0.907756 11.230617 1.578401
v 1.063270 10.725979 1.770286
v 0.898915 11.221594 1.561563
v 0.970997 10.977174 1.677473
v 0.979131 10.974842 1.668967
v 0.981073 10.978916 1.677554
v 0.952368 11.260902 1.515587
v 0.960513 11.269938 1.532753
v 0.704777 11.626407 1.025213
v 0.786924 11.108827 1.238868
v 0.797549 11.765525 1.323377
v 0.805694 11.774562 1.340542
v 0.961208 11.269925 1.532426
v 0.796854 11.765539 1.323704
v 0.868214 11.521102 1.439831
v 0.875804 11.518002 1.429777
v 0.878597 11.521337 1.436345
v 1.351717 9.131788 2.446308
v 1.359980 9.140955 2.463726
v 1.107781 9.492490 1.963212
v 1.186392 8.979926 2.169852
v 1.205161 9.645579 2.271515
v 1.197016 9.636544 2.254349
v 1.360675 9.140943 2.463399
v 1.196320 9.636556 2.254677
v 1.271160 9.391346 2.367714
v 1.276667 9.389552 2.361499
v 1.278469 9.393134 2.368990
v 1.452833 8.593643 2.681941
v 1.199999 8.945190 2.181725
v 1.303091 8.778190 2.465186
v 1.287388 8.441501 2.405213
v 1.298014 9.098268 2.489730
v 1.306159 9.107303 2.506895
v 1.374266 8.852390 2.600717
v 1.376960 8.850562 2.595541
v 1.379161 8.852957 2.600155
v 1.252370 9.662023 2.214755
v 1.260515 9.671057 2.231920
v 1.004799 10.027496 1.724421
v 1.086928 9.510049 1.938049
v 1.105696 10.175681 2.039709
v 1.097551 10.166646 2.022544
v 1.261210 9.671044 2.231593
v 1.096856 10.166658 2.022871
v 1.176115 9.920019 2.130914
v 1.175693 9.918180 2.126943
v 1.178405 9.919211 2.128243
v 1.152435 10.194631 1.981853
v 0.995098 10.379103 1.768974
v 0.899601 10.546179 1.481637
v 0.986992 10.042570 1.705136
v 0.997616 10.699254 1.789642
v 1.005761 10.708289 1.806807
v 1.067546 10.455038 1.906856
v 1.075622 10.451653 1.895948
v 1.078605 10.454942 1.902347
v 0.594305 12.177090 -0.256389
v 0.594305 12.177090 0.780569
v -0.294478 12.245261 0.262090
v -0.288079 12.265793 0.262090
v -0.300878 12.265793 0.262090
v -0.294478 12.312458 0.262090
v -0.288079 12.332992 0.262090
v -0.300878 12.332992 0.262090
v 0.149914 12.312484 0.786300
v 0.149913 12.312484 0.774003
v 0.149913 12.332992 0.780151
v 0.149914 12.244995 0.780151
v 0.149913 12.265526 0.774003
v 0.149914 12.265527 0.786300
v 0.594305 12.312459 0.262091
v 0.587906 12.332992 0.262091
v 0.600705 12.332992 0.262091
v 0.594305 12.245261 0.262091
v 0.587906 12.265793 0.262091
v 0.600705 12.265793 0.262091
v 0.294622 12.312441 -0.259465
v 0.149914 12.322726 -0.250244
v 0.005205 12.333011 -0.259462
v 0.005205 12.245261 -0.253311
v 0.149914 12.255527 -0.262537
v 0.294622 12.265791 -0.253308
v 0.149914 12.944147 -0.256388
v 0.149914 12.964657 -0.262537
v 0.149914 12.964655 -0.250239
v 0.594305 12.944123 0.262091
v 0.600705 12.964655 0.262091
v 0.587906 12.964654 0.262091
v 0.149914 12.944125 0.786300
v 0.149913 12.964657 0.780151
v 0.149913 12.944126 0.774003
v -0.297678 12.944123 0.431495
v -0.297678 12.964657 0.092686
v -0.288079 12.954390 0.262090
v -0.294478 12.770113 0.262090
v -0.288079 12.790668 0.262090
v -0.300878 12.790668 0.262090
v -0.294478 12.837334 0.262090
v -0.288079 12.857864 0.262090
v -0.300878 12.857864 0.262090
v 0.149914 12.837334 0.786300
v 0.149913 12.837334 0.774003
v 0.149913 12.857864 0.780151
v 0.149914 12.770134 0.780151
v 0.149914 12.790668 0.774003
v 0.149914 12.790668 0.786300
v 0.594305 12.837334 0.262091
v 0.587906 12.857864 0.262091
v 0.600705 12.857864 0.262091
v 0.594305 12.770136 0.262091
v 0.587906 12.790643 0.262091
v 0.600705 12.790645 0.262091
v 0.149914 12.837334 -0.256388
v 0.149914 12.857864 -0.250239
v 0.149914 12.857864 -0.262537
v 0.294622 12.770134 -0.259465
v 0.149914 12.780400 -0.250244
v 0.005205 12.790668 -0.259462
v 0.407464 11.760181 0.507663
v 0.604571 12.350386 0.256958
v 0.594305 12.437036 0.272356
v 0.584040 12.523685 0.256958
v -0.170660 11.773135 0.523068
v 0.244976 11.787321 -0.215627
v -2.365483 -0.651911 1.043237
v 0.942343 -0.426017 0.019789
vn -0.0000 -1.0000 -0.0000
vn -0.0000 -0.0000 -0.0000
vn 0.0001 -0.0000 -1.0000
vn -0.0000 -0.0000 1.0000
vn -0.0000 -0.0000 -1.0000
vn -1.0000 -0.0000 -0.0000
vn 1.0000 -0.0000 -0.0000
vn -0.1578 -0.9865 0.0444
vn -0.0699 -0.9966 0.0437
vn -0.1388 -0.9892 0.0477
vn -0.0000 0.9942 0.1078
vn -0.0000 0.9932 0.1162
vn -0.0000 0.9946 0.1036
vn -0.9654 -0.1045 0.2389
vn -0.9642 -0.1105 0.2411
vn -0.9633 -0.1076 0.2459
vn -0.9933 -0.0578 0.1000
vn -0.9933 -0.0580 0.1003
vn -0.9953 -0.0582 0.0776
vn -0.0000 0.9976 0.0688
vn -0.0000 0.9926 0.1215
vn -0.0000 0.9967 0.0814
vn -0.0839 -0.9963 0.0210
vn -0.0000 -0.9997 0.0253
vn -0.1014 -0.9948 0.0127
vn 0.3251 0.9457 -0.0000
vn 0.3223 0.9466 -0.0000
vn 0.3040 0.9527 -0.0000
vn 0.3571 0.8242 -0.4396
vn 0.3760 0.8708 -0.3167
vn 0.3141 0.7678 -0.5584
vn -0.7807 -0.4880 0.3904
vn -0.8165 -0.4082 0.4082
vn -0.8329 -0.4165 0.3644
vn -0.7295 0.5472 -0.4104
vn -0.5298 0.6623 -0.5298
vn -0.7880 0.4925 -0.3694
vn -0.0000 0.9864 -0.1644
vn -0.4364 0.8729 -0.2182
vn -0.5345 0.8018 -0.2673
vn 0.9615 0.2747 -0.0000
vn 0.9512 0.3085 -0.0000
vn 0.9345 0.3560 -0.0000
vn -0.6270 -0.6978 0.3464
vn 0.3796 -0.0030 -0.9252
vn 0.3511 -0.9102 -0.2195
vn 0.4119 0.6231 0.6649
vn -0.1946 -0.6913 0.6958
vn 0.8137 0.0184 -0.5810
vn -0.7494 0.6123 -0.2518
vn 0.1693 -0.9124 -0.3727
vn -0.0000 -0.8517 0.5241
vn -0.0000 -0.8682 0.4961
vn -0.0000 -0.9191 0.3939
vn 0.2425 -0.9701 -0.0000
vn 0.3881 -0.9216 -0.0000
vn 0.4472 -0.8944 -0.0000
vn -0.1742 -0.7167 -0.6753
vn 0.8157 -0.0172 0.5782
vn 0.0668 -0.8935 0.4441
vn -0.6914 0.7068 0.1499
vn 0.8046 -0.0888 -0.5872
vn 0.3482 0.8704 -0.3482
vn 0.3918 0.8325 -0.3918
vn 0.3618 0.8592 -0.3618
vn -0.0233 0.2835 0.9587
vn -0.7373 0.6245 -0.2576
vn -0.1979 -0.7081 0.6778
vn -0.0275 -0.9913 0.1287
vn 0.1161 -0.9058 -0.4076
vn -0.5119 -0.4552 0.7285
vn 0.2856 -0.8004 0.5271
vn 0.6413 0.7592 0.1112
vn 0.8261 0.0015 -0.5635
vn 0.7474 -0.1168 0.6540
vn 0.7341 -0.1251 0.6674
vn 0.7464 -0.1283 0.6531
vn -0.3995 0.6352 0.6610
vn 0.6254 -0.7020 0.3408
vn 0.1936 -0.6893 0.6981
vn 0.7470 0.6187 -0.2434
vn -0.1695 -0.9124 -0.3727
vn -0.3688 -0.9073 -0.2019
vn -0.7406 0.6294 0.2352
vn -0.6076 -0.7212 -0.3326
vn -0.1815 -0.7160 -0.6741
vn 0.3951 0.6394 -0.6596
vn 0.4163 -0.8944 0.1632
vn 0.0913 -0.9000 0.4262
vn 0.8112 -0.0176 0.5845
vn 0.3818 -0.0353 0.9236
vn -0.8136 0.0188 -0.5812
vn -0.3816 -0.0125 -0.9242
vn -0.0000 1.0000 -0.0000
vn -0.0000 0.2425 -0.9701
vn -0.0000 0.1240 -0.9923
vn -0.0000 0.9981 0.0611
vn -0.0000 0.9981 0.0609
vn -0.0000 -0.9981 -0.0609
vn -0.0000 -0.9981 -0.0611
vn 0.5534 -0.8302 -0.0675
vn 0.5537 -0.8306 -0.0593
vn 0.6233 -0.7791 -0.0667
vn -0.0000 -0.9953 -0.0972
vn -0.0000 -0.9943 -0.1065
vn 0.3810 -0.2540 -0.8890
vn 0.4286 -0.2857 -0.8571
vn 0.3939 -0.0000 -0.9191
vn -0.2722 0.9526 0.1361
vn -0.1231 0.9847 0.1231
vn -0.2408 0.9631 0.1204
vn 0.6092 -0.6092 0.5077
vn 0.6396 -0.6396 0.4264
vn -0.0000 0.1196 -0.9928
vn -0.0000 0.1506 -0.9886
vn -0.0000 0.7071 0.7071
vn -0.0000 0.4627 0.8865
vn -0.0000 0.5509 0.8346
vn -0.9701 -0.0000 0.2425
vn -0.9864 -0.0000 0.1644
vn -0.7033 0.7033 0.1032
vn -0.7033 0.7033 0.1040
vn -0.7037 0.7037 0.0987
vn 0.6925 -0.2020 0.6925
vn 0.7544 -0.1886 0.6287
vn 0.7496 -0.2186 0.6247
vn 0.9663 -0.2573 -0.0000
vn 0.8875 -0.4609 -0.0000
vn -0.0000 0.8571 0.5151
vn -0.0000 0.7936 0.6084
vn -0.0000 1.0000 -0.0094
vn -0.0000 1.0000 -0.0095
vn -0.8716 -0.4903 -0.0000
vn -0.5882 -0.8087 -0.0000
vn -0.5145 0.8575 -0.0000
vn -0.5547 0.8321 -0.0000
vn 0.7349 0.3381 -0.5879
vn 0.7181 0.3248 -0.6155
vn 0.7321 0.3478 -0.5857
vn 0.3162 -0.9487 -0.0000
vn 0.3015 -0.9045 -0.3015
vn 0.5547 -0.8321 -0.0000
vn -0.0000 0.8682 0.4961
vn -0.0000 0.8944 0.4472
vn 0.7665 -0.0000 0.6423
vn 0.8579 -0.0000 0.5139
vn 0.6377 0.3614 0.6802
vn 0.6461 0.3618 0.6720
vn 0.6458 0.3537 0.6766
vn 0.0947 -0.8997 -0.4262
vn 0.1059 -0.8997 -0.4234
vn 0.0836 -0.8913 -0.4456
vn 0.9977 -0.0045 0.0670
vn 0.9968 -0.0045 0.0795
vn 1.0000 -0.0044 -0.0000
vn -0.1752 0.3505 -0.9200
vn -0.2139 0.3209 -0.9226
vn -0.1905 0.3810 -0.9048
vn 0.0594 -0.6314 0.7732
vn 0.0597 -0.6372 0.7684
vn 0.0591 -0.6410 0.7653
vn -0.9992 0.0035 0.0388
vn -0.9991 0.0035 0.0434
vn -0.9958 0.0035 0.0910
vn -0.9981 0.0046 0.0621
vn -0.9983 0.0046 0.0588
vn -0.9987 0.0046 0.0510
vn 0.0195 0.9998 -0.0000
vn 0.0208 0.9998 -0.0000
vn -0.6908 -0.2475 0.6793
vn -0.6852 -0.2470 0.6852
vn -0.6815 0.3957 -0.6156
vn -0.6620 0.3972 -0.6356
vn -0.6692 0.3875 -0.6340
vn 0.9967 0.0816 -0.0000
vn 0.9967 0.0808 -0.0000
vn 0.9960 0.0063 -0.0892
vn 0.9950 0.0063 -0.1002
vn 1.0000 0.0062 -0.0000
vn 0.9863 -0.0071 -0.1648
vn 0.9918 -0.0070 -0.1278
vn 0.9908 -0.0071 -0.1349
vn -0.1003 0.6516 0.7519
vn -0.1188 0.6239 0.7724
vn -0.1350 0.6299 0.7649
vn -0.5970 0.0995 -0.7960
vn -0.6213 0.1036 -0.7767
vn -0.6205 0.1163 -0.7756
vn -0.1159 -0.0662 -0.9911
vn -0.1181 -0.0727 -0.9903
vn -0.1194 -0.0796 -0.9897
vn -0.0865 0.5626 0.8222
vn -0.0898 0.5386 0.8378
vn -0.1003 0.5519 0.8279
vn 0.9908 -0.0045 0.1349
vn 0.9918 -0.0045 0.1278
vn 0.9863 -0.0045 0.1649
vn 0.0506 0.9908 -0.1257
vn -0.3704 -0.3003 0.8790
vn -0.3463 0.3993 0.8489
vn -0.3562 -0.3980 0.8454
vn -0.3595 0.3061 0.8815
vn 0.1005 -0.9664 -0.2367
vn -0.9965 -0.0000 0.0830
vn -0.9923 -0.0000 0.1240
vn 0.9923 -0.0000 0.1240
vn 0.9701 -0.0000 0.2425
vn 0.2219 -0.9431 0.2478
vn 0.1812 -0.9515 0.2484
vn 0.4141 -0.8800 0.2328
vn -0.1431 0.2764 0.9503
vn 0.0776 -0.8718 -0.4836
vn 0.1142 0.8066 -0.5799
vn -0.1367 0.1277 0.9823
vn 0.0711 0.6624 -0.7458
vn 0.0091 -0.9995 0.0313
vn -0.1308 -0.0000 0.9914
vn 0.2160 -0.3966 0.8922
vn 0.1277 0.3000 0.9454
vn 0.2669 -0.0000 0.9637
vn 0.4000 -0.0000 0.9165
vn -0.6285 -0.0000 0.7778
vn -0.5480 -0.0000 0.8365
vn 0.2804 -0.0150 0.9598
vn 0.9999 -0.0000 -0.0140
vn 0.4127 0.0962 0.9058
vn -0.9999 -0.0000 -0.0140
vn -0.6525 -0.7289 0.2072
vn -0.6986 0.5417 0.4675
vn -0.0734 0.5675 -0.8201
vn 0.6517 -0.7218 0.2330
vn 0.7048 0.5370 0.4634
vn -0.7053 0.5369 0.4628
vn -0.6535 -0.7372 0.1716
vn 0.6541 -0.7366 0.1719
vn 0.7057 0.5385 0.4604
vn -0.8538 -0.5205 0.0088
vn -0.0005 0.9998 0.0209
vn -0.7052 0.5368 0.4633
vn 0.8535 -0.5210 0.0095
vn 0.7009 0.5267 0.4809
vn -0.4697 0.1176 -0.8750
vn 0.0302 -0.8671 -0.4972
vn 0.0949 0.8089 -0.5803
vn -0.6372 -0.7011 0.3201
vn -0.1508 0.1462 0.9777
vn -0.7313 0.5925 0.3378
vn -0.0978 -0.6762 0.7302
vn -0.0385 -0.9895 -0.1394
vn 0.1218 -0.2445 -0.9620
vn 0.0159 0.9995 0.0273
vn -0.1173 -0.0968 0.9884
vn -0.0855 0.8558 0.5103
vn 0.0773 -0.8652 -0.4954
vn 0.0096 -0.9991 0.0411
vn -0.1501 0.0464 0.9876
vn 0.0800 0.6693 -0.7386
vn -0.1414 0.3589 0.9226
vn 0.1001 0.8454 -0.5247
vn 0.0697 -0.8947 -0.4411
vn 0.0111 -0.9999 0.0068
vn -0.1320 0.1610 0.9781
vn 0.0638 0.7073 -0.7040
vn -0.1433 0.2466 0.9585
vn 0.1111 0.8143 -0.5697
vn 0.1027 -0.5978 -0.7950
vn -0.1119 -0.4714 0.8748
vn -0.0052 -0.9999 -0.0146
vn 0.1413 0.2742 -0.9512
vn 0.0288 0.9014 -0.4319
vn -0.0777 0.6553 0.7514
vn 0.0552 -0.9344 -0.3520
vn 0.0140 -0.9983 -0.0567
vn -0.1225 0.2423 0.9624
vn 0.0494 0.7859 -0.6163
vn -0.1448 0.1517 0.9778
vn 0.1087 0.8219 -0.5591
vn 0.0140 0.9833 -0.1815
vn 0.6766 0.7182 -0.1625
vn -0.6764 0.7161 -0.1724
vn -0.9600 0.2739 -0.0579
vn -0.9999 -0.0116 0.0024
vn 0.9999 0.0018 0.0149
vn 0.5744 -0.4899 0.6557
vn 0.1414 -0.6487 0.7478
vn 0.9997 -0.0138 -0.0212
vn -0.9451 -0.2040 0.2551
vn -0.5832 -0.4744 0.6594
vn -0.9978 0.0418 -0.0523
vn -0.9999 -0.0081 -0.0128
vn -0.1454 -0.6611 0.7361
vn -0.5910 -0.5114 0.6239
vn 0.5959 -0.5022 0.6266
vn 0.9410 -0.2194 0.2578
vn 0.9993 0.0234 -0.0275
vn 0.9572 0.2067 -0.2024
vn 0.2997 0.6680 -0.6812
vn 0.6602 0.5505 -0.5109
vn 0.9999 -0.0123 0.0120
vn -0.6590 0.5451 -0.5184
vn -0.9999 -0.0115 -0.0081
vn -0.6738 0.6080 -0.4200
vn 0.1076 0.7934 -0.5991
vn -0.9999 -0.0115 -0.0116
vn 0.6751 0.6131 -0.4103
vn 0.9551 0.2409 -0.1723
vn 0.9998 -0.0151 0.0108
vn -0.5960 0.7502 -0.2863
vn -0.6246 0.7421 -0.2431
vn 0.5892 0.7586 -0.2783
vn -0.9380 0.3276 -0.1129
vn -0.9988 -0.0462 0.0159
vn 0.9998 -0.0013 0.0185
vn 0.6586 0.7247 -0.2026
vn -0.0312 0.9448 -0.3261
vn -0.6635 0.7246 -0.1864
vn -0.9446 0.3139 -0.0959
vn -0.9991 -0.0395 0.0121
vn 0.9997 -0.0136 -0.0199
vn 0.1077 0.2764 0.9550
vn -0.0502 -0.8718 -0.4872
vn -0.0398 0.8066 -0.5897
vn 0.1222 0.1277 0.9842
vn -0.1243 0.6624 -0.7388
vn 0.0169 -0.9995 0.0279
vn 0.1302 -0.0000 0.9915
vn 0.4396 -0.3966 0.8059
vn 0.3680 0.2999 0.8801
vn 0.5072 -0.0000 0.8618
vn 0.6236 -0.0000 0.7817
vn -0.4058 -0.0000 0.9140
vn -0.3128 -0.0000 0.9498
vn 0.5192 -0.0150 0.8545
vn 0.9622 -0.0000 -0.2723
vn 0.6331 0.0962 0.7681
vn -0.9694 -0.0000 0.2453
vn -0.5767 -0.7289 0.3691
vn -0.5538 0.5416 0.6324
vn -0.0600 0.6103 -0.7899
vn 0.6898 -0.7218 0.0563
vn 0.8008 0.5370 0.2653
vn -0.5615 0.5369 0.6296
vn -0.5868 -0.7372 0.3349
vn 0.6763 -0.7366 -0.0033
vn 0.8008 0.5385 0.2621
vn -0.8224 -0.5205 0.2295
vn 0.0049 0.9998 0.0203
vn -0.5612 0.5367 0.6300
vn 0.8269 -0.5210 -0.2117
vn 0.8015 0.5267 0.2831
vn -0.6801 0.1176 -0.7236
vn -0.0995 -0.8671 -0.4881
vn -0.0585 0.8089 -0.5851
vn -0.5326 -0.7011 0.4742
vn 0.1074 0.1462 0.9834
vn -0.6189 0.5926 0.5156
vn 0.0946 -0.6762 0.7307
vn -0.0732 -0.9895 -0.1247
vn -0.1313 -0.2445 -0.9607
vn 0.0224 0.9995 0.0222
vn 0.1426 -0.0968 0.9850
vn 0.0495 0.8558 0.5150
vn -0.0535 -0.8652 -0.4986
vn 0.0199 -0.9991 0.0372
vn 0.1106 0.0464 0.9928
vn -0.1139 0.6693 -0.7342
vn 0.1022 0.3589 0.9278
vn -0.0391 0.8454 -0.5327
vn -0.0468 -0.8948 -0.4441
vn 0.0125 -0.9999 0.0036
vn 0.1257 0.1610 0.9789
vn -0.1206 0.7073 -0.6966
vn 0.1097 0.2466 0.9629
vn -0.0401 0.8143 -0.5790
vn -0.1065 -0.5978 -0.7945
vn 0.1183 -0.4714 0.8739
vn -0.0088 -0.9999 -0.0127
vn -0.1097 0.2742 -0.9554
vn -0.0840 0.9014 -0.4247
vn 0.1194 0.6553 0.7459
vn -0.0378 -0.9344 -0.3543
vn -0.0011 -0.9983 -0.0584
vn 0.1308 0.2423 0.9613
vn -0.1117 0.7859 -0.6081
vn 0.1132 0.1517 0.9819
vn -0.0398 0.8219 -0.5682
vn -0.0335 0.9833 -0.1789
vn 0.6114 0.7183 -0.3321
vn -0.6980 0.7160 0.0086
vn -0.9423 0.2738 0.1926
vn -0.9652 -0.0117 0.2612
vn 0.9697 0.0019 -0.2444
vn 0.7245 -0.4900 0.4848
vn 0.3301 -0.6487 0.6858
vn 0.9602 -0.0139 -0.2790
vn -0.8469 -0.2039 0.4910
vn -0.3928 -0.4743 0.7879
vn -0.9773 0.0420 0.2075
vn -0.9691 -0.0081 0.2465
vn 0.0500 -0.6611 0.7486
vn -0.4094 -0.5114 0.7556
vn 0.7378 -0.5022 0.4510
vn 0.9756 -0.2194 0.0055
vn 0.9582 0.0234 -0.2852
vn 0.8722 0.2067 -0.4433
vn 0.1132 0.6680 -0.7355
vn 0.5055 0.5505 -0.6644
vn 0.9689 -0.0122 -0.2472
vn -0.7707 0.5450 -0.3301
vn -0.9679 -0.0115 0.2510
vn -0.7595 0.6080 -0.2313
vn -0.0512 0.7934 -0.6066
vn -0.9688 -0.0114 0.2475
vn 0.5460 0.6131 -0.5710
vn 0.8780 0.2409 -0.4136
vn 0.9686 -0.0153 -0.2482
vn -0.6500 0.7500 -0.1222
vn -0.6661 0.7423 -0.0733
vn 0.4968 0.7587 -0.4213
vn -0.9354 0.3275 0.1338
vn -0.9606 -0.0469 0.2741
vn 0.9705 -0.0006 -0.2412
vn 0.5838 0.7246 -0.3662
vn -0.1145 0.9448 -0.3069
vn -0.6891 0.7246 -0.0084
vn -0.9372 0.3139 0.1518
vn -0.9620 -0.0394 0.2702
vn 0.9605 -0.0138 -0.2779
vn 0.3512 0.2764 0.8946
vn -0.1746 -0.8718 -0.4576
vn -0.1910 0.8066 -0.5593
vn 0.3728 0.1277 0.9191
vn -0.3113 0.6624 -0.6814
vn 0.0236 -0.9995 0.0225
vn 0.3824 -0.0000 0.9240
vn 0.6332 -0.3966 0.6647
vn 0.5832 0.2999 0.7549
vn 0.7130 -0.0000 0.7012
vn 0.8047 -0.0000 0.5937
vn -0.1554 -0.0000 0.9879
vn -0.0563 -0.0000 0.9984
vn 0.7227 -0.0150 0.6910
vn 0.8590 -0.0000 -0.5120
vn 0.8103 0.0962 0.5780
vn -0.8729 -0.0000 0.4879
vn -0.4615 -0.7288 0.5058
vn -0.3713 0.5417 0.7541
vn -0.3104 0.6583 -0.6858
vn 0.6809 -0.7218 -0.1241
vn 0.8421 0.5371 0.0489
vn -0.3794 0.5370 0.7534
vn -0.4801 -0.7372 0.4754
vn 0.6524 -0.7366 -0.1782
vn 0.8414 0.5385 0.0459
vn -0.7350 -0.5205 0.4346
vn 0.0100 0.9998 0.0183
vn -0.3790 0.5368 0.7538
vn 0.7439 -0.5210 -0.4185
vn 0.8475 0.5267 0.0660
vn -0.8442 0.1176 -0.5229
vn -0.2224 -0.8671 -0.4457
vn -0.2079 0.8089 -0.5500
vn -0.3917 -0.7011 0.5959
vn 0.3583 0.1462 0.9221
vn -0.4644 0.5925 0.6582
vn 0.2804 -0.6762 0.6813
vn -0.1030 -0.9895 -0.1015
vn -0.3755 -0.2446 -0.8940
vn 0.0274 0.9995 0.0157
vn 0.3927 -0.0968 0.9146
vn 0.1811 0.8558 0.4846
vn -0.1807 -0.8652 -0.4677
vn 0.0288 -0.9991 0.0308
vn 0.3638 0.0464 0.9303
vn -0.3000 0.6693 -0.6797
vn 0.3388 0.3589 0.8697
vn -0.1756 0.8454 -0.5045
vn -0.1601 -0.8948 -0.4169
vn 0.0130 -0.9999 0.0003
vn 0.3747 0.1610 0.9130
vn -0.2968 0.7073 -0.6416
vn 0.3552 0.2466 0.9017
vn -0.1886 0.8143 -0.5489
vn -0.3086 -0.5978 -0.7399
vn 0.3404 -0.4714 0.8136
vn -0.0118 -0.9999 -0.0100
vn -0.3532 0.2742 -0.8945
vn -0.1911 0.9014 -0.3884
vn 0.3084 0.6553 0.6895
vn -0.1282 -0.9344 -0.3324
vn -0.0162 -0.9983 -0.0561
vn 0.3751 0.2423 0.8947
vn -0.2653 0.7859 -0.5585
vn 0.3635 0.1517 0.9192
vn -0.1855 0.8220 -0.5385
vn -0.0786 0.9833 -0.1641
vn 0.5046 0.7182 -0.4790
vn -0.6720 0.7161 0.1889
vn -0.8603 0.2739 0.4299
vn -0.8647 -0.0116 0.5021
vn 0.8734 0.0018 -0.4871
vn 0.8253 -0.4899 0.2807
vn 0.4964 -0.6487 0.5769
vn 0.8552 -0.0138 -0.5181
vn -0.6910 -0.2040 0.6935
vn -0.1754 -0.4744 0.8627
vn -0.8902 0.0418 0.4536
vn -0.8723 -0.0081 0.4889
vn 0.2421 -0.6611 0.7101
vn -0.1999 -0.5114 0.8358
vn 0.8294 -0.5022 0.2447
vn 0.9438 -0.2194 -0.2472
vn 0.8517 0.0234 -0.5235
vn 0.7278 0.2067 -0.6539
vn -0.0810 0.6680 -0.7397
vn 0.3163 0.5505 -0.7726
vn 0.8719 -0.0123 -0.4895
vn -0.8298 0.5451 -0.1194
vn -0.8700 -0.0115 0.4929
vn -0.7935 0.6080 -0.0268
vn -0.2064 0.7934 -0.5727
vn -0.8717 -0.0115 0.4899
vn 0.3796 0.6131 -0.6929
vn 0.7410 0.2409 -0.6267
vn 0.8713 -0.0152 -0.4905
vn -0.6592 0.7503 0.0499
vn -0.6627 0.7420 0.1019
vn 0.3712 0.7585 -0.5356
vn -0.8688 0.3277 0.3711
vn -0.8571 -0.0457 0.5131
vn 0.8752 -0.0018 -0.4838
vn 0.4691 0.7246 -0.5048
vn -0.1900 0.9448 -0.2668
vn -0.6678 0.7246 0.1703
vn -0.8660 0.3140 0.3892
vn -0.8593 -0.0394 0.5100
vn 0.8558 -0.0137 -0.5171
vn 0.5708 0.2764 0.7732
vn -0.2871 -0.8718 -0.3968
vn -0.3293 0.8066 -0.4909
vn 0.5980 0.1277 0.7913
vn -0.4771 0.6624 -0.5776
vn 0.0286 -0.9995 0.0157
vn 0.6085 -0.0000 0.7935
vn 0.7836 -0.3966 0.4781
vn 0.7587 0.2999 0.5782
vn 0.8701 -0.0000 0.4928
vn 0.9309 -0.0000 0.3652
vn 0.1056 -0.0000 0.9944
vn 0.2040 -0.0000 0.9790
vn 0.8769 -0.0150 0.4804
vn 0.6972 -0.0000 -0.7169
vn 0.9323 0.0962 0.3486
vn -0.7169 -0.0000 0.6972
vn -0.3149 -0.7289 0.6080
vn -0.1634 0.5416 0.8246
vn -0.6321 0.5674 -0.5277
vn 0.6255 -0.7219 -0.2961
vn 0.8261 0.5371 -0.1707
vn -0.1713 0.5370 0.8260
vn -0.3407 -0.7372 0.5834
vn 0.5840 -0.7366 -0.3410
vn 0.8246 0.5385 -0.1735
vn -0.5975 -0.5205 0.6100
vn 0.0144 0.9998 0.0151
vn -0.1709 0.5367 0.8263
vn -0.3408 -0.7372 0.5834
vn 0.6103 -0.5210 -0.5968
vn 0.5840 -0.7366 -0.3411
vn 0.8357 0.5267 -0.1557
vn -0.9508 0.1176 -0.2866
vn -0.3302 -0.8671 -0.3730
vn -0.3432 0.8089 -0.4774
vn -0.2241 -0.7011 0.6769
vn 0.5847 0.1462 0.7979
vn -0.2783 0.5925 0.7560
vn 0.4472 -0.6762 0.5855
vn -0.1257 -0.9895 -0.0713
vn -0.5941 -0.2445 -0.7663
vn 0.0306 0.9995 0.0080
vn 0.6160 -0.0968 0.7818
vn 0.3003 0.8558 0.4213
vn -0.2956 -0.8652 -0.4050
vn 0.0358 -0.9991 0.0223
vn 0.5922 0.0464 0.8045
vn -0.4657 0.6693 -0.5789
vn 0.5523 0.3589 0.7524
vn -0.3002 0.8454 -0.4418
vn -0.2626 -0.8948 -0.3612
vn 0.0126 -0.9999 -0.0031
vn 0.5983 0.1610 0.7849
vn -0.4527 0.7073 -0.5430
vn 0.5764 0.2466 0.7791
vn -0.3242 0.8143 -0.4814
vn -0.4895 -0.5978 -0.6348
vn 0.5394 -0.4714 0.6977
vn -0.0140 -0.9999 -0.0067
vn -0.5726 0.2743 -0.7726
vn -0.2851 0.9015 -0.3258
vn 0.4764 0.6553 0.5862
vn -0.2099 -0.9344 -0.2879
vn -0.0301 -0.9983 -0.0500
vn 0.5940 0.2423 0.7671
vn -0.4008 0.7859 -0.4708
vn 0.5890 0.1517 0.7938
vn -0.3185 0.8219 -0.4722
vn -0.1184 0.9833 -0.1382
vn 0.3634 0.7183 -0.5933
vn -0.6002 0.7160 0.3564
vn -0.7198 0.2739 0.6379
vn -0.7053 -0.0116 0.7088
vn 0.7175 0.0018 -0.6965
vn 0.8699 -0.4899 0.0575
vn 0.6288 -0.6487 0.4288
vn 0.6919 -0.0138 -0.7219
vn -0.4879 -0.2040 0.8487
vn 0.0539 -0.4744 0.8787
vn -0.7425 0.0418 0.6686
vn -0.7159 -0.0082 0.6981
vn 0.4177 -0.6611 0.6232
vn 0.0233 -0.5114 0.8590
vn 0.8645 -0.5022 0.0216
vn 0.8476 -0.2194 -0.4831
vn 0.6871 0.0235 -0.7262
vn 0.5338 0.2067 -0.8200
vn -0.2697 0.6680 -0.6935
vn 0.1056 0.5505 -0.8281
vn 0.7155 -0.0123 -0.6985
vn -0.8325 0.5451 0.0994
vn -0.7128 -0.0115 0.7013
vn -0.7734 0.6080 0.1795
vn -0.3476 0.7934 -0.4997
vn -0.7152 -0.0115 0.6988
vn 0.1873 0.6131 -0.7675
vn 0.5536 0.2409 -0.7972
vn 0.7146 -0.0151 -0.6993
vn -0.6241 0.7499 0.2193
vn -0.6134 0.7424 0.2693
vn 0.2195 0.7588 -0.6132
vn -0.7432 0.3274 0.5835
vn -0.6947 -0.0473 0.7178
vn 0.7198 -0.0002 -0.6942
vn 0.3225 0.7246 -0.6090
vn -0.2526 0.9448 -0.2085
vn -0.6010 0.7246 0.3373
vn -0.7358 0.3139 0.6001
vn -0.6980 -0.0395 0.7150
vn 0.6928 -0.0137 -0.7210
vn 0.7514 0.2764 0.5991
vn -0.3800 -0.8718 -0.3090
vn -0.4451 0.8066 -0.3889
vn 0.7824 0.1277 0.6095
vn -0.6103 0.6624 -0.4345
vn 0.0317 -0.9995 0.0078
vn 0.7932 -0.0000 0.6090
vn 0.8807 -0.3966 0.2590
vn 0.8825 0.2999 0.3622
vn 0.9680 -0.0000 0.2508
vn 0.9937 -0.0000 0.1118
vn 0.3594 -0.0000 0.9332
vn 0.4504 -0.0000 0.8928
vn 0.9713 -0.0150 0.2372
vn 0.4879 -0.0000 -0.8729
vn 0.9908 0.0962 0.0954
vn -0.5121 -0.0000 0.8590
vn -0.1468 -0.7289 0.6687
vn 0.0556 0.5417 0.8388
vn -0.6738 0.5680 -0.4726
vn 0.5276 -0.7219 -0.4479
vn 0.7538 0.5370 -0.3786
vn 0.0483 0.5370 0.8422
vn -0.1781 -0.7372 0.6517
vn 0.4759 -0.7366 -0.4805
vn 0.7516 0.5385 -0.3809
vn -0.4193 -0.5205 0.7439
vn 0.0178 0.9998 0.0109
vn 0.0487 0.5367 0.8424
vn -0.1782 -0.7372 0.6517
vn 0.4350 -0.5210 -0.7344
vn 0.4758 -0.7367 -0.4805
vn 0.7670 0.5267 -0.3665
vn -0.0531 -0.6967 0.7154
vn 0.4704 -0.8052 0.3611
vn -0.7990 -0.1331 -0.5864
vn -0.9944 0.1051 0.0043
vn 0.3783 0.8708 0.3139
vn -0.0195 0.6242 0.7810
vn 0.5835 -0.6762 0.4498
vn -0.1398 -0.9895 -0.0365
vn -0.7722 -0.2445 -0.5864
vn 0.0316 0.9995 -0.0001
vn 0.7974 -0.0968 0.5957
vn 0.3991 0.8558 0.3292
vn -0.3904 -0.8652 -0.3147
vn 0.0404 -0.9991 0.0123
vn 0.7802 0.0464 0.6238
vn -0.5997 0.6693 -0.4386
vn 0.7283 0.3589 0.5838
vn -0.4043 0.8454 -0.3490
vn -0.3471 -0.8948 -0.2809
vn 0.0114 -0.9999 -0.0063
vn 0.7811 0.1610 0.6034
vn -0.5778 0.7073 -0.4073
vn 0.7584 0.2466 0.6033
vn -0.4378 0.8143 -0.3811
vn -0.6372 -0.5978 -0.4865
vn 0.7016 -0.4714 0.5343
vn -0.0152 -0.9999 -0.0028
vn -0.7531 0.2743 -0.5980
vn -0.3597 0.9014 -0.2408
vn 0.6119 0.6553 0.4430
vn -0.2772 -0.9344 -0.2238
vn -0.0421 -0.9983 -0.0405
vn 0.7723 0.2423 0.5873
vn -0.5090 0.7859 -0.3510
vn 0.7744 0.1517 0.6143
vn -0.4299 0.8219 -0.3737
vn -0.1501 0.9833 -0.1028
vn 0.1975 0.7182 -0.6672
vn -0.4875 0.7161 0.4996
vn -0.5301 0.2739 0.8025
vn -0.4979 -0.0115 0.8672
vn 0.5128 0.0017 -0.8585
vn 0.8551 -0.4899 -0.1697
vn 0.7183 -0.6487 0.2513
vn 0.4813 -0.0137 -0.8764
vn -0.2516 -0.2040 0.9461
vn 0.2795 -0.4744 0.8348
vn -0.5440 0.0416 0.8381
vn -0.5107 -0.0084 0.8597
vn 0.5648 -0.6611 0.4939
vn 0.2449 -0.5114 0.8237
vn 0.8406 -0.5022 -0.2029
vn 0.6937 -0.2193 -0.6860
vn 0.4756 0.0236 -0.8793
vn 0.3033 0.2068 -0.9302
vn -0.4400 0.6680 -0.6002
vn -0.1124 0.5506 -0.8272
vn 0.5102 -0.0121 -0.8600
vn -0.7784 0.5450 0.3116
vn -0.5069 -0.0117 0.8619
vn -0.7006 0.6079 0.3736
vn -0.4651 0.7934 -0.3927
vn -0.5099 -0.0115 0.8601
vn -0.0178 0.6131 -0.7898
vn 0.3284 0.2410 -0.9133
vn 0.5093 -0.0151 -0.8605
vn -0.5459 0.7503 0.3728
vn -0.5229 0.7419 0.4197
vn 0.0537 0.7584 -0.6495
vn -0.5668 0.3278 0.7558
vn -0.4859 -0.0454 0.8729
vn 0.5161 -0.0021 -0.8565
vn 0.1539 0.7246 -0.6717
vn -0.2979 0.9448 -0.1360
vn -0.4932 0.7246 0.4814
vn -0.5554 0.3139 0.7701
vn -0.4891 -0.0395 0.8713
vn 0.4826 -0.0137 -0.8757
vn 0.8809 0.2764 0.3842
vn -0.4470 -0.8718 -0.2001
vn -0.5306 0.8066 -0.2604
vn 0.9135 0.1277 0.3863
vn -0.7020 0.6624 -0.2617
vn 0.0326 -0.9995 -0.0007
vn 0.9238 -0.0000 0.3829
vn 0.9177 -0.3966 0.0223
vn 0.9462 0.2999 0.1214
vn 1.0000 -0.0000 -0.0083
vn 0.9888 -0.0000 -0.1492
vn 0.5887 -0.0000 0.8084
vn 0.6662 -0.0000 0.7458
vn 0.9996 -0.0150 -0.0224
vn 0.2453 -0.0000 -0.9695
vn 0.9817 0.0962 -0.1643
vn -0.2722 -0.0000 0.9622
vn 0.0313 -0.7289 0.6839
vn 0.2708 0.5417 0.7958
vn -0.6890 0.7011 -0.1839
vn 0.3937 -0.7219 -0.5691
vn 0.6301 0.5371 -0.5609
vn 0.2645 0.5370 0.8010
vn -0.0034 -0.7372 0.6756
vn 0.3353 -0.7366 -0.5873
vn 0.6274 0.5385 -0.5625
vn -0.2125 -0.5205 0.8270
vn 0.0200 0.9998 0.0059
vn 0.2650 0.5367 0.8010
vn 0.2301 -0.5210 -0.8220
vn 0.3352 -0.7367 -0.5873
vn 0.6459 0.5267 -0.5526
vn 0.1337 -0.6968 0.7047
vn 0.5478 -0.8052 0.2270
vn -0.9236 -0.1331 -0.3596
vn -0.9595 0.1051 0.2615
vn 0.4467 0.8708 0.2053
vn 0.1834 0.6242 0.7595
vn 0.6800 -0.6762 0.2834
vn -0.1445 -0.9895 0.0011
vn -0.8976 -0.2445 -0.3667
vn 0.0305 0.9995 -0.0082
vn 0.9244 -0.0968 0.3691
vn 0.4707 0.8558 0.2147
vn -0.4585 -0.8652 -0.2029
vn 0.0422 -0.9991 0.0014
vn 0.9151 0.0464 0.4006
vn -0.6928 0.6693 -0.2685
vn 0.8545 0.3589 0.3754
vn -0.4809 0.8454 -0.2325
vn -0.4080 -0.8947 -0.1815
vn 0.0094 -0.9999 -0.0090
vn 0.9106 0.1610 0.3806
vn -0.6636 0.7073 -0.2438
vn 0.8887 0.2466 0.3865
vn -0.5215 0.8143 -0.2548
vn -0.7414 -0.5978 -0.3050
vn 0.8160 -0.4714 0.3345
vn -0.0154 -0.9999 0.0012
vn -0.8822 0.2742 -0.3827
vn -0.4098 0.9014 -0.1396
vn 0.7057 0.6553 0.2695
vn -0.3257 -0.9344 -0.1444
vn -0.0511 -0.9983 -0.0282
vn 0.8980 0.2423 0.3674
vn -0.5825 0.7859 -0.2073
vn 0.9070 0.1517 0.3929
vn -0.5120 0.8219 -0.2496
vn -0.1716 0.9833 -0.0604
vn 0.0181 0.7182 -0.6956
vn -0.3416 0.7161 0.6087
vn -0.3044 0.2739 0.9123
vn -0.2565 -0.0115 0.9665
vn 0.2732 0.0017 -0.9620
vn 0.7821 -0.4899 -0.3851
vn 0.7589 -0.6487 0.0569
vn 0.2383 -0.0138 -0.9711
vn 0.0018 -0.2040 0.9790
vn 0.4860 -0.4744 0.7340
vn -0.3087 0.0418 0.9502
vn -0.2709 -0.0083 0.9626
vn 0.6734 -0.6611 0.3308
vn 0.4497 -0.5114 0.7322
vn 0.7595 -0.5022 -0.4136
vn 0.4925 -0.2193 -0.8422
vn 0.2319 0.0236 -0.9725
vn 0.0523 0.2067 -0.9770
vn -0.5804 0.6680 -0.4657
vn -0.3226 0.5505 -0.7700
vn 0.2704 -0.0123 -0.9627
vn -0.6713 0.5451 0.5023
vn -0.2667 -0.0114 0.9637
vn -0.5801 0.6081 0.5420
vn -0.5509 0.7934 -0.2590
vn -0.2702 -0.0112 0.9627
vn -0.2214 0.6130 -0.7584
vn 0.0809 0.2408 -0.9672
vn 0.2695 -0.0155 -0.9629
vn -0.4309 0.7502 0.5016
vn -0.3965 0.7421 0.5405
vn -0.1163 0.7586 -0.6411
vn -0.3519 0.3276 0.8768
vn -0.2432 -0.0461 0.9689
vn 0.2766 -0.0014 -0.9610
vn -0.0252 0.7247 -0.6886
vn -0.3230 0.9448 -0.0543
vn -0.3518 0.7245 0.5927
vn -0.3371 0.3139 0.8876
vn -0.2469 -0.0397 0.9682
vn 0.2395 -0.0134 -0.9708
vn -0.3842 0.2764 0.8809
vn 0.2002 -0.8718 -0.4470
vn 0.2604 0.8066 -0.5306
vn -0.3863 0.1277 0.9135
vn 0.2617 0.6624 -0.7020
vn 0.0007 -0.9995 0.0326
vn -0.3829 -0.0000 0.9238
vn -0.0223 -0.3966 0.9177
vn -0.1214 0.2999 0.9462
vn 0.0083 -0.0000 1.0000
vn 0.1492 -0.0000 0.9888
vn -0.8084 -0.0000 0.5886
vn -0.7458 -0.0000 0.6662
vn 0.0223 -0.0150 0.9996
vn 0.9694 -0.0000 0.2453
vn 0.1643 0.0962 0.9817
vn -0.9622 -0.0000 -0.2723
vn -0.6840 -0.7289 0.0313
vn -0.7958 0.5417 0.2707
vn 0.0520 0.6536 -0.7550
vn 0.5691 -0.7219 0.3937
vn 0.5609 0.5371 0.6300
vn -0.8010 0.5370 0.2645
vn -0.6756 -0.7372 -0.0034
vn 0.5873 -0.7366 0.3353
vn 0.5625 0.5385 0.6274
vn -0.8270 -0.5205 -0.2124
vn -0.0059 0.9998 0.0200
vn -0.8010 0.5367 0.2650
vn 0.8220 -0.5210 0.2301
vn 0.5873 -0.7367 0.3352
vn 0.5526 0.5267 0.6459
vn -0.7047 -0.6968 0.1337
vn -0.2270 -0.8052 0.5478
vn 0.3596 -0.1331 -0.9236
vn -0.2615 0.1052 -0.9595
vn -0.2053 0.8708 0.4467
vn -0.7595 0.6241 0.1834
vn -0.2834 -0.6762 0.6800
vn -0.0011 -0.9895 -0.1446
vn 0.3667 -0.2446 -0.8976
vn 0.0082 0.9995 0.0305
vn -0.3691 -0.0968 0.9243
vn -0.2147 0.8558 0.4707
vn 0.2029 -0.8652 -0.4585
vn -0.0014 -0.9991 0.0422
vn -0.4005 0.0464 0.9151
vn 0.2684 0.6693 -0.6928
vn -0.3754 0.3589 0.8545
vn 0.2325 0.8454 -0.4809
vn 0.1815 -0.8948 -0.4080
vn 0.0090 -0.9999 0.0094
vn -0.3806 0.1610 0.9106
vn 0.2439 0.7073 -0.6635
vn -0.3864 0.2466 0.8887
vn 0.2548 0.8143 -0.5215
vn 0.3050 -0.5978 -0.7414
vn -0.3345 -0.4714 0.8160
vn -0.0012 -0.9999 -0.0154
vn 0.3827 0.2742 -0.8822
vn 0.1396 0.9015 -0.4097
vn -0.2695 0.6553 0.7057
vn 0.1444 -0.9344 -0.3257
vn 0.0282 -0.9983 -0.0512
vn -0.3674 0.2423 0.8980
vn 0.2073 0.7859 -0.5825
vn -0.3929 0.1517 0.9070
vn 0.2497 0.8219 -0.5120
vn 0.0605 0.9833 -0.1716
vn 0.6956 0.7182 0.0181
vn -0.6087 0.7161 -0.3416
vn -0.9123 0.2739 -0.3044
vn -0.9665 -0.0114 -0.2565
vn 0.9620 0.0016 0.2732
vn 0.3852 -0.4899 0.7820
vn -0.0568 -0.6487 0.7589
vn 0.9712 -0.0136 0.2381
vn -0.9790 -0.2040 0.0019
vn -0.7340 -0.4744 0.4860
vn -0.9503 0.0416 -0.3085
vn -0.9624 -0.0079 -0.2714
vn -0.3311 -0.6612 0.6733
vn -0.7324 -0.5113 0.4495
vn 0.4133 -0.5023 0.7595
vn 0.8421 -0.2194 0.4926
vn 0.9723 0.0231 0.2324
vn 0.9770 0.2067 0.0522
vn 0.4658 0.6680 -0.5804
vn 0.7699 0.5506 -0.3226
vn 0.9627 -0.0122 0.2703
vn -0.5024 0.5450 -0.6712
vn -0.9637 -0.0116 -0.2666
vn -0.5422 0.6079 -0.5800
vn 0.2590 0.7934 -0.5509
vn -0.9628 -0.0117 -0.2699
vn 0.7582 0.6132 -0.2216
vn 0.9672 0.2410 0.0808
vn 0.9630 -0.0150 0.2692
vn -0.5016 0.7502 -0.4308
vn -0.5404 0.7421 -0.3965
vn 0.6412 0.7586 -0.1163
vn -0.8768 0.3276 -0.3519
vn -0.9689 -0.0461 -0.2432
vn 0.9610 -0.0014 0.2766
vn 0.6887 0.7246 -0.0252
vn 0.0543 0.9448 -0.3231
vn -0.5926 0.7246 -0.3518
vn -0.8876 0.3139 -0.3372
vn -0.9682 -0.0394 -0.2470
vn 0.9708 -0.0138 0.2396
vn -0.5991 0.2764 0.7515
vn 0.3090 -0.8718 -0.3800
vn 0.3889 0.8066 -0.4451
vn -0.6096 0.1277 0.7824
vn 0.4345 0.6624 -0.6103
vn -0.0077 -0.9995 0.0317
vn -0.6090 -0.0000 0.7932
vn -0.2590 -0.3966 0.8807
vn -0.3622 0.2999 0.8825
vn -0.2508 -0.0000 0.9680
vn -0.1118 -0.0000 0.9937
vn -0.9332 -0.0000 0.3594
vn -0.8928 -0.0000 0.4504
vn -0.2372 -0.0150 0.9713
vn 0.8729 -0.0000 0.4879
vn -0.0954 0.0962 0.9908
vn -0.8590 -0.0000 -0.5120
vn -0.6687 -0.7289 -0.1468
vn -0.8388 0.5417 0.0556
vn 0.3298 0.6138 -0.7173
vn 0.4479 -0.7218 0.5276
vn 0.3787 0.5370 0.7538
vn -0.8422 0.5370 0.0483
vn -0.6517 -0.7372 -0.1781
vn 0.4805 -0.7366 0.4759
vn 0.3809 0.5385 0.7516
vn -0.7439 -0.5205 -0.4192
vn -0.0109 0.9998 0.0178
vn -0.8423 0.5368 0.0487
vn -0.6517 -0.7372 -0.1782
vn 0.7344 -0.5210 0.4350
vn 0.4805 -0.7367 0.4758
vn 0.3666 0.5267 0.7669
vn 0.0308 0.1176 -0.9926
vn 0.2748 -0.8671 -0.4155
vn 0.3723 0.8089 -0.4550
vn -0.7119 -0.7011 -0.0413
vn -0.6194 0.1462 0.7713
vn -0.8022 0.5926 -0.0731
vn -0.4498 -0.6762 0.5835
vn 0.0364 -0.9895 -0.1399
vn 0.5865 -0.2445 -0.7722
vn 0.0001 0.9995 0.0315
vn -0.5957 -0.0968 0.7973
vn -0.3292 0.8558 0.3992
vn 0.3147 -0.8652 -0.3904
vn -0.0123 -0.9991 0.0404
vn -0.6238 0.0464 0.7802
vn 0.4386 0.6693 -0.5996
vn -0.5838 0.3589 0.7283
vn 0.3490 0.8454 -0.4044
vn 0.2809 -0.8948 -0.3471
vn 0.0063 -0.9999 0.0114
vn -0.6034 0.1610 0.7810
vn 0.4073 0.7073 -0.5778
vn -0.6033 0.2466 0.7584
vn 0.3811 0.8143 -0.4378
vn 0.4865 -0.5978 -0.6371
vn -0.5343 -0.4714 0.7016
vn 0.0028 -0.9999 -0.0152
vn 0.5980 0.2742 -0.7531
vn 0.2409 0.9014 -0.3597
vn -0.4430 0.6553 0.6119
vn 0.2238 -0.9344 -0.2772
vn 0.0404 -0.9983 -0.0421
vn -0.5873 0.2423 0.7723
vn 0.3510 0.7859 -0.5090
vn -0.6143 0.1517 0.7744
vn 0.3737 0.8219 -0.4299
vn 0.1029 0.9833 -0.1502
vn 0.6672 0.7182 0.1975
vn -0.4996 0.7161 -0.4875
vn -0.8024 0.2739 -0.5301
vn -0.8672 -0.0115 -0.4979
vn 0.8585 0.0017 0.5128
vn 0.1695 -0.4900 0.8551
vn -0.2516 -0.6487 0.7183
vn 0.8762 -0.0140 0.4818
vn -0.9461 -0.2039 -0.2517
vn -0.8349 -0.4743 0.2793
vn -0.8378 0.0420 -0.5444
vn -0.8594 -0.0079 -0.5112
vn -0.4940 -0.6611 0.5647
vn -0.8238 -0.5113 0.2447
vn 0.2027 -0.5023 0.8406
vn 0.6859 -0.2194 0.6938
vn 0.8791 0.0232 0.4761
vn 0.9302 0.2066 0.3034
vn 0.5999 0.6681 -0.4401
vn 0.8273 0.5505 -0.1122
vn 0.8597 -0.0126 0.5106
vn -0.3113 0.5451 -0.7784
vn -0.8617 -0.0112 -0.5073
vn -0.3735 0.6080 -0.7006
vn 0.3928 0.7934 -0.4651
vn -0.8601 -0.0115 -0.5100
vn 0.7898 0.6131 -0.0177
vn 0.9133 0.2409 0.3284
vn 0.8605 -0.0152 0.5093
vn -0.3731 0.7501 -0.5460
vn -0.4192 0.7422 -0.5228
vn 0.6493 0.7587 0.0535
vn -0.7560 0.3275 -0.5668
vn -0.8730 -0.0466 -0.4855
vn 0.8567 -0.0009 0.5158
vn 0.6717 0.7246 0.1539
vn 0.1361 0.9448 -0.2980
vn -0.4814 0.7246 -0.4932
vn -0.7701 0.3139 -0.5554
vn -0.8713 -0.0394 -0.4891
vn 0.8757 -0.0137 0.4826
vn -0.7732 0.2764 0.5708
vn 0.3969 -0.8718 -0.2871
vn 0.4908 0.8066 -0.3293
vn -0.7913 0.1277 0.5979
vn 0.5776 0.6624 -0.4771
vn -0.0157 -0.9995 0.0286
vn -0.7935 -0.0000 0.6085
vn -0.4781 -0.3966 0.7836
vn -0.5782 0.2999 0.7587
vn -0.4928 -0.0000 0.8701
vn -0.3653 -0.0001 0.9309
vn -0.9944 -0.0000 0.1056
vn -0.9790 -0.0000 0.2040
vn -0.4805 -0.0150 0.8769
vn 0.7169 -0.0000 0.6972
vn -0.3486 0.0962 0.9323
vn -0.6972 -0.0000 -0.7169
vn -0.6080 -0.7289 -0.3149
vn -0.8246 0.5417 -0.1634
vn 0.2961 -0.7219 0.6255
vn 0.1707 0.5371 0.8261
vn -0.8260 0.5370 -0.1713
vn -0.5834 -0.7372 -0.3408
vn 0.3410 -0.7366 0.5840
vn 0.1734 0.5385 0.8246
vn -0.6100 -0.5205 -0.5975
vn -0.0151 0.9998 0.0144
vn -0.8263 0.5367 -0.1710
vn 0.5968 -0.5209 0.6103
vn 0.3411 -0.7367 0.5840
vn 0.1556 0.5267 0.8357
vn -0.6771 -0.6968 -0.2366
vn -0.4705 -0.8052 0.3609
vn 0.7732 -0.1331 -0.6200
vn 0.2532 0.1052 -0.9617
vn -0.4011 0.8708 0.2842
vn -0.7494 0.6242 -0.2209
vn -0.5855 -0.6762 0.4472
vn 0.0713 -0.9895 -0.1257
vn 0.7663 -0.2445 -0.5941
vn -0.0081 0.9995 0.0305
vn -0.7818 -0.0968 0.6160
vn -0.4213 0.8558 0.3003
vn 0.4050 -0.8652 -0.2957
vn -0.0223 -0.9991 0.0358
vn -0.8044 0.0464 0.5922
vn 0.5789 0.6693 -0.4657
vn -0.7524 0.3589 0.5524
vn 0.4418 0.8454 -0.3002
vn 0.3612 -0.8948 -0.2625
vn 0.0031 -0.9999 0.0126
vn -0.7849 0.1610 0.5983
vn 0.5429 0.7073 -0.4527
vn -0.7790 0.2466 0.5764
vn 0.4814 0.8143 -0.3243
vn 0.6348 -0.5978 -0.4895
vn -0.6977 -0.4714 0.5395
vn 0.0066 -0.9999 -0.0140
vn 0.7725 0.2742 -0.5727
vn 0.3258 0.9014 -0.2851
vn -0.5862 0.6553 0.4764
vn 0.2879 -0.9344 -0.2099
vn 0.0500 -0.9983 -0.0302
vn -0.7671 0.2423 0.5940
vn 0.4707 0.7859 -0.4009
vn -0.7938 0.1518 0.5890
vn 0.4722 0.8219 -0.3185
vn 0.1382 0.9833 -0.1185
vn 0.5933 0.7182 0.3635
vn -0.3564 0.7161 -0.6002
vn -0.6379 0.2739 -0.7198
vn -0.7088 -0.0116 -0.7053
vn 0.6965 0.0017 0.7176
vn -0.0575 -0.4899 0.8699
vn -0.4288 -0.6487 0.6288
vn 0.7219 -0.0138 0.6919
vn -0.8487 -0.2040 -0.4879
vn -0.8787 -0.4744 0.0539
vn -0.6686 0.0418 -0.7425
vn -0.6979 -0.0080 -0.7162
vn -0.6233 -0.6611 0.4176
vn -0.8591 -0.5114 0.0232
vn -0.0217 -0.5023 0.8644
vn 0.4830 -0.2194 0.8477
vn 0.7259 0.0232 0.6874
vn 0.8200 0.2067 0.5338
vn 0.6935 0.6680 -0.2697
vn 0.8281 0.5505 0.1056
vn 0.6985 -0.0123 0.7155
vn -0.0994 0.5451 -0.8325
vn -0.7013 -0.0115 -0.7128
vn -0.1795 0.6079 -0.7734
vn 0.4998 0.7933 -0.3476
vn -0.6988 -0.0115 -0.7152
vn 0.7675 0.6131 0.1873
vn 0.7972 0.2409 0.5535
vn 0.6993 -0.0151 0.7146
vn -0.2190 0.7502 -0.6239
vn -0.2698 0.7421 -0.6136
vn 0.6134 0.7586 0.2198
vn -0.5834 0.3276 -0.7432
vn -0.7175 -0.0461 -0.6950
vn 0.6939 -0.0014 0.7201
vn 0.6090 0.7246 0.3225
vn 0.2086 0.9448 -0.2527
vn -0.3373 0.7246 -0.6010
vn -0.6000 0.3139 -0.7358
vn -0.7150 -0.0393 -0.6980
vn 0.7209 -0.0138 0.6929
vn -0.8946 0.2764 0.3512
vn 0.4576 -0.8718 -0.1746
vn 0.5593 0.8066 -0.1910
vn -0.9191 0.1277 0.3728
vn 0.6814 0.6624 -0.3113
vn -0.0226 -0.9995 0.0236
vn -0.9240 -0.0000 0.3824
vn -0.6647 -0.3966 0.6332
vn -0.7549 0.2999 0.5832
vn -0.7012 -0.0000 0.7129
vn -0.5937 -0.0000 0.8047
vn -0.9879 -0.0000 -0.1554
vn -0.9984 -0.0000 -0.0563
vn -0.6910 -0.0150 0.7227
vn 0.5120 -0.0000 0.8590
vn -0.5780 0.0962 0.8103
vn -0.4879 -0.0000 -0.8729
vn -0.5058 -0.7288 -0.4615
vn -0.7541 0.5417 -0.3713
vn 0.5037 0.7329 -0.4574
vn 0.1241 -0.7219 0.6808
vn -0.0489 0.5371 0.8421
vn -0.7534 0.5370 -0.3794
vn -0.4754 -0.7372 -0.4801
vn 0.1782 -0.7366 0.6524
vn -0.0459 0.5385 0.8414
vn -0.4346 -0.5205 -0.7350
vn -0.0183 0.9998 0.0099
vn -0.7538 0.5368 -0.3790
vn 0.4185 -0.5209 0.7440
vn -0.0660 0.5267 0.8475
vn 0.5229 0.1177 -0.8442
vn 0.4457 -0.8671 -0.2224
vn 0.5500 0.8089 -0.2079
vn -0.5959 -0.7011 -0.3917
vn -0.9221 0.1462 0.3583
vn -0.6582 0.5925 -0.4644
vn -0.6813 -0.6762 0.2804
vn 0.1014 -0.9895 -0.1030
vn 0.8940 -0.2446 -0.3755
vn -0.0157 0.9995 0.0274
vn -0.9146 -0.0968 0.3926
vn -0.4846 0.8558 0.1811
vn 0.4677 -0.8652 -0.1808
vn -0.0308 -0.9991 0.0289
vn -0.9303 0.0464 0.3638
vn 0.6797 0.6693 -0.3000
vn -0.8697 0.3589 0.3388
vn 0.5044 0.8454 -0.1757
vn 0.4169 -0.8948 -0.1601
vn -0.0003 -0.9999 0.0130
vn -0.9130 0.1610 0.3747
vn 0.6416 0.7073 -0.2968
vn -0.9017 0.2466 0.3552
vn 0.5489 0.8143 -0.1886
vn 0.7399 -0.5978 -0.3085
vn -0.8135 -0.4714 0.3405
vn 0.0100 -0.9999 -0.0118
vn 0.8944 0.2742 -0.3532
vn 0.3884 0.9014 -0.1911
vn -0.6895 0.6553 0.3084
vn 0.3324 -0.9344 -0.1282
vn 0.0561 -0.9983 -0.0162
vn -0.8947 0.2423 0.3751
vn 0.5585 0.7859 -0.2653
vn -0.9191 0.1518 0.3635
vn 0.5385 0.8219 -0.1855
vn 0.1641 0.9833 -0.0786
vn 0.4790 0.7182 0.5046
vn -0.1889 0.7161 -0.6720
vn -0.4299 0.2739 -0.8603
vn -0.5021 -0.0116 -0.8647
vn 0.4871 0.0018 0.8734
vn -0.2807 -0.4899 0.8253
vn -0.5769 -0.6487 0.4963
vn 0.5181 -0.0139 0.8552
vn -0.6935 -0.2039 -0.6910
vn -0.8627 -0.4744 -0.1754
vn -0.4535 0.0419 -0.8903
vn -0.4888 -0.0081 -0.8723
vn -0.7102 -0.6611 0.2421
vn -0.8358 -0.5114 -0.1999
vn -0.2447 -0.5022 0.8294
vn 0.2472 -0.2194 0.9438
vn 0.5234 0.0233 0.8518
vn 0.6539 0.2068 0.7278
vn 0.7397 0.6680 -0.0810
vn 0.7726 0.5506 0.3163
vn 0.4896 -0.0122 0.8719
vn 0.1194 0.5450 -0.8299
vn -0.4930 -0.0116 -0.8700
vn 0.0267 0.6079 -0.7936
vn 0.5727 0.7934 -0.2063
vn -0.4900 -0.0116 -0.8717
vn 0.6928 0.6132 0.3795
vn 0.6268 0.2410 0.7410
vn 0.4906 -0.0150 0.8713
vn -0.0501 0.7501 -0.6594
vn -0.1017 0.7422 -0.6625
vn 0.5356 0.7586 0.3710
vn -0.3712 0.3276 -0.8688
vn -0.5132 -0.0464 -0.8570
vn 0.4840 -0.0011 0.8751
vn 0.5048 0.7246 0.4692
vn 0.2668 0.9448 -0.1900
vn -0.1703 0.7246 -0.6678
vn -0.3892 0.3140 -0.8660
vn -0.5100 -0.0394 -0.8593
vn 0.5171 -0.0138 0.8558
vn -0.9550 0.2764 0.1077
vn 0.4872 -0.8718 -0.0502
vn 0.5897 0.8066 -0.0397
vn -0.9843 0.1277 0.1222
vn 0.7388 0.6624 -0.1243
vn -0.0279 -0.9995 0.0169
vn -0.9915 -0.0000 0.1302
vn -0.8059 -0.3966 0.4396
vn -0.8801 0.2999 0.3680
vn -0.8618 -0.0000 0.5072
vn -0.7817 -0.0000 0.6236
vn -0.9140 -0.0000 -0.4058
vn -0.9498 -0.0000 -0.3128
vn -0.8545 -0.0150 0.5192
vn 0.2723 -0.0000 0.9622
vn -0.7681 0.0962 0.6331
vn -0.2453 -0.0000 -0.9694
vn -0.3691 -0.7289 -0.5767
vn -0.6324 0.5416 -0.5538
vn 0.8293 0.4711 -0.3006
vn -0.0563 -0.7218 0.6898
vn -0.2652 0.5370 0.8008
vn -0.6296 0.5369 -0.5615
vn -0.3349 -0.7372 -0.5868
vn 0.0033 -0.7366 0.6763
vn -0.2621 0.5385 0.8008
vn -0.2295 -0.5205 -0.8224
vn -0.0203 0.9998 0.0049
vn -0.6300 0.5367 -0.5613
vn 0.2117 -0.5209 0.8269
vn 0.0034 -0.7366 0.6763
vn -0.2831 0.5267 0.8015
vn 0.7236 0.1176 -0.6801
vn 0.4881 -0.8671 -0.0995
vn 0.5851 0.8089 -0.0585
vn -0.4742 -0.7011 -0.5326
vn -0.9834 0.1462 0.1074
vn -0.5156 0.5925 -0.6189
vn -0.7307 -0.6762 0.0946
vn 0.1247 -0.9895 -0.0732
vn 0.9607 -0.2445 -0.1313
vn -0.0223 0.9995 0.0224
vn -0.9850 -0.0968 0.1426
vn -0.5150 0.8558 0.0495
vn 0.4986 -0.8652 -0.0535
vn -0.0372 -0.9991 0.0199
vn -0.9928 0.0464 0.1106
vn 0.7342 0.6693 -0.1139
vn -0.9278 0.3589 0.1022
vn 0.5327 0.8454 -0.0391
vn 0.4441 -0.8948 -0.0468
vn -0.0036 -0.9999 0.0125
vn -0.9789 0.1610 0.1257
vn 0.6966 0.7073 -0.1206
vn -0.9629 0.2466 0.1097
vn 0.5790 0.8143 -0.0401
vn 0.7945 -0.5978 -0.1065
vn -0.8739 -0.4714 0.1183
vn 0.0128 -0.9999 -0.0088
vn 0.9554 0.2743 -0.1097
vn 0.4247 0.9014 -0.0840
vn -0.7459 0.6553 0.1194
vn 0.3543 -0.9344 -0.0378
vn 0.0584 -0.9983 -0.0012
vn -0.9613 0.2423 0.1308
vn 0.6081 0.7859 -0.1118
vn -0.9819 0.1518 0.1132
vn 0.5682 0.8219 -0.0398
vn 0.1789 0.9833 -0.0335
vn 0.3321 0.7182 0.6115
vn -0.0085 0.7161 -0.6980
vn -0.1926 0.2739 -0.9423
vn -0.2612 -0.0115 -0.9652
vn 0.2444 0.0017 0.9697
vn -0.4848 -0.4900 0.7245
vn -0.6858 -0.6487 0.3300
vn 0.2789 -0.0140 0.9602
vn -0.4910 -0.2039 -0.8469
vn -0.7879 -0.4743 -0.3928
vn -0.2075 0.0420 -0.9773
vn -0.2462 -0.0079 -0.9692
vn -0.7486 -0.6611 0.0499
vn -0.7555 -0.5113 -0.4095
vn -0.4511 -0.5023 0.7377
vn -0.0056 -0.2194 0.9756
vn 0.2849 0.0231 0.9583
vn 0.4432 0.2067 0.8722
vn 0.7355 0.6680 0.1132
vn 0.6643 0.5505 0.5055
vn 0.2472 -0.0123 0.9689
vn 0.3302 0.5451 -0.7706
vn -0.2509 -0.0115 -0.9679
vn 0.2313 0.6080 -0.7595
vn 0.6066 0.7934 -0.0512
vn -0.2476 -0.0115 -0.9688
vn 0.5710 0.6131 0.5459
vn 0.4136 0.2409 0.8780
vn 0.2483 -0.0152 0.9686
vn 0.1223 0.7502 -0.6498
vn 0.0732 0.7421 -0.6663
vn 0.4213 0.7585 0.4971
vn -0.1337 0.3277 -0.9353
vn -0.2738 -0.0460 -0.9607
vn 0.2409 -0.0015 0.9706
vn 0.3662 0.7246 0.5838
vn 0.3069 0.9448 -0.1145
vn 0.0084 0.7246 -0.6891
vn -0.1518 0.3140 -0.9372
vn -0.2702 -0.0393 -0.9620
vn 0.2779 -0.0138 0.9605
vn -0.9503 0.2764 -0.1431
vn 0.4836 -0.8719 0.0776
vn 0.5799 0.8066 0.1142
vn -0.9823 0.1277 -0.1367
vn 0.7458 0.6624 0.0711
vn -0.0313 -0.9995 0.0091
vn -0.9914 -0.0000 -0.1308
vn -0.8922 -0.3966 0.2160
vn -0.9454 0.3000 0.1277
vn -0.9637 -0.0000 0.2669
vn -0.9165 -0.0000 0.4000
vn -0.7778 -0.0000 -0.6285
vn -0.8365 -0.0000 -0.5480
vn -0.9598 -0.0150 0.2804
vn 0.0140 -0.0000 0.9999
vn -0.9058 0.0962 0.4128
vn 0.0140 -0.0000 -0.9999
vn -0.2072 -0.7289 -0.6525
vn -0.4675 0.5417 -0.6986
vn -0.2330 -0.7218 0.6517
vn -0.4634 0.5370 0.7048
vn -0.4628 0.5369 -0.7053
vn -0.1716 -0.7372 -0.6535
vn -0.1719 -0.7366 0.6541
vn -0.4604 0.5385 0.7057
vn -0.0088 -0.5205 -0.8538
vn -0.0209 0.9998 -0.0005
vn -0.4633 0.5368 -0.7052
vn -0.0095 -0.5210 0.8535
vn -0.1718 -0.7366 0.6541
vn -0.4809 0.5267 0.7010
vn -0.3115 -0.6968 -0.6461
vn -0.5879 -0.8052 -0.0775
vn 0.9852 -0.1331 0.1083
vn 0.8591 0.1051 -0.5009
vn -0.4846 0.8708 -0.0827
vn -0.3736 0.6242 -0.6861
vn -0.7302 -0.6762 -0.0978
vn 0.1394 -0.9895 -0.0385
vn 0.9620 -0.2445 0.1218
vn -0.0272 0.9995 0.0159
vn -0.9884 -0.0968 -0.1172
vn -0.5103 0.8558 -0.0855
vn 0.4954 -0.8652 0.0773
vn -0.0411 -0.9991 0.0096
vn -0.9876 0.0464 -0.1501
vn 0.7387 0.6693 0.0800
vn -0.9226 0.3589 -0.1415
vn 0.5247 0.8454 0.1001
vn 0.4411 -0.8948 0.0697
vn -0.0068 -0.9999 0.0111
vn -0.9781 0.1610 -0.1320
vn 0.7040 0.7073 0.0638
vn -0.9585 0.2466 -0.1433
vn 0.5697 0.8143 0.1111
vn 0.7950 -0.5978 0.1027
vn -0.8748 -0.4714 -0.1119
vn 0.0146 -0.9999 -0.0052
vn 0.9512 0.2743 0.1413
vn 0.4319 0.9015 0.0288
vn -0.7514 0.6553 -0.0777
vn 0.3520 -0.9344 0.0552
vn 0.0567 -0.9983 0.0140
vn -0.9624 0.2423 -0.1225
vn 0.6163 0.7859 0.0495
vn -0.9778 0.1517 -0.1448
vn 0.5591 0.8219 0.1086
vn 0.1815 0.9833 0.0140
vn 0.1625 0.7182 0.6766
vn 0.1724 0.7161 -0.6764
vn 0.0579 0.2739 -0.9600
vn -0.0024 -0.0115 -0.9999
vn -0.0149 0.0017 0.9999
vn -0.6557 -0.4899 0.5744
vn -0.7478 -0.6487 0.1414
vn 0.0212 -0.0138 0.9997
vn -0.2551 -0.2040 -0.9452
vn -0.6594 -0.4744 -0.5832
vn 0.0523 0.0418 -0.9978
vn 0.0130 -0.0080 -0.9999
vn -0.7360 -0.6611 -0.1455
vn -0.6238 -0.5114 -0.5911
vn -0.6266 -0.5023 0.5959
vn -0.2579 -0.2194 0.9409
vn 0.0273 0.0232 0.9994
vn 0.2024 0.2067 0.9572
vn 0.6812 0.6680 0.2996
vn 0.5109 0.5505 0.6602
vn -0.0120 -0.0123 0.9999
vn 0.5183 0.5451 -0.6590
vn 0.0081 -0.0115 -0.9999
vn 0.4200 0.6079 -0.6738
vn 0.5992 0.7934 0.1076
vn 0.0115 -0.0116 -0.9999
vn 0.4103 0.6131 0.6751
vn 0.1723 0.2410 0.9551
vn -0.0108 -0.0150 0.9998
vn 0.2863 0.7500 -0.5963
vn 0.2432 0.7423 -0.6243
vn 0.2784 0.7588 0.5889
vn 0.1129 0.3274 -0.9381
vn -0.0162 -0.0469 -0.9988
vn -0.0182 -0.0006 0.9998
vn 0.2026 0.7247 0.6586
vn 0.3260 0.9448 -0.0312
vn 0.1864 0.7245 -0.6636
vn 0.0959 0.3138 -0.9446
vn -0.0121 -0.0397 -0.9991
vn 0.0200 -0.0134 0.9997
vn 0.1431 0.2764 -0.9503
vn -0.0776 -0.8718 0.4836
vn -0.1142 0.8066 0.5799
vn 0.1367 0.1277 -0.9823
vn -0.0711 0.6624 0.7458
vn -0.0091 -0.9995 -0.0313
vn 0.1308 -0.0000 -0.9914
vn -0.2160 -0.3966 -0.8922
vn -0.1277 0.3000 -0.9454
vn -0.2669 -0.0000 -0.9637
vn -0.4000 -0.0000 -0.9165
vn 0.6285 -0.0000 -0.7778
vn 0.5480 -0.0000 -0.8365
vn -0.2804 -0.0150 -0.9598
vn -0.9999 -0.0000 0.0140
vn -0.4127 0.0962 -0.9058
vn 0.9999 -0.0000 0.0140
vn 0.6525 -0.7289 -0.2072
vn 0.6986 0.5417 -0.4675
vn 0.0734 0.5675 0.8201
vn -0.6517 -0.7218 -0.2330
vn -0.7048 0.5371 -0.4634
vn 0.7053 0.5369 -0.4628
vn 0.6535 -0.7372 -0.1716
vn -0.6541 -0.7366 -0.1719
vn -0.7057 0.5385 -0.4604
vn 0.8538 -0.5205 -0.0088
vn 0.0005 0.9998 -0.0209
vn 0.7052 0.5368 -0.4633
vn -0.8535 -0.5210 -0.0095
vn -0.7009 0.5267 -0.4809
vn 0.4697 0.1176 0.8750
vn -0.0302 -0.8671 0.4972
vn -0.0949 0.8089 0.5803
vn 0.6372 -0.7011 -0.3201
vn 0.1508 0.1462 -0.9777
vn 0.7313 0.5925 -0.3378
vn 0.0978 -0.6762 -0.7302
vn 0.0385 -0.9895 0.1393
vn -0.1218 -0.2445 0.9620
vn -0.0159 0.9995 -0.0273
vn 0.1173 -0.0968 -0.9884
vn 0.0855 0.8558 -0.5103
vn -0.0773 -0.8652 0.4954
vn -0.0096 -0.9991 -0.0411
vn 0.1501 0.0464 -0.9876
vn -0.0800 0.6693 0.7386
vn 0.1415 0.3589 -0.9226
vn -0.1001 0.8454 0.5247
vn -0.0697 -0.8948 0.4411
vn -0.0111 -0.9999 -0.0068
vn 0.1320 0.1610 -0.9781
vn -0.0638 0.7073 0.7041
vn 0.1433 0.2466 -0.9585
vn -0.1111 0.8143 0.5697
vn -0.1027 -0.5978 0.7950
vn 0.1119 -0.4714 -0.8748
vn 0.0052 -0.9999 0.0146
vn -0.1413 0.2742 0.9512
vn -0.0288 0.9014 0.4319
vn 0.0777 0.6553 -0.7514
vn -0.0552 -0.9344 0.3520
vn -0.0140 -0.9983 0.0567
vn 0.1225 0.2423 -0.9624
vn -0.0494 0.7859 0.6163
vn 0.1448 0.1517 -0.9778
vn -0.1086 0.8219 0.5591
vn -0.0140 0.9833 0.1815
vn -0.6766 0.7182 0.1625
vn 0.6764 0.7161 0.1724
vn 0.9600 0.2739 0.0579
vn 0.9999 -0.0116 -0.0024
vn -0.9999 0.0018 -0.0149
vn -0.5744 -0.4899 -0.6557
vn -0.1414 -0.6487 -0.7478
vn -0.9997 -0.0138 0.0212
vn 0.9451 -0.2040 -0.2552
vn 0.5832 -0.4744 -0.6594
vn 0.9978 0.0418 0.0523
vn 0.9999 -0.0080 0.0130
vn 0.1455 -0.6611 -0.7360
vn 0.5911 -0.5114 -0.6238
vn -0.5959 -0.5023 -0.6266
vn -0.9409 -0.2194 -0.2579
vn -0.9994 0.0232 0.0273
vn -0.9572 0.2067 0.2024
vn -0.2996 0.6680 0.6812
vn -0.6602 0.5505 0.5109
vn -0.9999 -0.0123 -0.0120
vn 0.6590 0.5451 0.5183
vn 0.9999 -0.0115 0.0081
vn 0.6739 0.6079 0.4199
vn -0.1076 0.7934 0.5992
vn 0.9999 -0.0117 0.0115
vn -0.6751 0.6132 0.4103
vn -0.9551 0.2410 0.1723
vn -0.9998 -0.0150 -0.0107
vn 0.5961 0.7501 0.2863
vn 0.6246 0.7421 0.2431
vn -0.5891 0.7586 0.2783
vn 0.9380 0.3276 0.1129
vn 0.9988 -0.0463 -0.0160
vn -0.9998 -0.0012 -0.0184
vn -0.6586 0.7247 0.2026
vn 0.0311 0.9448 0.3260
vn 0.6636 0.7245 0.1864
vn 0.9446 0.3139 0.0959
vn 0.9991 -0.0397 -0.0121
vn -0.9997 -0.0134 0.0200
vn -0.1077 0.2764 -0.9550
vn 0.0502 -0.8718 0.4872
vn 0.0398 0.8066 0.5897
vn -0.1222 0.1277 -0.9843
vn 0.1243 0.6624 0.7388
vn -0.0169 -0.9995 -0.0279
vn -0.1302 -0.0000 -0.9915
vn -0.4396 -0.3966 -0.8059
vn -0.3680 0.2999 -0.8801
vn -0.5072 -0.0000 -0.8619
vn -0.6236 -0.0000 -0.7818
vn 0.4058 -0.0000 -0.9140
vn 0.3128 -0.0000 -0.9498
vn -0.5192 -0.0150 -0.8545
vn -0.9622 -0.0000 0.2723
vn -0.6331 0.0962 -0.7681
vn 0.9694 -0.0000 -0.2453
vn 0.5767 -0.7289 -0.3691
vn 0.5538 0.5416 -0.6324
vn 0.3675 0.4666 0.8045
vn -0.6898 -0.7218 -0.0563
vn -0.8008 0.5371 -0.2652
vn 0.5615 0.5369 -0.6296
vn 0.5868 -0.7372 -0.3349
vn -0.6763 -0.7366 0.0033
vn -0.8008 0.5385 -0.2621
vn 0.8224 -0.5205 -0.2295
vn -0.0049 0.9998 -0.0203
vn 0.5612 0.5367 -0.6300
vn -0.8269 -0.5210 0.2117
vn -0.8015 0.5267 -0.2831
vn 0.6801 0.1176 0.7236
vn 0.0995 -0.8671 0.4881
vn 0.0585 0.8089 0.5851
vn 0.5326 -0.7011 -0.4741
vn -0.1074 0.1462 -0.9834
vn 0.6189 0.5926 -0.5156
vn -0.0946 -0.6762 -0.7307
vn 0.0732 -0.9895 0.1246
vn 0.1313 -0.2445 0.9607
vn -0.0224 0.9995 -0.0222
vn -0.1426 -0.0968 -0.9850
vn -0.0495 0.8558 -0.5150
vn 0.0535 -0.8652 0.4986
vn -0.0199 -0.9991 -0.0373
vn -0.1106 0.0464 -0.9928
vn 0.1139 0.6693 0.7342
vn -0.1021 0.3589 -0.9278
vn 0.0391 0.8454 0.5327
vn 0.0468 -0.8948 0.4441
vn -0.0125 -0.9999 -0.0036
vn -0.1257 0.1610 -0.9789
vn 0.1206 0.7073 0.6966
vn -0.1097 0.2466 -0.9629
vn 0.0401 0.8143 0.5790
vn 0.1065 -0.5978 0.7945
vn -0.1183 -0.4714 -0.8739
vn 0.0088 -0.9999 0.0127
vn 0.1097 0.2742 0.9554
vn 0.0840 0.9014 0.4247
vn -0.1194 0.6553 -0.7459
vn 0.0378 -0.9344 0.3543
vn 0.0011 -0.9983 0.0584
vn -0.1308 0.2423 -0.9613
vn 0.1117 0.7859 0.6081
vn -0.1132 0.1517 -0.9819
vn 0.0398 0.8219 0.5682
vn 0.0335 0.9833 0.1788
vn -0.6115 0.7182 0.3321
vn 0.6979 0.7161 -0.0085
vn 0.9423 0.2739 -0.1926
vn 0.9652 -0.0115 -0.2611
vn -0.9697 0.0017 0.2444
vn -0.7246 -0.4899 -0.4847
vn -0.3302 -0.6487 -0.6857
vn -0.9601 -0.0137 0.2793
vn 0.8469 -0.2040 -0.4911
vn 0.3927 -0.4744 -0.7879
vn 0.9773 0.0417 -0.2078
vn 0.9692 -0.0079 -0.2462
vn -0.0499 -0.6611 -0.7486
vn 0.4095 -0.5113 -0.7555
vn -0.7377 -0.5023 -0.4511
vn -0.9756 -0.2194 -0.0056
vn -0.9583 0.0231 0.2849
vn -0.8722 0.2067 0.4433
vn -0.1131 0.6680 0.7355
vn -0.5055 0.5505 0.6643
vn -0.9689 -0.0123 0.2472
vn 0.7707 0.5451 0.3301
vn 0.9679 -0.0115 -0.2509
vn 0.7595 0.6080 0.2313
vn 0.0512 0.7934 0.6066
vn 0.9688 -0.0115 -0.2476
vn -0.5459 0.6131 0.5710
vn -0.8780 0.2409 0.4136
vn -0.9686 -0.0152 0.2483
vn 0.6501 0.7499 0.1222
vn 0.6659 0.7424 0.0734
vn -0.4967 0.7588 0.4213
vn 0.9354 0.3274 -0.1338
vn 0.9605 -0.0473 -0.2742
vn -0.9704 -0.0002 0.2413
vn -0.5838 0.7246 0.3662
vn 0.1145 0.9448 0.3069
vn 0.6891 0.7246 0.0084
vn 0.9372 0.3139 -0.1518
vn 0.9620 -0.0394 -0.2702
vn -0.9605 -0.0138 0.2779
vn -0.3512 0.2764 -0.8946
vn 0.1746 -0.8718 0.4576
vn 0.1910 0.8066 0.5593
vn -0.3728 0.1277 -0.9191
vn 0.3113 0.6624 0.6814
vn -0.0236 -0.9995 -0.0226
vn -0.3824 -0.0000 -0.9240
vn -0.6332 -0.3966 -0.6647
vn -0.5832 0.2999 -0.7549
vn -0.7130 -0.0000 -0.7012
vn -0.8047 -0.0000 -0.5937
vn 0.1554 -0.0000 -0.9879
vn 0.0563 -0.0000 -0.9984
vn -0.7227 -0.0150 -0.6910
vn -0.8590 -0.0000 0.5120
vn -0.8104 0.0962 -0.5780
vn 0.8729 -0.0000 -0.4879
vn 0.4615 -0.7288 -0.5058
vn 0.3713 0.5417 -0.7541
vn -0.6809 -0.7218 0.1242
vn -0.8421 0.5371 -0.0489
vn 0.3794 0.5370 -0.7534
vn 0.4801 -0.7372 -0.4754
vn -0.6524 -0.7366 0.1782
vn -0.8414 0.5385 -0.0459
vn 0.7350 -0.5205 -0.4346
vn -0.0100 0.9998 -0.0183
vn 0.3791 0.5367 -0.7538
vn -0.7439 -0.5210 0.4185
vn -0.8475 0.5267 -0.0660
vn 0.8442 0.1177 0.5229
vn 0.2224 -0.8671 0.4457
vn 0.2079 0.8089 0.5500
vn 0.3917 -0.7011 -0.5958
vn -0.3583 0.1462 -0.9221
vn 0.4644 0.5925 -0.6582
vn -0.2804 -0.6762 -0.6813
vn 0.1030 -0.9895 0.1015
vn 0.3755 -0.2445 0.8940
vn -0.0274 0.9995 -0.0156
vn -0.3927 -0.0968 -0.9146
vn -0.1811 0.8558 -0.4847
vn 0.1807 -0.8652 0.4677
vn -0.0289 -0.9991 -0.0309
vn -0.3638 0.0464 -0.9303
vn 0.3001 0.6693 0.6797
vn -0.3388 0.3589 -0.8697
vn 0.1756 0.8454 0.5044
vn 0.1601 -0.8947 0.4169
vn -0.0130 -0.9999 -0.0003
vn -0.3747 0.1610 -0.9130
vn 0.2968 0.7073 0.6416
vn -0.3552 0.2466 -0.9017
vn 0.1886 0.8143 0.5489
vn 0.3085 -0.5978 0.7399
vn -0.3404 -0.4714 -0.8136
vn 0.0118 -0.9999 0.0100
vn 0.3532 0.2742 0.8945
vn 0.1910 0.9015 0.3884
vn -0.3084 0.6553 -0.6895
vn 0.1282 -0.9344 0.3324
vn 0.0162 -0.9983 0.0561
vn -0.3752 0.2423 -0.8947
vn 0.2653 0.7859 0.5585
vn -0.3635 0.1518 -0.9192
vn 0.1855 0.8219 0.5385
vn 0.0786 0.9833 0.1642
vn -0.5046 0.7183 0.4790
vn 0.6720 0.7160 -0.1889
vn 0.8604 0.2738 -0.4299
vn 0.8647 -0.0117 -0.5021
vn -0.8734 0.0019 0.4871
vn -0.8253 -0.4899 -0.2807
vn -0.4963 -0.6487 -0.5769
vn -0.8552 -0.0139 0.5181
vn 0.6910 -0.2039 -0.6935
vn 0.1755 -0.4744 -0.8627
vn 0.8903 0.0419 -0.4535
vn 0.8723 -0.0081 -0.4889
vn -0.2421 -0.6611 -0.7101
vn 0.1999 -0.5114 -0.8358
vn -0.8294 -0.5022 -0.2447
vn -0.9438 -0.2194 0.2472
vn -0.8517 0.0234 0.5235
vn -0.7277 0.2068 0.6540
vn 0.0809 0.6680 0.7398
vn -0.3162 0.5506 0.7726
vn -0.8718 -0.0120 0.4898
vn 0.8299 0.5450 0.1193
vn 0.8699 -0.0118 -0.4931
vn 0.7935 0.6080 0.0268
vn 0.2064 0.7934 0.5727
vn 0.8717 -0.0114 -0.4899
vn -0.3796 0.6131 0.6928
vn -0.7411 0.2409 0.6267
vn -0.8713 -0.0153 0.4905
vn 0.6595 0.7500 -0.0502
vn 0.6623 0.7424 -0.1014
vn -0.3709 0.7587 0.5355
vn 0.8689 0.3275 -0.3713
vn 0.8569 -0.0469 -0.5134
vn -0.8750 -0.0006 0.4842
vn -0.4691 0.7247 0.5047
vn 0.1900 0.9448 0.2668
vn 0.6678 0.7245 -0.1703
vn 0.8660 0.3139 -0.3892
vn 0.8592 -0.0396 -0.5100
vn -0.8558 -0.0136 0.5171
vn -0.5708 0.2764 -0.7732
vn 0.2871 -0.8718 0.3968
vn 0.3293 0.8066 0.4908
vn -0.5980 0.1277 -0.7913
vn 0.4770 0.6624 0.5777
vn -0.0286 -0.9995 -0.0157
vn -0.6085 -0.0000 -0.7935
vn -0.7836 -0.3966 -0.4781
vn -0.7587 0.2999 -0.5782
vn -0.8701 -0.0000 -0.4928
vn -0.9309 -0.0000 -0.3652
vn -0.1056 -0.0000 -0.9944
vn -0.2040 -0.0000 -0.9790
vn -0.8769 -0.0150 -0.4805
vn -0.6972 -0.0000 0.7169
vn -0.9323 0.0962 -0.3486
vn 0.7169 -0.0000 -0.6972
vn 0.3149 -0.7289 -0.6080
vn 0.1634 0.5416 -0.8246
vn 0.7192 0.4659 0.5155
vn -0.6255 -0.7219 0.2961
vn -0.8261 0.5371 0.1707
vn 0.1713 0.5370 -0.8260
vn 0.3407 -0.7372 -0.5834
vn -0.5840 -0.7366 0.3410
vn -0.8246 0.5385 0.1735
vn 0.5975 -0.5205 -0.6100
vn -0.0144 0.9998 -0.0151
vn 0.1710 0.5367 -0.8263
vn 0.3408 -0.7372 -0.5834
vn -0.6103 -0.5210 0.5968
vn -0.5840 -0.7366 0.3411
vn -0.8357 0.5267 0.1557
vn 0.9508 0.1176 0.2866
vn 0.3302 -0.8671 0.3730
vn 0.3432 0.8089 0.4774
vn 0.2242 -0.7011 -0.6769
vn -0.5847 0.1462 -0.7979
vn 0.2783 0.5926 -0.7559
vn -0.4472 -0.6762 -0.5855
vn 0.1257 -0.9895 0.0714
vn 0.5941 -0.2445 0.7663
vn -0.0306 0.9995 -0.0080
vn -0.6160 -0.0968 -0.7818
vn -0.3003 0.8558 -0.4213
vn 0.2957 -0.8652 0.4050
vn -0.0358 -0.9991 -0.0223
vn -0.5922 0.0464 -0.8044
vn 0.4657 0.6693 0.5789
vn -0.5523 0.3589 -0.7524
vn 0.3002 0.8454 0.4418
vn 0.2626 -0.8948 0.3612
vn -0.0126 -0.9999 0.0031
vn -0.5983 0.1610 -0.7849
vn 0.4527 0.7073 0.5430
vn -0.5764 0.2466 -0.7791
vn 0.3242 0.8143 0.4814
vn 0.4895 -0.5978 0.6348
vn -0.5394 -0.4714 -0.6977
vn 0.0140 -0.9999 0.0067
vn 0.5726 0.2743 0.7726
vn 0.2851 0.9014 0.3258
vn -0.4764 0.6553 -0.5862
vn 0.2099 -0.9344 0.2879
vn 0.0302 -0.9983 0.0500
vn -0.5940 0.2423 -0.7671
vn 0.4008 0.7859 0.4708
vn -0.5890 0.1518 -0.7938
vn 0.3185 0.8219 0.4722
vn 0.1184 0.9833 0.1382
vn -0.3635 0.7182 0.5933
vn 0.6002 0.7161 -0.3564
vn 0.7198 0.2739 -0.6379
vn 0.7053 -0.0116 -0.7088
vn -0.7176 0.0017 0.6965
vn -0.8699 -0.4899 -0.0575
vn -0.6288 -0.6487 -0.4288
vn -0.6920 -0.0139 0.7218
vn 0.4879 -0.2039 -0.8487
vn -0.0538 -0.4744 -0.8787
vn 0.7426 0.0419 -0.6685
vn 0.7159 -0.0083 -0.6982
vn -0.4177 -0.6611 -0.6232
vn -0.0233 -0.5114 -0.8590
vn -0.8645 -0.5022 -0.0216
vn -0.8476 -0.2193 0.4831
vn -0.6871 0.0235 0.7262
vn -0.5337 0.2067 0.8200
vn 0.2698 0.6680 0.6935
vn -0.1056 0.5505 0.8281
vn -0.7155 -0.0122 0.6985
vn 0.8325 0.5450 -0.0994
vn 0.7128 -0.0115 -0.7013
vn 0.7734 0.6080 -0.1794
vn 0.3476 0.7934 0.4997
vn 0.7153 -0.0114 -0.6988
vn -0.1873 0.6131 0.7675
vn -0.5536 0.2409 0.7972
vn -0.7147 -0.0153 0.6992
vn 0.6239 0.7502 -0.2190
vn 0.6136 0.7421 -0.2698
vn -0.2198 0.7586 0.6134
vn 0.7431 0.3276 -0.5834
vn 0.6950 -0.0461 -0.7175
vn -0.7201 -0.0014 0.6939
vn -0.3225 0.7247 0.6090
vn 0.2526 0.9448 0.2085
vn 0.6010 0.7246 -0.3373
vn 0.7358 0.3139 -0.6001
vn 0.6980 -0.0395 -0.7150
vn -0.6928 -0.0137 0.7210
vn -0.7515 0.2764 -0.5991
vn 0.3800 -0.8718 0.3090
vn 0.4451 0.8066 0.3889
vn -0.7824 0.1277 -0.6095
vn 0.6103 0.6624 0.4345
vn -0.0317 -0.9995 -0.0078
vn -0.7932 -0.0000 -0.6090
vn -0.8807 -0.3966 -0.2590
vn -0.8825 0.2999 -0.3621
vn -0.9680 -0.0000 -0.2508
vn -0.9937 -0.0000 -0.1118
vn -0.3594 -0.0000 -0.9332
vn -0.4504 -0.0000 -0.8928
vn -0.9714 -0.0150 -0.2372
vn -0.4879 -0.0000 0.8729
vn -0.9908 0.0962 -0.0954
vn 0.5120 -0.0000 -0.8590
vn 0.1468 -0.7289 -0.6687
vn -0.0556 0.5416 -0.8388
vn 0.6752 0.5652 0.4741
vn -0.5276 -0.7218 0.4479
vn -0.7538 0.5370 0.3786
vn -0.0482 0.5370 -0.8422
vn 0.1781 -0.7372 -0.6517
vn -0.4759 -0.7366 0.4805
vn -0.7516 0.5385 0.3809
vn 0.4193 -0.5205 -0.7438
vn -0.0178 0.9998 -0.0109
vn -0.0487 0.5367 -0.8424
vn -0.4350 -0.5209 0.7344
vn -0.7670 0.5267 0.3665
vn 0.9926 0.1176 0.0307
vn 0.4154 -0.8671 0.2748
vn 0.4550 0.8089 0.3724
vn 0.0413 -0.7011 -0.7118
vn -0.7713 0.1462 -0.6194
vn 0.0731 0.5926 -0.8022
vn -0.5835 -0.6762 -0.4498
vn 0.1399 -0.9895 0.0364
vn 0.7722 -0.2445 0.5865
vn -0.0316 0.9995 0.0001
vn -0.7973 -0.0968 -0.5957
vn -0.3991 0.8558 -0.3292
vn 0.3904 -0.8652 0.3147
vn -0.0404 -0.9991 -0.0123
vn -0.7802 0.0464 -0.6238
vn 0.5997 0.6693 0.4386
vn -0.7283 0.3589 -0.5838
vn 0.4043 0.8454 0.3490
vn 0.3471 -0.8947 0.2809
vn -0.0114 -0.9999 0.0062
vn -0.7811 0.1610 -0.6034
vn 0.5778 0.7073 0.4073
vn -0.7584 0.2466 -0.6033
vn 0.4378 0.8143 0.3811
vn 0.6372 -0.5978 0.4865
vn -0.7016 -0.4714 -0.5343
vn 0.0152 -0.9999 0.0028
vn 0.7531 0.2742 0.5980
vn 0.3597 0.9015 0.2408
vn -0.6119 0.6553 -0.4430
vn 0.2772 -0.9344 0.2238
vn 0.0421 -0.9983 0.0405
vn -0.7723 0.2423 -0.5873
vn 0.5090 0.7859 0.3510
vn -0.7744 0.1517 -0.6143
vn 0.4299 0.8219 0.3736
vn 0.1502 0.9833 0.1029
vn -0.1975 0.7183 0.6672
vn 0.4875 0.7160 -0.4996
vn 0.5301 0.2738 -0.8025
vn 0.4978 -0.0117 -0.8672
vn -0.5128 0.0019 0.8585
vn -0.8551 -0.4899 0.1697
vn -0.7183 -0.6487 -0.2514
vn -0.4814 -0.0137 0.8764
vn 0.2516 -0.2040 -0.9461
vn -0.2795 -0.4744 -0.8348
vn 0.5440 0.0417 -0.8380
vn 0.5108 -0.0083 -0.8597
vn -0.5648 -0.6611 -0.4939
vn -0.2449 -0.5114 -0.8237
vn -0.8406 -0.5022 0.2029
vn -0.6937 -0.2193 0.6860
vn -0.4757 0.0236 0.8793
vn -0.3033 0.2067 0.9302
vn 0.4401 0.6680 0.6001
vn 0.1123 0.5505 0.8272
vn -0.5104 -0.0124 0.8599
vn 0.7784 0.5451 -0.3115
vn 0.5071 -0.0114 -0.8618
vn 0.7006 0.6080 -0.3735
vn 0.4651 0.7934 0.3928
vn 0.5100 -0.0115 -0.8601
vn 0.0177 0.6131 0.7898
vn -0.3284 0.2409 0.9133
vn -0.5093 -0.0152 0.8604
vn 0.5460 0.7501 -0.3731
vn 0.5229 0.7422 -0.4193
vn -0.0536 0.7586 0.6494
vn 0.5668 0.3276 -0.7559
vn 0.4856 -0.0463 -0.8730
vn -0.5159 -0.0012 0.8567
vn -0.1539 0.7247 0.6717
vn 0.2980 0.9448 0.1360
vn 0.4932 0.7245 -0.4814
vn 0.5554 0.3139 -0.7701
vn 0.4891 -0.0396 -0.8713
vn -0.4826 -0.0135 0.8757
vn -0.8809 0.2764 -0.3842
vn 0.4470 -0.8718 0.2001
vn 0.5306 0.8066 0.2604
vn -0.9135 0.1277 -0.3863
vn 0.7020 0.6624 0.2617
vn -0.0326 -0.9995 0.0007
vn -0.9238 -0.0000 -0.3829
vn -0.9177 -0.3966 -0.0223
vn -0.9462 0.2999 -0.1214
vn -1.0000 -0.0000 0.0082
vn -0.9888 -0.0000 0.1492
vn -0.5887 -0.0000 -0.8084
vn -0.6662 -0.0000 -0.7458
vn -0.9996 -0.0150 0.0223
vn -0.2453 -0.0000 0.9695
vn -0.9817 0.0962 0.1643
vn 0.2722 -0.0000 -0.9622
vn -0.0313 -0.7289 -0.6839
vn -0.2707 0.5417 -0.7958
vn 0.8767 0.4213 0.2322
vn -0.3937 -0.7218 0.5692
vn -0.6300 0.5371 0.5609
vn -0.2646 0.5370 -0.8010
vn 0.0034 -0.7372 -0.6756
vn -0.3353 -0.7366 0.5873
vn -0.6274 0.5385 0.5625
vn 0.2125 -0.5205 -0.8270
vn -0.0200 0.9998 -0.0059
vn -0.2650 0.5367 -0.8010
vn -0.2301 -0.5210 0.8220
vn -0.6459 0.5267 0.5526
vn 0.9667 0.1176 -0.2271
vn 0.4724 -0.8671 0.1579
vn 0.5359 0.8089 0.2419
vn -0.1443 -0.7011 -0.6983
vn -0.9054 0.1462 -0.3987
vn -0.1370 0.5925 -0.7938
vn -0.6800 -0.6762 -0.2834
vn 0.1445 -0.9895 -0.0011
vn 0.8977 -0.2446 0.3666
vn -0.0305 0.9995 0.0083
vn -0.9244 -0.0967 -0.3690
vn -0.4707 0.8558 -0.2147
vn 0.4585 -0.8652 0.2029
vn -0.0422 -0.9991 -0.0014
vn -0.9151 0.0464 -0.4006
vn 0.6928 0.6693 0.2685
vn -0.8545 0.3589 -0.3754
vn 0.4809 0.8454 0.2325
vn 0.4080 -0.8948 0.1815
vn -0.0094 -0.9999 0.0090
vn -0.9106 0.1610 -0.3806
vn 0.6636 0.7073 0.2439
vn -0.8887 0.2466 -0.3865
vn 0.5215 0.8143 0.2548
vn 0.7414 -0.5978 0.3050
vn -0.8160 -0.4714 -0.3345
vn 0.0154 -0.9999 -0.0012
vn 0.8822 0.2742 0.3827
vn 0.4098 0.9014 0.1396
vn -0.7057 0.6553 -0.2695
vn 0.3257 -0.9344 0.1444
vn 0.0511 -0.9983 0.0282
vn -0.8980 0.2423 -0.3674
vn 0.5825 0.7859 0.2073
vn -0.9070 0.1517 -0.3929
vn 0.5119 0.8219 0.2497
vn 0.1717 0.9833 0.0605
vn -0.0181 0.7183 0.6955
vn 0.3416 0.7160 -0.6088
vn 0.3044 0.2738 -0.9124
vn 0.2564 -0.0118 -0.9665
vn -0.2731 0.0020 0.9620
vn -0.7821 -0.4899 0.3851
vn -0.7589 -0.6487 -0.0569
vn -0.2383 -0.0138 0.9711
vn -0.0018 -0.2040 -0.9790
vn -0.4860 -0.4744 -0.7340
vn 0.3087 0.0418 -0.9502
vn 0.2712 -0.0080 -0.9625
vn -0.6733 -0.6611 -0.3310
vn -0.4496 -0.5114 -0.7324
vn -0.7595 -0.5023 0.4134
vn -0.4926 -0.2194 0.8421
vn -0.2323 0.0233 0.9724
vn -0.0522 0.2067 0.9770
vn 0.5804 0.6680 0.4657
vn 0.3226 0.5506 0.7700
vn -0.2704 -0.0123 0.9627
vn 0.6712 0.5451 -0.5024
vn 0.2667 -0.0115 -0.9637
vn 0.5801 0.6080 -0.5421
vn 0.5509 0.7934 0.2590
vn 0.2701 -0.0113 -0.9628
vn 0.2215 0.6131 0.7583
vn -0.0808 0.2409 0.9672
vn -0.2694 -0.0153 0.9629
vn 0.4309 0.7501 -0.5017
vn 0.3965 0.7422 -0.5402
vn 0.1164 0.7586 0.6411
vn 0.3519 0.3276 -0.8769
vn 0.2430 -0.0465 -0.9689
vn -0.2765 -0.0010 0.9610
vn 0.0252 0.7247 0.6886
vn 0.3230 0.9448 0.0543
vn 0.3518 0.7245 -0.5927
vn 0.3371 0.3138 -0.8876
vn 0.2469 -0.0397 -0.9682
vn -0.2395 -0.0134 0.9708
vn 0.3842 0.2764 -0.8809
vn -0.2002 -0.8718 0.4470
vn -0.2605 0.8066 0.5306
vn 0.3863 0.1277 -0.9135
vn -0.2617 0.6624 0.7020
vn -0.0007 -0.9995 -0.0326
vn 0.3829 -0.0000 -0.9238
vn 0.0223 -0.3966 -0.9177
vn 0.1214 0.2999 -0.9462
vn -0.0082 -0.0000 -1.0000
vn -0.1492 0.0002 -0.9888
vn 0.8084 -0.0000 -0.5886
vn 0.7458 -0.0000 -0.6662
vn -0.0223 -0.0150 -0.9996
vn -0.9694 -0.0000 -0.2453
vn -0.1643 0.0962 -0.9817
vn 0.9622 -0.0000 0.2723
vn 0.6839 -0.7289 -0.0312
vn 0.7958 0.5417 -0.2707
vn -0.3619 0.5162 0.7763
vn -0.5692 -0.7218 -0.3937
vn -0.5609 0.5371 -0.6300
vn 0.8010 0.5370 -0.2646
vn 0.6756 -0.7372 0.0034
vn -0.5873 -0.7366 -0.3353
vn -0.5625 0.5385 -0.6274
vn 0.8270 -0.5205 0.2124
vn 0.0059 0.9998 -0.0200
vn 0.8011 0.5367 -0.2650
vn -0.8220 -0.5210 -0.2301
vn -0.5526 0.5268 -0.6459
vn 0.7047 -0.6968 -0.1337
vn 0.2270 -0.8052 -0.5478
vn -0.3596 -0.1331 0.9236
vn 0.2615 0.1053 0.9594
vn 0.2053 0.8708 -0.4467
vn 0.7595 0.6241 -0.1835
vn 0.2834 -0.6762 -0.6800
vn 0.0011 -0.9895 0.1445
vn -0.3667 -0.2445 0.8976
vn -0.0083 0.9995 -0.0305
vn 0.3691 -0.0968 -0.9243
vn 0.2146 0.8558 -0.4707
vn -0.2029 -0.8652 0.4586
vn 0.0014 -0.9991 -0.0422
vn 0.4006 0.0464 -0.9151
vn -0.2685 0.6693 0.6928
vn 0.3754 0.3589 -0.8546
vn -0.2325 0.8454 0.4809
vn -0.1815 -0.8947 0.4080
vn -0.0090 -0.9999 -0.0094
vn 0.3806 0.1610 -0.9106
vn -0.2439 0.7073 0.6635
vn 0.3865 0.2466 -0.8887
vn -0.2548 0.8143 0.5215
vn -0.3050 -0.5978 0.7413
vn 0.3345 -0.4714 -0.8160
vn 0.0012 -0.9999 0.0154
vn -0.3827 0.2743 0.8822
vn -0.1396 0.9014 0.4098
vn 0.2695 0.6553 -0.7057
vn -0.1444 -0.9344 0.3257
vn -0.0282 -0.9983 0.0511
vn 0.3674 0.2423 -0.8980
vn -0.2073 0.7859 0.5825
vn 0.3929 0.1517 -0.9070
vn -0.2497 0.8219 0.5120
vn -0.0605 0.9833 0.1717
vn -0.6956 0.7182 -0.0181
vn 0.6087 0.7161 0.3416
vn 0.9123 0.2739 0.3044
vn 0.9665 -0.0115 0.2564
vn -0.9620 0.0017 -0.2732
vn -0.3851 -0.4900 -0.7821
vn 0.0571 -0.6487 -0.7589
vn -0.9710 -0.0140 -0.2385
vn 0.9790 -0.2039 -0.0018
vn 0.7341 -0.4743 -0.4859
vn 0.9501 0.0420 0.3090
vn 0.9625 -0.0080 0.2712
vn 0.3310 -0.6611 -0.6733
vn 0.7323 -0.5114 -0.4496
vn -0.4134 -0.5022 -0.7595
vn -0.8422 -0.2194 -0.4926
vn -0.9724 0.0233 -0.2322
vn -0.9770 0.2067 -0.0522
vn -0.4657 0.6680 0.5804
vn -0.7700 0.5505 0.3226
vn -0.9627 -0.0123 -0.2704
vn 0.5023 0.5451 0.6712
vn 0.9637 -0.0115 0.2667
vn 0.5422 0.6079 0.5800
vn -0.2591 0.7934 0.5509
vn 0.9628 -0.0117 0.2698
vn -0.7582 0.6132 0.2216
vn -0.9672 0.2410 -0.0807
vn -0.9630 -0.0149 -0.2691
vn 0.5020 0.7499 0.4309
vn 0.5399 0.7425 0.3965
vn -0.6408 0.7588 0.1165
vn 0.8770 0.3274 0.3518
vn 0.9689 -0.0474 0.2427
vn -0.9611 -0.0001 -0.2762
vn -0.6885 0.7248 0.0253
vn -0.0543 0.9448 0.3230
vn 0.5927 0.7245 0.3518
vn 0.8876 0.3138 0.3371
vn 0.9682 -0.0398 0.2468
vn -0.9708 -0.0134 -0.2395
vn 0.5991 0.2764 -0.7515
vn -0.3090 -0.8718 0.3800
vn -0.3889 0.8066 0.4451
vn 0.6096 0.1277 -0.7824
vn -0.4345 0.6624 0.6104
vn 0.0077 -0.9995 -0.0317
vn 0.6090 -0.0000 -0.7932
vn 0.2590 -0.3966 -0.8807
vn 0.3622 0.2999 -0.8825
vn 0.2509 -0.0000 -0.9680
vn 0.1118 -0.0000 -0.9937
vn 0.9332 -0.0000 -0.3594
vn 0.8928 -0.0000 -0.4504
vn 0.2372 -0.0150 -0.9714
vn -0.8729 -0.0000 -0.4879
vn 0.0954 0.0962 -0.9908
vn 0.8590 -0.0000 0.5120
vn 0.6688 -0.7288 0.1467
vn 0.8388 0.5416 -0.0556
vn -0.4478 -0.7219 -0.5275
vn -0.3788 0.5371 -0.7537
vn 0.8422 0.5370 -0.0482
vn 0.6517 -0.7372 0.1781
vn -0.4805 -0.7366 -0.4759
vn -0.3810 0.5385 -0.7516
vn 0.7439 -0.5205 0.4193
vn 0.0109 0.9998 -0.0178
vn 0.8424 0.5367 -0.0487
vn 0.6517 -0.7372 0.1782
vn -0.7344 -0.5210 -0.4350
vn -0.4805 -0.7367 -0.4758
vn -0.3667 0.5267 -0.7669
vn -0.0307 0.1176 0.9926
vn -0.2748 -0.8671 0.4154
vn -0.3724 0.8089 0.4551
vn 0.7118 -0.7011 0.0413
vn 0.6194 0.1462 -0.7713
vn 0.8022 0.5925 0.0731
vn 0.4498 -0.6762 -0.5835
vn -0.0363 -0.9895 0.1400
vn -0.5865 -0.2445 0.7722
vn -0.0001 0.9995 -0.0315
vn 0.5958 -0.0968 -0.7973
vn 0.3292 0.8558 -0.3992
vn -0.3147 -0.8652 0.3904
vn 0.0123 -0.9991 -0.0404
vn 0.6238 0.0464 -0.7802
vn -0.4386 0.6693 0.5997
vn 0.5838 0.3589 -0.7283
vn -0.3490 0.8454 0.4044
vn -0.2809 -0.8947 0.3471
vn -0.0063 -0.9999 -0.0114
vn 0.6034 0.1610 -0.7810
vn -0.4073 0.7073 0.5778
vn 0.6033 0.2466 -0.7584
vn -0.3811 0.8143 0.4378
vn -0.4865 -0.5978 0.6372
vn 0.5343 -0.4714 -0.7016
vn -0.0028 -0.9999 0.0152
vn -0.5980 0.2742 0.7531
vn -0.2409 0.9015 0.3597
vn 0.4429 0.6553 -0.6119
vn -0.2238 -0.9344 0.2772
vn -0.0405 -0.9983 0.0421
vn 0.5873 0.2423 -0.7723
vn -0.3510 0.7859 0.5090
vn 0.6143 0.1517 -0.7744
vn -0.3737 0.8219 0.4299
vn -0.1028 0.9833 0.1502
vn -0.6671 0.7183 -0.1975
vn 0.4997 0.7160 0.4875
vn 0.8025 0.2738 0.5301
vn 0.8672 -0.0118 0.4978
vn -0.8585 0.0020 -0.5128
vn -0.1695 -0.4900 -0.8551
vn 0.2515 -0.6487 -0.7183
vn -0.8762 -0.0140 -0.4818
vn 0.9461 -0.2039 0.2517
vn 0.8349 -0.4743 -0.2793
vn 0.8378 0.0420 0.5444
vn 0.8596 -0.0081 0.5110
vn 0.4939 -0.6611 -0.5647
vn 0.8237 -0.5114 -0.2448
vn -0.2028 -0.5022 -0.8406
vn -0.6860 -0.2194 -0.6937
vn -0.8792 0.0234 -0.4759
vn -0.9302 0.2068 -0.3032
vn -0.6002 0.6679 0.4400
vn -0.8271 0.5506 0.1125
vn -0.8601 -0.0119 -0.5100
vn 0.3117 0.5450 0.7784
vn 0.8620 -0.0119 0.5067
vn 0.3736 0.6079 0.7006
vn -0.3928 0.7934 0.4651
vn 0.8601 -0.0116 0.5099
vn -0.7898 0.6131 0.0178
vn -0.9133 0.2410 -0.3284
vn -0.8605 -0.0151 -0.5093
vn 0.3730 0.7502 0.5460
vn 0.4194 0.7421 0.5229
vn -0.6494 0.7586 -0.0536
vn 0.7559 0.3276 0.5668
vn 0.8730 -0.0462 0.4856
vn -0.8567 -0.0013 -0.5159
vn -0.6718 0.7246 -0.1539
vn -0.1361 0.9448 0.2980
vn 0.4813 0.7247 0.4932
vn 0.7700 0.3140 0.5554
vn 0.8713 -0.0392 0.4892
vn -0.8757 -0.0140 -0.4827
vn 0.7732 0.2764 -0.5708
vn -0.3969 -0.8718 0.2870
vn -0.4908 0.8066 0.3293
vn 0.7913 0.1277 -0.5979
vn -0.5776 0.6624 0.4771
vn 0.0157 -0.9995 -0.0287
vn 0.7935 -0.0000 -0.6085
vn 0.4781 -0.3966 -0.7836
vn 0.5782 0.2999 -0.7587
vn 0.4928 -0.0000 -0.8701
vn 0.3653 -0.0001 -0.9309
vn 0.9944 -0.0000 -0.1056
vn 0.9790 -0.0000 -0.2040
vn 0.4805 -0.0150 -0.8769
vn -0.7169 -0.0000 -0.6972
vn 0.3486 0.0962 -0.9323
vn 0.6972 -0.0000 0.7169
vn 0.6079 -0.7289 0.3148
vn 0.8246 0.5417 0.1634
vn -0.5055 0.7010 0.5031
vn -0.2961 -0.7219 -0.6255
vn -0.1707 0.5370 -0.8261
vn 0.8260 0.5370 0.1714
vn 0.5834 -0.7372 0.3407
vn -0.3410 -0.7366 -0.5840
vn -0.1734 0.5385 -0.8246
vn 0.6100 -0.5205 0.5975
vn 0.0151 0.9998 -0.0144
vn 0.8263 0.5367 0.1710
vn 0.5834 -0.7372 0.3408
vn -0.5968 -0.5209 -0.6103
vn -0.3411 -0.7366 -0.5840
vn -0.1555 0.5267 -0.8357
vn -0.2866 0.1176 0.9508
vn -0.3729 -0.8671 0.3302
vn -0.4774 0.8089 0.3432
vn 0.6769 -0.7011 0.2242
vn 0.7980 0.1462 -0.5847
vn 0.7560 0.5925 0.2783
vn 0.5855 -0.6762 -0.4472
vn -0.0713 -0.9895 0.1259
vn -0.7663 -0.2446 0.5941
vn 0.0080 0.9995 -0.0305
vn 0.7818 -0.0968 -0.6159
vn 0.4213 0.8558 -0.3004
vn -0.4050 -0.8652 0.2957
vn 0.0224 -0.9991 -0.0358
vn 0.8044 0.0464 -0.5922
vn -0.5789 0.6693 0.4657
vn 0.7524 0.3589 -0.5524
vn -0.4418 0.8454 0.3002
vn -0.3612 -0.8948 0.2626
vn -0.0031 -0.9999 -0.0127
vn 0.7850 0.1610 -0.5983
vn -0.5430 0.7073 0.4527
vn 0.7790 0.2466 -0.5764
vn -0.4814 0.8143 0.3243
vn -0.6348 -0.5978 0.4895
vn 0.6976 -0.4714 -0.5395
vn -0.0066 -0.9999 0.0140
vn -0.7725 0.2742 0.5727
vn -0.3258 0.9015 0.2851
vn 0.5862 0.6553 -0.4764
vn -0.2879 -0.9344 0.2099
vn -0.0500 -0.9983 0.0302
vn 0.7671 0.2423 -0.5940
vn -0.4708 0.7859 0.4009
vn 0.7938 0.1517 -0.5890
vn -0.4722 0.8219 0.3185
vn -0.1382 0.9833 0.1185
vn -0.5933 0.7182 -0.3635
vn 0.3564 0.7161 0.6002
vn 0.6379 0.2739 0.7198
vn 0.7088 -0.0116 0.7053
vn -0.6965 0.0018 -0.7175
vn 0.0575 -0.4899 -0.8699
vn 0.4288 -0.6487 -0.6287
vn -0.7218 -0.0139 -0.6920
vn 0.8487 -0.2039 0.4879
vn 0.8787 -0.4743 -0.0538
vn 0.6684 0.0419 0.7426
vn 0.6979 -0.0081 0.7161
vn 0.6233 -0.6612 -0.4176
vn 0.8590 -0.5114 -0.0232
vn 0.0217 -0.5022 -0.8645
vn -0.4830 -0.2194 -0.8477
vn -0.7260 0.0233 -0.6873
vn -0.8200 0.2066 -0.5338
vn -0.6935 0.6680 0.2698
vn -0.8281 0.5505 -0.1057
vn -0.6984 -0.0125 -0.7156
vn 0.0993 0.5452 0.8324
vn 0.7011 -0.0113 0.7129
vn 0.1794 0.6080 0.7734
vn -0.4997 0.7934 0.3475
vn 0.6987 -0.0112 0.7153
vn -0.7675 0.6130 -0.1874
vn -0.7972 0.2408 -0.5537
vn -0.6992 -0.0155 -0.7148
vn 0.2192 0.7500 0.6241
vn 0.2694 0.7423 0.6135
vn -0.6132 0.7588 -0.2195
vn 0.5835 0.3274 0.7432
vn 0.7177 -0.0471 0.6948
vn -0.6942 -0.0005 -0.7198
vn -0.6090 0.7246 -0.3225
vn -0.2085 0.9448 0.2526
vn 0.3373 0.7246 0.6010
vn 0.6001 0.3139 0.7358
vn 0.7150 -0.0395 0.6980
vn -0.7210 -0.0137 -0.6928
vn 0.8946 0.2764 -0.3512
vn -0.4576 -0.8719 0.1746
vn -0.5594 0.8066 0.1910
vn 0.9191 0.1277 -0.3728
vn -0.6814 0.6624 0.3113
vn 0.0225 -0.9995 -0.0236
vn 0.9240 -0.0000 -0.3824
vn 0.6647 -0.3966 -0.6332
vn 0.7549 0.2999 -0.5832
vn 0.7012 -0.0000 -0.7129
vn 0.5937 -0.0000 -0.8047
vn 0.9879 -0.0000 0.1554
vn 0.9984 -0.0000 0.0563
vn 0.6910 -0.0150 -0.7227
vn -0.5120 -0.0000 -0.8590
vn 0.5780 0.0962 -0.8103
vn 0.4879 -0.0000 0.8729
vn 0.5058 -0.7289 0.4615
vn 0.7541 0.5417 0.3713
vn -0.7757 0.5188 0.3593
vn -0.1241 -0.7219 -0.6808
vn 0.0489 0.5370 -0.8421
vn 0.7534 0.5370 0.3794
vn 0.4754 -0.7372 0.4801
vn -0.1782 -0.7366 -0.6524
vn 0.0459 0.5385 -0.8413
vn 0.4346 -0.5205 0.7350
vn 0.0183 0.9998 -0.0099
vn 0.7538 0.5368 0.3791
vn -0.4185 -0.5210 -0.7439
vn -0.1782 -0.7367 -0.6524
vn 0.0660 0.5267 -0.8475
vn 0.5929 -0.6968 0.4037
vn 0.5479 -0.8052 -0.2268
vn -0.9073 -0.1331 0.3988
vn -0.4935 0.1051 0.8633
vn 0.4610 0.8708 -0.1707
vn 0.6667 0.6242 0.4073
vn 0.6813 -0.6762 -0.2804
vn -0.1013 -0.9895 0.1030
vn -0.8940 -0.2446 0.3755
vn 0.0158 0.9995 -0.0274
vn 0.9146 -0.0968 -0.3926
vn 0.4846 0.8558 -0.1811
vn -0.4677 -0.8652 0.1807
vn 0.0308 -0.9991 -0.0288
vn 0.9303 0.0464 -0.3638
vn -0.6797 0.6693 0.3000
vn 0.8697 0.3589 -0.3388
vn -0.5045 0.8454 0.1757
vn -0.4169 -0.8948 0.1601
vn 0.0003 -0.9999 -0.0130
vn 0.9130 0.1610 -0.3747
vn -0.6416 0.7073 0.2968
vn 0.9017 0.2466 -0.3552
vn -0.5489 0.8143 0.1886
vn -0.7399 -0.5978 0.3085
vn 0.8135 -0.4714 -0.3405
vn -0.0100 -0.9999 0.0118
vn -0.8944 0.2742 0.3532
vn -0.3885 0.9014 0.1910
vn 0.6895 0.6553 -0.3084
vn -0.3324 -0.9344 0.1282
vn -0.0561 -0.9983 0.0162
vn 0.8947 0.2423 -0.3752
vn -0.5585 0.7859 0.2654
vn 0.9192 0.1517 -0.3635
vn -0.5385 0.8219 0.1855
vn -0.1642 0.9833 0.0786
vn -0.4790 0.7182 -0.5047
vn 0.1889 0.7161 0.6720
vn 0.4299 0.2739 0.8603
vn 0.5021 -0.0115 0.8647
vn -0.4870 0.0017 -0.8734
vn 0.2807 -0.4899 -0.8254
vn 0.5769 -0.6487 -0.4964
vn -0.5182 -0.0138 -0.8551
vn 0.6935 -0.2040 0.6909
vn 0.8627 -0.4744 0.1754
vn 0.4536 0.0418 0.8902
vn 0.4890 -0.0082 0.8723
vn 0.7101 -0.6611 -0.2421
vn 0.8358 -0.5114 0.1999
vn 0.2446 -0.5022 -0.8294
vn -0.2472 -0.2194 -0.9438
vn -0.5235 0.0234 -0.8517
vn -0.6539 0.2067 -0.7278
vn -0.7397 0.6681 0.0812
vn -0.7725 0.5505 -0.3164
vn -0.4894 -0.0125 -0.8720
vn -0.1195 0.5451 0.8298
vn 0.4927 -0.0113 0.8701
vn -0.0268 0.6080 0.7935
vn -0.5727 0.7934 0.2064
vn 0.4899 -0.0115 0.8717
vn -0.6929 0.6131 -0.3795
vn -0.6268 0.2409 -0.7410
vn -0.4905 -0.0152 -0.8713
vn 0.0500 0.7502 0.6593
vn 0.1019 0.7420 0.6626
vn -0.5356 0.7585 -0.3712
vn 0.3712 0.3277 0.8688
vn 0.5131 -0.0458 0.8571
vn -0.4838 -0.0017 -0.8752
vn -0.5048 0.7247 -0.4690
vn -0.2667 0.9449 0.1900
vn 0.1703 0.7245 0.6679
vn 0.3892 0.3139 0.8660
vn 0.5101 -0.0397 0.8592
vn -0.5171 -0.0134 -0.8558
vn 0.9550 0.2764 -0.1077
vn -0.4872 -0.8718 0.0502
vn -0.5897 0.8066 0.0397
vn 0.9843 0.1277 -0.1222
vn -0.7388 0.6624 0.1243
vn 0.0278 -0.9995 -0.0169
vn 0.9915 -0.0000 -0.1302
vn 0.8059 -0.3966 -0.4396
vn 0.8801 0.2999 -0.3680
vn 0.8618 -0.0000 -0.5072
vn 0.7817 -0.0000 -0.6236
vn 0.9140 -0.0000 0.4058
vn 0.9498 -0.0000 0.3128
vn 0.8545 -0.0150 -0.5192
vn -0.2723 -0.0000 -0.9622
vn 0.7680 0.0962 -0.6331
vn 0.2453 -0.0000 0.9694
vn 0.3691 -0.7288 0.5767
vn 0.6324 0.5416 0.5538
vn -0.8596 0.5108 0.0087
vn 0.0563 -0.7218 -0.6898
vn 0.2652 0.5370 -0.8008
vn 0.6296 0.5369 0.5615
vn 0.3349 -0.7372 0.5868
vn -0.0033 -0.7366 -0.6763
vn 0.2621 0.5385 -0.8008
vn 0.2295 -0.5205 0.8224
vn 0.0203 0.9998 -0.0049
vn 0.6300 0.5367 0.5613
vn -0.2117 -0.5209 -0.8269
vn -0.0034 -0.7366 -0.6763
vn 0.2831 0.5267 -0.8015
vn 0.4682 -0.6968 0.5434
vn 0.5879 -0.8052 -0.0773
vn -0.9796 -0.1331 0.1504
vn -0.7001 0.1051 0.7062
vn 0.4895 0.8708 -0.0456
vn 0.5386 0.6242 0.5659
vn 0.7307 -0.6762 -0.0946
vn -0.1246 -0.9895 0.0732
vn -0.9607 -0.2445 0.1313
vn 0.0223 0.9995 -0.0224
vn 0.9850 -0.0968 -0.1426
vn 0.5150 0.8558 -0.0495
vn -0.4986 -0.8652 0.0535
vn 0.0372 -0.9991 -0.0199
vn 0.9928 0.0464 -0.1107
vn -0.7342 0.6693 0.1139
vn 0.9278 0.3589 -0.1021
vn -0.5327 0.8454 0.0391
vn -0.4441 -0.8948 0.0468
vn 0.0037 -0.9999 -0.0125
vn 0.9789 0.1610 -0.1257
vn -0.6966 0.7073 0.1206
vn 0.9629 0.2466 -0.1097
vn -0.5790 0.8143 0.0401
vn -0.7945 -0.5978 0.1065
vn 0.8739 -0.4714 -0.1183
vn -0.0127 -0.9999 0.0088
vn -0.9554 0.2742 0.1097
vn -0.4246 0.9015 0.0840
vn 0.7459 0.6553 -0.1194
vn -0.3543 -0.9344 0.0378
vn -0.0584 -0.9983 0.0012
vn 0.9613 0.2423 -0.1308
vn -0.6081 0.7859 0.1118
vn 0.9819 0.1517 -0.1132
vn -0.5682 0.8219 0.0398
vn -0.1789 0.9833 0.0335
vn -0.3321 0.7183 -0.6114
vn 0.0086 0.7160 0.6980
vn 0.1926 0.2738 0.9423
vn 0.2612 -0.0118 0.9652
vn -0.2445 0.0020 -0.9697
vn 0.4848 -0.4900 -0.7245
vn 0.6858 -0.6487 -0.3301
vn -0.2789 -0.0140 -0.9602
vn 0.4910 -0.2039 0.8469
vn 0.7879 -0.4743 0.3928
vn 0.2075 0.0420 0.9773
vn 0.2461 -0.0078 0.9692
vn 0.7486 -0.6611 -0.0499
vn 0.7555 -0.5113 0.4095
vn 0.4511 -0.5023 -0.7377
vn 0.0056 -0.2195 -0.9756
vn -0.2848 0.0231 -0.9583
vn -0.4433 0.2067 -0.8722
vn -0.7355 0.6680 -0.1132
vn -0.6644 0.5506 -0.5055
vn -0.2472 -0.0122 -0.9689
vn -0.3301 0.5451 0.7707
vn 0.2510 -0.0115 0.9679
vn -0.2313 0.6080 0.7595
vn -0.6066 0.7934 0.0511
vn 0.2475 -0.0114 0.9688
vn -0.5710 0.6131 -0.5459
vn -0.4136 0.2409 -0.8780
vn -0.2482 -0.0153 -0.9686
vn -0.1224 0.7503 0.6497
vn -0.0730 0.7419 0.6665
vn -0.4213 0.7585 -0.4972
vn 0.1336 0.3277 0.9353
vn 0.2737 -0.0456 0.9607
vn -0.2407 -0.0019 -0.9706
vn -0.3662 0.7246 -0.5838
vn -0.3069 0.9448 0.1145
vn -0.0084 0.7246 0.6891
vn 0.1518 0.3140 0.9372
vn 0.2702 -0.0394 0.9620
vn -0.2779 -0.0138 -0.9605
vn 0.9503 0.2764 0.1431
vn -0.4836 -0.8719 -0.0776
vn -0.5799 0.8066 -0.1142
vn 0.9823 0.1277 0.1367
vn -0.7458 0.6624 -0.0711
vn 0.0313 -0.9995 -0.0091
vn 0.9914 -0.0000 0.1308
vn 0.8922 -0.3966 -0.2160
vn 0.9454 0.3000 -0.1277
vn 0.9637 -0.0000 -0.2669
vn 0.9165 -0.0000 -0.4000
vn 0.7778 -0.0000 0.6285
vn 0.8365 -0.0000 0.5480
vn 0.9598 -0.0150 -0.2804
vn -0.0140 -0.0000 -0.9999
vn 0.9058 0.0962 -0.4128
vn -0.0140 -0.0000 0.9999
vn 0.2072 -0.7289 0.6525
vn 0.4675 0.5417 0.6986
vn -0.8337 0.5085 0.2154
vn 0.2330 -0.7218 -0.6517
vn 0.4634 0.5371 -0.7048
vn 0.4628 0.5369 0.7053
vn 0.1716 -0.7372 0.6535
vn 0.1719 -0.7366 -0.6541
vn 0.4604 0.5385 -0.7057
vn 0.0088 -0.5205 0.8538
vn 0.0209 0.9998 0.0005
vn 0.4633 0.5368 0.7052
vn 0.0095 -0.5210 -0.8535
vn 0.1718 -0.7366 -0.6541
vn 0.4809 0.5267 -0.7010
vn 0.3115 -0.6968 0.6461
vn 0.5879 -0.8052 0.0775
vn -0.9852 -0.1331 -0.1083
vn -0.8591 0.1052 0.5010
vn 0.4846 0.8708 0.0827
vn 0.3737 0.6241 0.6861
vn 0.7302 -0.6762 0.0978
vn -0.1392 -0.9895 0.0385
vn -0.9620 -0.2446 -0.1218
vn 0.0273 0.9995 -0.0159
vn 0.9884 -0.0968 0.1173
vn 0.5103 0.8558 0.0855
vn -0.4955 -0.8652 -0.0773
vn 0.0412 -0.9991 -0.0096
vn 0.9876 0.0464 0.1501
vn -0.7387 0.6693 -0.0800
vn 0.9226 0.3589 0.1415
vn -0.5247 0.8454 -0.1001
vn -0.4411 -0.8948 -0.0697
vn 0.0068 -0.9999 -0.0111
vn 0.9781 0.1610 0.1320
vn -0.7041 0.7073 -0.0638
vn 0.9585 0.2466 0.1433
vn -0.5697 0.8143 -0.1111
vn -0.7950 -0.5978 -0.1027
vn 0.8748 -0.4714 0.1119
vn -0.0146 -0.9999 0.0052
vn -0.9512 0.2743 -0.1414
vn -0.4319 0.9014 -0.0288
vn 0.7514 0.6553 0.0777
vn -0.3520 -0.9344 -0.0552
vn -0.0567 -0.9983 -0.0140
vn 0.9624 0.2423 0.1225
vn -0.6163 0.7859 -0.0495
vn 0.9778 0.1517 0.1448
vn -0.5591 0.8219 -0.1086
vn -0.1815 0.9833 -0.0140
vn -0.1625 0.7182 -0.6766
vn -0.1724 0.7161 0.6764
vn -0.0579 0.2739 0.9600
vn 0.0024 -0.0116 0.9999
vn 0.0149 0.0018 -0.9999
vn 0.6557 -0.4899 -0.5744
vn 0.7478 -0.6487 -0.1414
vn -0.0212 -0.0138 -0.9997
vn 0.2551 -0.2040 0.9451
vn 0.6594 -0.4744 0.5832
vn -0.0523 0.0418 0.9978
vn -0.0130 -0.0080 0.9999
vn 0.7360 -0.6611 0.1455
vn 0.6238 -0.5114 0.5911
vn 0.6266 -0.5023 -0.5959
vn 0.2579 -0.2194 -0.9409
vn -0.0273 0.0232 -0.9994
vn -0.2024 0.2067 -0.9572
vn -0.6812 0.6680 -0.2996
vn -0.5109 0.5505 -0.6602
vn 0.0120 -0.0123 -0.9999
vn -0.5183 0.5451 0.6590
vn -0.0081 -0.0115 0.9999
vn -0.4200 0.6079 0.6738
vn -0.5992 0.7934 -0.1076
vn -0.0115 -0.0116 0.9999
vn -0.4103 0.6131 -0.6751
vn -0.1723 0.2410 -0.9551
vn 0.0108 -0.0150 -0.9998
vn -0.2863 0.7501 0.5962
vn -0.2431 0.7422 0.6246
vn -0.2783 0.7587 -0.5890
vn -0.1129 0.3276 0.9381
vn 0.0160 -0.0464 0.9988
vn 0.0184 -0.0011 -0.9998
vn -0.2026 0.7248 -0.6585
vn -0.3260 0.9449 0.0311
vn -0.1864 0.7244 0.6637
vn -0.0959 0.3138 0.9446
vn 0.0122 -0.0399 0.9991
vn -0.0200 -0.0132 -0.9997
vn -0.6243 -0.7134 0.3182
vn -0.6357 0.6572 0.4049
vn -0.4667 0.1036 -0.8783
vn -0.6479 0.5772 0.4971
vn -0.5752 -0.7387 0.3514
vn -0.5207 -0.7133 0.4691
vn -0.5092 0.6572 0.5556
vn -0.6781 0.1036 -0.7276
vn -0.4971 0.5772 0.6479
vn -0.4646 -0.7387 0.4883
vn -0.3815 -0.7133 0.5879
vn -0.3481 0.6572 0.6685
vn -0.8433 0.1036 -0.5273
vn -0.3125 0.5772 0.7544
vn -0.3224 -0.7387 0.5919
vn -0.2164 -0.7134 0.6665
vn -0.1632 0.6572 0.7358
vn -0.9511 0.1035 -0.2911
vn -0.1066 0.5772 0.8096
vn -0.1582 -0.7387 0.6552
vn -0.0365 -0.7134 0.6998
vn 0.0328 0.6572 0.7530
vn -0.9940 0.1035 -0.0350
vn 0.1065 0.5773 0.8096
vn 0.0009 -0.7337 0.6795
vn 0.1458 -0.7134 0.6854
vn 0.2265 0.6572 0.7189
vn -0.9692 0.1035 0.2234
vn 0.3125 0.5771 0.7545
vn 0.1767 -0.7337 0.6561
vn -0.6854 -0.7134 0.1458
vn -0.7189 0.6572 0.2265
vn -0.2234 0.1035 -0.9692
vn -0.7545 0.5771 0.3125
vn -0.6561 -0.7337 0.1767
vn -0.6999 -0.7133 -0.0364
vn -0.7530 0.6572 0.0328
vn 0.0350 0.1035 -0.9940
vn -0.8096 0.5773 0.1066
vn -0.6738 -0.7387 0.0167
vn -0.6665 -0.7134 -0.2165
vn -0.7358 0.6572 -0.1633
vn 0.2911 0.1035 -0.9511
vn -0.8096 0.5773 -0.1065
vn -0.6566 -0.7337 -0.1750
vn -0.5879 -0.7133 -0.3815
vn -0.6685 0.6572 -0.3481
vn 0.5273 0.1036 -0.8433
vn -0.7545 0.5771 -0.3125
vn -0.5919 -0.7387 -0.3224
vn -0.4691 -0.7133 -0.5207
vn -0.5556 0.6572 -0.5092
vn 0.7276 0.1036 -0.6781
vn -0.6479 0.5772 -0.4972
vn -0.4883 -0.7387 -0.4646
vn -0.3182 -0.7134 -0.6244
vn -0.4049 0.6572 -0.6358
vn 0.8783 0.1036 -0.4667
vn -0.4972 0.5772 -0.6479
vn -0.3405 -0.7337 -0.5880
vn 0.6244 -0.7134 -0.3182
vn 0.6357 0.6572 -0.4049
vn 0.4667 0.1036 0.8784
vn 0.6479 0.5772 -0.4972
vn 0.5752 -0.7387 -0.3514
vn 0.5207 -0.7133 -0.4691
vn 0.5092 0.6572 -0.5556
vn 0.6781 0.1036 0.7276
vn 0.4970 0.5772 -0.6479
vn 0.4646 -0.7387 -0.4883
vn 0.3815 -0.7133 -0.5879
vn 0.3481 0.6572 -0.6685
vn 0.8433 0.1036 0.5273
vn 0.3125 0.5771 -0.7545
vn 0.3224 -0.7387 -0.5919
vn 0.2164 -0.7134 -0.6665
vn 0.1632 0.6572 -0.7358
vn 0.9511 0.1035 0.2911
vn 0.1066 0.5773 -0.8096
vn 0.1582 -0.7387 -0.6552
vn 0.0365 -0.7134 -0.6998
vn -0.0328 0.6572 -0.7530
vn 0.9940 0.1035 0.0350
vn -0.1066 0.5773 -0.8096
vn -0.0167 -0.7387 -0.6738
vn -0.1459 -0.7133 -0.6855
vn -0.2265 0.6572 -0.7189
vn 0.9692 0.1035 -0.2234
vn -0.3125 0.5772 -0.7545
vn -0.1905 -0.7387 -0.6465
vn 0.6855 -0.7133 -0.1459
vn 0.7189 0.6572 -0.2265
vn 0.2234 0.1035 0.9692
vn 0.7545 0.5771 -0.3125
vn 0.6561 -0.7337 -0.1767
vn 0.6998 -0.7134 0.0365
vn 0.7530 0.6572 -0.0328
vn -0.0350 0.1035 0.9940
vn 0.8096 0.5773 -0.1065
vn 0.6738 -0.7387 -0.0167
vn 0.6665 -0.7134 0.2164
vn 0.7358 0.6572 0.1632
vn -0.2911 0.1035 0.9511
vn 0.8096 0.5773 0.1066
vn 0.6552 -0.7387 0.1582
vn 0.5878 -0.7134 0.3816
vn 0.6685 0.6572 0.3481
vn -0.5273 0.1035 0.8433
vn 0.7545 0.5771 0.3125
vn 0.5889 -0.7337 0.3390
vn 0.4691 -0.7133 0.5206
vn 0.5556 0.6572 0.5092
vn -0.7276 0.1036 0.6781
vn 0.6479 0.5772 0.4971
vn 0.4811 -0.7337 0.4798
vn 0.3182 -0.7134 0.6244
vn 0.4049 0.6572 0.6358
vn -0.8783 0.1036 0.4667
vn 0.4971 0.5772 0.6479
vn 0.3405 -0.7337 0.5880
vn -0.1124 0.9645 -0.2391
vn -0.1083 0.9646 -0.2404
vn -0.1105 0.9645 -0.2397
vn -0.1135 0.9644 -0.2388
vn -0.0124 0.9975 -0.0695
vn -0.8491 -0.2111 -0.4842
vn -0.4286 -0.8106 0.3990
vn -0.9905 0.0141 -0.1367
vn 0.6615 -0.1116 -0.7416
vn 0.5847 -0.0000 -0.8112
vn 0.4753 0.0129 0.8797
vn 0.4782 -0.1106 0.8713
vn 0.9905 -0.0141 -0.1367
vn 0.1532 0.2205 -0.9633
vn 0.0464 0.6232 0.7807
vn -0.5847 -0.0000 -0.8112
vn -0.3149 -0.0024 -0.9491
vn -0.4753 -0.0129 0.8797
vn -0.4781 0.1106 0.8713
vn 0.9905 0.0141 -0.1367
vn 0.1221 0.5092 0.8519
vn 0.0156 0.8909 -0.4540
vn -0.7602 0.2364 -0.6052
vn -0.0525 0.1626 0.9853
vn -0.4753 0.0129 0.8797
vn -0.9905 -0.0141 -0.1367
vn -0.6757 0.1840 0.7138
vn -0.9643 -0.2536 -0.0762
vn -0.4095 -0.3313 -0.8501
vn 0.0525 -0.1626 0.9853
vn 0.4753 -0.0129 0.8797
vn 0.4781 -0.1106 0.8713
vn -0.4275 -0.8118 0.3978
vn 0.1210 0.5098 0.8517
vn 0.6625 -0.1143 -0.7403
vn -0.7622 0.2313 -0.6046
vn -0.7279 0.3564 -0.5857
vn 0.3086 -0.8845 -0.3499
vn -0.4079 -0.3261 -0.8528
vn -0.4043 0.8869 -0.2235
vn -0.7279 0.3564 -0.5858
vn -0.7622 0.2312 -0.6047
vn -0.0747 0.9120 -0.4034
vn -0.9655 -0.2381 -0.1053
vn -0.6757 0.1841 0.7138
vn 0.1209 0.5098 0.8517
vn 0.0473 0.6228 0.7810
vn -0.3161 -0.0000 -0.9487
vn 0.2626 0.4459 -0.8557
vn -0.3162 -0.0000 -0.9487
vn 0.6625 -0.1142 -0.7403
vn -0.8538 -0.2106 -0.4761
vn 0.1706 0.2220 -0.9600
vn -0.4257 -0.8134 0.3963
vn -0.7279 0.3563 -0.5858
vn -0.0747 0.9120 -0.4033
vn -0.7279 0.3565 -0.5858
vn -0.6758 0.1840 0.7138
vn -0.4043 0.8869 -0.2234
vn -0.4043 0.8869 -0.2236
vn -0.9655 -0.2380 -0.1053
vn 0.1210 0.5099 0.8517
vn -0.7280 0.3564 -0.5857
vn 0.0473 0.6227 0.7810
vn 0.2627 0.4458 -0.8557
vn -0.0001 1.0000 0.0060
vn -0.0001 1.0000 -0.0060
vn -0.3824 0.9240 -0.0000
vn 0.9242 -0.3818 -0.0000
vn -0.9243 -0.3817 -0.0000
vn 0.3824 0.9240 -0.0000
vn 0.8799 -0.3425 0.3295
vn -0.9802 -0.1963 0.0253
vn 0.9585 -0.1183 0.2594
vn -0.8965 -0.4178 -0.1471
vn -0.3638 -0.9110 0.1941
vn 0.8203 0.5634 -0.0986
vn -0.5890 0.6819 0.4337
vn 0.1064 -0.7217 0.6839
vn 0.2820 0.9242 0.2575
vn -0.6691 -0.0346 0.7424
vn 0.5622 -0.3767 0.7362
vn 0.2039 -0.7579 0.6197
vn 0.9184 0.2524 0.3047
vn 0.2802 0.9251 0.2562
vn -0.6692 -0.0345 0.7423
vn -0.7378 -0.6582 0.1499
vn -0.6223 -0.7812 0.0491
vn -0.7049 0.7052 -0.0771
vn -0.7839 0.5631 -0.2616
vn 0.5967 -0.7803 0.1872
vn 0.7986 0.3949 0.4543
vn 0.9175 0.3815 0.1127
vn 0.9130 -0.3321 0.2370
vn -0.1066 -0.7218 0.6839
vn -0.5621 -0.3767 0.7363
vn 0.6691 -0.0345 0.7424
vn -0.2821 0.9242 0.2576
vn -0.9183 0.2530 0.3044
vn -0.2042 -0.7579 0.6196
vn -0.2803 0.9251 0.2562
vn 0.5172 0.0398 0.8550
vn -0.0000 -0.9822 -0.1879
vn -0.0420 -0.6289 0.7764
vn 0.2403 -0.9701 -0.0329
vn -0.4273 -0.6684 -0.6087
vn 0.8158 0.5331 -0.2242
vn 0.0613 -0.7118 -0.6997
vn -0.0435 -0.5673 -0.8224
vn -0.0000 0.3476 -0.9376
vn -0.8905 -0.3204 0.3231
vn -0.7399 0.2695 0.6164
vn 0.7399 0.2709 0.6158
vn 0.1660 0.2077 0.9640
vn 0.2972 -0.9548 0.0034
vn -0.2475 -0.7699 -0.5882
vn -0.4923 -0.2032 -0.8464
vn 0.1064 -0.7216 0.6840
vn -0.1065 -0.7217 0.6840
vn -0.6691 -0.0345 0.7424
vn -0.2820 0.9242 0.2575
vn -0.2774 0.9251 0.2593
vn -0.7399 0.2709 0.6158
vn 0.1064 -0.7217 0.6840
vn 0.1063 -0.7217 0.6840
vn 0.5622 -0.3766 0.7363
vn -0.6692 -0.0346 0.7423
vn -0.0000 0.1835 0.9830
vn -0.9995 -0.0288 0.0150
vn 0.9995 -0.0288 0.0151
vn -0.6725 -0.1512 0.7245
vn 0.6749 -0.1577 0.7208
vn -0.3515 -0.8798 0.3200
vn -0.7137 0.4095 0.5682
vn 0.8442 -0.5151 0.1486
vn -0.2769 -0.2890 0.9164
vn -0.1281 0.1035 0.9863
vn 0.9160 -0.1994 0.3482
vn 0.1122 0.9425 0.3147
vn 0.4844 0.7753 -0.4052
vn 0.7868 -0.0998 -0.6090
vn -0.2431 0.2571 0.9353
vn -0.8457 -0.0608 0.5302
vn -0.2435 0.2574 0.9351
vn -0.8381 -0.0268 0.5448
vn 0.7797 -0.2033 -0.5922
vn 0.1124 0.9425 0.3147
vn -0.3408 0.9382 0.0609
vn 0.7258 0.6796 -0.1067
vn 0.4043 0.1507 0.9021
vn 0.2632 0.9392 -0.2206
vn -0.9368 0.0944 -0.3368
vn -0.5757 0.6604 0.4822
vn -0.2774 -0.2891 0.9162
vn 0.8437 -0.5158 0.1484
vn 0.2582 0.2250 -0.9395
vn 0.4845 0.7757 -0.4044
vn 0.1151 0.9425 0.3138
vn -0.9419 -0.2164 0.2570
vn 0.5904 -0.7838 -0.1926
vn -0.2436 0.2573 0.9351
vn 0.4686 0.2239 -0.8546
vn 0.1152 0.9425 0.3137
vn -0.7040 0.6438 -0.2998
vn -0.2437 0.2564 0.9354
vn -0.4512 -0.4808 0.7519
vn 0.5346 -0.2236 0.8150
vn 0.8766 -0.4632 0.1305
vn 0.2899 -0.2228 0.9308
vn 0.8436 -0.5186 0.1393
vn -0.2768 -0.2894 0.9163
vn 0.4077 -0.6695 0.6210
vn 0.1157 0.9426 0.3132
vn 0.4861 0.7726 -0.4084
vn 0.3795 0.4936 -0.7825
vn -0.9621 0.1977 0.1877
vn -0.2431 0.2572 0.9353
vn -0.0180 -0.6356 0.7718
vn -0.2432 0.2571 0.9353
vn 0.1578 0.9199 0.3590
vn 0.1157 0.9426 0.3134
vn -0.4517 -0.4798 0.7522
vn -0.4255 -0.1199 0.8970
vn -0.4206 0.2430 -0.8741
vn -0.6534 0.6319 0.4169
vn 0.2055 0.9691 -0.1365
vn 0.5346 -0.2239 0.8149
vn 0.9763 -0.1487 0.1569
vn 0.7262 0.6793 -0.1059
vn 0.3023 0.1946 -0.9331
vn 0.4342 -0.2012 0.8781
vn 0.8882 -0.4304 0.1604
vn -0.2711 0.9600 0.0705
vn -0.9341 0.1298 -0.3324
vn 0.2892 -0.2221 0.9311
vn -0.2912 -0.7565 0.5856
vn -0.7213 -0.2583 0.6426
vn -0.6596 0.7084 -0.2512
vn -0.9774 -0.1824 0.1071
vn 0.5161 -0.6678 0.5364
vn -0.1406 0.9547 -0.2622
vn 0.4725 0.7769 -0.4161
vn 0.2820 -0.4601 0.8419
vn 0.4296 0.2370 -0.8714
vn 0.3445 0.2465 -0.9058
vn 0.1156 -0.4465 0.8873
vn -0.4919 -0.8485 0.1952
vn -0.2712 0.2553 0.9281
vn -0.2788 -0.2898 0.9156
vn 0.9397 -0.3005 0.1632
vn 0.8440 -0.5152 0.1490
vn 0.4319 0.8018 -0.4131
vn -0.7853 -0.1476 -0.6012
vn 0.8896 -0.3531 0.2898
vn 0.6910 -0.1907 -0.6972
vn 0.7285 0.6768 -0.1058
vn 0.8764 -0.4635 0.1306
vn -0.2511 -0.7195 0.6476
vn -0.4433 -0.4642 0.7668
vn -0.6067 0.6479 0.4607
vn -0.7555 -0.0067 -0.6552
vn 0.1708 -0.6316 0.7563
vn 0.5352 -0.2255 0.8141
vn 0.2879 -0.2249 0.9309
vn 0.2295 0.9424 0.2434
vn 0.0172 0.9441 0.3291
vn 0.4635 0.8059 -0.3684
vn -0.7572 -0.6474 0.0871
vn -0.5615 0.2457 0.7901
vn 0.1088 0.9428 0.3150
vn -0.7510 0.6577 0.0582
vn -0.9541 0.2860 0.0883
vn -0.0112 -0.3987 0.9170
vn 0.0042 -0.4013 0.9159
vn 0.4077 0.7805 -0.4738
vn 0.6146 0.2264 -0.7556
vn 0.4345 0.8985 -0.0617
vn -0.4529 -0.8103 0.3719
vn 0.3370 0.0975 -0.9365
vn 0.6688 -0.0533 0.7416
vn 0.8513 -0.5242 0.0240
vn -0.5411 0.4513 -0.7097
vn 0.1260 -0.6232 0.7719
vn 0.2152 -0.3591 0.9082
vn 0.4381 0.8968 -0.0614
vn -0.0176 -0.3979 0.9173
vn -0.1236 -0.3787 0.9172
vn 0.1922 -0.6752 -0.7121
vn -0.0031 -0.4040 0.9148
vn -0.6669 -0.1784 -0.7234
vn 0.3383 -0.6359 -0.6936
vn 0.2635 -0.2830 -0.9222
vn 0.3357 0.8266 -0.4517
vn -0.2619 -0.7349 -0.6256
vn -0.5397 0.4270 -0.7255
vn 0.7437 0.5528 -0.3760
vn 0.0172 -0.4033 0.9149
vn 0.7402 -0.2229 -0.6344
vn 0.1470 -0.6540 -0.7420
vn 0.9546 -0.0744 -0.2884
vn 0.4006 -0.6167 -0.6776
vn -0.9851 -0.1719 -0.0001
vn 0.1467 -0.6548 -0.7414
vn 0.1923 -0.6752 -0.7121
vn -0.1626 -0.9618 0.2201
vn 0.2983 -0.2062 -0.9319
vn -0.5001 -0.8267 0.2580
vn 0.2169 -0.2276 -0.9493
vn -0.2256 -0.7223 -0.6538
vn 0.3267 -0.1615 -0.9312
vn 0.4012 -0.5436 -0.7373
vn -0.9240 0.2720 -0.2689
vn 0.0824 -0.6866 -0.7223
vn 0.9915 -0.0074 -0.1298
vn -0.7478 0.6615 0.0573
vn -0.9722 -0.1387 0.1889
vn -0.0109 -0.3987 0.9170
vn 0.0040 -0.4012 0.9160
vn 0.9997 -0.0203 0.0146
vn 0.9758 -0.1956 -0.0977
vn 0.4344 0.8986 -0.0617
vn -0.2179 0.4179 -0.8820
vn -0.1865 -0.2697 0.9447
vn 0.1680 0.2783 0.9457
vn 0.3329 0.0755 -0.9400
vn 0.8041 0.1129 0.5837
vn -0.8282 0.2729 -0.4894
vn 0.1783 -0.4908 0.8528
vn 0.2035 -0.3653 0.9084
vn 0.3308 -0.4005 0.8545
vn 0.4381 0.8968 -0.0615
vn 0.1920 -0.6753 -0.7121
vn -0.5169 -0.2597 0.8157
vn -0.3707 0.6164 -0.6947
vn -0.9845 0.1643 -0.0608
vn -0.0446 -0.2853 -0.9574
vn 0.3080 0.8355 -0.4551
vn -0.4605 -0.7670 -0.4468
vn -0.4945 0.4328 -0.7538
vn 0.7481 0.5636 -0.3504
vn -0.3397 0.2095 0.9169
vn -0.5231 -0.2572 0.8125
vn 0.9850 -0.0843 0.1505
vn -0.4204 0.8987 0.1250
vn -0.7996 0.5180 -0.3037
vn -0.0817 -0.3873 0.9183
vn 0.3056 -0.4250 0.8520
vn 0.9573 0.2856 0.0446
vn -0.6827 0.6757 -0.2783
vn -0.6628 -0.1952 0.7229
vn -0.5791 -0.2330 0.7813
vn 0.2096 -0.4558 0.8650
vn -0.0016 0.4408 -0.8976
vn -0.2639 0.2745 -0.9247
vn -0.8563 -0.3651 0.3652
vn 0.0923 -0.0208 -0.9955
vn 0.3355 0.8268 -0.4515
vn -0.5242 -0.7151 -0.4624
vn -0.1947 -0.2919 0.9364
vn 0.1958 0.9776 -0.0771
vn -0.8008 -0.1872 0.5689
vn 0.1024 -0.4114 0.9057
vn 0.0174 -0.4034 0.9149
vn 0.8213 -0.5333 -0.2025
vn 0.9828 0.0519 0.1772
vn 0.1465 -0.6538 -0.7423
vn -0.9129 -0.4036 -0.0610
vn 0.6647 0.1547 -0.7309
vn 0.3290 -0.8035 0.4961
vn 0.5991 -0.3530 0.7186
vn 0.3307 -0.3025 -0.8939
vn 0.0415 0.3511 -0.9354
vn -0.9891 0.0780 -0.1250
vn 0.1469 -0.6548 -0.7414
vn -0.1235 -0.3784 0.9173
vn 0.1921 -0.6753 -0.7121
vn 0.3428 -0.9270 0.1525
vn 0.2979 -0.2062 -0.9321
vn -0.6814 -0.6863 -0.2542
vn 0.2167 -0.2275 -0.9494
vn 0.3268 -0.1617 -0.9312
vn 0.4498 -0.5155 -0.7293
vn -0.9240 0.2721 -0.2688
vn 0.0825 -0.6865 -0.7224
vn 0.5693 0.3392 -0.7489
vn 0.1453 -0.4191 0.8962
vn 0.4080 -0.9062 0.1107
vn 0.3091 0.1708 -0.9356
vn -0.3447 -0.0907 0.9343
vn 0.1922 -0.6753 -0.7120
vn -0.8730 0.4694 0.1321
vn -0.4354 -0.7720 0.4630
vn 0.3110 -0.3190 -0.8952
vn 0.6293 0.7610 0.1575
vn -0.8014 -0.5812 0.1414
vn -0.1509 0.4004 0.9039
vn -0.6119 -0.7173 -0.3332
vn 0.9079 0.2776 -0.3140
vn -0.0632 -0.2003 0.9777
vn 0.6127 -0.7112 -0.3446
vn 0.9150 0.3941 0.0857
vn 0.5570 0.7553 -0.3454
vn 0.7420 0.3900 -0.5453
vn -0.7074 0.6819 0.1859
vn -0.1967 -0.3618 0.9113
vn 0.9186 0.3640 0.1538
vn 0.2158 -0.3565 -0.9090
vn 0.5573 -0.8136 0.1658
vn -0.0930 0.9573 -0.2738
vn 0.4318 -0.7866 -0.4413
vn 0.4102 0.2775 -0.8688
vn 0.1270 -0.6236 0.7714
vn -0.8943 0.3443 -0.2857
vn 0.9037 -0.3840 0.1893
vn -0.4368 0.4592 -0.7735
vn -0.4366 -0.2037 0.8763
vn -0.1704 -0.9797 -0.1060
vn -0.4003 0.2707 0.8755
vn -0.3596 -0.2824 -0.8894
vn 0.5393 0.7498 -0.3834
vn -0.7292 -0.1782 0.6607
vn 0.9149 -0.3001 0.2700
vn 0.8985 -0.3143 0.3063
vn -0.6803 -0.2084 0.7027
vn 0.0253 0.4259 -0.9044
vn 0.0257 0.4259 -0.9044
vn 0.2350 -0.8323 0.5021
vn 0.2788 0.7151 -0.6411
vn 0.2084 0.8826 -0.4213
vn -0.1176 -0.9348 0.3353
vn -0.4495 0.1069 0.8869
vn -0.4092 -0.1490 -0.9002
vn -0.6902 0.7085 -0.1473
vn 0.9911 0.0317 0.1291
vn 0.2350 -0.8329 0.5011
vn 0.2776 0.7146 -0.6421
vn 0.4263 0.4073 0.8077
vn 0.0980 -0.7590 -0.6437
vn -0.4495 0.1069 0.8868
vn -0.4093 -0.1490 -0.9001
vn -0.6915 0.7070 -0.1480
vn 0.2348 -0.8330 0.5009
vn 0.2791 0.7143 -0.6418
vn 0.5743 0.4834 0.6607
vn -0.0077 -0.3548 0.9349
vn -0.4494 0.1069 0.8869
vn -0.4094 -0.1490 -0.9001
vn -0.6902 0.7082 -0.1483
vn 0.9911 0.0316 0.1290
vn 0.2345 -0.8334 0.5005
vn 0.2779 0.7146 -0.6420
vn -0.1175 0.8780 0.4641
vn -0.9798 -0.1780 -0.0917
vn 0.4098 0.1490 0.8999
vn 0.4498 -0.1068 -0.8867
vn -0.6910 0.7075 -0.1480
vn -0.9911 -0.0317 -0.1290
vn 0.8566 0.1033 -0.5055
vn 0.8309 0.1604 -0.5327
vn -0.5399 0.7924 -0.2840
vn 0.7284 -0.3472 -0.5906
vn -0.8322 0.0575 0.5515
vn 0.5503 -0.1109 -0.8276
vn -0.2078 -0.7816 0.5881
vn 0.9994 -0.0338 -0.0102
vn 0.2363 -0.8467 0.4767
vn 0.2438 0.2427 -0.9390
vn 0.2349 -0.8326 0.5016
vn 0.2788 0.7135 -0.6428
vn 0.2101 -0.2895 0.9338
vn -0.0765 0.4525 0.8885
vn 0.4092 0.1490 0.9002
vn 0.4496 -0.1069 -0.8868
vn -0.6906 0.7077 -0.1493
vn -0.9911 -0.0317 -0.1292
vn -0.8570 -0.1020 0.5051
vn 0.5450 -0.7903 0.2799
vn -0.8320 -0.1581 0.5317
vn -0.7406 -0.6447 0.1895
vn -0.8324 0.0575 0.5512
vn 0.5515 -0.1107 -0.8268
vn -0.7106 -0.3790 0.5928
vn -0.2361 0.8469 -0.4764
vn 0.8277 0.0383 0.5599
vn 0.2426 0.2420 -0.9395
vn -0.8441 0.5153 0.1486
vn 0.2771 0.2889 0.9164
vn 0.3133 0.1103 0.9432
vn -0.9159 0.1994 0.3483
vn 0.4268 0.1180 -0.8966
vn -0.7180 0.1674 -0.6756
vn 0.6505 -0.3900 -0.6518
vn 0.9971 0.0299 0.0698
vn -0.5085 -0.8067 -0.3011
vn -0.3407 0.9382 -0.0610
vn 0.7258 0.6796 0.1066
vn 0.2630 0.9392 0.2206
vn -0.5758 0.6602 -0.4822
vn 0.3863 0.2533 -0.8869
vn 0.2764 0.2894 0.9164
vn -0.8442 0.5150 0.1488
vn 0.8356 0.1198 -0.5361
vn -0.2582 -0.2250 -0.9395
vn -0.7180 0.1668 -0.6758
vn 0.4268 0.1186 -0.8966
vn -0.8380 -0.2631 0.4780
vn 0.5922 0.0642 0.8032
vn 0.9971 0.0299 0.0697
vn -0.4511 -0.4809 -0.7518
vn 0.6163 0.1035 0.7807
vn 0.5346 -0.2238 -0.8149
vn -0.8875 -0.0401 0.4591
vn 0.8766 -0.4633 -0.1305
vn 0.2899 -0.2229 -0.9307
vn -0.8425 0.5155 0.1565
vn 0.2770 0.2899 0.9161
vn -0.4077 0.6695 0.6209
vn 0.4268 0.1176 -0.8967
vn -0.7192 0.1714 -0.6733
vn -0.3796 -0.4935 -0.7825
vn 0.8909 -0.4281 -0.1516
vn 0.9986 -0.0191 0.0502
vn -0.4517 -0.4799 -0.7521
vn -0.6534 0.6318 -0.4169
vn -0.4207 0.2430 0.8741
vn -0.4255 -0.1199 -0.8970
vn 0.2053 0.9691 0.1364
vn 0.5346 -0.2240 -0.8149
vn 0.9763 -0.1487 -0.1570
vn 0.7259 0.6791 0.1090
vn 0.8764 -0.4636 -0.1306
vn 0.9745 -0.0955 -0.2030
vn -0.4568 0.2403 0.8565
vn -0.3832 0.9232 -0.0299
vn 0.2895 -0.2215 -0.9312
vn -0.4594 -0.1721 -0.8714
vn -0.2912 -0.7565 -0.5855
vn -0.9774 -0.1824 -0.1071
vn -0.6596 0.7084 0.2512
vn -0.7213 -0.2583 -0.6427
vn 0.4385 -0.7316 0.5221
vn 0.9855 -0.0173 -0.1691
vn 0.9704 -0.0329 0.2393
vn -0.2905 -0.0566 0.9552
vn 0.8612 -0.4172 -0.2904
vn 0.3957 0.0353 0.9177
vn -0.5383 0.2663 0.7996
vn 0.9285 -0.1685 0.3309
vn -0.1794 0.4519 0.8738
vn 0.7236 -0.1885 0.6640
vn 0.9868 0.1556 0.0441
vn 0.2727 0.2878 0.9181
vn -0.9397 0.3005 0.1631
vn -0.8440 0.5152 0.1490
vn -0.7240 0.1345 -0.6766
vn -0.0452 -0.7971 -0.6022
vn 0.9060 -0.3499 -0.2381
vn 0.7285 0.6768 0.1058
vn -0.2511 -0.7195 -0.6475
vn -0.7554 -0.0068 0.6552
vn -0.6068 0.6478 -0.4606
vn -0.4433 -0.4643 -0.7668
vn 0.1708 -0.6316 -0.7562
vn 0.5353 -0.2258 -0.8139
vn 0.2879 -0.2249 -0.9309
vn 0.0170 0.9441 -0.3291
vn 0.2295 0.9423 -0.2435
vn 0.4244 0.1156 -0.8981
vn 0.9059 0.0178 0.4231
vn 0.8207 0.2122 0.5305
vn -0.1035 0.4148 0.9040
vn -0.0703 0.4106 0.9091
vn -0.7046 0.1860 -0.6848
vn 0.3567 -0.7288 -0.5845
vn 0.5501 0.6434 -0.5324
vn -0.5844 0.5757 -0.5720
vn 0.3368 0.0975 0.9365
vn 0.6688 -0.0533 -0.7416
vn 0.6348 -0.6606 -0.4008
vn 0.2153 -0.3591 -0.9081
vn -0.0785 0.5540 -0.8288
vn 0.0176 0.3978 0.9173
vn 0.1280 0.3778 0.9170
vn -0.4095 -0.8976 -0.1634
vn -0.0057 0.4942 0.8693
vn -0.0905 0.4170 0.9044
vn 0.0218 -0.8712 -0.4905
vn 0.3590 -0.6545 0.6654
vn 0.2635 -0.2830 0.9222
vn 0.8784 0.0077 0.4778
vn -0.0593 0.4092 0.9105
vn -0.7402 0.2229 -0.6343
vn -0.0509 0.5781 -0.8144
vn 0.9255 0.1718 0.3376
vn 0.8328 0.2118 0.5115
vn -0.8773 0.4341 -0.2046
vn -0.0783 0.5538 -0.8290
vn 0.8043 0.5906 0.0658
vn 0.9062 0.0147 0.4225
vn 0.6265 -0.0676 0.7765
vn -0.1030 0.4146 0.9042
vn -0.0710 0.4108 0.9090
vn -0.7616 0.6374 -0.1168
vn -0.6970 -0.4268 -0.5763
vn 0.5348 0.6382 -0.5539
vn -0.2178 0.4178 0.8820
vn -0.7830 0.4611 -0.4176
vn -0.1865 -0.2697 -0.9447
vn 0.3330 0.0755 0.9399
vn 0.7928 0.1015 -0.6009
vn 0.8797 -0.4663 -0.0929
vn -0.1885 0.4034 0.8954
vn 0.1760 -0.4906 -0.8534
vn 0.2036 -0.3653 -0.9084
vn 0.3066 -0.4016 -0.8630
vn -0.0784 0.5539 -0.8289
vn -0.4096 -0.8975 -0.1634
vn -0.0882 0.4129 0.9065
vn -0.5599 -0.5512 -0.6186
vn -0.9845 0.1643 0.0608
vn -0.0446 -0.2853 0.9574
vn 0.9030 -0.0668 0.4245
vn 0.9063 0.0147 0.4224
vn -0.0698 0.4106 0.9092
vn -0.3514 0.8964 -0.2701
vn 0.5372 0.6459 -0.5424
vn -0.3498 0.4459 0.8239
vn 0.2435 -0.4146 -0.8768
vn 0.9573 0.2858 -0.0442
vn -0.6828 0.6756 0.2782
vn -0.0784 0.5540 -0.8288
vn -0.4094 -0.8976 -0.1634
vn 0.5726 0.2359 0.7851
vn -0.6413 0.7549 -0.1376
vn -0.2635 0.2744 0.9248
vn 0.9465 -0.1355 0.2929
vn 0.7745 0.4346 0.4596
vn 0.6940 0.0905 -0.7143
vn -0.6477 0.7607 -0.0432
vn -0.2042 0.2294 -0.9517
vn 0.9947 0.0593 -0.0839
vn 0.8604 -0.0093 0.5095
vn 0.0856 0.9690 0.2316
vn 0.9311 0.0230 0.3640
vn 0.8025 0.1041 0.5875
vn -0.1863 0.4196 0.8884
vn -0.0591 0.4093 0.9105
vn -0.8213 0.5334 -0.2025
vn -0.7402 -0.5531 -0.3824
vn -0.9962 0.0098 0.0860
vn 0.6075 0.6807 0.4094
vn 0.3290 -0.8035 -0.4961
vn 0.5991 -0.3530 -0.7186
vn -0.2351 0.8496 0.4722
vn 0.7968 0.3802 0.4697
vn -0.7557 0.6358 -0.1569
vn -0.0783 0.5539 -0.8289
vn 0.7388 0.6721 -0.0492
vn -0.1286 0.4174 0.8996
vn -0.3212 0.8211 -0.4718
vn 0.9022 0.0328 0.4301
vn -0.4976 0.0100 -0.8674
vn -0.0781 0.5539 -0.8289
vn 0.9086 0.2716 0.3175
vn 0.1627 0.2453 0.9557
vn -0.9659 0.2564 0.0353
vn -0.7478 -0.5442 -0.3803
vn 0.1649 0.2053 0.9647
vn 0.2992 -0.3605 0.8835
vn 0.4221 -0.3765 -0.8247
vn 0.7421 0.3897 0.5454
vn -0.7011 0.6881 -0.1874
vn -0.6848 -0.4928 0.5368
vn -0.9484 0.2782 0.1524
vn 0.6492 0.1673 0.7420
vn 0.6644 0.1942 0.7217
vn 0.7883 0.3877 0.4779
vn -0.2820 0.9242 0.2576
vn 0.2749 0.0655 0.9592
vn 0.7207 0.2418 0.6497
vn -0.9528 -0.0793 -0.2932
vn -0.9465 0.2727 0.1725
vn 0.9056 -0.3841 -0.1797
vn -0.4600 0.2280 0.8581
vn -0.4342 -0.2773 -0.8571
vn 0.2511 -0.6056 -0.7551
vn -0.3604 -0.2700 0.8929
vn -0.4017 0.2581 -0.8786
vn 0.9669 -0.2108 -0.1438
vn -0.7360 -0.1862 -0.6508
vn -0.6779 -0.2230 -0.7005
vn 0.8945 -0.3221 -0.3101
vn 0.9168 -0.3020 -0.2614
vn 0.0275 0.4414 0.8969
vn 0.0292 0.4411 0.8970
vn 0.2335 -0.8345 -0.4991
vn 0.4824 -0.0693 -0.8732
vn 0.2775 0.7144 0.6424
vn 0.5601 -0.4771 0.6773
vn -0.4105 -0.1490 0.8996
vn -0.4499 0.1068 -0.8867
vn -0.6915 0.7070 0.1484
vn 0.9911 0.0317 -0.1296
vn 0.2056 -0.8268 -0.5235
vn -0.0106 0.9946 0.1030
vn 0.2787 0.7143 0.6419
vn -0.4960 0.0704 -0.8655
vn -0.4094 -0.1490 0.9001
vn -0.4494 0.1069 -0.8869
vn -0.6904 0.7081 0.1483
vn 0.9911 0.0316 -0.1290
vn 0.2355 -0.8318 -0.5027
vn 0.5060 0.4263 -0.7498
vn 0.2792 0.7139 0.6421
vn -0.1233 -0.9924 -0.0015
vn -0.4092 -0.1490 0.9002
vn -0.4496 0.1069 -0.8868
vn -0.6902 0.7082 0.1488
vn 0.9911 0.0317 -0.1293
vn 0.2356 -0.8320 -0.5023
vn 0.3113 -0.7174 -0.6232
vn 0.2792 0.7142 0.6418
vn -0.4186 0.6485 0.6358
vn 0.4497 -0.1068 0.8868
vn 0.4099 0.1490 -0.8999
vn -0.6900 0.7084 0.1485
vn -0.9911 -0.0317 0.1293
vn 0.8600 0.0960 0.5012
vn -0.5835 0.7732 0.2485
vn 0.8393 0.1432 0.5244
vn -0.2891 -0.1150 0.9504
vn 0.5508 -0.1108 0.8273
vn -0.8322 0.0575 -0.5514
vn 0.4144 0.0947 0.9052
vn 0.2364 -0.8472 -0.4759
vn 0.9996 -0.0187 0.0192
vn -0.4932 -0.7303 -0.4727
vn 0.2352 -0.8321 -0.5023
vn 0.3051 0.4966 -0.8126
vn 0.2771 0.7149 0.6420
vn -0.9272 -0.0787 -0.3662
vn 0.4492 -0.1069 0.8870
vn 0.4094 0.1490 -0.9001
vn -0.6915 0.7072 0.1475
vn -0.9911 -0.0317 0.1291
vn -0.8580 -0.0998 -0.5038
vn -0.8341 -0.1534 -0.5299
vn 0.5567 -0.7854 -0.2706
vn -0.6548 -0.2749 -0.7041
vn 0.5510 -0.1108 0.8271
vn -0.8323 0.0575 -0.5514
vn -0.5111 0.1587 0.8447
vn 0.8279 0.0400 -0.5595
vn -0.2363 0.8469 0.4764
vn -0.4931 -0.7292 -0.4745
vn -0.8427 -0.2266 -0.4883
vn 0.9091 -0.2561 0.3286
vn 0.5925 -0.0339 -0.8048
vn 0.9159 0.1994 -0.3482
vn 0.4361 -0.0067 -0.8999
vn 0.9105 0.3884 0.1420
vn -0.3581 0.0478 -0.9325
vn 0.9089 -0.2548 0.3300
vn 0.9623 0.1920 0.1925
vn -0.5083 0.8068 -0.3010
vn 0.9971 -0.0302 0.0701
vn -0.3529 0.0514 -0.9343
vn 0.9771 0.1860 -0.1036
vn -0.2095 -0.9749 -0.0748
vn 0.7251 -0.6804 0.1062
vn 0.1443 -0.9886 0.0432
vn -0.8026 0.1802 -0.5686
vn -0.5750 -0.6607 -0.4825
vn 0.9093 -0.2541 0.3294
vn -0.2582 0.2250 -0.9395
vn 0.2684 -0.0270 -0.9629
vn -0.8419 -0.2296 -0.4884
vn -0.3585 0.0504 -0.9322
vn 0.4369 -0.0064 -0.8995
vn -0.9544 0.1979 -0.2236
vn 0.5904 0.7838 0.1926
vn 0.9971 -0.0299 0.0704
vn -0.9493 0.1511 -0.2757
vn 0.4366 -0.0065 -0.8996
vn -0.8433 -0.2277 -0.4868
vn -0.4514 0.4814 -0.7513
vn 0.5352 0.2223 -0.8150
vn 0.8767 0.4629 -0.1308
vn 0.2901 0.2241 -0.9304
vn -0.8215 -0.2049 -0.5322
vn -0.4076 -0.6695 0.6210
vn 0.9098 -0.2541 0.3282
vn 0.8909 0.4281 -0.1516
vn -0.3795 0.4936 -0.7825
vn -0.3587 0.0457 -0.9323
vn 0.9948 -0.0596 0.0821
vn -0.4518 0.4795 -0.7523
vn -0.4256 0.1199 -0.8969
vn -0.4207 -0.2430 0.8741
vn -0.5223 -0.6749 -0.5212
vn 0.2047 -0.9694 0.1352
vn 0.5345 0.2241 -0.8149
vn 0.9763 0.1488 -0.1571
vn 0.7258 -0.6794 0.1079
vn -0.4569 -0.2403 0.8564
vn 0.9745 0.0955 -0.2031
vn 0.8764 0.4636 -0.1306
vn -0.1968 -0.9756 -0.0972
vn -0.4595 0.1720 -0.8714
vn 0.2892 0.2203 -0.9316
vn -0.2912 0.7565 -0.5855
vn -0.7213 0.2583 -0.6427
vn -0.6596 -0.7084 0.2512
vn -0.9774 0.1824 -0.1071
vn 0.5160 0.6678 -0.5364
vn -0.9868 0.0714 0.1451
vn -0.9798 -0.1836 0.0790
vn 0.2819 0.4601 -0.8419
vn 0.2345 0.3834 0.8933
vn 0.3443 -0.2465 0.9059
vn 0.4274 -0.3268 0.8429
vn 0.9014 -0.2579 0.3479
vn 0.9847 -0.1681 0.0469
vn 0.7236 0.1886 0.6640
vn -0.9397 -0.3005 0.1632
vn 0.2405 0.6769 -0.6957
vn -0.3547 0.0983 -0.9298
vn -0.8429 -0.2264 -0.4882
vn 0.9589 0.2016 -0.1996
vn 0.7351 -0.6693 0.1083
vn 0.8764 0.4635 -0.1306
vn -0.2511 0.7195 -0.6475
vn -0.4561 0.4913 -0.7420
vn -0.6092 -0.6539 -0.4487
vn -0.7554 0.0068 0.6552
vn 0.1708 0.6316 -0.7563
vn 0.5341 0.2231 -0.8154
vn 0.2907 0.2205 -0.9311
vn 0.2479 -0.9355 -0.2518
vn -0.0049 -0.9383 -0.3457
vn 0.4339 -0.0100 -0.9009
vn 0.9059 -0.0178 0.4231
vn 0.5232 -0.2572 0.8125
vn 0.5094 -0.2626 0.8195
vn 0.8094 0.3463 0.4742
vn -0.7046 -0.1860 -0.6848
vn 0.9373 -0.2093 -0.2786
vn 0.5577 0.5634 -0.6096
vn -0.6495 -0.5811 -0.4905
vn 0.3368 -0.0975 0.9365
vn 0.6688 0.0533 -0.7416
vn 0.6347 0.6606 -0.4010
vn 0.2153 0.3591 -0.9081
vn 0.5792 -0.2330 0.7812
vn 0.6628 -0.1951 0.7229
vn -0.0061 -0.4942 0.8693
vn 0.5144 -0.2649 0.8156
vn 0.3536 0.6953 -0.6257
vn 0.3590 0.6545 0.6654
vn 0.2635 0.2830 0.9222
vn 0.8784 -0.0078 0.4778
vn 0.5261 -0.2559 0.8110
vn -0.7401 -0.2229 -0.6344
vn 0.7073 -0.4296 -0.5614
vn 0.9255 -0.1717 0.3376
vn 0.8330 -0.2117 0.5112
vn -0.8773 -0.4341 -0.2046
vn 0.5791 -0.2330 0.7813
vn 0.6627 -0.1951 0.7230
vn 0.5481 -0.8351 0.0457
vn 0.9062 -0.0147 0.4225
vn -0.0036 -0.4009 0.9161
vn 0.0108 -0.3988 0.9170
vn 0.9564 0.0896 0.2780
vn -0.7616 -0.6375 -0.1167
vn 0.3866 -0.4136 -0.8243
vn -0.9756 0.0509 -0.2137
vn -0.0313 -0.4560 0.8894
vn -0.1677 0.0487 -0.9846
vn -0.9509 -0.2927 -0.1009
vn 0.2647 0.8251 -0.4991
vn 0.8434 0.5333 -0.0654
vn 0.9857 0.0475 -0.1618
vn 0.1640 -0.2234 0.9608
vn -0.5101 -0.7898 -0.3405
vn 0.1656 0.3612 -0.9177
vn 0.6050 0.4559 -0.6528
vn -0.0821 -0.5530 -0.8291
vn -0.4095 0.8977 -0.1624
vn 0.1234 -0.3787 0.9172
vn 0.0176 -0.3979 0.9173
vn 0.5169 -0.2598 0.8157
vn -0.3300 0.5710 -0.7517
vn -0.8992 0.1409 -0.4143
vn 0.3388 0.5580 0.7575
vn 0.8787 0.0709 0.4721
vn 0.9063 -0.0147 0.4224
vn 0.5225 -0.2573 0.8129
vn -0.7329 -0.6755 -0.0805
vn 0.9321 -0.2006 -0.3017
vn -0.7479 -0.1067 0.6551
vn 0.0033 0.4013 -0.9159
vn 0.4922 0.1893 -0.8497
vn 0.7910 -0.2016 -0.5777
vn 0.8647 -0.4982 0.0644
vn 0.1733 0.4907 -0.8539
vn 0.5167 -0.2599 0.8158
vn -0.6538 0.5204 -0.5492
vn -0.5410 0.3965 -0.7417
vn -0.0334 0.2956 0.9547
vn 0.8998 0.0656 0.4314
vn -0.0176 -0.4032 0.9149
vn -0.1024 -0.4113 0.9057
vn 0.8025 -0.1041 0.5875
vn -0.8213 -0.5334 -0.2024
vn -0.0676 -0.5788 -0.8127
vn -0.9926 0.1206 0.0118
vn -0.9962 -0.0098 0.0860
vn 0.6123 -0.7691 0.1834
vn 0.3289 0.8028 -0.4973
vn 0.5992 0.3530 -0.7186
vn 0.9635 -0.2482 0.1002
vn -0.2351 -0.8496 0.4722
vn -0.6584 -0.6663 0.3500
vn -0.0822 -0.5530 -0.8291
vn -0.4095 0.8978 -0.1624
vn 0.1236 -0.3787 0.9172
vn 0.6863 -0.6988 0.2017
vn 0.4498 -0.2857 0.8462
vn 0.3994 -0.7542 -0.5213
vn 0.9022 -0.0328 0.4301
vn -0.4976 -0.0100 -0.8674
vn 0.6628 -0.1951 0.7230
vn 0.9079 -0.2777 0.3140
vn 0.6724 0.4455 0.5911
vn 0.6393 0.2945 0.7103
vn 0.7155 -0.6979 0.0301
vn 0.7493 -0.4010 0.5270
vn -0.6980 -0.6882 -0.1980
vn 0.6845 0.3294 0.6503
vn 0.6647 -0.1920 0.7220
vn 0.1609 0.8769 0.4530
vn 0.2159 0.3567 0.9089
vn 0.5570 0.8137 -0.1660
vn 0.9037 0.3841 -0.1892
vn -0.4368 -0.4592 0.7735
vn -0.4367 0.2037 -0.8762
vn 0.3404 -0.8689 -0.3593
vn 0.3578 -0.2825 -0.8900
vn 0.3999 0.2707 0.8757
vn -0.9682 -0.2090 0.1372
vn 0.7292 -0.1781 0.6607
vn 0.6803 -0.2084 0.7027
vn -0.8985 -0.3143 0.3063
vn -0.9149 -0.3001 0.2700
vn -0.0254 0.4258 -0.9044
vn -0.0257 0.4259 -0.9044
vn -0.2352 -0.8321 0.5023
vn -0.2900 0.9570 -0.0073
vn -0.2789 0.7145 -0.6417
vn 0.1210 -0.9696 0.2127
vn 0.4092 -0.1490 -0.9002
vn 0.4496 0.1068 0.8868
vn 0.6904 0.7081 -0.1480
vn -0.9911 0.0317 0.1292
vn -0.2355 -0.8317 0.5028
vn -0.3343 -0.3789 0.8630
vn -0.2776 0.7138 -0.6430
vn 0.3129 -0.3160 0.8957
vn 0.6914 0.7070 -0.1489
vn -0.2348 -0.8327 0.5015
vn -0.4012 -0.5683 0.7184
vn -0.2793 0.7144 -0.6415
vn 0.2021 -0.3206 -0.9254
vn 0.4094 -0.1490 -0.9001
vn 0.4493 0.1069 0.8870
vn 0.6900 0.7085 -0.1480
vn -0.9912 0.0317 0.1289
vn -0.2391 -0.8293 0.5050
vn -0.0910 0.9587 0.2696
vn -0.2770 0.7145 -0.6425
vn -0.7890 0.5961 -0.1491
vn -0.4498 -0.1068 -0.8867
vn -0.4099 0.1490 0.8999
vn 0.6917 0.7068 -0.1482
vn 0.9911 -0.0317 -0.1294
vn -0.8589 0.0983 -0.5026
vn 0.5686 0.7801 -0.2608
vn -0.8362 0.1483 -0.5280
vn -0.4202 -0.5615 -0.7129
vn -0.5522 -0.1106 -0.8264
vn 0.8325 0.0574 0.5511
vn 0.2072 -0.7817 0.5883
vn -0.2364 -0.8470 0.4762
vn 0.9929 -0.0135 -0.1183
vn -0.9483 0.0896 -0.3044
vn -0.2351 -0.8322 0.5021
vn -0.3918 -0.4312 0.8127
vn -0.2774 0.7144 -0.6425
vn 0.5561 -0.5542 -0.6194
vn -0.4496 -0.1068 -0.8868
vn -0.4100 0.1490 0.8998
vn 0.6914 0.7071 -0.1482
vn 0.9911 -0.0317 -0.1293
vn 0.8592 -0.0964 0.5025
vn 0.8376 -0.1465 0.5263
vn -0.5746 -0.7774 0.2559
vn 0.1916 -0.9457 0.2627
vn -0.5503 -0.1109 -0.8276
vn 0.8322 0.0575 0.5515
vn 0.7077 -0.3825 0.5940
vn 0.9890 0.0229 0.1461
vn 0.2366 0.8470 -0.4761
vn -0.9489 0.0900 -0.3026
vn 0.8440 0.5153 0.1486
vn 0.9159 0.1994 0.3482
vn -0.3133 0.1103 0.9432
vn -0.2771 0.2889 0.9164
vn -0.4268 0.1179 -0.8966
vn -0.6506 -0.3900 -0.6517
vn 0.7180 0.1674 -0.6756
vn 0.5082 -0.8069 -0.3011
vn -0.9971 0.0300 0.0698
vn 0.3409 0.9381 -0.0611
vn -0.7257 0.6797 0.1066
vn -0.2629 0.9393 0.2206
vn -0.5347 0.3028 -0.7889
vn 0.5758 0.6603 -0.4821
vn -0.2764 0.2894 0.9164
vn 0.2583 -0.2250 -0.9395
vn -0.8356 0.1198 -0.5361
vn 0.8442 0.5150 0.1489
vn 0.7179 0.1668 -0.6758
vn -0.5921 0.0642 0.8033
vn 0.9655 -0.1976 0.1697
vn -0.4268 0.1184 -0.8966
vn -0.6162 0.1034 0.7808
vn 0.4512 -0.4809 -0.7518
vn 0.8874 -0.0401 0.4592
vn -0.5346 -0.2237 -0.8150
vn -0.8766 -0.4633 -0.1304
vn -0.2899 -0.2228 -0.9308
vn 0.8424 0.5156 0.1565
vn 0.4077 0.6694 0.6210
vn -0.2770 0.2899 0.9161
vn -0.4268 0.1175 -0.8967
vn -0.8909 -0.4281 -0.1516
vn 0.3795 -0.4935 -0.7825
vn 0.7192 0.1714 -0.6733
vn -0.9986 -0.0190 0.0501
vn 0.4512 -0.4807 -0.7519
vn -0.4864 -0.2040 -0.8496
vn 0.9232 0.1842 0.3372
vn 0.5753 0.6605 -0.4824
vn -0.3133 0.1421 0.9390
vn -0.2046 0.9697 0.1339
vn -0.5850 -0.2228 -0.7798
vn -0.7261 0.6794 0.1058
vn -0.3023 0.1946 0.9331
vn -0.4341 -0.2012 -0.8781
vn -0.8883 -0.4304 -0.1603
vn 0.2712 0.9599 -0.0707
vn 0.9341 0.1299 0.3325
vn -0.2893 -0.2221 -0.9311
vn 0.2799 -0.0981 -0.9550
vn 0.9892 0.1461 0.0135
vn 0.3091 0.8299 0.4645
vn 0.9065 0.4129 -0.0884
vn 0.4425 -0.6957 -0.5658
vn -0.0004 0.6861 -0.7275
vn 0.0525 0.8946 0.4437
vn -0.3029 0.5842 0.7530
vn -0.0131 0.3863 0.9223
vn -0.5329 0.1600 0.8309
vn -0.5601 0.2416 0.7924
vn -0.2727 0.2879 0.9180
vn -0.9971 0.0300 0.0701
vn -0.7918 -0.2733 0.5463
vn 0.9395 0.3000 0.1652
vn -0.2240 -0.7566 -0.6143
vn 0.7240 0.1345 -0.6766
vn 0.8440 0.5153 0.1490
vn -0.8840 -0.4189 -0.2076
vn -0.1674 0.0816 0.9825
vn -0.7328 0.6673 0.1331
vn -0.8764 -0.4636 -0.1305
vn 0.3119 -0.7651 -0.5633
vn 0.4433 -0.4642 -0.7668
vn 0.6068 0.6478 -0.4606
vn 0.5071 0.2948 0.8099
vn -0.1836 -0.7998 -0.5715
vn -0.5353 -0.2256 -0.8140
vn -0.2879 -0.2249 -0.9309
vn 0.2914 0.9555 -0.0462
vn -0.1998 0.9659 0.1646
vn -0.4244 0.1155 -0.8981
vn -0.9059 0.0178 0.4231
vn -0.5625 0.2403 0.7911
vn -0.5773 0.2341 0.7823
vn -0.8967 0.2409 0.3715
vn 0.7295 0.2192 -0.6479
vn -0.9289 0.2286 -0.2914
vn -0.6089 -0.5283 -0.5918
vn 0.7954 0.5566 -0.2400
vn -0.2750 0.0644 0.9593
vn -0.6949 -0.2937 -0.6564
vn -0.8535 -0.5196 -0.0392
vn -0.5414 0.2787 0.7932
vn 0.6433 0.0963 0.7596
vn 0.4443 0.8822 0.1563
vn -0.2595 -0.6044 -0.7532
vn -0.0666 -0.5005 -0.8632
vn -0.5791 0.2329 0.7813
vn -0.6645 0.1942 0.7216
vn -0.5702 0.2409 0.7854
vn -0.5311 -0.6003 -0.5980
vn -0.8787 -0.0709 0.4721
vn -0.5513 0.2453 0.7974
vn 0.7691 0.2620 -0.5829
vn -0.7073 0.4296 -0.5615
vn -0.9280 0.2010 0.3138
vn -0.7941 0.3763 0.4772
vn 0.7926 0.5844 -0.1739
vn -0.5791 0.2330 0.7813
vn -0.8469 0.4967 0.1897
vn -0.9062 0.0147 0.4225
vn -0.5624 0.2404 0.7912
vn -0.5700 0.2370 0.7867
vn -0.6494 0.2621 0.7139
vn 0.8151 0.5363 -0.2192
vn -0.9321 0.2006 -0.3016
vn 0.7136 -0.4856 -0.5050
vn 0.0399 0.4158 0.9086
vn 0.1865 -0.2701 -0.9446
vn 0.9540 0.2985 -0.0276
vn -0.3329 0.0755 0.9399
vn -0.1945 -0.4802 -0.8553
vn -0.2035 -0.3653 -0.9084
vn -0.3073 -0.4001 -0.8634
vn -0.5791 0.2331 0.7812
vn 0.4011 -0.3483 -0.8473
vn -0.5725 0.2360 0.7852
vn 0.5009 -0.5616 -0.6586
vn 0.8992 -0.1409 -0.4143
vn 0.0483 -0.2808 0.9586
vn -0.9030 -0.0668 0.4245
vn -0.8412 0.5070 -0.1880
vn -0.2536 0.7966 0.5487
vn 0.7617 0.6374 -0.1169
vn -0.9321 0.2006 -0.3017
vn 0.0097 0.4021 0.9155
vn 0.6626 0.1315 0.7374
vn -0.4112 -0.1877 -0.8920
vn -0.7796 0.1945 -0.5953
vn -0.8647 0.4979 0.0661
vn -0.1688 -0.4902 -0.8551
vn -0.0878 0.3852 0.9186
vn -0.6645 0.1943 0.7216
vn 0.7976 0.3610 0.4833
vn 0.3606 -0.0153 -0.9326
vn -0.2536 0.7967 0.5486
vn 0.6531 -0.5188 -0.5517
vn 0.8506 0.3364 0.4042
vn 0.5201 -0.4540 -0.7235
vn 0.0447 -0.2851 0.9574
vn 0.3938 0.7046 -0.5903
vn -0.5170 0.2597 0.8156
vn -0.4874 0.2682 0.8310
vn -0.8025 0.1041 0.5875
vn -0.2689 0.7778 -0.5681
vn -0.3399 -0.6632 -0.6668
vn 0.9963 0.0092 0.0853
vn -0.6075 0.6807 0.4094
vn -0.3290 -0.8035 -0.4961
vn -0.5896 -0.3674 -0.7192
vn -0.7968 0.3802 0.4697
vn 0.2335 0.8405 0.4889
vn 0.7557 0.6358 -0.1569
vn -0.8841 0.4601 0.0818
vn -0.4707 0.2779 0.8374
vn 0.6920 0.1785 -0.6994
vn -0.8752 0.3084 -0.3728
vn -0.9032 0.0325 0.4280
vn 0.6173 0.0171 -0.7865
vn -0.5792 0.2331 0.7812
vn -0.7295 0.6825 0.0457
vn -0.5759 0.6731 0.4640
vn -0.8947 -0.3817 0.2320
vn -0.8405 -0.3226 -0.4353
vn 0.1515 0.6187 0.7709
vn -0.3852 -0.3719 -0.8446
vn -0.7494 0.4007 0.5270
vn 0.6916 0.6942 -0.1996
vn 0.7283 0.3821 0.5688
vn -0.7666 0.6350 0.0952
vn -0.8905 -0.3203 0.3231
vn -0.2750 0.0654 0.9592
vn 0.1879 -0.9210 0.3411
vn -0.7311 0.5988 -0.3270
vn -0.6836 0.3251 0.6535
vn -0.7207 0.2419 0.6497
vn -0.8906 -0.3200 0.3233
vn -0.4125 0.2846 0.8653
vn -0.4522 -0.7200 -0.5265
vn -0.8352 -0.3392 -0.4328
vn -0.8394 -0.3233 -0.4368
vn -0.9056 -0.3841 -0.1797
vn 0.4600 0.2280 0.8581
vn 0.4342 -0.2774 -0.8571
vn 0.1064 -0.9704 -0.2170
vn 0.4016 0.2581 -0.8787
vn 0.3605 -0.2700 0.8928
vn -0.5440 0.7535 0.3690
vn 0.7360 -0.1862 -0.6508
vn -0.9168 -0.3020 -0.2614
vn -0.8945 -0.3221 -0.3100
vn 0.6780 -0.2229 -0.7005
vn -0.0274 0.4413 0.8969
vn -0.0288 0.4412 0.8969
vn -0.2336 -0.8351 -0.4980
vn -0.2805 0.7139 0.6416
vn -0.3773 -0.2055 -0.9030
vn -0.3095 -0.5319 -0.7882
vn 0.4500 0.1068 -0.8866
vn 0.4105 -0.1490 0.8996
vn 0.6891 0.7092 0.1489
vn -0.9910 0.0317 -0.1297
vn -0.2345 -0.8331 -0.5010
vn -0.2788 0.7150 0.6411
vn -0.4837 -0.4891 -0.7258
vn -0.4983 -0.8653 -0.0548
vn 0.4494 0.1069 -0.8869
vn 0.4093 -0.1490 0.9001
vn 0.6902 0.7085 0.1472
vn -0.9911 0.0316 -0.1290
vn -0.2356 -0.8316 -0.5030
vn -0.2765 0.7140 0.6432
vn -0.4510 -0.3630 -0.8154
vn -0.2114 -0.4699 -0.8570
vn 0.4493 0.1069 -0.8870
vn 0.4079 -0.1491 0.9008
vn 0.6922 0.7062 0.1487
vn -0.9912 0.0316 -0.1287
vn -0.2179 -0.8285 -0.5158
vn -0.2787 0.7143 0.6420
vn -0.3990 -0.0341 -0.9163
vn -0.0597 0.2763 0.9592
vn -0.4100 0.1490 -0.8998
vn -0.4497 -0.1069 0.8868
vn 0.6904 0.7081 0.1484
vn 0.9911 -0.0317 0.1293
vn -0.8619 0.0902 0.4991
vn -0.8429 0.1348 0.5208
vn 0.6093 0.7600 0.2262
vn 0.1118 -0.9000 -0.4213
vn 0.8324 0.0575 -0.5511
vn -0.5515 -0.1107 0.8268
vn -0.4094 0.0981 0.9071
vn -0.9997 -0.0109 0.0234
vn -0.2370 -0.8467 -0.4763
vn 0.4925 -0.7307 -0.4728
vn -0.2348 -0.8327 -0.5015
vn -0.2786 0.7145 0.6417
vn 0.0357 0.9994 0.0019
vn -0.1188 0.9641 -0.2375
vn -0.4496 -0.1068 0.8868
vn 0.6906 0.7080 0.1480
vn 0.8578 -0.1000 -0.5042
vn -0.5517 -0.7877 -0.2743
vn 0.8341 -0.1546 -0.5296
vn -0.2713 -0.9614 -0.0455
vn 0.8322 0.0575 -0.5514
vn -0.5507 -0.1108 0.8273
vn 0.5101 0.1578 0.8455
vn 0.2362 0.8472 0.4760
vn -0.8280 0.0393 -0.5594
vn 0.4932 -0.7293 -0.4742
vn -0.9468 -0.3161 -0.0598
vn 0.9462 -0.3182 -0.0583
vn -0.3515 0.9361 0.0146
vn 0.3513 0.9362 0.0148
vn -0.9243 -0.3792 -0.0432
vn 0.9243 -0.3793 -0.0434
vn -0.3355 0.9409 0.0460
vn 0.3370 0.9405 0.0446
vn 0.0232 0.9992 0.0323
s 1
f 1//1 2//1 3//1
f 3//1 2//1 1//1
f 7//1 6//1 8//1
f 6//1 7//1 8//1
f 9//2 10//3 11//3
f 11//3 10//3 9//2
f 12//4 13//4 14//4
f 14//4 13//4 12//4
f 15//2 16//2 17//2
f 17//2 16//2 15//2
f 18//5 19//2 20//5
f 20//5 19//2 18//5
f 21//4 22//4 23//2
f 22//4 21//4 23//2
f 24//6 25//2 26//6
f 26//6 25//2 24//6
f 27//7 28//7 29//7
f 29//7 28//7 27//7
f 30//2 31//2 32//2
f 31//2 30//2 32//2
f 79//8 78//9 80//10
f 80//10 78//9 79//8
f 82//11 81//12 83//13
f 83//13 81//12 82//11
f 128//14 127//15 126//16
f 126//16 127//15 128//14
f 131//17 130//18 129//19
f 129//19 130//18 131//17
f 154//20 153//21 155//22
f 155//22 153//21 154//20
f 157//23 156//24 158//25
f 158//25 156//24 157//23
f 208//26 207//27 209//28
f 209//28 207//27 208//26
f 211//29 210//30 212//31
f 212//31 210//30 211//29
f 259//32 258//33 260//34
f 260//34 258//33 259//32
f 262//35 261//36 263//37
f 263//37 261//36 262//35
f 272//2 270//2 271//2
f 272//2 271//2 270//2
f 274//38 273//39 275//40
f 275//40 273//39 274//38
f 282//2 280//2 281//2
f 282//2 281//2 280//2
f 285//2 283//2 284//2
f 285//2 284//2 283//2
f 287//2 286//2 288//2
f 288//2 286//2 287//2
f 291//2 289//2 290//2
f 291//2 290//2 289//2
f 305//2 304//2 306//2
f 306//2 304//2 305//2
f 312//2 311//2 313//2
f 313//2 311//2 312//2
f 315//2 314//2 316//2
f 316//2 314//2 315//2
f 319//2 317//2 318//2
f 319//2 318//2 317//2
f 322//2 320//2 321//2
f 322//2 321//2 320//2
f 343//2 341//2 342//2
f 343//2 342//2 341//2
f 346//2 344//2 345//2
f 346//2 345//2 344//2
f 348//2 347//2 349//2
f 349//2 347//2 348//2
f 351//2 350//2 352//2
f 352//2 350//2 351//2
f 358//2 357//2 359//2
f 359//2 357//2 358//2
f 362//2 360//2 361//2
f 362//2 361//2 360//2
f 370//2 369//2 371//2
f 371//2 369//2 370//2
f 374//2 372//2 373//2
f 374//2 373//2 372//2
f 383//2 381//2 382//2
f 383//2 382//2 381//2
f 386//2 384//2 385//2
f 386//2 385//2 384//2
f 388//41 387//42 389//43
f 389//43 387//42 388//41
f 391//2 390//2 392//2
f 392//2 390//2 391//2
f 407//2 405//2 406//2
f 407//2 406//2 405//2
f 417//2 416//2 418//2
f 418//2 416//2 417//2
f 420//2 419//2 421//2
f 421//2 419//2 420//2
f 427//7 426//7 428//7
f 428//7 426//7 427//7
f 430//1 429//1 431//1
f 431//1 429//1 430//1
f 870//44 869//45 868//46
f 869//45 871//47 868//46
f 873//48 869//45 870//44
f 873//48 875//49 869//45
f 875//49 872//50 871//47
f 875//49 871//47 869//45
f 874//51 875//49 873//48
f 874//51 872//50 875//49
f 878//52 877//53 876//54
f 877//53 878//52 876//54
f 868//46 871//47 870//44
f 874//51 873//48 872//50
f 872//50 873//48 870//44
f 872//50 870//44 871//47
f 866//2 867//2 879//2
f 867//2 866//2 879//2
f 884//55 885//56 886//57
f 885//56 884//55 886//57
f 887//58 888//59 889//60
f 888//59 890//61 889//60
f 887//58 891//62 888//59
f 891//62 890//61 888//59
f 890//61 887//58 889//60
f 890//61 891//62 887//58
f 905//63 894//64 895//65
f 896//66 898//67 899//68
f 896//66 899//68 897//69
f 898//67 900//70 899//68
f 901//71 896//66 897//69
f 902//72 897//69 903//73
f 896//66 902//72 903//73
f 896//66 901//71 902//72
f 897//69 904//74 898//67
f 897//69 898//67 903//73
f 896//66 903//73 898//67
f 897//69 899//68 904//74
f 900//70 898//67 904//74
f 899//68 900//70 904//74
f 895//65 894//64 905//63
f 908//75 906//76 907//77
f 906//76 908//75 907//77
f 913//78 914//79 915//80
f 913//78 915//80 916//81
f 917//82 916//81 915//80
f 913//78 918//83 914//79
f 924//84 919//85 920//86
f 924//84 921//87 919//85
f 921//87 922//88 919//85
f 923//89 924//84 920//86
f 923//89 925//90 924//84
f 925//90 921//87 924//84
f 920//86 919//85 925//90
f 923//89 920//86 925//90
f 925//90 926//91 921//87
f 919//85 926//91 925//90
f 926//91 922//88 921//87
f 919//85 922//88 926//91
f 916//81 927//92 913//78
f 917//82 927//92 916//81
f 917//82 915//80 927//92
f 927//92 928//93 913//78
f 915//80 914//79 928//93
f 915//80 928//93 927//92
f 928//93 918//83 913//78
f 914//79 918//83 928//93
f 929//2 930//2 931//2
f 929//2 931//2 930//2
f 936//6 937//6 938//6
f 937//6 936//6 938//6
f 940//2 939//2 941//2
f 939//2 940//2 941//2
f 942//94 943//94 944//94
f 943//94 942//94 944//94
f 945//2 946//2 947//2
f 946//2 945//2 947//2
f 949//95 948//96 950//94
f 948//96 949//95 950//94
f 952//7 951//7 953//7
f 951//7 952//7 953//7
f 954//2 955//2 956//2
f 956//2 955//2 954//2
f 957//97 958//98 959//97
f 958//98 957//97 959//97
f 960//2 961//2 962//2
f 962//2 961//2 960//2
f 963//99 964//100 965//100
f 964//100 963//99 965//100
f 966//101 967//102 968//103
f 967//102 966//101 968//103
f 969//104 970//105 971//105
f 970//105 969//104 971//105
f 973//94 972//94 974//2
f 972//94 973//94 974//2
f 976//94 975//94 977//2
f 975//94 976//94 977//2
f 979//2 978//2 980//2
f 978//2 979//2 980//2
f 981//106 982//107 983//108
f 982//107 981//106 983//108
f 984//109 985//110 986//111
f 985//110 984//109 986//111
f 987//4 988//4 989//4
f 988//4 987//4 989//4
f 990//112 991//113 992//112
f 991//113 990//112 992//112
f 993//5 994//5 995//5
f 994//5 993//5 995//5
f 996//114 997//115 998//115
f 997//115 996//114 998//115
f 999//116 1000//116 1001//116
f 1000//116 999//116 1001//116
f 1002//117 1003//118 1004//118
f 1004//118 1003//118 1002//117
f 1005//119 1006//120 1007//120
f 1006//120 1005//119 1007//120
f 1008//2 1009//2 1010//2
f 1009//2 1008//2 1010//2
f 1011//4 1012//4 1013//4
f 1012//4 1011//4 1013//4
f 1014//7 1015//7 1016//7
f 1015//7 1014//7 1016//7
f 1019//121 1017//122 1018//123
f 1018//123 1017//122 1019//121
f 1022//2 1021//2 1020//2
f 1022//2 1020//2 1021//2
f 1027//7 1026//7 1028//7
f 1028//7 1026//7 1027//7
f 1034//2 1035//2 1036//2
f 1034//2 1036//2 1035//2
f 1063//124 1062//125 1064//126
f 1064//126 1062//125 1063//124
f 1072//1 1071//1 1073//2
f 1073//2 1071//1 1072//1
f 1076//2 1075//2 1074//2
f 1074//2 1075//2 1076//2
f 1079//7 1078//2 1077//2
f 1077//2 1078//2 1079//7
f 1081//127 1080//128 1082//128
f 1082//128 1080//128 1081//127
f 1084//6 1083//6 1085//6
f 1085//6 1083//6 1084//6
f 1088//2 1087//2 1086//2
f 1086//2 1087//2 1088//2
f 1090//4 1089//4 1091//4
f 1091//4 1089//4 1090//4
f 1093//129 1092//130 1094//130
f 1094//130 1092//130 1093//129
f 1096//131 1095//132 1097//132
f 1097//132 1095//132 1096//131
f 1099//133 1098//134 1100//134
f 1100//134 1098//134 1099//133
f 1103//6 1102//6 1101//6
f 1101//6 1102//6 1103//6
f 1106//7 1105//7 1104//7
f 1104//7 1105//7 1106//7
f 1109//2 1108//2 1107//2
f 1107//2 1108//2 1109//2
f 1112//2 1110//2 1111//2
f 1111//2 1110//2 1112//2
f 1115//2 1114//2 1113//2
f 1115//2 1113//2 1114//2
f 1116//2 1117//2 1118//2
f 1116//2 1118//2 1117//2
f 1119//2 1120//2 1121//2
f 1120//2 1119//2 1121//2
f 1122//1 1123//2 1124//1
f 1124//1 1123//2 1122//1
f 1125//2 1126//2 1127//2
f 1125//2 1127//2 1126//2
f 1128//135 1129//136 1130//135
f 1129//136 1128//135 1130//135
f 1131//2 1132//2 1133//2
f 1131//2 1133//2 1132//2
f 1134//2 1135//2 1136//2
f 1134//2 1136//2 1135//2
f 1143//2 1144//2 1145//2
f 1162//137 1161//138 1160//139
f 1178//7 1179//7 1180//7
f 1198//2 1197//2 1196//2
f 1198//2 1196//2 1197//2
f 1205//1 1203//1 1204//1
f 1204//1 1203//1 1205//1
f 1206//1 1207//1 1208//1
f 1208//1 1207//1 1206//1
f 1209//2 1210//2 1211//2
f 1209//2 1211//2 1210//2
f 1212//140 1213//141 1214//142
f 1213//141 1212//140 1214//142
f 1226//2 1225//2 1227//2
f 1226//2 1227//2 1225//2
f 1229//2 1228//2 1230//2
f 1229//2 1230//2 1228//2
f 1232//2 1231//2 1233//2
f 1232//2 1233//2 1231//2
f 1234//143 1236//144 1235//143
f 1236//144 1234//143 1235//143
f 1237//1 1238//1 1239//1
f 1239//1 1238//1 1237//1
f 1240//2 1241//2 1242//2
f 1240//2 1242//2 1241//2
f 1243//7 1244//7 1245//7
f 1244//7 1243//7 1245//7
f 1256//1 1257//1 1258//1
f 1257//1 1256//1 1258//1
f 1261//2 1260//2 1259//2
f 1261//2 1259//2 1260//2
f 1262//94 1263//94 1264//94
f 1263//94 1262//94 1264//94
f 1266//2 1267//2 1265//2
f 1266//2 1265//2 1267//2
f 1268//145 1269//146 1270//146
f 1270//146 1269//146 1268//145
f 1140//2 1141//2 1142//2
f 1140//2 1142//2 1141//2
f 1144//2 1143//2 1145//2
f 1160//139 1161//138 1162//137
f 1179//7 1178//7 1180//7
f 858//2 857//2 854//2
f 857//2 858//2 854//2
f 860//2 859//2 853//2
f 859//2 860//2 853//2
f 856//2 855//2 861//2
f 855//2 856//2 861//2
f 1277//2 1278//2 1279//2
f 1277//2 1279//2 1278//2
f 1289//2 1290//2 1291//2
f 1289//2 1291//2 1290//2
f 1293//2 1292//2 1294//2
f 1293//2 1294//2 1292//2
f 1316//2 1317//2 1315//2
f 1316//2 1315//2 1317//2
f 1323//147 1321//148 1322//149
f 1322//149 1321//148 1323//147
f 1324//150 1325//151 1326//152
f 1326//152 1325//151 1324//150
f 1329//2 1330//2 1331//2
f 1330//2 1329//2 1331//2
f 1332//153 1333//154 1334//155
f 1334//155 1333//154 1332//153
f 1335//2 1336//2 1337//2
f 1335//2 1337//2 1336//2
f 1338//2 1339//2 1340//2
f 1338//2 1340//2 1339//2
f 1344//2 1343//2 1345//2
f 1344//2 1345//2 1343//2
f 1346//2 1347//2 1348//2
f 1346//2 1348//2 1347//2
f 1349//156 1350//157 1351//158
f 1350//157 1349//156 1351//158
f 1352//2 1353//2 1354//2
f 1352//2 1354//2 1353//2
f 1355//159 1356//160 1357//161
f 1356//160 1355//159 1357//161
f 1360//2 1359//2 1358//2
f 1360//2 1358//2 1359//2
f 1365//162 1366//163 1367//164
f 1367//164 1366//163 1365//162
f 1368//165 1369//166 1370//167
f 1370//167 1369//166 1368//165
f 1371//168 1372//169 1373//169
f 1373//169 1372//169 1371//168
f 1374//2 1375//2 1376//2
f 1374//2 1376//2 1375//2
f 1380//170 1381//2 1382//171
f 1382//171 1381//2 1380//170
f 1385//172 1383//173 1384//174
f 1384//174 1383//173 1385//172
f 1388//2 1387//2 1386//2
f 1388//2 1386//2 1387//2
f 1389//175 1390//176 1391//176
f 1390//176 1389//175 1391//176
f 1392//177 1393//178 1394//179
f 1393//178 1392//177 1394//179
f 1395//180 1396//181 1397//182
f 1397//182 1396//181 1395//180
f 1398//2 1399//2 1400//2
f 1400//2 1399//2 1398//2
f 1403//183 1401//184 1402//185
f 1402//185 1401//184 1403//183
f 1406//186 1404//187 1405//188
f 1405//188 1404//187 1406//186
f 1407//2 1408//2 1409//2
f 1407//2 1409//2 1408//2
f 1410//189 1411//190 1412//191
f 1411//190 1410//189 1412//191
f 1413//2 1414//2 1415//2
f 1413//2 1415//2 1414//2
f 1416//2 1417//2 1418//2
f 1416//2 1418//2 1417//2
f 1420//2 1419//2 1421//2
f 1420//2 1421//2 1419//2
f 1422//192 1423//193 1424//194
f 1424//194 1423//193 1422//192
f 1428//2 1429//2 1430//2
f 1428//2 1430//2 1429//2
f 1431//2 1432//2 1433//2
f 1431//2 1433//2 1432//2
f 1434//195 1435//196 1436//197
f 1436//197 1435//196 1434//195
f 1437//2 1438//2 1439//2
f 1438//2 1437//2 1439//2
f 1440//2 1441//2 1442//2
f 1440//2 1442//2 1441//2
f 1491//198 1494//199 1493//200
f 1494//199 1492//201 1495//202
f 1494//199 1495//202 1493//200
f 1495//202 1492//201 1491//203
f 1542//6 1543//6 1544//6
f 1544//6 1543//6 1542//6
f 1545//95 1546//95 1547//95
f 1546//95 1545//95 1547//95
f 1548//2 1549//2 1550//2
f 1548//2 1550//2 1549//2
f 1551//2 1552//2 1553//2
f 1551//2 1553//2 1552//2
f 1555//204 1556//204 1554//205
f 1554//205 1556//204 1555//204
f 1558//206 1559//207 1557//206
f 1557//206 1559//207 1558//206
f 1560//208 1562//209 1561//210
f 1562//209 1560//208 1561//210
f 1563//5 1565//5 1564//5
f 1565//5 1563//5 1564//5
f 1566//4 1568//4 1567//4
f 1568//4 1566//4 1567//4
f 1569//2 1570//2 1571//2
f 1570//2 1569//2 1571//2
f 1572//211 1573//212 1574//213
f 1572//211 1574//213 1575//214
f 1572//211 1576//215 1573//212
f 1577//216 1572//211 1575//214
f 1573//212 1576//215 1577//216
f 1573//212 1577//216 1575//214
f 1578//217 1579//218 1580//219
f 1580//220 1579//221 1583//222
f 1580//220 1583//222 1584//223
f 1580//224 1585//225 1579//226
f 1583//222 1585//227 1584//223
f 1586//228 1587//229 1588//230
f 1589//231 1586//228 1588//230
f 1590//232 1587//233 1586//234
f 1590//232 1586//234 1589//235
f 1588//230 1587//229 1590//236
f 1588//230 1590//236 1589//231
f 1591//237 1592//238 1587//239
f 1591//237 1587//239 1586//234
f 1593//240 1591//237 1586//234
f 1593//240 1586//234 1589//235
f 1590//241 1587//239 1592//238
f 1590//241 1592//238 1593//240
f 1590//241 1593//240 1589//235
f 1599//242 1600//243 1601//244
f 1602//245 1603//246 1600//243
f 1602//245 1600//243 1599//242
f 1599//242 1601//244 1603//246
f 1599//242 1603//246 1604//247
f 1689//248 1690//249 1691//250
f 1691//250 1690//249 1692//251
f 1693//252 1690//249 1689//248
f 1693//252 1689//248 1694//253
f 1691//250 1693//252 1694//253
f 1693//252 1691//250 1692//251
f 1697//254 1695//255 1698//256
f 1697//254 1699//257 1695//255
f 1695//255 1696//258 1698//256
f 1696//258 1699//257 1697//254
f 1696//258 1697//254 1700//259
f 1696//258 1700//259 1698//256
f 1703//260 1701//261 1704//262
f 1703//260 1705//263 1701//261
f 1701//261 1702//264 1704//262
f 1702//264 1705//263 1703//260
f 1702//264 1703//260 1706//265
f 1702//264 1706//265 1704//262
f 1707//266 1708//267 1709//268
f 1709//268 1710//269 1711//270
f 1709//268 1711//270 1707//266
f 1708//267 1712//271 1709//268
f 1708//267 1711//270 1710//269
f 1710//269 1712//271 1708//267
f 1715//272 1713//273 1716//274
f 1715//272 1717//275 1713//273
f 1713//273 1714//276 1716//274
f 1714//276 1717//275 1715//272
f 1714//276 1715//272 1718//277
f 1714//276 1718//277 1716//274
f 1758//278 1759//279 1760//280
f 1761//281 1758//278 1760//280
f 1761//281 1760//280 1762//282
f 1759//279 1758//278 1762//283
f 1763//284 1764//285 1765//286
f 1766//287 1764//285 1767//288
f 1766//287 1767//288 1765//289
f 1764//285 1763//284 1767//288
f 1771//290 1772//291 1773//292
f 1775//293 1772//291 1774//294
f 1775//293 1774//294 1771//295
f 1775//293 1773//292 1772//291
f 1777//296 1778//297 1779//298
f 1777//296 1779//298 1776//299
f 1778//297 1780//300 1779//298
f 1780//300 1778//297 1776//301
f 1781//302 1782//303 1783//304
f 1781//302 1784//305 1782//303
f 1785//306 1782//303 1784//305
f 1785//306 1784//305 1783//307
f 1786//308 1787//309 1788//310
f 1789//311 1787//309 1786//308
f 1789//311 1786//308 1790//312
f 1788//310 1787//309 1790//313
f 1797//314 1798//315 1799//316
f 1799//316 1798//315 1800//317
f 1799//316 1800//317 1801//318
f 1801//319 1798//315 1797//314
f 1811//320 1812//321 1813//322
f 1811//320 1813//322 1814//323
f 1811//320 1815//324 1812//321
f 1816//325 1811//320 1814//323
f 1812//321 1815//324 1816//325
f 1812//321 1816//325 1814//323
f 1817//326 1818//327 1819//328
f 1819//329 1818//330 1822//331
f 1819//329 1822//331 1823//332
f 1819//333 1824//334 1818//335
f 1822//331 1824//336 1823//332
f 1825//337 1826//338 1827//339
f 1828//340 1825//337 1827//339
f 1829//341 1826//342 1825//343
f 1829//341 1825//343 1828//344
f 1827//339 1826//338 1829//345
f 1827//339 1829//345 1828//340
f 1830//346 1831//347 1826//348
f 1830//346 1826//348 1825//343
f 1832//349 1830//346 1825//343
f 1832//349 1825//343 1828//344
f 1829//350 1826//348 1831//347
f 1829//350 1831//347 1832//349
f 1829//350 1832//349 1828//344
f 1838//351 1839//352 1840//353
f 1841//354 1842//355 1839//352
f 1841//354 1839//352 1838//351
f 1838//351 1840//353 1842//355
f 1838//351 1842//355 1843//356
f 1928//357 1929//358 1930//359
f 1930//359 1929//358 1931//360
f 1932//361 1929//358 1928//357
f 1932//361 1928//357 1933//362
f 1930//359 1932//361 1933//362
f 1932//361 1930//359 1931//360
f 1936//363 1934//364 1937//365
f 1936//363 1938//366 1934//364
f 1934//364 1935//367 1937//365
f 1935//367 1938//366 1936//363
f 1935//367 1936//363 1939//368
f 1935//367 1939//368 1937//365
f 1942//369 1940//370 1943//371
f 1942//369 1944//372 1940//370
f 1940//370 1941//373 1943//371
f 1941//373 1944//372 1942//369
f 1941//373 1942//369 1945//374
f 1941//373 1945//374 1943//371
f 1946//375 1947//376 1948//377
f 1948//377 1949//378 1950//379
f 1948//377 1950//379 1946//375
f 1947//376 1951//380 1948//377
f 1947//376 1950//379 1949//378
f 1949//378 1951//380 1947//376
f 1954//381 1952//382 1955//383
f 1954//381 1956//384 1952//382
f 1952//382 1953//385 1955//383
f 1953//385 1956//384 1954//381
f 1953//385 1954//381 1957//386
f 1953//385 1957//386 1955//383
f 1997//387 1998//388 1999//389
f 2000//390 1997//387 1999//389
f 2000//390 1999//389 2001//391
f 1998//388 1997//387 2001//392
f 2002//393 2003//394 2004//395
f 2005//396 2003//394 2006//397
f 2005//396 2006//397 2004//398
f 2003//394 2002//393 2006//397
f 2010//399 2011//400 2012//401
f 2014//402 2011//400 2013//403
f 2014//402 2013//403 2010//404
f 2014//402 2012//401 2011//400
f 2016//405 2017//406 2018//407
f 2016//405 2018//407 2015//408
f 2017//406 2019//409 2018//407
f 2019//409 2017//406 2015//410
f 2020//411 2021//412 2022//413
f 2020//411 2023//414 2021//412
f 2024//415 2021//412 2023//414
f 2024//415 2023//414 2022//416
f 2025//417 2026//418 2027//419
f 2028//420 2026//418 2025//417
f 2028//420 2025//417 2029//421
f 2027//419 2026//418 2029//422
f 2036//423 2037//424 2038//425
f 2038//425 2037//424 2039//426
f 2038//425 2039//426 2040//427
f 2040//428 2037//424 2036//423
f 2050//429 2051//430 2052//431
f 2050//429 2052//431 2053//432
f 2050//429 2054//433 2051//430
f 2055//434 2050//429 2053//432
f 2051//430 2054//433 2055//434
f 2051//430 2055//434 2053//432
f 2056//435 2057//436 2058//437
f 2058//438 2057//439 2061//440
f 2058//438 2061//440 2062//441
f 2058//442 2063//443 2057//444
f 2061//440 2063//445 2062//441
f 2064//446 2065//447 2066//448
f 2067//449 2064//446 2066//448
f 2068//450 2065//451 2064//452
f 2068//450 2064//452 2067//453
f 2066//448 2065//447 2068//454
f 2066//448 2068//454 2067//449
f 2069//455 2070//456 2065//457
f 2069//455 2065//457 2064//452
f 2071//458 2069//455 2064//452
f 2071//458 2064//452 2067//453
f 2068//459 2065//457 2070//456
f 2068//459 2070//456 2071//458
f 2068//459 2071//458 2067//453
f 2077//460 2078//461 2079//462
f 2080//463 2081//464 2078//461
f 2080//463 2078//461 2077//460
f 2077//460 2079//462 2081//464
f 2077//460 2081//464 2082//465
f 2167//466 2168//467 2169//468
f 2169//468 2168//467 2170//469
f 2171//470 2168//467 2167//466
f 2171//470 2167//466 2172//471
f 2169//468 2171//470 2172//471
f 2171//470 2169//468 2170//469
f 2175//472 2173//473 2176//474
f 2175//472 2177//475 2173//473
f 2173//473 2174//476 2176//474
f 2174//476 2177//475 2175//472
f 2174//476 2175//472 2178//477
f 2174//476 2178//477 2176//474
f 2181//478 2179//479 2182//480
f 2181//478 2183//481 2179//479
f 2179//479 2180//482 2182//480
f 2180//482 2183//481 2181//478
f 2180//482 2181//478 2184//483
f 2180//482 2184//483 2182//480
f 2185//484 2186//485 2187//486
f 2187//486 2188//487 2189//488
f 2187//486 2189//488 2185//484
f 2186//485 2190//489 2187//486
f 2186//485 2189//488 2188//487
f 2188//487 2190//489 2186//485
f 2193//490 2191//491 2194//492
f 2193//490 2195//493 2191//491
f 2191//491 2192//494 2194//492
f 2192//494 2195//493 2193//490
f 2192//494 2193//490 2196//495
f 2192//494 2196//495 2194//492
f 2236//496 2237//497 2238//498
f 2239//499 2236//496 2238//498
f 2239//499 2238//498 2240//500
f 2237//497 2236//496 2240//501
f 2241//502 2242//503 2243//504
f 2244//505 2242//503 2245//506
f 2244//505 2245//506 2243//507
f 2242//503 2241//502 2245//506
f 2249//508 2250//509 2251//510
f 2253//511 2250//509 2252//512
f 2253//511 2252//512 2249//513
f 2253//511 2251//510 2250//509
f 2255//514 2256//515 2257//516
f 2255//514 2257//516 2254//517
f 2256//515 2258//518 2257//516
f 2258//518 2256//515 2254//519
f 2259//520 2260//521 2261//522
f 2259//520 2262//523 2260//521
f 2263//524 2260//521 2262//523
f 2263//524 2262//523 2261//525
f 2264//526 2265//527 2266//528
f 2267//529 2265//527 2264//526
f 2267//529 2264//526 2268//530
f 2266//528 2265//527 2268//531
f 2275//532 2276//533 2277//534
f 2277//534 2276//533 2278//535
f 2277//534 2278//535 2279//536
f 2279//537 2276//533 2275//532
f 2289//538 2290//539 2291//540
f 2289//538 2291//540 2292//541
f 2289//538 2293//542 2290//539
f 2294//543 2289//538 2292//541
f 2290//539 2293//542 2294//543
f 2290//539 2294//543 2292//541
f 2295//544 2296//545 2297//546
f 2297//547 2296//548 2300//549
f 2297//547 2300//549 2301//550
f 2297//551 2302//552 2296//553
f 2300//549 2302//554 2301//550
f 2303//555 2304//556 2305//557
f 2306//558 2303//555 2305//557
f 2307//559 2304//560 2303//561
f 2307//559 2303//561 2306//562
f 2305//557 2304//556 2307//563
f 2305//557 2307//563 2306//558
f 2308//564 2309//565 2304//566
f 2308//564 2304//566 2303//567
f 2310//568 2308//564 2303//567
f 2310//568 2303//567 2306//569
f 2307//570 2304//566 2309//565
f 2307//570 2309//565 2310//568
f 2307//570 2310//568 2306//569
f 2316//571 2317//572 2318//573
f 2319//574 2320//575 2317//572
f 2319//574 2317//572 2316//571
f 2316//571 2318//573 2320//575
f 2316//571 2320//575 2321//576
f 2406//577 2407//578 2408//579
f 2408//579 2407//578 2409//580
f 2410//581 2407//578 2406//577
f 2410//581 2406//577 2411//582
f 2408//579 2410//581 2411//582
f 2410//581 2408//579 2409//580
f 2414//583 2412//584 2415//585
f 2414//583 2416//586 2412//584
f 2412//584 2413//587 2415//585
f 2413//587 2416//586 2414//583
f 2413//587 2414//583 2417//588
f 2413//587 2417//588 2415//585
f 2420//589 2418//590 2421//591
f 2420//589 2422//592 2418//590
f 2418//590 2419//593 2421//591
f 2419//593 2422//592 2420//589
f 2419//593 2420//589 2423//594
f 2419//593 2423//594 2421//591
f 2424//595 2425//596 2426//597
f 2426//597 2427//598 2428//599
f 2426//597 2428//599 2424//595
f 2425//596 2429//600 2426//597
f 2425//596 2428//599 2427//598
f 2427//598 2429//600 2425//596
f 2432//601 2430//602 2433//603
f 2432//601 2434//604 2430//602
f 2430//602 2431//605 2433//603
f 2431//605 2434//604 2432//601
f 2431//605 2432//601 2435//606
f 2431//605 2435//606 2433//603
f 2475//607 2476//608 2477//609
f 2478//610 2475//607 2477//609
f 2478//610 2477//609 2479//611
f 2476//608 2475//607 2479//612
f 2480//613 2481//614 2482//615
f 2483//616 2481//614 2484//617
f 2483//616 2484//617 2482//618
f 2481//614 2480//613 2484//617
f 2488//619 2489//620 2490//621
f 2492//622 2489//620 2491//623
f 2492//622 2491//623 2488//624
f 2492//622 2490//621 2489//620
f 2494//625 2495//626 2496//627
f 2494//625 2496//627 2493//628
f 2495//626 2497//629 2496//627
f 2497//629 2495//626 2493//630
f 2498//631 2499//632 2500//633
f 2498//631 2501//634 2499//632
f 2502//635 2499//632 2501//634
f 2502//635 2501//634 2500//636
f 2503//637 2504//638 2505//639
f 2506//640 2504//638 2503//637
f 2506//640 2503//637 2507//641
f 2505//639 2504//638 2507//642
f 2514//643 2515//644 2516//645
f 2516//645 2515//644 2517//646
f 2516//645 2517//646 2518//647
f 2518//648 2515//644 2514//643
f 2528//649 2529//650 2530//651
f 2528//649 2530//651 2531//652
f 2528//649 2532//653 2529//650
f 2533//654 2528//649 2531//652
f 2529//650 2532//653 2533//654
f 2529//650 2533//654 2531//652
f 2534//655 2535//656 2536//657
f 2536//658 2535//659 2539//660
f 2536//658 2539//660 2540//661
f 2536//662 2541//663 2535//664
f 2539//660 2541//665 2540//661
f 2542//666 2543//667 2544//668
f 2545//669 2542//666 2544//668
f 2546//670 2543//671 2542//672
f 2546//670 2542//672 2545//673
f 2544//668 2543//667 2546//674
f 2544//668 2546//674 2545//669
f 2547//675 2548//676 2543//677
f 2547//675 2543//677 2542//678
f 2549//679 2547//675 2542//678
f 2549//679 2542//678 2545//680
f 2546//681 2543//677 2548//676
f 2546//681 2548//676 2549//679
f 2546//681 2549//679 2545//680
f 2557//682 7314//683 2556//684
f 2557//682 2556//684 2555//685
f 2555//685 2556//684 2558//686
f 2555//685 2558//686 2559//687
f 2644//688 2645//689 2646//690
f 2646//690 2645//689 2647//691
f 2648//692 2645//689 2644//688
f 2648//692 2644//688 2649//693
f 2646//690 2648//692 2649//693
f 2648//692 2646//690 2647//691
f 2652//694 2650//695 2653//696
f 2652//694 2654//697 2650//695
f 2650//695 2651//698 2653//696
f 2651//698 2654//697 2652//694
f 2651//698 2652//694 2655//699
f 2651//698 2655//699 2653//696
f 2658//700 2656//701 2659//702
f 2658//700 2660//703 2656//701
f 2656//701 2657//704 2659//702
f 2657//704 2660//703 2658//700
f 2657//704 2658//700 2661//705
f 2657//704 2661//705 2659//702
f 2662//706 2663//707 2664//708
f 2664//708 2665//709 2666//710
f 2664//708 2666//710 2662//706
f 2663//707 2667//711 2664//708
f 2663//707 2666//710 2665//709
f 2665//709 2667//711 2663//707
f 2670//712 2668//713 2671//714
f 2670//712 2672//715 2668//713
f 2668//713 2669//716 2671//714
f 2669//716 2672//715 2670//712
f 2669//716 2670//712 2673//717
f 2669//716 2673//717 2671//714
f 2713//718 2714//719 2715//720
f 2716//721 2713//718 2715//720
f 2716//721 2715//720 2717//722
f 2714//719 2713//718 2717//723
f 2718//724 2719//725 2720//726
f 2721//727 2719//725 2722//728
f 2721//727 2722//728 2720//729
f 2719//725 2718//724 2722//728
f 2726//730 2727//731 2728//732
f 2730//733 2727//731 2729//734
f 2730//733 2729//734 2726//735
f 2730//733 2728//732 2727//731
f 2732//736 2733//737 2734//738
f 2732//736 2734//738 2731//739
f 2733//737 2735//740 2734//738
f 2735//740 2733//737 2731//741
f 2736//742 2737//743 2738//744
f 2736//742 2739//745 2737//743
f 2740//746 2737//743 2739//745
f 2740//746 2739//745 2738//747
f 2741//748 2742//749 2743//750
f 2744//751 2742//749 2741//748
f 2744//751 2741//748 2745//752
f 2743//750 2742//749 2745//753
f 2752//754 2753//755 2754//756
f 2754//756 2753//755 2755//757
f 2754//756 2755//757 2756//758
f 2756//759 2753//755 2752//754
f 2766//760 2767//761 2768//762
f 2766//760 2768//762 2769//763
f 2766//760 2770//764 2767//761
f 2771//765 2766//760 2769//763
f 2767//761 2770//764 2771//765
f 2767//761 2771//765 2769//763
f 2772//766 2773//767 2774//768
f 2774//769 2773//770 2777//771
f 2774//769 2777//771 2778//772
f 2774//773 2779//774 2773//775
f 2777//771 2779//776 2778//772
f 2780//777 2781//778 2782//779
f 2783//780 2780//777 2782//779
f 2784//781 2781//782 2780//783
f 2784//781 2780//783 2783//784
f 2782//779 2781//778 2784//785
f 2782//779 2784//785 2783//780
f 2785//786 2786//787 2781//788
f 2785//786 2781//788 2780//783
f 2787//789 2785//786 2780//783
f 2787//789 2780//783 2783//790
f 2784//791 2781//788 2786//787
f 2784//791 2786//787 2787//789
f 2784//791 2787//789 2783//790
f 2795//792 2796//793 2794//794
f 2795//792 2794//794 2793//795
f 2793//795 2794//794 2797//796
f 2793//795 2797//796 2798//797
f 2883//798 2884//799 2885//800
f 2885//800 2884//799 2886//801
f 2887//802 2884//799 2883//798
f 2887//802 2883//798 2888//803
f 2885//800 2887//802 2888//803
f 2887//802 2885//800 2886//801
f 2891//804 2889//805 2892//806
f 2891//804 2893//807 2889//805
f 2889//805 2890//808 2892//806
f 2890//808 2893//807 2891//804
f 2890//808 2891//804 2894//809
f 2890//808 2894//809 2892//806
f 2897//810 2895//811 2898//812
f 2897//810 2899//813 2895//811
f 2895//811 2896//814 2898//812
f 2896//814 2899//813 2897//810
f 2896//814 2897//810 2900//815
f 2896//814 2900//815 2898//812
f 2901//816 2902//817 2903//818
f 2903//818 2904//819 2905//820
f 2903//818 2905//820 2901//816
f 2902//817 2906//821 2903//818
f 2902//817 2905//820 2904//819
f 2904//819 2906//821 2902//817
f 2909//822 2907//823 2910//824
f 2909//822 2911//825 2907//823
f 2907//823 2908//826 2910//824
f 2908//826 2911//825 2909//822
f 2908//826 2909//822 2912//827
f 2908//826 2912//827 2910//824
f 2952//828 2953//829 2954//830
f 2955//831 2952//828 2954//830
f 2955//831 2954//830 2956//832
f 2953//829 2952//828 2956//833
f 2957//834 2958//835 2959//836
f 2960//837 2958//835 2961//838
f 2960//837 2961//838 2959//839
f 2958//835 2957//834 2961//838
f 2965//840 2966//841 2967//842
f 2969//843 2966//841 2968//844
f 2969//843 2968//844 2965//845
f 2969//843 2967//842 2966//841
f 2971//846 2972//847 2973//848
f 2971//846 2973//848 2970//849
f 2972//847 2974//850 2973//848
f 2974//850 2972//847 2970//851
f 2975//852 2976//853 2977//854
f 2975//852 2978//855 2976//853
f 2979//856 2976//853 2978//855
f 2979//856 2978//855 2977//857
f 2980//858 2981//859 2982//860
f 2983//861 2981//859 2980//858
f 2983//861 2980//858 2984//862
f 2982//860 2981//859 2984//863
f 2991//864 2992//865 2993//866
f 2993//866 2992//865 2994//867
f 2993//866 2994//867 2995//868
f 2995//869 2992//865 2991//864
f 3005//870 3006//871 3007//872
f 3005//870 3007//872 3008//873
f 3005//870 3009//874 3006//871
f 3010//875 3005//870 3008//873
f 3006//871 3009//874 3010//875
f 3006//871 3010//875 3008//873
f 3011//876 3012//877 3013//878
f 3013//879 3012//880 3016//881
f 3013//879 3016//881 3017//882
f 3013//883 3018//884 3012//885
f 3016//881 3018//886 3017//882
f 3019//887 3020//888 3021//889
f 3022//890 3019//887 3021//889
f 3023//891 3020//892 3019//893
f 3023//891 3019//893 3022//894
f 3021//889 3020//888 3023//895
f 3021//889 3023//895 3022//890
f 3024//896 3025//897 3020//898
f 3024//896 3020//898 3019//893
f 3026//899 3024//896 3019//893
f 3026//899 3019//893 3022//900
f 3023//901 3020//898 3025//897
f 3023//901 3025//897 3026//899
f 3023//901 3026//899 3022//900
f 3034//902 3035//903 3033//904
f 3034//902 3033//904 3032//905
f 3032//905 3033//904 3036//906
f 3032//905 3036//906 3037//907
f 3122//908 3123//909 3124//910
f 3124//910 3123//909 3125//911
f 3126//912 3123//909 3122//908
f 3126//912 3122//908 3127//913
f 3124//910 3126//912 3127//913
f 3126//912 3124//910 3125//911
f 3130//914 3128//915 3131//916
f 3130//914 3132//917 3128//915
f 3128//915 3129//918 3131//916
f 3129//918 3132//917 3130//914
f 3129//918 3130//914 3133//919
f 3129//918 3133//919 3131//916
f 3136//920 3134//921 3137//922
f 3136//920 3138//923 3134//921
f 3134//921 3135//924 3137//922
f 3135//924 3138//923 3136//920
f 3135//924 3136//920 3139//925
f 3135//924 3139//925 3137//922
f 3140//926 3141//927 3142//928
f 3142//928 3143//929 3144//930
f 3142//928 3144//930 3140//926
f 3141//927 3145//931 3142//928
f 3141//927 3144//930 3143//929
f 3143//929 3145//931 3141//927
f 3148//932 3146//933 3149//934
f 3148//932 3150//935 3146//933
f 3146//933 3147//936 3149//934
f 3147//936 3150//935 3148//932
f 3147//936 3148//932 3151//937
f 3147//936 3151//937 3149//934
f 3191//938 3192//939 3193//940
f 3194//941 3191//938 3193//940
f 3194//941 3193//940 3195//942
f 3192//939 3191//938 3195//943
f 3196//944 3197//945 3198//946
f 3199//947 3197//945 3200//948
f 3199//947 3200//948 3198//949
f 3197//945 3196//944 3200//948
f 3204//950 3205//951 3206//952
f 3208//953 3205//951 3207//954
f 3208//953 3207//954 3204//955
f 3208//953 3206//952 3205//951
f 3210//956 3211//957 3212//958
f 3210//956 3212//958 3209//959
f 3211//957 3213//960 3212//958
f 3213//960 3211//957 3209//961
f 3214//962 3215//963 3216//964
f 3214//962 3217//965 3215//963
f 3218//966 3215//963 3217//965
f 3218//966 3217//965 3216//967
f 3219//968 3220//969 3221//970
f 3222//971 3220//969 3219//968
f 3222//971 3219//968 3223//972
f 3221//970 3220//969 3223//973
f 3230//974 3231//975 3232//976
f 3232//976 3231//975 3233//977
f 3232//976 3233//977 3234//978
f 3234//979 3231//975 3230//974
f 3244//980 3245//981 3246//982
f 3244//980 3246//982 3247//983
f 3244//980 3248//984 3245//981
f 3249//985 3244//980 3247//983
f 3245//981 3248//984 3249//985
f 3245//981 3249//985 3247//983
f 3250//986 3251//987 3252//988
f 3252//989 3251//990 3255//991
f 3252//989 3255//991 3256//992
f 3252//993 3257//994 3251//995
f 3255//991 3257//996 3256//992
f 3258//997 3259//998 3260//999
f 3261//1000 3258//997 3260//999
f 3262//1001 3259//1002 3258//1003
f 3262//1001 3258//1003 3261//1004
f 3260//999 3259//998 3262//1005
f 3260//999 3262//1005 3261//1000
f 3263//1006 3264//1007 3259//1008
f 3263//1006 3259//1008 3258//1009
f 3265//1010 3263//1006 3258//1009
f 3265//1010 3258//1009 3261//1011
f 3262//1012 3259//1008 3264//1007
f 3262//1012 3264//1007 3265//1010
f 3262//1012 3265//1010 3261//1011
f 3271//1013 3272//1014 3273//1015
f 3274//1016 3275//1017 3272//1014
f 3274//1016 3272//1014 3271//1013
f 3271//1013 3273//1015 3275//1017
f 3271//1013 3275//1017 3276//1018
f 3361//1019 3362//1020 3363//1021
f 3363//1021 3362//1020 3364//1022
f 3365//1023 3362//1020 3361//1019
f 3365//1023 3361//1019 3366//1024
f 3363//1021 3365//1023 3366//1024
f 3365//1023 3363//1021 3364//1022
f 3369//1025 3367//1026 3370//1027
f 3369//1025 3371//1028 3367//1026
f 3367//1026 3368//1029 3370//1027
f 3368//1029 3371//1028 3369//1025
f 3368//1029 3369//1025 3372//1030
f 3368//1029 3372//1030 3370//1027
f 3375//1031 3373//1032 3376//1033
f 3375//1031 3377//1034 3373//1032
f 3373//1032 3374//1035 3376//1033
f 3374//1035 3377//1034 3375//1031
f 3374//1035 3375//1031 3378//1036
f 3374//1035 3378//1036 3376//1033
f 3379//1037 3380//1038 3381//1039
f 3381//1039 3382//1040 3383//1041
f 3381//1039 3383//1041 3379//1037
f 3380//1038 3384//1042 3381//1039
f 3380//1038 3383//1041 3382//1040
f 3382//1040 3384//1042 3380//1038
f 3387//1043 3385//1044 3388//1045
f 3387//1043 3389//1046 3385//1044
f 3385//1044 3386//1047 3388//1045
f 3386//1047 3389//1046 3387//1043
f 3386//1047 3387//1043 3390//1048
f 3386//1047 3390//1048 3388//1045
f 3430//1049 3431//1050 3432//1051
f 3433//1052 3430//1049 3432//1051
f 3433//1052 3432//1051 3434//1053
f 3431//1050 3430//1049 3434//1054
f 3435//1055 3436//1056 3437//1057
f 3438//1058 3436//1056 3439//1059
f 3438//1058 3439//1059 3437//1060
f 3436//1056 3435//1055 3439//1059
f 3443//1061 3444//1062 3445//1063
f 3447//1064 3444//1062 3446//1065
f 3447//1064 3446//1065 3443//1066
f 3447//1064 3445//1063 3444//1062
f 3449//1067 3450//1068 3451//1069
f 3449//1067 3451//1069 3448//1070
f 3450//1068 3452//1071 3451//1069
f 3452//1071 3450//1068 3448//1072
f 3453//1073 3454//1074 3455//1075
f 3453//1073 3456//1076 3454//1074
f 3457//1077 3454//1074 3456//1076
f 3457//1077 3456//1076 3455//1078
f 3458//1079 3459//1080 3460//1081
f 3461//1082 3459//1080 3458//1079
f 3461//1082 3458//1079 3462//1083
f 3460//1081 3459//1080 3462//1084
f 3469//1085 3470//1086 3471//1087
f 3471//1087 3470//1086 3472//1088
f 3471//1087 3472//1088 3473//1089
f 3473//1090 3470//1086 3469//1085
f 3483//1091 3484//1092 3485//1093
f 3483//1091 3485//1093 3486//1094
f 3483//1091 3487//1095 3484//1092
f 3488//1096 3483//1091 3486//1094
f 3484//1092 3487//1095 3488//1096
f 3484//1092 3488//1096 3486//1094
f 3489//1097 3490//1098 3491//1099
f 3491//1100 3490//1101 3494//1102
f 3491//1100 3494//1102 3495//1103
f 3491//1104 3496//1105 3490//1106
f 3494//1102 3496//1107 3495//1103
f 3497//1108 3498//1109 3499//2
f 3500//1110 3497//1108 3499//2
f 3501//1111 3498//1112 3497//1113
f 3501//1111 3497//1113 3500//1114
f 3499//2 3498//1109 3501//1115
f 3499//2 3501//1115 3500//1110
f 3502//1116 3503//1117 3498//1118
f 3502//1116 3498//1118 3497//1113
f 3504//1119 3502//1116 3497//1113
f 3504//1119 3497//1113 3500//1120
f 3501//1121 3498//1118 3503//1117
f 3501//1121 3503//1117 3504//1119
f 3501//1121 3504//1119 3500//1120
f 3512//1122 7323//1123 3511//1124
f 3512//1122 3511//1124 3510//1125
f 3510//1125 3511//1124 3513//1126
f 3510//1125 3513//1126 3514//1127
f 3599//1128 3600//1129 3601//1130
f 3601//1130 3600//1129 3602//1131
f 3603//1132 3600//1129 3599//1128
f 3603//1132 3599//1128 3604//1133
f 3601//1130 3603//1132 3604//1133
f 3603//1132 3601//1130 3602//1131
f 3607//1134 3605//1135 3608//1136
f 3607//1134 3609//1137 3605//1135
f 3605//1135 3606//1138 3608//1136
f 3606//1138 3609//1137 3607//1134
f 3606//1138 3607//1134 3610//1139
f 3606//1138 3610//1139 3608//1136
f 3613//1140 3611//1141 3614//1142
f 3613//1140 3615//1143 3611//1141
f 3611//1141 3612//1144 3614//1142
f 3612//1144 3615//1143 3613//1140
f 3612//1144 3613//1140 3616//1145
f 3612//1144 3616//1145 3614//1142
f 3617//1146 3618//1147 3619//1148
f 3619//1148 3620//1149 3621//1150
f 3619//1148 3621//1150 3617//1146
f 3618//1147 3622//1151 3619//1148
f 3618//1147 3621//1150 3620//1149
f 3620//1149 3622//1151 3618//1147
f 3625//1152 3623//1153 3626//1154
f 3625//1152 3627//1155 3623//1153
f 3623//1153 3624//1156 3626//1154
f 3624//1156 3627//1155 3625//1152
f 3624//1156 3625//1152 3628//1157
f 3624//1156 3628//1157 3626//1154
f 3668//1158 3669//1159 3670//1160
f 3671//1161 3668//1158 3670//1160
f 3671//1161 3670//1160 3672//1162
f 3669//1159 3668//1158 3672//1163
f 3673//1164 3674//1165 3675//1166
f 3676//1167 3674//1165 3677//1168
f 3676//1167 3677//1168 3675//1169
f 3674//1165 3673//1164 3677//1168
f 3681//1170 3682//1171 3683//1172
f 3685//1173 3682//1171 3684//1174
f 3685//1173 3684//1174 3681//1175
f 3685//1173 3683//1172 3682//1171
f 3687//1176 3688//1177 3689//1178
f 3687//1176 3689//1178 3686//1179
f 3688//1177 3690//1180 3689//1178
f 3690//1180 3688//1177 3686//1181
f 3691//1182 3692//1183 3693//1184
f 3691//1182 3694//1185 3692//1183
f 3695//1186 3692//1183 3694//1185
f 3695//1186 3694//1185 3693//1187
f 3696//1188 3697//1189 3698//1190
f 3699//1191 3697//1189 3696//1188
f 3699//1191 3696//1188 3700//1192
f 3698//1190 3697//1189 3700//1193
f 3707//1194 3708//1195 3709//1196
f 3709//1196 3708//1195 3710//1197
f 3709//1196 3710//1197 3711//1198
f 3711//1199 3708//1195 3707//1194
f 3721//1200 3722//1201 3723//1202
f 3721//1200 3723//1202 3724//1203
f 3721//1200 3725//1204 3722//1201
f 3726//1205 3721//1200 3724//1203
f 3722//1201 3725//1204 3726//1205
f 3722//1201 3726//1205 3724//1203
f 3727//1206 3728//1207 3729//1208
f 3729//1209 3728//1210 3732//1211
f 3729//1209 3732//1211 3733//1212
f 3729//1213 3734//1214 3728//1215
f 3732//1211 3734//1216 3733//1212
f 3735//1217 3736//1218 3737//1219
f 3738//1220 3735//1217 3737//1219
f 3739//1221 3736//1222 3735//1223
f 3739//1221 3735//1223 3738//1224
f 3737//1219 3736//1218 3739//1225
f 3737//1219 3739//1225 3738//1220
f 3740//1226 3741//1227 3736//1228
f 3740//1226 3736//1228 3735//1223
f 3742//1229 3740//1226 3735//1223
f 3742//1229 3735//1223 3738//1224
f 3739//1230 3736//1228 3741//1227
f 3739//1230 3741//1227 3742//1229
f 3739//1230 3742//1229 3738//1224
f 3748//1231 3749//1232 3750//1233
f 3751//1234 3752//1235 3749//1232
f 3751//1234 3749//1232 3748//1231
f 3748//1231 3750//1233 3752//1235
f 3748//1231 3752//1235 3753//1236
f 3838//1237 3839//1238 3840//1239
f 3840//1239 3839//1238 3841//1240
f 3842//1241 3839//1238 3838//1237
f 3842//1241 3838//1237 3843//1242
f 3840//1239 3842//1241 3843//1242
f 3842//1241 3840//1239 3841//1240
f 3846//1243 3844//1244 3847//1245
f 3846//1243 3848//1246 3844//1244
f 3844//1244 3845//1247 3847//1245
f 3845//1247 3848//1246 3846//1243
f 3845//1247 3846//1243 3849//1248
f 3845//1247 3849//1248 3847//1245
f 3852//1249 3850//1250 3853//1251
f 3852//1249 3854//1252 3850//1250
f 3850//1250 3851//1253 3853//1251
f 3851//1253 3854//1252 3852//1249
f 3851//1253 3852//1249 3855//1254
f 3851//1253 3855//1254 3853//1251
f 3856//1255 3857//1256 3858//1257
f 3858//1257 3859//1258 3860//1259
f 3858//1257 3860//1259 3856//1255
f 3857//1256 3861//1260 3858//1257
f 3857//1256 3860//1259 3859//1258
f 3859//1258 3861//1260 3857//1256
f 3864//1261 3862//1262 3865//1263
f 3864//1261 3866//1264 3862//1262
f 3862//1262 3863//1265 3865//1263
f 3863//1265 3866//1264 3864//1261
f 3863//1265 3864//1261 3867//1266
f 3863//1265 3867//1266 3865//1263
f 3907//1267 3908//1268 3909//1269
f 3910//1270 3907//1267 3909//1269
f 3910//1270 3909//1269 3911//1271
f 3908//1268 3907//1267 3911//1272
f 3912//1273 3913//1274 3914//1275
f 3915//1276 3913//1274 3916//1277
f 3915//1276 3916//1277 3914//1278
f 3913//1274 3912//1273 3916//1277
f 3920//1279 3921//1280 3922//1281
f 3924//1282 3921//1280 3923//1283
f 3924//1282 3923//1283 3920//1284
f 3924//1282 3922//1281 3921//1280
f 3926//1285 3927//1286 3928//1287
f 3926//1285 3928//1287 3925//1288
f 3927//1286 3929//1289 3928//1287
f 3929//1289 3927//1286 3925//1290
f 3930//1291 3931//1292 3932//1293
f 3930//1291 3933//1294 3931//1292
f 3934//1295 3931//1292 3933//1294
f 3934//1295 3933//1294 3932//1296
f 3935//1297 3936//1298 3937//1299
f 3938//1300 3936//1298 3935//1297
f 3938//1300 3935//1297 3939//1301
f 3937//1299 3936//1298 3939//1302
f 3946//1303 3947//1304 3948//1305
f 3948//1305 3947//1304 3949//1306
f 3948//1305 3949//1306 3950//1307
f 3950//1308 3947//1304 3946//1303
f 3960//1309 3961//1310 3962//1311
f 3960//1309 3962//1311 3963//1312
f 3960//1309 3964//1313 3961//1310
f 3965//1314 3960//1309 3963//1312
f 3961//1310 3964//1313 3965//1314
f 3961//1310 3965//1314 3963//1312
f 3966//1315 3967//1316 3968//1317
f 3968//1318 3967//1319 3971//1320
f 3968//1318 3971//1320 3972//1321
f 3968//1322 3973//1323 3967//1324
f 3971//1320 3973//1325 3972//1321
f 3974//1326 3975//1327 3976//1328
f 3977//1329 3974//1326 3976//1328
f 3978//1330 3975//1331 3974//1332
f 3978//1330 3974//1332 3977//1333
f 3976//1328 3975//1327 3978//1334
f 3976//1328 3978//1334 3977//1329
f 3979//1335 3980//1336 3975//1337
f 3979//1335 3975//1337 3974//1332
f 3981//1338 3979//1335 3974//1332
f 3981//1338 3974//1332 3977//1339
f 3978//1340 3975//1337 3980//1336
f 3978//1340 3980//1336 3981//1338
f 3978//1340 3981//1338 3977//1339
f 3987//1341 3988//1342 3989//1343
f 3990//1344 3991//1345 3988//1342
f 3990//1344 3988//1342 3987//1341
f 3987//1341 3989//1343 3991//1345
f 3987//1341 3991//1345 3992//1346
f 4077//1347 4078//1348 4079//1349
f 4079//1349 4078//1348 4080//1350
f 4081//1351 4078//1348 4077//1347
f 4081//1351 4077//1347 4082//1352
f 4079//1349 4081//1351 4082//1352
f 4081//1351 4079//1349 4080//1350
f 4085//1353 4083//1354 4086//1355
f 4085//1353 4087//1356 4083//1354
f 4083//1354 4084//1357 4086//1355
f 4084//1357 4087//1356 4085//1353
f 4084//1357 4085//1353 4088//1358
f 4084//1357 4088//1358 4086//1355
f 4091//1359 4089//1360 4092//1361
f 4091//1359 4093//1362 4089//1360
f 4089//1360 4090//1363 4092//1361
f 4090//1363 4093//1362 4091//1359
f 4090//1363 4091//1359 4094//1364
f 4090//1363 4094//1364 4092//1361
f 4095//1365 4096//1366 4097//1367
f 4097//1367 4098//1368 4099//1369
f 4097//1367 4099//1369 4095//1365
f 4096//1366 4100//1370 4097//1367
f 4096//1366 4099//1369 4098//1368
f 4098//1368 4100//1370 4096//1366
f 4103//1371 4101//1372 4104//1373
f 4103//1371 4105//1374 4101//1372
f 4101//1372 4102//1375 4104//1373
f 4102//1375 4105//1374 4103//1371
f 4102//1375 4103//1371 4106//1376
f 4102//1375 4106//1376 4104//1373
f 4146//1377 4147//1378 4148//1379
f 4149//1380 4146//1377 4148//1379
f 4149//1380 4148//1379 4150//1381
f 4147//1378 4146//1377 4150//1382
f 4151//1383 4152//1384 4153//1385
f 4154//1386 4152//1384 4155//1387
f 4154//1386 4155//1387 4153//1388
f 4152//1384 4151//1383 4155//1387
f 4159//1389 4160//1390 4161//1391
f 4163//1392 4160//1390 4162//1393
f 4163//1392 4162//1393 4159//1394
f 4163//1392 4161//1391 4160//1390
f 4165//1395 4166//1396 4167//1397
f 4165//1395 4167//1397 4164//1398
f 4166//1396 4168//1399 4167//1397
f 4168//1399 4166//1396 4164//1400
f 4169//1401 4170//1402 4171//1403
f 4169//1401 4172//1404 4170//1402
f 4173//1405 4170//1402 4172//1404
f 4173//1405 4172//1404 4171//1406
f 4174//1407 4175//1408 4176//1409
f 4177//1410 4175//1408 4174//1407
f 4177//1410 4174//1407 4178//1411
f 4176//1409 4175//1408 4178//1412
f 4185//1413 4186//1414 4187//1415
f 4187//1415 4186//1414 4188//1416
f 4187//1415 4188//1416 4189//1417
f 4189//1418 4186//1414 4185//1413
f 4199//1419 4200//1420 4201//1421
f 4199//1419 4201//1421 4202//1422
f 4199//1419 4203//1423 4200//1420
f 4204//1424 4199//1419 4202//1422
f 4200//1420 4203//1423 4204//1424
f 4200//1420 4204//1424 4202//1422
f 4205//1425 4206//1426 4207//1427
f 4207//1428 4206//1429 4210//1430
f 4207//1428 4210//1430 4211//1431
f 4207//1432 4212//1433 4206//1434
f 4210//1430 4212//1435 4211//1431
f 4213//1436 4214//1437 4215//2
f 4216//1438 4213//1436 4215//2
f 4217//1439 4214//1440 4213//1441
f 4217//1439 4213//1441 4216//1442
f 4215//2 4214//1437 4217//1443
f 4215//2 4217//1443 4216//1438
f 4218//1444 4219//1445 4214//1446
f 4218//1444 4214//1446 4213//1441
f 4220//1447 4218//1444 4213//1441
f 4220//1447 4213//1441 4216//1448
f 4217//1449 4214//1446 4219//1445
f 4217//1449 4219//1445 4220//1447
f 4217//1449 4220//1447 4216//1448
f 4228//1450 4229//1451 4227//1452
f 4228//1450 4227//1452 4226//1453
f 4226//1453 4227//1452 4230//1454
f 4226//1453 4230//1454 4231//1455
f 4316//1456 4317//1457 4318//1458
f 4318//1458 4317//1457 4319//1459
f 4320//1460 4317//1457 4316//1456
f 4320//1460 4316//1456 4321//1461
f 4318//1458 4320//1460 4321//1461
f 4320//1460 4318//1458 4319//1459
f 4324//1462 4322//1463 4325//1464
f 4324//1462 4326//1465 4322//1463
f 4322//1463 4323//1466 4325//1464
f 4323//1466 4326//1465 4324//1462
f 4323//1466 4324//1462 4327//1467
f 4323//1466 4327//1467 4325//1464
f 4330//1468 4328//1469 4331//1470
f 4330//1468 4332//1471 4328//1469
f 4328//1469 4329//1472 4331//1470
f 4329//1472 4332//1471 4330//1468
f 4329//1472 4330//1468 4333//1473
f 4329//1472 4333//1473 4331//1470
f 4334//1474 4335//1475 4336//1476
f 4336//1476 4337//1477 4338//1478
f 4336//1476 4338//1478 4334//1474
f 4335//1475 4339//1479 4336//1476
f 4335//1475 4338//1478 4337//1477
f 4337//1477 4339//1479 4335//1475
f 4342//1480 4340//1481 4343//1482
f 4342//1480 4344//1483 4340//1481
f 4340//1481 4341//1484 4343//1482
f 4341//1484 4344//1483 4342//1480
f 4341//1484 4342//1480 4345//1485
f 4341//1484 4345//1485 4343//1482
f 4385//1486 4386//1487 4387//1488
f 4388//1489 4385//1486 4387//1488
f 4388//1489 4387//1488 4389//1490
f 4386//1487 4385//1486 4389//1491
f 4390//1492 4391//1493 4392//1494
f 4393//1495 4391//1493 4394//1496
f 4393//1495 4394//1496 4392//1497
f 4391//1493 4390//1492 4394//1496
f 4398//1498 4399//1499 4400//1500
f 4402//1501 4399//1499 4401//1502
f 4402//1501 4401//1502 4398//1503
f 4402//1501 4400//1500 4399//1499
f 4404//1504 4405//1505 4406//1506
f 4404//1504 4406//1506 4403//1507
f 4405//1505 4407//1508 4406//1506
f 4407//1508 4405//1505 4403//1509
f 4408//1510 4409//1511 4410//1512
f 4408//1510 4411//1513 4409//1511
f 4412//1514 4409//1511 4411//1513
f 4412//1514 4411//1513 4410//1515
f 4413//1516 4414//1517 4415//1518
f 4416//1519 4414//1517 4413//1516
f 4416//1519 4413//1516 4417//1520
f 4415//1518 4414//1517 4417//1521
f 4424//1522 4425//1523 4426//1524
f 4426//1524 4425//1523 4427//1525
f 4426//1524 4427//1525 4428//1526
f 4428//1527 4425//1523 4424//1522
f 4438//1528 4439//1529 4440//1530
f 4438//1528 4440//1530 4441//1531
f 4438//1528 4442//1532 4439//1529
f 4443//1533 4438//1528 4441//1531
f 4439//1529 4442//1532 4443//1533
f 4439//1529 4443//1533 4441//1531
f 4444//1534 4445//1535 4446//1536
f 4446//1537 4445//1538 4449//1539
f 4446//1537 4449//1539 4450//1540
f 4446//1541 4451//1542 4445//1543
f 4449//1539 4451//1544 4450//1540
f 4452//1545 4453//1546 4454//1547
f 4455//1548 4452//1545 4454//1547
f 4456//1549 4453//1550 4452//1551
f 4456//1549 4452//1551 4455//1552
f 4454//1547 4453//1546 4456//1553
f 4454//1547 4456//1553 4455//1548
f 4457//1554 4458//1555 4453//1556
f 4457//1554 4453//1556 4452//1551
f 4459//1557 4457//1554 4452//1551
f 4459//1557 4452//1551 4455//1552
f 4456//1558 4453//1556 4458//1555
f 4456//1558 4458//1555 4459//1557
f 4456//1558 4459//1557 4455//1552
f 4465//1559 4466//1560 4467//1561
f 4468//1562 4469//1563 4466//1560
f 4468//1562 4466//1560 4465//1559
f 4465//1559 4467//1561 4469//1563
f 4465//1559 4469//1563 4470//1564
f 4555//1565 4556//1566 4557//1567
f 4557//1567 4556//1566 4558//1568
f 4559//1569 4556//1566 4555//1565
f 4559//1569 4555//1565 4560//1570
f 4557//1567 4559//1569 4560//1570
f 4559//1569 4557//1567 4558//1568
f 4563//1571 4561//1572 4564//1573
f 4563//1571 4565//1574 4561//1572
f 4561//1572 4562//1575 4564//1573
f 4562//1575 4565//1574 4563//1571
f 4562//1575 4563//1571 4566//1576
f 4562//1575 4566//1576 4564//1573
f 4569//1577 4567//1578 4570//1579
f 4569//1577 4571//1580 4567//1578
f 4567//1578 4568//1581 4570//1579
f 4568//1581 4571//1580 4569//1577
f 4568//1581 4569//1577 4572//1582
f 4568//1581 4572//1582 4570//1579
f 4573//1583 4574//1584 4575//1585
f 4575//1585 4576//1586 4577//1587
f 4575//1585 4577//1587 4573//1583
f 4574//1584 4578//1588 4575//1585
f 4574//1584 4577//1587 4576//1586
f 4576//1586 4578//1588 4574//1584
f 4581//1589 4579//1590 4582//1591
f 4581//1589 4583//1592 4579//1590
f 4579//1590 4580//1593 4582//1591
f 4580//1593 4583//1592 4581//1589
f 4580//1593 4581//1589 4584//1594
f 4580//1593 4584//1594 4582//1591
f 4624//1595 4625//1596 4626//1597
f 4627//1598 4624//1595 4626//1597
f 4627//1598 4626//1597 4628//1599
f 4625//1596 4624//1595 4628//1600
f 4629//1601 4630//1602 4631//1603
f 4632//1604 4630//1602 4633//1605
f 4632//1604 4633//1605 4631//1606
f 4630//1602 4629//1601 4633//1605
f 4637//1607 4638//1608 4639//1609
f 4641//1610 4638//1608 4640//1611
f 4641//1610 4640//1611 4637//1612
f 4641//1610 4639//1609 4638//1608
f 4643//1613 4644//1614 4645//1615
f 4643//1613 4645//1615 4642//1616
f 4644//1614 4646//1617 4645//1615
f 4646//1617 4644//1614 4642//1618
f 4647//1619 4648//1620 4649//1621
f 4647//1619 4650//1622 4648//1620
f 4651//1623 4648//1620 4650//1622
f 4651//1623 4650//1622 4649//1624
f 4652//1625 4653//1626 4654//1627
f 4655//1628 4653//1626 4652//1625
f 4655//1628 4652//1625 4656//1629
f 4654//1627 4653//1626 4656//1630
f 4663//1631 4664//1632 4665//1633
f 4665//1633 4664//1632 4666//1634
f 4665//1633 4666//1634 4667//1635
f 4667//1636 4664//1632 4663//1631
f 4677//1637 4678//1638 4679//1639
f 4677//1637 4679//1639 4680//1640
f 4677//1637 4681//1641 4678//1638
f 4682//1642 4677//1637 4680//1640
f 4678//1638 4681//1641 4682//1642
f 4678//1638 4682//1642 4680//1640
f 4683//1643 4684//1644 4685//1645
f 4685//1646 4684//1647 4688//1648
f 4685//1646 4688//1648 4689//1649
f 4685//1650 4690//1651 4684//1652
f 4688//1648 4690//1653 4689//1649
f 4691//1654 4692//1655 4693//1656
f 4694//1657 4691//1654 4693//1656
f 4695//1658 4692//1659 4691//1660
f 4695//1658 4691//1660 4694//1661
f 4693//1656 4692//1655 4695//1662
f 4693//1656 4695//1662 4694//1657
f 4696//1663 4697//1664 4692//1665
f 4696//1663 4692//1665 4691//1660
f 4698//1666 4696//1663 4691//1660
f 4698//1666 4691//1660 4694//1661
f 4695//1667 4692//1665 4697//1664
f 4695//1667 4697//1664 4698//1666
f 4695//1667 4698//1666 4694//1661
f 4704//1668 4705//1669 4706//1670
f 4707//1671 4708//1672 4705//1669
f 4707//1671 4705//1669 4704//1668
f 4704//1668 4706//1670 4708//1672
f 4704//1668 4708//1672 4709//1673
f 4794//1674 4795//1675 4796//1676
f 4796//1676 4795//1675 4797//1677
f 4798//1678 4795//1675 4794//1674
f 4798//1678 4794//1674 4799//1679
f 4796//1676 4798//1678 4799//1679
f 4798//1678 4796//1676 4797//1677
f 4802//1680 4800//1681 4803//1682
f 4802//1680 4804//1683 4800//1681
f 4800//1681 4801//1684 4803//1682
f 4801//1684 4804//1683 4802//1680
f 4801//1684 4802//1680 4805//1685
f 4801//1684 4805//1685 4803//1682
f 4808//1686 4806//1687 4809//1688
f 4808//1686 4810//1689 4806//1687
f 4806//1687 4807//1690 4809//1688
f 4807//1690 4810//1689 4808//1686
f 4807//1690 4808//1686 4811//1691
f 4807//1690 4811//1691 4809//1688
f 4812//1692 4813//1693 4814//1694
f 4814//1694 4815//1695 4816//1696
f 4814//1694 4816//1696 4812//1692
f 4813//1693 4817//1697 4814//1694
f 4813//1693 4816//1696 4815//1695
f 4815//1695 4817//1697 4813//1693
f 4820//1698 4818//1699 4821//1700
f 4820//1698 4822//1701 4818//1699
f 4818//1699 4819//1702 4821//1700
f 4819//1702 4822//1701 4820//1698
f 4819//1702 4820//1698 4823//1703
f 4819//1702 4823//1703 4821//1700
f 4863//1704 4864//1705 4865//1706
f 4866//1707 4863//1704 4865//1706
f 4866//1707 4865//1706 4867//1708
f 4864//1705 4863//1704 4867//1709
f 4868//1710 4869//1711 4870//1712
f 4871//1713 4869//1711 4872//1714
f 4871//1713 4872//1714 4870//1715
f 4869//1711 4868//1710 4872//1714
f 4876//1716 4877//1717 4878//1718
f 4880//1719 4877//1717 4879//1720
f 4880//1719 4879//1720 4876//1721
f 4880//1719 4878//1718 4877//1717
f 4882//1722 4883//1723 4884//1724
f 4882//1722 4884//1724 4881//1725
f 4883//1723 4885//1726 4884//1724
f 4885//1726 4883//1723 4881//1727
f 4886//1728 4887//1729 4888//1730
f 4886//1728 4889//1731 4887//1729
f 4890//1732 4887//1729 4889//1731
f 4890//1732 4889//1731 4888//1733
f 4891//1734 4892//1735 4893//1736
f 4894//1737 4892//1735 4891//1734
f 4894//1737 4891//1734 4895//1738
f 4893//1736 4892//1735 4895//1739
f 4902//1740 4903//1741 4904//1742
f 4904//1742 4903//1741 4905//1743
f 4904//1742 4905//1743 4906//1744
f 4906//1745 4903//1741 4902//1740
f 4916//1746 4917//1747 4918//1748
f 4916//1746 4918//1748 4919//1749
f 4916//1746 4920//1750 4917//1747
f 4921//1751 4916//1746 4919//1749
f 4917//1747 4920//1750 4921//1751
f 4917//1747 4921//1751 4919//1749
f 4922//1752 4923//1753 4924//1754
f 4924//1755 4923//1756 4927//1757
f 4924//1755 4927//1757 4928//1758
f 4924//1759 4929//1760 4923//1761
f 4927//1757 4929//1762 4928//1758
f 4930//1763 4931//1764 4932//2
f 4933//1765 4930//1763 4932//2
f 4934//1766 4931//1767 4930//1768
f 4934//1766 4930//1768 4933//1769
f 4932//2 4931//1764 4934//1770
f 4932//2 4934//1770 4933//1765
f 4935//1771 4936//1772 4931//1773
f 4935//1771 4931//1773 4930//1768
f 4937//1774 4935//1771 4930//1768
f 4937//1774 4930//1768 4933//1769
f 4934//1775 4931//1773 4936//1772
f 4934//1775 4936//1772 4937//1774
f 4934//1775 4937//1774 4933//1769
f 4943//1776 4944//1777 4945//1778
f 4946//1779 4947//1780 4944//1777
f 4946//1779 4944//1777 4943//1776
f 4943//1776 4945//1778 4947//1780
f 4943//1776 4947//1780 4948//1781
f 5033//1782 5034//1783 5035//1784
f 5035//1784 5034//1783 5036//1785
f 5037//1786 5034//1783 5033//1782
f 5037//1786 5033//1782 5038//1787
f 5035//1784 5037//1786 5038//1787
f 5037//1786 5035//1784 5036//1785
f 5041//1788 5039//1789 5042//1790
f 5041//1788 5043//1791 5039//1789
f 5039//1789 5040//1792 5042//1790
f 5040//1792 5043//1791 5041//1788
f 5040//1792 5041//1788 5044//1793
f 5040//1792 5044//1793 5042//1790
f 5047//1794 5045//1795 5048//1796
f 5047//1794 5049//1797 5045//1795
f 5045//1795 5046//1798 5048//1796
f 5046//1798 5049//1797 5047//1794
f 5046//1798 5047//1794 5050//1799
f 5046//1798 5050//1799 5048//1796
f 5051//1800 5052//1801 5053//1802
f 5053//1802 5054//1803 5055//1804
f 5053//1802 5055//1804 5051//1800
f 5052//1801 5056//1805 5053//1802
f 5052//1801 5055//1804 5054//1803
f 5054//1803 5056//1805 5052//1801
f 5059//1806 5057//1807 5060//1808
f 5059//1806 5061//1809 5057//1807
f 5057//1807 5058//1810 5060//1808
f 5058//1810 5061//1809 5059//1806
f 5058//1810 5059//1806 5062//1811
f 5058//1810 5062//1811 5060//1808
f 5102//1812 5103//1813 5104//1814
f 5105//1815 5102//1812 5104//1814
f 5105//1815 5104//1814 5106//1816
f 5103//1813 5102//1812 5106//1817
f 5107//1818 5108//1819 5109//1820
f 5110//1821 5108//1819 5111//1822
f 5110//1821 5111//1822 5109//1823
f 5108//1819 5107//1818 5111//1822
f 5115//1824 5116//1825 5117//1826
f 5119//1827 5116//1825 5118//1828
f 5119//1827 5118//1828 5115//1829
f 5119//1827 5117//1826 5116//1825
f 5121//1830 5122//1831 5123//1832
f 5121//1830 5123//1832 5120//1833
f 5122//1831 5124//1834 5123//1832
f 5124//1834 5122//1831 5120//1835
f 5125//1836 5126//1837 5127//1838
f 5125//1836 5128//1839 5126//1837
f 5129//1840 5126//1837 5128//1839
f 5129//1840 5128//1839 5127//1841
f 5130//1842 5131//1843 5132//1844
f 5133//1845 5131//1843 5130//1842
f 5133//1845 5130//1842 5134//1846
f 5132//1844 5131//1843 5134//1847
f 5141//1848 5142//1849 5143//1850
f 5143//1850 5142//1849 5144//1851
f 5143//1850 5144//1851 5145//1852
f 5145//1853 5142//1849 5141//1848
f 5155//1854 5156//1855 5157//1856
f 5155//1854 5157//1856 5158//1857
f 5155//1854 5159//1858 5156//1855
f 5160//1859 5155//1854 5158//1857
f 5156//1855 5159//1858 5160//1859
f 5156//1855 5160//1859 5158//1857
f 5161//1860 5162//1861 5163//1862
f 5163//1863 5162//1864 5166//1865
f 5163//1863 5166//1865 5167//1866
f 5163//1867 5168//1868 5162//1869
f 5166//1865 5168//1870 5167//1866
f 5169//1871 5170//1872 5171//1873
f 5172//1874 5169//1871 5171//1873
f 5173//1875 5170//1876 5169//1877
f 5173//1875 5169//1877 5172//1878
f 5171//1873 5170//1872 5173//1879
f 5171//1873 5173//1879 5172//1874
f 5174//1880 5175//1881 5170//1882
f 5174//1880 5170//1882 5169//1883
f 5176//1884 5174//1880 5169//1883
f 5176//1884 5169//1883 5172//1885
f 5173//1886 5170//1882 5175//1881
f 5173//1886 5175//1881 5176//1884
f 5173//1886 5176//1884 5172//1885
f 5182//1887 5183//1888 5184//1889
f 5185//1890 5186//1891 5183//1888
f 5185//1890 5183//1888 5182//1887
f 5182//1887 5184//1889 5186//1891
f 5182//1887 5186//1891 5187//1892
f 5272//1893 5273//1894 5274//1895
f 5274//1895 5273//1894 5275//1896
f 5276//1897 5273//1894 5272//1893
f 5276//1897 5272//1893 5277//1898
f 5274//1895 5276//1897 5277//1898
f 5276//1897 5274//1895 5275//1896
f 5280//1899 5278//1900 5281//1901
f 5280//1899 5282//1902 5278//1900
f 5278//1900 5279//1903 5281//1901
f 5279//1903 5282//1902 5280//1899
f 5279//1903 5280//1899 5283//1904
f 5279//1903 5283//1904 5281//1901
f 5286//1905 5284//1906 5287//1907
f 5286//1905 5288//1908 5284//1906
f 5284//1906 5285//1909 5287//1907
f 5285//1909 5288//1908 5286//1905
f 5285//1909 5286//1905 5289//1910
f 5285//1909 5289//1910 5287//1907
f 5290//1911 5291//1912 5292//1913
f 5292//1913 5293//1914 5294//1915
f 5292//1913 5294//1915 5290//1911
f 5291//1912 5295//1916 5292//1913
f 5291//1912 5294//1915 5293//1914
f 5293//1914 5295//1916 5291//1912
f 5298//1917 5296//1918 5299//1919
f 5298//1917 5300//1920 5296//1918
f 5296//1918 5297//1921 5299//1919
f 5297//1921 5300//1920 5298//1917
f 5297//1921 5298//1917 5301//1922
f 5297//1921 5301//1922 5299//1919
f 5341//1923 5342//1924 5343//1925
f 5344//1926 5341//1923 5343//1925
f 5344//1926 5343//1925 5345//1927
f 5342//1924 5341//1923 5345//1928
f 5346//1929 5347//1930 5348//1931
f 5349//1932 5347//1930 5350//1933
f 5349//1932 5350//1933 5348//1934
f 5347//1930 5346//1929 5350//1933
f 5354//1935 5355//1936 5356//1937
f 5358//1938 5355//1936 5357//1939
f 5358//1938 5357//1939 5354//1940
f 5358//1938 5356//1937 5355//1936
f 5360//1941 5361//1942 5362//1943
f 5360//1941 5362//1943 5359//1944
f 5361//1942 5363//1945 5362//1943
f 5363//1945 5361//1942 5359//1946
f 5364//1947 5365//1948 5366//1949
f 5364//1947 5367//1950 5365//1948
f 5368//1951 5365//1948 5367//1950
f 5368//1951 5367//1950 5366//1952
f 5369//1953 5370//1954 5371//1955
f 5372//1956 5370//1954 5369//1953
f 5372//1956 5369//1953 5373//1957
f 5371//1955 5370//1954 5373//1958
f 5380//1959 5381//1960 5382//1961
f 5382//1961 5381//1960 5383//1962
f 5382//1961 5383//1962 5384//1963
f 5384//1964 5381//1960 5380//1959
f 5394//1965 5395//1966 5396//1967
f 5394//1965 5396//1967 5397//1968
f 5394//1965 5398//1969 5395//1966
f 5399//1970 5394//1965 5397//1968
f 5395//1966 5398//1969 5399//1970
f 5395//1966 5399//1970 5397//1968
f 5400//1971 5401//1972 5402//1973
f 5402//1974 5401//1975 5405//1976
f 5402//1974 5405//1976 5406//1977
f 5402//1978 5407//1979 5401//1980
f 5405//1976 5407//1981 5406//1977
f 5408//1982 5409//1983 5410//1984
f 5411//1985 5408//1982 5410//1984
f 5412//1986 5409//1987 5408//1988
f 5412//1986 5408//1988 5411//1989
f 5410//1984 5409//1983 5412//1990
f 5410//1984 5412//1990 5411//1985
f 5413//1991 5414//1992 5409//1993
f 5413//1991 5409//1993 5408//1988
f 5415//1994 5413//1991 5408//1988
f 5415//1994 5408//1988 5411//1989
f 5412//1995 5409//1993 5414//1992
f 5412//1995 5414//1992 5415//1994
f 5412//1995 5415//1994 5411//1989
f 5421//1996 5422//1997 5423//1998
f 5424//1999 5425//2000 5422//1997
f 5424//1999 5422//1997 5421//1996
f 5421//1996 5423//1998 5425//2000
f 5421//1996 5425//2000 5426//2001
f 5511//2002 5512//2003 5513//2004
f 5513//2004 5512//2003 5514//2005
f 5515//2006 5512//2003 5511//2002
f 5515//2006 5511//2002 5516//2007
f 5513//2004 5515//2006 5516//2007
f 5515//2006 5513//2004 5514//2005
f 5519//2008 5517//2009 5520//2010
f 5519//2008 5521//2011 5517//2009
f 5517//2009 5518//2012 5520//2010
f 5518//2012 5521//2011 5519//2008
f 5518//2012 5519//2008 5522//2013
f 5518//2012 5522//2013 5520//2010
f 5525//2014 5523//2015 5526//2016
f 5525//2014 5527//2017 5523//2015
f 5523//2015 5524//2018 5526//2016
f 5524//2018 5527//2017 5525//2014
f 5524//2018 5525//2014 5528//2019
f 5524//2018 5528//2019 5526//2016
f 5529//2020 5530//2021 5531//2022
f 5531//2022 5532//2023 5533//2024
f 5531//2022 5533//2024 5529//2020
f 5530//2021 5534//2025 5531//2022
f 5530//2021 5533//2024 5532//2023
f 5532//2023 5534//2025 5530//2021
f 5537//2026 5535//2027 5538//2028
f 5537//2026 5539//2029 5535//2027
f 5535//2027 5536//2030 5538//2028
f 5536//2030 5539//2029 5537//2026
f 5536//2030 5537//2026 5540//2031
f 5536//2030 5540//2031 5538//2028
f 5580//2032 5581//2033 5582//2034
f 5583//2035 5580//2032 5582//2034
f 5583//2035 5582//2034 5584//2036
f 5581//2033 5580//2032 5584//2037
f 5585//2038 5586//2039 5587//2040
f 5588//2041 5586//2039 5589//2042
f 5588//2041 5589//2042 5587//2043
f 5586//2039 5585//2038 5589//2042
f 5593//2044 5594//2045 5595//2046
f 5597//2047 5594//2045 5596//2048
f 5597//2047 5596//2048 5593//2049
f 5597//2047 5595//2046 5594//2045
f 5599//2050 5600//2051 5601//2052
f 5599//2050 5601//2052 5598//2053
f 5600//2051 5602//2054 5601//2052
f 5602//2054 5600//2051 5598//2055
f 5603//2056 5604//2057 5605//2058
f 5603//2056 5606//2059 5604//2057
f 5607//2060 5604//2057 5606//2059
f 5607//2060 5606//2059 5605//2061
f 5608//2062 5609//2063 5610//2064
f 5611//2065 5609//2063 5608//2062
f 5611//2065 5608//2062 5612//2066
f 5610//2064 5609//2063 5612//2067
f 5619//2068 5620//2069 5621//2070
f 5621//2070 5620//2069 5622//2071
f 5621//2070 5622//2071 5623//2072
f 5623//2073 5620//2069 5619//2068
f 5633//2074 5634//2075 5635//2076
f 5633//2074 5635//2076 5636//2077
f 5633//2074 5637//2078 5634//2075
f 5638//2079 5633//2074 5636//2077
f 5634//2075 5637//2078 5638//2079
f 5634//2075 5638//2079 5636//2077
f 5639//2080 5640//2081 5641//2082
f 5641//2083 5640//2084 5644//2085
f 5641//2083 5644//2085 5645//2086
f 5641//2087 5646//2088 5640//2089
f 5644//2085 5646//2090 5645//2086
f 5647//2091 5648//2092 5649//2093
f 5650//2094 5647//2091 5649//2093
f 5651//2095 5648//2096 5647//2097
f 5651//2095 5647//2097 5650//2098
f 5649//2093 5648//2092 5651//2099
f 5649//2093 5651//2099 5650//2094
f 5652//2100 5653//2101 5648//2102
f 5652//2100 5648//2102 5647//2097
f 5654//2103 5652//2100 5647//2097
f 5654//2103 5647//2097 5650//2098
f 5651//2104 5648//2102 5653//2101
f 5651//2104 5653//2101 5654//2103
f 5651//2104 5654//2103 5650//2098
f 5660//2105 5661//2106 5662//2107
f 5663//2108 5664//2109 5661//2106
f 5663//2108 5661//2106 5660//2105
f 5660//2105 5662//2107 5664//2109
f 5660//2105 5664//2109 5665//2110
f 5750//2111 5751//2112 5752//2113
f 5752//2113 5751//2112 5753//2114
f 5754//2115 5751//2112 5750//2111
f 5754//2115 5750//2111 5755//2116
f 5752//2113 5754//2115 5755//2116
f 5754//2115 5752//2113 5753//2114
f 5758//2117 5756//2118 5759//2119
f 5758//2117 5760//2120 5756//2118
f 5756//2118 5757//2121 5759//2119
f 5757//2121 5760//2120 5758//2117
f 5757//2121 5758//2117 5761//2122
f 5757//2121 5761//2122 5759//2119
f 5764//2123 5762//2124 5765//2125
f 5764//2123 5766//2126 5762//2124
f 5762//2124 5763//2127 5765//2125
f 5763//2127 5766//2126 5764//2123
f 5763//2127 5764//2123 5767//2128
f 5763//2127 5767//2128 5765//2125
f 5768//2129 5769//2130 5770//2131
f 5770//2131 5771//2132 5772//2133
f 5770//2131 5772//2133 5768//2129
f 5769//2130 5773//2134 5770//2131
f 5769//2130 5772//2133 5771//2132
f 5771//2132 5773//2134 5769//2130
f 5776//2135 5774//2136 5777//2137
f 5776//2135 5778//2138 5774//2136
f 5774//2136 5775//2139 5777//2137
f 5775//2139 5778//2138 5776//2135
f 5775//2139 5776//2135 5779//2140
f 5775//2139 5779//2140 5777//2137
f 5819//2141 5820//2142 5821//2143
f 5822//2144 5819//2141 5821//2143
f 5822//2144 5821//2143 5823//2145
f 5820//2142 5819//2141 5823//2146
f 5824//2147 5825//2148 5826//2149
f 5827//2150 5825//2148 5828//2151
f 5827//2150 5828//2151 5826//2152
f 5825//2148 5824//2147 5828//2151
f 5832//2153 5833//2154 5834//2155
f 5836//2156 5833//2154 5835//2157
f 5836//2156 5835//2157 5832//2158
f 5836//2156 5834//2155 5833//2154
f 5838//2159 5839//2160 5840//2161
f 5838//2159 5840//2161 5837//2162
f 5839//2160 5841//2163 5840//2161
f 5841//2163 5839//2160 5837//2164
f 5842//2165 5843//2166 5844//2167
f 5842//2165 5845//2168 5843//2166
f 5846//2169 5843//2166 5845//2168
f 5846//2169 5845//2168 5844//2170
f 5847//2171 5848//2172 5849//2173
f 5850//2174 5848//2172 5847//2171
f 5850//2174 5847//2171 5851//2175
f 5849//2173 5848//2172 5851//2176
f 5858//2177 5859//2178 5860//2179
f 5860//2179 5859//2178 5861//2180
f 5860//2179 5861//2180 5862//2181
f 5862//2182 5859//2178 5858//2177
f 5872//2183 5873//2184 5874//2185
f 5872//2183 5874//2185 5875//2186
f 5872//2183 5876//2187 5873//2184
f 5877//2188 5872//2183 5875//2186
f 5873//2184 5876//2187 5877//2188
f 5873//2184 5877//2188 5875//2186
f 5878//2189 5879//2190 5880//2191
f 5880//2192 5879//2193 5883//2194
f 5880//2192 5883//2194 5884//2195
f 5880//2196 5885//2197 5879//2198
f 5883//2194 5885//2199 5884//2195
f 5886//2200 5887//2201 5888//2202
f 5889//2203 5886//2200 5888//2202
f 5890//2204 5887//2205 5886//2206
f 5890//2204 5886//2206 5889//2207
f 5888//2202 5887//2201 5890//2208
f 5888//2202 5890//2208 5889//2203
f 5891//2209 5892//2210 5887//2211
f 5891//2209 5887//2211 5886//2206
f 5893//2212 5891//2209 5886//2206
f 5893//2212 5886//2206 5889//2207
f 5890//2213 5887//2211 5892//2210
f 5890//2213 5892//2210 5893//2212
f 5890//2213 5893//2212 5889//2207
f 5901//2214 5902//2215 5900//2216
f 5901//2214 5900//2216 5899//2217
f 5899//2217 5900//2216 5903//2218
f 5899//2217 5903//2218 5904//2219
f 5989//2220 5990//2221 5991//2222
f 5991//2222 5990//2221 5992//2223
f 5993//2224 5990//2221 5989//2220
f 5993//2224 5989//2220 5994//2225
f 5991//2222 5993//2224 5994//2225
f 5993//2224 5991//2222 5992//2223
f 5997//2226 5995//2227 5998//2228
f 5997//2226 5999//2229 5995//2227
f 5995//2227 5996//2230 5998//2228
f 5996//2230 5999//2229 5997//2226
f 5996//2230 5997//2226 6000//2231
f 5996//2230 6000//2231 5998//2228
f 6003//2232 6001//2233 6004//2234
f 6003//2232 6005//2235 6001//2233
f 6001//2233 6002//2236 6004//2234
f 6002//2236 6005//2235 6003//2232
f 6002//2236 6003//2232 6006//2237
f 6002//2236 6006//2237 6004//2234
f 6007//2238 6008//2239 6009//2240
f 6009//2240 6010//2241 6011//2242
f 6009//2240 6011//2242 6007//2238
f 6008//2239 6012//2243 6009//2240
f 6008//2239 6011//2242 6010//2241
f 6010//2241 6012//2243 6008//2239
f 6015//2244 6013//2245 6016//2246
f 6015//2244 6017//2247 6013//2245
f 6013//2245 6014//2248 6016//2246
f 6014//2248 6017//2247 6015//2244
f 6014//2248 6015//2244 6018//2249
f 6014//2248 6018//2249 6016//2246
f 6058//2250 6059//2251 6060//2252
f 6061//2253 6058//2250 6060//2252
f 6061//2253 6060//2252 6062//2254
f 6059//2251 6058//2250 6062//2255
f 6063//2256 6064//2257 6065//2258
f 6066//2259 6064//2257 6067//2260
f 6066//2259 6067//2260 6065//2261
f 6064//2257 6063//2256 6067//2260
f 6071//2262 6072//2263 6073//2264
f 6075//2265 6072//2263 6074//2266
f 6075//2265 6074//2266 6071//2267
f 6075//2265 6073//2264 6072//2263
f 6077//2268 6078//2269 6079//2270
f 6077//2268 6079//2270 6076//2271
f 6078//2269 6080//2272 6079//2270
f 6080//2272 6078//2269 6076//2273
f 6081//2274 6082//2275 6083//2276
f 6081//2274 6084//2277 6082//2275
f 6085//2278 6082//2275 6084//2277
f 6085//2278 6084//2277 6083//2279
f 6086//2280 6087//2281 6088//2282
f 6089//2283 6087//2281 6086//2280
f 6089//2283 6086//2280 6090//2284
f 6088//2282 6087//2281 6090//2285
f 6097//2286 6098//2287 6099//2288
f 6099//2288 6098//2287 6100//2289
f 6099//2288 6100//2289 6101//2290
f 6101//2291 6098//2287 6097//2286
f 6111//2292 6112//2293 6113//2294
f 6111//2292 6113//2294 6114//2295
f 6111//2292 6115//2296 6112//2293
f 6116//2297 6111//2292 6114//2295
f 6112//2293 6115//2296 6116//2297
f 6112//2293 6116//2297 6114//2295
f 6117//2298 6118//2299 6119//2300
f 6119//2301 6118//2302 6122//2303
f 6119//2301 6122//2303 6123//2304
f 6119//2305 6124//2306 6118//2307
f 6122//2303 6124//2308 6123//2304
f 6125//2309 6126//2310 6127//2
f 6128//2311 6125//2309 6127//2
f 6129//2312 6126//2313 6125//2314
f 6129//2312 6125//2314 6128//2315
f 6127//2 6126//2310 6129//2316
f 6127//2 6129//2316 6128//2311
f 6130//2317 6131//2318 6126//2319
f 6130//2317 6126//2319 6125//2320
f 6132//2321 6130//2317 6125//2320
f 6132//2321 6125//2320 6128//2322
f 6129//2323 6126//2319 6131//2318
f 6129//2323 6131//2318 6132//2321
f 6129//2323 6132//2321 6128//2322
f 6138//2324 6139//2325 6140//2326
f 6141//2327 6142//2328 6139//2325
f 6141//2327 6139//2325 6138//2324
f 6138//2324 6140//2326 6142//2328
f 6138//2324 6142//2328 6143//2329
f 6228//2330 6229//2331 6230//2332
f 6230//2332 6229//2331 6231//2333
f 6232//2334 6229//2331 6228//2330
f 6232//2334 6228//2330 6233//2335
f 6230//2332 6232//2334 6233//2335
f 6232//2334 6230//2332 6231//2333
f 6236//2336 6234//2337 6237//2338
f 6236//2336 6238//2339 6234//2337
f 6234//2337 6235//2340 6237//2338
f 6235//2340 6238//2339 6236//2336
f 6235//2340 6236//2336 6239//2341
f 6235//2340 6239//2341 6237//2338
f 6242//2342 6240//2343 6243//2344
f 6242//2342 6244//2345 6240//2343
f 6240//2343 6241//2346 6243//2344
f 6241//2346 6244//2345 6242//2342
f 6241//2346 6242//2342 6245//2347
f 6241//2346 6245//2347 6243//2344
f 6246//2348 6247//2349 6248//2350
f 6248//2350 6249//2351 6250//2352
f 6248//2350 6250//2352 6246//2348
f 6247//2349 6251//2353 6248//2350
f 6247//2349 6250//2352 6249//2351
f 6249//2351 6251//2353 6247//2349
f 6254//2354 6252//2355 6255//2356
f 6254//2354 6256//2357 6252//2355
f 6252//2355 6253//2358 6255//2356
f 6253//2358 6256//2357 6254//2354
f 6253//2358 6254//2354 6257//2359
f 6253//2358 6257//2359 6255//2356
f 6297//2360 6298//2361 6299//2362
f 6300//2363 6297//2360 6299//2362
f 6300//2363 6299//2362 6301//2364
f 6298//2361 6297//2360 6301//2365
f 6302//2366 6303//2367 6304//2368
f 6305//2369 6303//2367 6306//2370
f 6305//2369 6306//2370 6304//2371
f 6303//2367 6302//2366 6306//2370
f 6310//2372 6311//2373 6312//2374
f 6314//2375 6311//2373 6313//2376
f 6314//2375 6313//2376 6310//2377
f 6314//2375 6312//2374 6311//2373
f 6316//2378 6317//2379 6318//2380
f 6316//2378 6318//2380 6315//2381
f 6317//2379 6319//2382 6318//2380
f 6319//2382 6317//2379 6315//2383
f 6320//2384 6321//2385 6322//2386
f 6320//2384 6323//2387 6321//2385
f 6324//2388 6321//2385 6323//2387
f 6324//2388 6323//2387 6322//2389
f 6325//2390 6326//2391 6327//2392
f 6328//2393 6326//2391 6325//2390
f 6328//2393 6325//2390 6329//2394
f 6327//2392 6326//2391 6329//2395
f 6336//2396 6337//2397 6338//2398
f 6338//2398 6337//2397 6339//2399
f 6338//2398 6339//2399 6340//2400
f 6340//2401 6337//2397 6336//2396
f 6350//2402 6351//2403 6352//2404
f 6350//2402 6352//2404 6353//2405
f 6350//2402 6354//2406 6351//2403
f 6355//2407 6350//2402 6353//2405
f 6351//2403 6354//2406 6355//2407
f 6351//2403 6355//2407 6353//2405
f 6356//2408 6357//2409 6358//2410
f 6358//2411 6357//2412 6361//2413
f 6358//2411 6361//2413 6362//2414
f 6358//2415 6363//2416 6357//2417
f 6361//2413 6363//2418 6362//2414
f 6364//2419 6365//2420 6366//2421
f 6367//2422 6364//2419 6366//2421
f 6368//2423 6365//2424 6364//2425
f 6368//2423 6364//2425 6367//2426
f 6366//2421 6365//2420 6368//2427
f 6366//2421 6368//2427 6367//2422
f 6369//2428 6370//2429 6365//2430
f 6369//2428 6365//2430 6364//2431
f 6371//2432 6369//2428 6364//2431
f 6371//2432 6364//2431 6367//2433
f 6368//2434 6365//2430 6370//2429
f 6368//2434 6370//2429 6371//2432
f 6368//2434 6371//2432 6367//2433
f 6377//2435 6378//2436 6379//2437
f 6380//2438 6381//2439 6378//2436
f 6380//2438 6378//2436 6377//2435
f 6377//2435 6379//2437 6381//2439
f 6377//2435 6381//2439 6382//2440
f 6467//2441 6468//2442 6469//2443
f 6469//2443 6468//2442 6470//2444
f 6471//2445 6468//2442 6467//2441
f 6471//2445 6467//2441 6472//2446
f 6469//2443 6471//2445 6472//2446
f 6471//2445 6469//2443 6470//2444
f 6475//2447 6473//2448 6476//2449
f 6475//2447 6477//2450 6473//2448
f 6473//2448 6474//2451 6476//2449
f 6474//2451 6477//2450 6475//2447
f 6474//2451 6475//2447 6478//2452
f 6474//2451 6478//2452 6476//2449
f 6481//2453 6479//2454 6482//2455
f 6481//2453 6483//2456 6479//2454
f 6479//2454 6480//2457 6482//2455
f 6480//2457 6483//2456 6481//2453
f 6480//2457 6481//2453 6484//2458
f 6480//2457 6484//2458 6482//2455
f 6485//2459 6486//2460 6487//2461
f 6487//2461 6488//2462 6489//2463
f 6487//2461 6489//2463 6485//2459
f 6486//2460 6490//2464 6487//2461
f 6486//2460 6489//2463 6488//2462
f 6488//2462 6490//2464 6486//2460
f 6493//2465 6491//2466 6494//2467
f 6493//2465 6495//2468 6491//2466
f 6491//2466 6492//2469 6494//2467
f 6492//2469 6495//2468 6493//2465
f 6492//2469 6493//2465 6496//2470
f 6492//2469 6496//2470 6494//2467
f 6536//2471 6537//2472 6538//2473
f 6539//2474 6536//2471 6538//2473
f 6539//2474 6538//2473 6540//2475
f 6537//2472 6536//2471 6540//2476
f 6541//2477 6542//2478 6543//2479
f 6544//2480 6542//2478 6545//2481
f 6544//2480 6545//2481 6543//2482
f 6542//2478 6541//2477 6545//2481
f 6549//2483 6550//2484 6551//2485
f 6553//2486 6550//2484 6552//2487
f 6553//2486 6552//2487 6549//2488
f 6553//2486 6551//2485 6550//2484
f 6555//2489 6556//2490 6557//2491
f 6555//2489 6557//2491 6554//2492
f 6556//2490 6558//2493 6557//2491
f 6558//2493 6556//2490 6554//2494
f 6559//2495 6560//2496 6561//2497
f 6559//2495 6562//2498 6560//2496
f 6563//2499 6560//2496 6562//2498
f 6563//2499 6562//2498 6561//2500
f 6564//2501 6565//2502 6566//2503
f 6567//2504 6565//2502 6564//2501
f 6567//2504 6564//2501 6568//2505
f 6566//2503 6565//2502 6568//2506
f 6575//2507 6576//2508 6577//2509
f 6577//2509 6576//2508 6578//2510
f 6577//2509 6578//2510 6579//2511
f 6579//2512 6576//2508 6575//2507
f 6589//2513 6590//2514 6591//2515
f 6589//2513 6591//2515 6592//2516
f 6589//2513 6593//2517 6590//2514
f 6594//2518 6589//2513 6592//2516
f 6590//2514 6593//2517 6594//2518
f 6590//2514 6594//2518 6592//2516
f 6595//2519 6596//2520 6597//2521
f 6597//2522 6596//2523 6600//2524
f 6597//2522 6600//2524 6601//2525
f 6597//2526 6602//2527 6596//2528
f 6600//2524 6602//2529 6601//2525
f 6603//2530 6604//2531 6605//2532
f 6606//2533 6603//2530 6605//2532
f 6607//2534 6604//2535 6603//2536
f 6607//2534 6603//2536 6606//2537
f 6605//2532 6604//2531 6607//2538
f 6605//2532 6607//2538 6606//2533
f 6608//2539 6609//2540 6604//2541
f 6608//2539 6604//2541 6603//2536
f 6610//2542 6608//2539 6603//2536
f 6610//2542 6603//2536 6606//2543
f 6607//2544 6604//2541 6609//2540
f 6607//2544 6609//2540 6610//2542
f 6607//2544 6610//2542 6606//2543
f 6618//2545 6619//2546 6617//2547
f 6618//2545 6617//2547 6616//2548
f 6616//2548 6617//2547 6620//2549
f 6616//2548 6620//2549 6621//2550
f 6706//2551 6707//2552 6708//2553
f 6708//2553 6707//2552 6709//2554
f 6710//2555 6707//2552 6706//2551
f 6710//2555 6706//2551 6711//2556
f 6708//2553 6710//2555 6711//2556
f 6710//2555 6708//2553 6709//2554
f 6714//2557 6712//2558 6715//2559
f 6714//2557 6716//2560 6712//2558
f 6712//2558 6713//2561 6715//2559
f 6713//2561 6716//2560 6714//2557
f 6713//2561 6714//2557 6717//2562
f 6713//2561 6717//2562 6715//2559
f 6720//2563 6718//2564 6721//2565
f 6720//2563 6722//2566 6718//2564
f 6718//2564 6719//2567 6721//2565
f 6719//2567 6722//2566 6720//2563
f 6719//2567 6720//2563 6723//2568
f 6719//2567 6723//2568 6721//2565
f 6724//2569 6725//2570 6726//2571
f 6726//2571 6727//2572 6728//2573
f 6726//2571 6728//2573 6724//2569
f 6725//2570 6729//2574 6726//2571
f 6725//2570 6728//2573 6727//2572
f 6727//2572 6729//2574 6725//2570
f 6732//2575 6730//2576 6733//2577
f 6732//2575 6734//2578 6730//2576
f 6730//2576 6731//2579 6733//2577
f 6731//2579 6734//2578 6732//2575
f 6731//2579 6732//2575 6735//2580
f 6731//2579 6735//2580 6733//2577
f 6775//2581 6776//2582 6777//2583
f 6778//2584 6775//2581 6777//2583
f 6778//2584 6777//2583 6779//2585
f 6776//2582 6775//2581 6779//2586
f 6780//2587 6781//2588 6782//2589
f 6783//2590 6781//2588 6784//2591
f 6783//2590 6784//2591 6782//2592
f 6781//2588 6780//2587 6784//2591
f 6788//2593 6789//2594 6790//2595
f 6792//2596 6789//2594 6791//2597
f 6792//2596 6791//2597 6788//2598
f 6792//2596 6790//2595 6789//2594
f 6794//2599 6795//2600 6796//2601
f 6794//2599 6796//2601 6793//2602
f 6795//2600 6797//2603 6796//2601
f 6797//2603 6795//2600 6793//2604
f 6798//2605 6799//2606 6800//2607
f 6798//2605 6801//2608 6799//2606
f 6802//2609 6799//2606 6801//2608
f 6802//2609 6801//2608 6800//2610
f 6803//2611 6804//2612 6805//2613
f 6806//2614 6804//2612 6803//2611
f 6806//2614 6803//2611 6807//2615
f 6805//2613 6804//2612 6807//2616
f 6814//2617 6815//2618 6816//2619
f 6816//2619 6815//2618 6817//2620
f 6816//2619 6817//2620 6818//2621
f 6818//2622 6815//2618 6814//2617
f 6828//2623 6829//2624 6830//2625
f 6828//2623 6830//2625 6831//2626
f 6828//2623 6832//2627 6829//2624
f 6833//2628 6828//2623 6831//2626
f 6829//2624 6832//2627 6833//2628
f 6829//2624 6833//2628 6831//2626
f 6834//2629 6835//2630 6836//2631
f 6836//2632 6835//2633 6839//2634
f 6836//2632 6839//2634 6840//2635
f 6836//2636 6841//2637 6835//2638
f 6839//2634 6841//2639 6840//2635
f 6842//2640 6843//2641 6844//2642
f 6845//2643 6842//2640 6844//2642
f 6846//2644 6843//2645 6842//2646
f 6846//2644 6842//2646 6845//2647
f 6844//2642 6843//2641 6846//2648
f 6844//2642 6846//2648 6845//2643
f 6847//2649 6848//2650 6843//2651
f 6847//2649 6843//2651 6842//2646
f 6849//2652 6847//2649 6842//2646
f 6849//2652 6842//2646 6845//2653
f 6846//2654 6843//2651 6848//2650
f 6846//2654 6848//2650 6849//2652
f 6846//2654 6849//2652 6845//2653
f 6857//2655 6858//2656 6856//2657
f 6857//2655 6856//2657 6855//2658
f 6855//2658 6856//2657 6859//2659
f 6855//2658 6859//2659 6860//2660
f 6945//2661 6946//2662 6947//2663
f 6947//2663 6946//2662 6948//2664
f 6949//2665 6946//2662 6945//2661
f 6949//2665 6945//2661 6950//2666
f 6947//2663 6949//2665 6950//2666
f 6949//2665 6947//2663 6948//2664
f 6953//2667 6951//2668 6954//2669
f 6953//2667 6955//2670 6951//2668
f 6951//2668 6952//2671 6954//2669
f 6952//2671 6955//2670 6953//2667
f 6952//2671 6953//2667 6956//2672
f 6952//2671 6956//2672 6954//2669
f 6959//2673 6957//2674 6960//2675
f 6959//2673 6961//2676 6957//2674
f 6957//2674 6958//2677 6960//2675
f 6958//2677 6961//2676 6959//2673
f 6958//2677 6959//2673 6962//2678
f 6958//2677 6962//2678 6960//2675
f 6963//2679 6964//2680 6965//2681
f 6965//2681 6966//2682 6967//2683
f 6965//2681 6967//2683 6963//2679
f 6964//2680 6968//2684 6965//2681
f 6964//2680 6967//2683 6966//2682
f 6966//2682 6968//2684 6964//2680
f 6971//2685 6969//2686 6972//2687
f 6971//2685 6973//2688 6969//2686
f 6969//2686 6970//2689 6972//2687
f 6970//2689 6973//2688 6971//2685
f 6970//2689 6971//2685 6974//2690
f 6970//2689 6974//2690 6972//2687
f 7014//2691 7015//2692 7016//2693
f 7017//2694 7014//2691 7016//2693
f 7017//2694 7016//2693 7018//2695
f 7015//2692 7014//2691 7018//2696
f 7019//2697 7020//2698 7021//2699
f 7022//2700 7020//2698 7023//2701
f 7022//2700 7023//2701 7021//2702
f 7020//2698 7019//2697 7023//2701
f 7027//2703 7028//2704 7029//2705
f 7031//2706 7028//2704 7030//2707
f 7031//2706 7030//2707 7027//2708
f 7031//2706 7029//2705 7028//2704
f 7033//2709 7034//2710 7035//2711
f 7033//2709 7035//2711 7032//2712
f 7034//2710 7036//2713 7035//2711
f 7036//2713 7034//2710 7032//2714
f 7037//2715 7038//2716 7039//2717
f 7037//2715 7040//2718 7038//2716
f 7041//2719 7038//2716 7040//2718
f 7041//2719 7040//2718 7039//2720
f 7042//2721 7043//2722 7044//2723
f 7045//2724 7043//2722 7042//2721
f 7045//2724 7042//2721 7046//2725
f 7044//2723 7043//2722 7046//2726
f 7053//2727 7054//2728 7055//2729
f 7055//2729 7054//2728 7056//2730
f 7055//2729 7056//2730 7057//2731
f 7057//2732 7054//2728 7053//2727
f 7067//2733 7068//2734 7069//2735
f 7067//2733 7069//2735 7070//2736
f 7067//2733 7071//2737 7068//2734
f 7072//2738 7067//2733 7070//2736
f 7068//2734 7071//2737 7072//2738
f 7068//2734 7072//2738 7070//2736
f 7073//2739 7074//2740 7075//2741
f 7075//2742 7074//2743 7078//2744
f 7075//2742 7078//2744 7079//2745
f 7075//2746 7080//2747 7074//2748
f 7078//2744 7080//2749 7079//2745
f 7081//2750 7082//2751 7083//2752
f 7084//2753 7081//2750 7083//2752
f 7085//2754 7082//2755 7081//2756
f 7085//2754 7081//2756 7084//2757
f 7083//2752 7082//2751 7085//2758
f 7083//2752 7085//2758 7084//2753
f 7086//2759 7087//2760 7082//2761
f 7086//2759 7082//2761 7081//2756
f 7088//2762 7086//2759 7081//2756
f 7088//2762 7081//2756 7084//2763
f 7085//2764 7082//2761 7087//2760
f 7085//2764 7087//2760 7088//2762
f 7085//2764 7088//2762 7084//2763
f 7096//2765 7097//2766 7095//2767
f 7096//2765 7095//2767 7094//2768
f 7094//2768 7095//2767 7098//2769
f 7094//2768 7098//2769 7099//2770
f 7184//2771 7185//2772 7186//2773
f 7186//2773 7185//2772 7187//2774
f 7188//2775 7185//2772 7184//2771
f 7188//2775 7184//2771 7189//2776
f 7186//2773 7188//2775 7189//2776
f 7188//2775 7186//2773 7187//2774
f 7192//2777 7190//2778 7193//2779
f 7192//2777 7194//2780 7190//2778
f 7190//2778 7191//2781 7193//2779
f 7191//2781 7194//2780 7192//2777
f 7191//2781 7192//2777 7195//2782
f 7191//2781 7195//2782 7193//2779
f 7198//2783 7196//2784 7199//2785
f 7198//2783 7200//2786 7196//2784
f 7196//2784 7197//2787 7199//2785
f 7197//2787 7200//2786 7198//2783
f 7197//2787 7198//2783 7201//2788
f 7197//2787 7201//2788 7199//2785
f 7202//2789 7203//2790 7204//2791
f 7204//2791 7205//2792 7206//2793
f 7204//2791 7206//2793 7202//2789
f 7203//2790 7207//2794 7204//2791
f 7203//2790 7206//2793 7205//2792
f 7205//2792 7207//2794 7203//2790
f 7210//2795 7208//2796 7211//2797
f 7210//2795 7212//2798 7208//2796
f 7208//2796 7209//2799 7211//2797
f 7209//2799 7212//2798 7210//2795
f 7209//2799 7210//2795 7213//2800
f 7209//2799 7213//2800 7211//2797
f 7253//2801 7254//2802 7255//2803
f 7256//2804 7253//2801 7255//2803
f 7256//2804 7255//2803 7257//2805
f 7254//2802 7253//2801 7257//2806
f 7258//2807 7259//2808 7260//2809
f 7261//2810 7259//2808 7262//2811
f 7261//2810 7262//2811 7260//2812
f 7259//2808 7258//2807 7262//2811
f 7266//2813 7267//2814 7268//2815
f 7270//2816 7267//2814 7269//2817
f 7270//2816 7269//2817 7266//2818
f 7270//2816 7268//2815 7267//2814
f 7272//2819 7273//2820 7274//2821
f 7272//2819 7274//2821 7271//2822
f 7273//2820 7275//2823 7274//2821
f 7275//2823 7273//2820 7271//2824
f 7276//2825 7277//2826 7278//2827
f 7276//2825 7279//2828 7277//2826
f 7280//2829 7277//2826 7279//2828
f 7280//2829 7279//2828 7278//2830
f 7281//2831 7282//2832 7283//2833
f 7284//2834 7282//2832 7281//2831
f 7284//2834 7281//2831 7285//2835
f 7283//2833 7282//2832 7285//2836
f 7292//2837 7293//2838 7294//2839
f 7294//2839 7293//2838 7295//2840
f 7294//2839 7295//2840 7296//2841
f 7296//2842 7293//2838 7292//2837
f 1602//2843 1604//2844 1599//2845
f 1604//247 1603//246 1602//245
f 7306//94 1604//2846 1602//2847
f 7307//4 7306//94 1602//2847
f 1841//2848 1843//2849 1838//2850
f 1843//356 1842//355 1841//354
f 7308//94 1843//2851 1841//2852
f 7309//94 7308//94 1841//2852
f 2080//2853 2082//2854 2077//2855
f 2082//465 2081//464 2080//463
f 7310//94 2082//2856 2080//2857
f 7311//94 7310//94 2080//2857
f 2319//2858 2321//2859 2316//2860
f 2321//576 2320//575 2319//574
f 7312//94 2321//2861 2319//2862
f 7313//94 7312//94 2319//2862
f 2557//2863 2559//2864 2555//2865
f 2559//687 2558//686 7314//683
f 2559//687 7314//683 2557//682
f 7315//4 2559//2866 2557//2867
f 7316//5 7315//4 2557//2867
f 2795//2868 2798//2869 2793//2870
f 2798//797 2797//796 2796//793
f 2798//797 2796//793 2795//792
f 7317//94 2798//2871 2795//2872
f 7318//94 7317//94 2795//2872
f 3034//2873 3037//2874 3032//2875
f 3037//907 3036//906 3035//903
f 3037//907 3035//903 3034//902
f 7319//94 3037//2876 3034//2877
f 7320//94 7319//94 3034//2877
f 3274//2878 3276//2879 3271//2880
f 3276//1018 3275//1017 3274//1016
f 7321//94 3276//2881 3274//2882
f 7322//94 7321//94 3274//2882
f 3512//2883 3514//2884 3510//2885
f 3514//1127 3513//1126 7323//1123
f 3514//1127 7323//1123 3512//1122
f 7324//94 3514//2886 3512//2887
f 7325//94 7324//94 3512//2887
f 3751//2888 3753//2889 3748//2890
f 3753//1236 3752//1235 3751//1234
f 7326//94 3753//2891 3751//2892
f 7327//94 7326//94 3751//2892
f 3990//2893 3992//2894 3987//2895
f 3992//1346 3991//1345 3990//1344
f 7328//94 3992//2896 3990//2897
f 7329//94 7328//94 3990//2897
f 4228//2898 4231//2899 4226//2900
f 4231//1455 4230//1454 4229//1451
f 4231//1455 4229//1451 4228//1450
f 7330//94 4231//2901 4228//2902
f 7331//94 7330//94 4228//2902
f 4468//2903 4470//2904 4465//2905
f 4470//1564 4469//1563 4468//1562
f 7332//94 4470//2906 4468//2907
f 7333//94 7332//94 4468//2907
f 4707//2908 4709//2909 4704//2910
f 4709//1673 4708//1672 4707//1671
f 7334//94 4709//2911 4707//2912
f 7335//4 7334//94 4707//2912
f 4946//2913 4948//2914 4943//2915
f 4948//1781 4947//1780 4946//1779
f 7336//94 4948//2916 4946//2917
f 7337//94 7336//94 4946//2917
f 5185//2918 5187//2919 5182//2920
f 5187//1892 5186//1891 5185//1890
f 7338//94 5187//2921 5185//2922
f 7339//94 7338//94 5185//2922
f 5424//2923 5426//2924 5421//2925
f 5426//2001 5425//2000 5424//1999
f 7340//94 5426//2926 5424//2927
f 7341//4 7340//94 5424//2927
f 5663//2928 5665//2929 5660//2930
f 5665//2110 5664//2109 5663//2108
f 7342//94 5665//2931 5663//2932
f 7343//94 7342//94 5663//2932
f 5901//2933 5904//2934 5899//2935
f 5904//2219 5903//2218 5902//2215
f 5904//2219 5902//2215 5901//2214
f 7344//94 5904//2936 5901//2937
f 7345//94 7344//94 5901//2937
f 6141//2938 6143//2939 6138//2940
f 6143//2329 6142//2328 6141//2327
f 7346//4 6143//2941 6141//2942
f 7347//94 7346//4 6141//2942
f 6380//2943 6382//2944 6377//2945
f 6382//2440 6381//2439 6380//2438
f 7348//5 6382//2946 6380//2947
f 7349//94 7348//5 6380//2947
f 6618//2948 6621//2949 6616//2950
f 6621//2550 6620//2549 6619//2546
f 6621//2550 6619//2546 6618//2545
f 7350//94 6621//2951 6618//2952
f 7351//94 7350//94 6618//2952
f 6857//2953 6860//2954 6855//2955
f 6860//2660 6859//2659 6858//2656
f 6860//2660 6858//2656 6857//2655
f 7352//94 6860//2956 6857//2957
f 7353//94 7352//94 6857//2957
f 7096//2958 7099//2959 7094//2960
f 7099//2770 7098//2769 7097//2766
f 7099//2770 7097//2766 7096//2765
f 7354//94 7099//2961 7096//2962
f 7355//94 7354//94 7096//2962
f 7359//2963 7361//2964 7360//2965
f 7359//2963 7360//2965 7358//2966
f 7664//2967 7665//2967 7663//2967
f 7669//2968 7670//2969 7671//2970
f 7672//2971 7669//2968 7671//2970
f 7672//2971 7671//2970 7673//2972
f 7673//2972 7674//2973 7675//2974
f 7673//2972 7675//2974 7672//2971
f 7670//2969 7675//2974 7674//2973
f 7670//2969 7674//2973 7671//2970
f 7676//2975 7677//2976 7678//2977
f 7676//2975 7679//2978 7680//2979
f 7676//2975 7680//2979 7677//2976
f 7679//2978 7681//2980 7682//2981
f 7679//2978 7682//2981 7680//2979
f 7678//2977 7682//2981 7681//2980
f 7678//2977 7681//2980 7676//2975
f 7683//2982 7684//2983 7685//2984
f 7683//2982 7685//2984 7686//2985
f 7683//2982 7686//2985 7687//2978
f 7687//2978 7686//2985 7688//2986
f 7687//2978 7688//2986 7689//2987
f 7684//2983 7683//2982 7689//2987
f 7684//2983 7689//2987 7688//2986
f 7690//2988 7691//2989 7692//2990
f 7690//2988 7692//2990 7693//2991
f 7690//2988 7693//2991 7694//2972
f 7694//2972 7693//2991 7695//2992
f 7694//2972 7695//2992 7696//2993
f 7691//2989 7690//2988 7696//2993
f 7691//2989 7696//2993 7695//2992
f 7688//2986 7675//2994 7670//2995
f 7688//2986 7670//2995 7684//2996
f 7672//2997 7686//2998 7697//2999
f 7672//2997 7697//2999 7698//3000
f 7693//3001 7699//3002 7697//3003
f 7693//3001 7697//3003 7686//3004
f 7685//3005 7692//3006 7691//3007
f 7685//3005 7691//3007 7684//3008
f 7695//2992 7682//2981 7678//3009
f 7695//2992 7678//3009 7691//3007
f 7680//3010 7693//3001 7699//3002
f 7680//3010 7699//3002 7700//3011
f 7680//3012 7672//3013 7698//3000
f 7680//3012 7698//3000 7700//3011
f 7669//3014 7677//3015 7678//3009
f 7669//3014 7678//3009 7670//3016
f 7686//2998 7697//3017 7684//2996
f 7686//2998 7684//2996 7685//3018
f 7677//2976 7680//2979 7700//3011
f 7677//2976 7700//3011 7678//3009
f 7698//3000 7697//2999 7684//2996
f 7698//3000 7684//2996 7670//2995
f 7684//3008 7691//3007 7699//3002
f 7684//3008 7699//3002 7697//3019
f 7700//3011 7699//3002 7691//3007
f 7700//3011 7691//3007 7678//3009
f 7670//3016 7678//3009 7700//3011
f 7670//3016 7700//3011 7698//3000
f 7695//2992 7691//3020 7699//3021
f 7695//2992 7699//3021 7693//3001
f 7693//3001 7699//3022 7691//2989
f 7693//3001 7691//2989 7692//3023
f 7688//2986 7684//3024 7697//3025
f 7688//2986 7697//3025 7686//3004
f 7682//2981 7678//3026 7700//3027
f 7682//2981 7700//3027 7680//2979
f 7675//2974 7670//2995 7698//3000
f 7675//2974 7698//3000 7672//2971
f 7670//2995 7669//2968 7672//2971
f 7670//2995 7672//2971 7698//3000
f 7702//3028 7703//3028 7704//3028
f 7701//3029 7706//3029 7705//3029
f 7707//3030 7708//3031 7709//3032
f 7707//3030 7709//3032 7710//3033
f 7711//3034 7712//3035 7713//3036
f 7714//3037 7715//3038 7716//3039
f 7714//3037 7716//3039 7717//3040
f 7718//3041 7719//3042 7720//3043
f 7718//3041 7720//3043 7721//3044
f 7714//3037 7718//3045 7721//3046
f 7714//3037 7721//3046 7715//3038
f 7719//3047 7717//3040 7716//3039
f 7719//3047 7716//3039 7720//3048
f 7722//3049 7723//3050 7724//3051
f 7722//3049 7724//3051 7725//3052
f 7726//3053 7727//3054 7728//3055
f 7726//3053 7728//3055 7729//3056
f 7730//3057 7731//3058 7732//3059
f 7730//3057 7732//3059 7733//3060
f 7726//3053 7729//3056 7731//3061
f 7726//3053 7731//3061 7730//3062
f 7733//3063 7732//3059 7728//3055
f 7733//3063 7728//3055 7727//3054
f 7713//3064 7734//3065 7711//3066
f 7711//3067 7722//3068 7725//3052
f 7711//3067 7725//3052 7713//3069
f 7735//3070 7736//3071 7737//3072
f 7738//3073 7739//3074 7740//3075
f 7738//3073 7740//3075 7741//3076
f 7711//3077 7712//3078 7723//3050
f 7711//3077 7723//3050 7722//3049
f 7713//3069 7725//3052 7724//3051
f 7713//3069 7724//3051 7712//3079
f 7718//3080 7730//3081 7731//3058
f 7718//3080 7731//3058 7721//3044
f 7719//3042 7720//3082 7732//3059
f 7719//3042 7732//3059 7733//3083
f 7719//3042 7733//3084 7741//3076
f 7719//3042 7741//3076 7738//3073
f 7739//3085 7740//3075 7730//3081
f 7739//3085 7730//3081 7718//3086
f 7718//3087 7730//3081 7733//3083
f 7718//3087 7733//3083 7719//3042
f 7721//3088 7731//3058 7732//3059
f 7721//3088 7732//3059 7720//3089
f 7737//3090 7731//3091 7721//3092
f 7720//3093 7732//3094 7736//3071
f 7720//3093 7736//3071 7735//3070
f 7722//3095 7734//3065 7725//3096
f 7711//3066 7734//3065 7722//3095
f 7759//3097 7760//3098 7761//3099
f 7759//3097 7761//3099 7762//3100
f 7763//3101 7764//3102 7765//3103
f 7760//3098 7766//3104 7767//3105
f 7760//3098 7767//3105 7761//3099
f 7766//3106 7767//3107 7765//3108
f 7766//3106 7765//3108 7763//3109
f 7764//3102 7759//3097 7762//3100
f 7764//3102 7762//3100 7765//3103
f 7768//3110 7769//3111 7761//3112
f 7770//3113 7771//3114 7772//3115
f 7760//3116 7759//3117 7771//3114
f 7760//3116 7771//3114 7773//3118
f 7764//3119 7763//3120 7774//3121
f 7764//3119 7774//3121 7775//3122
f 7766//3123 7760//3116 7773//3118
f 7766//3123 7773//3118 7774//3124
f 7763//3125 7774//3126 7766//3127
f 7759//3117 7764//3119 7775//3122
f 7759//3117 7775//3122 7771//3114
f 7772//3115 7771//3114 7775//3122
f 7772//3115 7775//3122 7776//3128
f 7776//3128 7775//3122 7774//3121
f 7776//3128 7774//3121 7777//3129
f 7778//3130 7767//3107 7761//3112
f 7778//3130 7761//3112 7769//3111
f 7779//3131 7765//3108 7767//3107
f 7779//3131 7767//3107 7778//3130
f 7777//3129 7774//3121 7771//3114
f 7777//3129 7771//3114 7770//3113
f 7768//3110 7761//3112 7765//3108
f 7768//3110 7765//3108 7779//3131
f 7759//3132 7760//3133 7780//3134
f 7763//3135 7764//3136 7781//3137
f 7763//3135 7781//3137 7782//3138
f 7760//3133 7766//3139 7782//3140
f 7760//3133 7782//3140 7780//3134
f 7766//3141 7782//3142 7763//3143
f 7764//3136 7759//3132 7780//3134
f 7764//3136 7780//3134 7781//3137
f 7776//3144 7783//3145 7784//3146
f 7776//3144 7784//3146 7772//3147
f 7772//3147 7784//3146 7770//3148
f 7777//3149 7785//3150 7783//3145
f 7777//3149 7783//3145 7776//3144
f 7769//3151 7786//3152 7787//3153
f 7769//3151 7787//3153 7778//3154
f 7768//3155 7788//3156 7786//3152
f 7768//3155 7786//3152 7769//3151
f 7778//3154 7787//3153 7779//3157
f 7770//3148 7784//3146 7785//3150
f 7770//3148 7785//3150 7777//3149
f 7779//3157 7787//3153 7788//3156
f 7779//3157 7788//3156 7768//3155
f 7789//3158 7790//3159 7791//3160
f 7789//3158 7791//3160 7792//3161
f 7793//3162 7794//3163 7795//3164
f 7793//3162 7795//3164 7796//3165
f 7794//3163 7797//3166 7798//3167
f 7794//3163 7798//3167 7795//3164
f 7796//3165 7798//3167 7797//3166
f 7796//3165 7797//3166 7793//3162
f 7799//3168 7800//3169 7766//3170
f 7799//3168 7766//3170 7760//3171
f 7836//3172 7759//3173 7764//3174
f 7836//3172 7764//3174 7801//3175
f 7760//3171 7759//3173 7836//3172
f 7760//3171 7836//3172 7799//3168
f 7802//3176 7800//3177 7769//3178
f 7802//3176 7769//3178 7778//3179
f 7803//3180 7776//3181 7772//3182
f 7803//3180 7772//3182 7804//3183
f 7805//3184 7777//3185 7776//3181
f 7805//3184 7776//3181 7803//3180
f 7779//3186 7805//3184 7802//3176
f 7779//3186 7802//3176 7778//3179
f 7777//3185 7779//3186 7768//3187
f 7777//3185 7768//3187 7770//3188
f 7800//3177 7804//3183 7770//3188
f 7800//3177 7770//3188 7768//3187
f 7805//3184 7804//3183 7800//3177
f 7777//3185 7805//3184 7779//3186
f 7804//3183 7772//3182 7764//3189
f 7804//3183 7764//3189 7801//3190
f 7769//3178 7800//3177 7766//3191
f 7801//3190 7800//3177 7768//3187
f 7801//3190 7768//3187 7763//3192
f 7763//3192 7770//3188 7804//3183
f 7763//3192 7804//3183 7801//3190
f 7766//3191 7763//3192 7768//3187
f 7766//3191 7768//3187 7769//3178
f 7772//3182 7770//3188 7763//3192
f 7772//3182 7763//3192 7764//3189
f 7806//3193 7807//3194 7808//3195
f 7806//3193 7808//3195 7809//3196
f 7810//3197 7811//3198 7812//3199
f 7836//3172 7811//3198 7810//3197
f 7809//3196 7808//3195 7836//3172
f 7791//3160 7790//3159 7803//3180
f 7791//3160 7803//3180 7813//3200
f 7791//3160 7813//3200 7814//3201
f 7790//3159 7815//3202 7803//3180
f 7844//3203 7816//3204 7802//3176
f 7817//3205 7844//3203 7802//3176
f 7817//3205 7802//3176 7818//3206
f 7815//3202 7791//3160 7814//3201
f 7815//3202 7814//3201 7803//3180
f 7812//3207 7809//3208 7808//3209
f 7812//3207 7808//3209 7811//3210
f 7815//3202 7817//3205 7818//3206
f 7815//3202 7818//3206 7816//3204
f 7819//3211 7806//3193 7809//3196
f 7836//3172 7810//3197 7820//3212
f 7809//3196 7836//3172 7819//3211
f 7844//3203 7821//3213 7816//3204
f 7821//3213 7822//3214 7791//3160
f 7821//3213 7791//3160 7815//3202
f 7817//3205 7789//3158 7822//3214
f 7817//3205 7822//3214 7821//3213
f 7815//3202 7789//3158 7817//3205
f 7792//3161 7791//3160 7810//3215
f 7792//3161 7810//3215 7820//3216
f 7816//3204 7821//3213 7806//3217
f 7806//3217 7821//3213 7820//3216
f 7792//3161 7820//3216 7822//3214
f 7820//3216 7821//3213 7815//3202
f 7820//3216 7815//3202 7812//3218
f 7812//3218 7791//3160 7822//3214
f 7812//3218 7822//3214 7820//3216
f 7806//3217 7812//3218 7815//3202
f 7806//3217 7815//3202 7816//3204
f 7791//3160 7812//3218 7810//3215
f 7807//3194 7800//3169 7799//3168
f 7807//3194 7799//3168 7823//3219
f 7824//3220 7801//3175 7825//3221
f 7836//3172 7801//3175 7824//3220
f 7823//3219 7799//3168 7836//3172
f 7813//3200 7803//3180 7804//3183
f 7826//3222 7813//3200 7804//3183
f 7803//3180 7826//3222 7805//3184
f 7802//3176 7827//3223 7800//3177
f 7827//3223 7828//3224 7800//3177
f 7818//3206 7802//3176 7805//3184
f 7826//3222 7804//3183 7805//3184
f 7825//3225 7823//3208 7799//3209
f 7825//3225 7799//3209 7801//3226
f 7828//3224 7818//3206 7805//3184
f 7828//3224 7805//3184 7800//3177
f 7808//3195 7807//3194 7823//3219
f 7836//3172 7824//3220 7811//3198
f 7823//3219 7836//3172 7808//3195
f 7802//3176 7816//3204 7827//3223
f 7826//3222 7818//3206 7828//3224
f 7816//3204 7814//3201 7826//3222
f 7816//3204 7826//3222 7828//3224
f 7818//3206 7803//3180 7814//3201
f 7818//3206 7814//3201 7816//3204
f 7826//3222 7803//3180 7818//3206
f 7813//3227 7811//3198 7824//3220
f 7827//3228 7807//3229 7816//3230
f 7807//3231 7816//3204 7811//3232
f 7813//3200 7811//3232 7814//3201
f 7811//3232 7816//3204 7828//3224
f 7811//3232 7828//3224 7825//3233
f 7825//3233 7826//3222 7814//3201
f 7825//3233 7814//3201 7811//3232
f 7807//3229 7827//3228 7828//3234
f 7807//3229 7828//3234 7825//3235
f 7813//3227 7824//3220 7825//3221
f 7813//3227 7825//3221 7826//3236
f 7829//3237 7830//3238 7831//3239
f 7829//3237 7831//3239 7832//3240
f 7833//3241 7834//3242 7835//3243
f 7836//3172 7834//3242 7833//3241
f 7832//3240 7831//3239 7836//3172
f 7837//3244 7838//3245 7839//3246
f 7837//3244 7839//3246 7840//3247
f 7842//3248 7843//3249 7844//3203
f 7845//3250 7842//3248 7844//3203
f 7845//3250 7844//3203 7846//3251
f 7841//3252 7837//3244 7840//3247
f 7841//3252 7840//3247 7838//3245
f 7835//3253 7832//3208 7831//3209
f 7835//3253 7831//3209 7834//3254
f 7841//3252 7845//3250 7846//3251
f 7841//3252 7846//3251 7843//3249
f 7847//3255 7829//3237 7832//3240
f 7836//3172 7833//3241 7848//3256
f 7832//3240 7836//3172 7847//3255
f 7842//3248 7837//3244 7843//3249
f 7838//3245 7837//3244 7849//3257
f 7845//3250 7841//3252 7850//3258
f 7845//3250 7850//3258 7837//3244
f 7849//3257 7837//3244 7833//3259
f 7849//3257 7833//3259 7848//3260
f 7843//3249 7837//3244 7829//3261
f 7829//3261 7837//3244 7848//3260
f 7849//3257 7848//3260 7850//3258
f 7848//3260 7837//3244 7841//3252
f 7848//3260 7841//3252 7835//3262
f 7835//3262 7837//3244 7850//3258
f 7835//3262 7850//3258 7848//3260
f 7829//3261 7835//3262 7841//3252
f 7829//3261 7841//3252 7843//3249
f 7837//3244 7835//3262 7833//3259
f 7851//3263 7829//3237 7847//3255
f 7851//3263 7847//3255 7852//3264
f 7853//3265 7848//3256 7854//3266
f 7836//3172 7848//3256 7853//3265
f 7852//3264 7847//3255 7836//3172
f 7855//3267 7856//3268 7838//3245
f 7855//3267 7838//3245 7849//3257
f 7855//3267 7849//3257 7850//3258
f 7856//3268 7857//3269 7841//3252
f 7856//3268 7841//3252 7838//3245
f 7842//3248 7858//3270 7837//3244
f 7858//3270 7859//3271 7837//3244
f 7857//3269 7842//3248 7845//3250
f 7857//3269 7855//3267 7850//3258
f 7857//3269 7850//3258 7841//3252
f 7854//3266 7848//3256 7847//3272
f 7854//3266 7847//3272 7852//3273
f 7859//3271 7857//3269 7845//3250
f 7859//3271 7845//3250 7837//3244
f 7860//3274 7851//3263 7852//3264
f 7836//3172 7853//3265 7861//3275
f 7852//3264 7836//3172 7860//3274
f 7842//3248 7862//3276 7858//3270
f 7856//3268 7855//3267 7863//3277
f 7857//3269 7859//3271 7855//3267
f 7862//3276 7864//3278 7855//3267
f 7862//3276 7855//3267 7859//3271
f 7857//3269 7864//3278 7862//3276
f 7863//3277 7855//3267 7853//3279
f 7863//3277 7853//3279 7861//3280
f 7858//3270 7862//3276 7851//3281
f 7851//3281 7862//3276 7861//3280
f 7863//3277 7861//3280 7864//3278
f 7861//3280 7862//3276 7859//3271
f 7861//3280 7859//3271 7854//3282
f 7854//3282 7855//3267 7864//3278
f 7854//3282 7864//3278 7861//3280
f 7851//3281 7854//3282 7859//3271
f 7851//3281 7859//3271 7858//3270
f 7855//3267 7854//3282 7853//3279
f 7830//3238 7865//3283 7866//3284
f 7830//3238 7866//3284 7867//3285
f 7868//3286 7869//3287 7870//3288
f 7836//3172 7869//3287 7868//3286
f 7867//3285 7866//3284 7836//3172
f 7839//3246 7838//3245 7789//3158
f 7839//3246 7789//3158 7871//3289
f 7872//3290 7839//3246 7871//3289
f 7872//3290 7871//3289 7873//3291
f 7838//3245 7874//3292 7789//3158
f 7844//3203 7875//3293 7876//3294
f 7875//3293 7877//3295 7876//3294
f 7846//3251 7844//3203 7873//3291
f 7838//3245 7872//3290 7873//3291
f 7838//3245 7873//3291 7874//3292
f 7870//3296 7867//3208 7866//3297
f 7870//3296 7866//3297 7869//3298
f 7877//3295 7846//3251 7873//3291
f 7877//3295 7873//3291 7876//3294
f 7831//3239 7830//3238 7867//3285
f 7836//3172 7868//3286 7834//3242
f 7867//3285 7836//3172 7831//3239
f 7844//3203 7843//3249 7875//3293
f 7838//3245 7846//3251 7877//3295
f 7838//3245 7877//3295 7872//3290
f 7843//3249 7840//3247 7872//3290
f 7843//3249 7872//3290 7877//3295
f 7846//3251 7838//3245 7840//3247
f 7846//3251 7840//3247 7843//3249
f 7839//3299 7834//3242 7868//3286
f 7875//3300 7830//3301 7843//3302
f 7830//3231 7843//3249 7834//3303
f 7839//3246 7834//3303 7840//3247
f 7834//3303 7843//3249 7877//3295
f 7834//3303 7877//3295 7870//3304
f 7870//3304 7872//3290 7840//3247
f 7870//3304 7840//3247 7834//3303
f 7830//3301 7875//3300 7877//3305
f 7830//3301 7877//3305 7870//3306
f 7839//3299 7868//3286 7870//3288
f 7839//3299 7870//3288 7872//3307
f 7865//3283 7806//3193 7819//3211
f 7865//3283 7819//3211 7878//3308
f 7836//3172 7820//3212 7879//3309
f 7878//3308 7819//3211 7836//3172
f 7876//3294 7789//3158 7792//3161
f 7876//3294 7792//3161 7822//3214
f 7844//3203 7865//3310 7821//3213
f 7865//3310 7880//3311 7821//3213
f 7880//3311 7844//3203 7817//3205
f 7874//3292 7876//3294 7822//3214
f 7874//3292 7822//3214 7789//3158
f 7879//3296 7878//3208 7819//3209
f 7879//3296 7819//3209 7820//3312
f 7880//3311 7817//3205 7821//3213
f 7866//3284 7865//3283 7878//3308
f 7878//3308 7836//3172 7866//3284
f 7844//3203 7876//3294 7865//3310
f 7789//3158 7876//3294 7871//3289
f 7880//3311 7873//3291 7844//3203
f 7874//3292 7880//3311 7876//3294
f 7874//3292 7873//3291 7880//3311
f 7871//3313 7869//3287 7836//3172
f 7871//3313 7836//3172 7876//3314
f 7865//3310 7876//3294 7869//3315
f 7871//3289 7869//3315 7873//3291
f 7869//3315 7876//3294 7880//3311
f 7869//3315 7880//3311 7879//3316
f 7879//3316 7876//3294 7873//3291
f 7879//3316 7873//3291 7869//3315
f 7865//3317 7880//3318 7879//3319
f 7876//3314 7836//3172 7879//3309
f 7881//3320 7728//3055 7860//3321
f 7881//3320 7860//3321 7851//3322
f 7732//3094 7836//3172 7861//3275
f 7732//3094 7861//3275 7736//3071
f 7728//3323 7860//3274 7836//3172
f 7728//3323 7836//3172 7732//3094
f 7882//3324 7856//3268 7863//3277
f 7882//3324 7863//3277 7864//3278
f 7856//3268 7793//3162 7857//3269
f 7842//3248 7883//3325 7862//3276
f 7883//3325 7884//3326 7862//3276
f 7793//3162 7882//3324 7864//3278
f 7793//3162 7864//3278 7857//3269
f 7736//3071 7861//3275 7860//3327
f 7736//3071 7860//3327 7728//3328
f 7884//3326 7842//3248 7857//3269
f 7884//3326 7857//3269 7862//3276
f 7729//3056 7728//3055 7881//3320
f 7842//3248 7885//3329 7883//3325
f 7793//3162 7842//3248 7884//3326
f 7793//3162 7884//3326 7882//3324
f 7885//3329 7797//3166 7882//3324
f 7885//3329 7882//3324 7884//3326
f 7886//3330 7793//3162 7797//3166
f 7886//3330 7797//3166 7885//3329
f 7793//3162 7886//3330 7842//3248
f 7794//3331 7737//3072 7736//3071
f 7794//3331 7736//3071 7882//3332
f 7883//3325 7885//3329 7729//3056
f 7883//3325 7729//3056 7881//3320
f 7794//3331 7797//3333 7729//3334
f 7794//3331 7729//3334 7737//3072
f 7729//3056 7885//3329 7884//3326
f 7729//3056 7884//3326 7736//3335
f 7736//3335 7882//3324 7797//3166
f 7736//3335 7797//3166 7729//3056
f 7881//3320 7736//3335 7884//3326
f 7881//3320 7884//3326 7883//3325
f 7887//3336 7888//3337 7885//3329
f 7887//3336 7885//3329 7842//3248
f 7889//3338 7887//3336 7842//3248
f 7889//3338 7842//3248 7886//3330
f 7888//3337 7889//3338 7886//3330
f 7888//3337 7886//3330 7885//3329
f 7890//3339 7891//3340 7892//3341
f 7795//3342 7891//3340 7890//3339
f 7890//3339 7892//3341 7795//3342
f 7893//3343 7894//3344 7895//3345
f 7893//3343 7895//3345 7896//3346
f 7897//3347 7895//3345 7894//3344
f 7897//3347 7894//3344 7898//3348
f 7898//3348 7893//3343 7896//3346
f 7898//3348 7896//3346 7897//3347
f 7899//3349 7900//3350 7901//3351
f 7902//3352 7903//3353 7904//3354
f 7901//3351 7900//3350 7905//3355
f 7905//3355 7899//3349 7901//3351
f 7906//3356 7903//3353 7902//3352
f 7902//3352 7904//3354 7906//3356
f 7910//3357 7911//3358 7912//3359
f 7913//3360 7914//3361 7915//3362
f 7912//3359 7911//3358 7916//3363
f 7916//3363 7910//3357 7912//3359
f 7917//3356 7914//3361 7913//3360
f 7913//3360 7915//3362 7917//3356
f 7921//3364 7922//3365 7923//3366
f 7924//3367 7925//3368 7926//3369
f 7923//3366 7922//3365 7927//3370
f 7927//3370 7921//3364 7923//3366
f 7928//3371 7925//3368 7924//3367
f 7924//3367 7926//3369 7928//3371
f 7932//3372 7933//3373 7934//3374
f 7935//3375 7936//3376 7937//3377
f 7934//3374 7933//3373 7938//3378
f 7938//3378 7932//3372 7934//3374
f 7939//3379 7935//3375 7937//3377
f 7935//3375 7939//3379 7936//3376
f 7943//3380 7944//3381 7945//3382
f 7946//3383 7947//3384 7948//3385
f 7807//3386 7802//3387 7945//3388
f 7802//3387 7807//3386 7944//3381
f 7802//3387 7944//3381 7943//3380
f 7813//3389 7947//3384 7946//3383
f 7946//3383 7948//3385 7813//3389
f 7952//3390 7953//3391 7954//3392
f 7955//3393 7956//3394 7957//3395
f 7954//3392 7953//3391 7958//3396
f 7958//3396 7952//3390 7954//3392
f 7959//3397 7955//3393 7957//3395
f 7955//3393 7959//3397 7956//3394
f 7963//3398 7964//3399 7965//3400
f 7966//3401 7967//3402 7968//3403
f 7830//3404 7964//3405 7844//3406
f 7844//3406 7963//3398 7965//3400
f 7844//3406 7965//3400 7830//3404
f 7839//3407 7967//3402 7966//3401
f 7966//3401 7968//3403 7839//3407
f 7974//3408 7975//3409 7976//3410
f 7974//3408 7976//3410 7977//3411
f 7978//3412 7979//3413 7980//3414
f 7975//3409 7981//3415 7982//3416
f 7975//3409 7982//3416 7976//3410
f 7981//3415 7978//3412 7980//3414
f 7981//3415 7980//3414 7982//3416
f 7979//3413 7974//3408 7977//3411
f 7979//3413 7977//3411 7980//3414
f 7983//3417 7976//3410 7984//3418
f 7985//3419 7986//3420 7987//3421
f 7975//3422 7974//3423 7987//3424
f 7975//3422 7987//3424 7988//3425
f 7979//3426 7978//3427 7989//3428
f 7979//3426 7989//3428 7990//3429
f 7981//3430 7975//3422 7988//3425
f 7981//3430 7988//3425 7989//3428
f 7978//3427 7981//3430 7989//3428
f 7974//3423 7979//3426 7990//3429
f 7974//3423 7990//3429 7987//3424
f 7986//3420 7991//3431 7990//3432
f 7986//3420 7990//3432 7987//3421
f 7991//3431 7992//3433 7989//3434
f 7991//3431 7989//3434 7990//3432
f 7993//3435 7984//3418 7976//3410
f 7993//3435 7976//3410 7982//3416
f 7994//3436 7993//3435 7982//3416
f 7994//3436 7982//3416 7980//3414
f 7992//3433 7985//3419 7987//3421
f 7992//3433 7987//3421 7989//3434
f 7983//3417 7994//3436 7980//3414
f 7983//3417 7980//3414 7976//3410
f 7974//3437 7975//3438 7995//3439
f 7978//3440 7979//3441 7996//3442
f 7978//3440 7996//3442 7997//3443
f 7975//3438 7981//3444 7997//3443
f 7975//3438 7997//3443 7995//3439
f 7981//3444 7978//3440 7997//3443
f 7979//3441 7974//3437 7995//3439
f 7979//3441 7995//3439 7996//3442
f 7991//3445 7986//3446 7998//3447
f 7991//3445 7998//3447 7999//3448
f 7986//3446 7985//3449 7998//3447
f 7992//3450 7991//3445 7999//3448
f 7992//3450 7999//3448 8000//3451
f 7984//3452 7993//3453 8001//3454
f 7984//3452 8001//3454 8002//3455
f 7983//3456 7984//3452 8002//3455
f 7993//3453 7994//3457 8003//3458
f 7993//3453 8003//3458 8001//3454
f 7985//3449 7992//3450 8000//3451
f 7985//3449 8000//3451 7998//3447
f 7994//3457 7983//3456 8002//3455
f 7994//3457 8002//3455 8003//3458
f 8004//3459 8005//3460 8006//3461
f 8004//3459 8006//3461 8007//3462
f 8069//3463 8008//3464 8009//3465
f 8008//3464 8010//3466 8011//3467
f 8008//3464 8011//3467 8009//3465
f 8069//3468 8010//3469 8011//3470
f 8012//3471 8013//3472 7981//3473
f 8012//3471 7981//3473 7975//3474
f 8025//3475 7974//3476 7979//3477
f 8025//3475 7979//3477 8014//3478
f 7975//3474 7974//3476 8025//3475
f 7975//3474 8025//3475 8012//3471
f 8029//3479 7993//3453 7984//3480
f 8029//3479 7984//3480 8013//3472
f 8015//3481 8016//3482 7986//3483
f 8015//3481 7986//3483 7991//3484
f 8017//3485 8015//3481 7991//3484
f 8017//3485 7991//3484 7992//3486
f 7994//3487 7993//3453 8029//3479
f 7994//3487 8029//3479 8017//3485
f 7992//3486 7985//3488 7983//3489
f 7992//3486 7983//3489 7994//3487
f 8013//3472 7983//3489 7985//3488
f 8013//3472 7985//3488 8016//3482
f 8017//3485 8013//3472 8016//3482
f 7992//3486 7994//3487 8017//3485
f 8016//3482 8014//3478 7979//3477
f 8016//3482 7979//3477 7986//3483
f 7984//3480 7981//3473 8013//3472
f 8014//3478 7978//3490 7983//3489
f 8014//3478 7983//3489 8013//3472
f 7978//3490 8014//3478 8016//3482
f 7978//3490 8016//3482 7985//3488
f 7981//3473 7984//3480 7983//3489
f 7981//3473 7983//3489 7978//3490
f 7986//3483 7979//3477 7978//3490
f 7986//3483 7978//3490 7985//3488
f 8018//3491 8019//3492 8020//3493
f 8018//3491 8020//3493 8021//3494
f 8022//3495 8023//3496 8024//3497
f 8025//3475 8023//3496 8022//3495
f 8021//3494 8020//3493 8025//3475
f 8006//3461 8026//3498 8015//3481
f 8006//3461 8015//3481 8007//3462
f 8006//3461 8027//3499 8026//3498
f 8007//3462 8015//3481 8028//3500
f 8031//3501 8032//3502 8029//3479
f 8028//3500 8015//3481 8027//3499
f 8028//3500 8027//3499 8006//3461
f 8024//3503 8021//3504 8020//3505
f 8024//3503 8020//3505 8023//3506
f 8028//3500 8030//3507 8032//3502
f 8028//3500 8032//3502 8031//3501
f 8033//3508 8018//3491 8021//3494
f 8025//3475 8022//3495 8034//3509
f 8021//3494 8025//3475 8033//3508
f 8029//3479 8030//3507 8035//3510
f 8035//3510 8028//3500 8006//3461
f 8035//3510 8006//3461 8036//3511
f 8031//3501 8035//3510 8036//3511
f 8031//3501 8036//3511 8004//3459
f 8028//3500 8031//3501 8004//3459
f 8005//3460 8034//3509 8022//3495
f 8005//3460 8022//3495 8006//3461
f 8030//3507 8018//3512 8035//3510
f 8018//3512 8034//3509 8035//3510
f 8005//3460 8036//3511 8034//3509
f 8034//3509 8024//3497 8028//3500
f 8034//3509 8028//3500 8035//3510
f 8024//3497 8034//3509 8036//3511
f 8024//3497 8036//3511 8006//3461
f 8018//3512 8030//3507 8028//3500
f 8018//3512 8028//3500 8024//3497
f 8006//3461 8022//3495 8024//3497
f 8019//3492 8013//3472 8012//3471
f 8019//3492 8012//3471 8037//3513
f 8038//3514 8014//3478 8039//3515
f 8025//3475 8014//3478 8038//3514
f 8037//3513 8012//3471 8025//3475
f 8026//3498 8016//3482 8015//3481
f 8040//3516 8016//3482 8026//3498
f 8015//3481 8017//3485 8040//3516
f 8029//3479 8013//3472 8041//3517
f 8041//3517 8013//3472 8042//3518
f 8032//3502 8017//3485 8029//3479
f 8040//3516 8017//3485 8016//3482
f 8039//3519 8037//3504 8012//3505
f 8039//3519 8012//3505 8014//3506
f 8042//3518 8013//3472 8017//3485
f 8042//3518 8017//3485 8032//3502
f 8020//3493 8019//3492 8037//3513
f 8025//3475 8038//3514 8023//3496
f 8037//3513 8025//3475 8020//3493
f 8029//3479 8041//3517 8030//3507
f 8040//3516 8042//3518 8032//3502
f 8030//3507 8042//3518 8040//3516
f 8030//3507 8040//3516 8027//3499
f 8032//3502 8030//3507 8027//3499
f 8032//3502 8027//3499 8015//3481
f 8040//3516 8032//3502 8015//3481
f 8026//3498 8023//3496 8038//3514
f 8041//3517 8019//3520 8030//3507
f 8019//3520 8023//3496 8030//3507
f 8026//3498 8027//3499 8023//3496
f 8023//3496 8039//3515 8042//3518
f 8023//3496 8042//3518 8030//3507
f 8039//3515 8023//3496 8027//3499
f 8039//3515 8027//3499 8040//3516
f 8019//3520 8041//3517 8042//3518
f 8019//3520 8042//3518 8039//3515
f 8026//3498 8038//3514 8039//3515
f 8026//3498 8039//3515 8040//3516
f 8043//3521 8044//3522 8045//3523
f 8043//3521 8045//3523 8046//3524
f 8047//3525 8048//3526 8049//3527
f 8025//3475 8048//3526 8047//3525
f 8046//3524 8045//3523 8025//3475
f 8050//3528 8051//3529 8052//3530
f 8050//3528 8053//3531 8051//3529
f 8055//3532 8056//3533 8057//3534
f 8058//3535 8059//3536 8056//3533
f 8058//3535 8056//3533 8055//3532
f 8054//3537 8052//3530 8053//3531
f 8054//3537 8053//3531 8050//3528
f 8049//3538 8046//3504 8045//3505
f 8049//3538 8045//3505 8048//3539
f 8054//3537 8057//3534 8059//3536
f 8054//3537 8059//3536 8058//3535
f 8060//3540 8043//3521 8046//3524
f 8025//3475 8047//3525 8061//3541
f 8046//3524 8025//3475 8060//3540
f 8055//3532 8057//3534 8050//3528
f 8052//3530 8062//3542 8050//3528
f 8058//3535 8050//3528 8063//3543
f 8058//3535 8063//3543 8054//3537
f 8062//3542 8061//3541 8047//3525
f 8062//3542 8047//3525 8050//3528
f 8057//3534 8043//3544 8050//3528
f 8043//3544 8061//3541 8050//3528
f 8062//3542 8063//3543 8061//3541
f 8061//3541 8049//3527 8054//3537
f 8061//3541 8054//3537 8050//3528
f 8049//3527 8061//3541 8063//3543
f 8049//3527 8063//3543 8050//3528
f 8043//3544 8057//3534 8054//3537
f 8043//3544 8054//3537 8049//3527
f 8050//3528 8047//3525 8049//3527
f 8064//3545 8043//3521 8060//3540
f 8064//3545 8060//3540 8065//3546
f 8066//3547 8061//3541 8067//3548
f 8025//3475 8061//3541 8066//3547
f 8065//3546 8060//3540 8025//3475
f 8068//3549 8062//3542 8052//3530
f 8068//3549 8052//3530 8069//3468
f 8068//3549 8063//3543 8062//3542
f 8069//3468 8052//3530 8054//3537
f 8069//3468 8054//3537 8070//3550
f 8055//3532 8050//3528 8071//3551
f 8071//3551 8050//3528 8072//3552
f 8070//3550 8058//3535 8055//3532
f 8070//3550 8054//3537 8063//3543
f 8070//3550 8063//3543 8068//3549
f 8067//3553 8065//3504 8060//3505
f 8067//3553 8060//3505 8061//3554
f 8072//3552 8050//3528 8058//3535
f 8072//3552 8058//3535 8070//3550
f 8073//3555 8064//3545 8065//3546
f 8025//3475 8066//3547 8074//3556
f 8065//3546 8025//3475 8073//3555
f 8055//3532 8071//3551 8075//3557
f 8069//3468 8076//3558 8068//3549
f 8070//3550 8068//3549 8072//3552
f 8075//3557 8072//3552 8068//3549
f 8075//3557 8068//3549 8077//3559
f 8070//3550 8075//3557 8077//3559
f 8076//3560 8068//3561 8066//3562
f 8076//3560 8066//3562 8074//3563
f 8071//3551 8064//3564 8075//3557
f 8064//3564 8074//3565 8075//3557
f 8076//3560 8074//3563 8077//3566
f 8074//3565 8067//3548 8072//3552
f 8074//3565 8072//3552 8075//3557
f 8067//3548 8074//3565 8077//3559
f 8067//3548 8077//3559 8068//3549
f 8064//3564 8071//3551 8072//3552
f 8064//3564 8072//3552 8067//3548
f 8068//3549 8066//3547 8067//3548
f 8044//3522 8078//3567 8079//3568
f 8044//3522 8079//3568 8080//3569
f 8081//3570 8082//3571 8083//3515
f 8025//3475 8082//3571 8081//3570
f 8080//3569 8079//3568 8025//3475
f 8051//3529 8084//3572 8004//3459
f 8051//3529 8004//3459 8052//3530
f 8085//3573 8086//3574 8084//3572
f 8085//3573 8084//3572 8051//3529
f 8052//3530 8004//3459 8087//3575
f 8056//3533 8088//3576 8089//3577
f 8089//3577 8088//3576 8090//3578
f 8059//3536 8086//3574 8056//3533
f 8052//3530 8087//3575 8086//3574
f 8052//3530 8086//3574 8085//3573
f 8083//3579 8080//3504 8079//3505
f 8083//3579 8079//3505 8082//3506
f 8090//3578 8088//3576 8086//3574
f 8090//3578 8086//3574 8059//3536
f 8045//3523 8044//3522 8080//3569
f 8025//3475 8081//3570 8048//3526
f 8080//3569 8025//3475 8045//3523
f 8056//3533 8089//3577 8057//3534
f 8052//3530 8085//3573 8090//3578
f 8052//3530 8090//3578 8059//3536
f 8057//3534 8090//3578 8085//3573
f 8057//3534 8085//3573 8053//3531
f 8059//3536 8057//3534 8053//3531
f 8059//3536 8053//3531 8052//3530
f 8051//3529 8048//3526 8081//3570
f 8089//3577 8044//3580 8057//3534
f 8044//3580 8048//3526 8057//3534
f 8051//3529 8053//3531 8048//3526
f 8048//3526 8083//3515 8090//3578
f 8048//3526 8090//3578 8057//3534
f 8083//3515 8048//3526 8053//3531
f 8083//3515 8053//3531 8085//3573
f 8044//3580 8089//3577 8090//3578
f 8044//3580 8090//3578 8083//3515
f 8051//3529 8081//3570 8083//3515
f 8051//3529 8083//3515 8085//3573
f 8078//3567 8018//3491 8033//3508
f 8078//3567 8033//3508 8091//3581
f 8025//3475 8034//3509 8092//3582
f 8091//3581 8033//3508 8025//3475
f 8088//3576 8005//3460 8004//3459
f 8088//3576 8036//3511 8005//3460
f 8056//3533 8029//3479 8035//3510
f 8056//3533 8035//3510 8078//3583
f 8078//3583 8035//3510 8093//3584
f 8093//3584 8031//3501 8029//3479
f 8093//3584 8029//3479 8056//3533
f 8087//3575 8004//3459 8036//3511
f 8087//3575 8036//3511 8088//3576
f 8092//3585 8091//3504 8033//3505
f 8092//3585 8033//3505 8034//3506
f 8093//3584 8035//3510 8031//3501
f 8079//3568 8078//3567 8091//3581
f 8091//3581 8025//3475 8079//3568
f 8056//3533 8078//3583 8088//3576
f 8004//3459 8084//3572 8088//3576
f 8093//3584 8056//3533 8086//3574
f 8087//3575 8088//3576 8093//3584
f 8087//3575 8093//3584 8086//3574
f 8084//3572 8082//3571 8025//3475
f 8084//3572 8025//3475 8088//3576
f 8078//3583 8082//3571 8088//3576
f 8084//3572 8086//3574 8082//3571
f 8082//3571 8092//3582 8093//3584
f 8082//3571 8093//3584 8088//3576
f 8092//3582 8082//3571 8086//3574
f 8092//3582 8086//3574 8088//3576
f 8078//3583 8093//3584 8092//3582
f 8088//3576 8025//3475 8092//3582
f 8094//3586 8064//3545 8073//3555
f 8094//3586 8073//3555 7727//3054
f 7741//3587 8095//3588 8074//3589
f 7733//3063 8025//3475 8074//3556
f 7733//3063 8074//3556 7741//3590
f 7727//3054 8073//3555 8025//3475
f 7727//3054 8025//3475 7733//3063
f 8096//3591 8069//3463 8076//3560
f 8096//3591 8076//3560 8077//3566
f 8069//3468 8070//3550 8097//3592
f 8055//3532 8075//3557 8098//3593
f 8098//3593 8075//3557 8099//3594
f 8097//3592 8070//3550 8077//3559
f 8097//3592 8077//3559 8096//3595
f 8095//3596 8074//3597 8073//3598
f 8095//3596 8073//3598 7727//3599
f 8099//3594 8075//3557 8070//3550
f 8099//3594 8070//3550 8055//3532
f 7726//3053 8094//3586 7727//3054
f 7730//3081 7740//3075 7741//3076
f 7730//3081 7741//3076 7733//3600
f 8055//3532 8098//3593 8100//3601
f 8069//3463 8096//3591 8008//3464
f 8097//3592 8096//3595 8099//3594
f 8097//3592 8099//3594 8055//3532
f 8100//3601 8099//3594 8096//3595
f 8100//3601 8096//3595 8010//3469
f 8097//3592 8100//3601 8010//3469
f 8097//3592 8010//3469 8069//3468
f 8008//3464 8096//3591 7741//3587
f 8008//3464 7741//3587 7740//3602
f 8098//3593 8094//3586 7726//3053
f 8098//3593 7726//3053 8100//3601
f 8008//3464 7740//3602 7726//3603
f 8008//3464 7726//3603 8010//3466
f 7726//3053 8095//3604 8099//3594
f 7726//3053 8099//3594 8100//3601
f 8095//3588 8096//3591 8010//3466
f 8095//3588 8010//3466 7726//3603
f 8094//3586 8098//3593 8099//3594
f 8094//3586 8099//3594 8095//3604
f 8096//3591 8095//3588 7741//3587
f 8101//3605 8055//3532 8100//3601
f 8101//3605 8100//3601 8102//3606
f 8103//3607 8097//3592 8055//3532
f 8103//3607 8055//3532 8101//3605
f 8102//3606 8100//3601 8097//3592
f 8102//3606 8097//3592 8103//3607
f 8104//3608 8105//3609 8106//3610
f 8009//3611 8104//3608 8106//3610
f 8104//3608 8009//3611 8105//3609
f 8107//3612 8108//3613 8109//3614
f 8107//3612 8109//3614 8110//3615
f 8111//3616 8112//3617 8110//3615
f 8111//3616 8110//3615 8109//3614
f 8112//3617 8111//3616 8108//3613
f 8112//3617 8108//3613 8107//3612
f 8113//3618 8114//3619 8115//3620
f 8116//3621 8117//3622 8118//3623
f 8114//3619 8119//3624 8115//3620
f 8119//3624 8114//3619 8113//3618
f 8120//3625 8116//3621 8118//3623
f 8116//3621 8120//3625 8117//3622
f 8124//3626 8125//3627 8126//3628
f 8127//3629 8128//3630 8129//3631
f 8125//3627 8130//3632 8126//3628
f 8130//3632 8125//3627 8124//3626
f 8131//3633 8127//3629 8129//3631
f 8127//3629 8131//3633 8128//3630
f 8135//3634 8136//3635 8137//3636
f 8138//3637 8139//3638 8140//3639
f 8136//3635 8141//3640 8137//3636
f 8141//3640 8136//3635 8135//3634
f 8142//3641 8138//3637 8140//3639
f 8138//3637 8142//3641 8139//3638
f 8146//3642 8147//3643 8148//3644
f 8149//3645 8150//3646 8151//3647
f 8147//3643 8152//3648 8148//3644
f 8152//3648 8147//3643 8146//3642
f 8153//3649 8150//3646 8149//3645
f 8149//3645 8151//3647 8153//3649
f 8157//3650 8158//3651 8159//3652
f 8160//3653 8161//3654 8162//3655
f 8019//3656 8158//3657 8029//3658
f 8029//3658 8157//3650 8159//3652
f 8029//3658 8159//3652 8019//3656
f 8026//3659 8160//3653 8162//3655
f 8160//3653 8026//3659 8161//3654
f 8166//3660 8167//3661 8168//3662
f 8169//3663 8170//3664 8171//3665
f 8167//3661 8172//3666 8168//3662
f 8172//3666 8167//3661 8166//3660
f 8173//3667 8170//3664 8169//3663
f 8169//3663 8171//3665 8173//3667
f 8177//3668 8178//3669 8179//3670
f 8180//3671 8181//3672 8182//3673
f 8044//3674 8056//3675 8179//3676
f 8056//3675 8044//3674 8178//3669
f 8056//3675 8178//3669 8177//3668
f 8051//3677 8180//3671 8182//3673
f 8180//3671 8051//3677 8181//3672
f 8188//2 8187//2 8186//2
f 8188//2 8186//2 8187//2
f 8191//3678 8192//3679 8193//3680
f 8191//3678 8193//3680 8194//3681
f 8195//3682 8196//3683 8197//3684
f 8192//3685 8193//3686 8198//3687
f 8192//3685 8198//3687 8199//3688
f 8199//3688 8198//3687 8196//3683
f 8199//3688 8196//3683 8195//3682
f 8197//3689 8191//3678 8194//3681
f 8197//3689 8194//3681 8196//3690
f 8200//3691 8201//3692 8193//3686
f 8202//3693 8203//3694 8204//3695
f 8192//3696 8205//3697 8203//3698
f 8192//3696 8203//3698 8191//3699
f 8197//3700 8195//3701 8206//3702
f 8197//3700 8206//3702 8207//3703
f 8199//3704 8206//3705 8205//3697
f 8199//3704 8205//3697 8192//3696
f 8195//3706 8206//3705 8199//3704
f 8191//3707 8197//3700 8207//3703
f 8191//3707 8207//3703 8203//3694
f 8204//3695 8203//3694 8207//3703
f 8204//3695 8207//3703 8208//3708
f 8208//3708 8207//3703 8206//3702
f 8208//3708 8206//3702 8209//3709
f 8210//3710 8198//3687 8193//3686
f 8210//3710 8193//3686 8201//3692
f 8211//3711 8196//3683 8198//3687
f 8211//3711 8198//3687 8210//3710
f 8209//3709 8206//3702 8203//3694
f 8209//3709 8203//3694 8202//3693
f 8200//3691 8193//3686 8196//3683
f 8200//3691 8196//3683 8211//3711
f 8191//3712 8212//3713 8192//3714
f 8195//3682 8213//3715 8214//3716
f 8195//3682 8214//3716 8197//3717
f 8192//3714 8212//3713 8213//3715
f 8192//3714 8213//3715 8199//3718
f 8199//3718 8213//3715 8195//3682
f 8197//3717 8214//3716 8212//3713
f 8197//3717 8212//3713 8191//3712
f 8208//3719 8215//3720 8216//3721
f 8208//3719 8216//3721 8204//3722
f 8204//3722 8216//3721 8202//3723
f 8209//3724 8217//3725 8215//3720
f 8209//3724 8215//3720 8208//3719
f 8201//3726 8218//3727 8219//3728
f 8201//3726 8219//3728 8210//3729
f 8200//3730 8218//3727 8201//3726
f 8210//3729 8219//3728 8220//3731
f 8210//3729 8220//3731 8211//3732
f 8202//3723 8216//3721 8217//3725
f 8202//3723 8217//3725 8209//3724
f 8211//3732 8220//3731 8218//3727
f 8211//3732 8218//3727 8200//3730
f 8221//3733 8222//3734 8223//3735
f 8221//3733 8223//3735 8224//3736
f 8225//3737 8226//3738 8227//3739
f 8225//3737 8227//3739 8228//3740
f 8226//3738 8229//3741 8230//3742
f 8226//3738 8230//3742 8227//3739
f 8228//3740 8230//3742 8229//3741
f 8228//3740 8229//3741 8225//3737
f 8231//3743 8192//3744 8199//3745
f 8231//3743 8199//3745 8232//3746
f 8268//3747 8233//3748 8197//3749
f 8268//3747 8197//3749 8191//3750
f 8192//3744 8231//3743 8268//3747
f 8192//3744 8268//3747 8191//3750
f 8234//3751 8232//3746 8201//3752
f 8234//3751 8201//3752 8210//3753
f 8235//3754 8208//3755 8204//3756
f 8235//3754 8204//3756 8236//3757
f 8237//3758 8209//3759 8208//3755
f 8237//3758 8208//3755 8235//3754
f 8211//3760 8237//3758 8234//3751
f 8211//3760 8234//3751 8210//3753
f 8209//3759 8211//3760 8200//3761
f 8209//3759 8200//3761 8202//3762
f 8232//3746 8236//3757 8202//3762
f 8232//3746 8202//3762 8200//3761
f 8237//3758 8236//3757 8232//3746
f 8209//3759 8237//3758 8211//3760
f 8236//3757 8204//3756 8197//3749
f 8236//3757 8197//3749 8233//3748
f 8201//3752 8232//3746 8199//3745
f 8233//3748 8232//3746 8200//3761
f 8233//3748 8200//3761 8195//3763
f 8195//3763 8202//3762 8236//3757
f 8195//3763 8236//3757 8233//3748
f 8199//3745 8195//3763 8200//3761
f 8199//3745 8200//3761 8201//3752
f 8204//3756 8202//3762 8195//3763
f 8204//3756 8195//3763 8197//3749
f 8238//3764 8239//3765 8240//3766
f 8238//3764 8240//3766 8241//3767
f 8242//3768 8243//3769 8244//3770
f 8268//3747 8242//3768 8244//3770
f 8239//3765 8268//3747 8240//3766
f 8223//3735 8222//3734 8235//3754
f 8223//3735 8235//3754 8245//3771
f 8223//3735 8245//3771 8246//3772
f 8222//3734 8247//3773 8235//3754
f 8249//3774 8234//3751 8250//3775
f 8247//3773 8223//3735 8246//3772
f 8247//3773 8246//3772 8235//3754
f 8243//3769 8239//3776 8240//3777
f 8243//3769 8240//3777 8244//3770
f 8247//3773 8249//3774 8250//3775
f 8247//3773 8250//3775 8248//3778
f 8251//3779 8239//3765 8238//3764
f 8268//3747 8252//3780 8242//3768
f 8239//3765 8251//3779 8268//3747
f 8234//3751 8253//3781 8248//3778
f 8253//3781 8254//3782 8223//3735
f 8253//3781 8223//3735 8247//3773
f 8249//3774 8221//3733 8254//3782
f 8249//3774 8254//3782 8253//3781
f 8247//3773 8221//3733 8249//3774
f 8224//3736 8223//3735 8242//3768
f 8224//3736 8242//3768 8252//3780
f 8248//3778 8253//3781 8238//3783
f 8238//3783 8253//3781 8252//3780
f 8224//3736 8252//3780 8254//3782
f 8252//3780 8253//3781 8247//3773
f 8252//3780 8247//3773 8243//3769
f 8243//3769 8223//3735 8254//3782
f 8243//3769 8254//3782 8252//3780
f 8238//3783 8243//3769 8247//3773
f 8238//3783 8247//3773 8248//3778
f 8223//3735 8243//3769 8242//3768
f 8241//3767 8255//3784 8231//3743
f 8241//3767 8231//3743 8232//3746
f 8256//3785 8257//3786 8233//3748
f 8268//3747 8256//3785 8233//3748
f 8255//3784 8268//3747 8231//3743
f 8245//3771 8235//3754 8236//3757
f 8258//3787 8245//3771 8236//3757
f 8235//3754 8258//3787 8237//3758
f 8234//3751 8259//3788 8232//3746
f 8259//3788 8260//3789 8232//3746
f 8250//3775 8234//3751 8237//3758
f 8258//3787 8236//3757 8237//3758
f 8257//3786 8255//3790 8231//3791
f 8257//3786 8231//3791 8233//3748
f 8260//3789 8250//3775 8237//3758
f 8260//3789 8237//3758 8232//3746
f 8240//3766 8255//3784 8241//3767
f 8268//3747 8244//3770 8256//3785
f 8255//3784 8240//3766 8268//3747
f 8234//3751 8248//3778 8259//3788
f 8258//3787 8250//3775 8260//3789
f 8248//3778 8246//3772 8258//3787
f 8248//3778 8258//3787 8260//3789
f 8250//3775 8235//3754 8246//3772
f 8250//3775 8246//3772 8248//3778
f 8258//3787 8235//3754 8250//3775
f 8245//3771 8256//3785 8244//3770
f 8259//3788 8248//3778 8241//3792
f 8241//3792 8248//3778 8244//3770
f 8245//3771 8244//3770 8246//3772
f 8244//3770 8248//3778 8260//3789
f 8244//3770 8260//3789 8257//3786
f 8257//3786 8258//3787 8246//3772
f 8257//3786 8246//3772 8244//3770
f 8241//3792 8257//3786 8260//3789
f 8241//3792 8260//3789 8259//3788
f 8245//3771 8258//3787 8257//3786
f 8245//3771 8257//3786 8256//3785
f 8261//3793 8262//3794 8263//3795
f 8261//3793 8263//3795 8264//3796
f 8265//3797 8266//3798 8267//3799
f 8268//3747 8265//3797 8267//3799
f 8262//3794 8268//3747 8263//3795
f 8269//3800 8270//3801 8271//3802
f 8269//3800 8271//3802 8272//3803
f 8274//3804 8275//3805 8276//3806
f 8275//3805 8277//3807 8276//3806
f 8278//3808 8274//3804 8272//3803
f 8273//3809 8269//3800 8272//3803
f 8273//3809 8272//3803 8270//3801
f 8266//3810 8267//3811 8263//3812
f 8266//3810 8263//3812 8262//3813
f 8277//3807 8278//3808 8272//3803
f 8277//3807 8272//3803 8276//3806
f 8279//3814 8262//3794 8261//3793
f 8268//3747 8280//3815 8265//3797
f 8262//3794 8279//3814 8268//3747
f 8274//3804 8269//3800 8275//3805
f 8270//3801 8269//3800 8281//3816
f 8273//3809 8278//3808 8277//3807
f 8273//3809 8277//3807 8269//3800
f 8278//3808 8273//3809 8282//3817
f 8278//3808 8282//3817 8269//3800
f 8281//3816 8269//3800 8265//3797
f 8281//3816 8265//3797 8280//3815
f 8275//3805 8269//3800 8261//3818
f 8261//3818 8269//3800 8280//3815
f 8281//3816 8280//3815 8282//3817
f 8280//3815 8269//3800 8277//3807
f 8280//3815 8277//3807 8266//3798
f 8266//3798 8269//3800 8282//3817
f 8266//3798 8282//3817 8280//3815
f 8261//3818 8266//3798 8277//3807
f 8261//3818 8277//3807 8275//3805
f 8269//3800 8266//3798 8265//3797
f 8283//3819 8284//3820 8279//3814
f 8283//3819 8279//3814 8261//3793
f 8285//3821 8286//3822 8280//3815
f 8268//3747 8285//3821 8280//3815
f 8284//3820 8268//3747 8279//3814
f 8287//3823 8288//3824 8270//3801
f 8287//3823 8270//3801 8281//3816
f 8287//3823 8281//3816 8282//3817
f 8288//3824 8289//3825 8273//3809
f 8288//3824 8273//3809 8270//3801
f 8290//3826 8291//3827 8269//3800
f 8290//3826 8269//3800 8274//3804
f 8291//3827 8289//3825 8269//3800
f 8292//3828 8290//3826 8274//3804
f 8292//3828 8274//3804 8278//3808
f 8289//3825 8287//3823 8282//3817
f 8289//3825 8282//3817 8273//3809
f 8286//3822 8284//3790 8279//3777
f 8286//3822 8279//3777 8280//3815
f 8289//3825 8292//3828 8278//3808
f 8289//3825 8278//3808 8269//3800
f 8293//3829 8284//3820 8283//3819
f 8268//3747 8294//3830 8285//3821
f 8284//3820 8293//3829 8268//3747
f 8290//3826 8287//3823 8291//3827
f 8288//3824 8287//3823 8295//3831
f 8292//3828 8289//3825 8296//3832
f 8292//3828 8296//3832 8287//3823
f 8295//3831 8287//3823 8285//3821
f 8295//3831 8285//3821 8294//3830
f 8291//3827 8287//3823 8283//3833
f 8283//3833 8287//3823 8294//3830
f 8295//3831 8294//3830 8296//3832
f 8294//3830 8287//3823 8289//3825
f 8294//3830 8289//3825 8286//3822
f 8286//3822 8287//3823 8296//3832
f 8286//3822 8296//3832 8294//3830
f 8283//3833 8286//3822 8289//3825
f 8283//3833 8289//3825 8291//3827
f 8287//3823 8286//3822 8285//3821
f 8264//3796 8297//3834 8298//3835
f 8264//3796 8298//3835 8299//3836
f 8300//3837 8301//3838 8302//3839
f 8268//3747 8300//3837 8302//3839
f 8297//3834 8268//3747 8298//3835
f 8271//3802 8270//3801 8221//3733
f 8271//3802 8221//3733 8303//3840
f 8304//3841 8271//3802 8303//3840
f 8304//3841 8303//3840 8305//3842
f 8270//3801 8306//3843 8221//3733
f 8274//3804 8307//3844 8308//3845
f 8307//3844 8309//3846 8308//3845
f 8272//3803 8274//3804 8305//3842
f 8270//3801 8304//3841 8305//3842
f 8270//3801 8305//3842 8306//3843
f 8301//3847 8302//3848 8298//3849
f 8301//3847 8298//3849 8297//3813
f 8309//3846 8272//3803 8305//3842
f 8309//3846 8305//3842 8308//3845
f 8263//3795 8297//3834 8264//3796
f 8268//3747 8267//3799 8300//3837
f 8297//3834 8263//3795 8268//3747
f 8274//3804 8276//3806 8307//3844
f 8270//3801 8272//3803 8309//3846
f 8270//3801 8309//3846 8304//3841
f 8276//3806 8272//3803 8304//3841
f 8276//3806 8304//3841 8309//3846
f 8271//3802 8300//3837 8267//3799
f 8307//3844 8276//3806 8264//3850
f 8264//3850 8276//3806 8267//3799
f 8271//3802 8267//3799 8272//3803
f 8267//3799 8276//3806 8309//3846
f 8267//3799 8309//3846 8301//3838
f 8301//3838 8304//3841 8272//3803
f 8301//3838 8272//3803 8267//3799
f 8264//3850 8301//3838 8309//3846
f 8264//3850 8309//3846 8307//3844
f 8271//3802 8304//3841 8301//3838
f 8271//3802 8301//3838 8300//3837
f 8299//3836 8310//3851 8251//3779
f 8299//3836 8251//3779 8238//3764
f 8268//3747 8311//3852 8252//3780
f 8310//3851 8268//3747 8251//3779
f 8308//3845 8221//3733 8224//3736
f 8308//3845 8224//3736 8254//3782
f 8274//3804 8299//3853 8253//3781
f 8274//3804 8253//3781 8234//3751
f 8299//3853 8312//3854 8253//3781
f 8312//3854 8274//3804 8234//3751
f 8312//3854 8234//3751 8249//3774
f 8306//3843 8308//3845 8254//3782
f 8306//3843 8254//3782 8221//3733
f 8311//3852 8310//3790 8251//3855
f 8311//3852 8251//3855 8252//3780
f 8312//3854 8249//3774 8253//3781
f 8298//3835 8310//3851 8299//3836
f 8310//3851 8298//3835 8268//3747
f 8274//3804 8308//3845 8299//3853
f 8221//3733 8308//3845 8303//3840
f 8312//3854 8305//3842 8274//3804
f 8306//3843 8312//3854 8308//3845
f 8306//3843 8305//3842 8312//3854
f 8303//3840 8308//3845 8268//3747
f 8303//3840 8268//3747 8302//3839
f 8299//3853 8308//3845 8302//3839
f 8303//3840 8302//3839 8305//3842
f 8302//3839 8308//3845 8312//3854
f 8302//3839 8312//3854 8311//3852
f 8311//3852 8308//3845 8305//3842
f 8311//3852 8305//3842 8302//3839
f 8299//3853 8311//3852 8312//3854
f 8308//3845 8311//3852 8268//3747
f 8313//3856 7716//3857 8293//3829
f 8313//3856 8293//3829 8283//3819
f 7720//3093 7735//3070 8294//3830
f 7720//3093 8294//3830 8268//3747
f 7716//3858 7720//3093 8268//3747
f 7716//3858 8268//3747 8293//3829
f 8314//3859 8288//3824 8295//3831
f 8314//3859 8295//3831 8296//3832
f 8288//3824 8225//3737 8289//3825
f 8290//3826 8315//3860 8287//3823
f 8315//3860 8316//3861 8287//3823
f 8225//3737 8314//3859 8296//3832
f 8225//3737 8296//3832 8289//3825
f 7735//3070 7716//3862 8293//3863
f 7735//3070 8293//3863 8294//3830
f 8316//3861 8290//3826 8292//3828
f 8316//3861 8292//3828 8287//3823
f 7715//3864 7716//3857 8313//3856
f 8290//3826 8317//3865 8315//3860
f 8225//3737 8290//3826 8316//3861
f 8225//3737 8316//3861 8314//3859
f 8317//3865 8229//3741 8314//3859
f 8317//3865 8314//3859 8316//3861
f 8318//3866 8225//3737 8229//3741
f 8318//3866 8229//3741 8317//3865
f 8225//3737 8318//3866 8290//3826
f 8226//3738 8314//3859 7735//3070
f 8226//3738 7735//3070 7737//3072
f 8315//3860 8317//3865 7715//3864
f 8315//3860 7715//3864 8313//3856
f 8226//3738 7737//3072 7715//3864
f 8226//3738 7715//3864 8229//3741
f 7715//3864 8317//3865 8316//3861
f 7715//3864 8316//3861 7735//3070
f 7735//3070 8314//3859 8229//3741
f 7735//3070 8229//3741 7715//3864
f 8313//3856 7735//3070 8316//3861
f 8313//3856 8316//3861 8315//3860
f 8319//3867 8320//3868 8317//3865
f 8319//3867 8317//3865 8290//3826
f 8321//3869 8319//3867 8290//3826
f 8321//3869 8290//3826 8318//3866
f 8320//3868 8321//3869 8318//3866
f 8320//3868 8318//3866 8317//3865
f 8322//3870 8323//3871 8324//3872
f 8227//3873 8322//3870 8324//3872
f 8322//3870 8227//3873 8323//3871
f 8325//3874 8326//3875 8327//3876
f 8325//3874 8327//3876 8328//3877
f 8329//3878 8330//3879 8328//3877
f 8329//3878 8328//3877 8327//3876
f 8330//3879 8329//3878 8326//3875
f 8330//3879 8326//3875 8325//3874
f 8331//3880 8332//3881 8333//3882
f 8334//3883 8335//3884 8336//3885
f 8332//3881 8337//3886 8333//3882
f 8337//3886 8332//3881 8331//3880
f 8338//3887 8334//3883 8336//3885
f 8334//3883 8338//3887 8335//3884
f 8342//3888 8343//3889 8344//3890
f 8345//3891 8346//3884 8347//3885
f 8343//3889 8348//3892 8344//3890
f 8348//3892 8343//3889 8342//3888
f 8349//3887 8345//3891 8347//3885
f 8345//3891 8349//3887 8346//3884
f 8353//3893 8354//3894 8355//3895
f 8356//3896 8357//3897 8358//3898
f 8354//3894 8359//3899 8355//3895
f 8359//3899 8354//3894 8353//3893
f 8360//3900 8356//3896 8358//3898
f 8356//3896 8360//3900 8357//3897
f 8364//3901 8365//3902 8366//3903
f 8367//3904 8368//3905 8369//3906
f 8365//3902 8370//3907 8366//3903
f 8370//3907 8365//3902 8364//3901
f 8371//3908 8368//3905 8367//3904
f 8367//3904 8369//3906 8371//3908
f 8375//3909 8376//3910 8377//3911
f 8378//3912 8379//3913 8380//3914
f 8241//3915 8376//3916 8234//3917
f 8234//3917 8375//3909 8377//3911
f 8234//3917 8377//3911 8241//3915
f 8245//3918 8378//3912 8380//3914
f 8378//3912 8245//3918 8379//3913
f 8384//3919 8385//3920 8386//3921
f 8387//3922 8388//3923 8389//3924
f 8385//3920 8390//3925 8386//3921
f 8390//3925 8385//3920 8384//3919
f 8391//3926 8388//3923 8387//3922
f 8387//3922 8389//3924 8391//3926
f 8395//3927 8396//3928 8397//3929
f 8398//3930 8399//3931 8400//3932
f 8264//3933 8274//3934 8397//3935
f 8274//3934 8264//3933 8396//3928
f 8274//3934 8396//3928 8395//3927
f 8271//3936 8398//3930 8400//3932
f 8398//3930 8271//3936 8399//3931
f 8406//3937 8407//3938 8408//3939
f 8406//3937 8408//3939 8409//3940
f 8410//3941 8411//3942 8412//3943
f 8409//3940 8408//3939 8413//3944
f 8409//3940 8413//3944 8414//3945
f 8414//3945 8413//3944 8411//3942
f 8414//3945 8411//3942 8410//3941
f 8412//3943 8411//3942 8407//3938
f 8412//3943 8407//3938 8406//3937
f 8415//3946 8416//3947 8408//3939
f 8417//3948 8418//3949 8419//3950
f 8409//3951 8420//3952 8418//3953
f 8409//3951 8418//3953 8406//3954
f 8412//3955 8421//3956 8422//3957
f 8412//3955 8422//3957 8410//3958
f 8414//3945 8422//3957 8420//3952
f 8414//3945 8420//3952 8409//3951
f 8410//3958 8422//3957 8414//3945
f 8406//3954 8418//3953 8421//3956
f 8406//3954 8421//3956 8412//3955
f 8419//3950 8418//3949 8421//3959
f 8419//3950 8421//3959 8423//3960
f 8423//3960 8421//3959 8422//3961
f 8423//3960 8422//3961 8424//3962
f 8425//3963 8413//3944 8408//3939
f 8425//3963 8408//3939 8416//3947
f 8426//3964 8411//3942 8413//3944
f 8426//3964 8413//3944 8425//3963
f 8424//3962 8422//3961 8418//3949
f 8424//3962 8418//3949 8417//3948
f 8415//3946 8408//3939 8411//3942
f 8415//3946 8411//3942 8426//3964
f 8406//3965 8427//3966 8409//3967
f 8410//3968 8428//3969 8429//3970
f 8410//3968 8429//3970 8412//3971
f 8409//3967 8427//3966 8428//3969
f 8409//3967 8428//3969 8414//3972
f 8414//3972 8428//3969 8410//3968
f 8412//3971 8429//3970 8427//3966
f 8412//3971 8427//3966 8406//3965
f 8423//3973 8430//3974 8431//3975
f 8423//3973 8431//3975 8419//3976
f 8419//3976 8431//3975 8432//3977
f 8419//3976 8432//3977 8417//3978
f 8424//3979 8430//3974 8423//3973
f 8416//3980 8433//3981 8434//3982
f 8416//3980 8434//3982 8425//3983
f 8415//3984 8435//3985 8433//3981
f 8415//3984 8433//3981 8416//3980
f 8425//3983 8434//3982 8426//3986
f 8417//3978 8432//3977 8430//3974
f 8417//3978 8430//3974 8424//3979
f 8426//3986 8434//3982 8435//3985
f 8426//3986 8435//3985 8415//3984
f 8436//3987 8437//3988 8438//3989
f 8436//3987 8438//3989 8439//3990
f 8501//3991 8440//3992 8441//3993
f 8440//3992 8442//3994 8443//3995
f 8440//3992 8443//3995 8441//3993
f 8501//3996 8443//3995 8442//3994
f 8444//3997 8409//3998 8414//3999
f 8444//3997 8414//3999 8445//4000
f 8483//4001 8446//4002 8412//4003
f 8483//4001 8412//4003 8406//4004
f 8409//3998 8444//3997 8483//4001
f 8409//3998 8483//4001 8406//4004
f 8447//4005 8448//4006 8416//4007
f 8447//4005 8416//4007 8425//4008
f 8449//4009 8423//4010 8419//4011
f 8449//4009 8419//4011 8450//4012
f 8451//4013 8424//4014 8423//4010
f 8451//4013 8423//4010 8449//4009
f 8426//4015 8451//4013 8447//4005
f 8426//4015 8447//4005 8425//4008
f 8424//4014 8426//4015 8415//4016
f 8424//4014 8415//4016 8417//4017
f 8448//4006 8450//4012 8417//4017
f 8448//4006 8417//4017 8415//4016
f 8451//4013 8450//4012 8448//4006
f 8424//4014 8451//4013 8426//4015
f 8450//4012 8419//4011 8412//4003
f 8450//4012 8412//4003 8446//4002
f 8416//4007 8448//4006 8445//4000
f 8416//4007 8445//4000 8414//3999
f 8445//4000 8448//4006 8446//4002
f 8446//4002 8448//4006 8415//4016
f 8446//4002 8415//4016 8410//4018
f 8410//4018 8417//4017 8450//4012
f 8410//4018 8450//4012 8446//4002
f 8414//3999 8410//4018 8415//4016
f 8414//3999 8415//4016 8416//4007
f 8419//4011 8417//4017 8410//4018
f 8419//4011 8410//4018 8412//4003
f 8452//4019 8453//4020 8454//4021
f 8452//4019 8454//4021 8455//4022
f 8456//4023 8457//4024 8458//4025
f 8483//4001 8456//4023 8458//4025
f 8453//4020 8483//4001 8454//4021
f 8438//3989 8437//3988 8449//4009
f 8438//3989 8449//4009 8459//4026
f 8438//3989 8459//4026 8460//4027
f 8437//3988 8461//4028 8449//4009
f 8462//4029 8463//4030 8464//4031
f 8463//4030 8465//4032 8464//4031
f 8466//4033 8462//4029 8467//4034
f 8461//4028 8438//3989 8460//4027
f 8461//4028 8460//4027 8449//4009
f 8457//4024 8453//4035 8454//4036
f 8457//4024 8454//4036 8458//4025
f 8465//4032 8466//4033 8467//4034
f 8465//4032 8467//4034 8464//4031
f 8468//4037 8453//4020 8452//4019
f 8483//4001 8469//4038 8456//4023
f 8453//4020 8468//4037 8483//4001
f 8462//4029 8438//3989 8463//4030
f 8461//4028 8466//4033 8465//4032
f 8461//4028 8465//4032 8438//3989
f 8461//4028 8436//3987 8466//4033
f 8439//3990 8438//3989 8456//4023
f 8439//3990 8456//4023 8469//4038
f 8463//4030 8438//3989 8452//4039
f 8452//4039 8438//3989 8469//4038
f 8439//3990 8469//4038 8466//4033
f 8469//4038 8438//3989 8465//4032
f 8469//4038 8465//4032 8457//4024
f 8457//4024 8438//3989 8466//4033
f 8457//4024 8466//4033 8469//4038
f 8452//4039 8457//4024 8465//4032
f 8452//4039 8465//4032 8463//4030
f 8438//3989 8457//4024 8456//4023
f 8455//4022 8470//4040 8444//3997
f 8455//4022 8444//3997 8445//4000
f 8471//4041 8472//4042 8446//4002
f 8483//4001 8471//4041 8446//4002
f 8470//4040 8483//4001 8444//3997
f 8459//4026 8449//4009 8450//4012
f 8473//4043 8459//4026 8450//4012
f 8449//4009 8473//4043 8451//4013
f 8462//4029 8474//4044 8448//4006
f 8462//4029 8448//4006 8447//4005
f 8474//4044 8475//4045 8448//4006
f 8467//4034 8462//4029 8447//4005
f 8467//4034 8447//4005 8451//4013
f 8473//4043 8450//4012 8451//4013
f 8472//4042 8470//4046 8444//4036
f 8472//4042 8444//4036 8446//4002
f 8475//4045 8467//4034 8451//4013
f 8475//4045 8451//4013 8448//4006
f 8454//4021 8470//4040 8455//4022
f 8483//4001 8458//4025 8471//4041
f 8470//4040 8454//4021 8483//4001
f 8462//4029 8464//4031 8474//4044
f 8473//4043 8467//4034 8475//4045
f 8464//4031 8460//4027 8473//4043
f 8464//4031 8473//4043 8475//4045
f 8467//4034 8449//4009 8460//4027
f 8467//4034 8460//4027 8464//4031
f 8473//4043 8449//4009 8467//4034
f 8459//4026 8471//4041 8458//4025
f 8474//4044 8464//4031 8455//4047
f 8455//4047 8464//4031 8458//4025
f 8459//4026 8458//4025 8460//4027
f 8458//4025 8464//4031 8475//4045
f 8458//4025 8475//4045 8472//4042
f 8472//4042 8473//4043 8460//4027
f 8472//4042 8460//4027 8458//4025
f 8455//4047 8472//4042 8475//4045
f 8455//4047 8475//4045 8474//4044
f 8459//4026 8473//4043 8472//4042
f 8459//4026 8472//4042 8471//4041
f 8476//4048 8477//4049 8478//4050
f 8476//4048 8478//4050 8479//4051
f 8480//4052 8481//4053 8482//4054
f 8483//4001 8480//4052 8482//4054
f 8477//4049 8483//4001 8478//4050
f 8484//4055 8485//4056 8486//4057
f 8484//4055 8486//4057 8487//4058
f 8490//4059 8462//4029 8491//4060
f 8488//4061 8484//4055 8487//4058
f 8488//4061 8487//4058 8485//4056
f 8481//4053 8477//4062 8478//4036
f 8481//4053 8478//4036 8482//4054
f 8488//4061 8490//4059 8491//4060
f 8488//4061 8491//4060 8489//4063
f 8492//4064 8477//4049 8476//4048
f 8483//4001 8493//4065 8480//4052
f 8477//4049 8492//4064 8483//4001
f 8462//4029 8484//4055 8489//4063
f 8485//4056 8484//4055 8494//4066
f 8490//4059 8488//4061 8495//4067
f 8490//4059 8495//4067 8484//4055
f 8494//4066 8484//4055 8480//4052
f 8494//4066 8480//4052 8493//4065
f 8489//4063 8484//4055 8476//4068
f 8476//4068 8484//4055 8493//4065
f 8494//4066 8493//4065 8495//4067
f 8493//4065 8484//4055 8488//4061
f 8493//4065 8488//4061 8481//4053
f 8481//4053 8484//4055 8495//4067
f 8481//4053 8495//4067 8493//4065
f 8476//4068 8481//4053 8488//4061
f 8476//4068 8488//4061 8489//4063
f 8484//4055 8481//4053 8480//4052
f 8496//4069 8497//4070 8492//4064
f 8496//4069 8492//4064 8476//4048
f 8498//4071 8499//4072 8493//4065
f 8483//4001 8498//4071 8493//4065
f 8497//4073 8483//4001 8492//4064
f 8500//4074 8501//3996 8485//4056
f 8500//4074 8485//4056 8494//4066
f 8500//4074 8494//4066 8495//4067
f 8501//3996 8502//4075 8488//4061
f 8501//3996 8488//4061 8485//4056
f 8503//4076 8504//4077 8484//4055
f 8503//4076 8484//4055 8462//4029
f 8504//4077 8502//4075 8484//4055
f 8505//4078 8503//4076 8462//4029
f 8505//4078 8462//4029 8490//4059
f 8502//4075 8500//4074 8495//4067
f 8502//4075 8495//4067 8488//4061
f 8499//4072 8497//4079 8492//4080
f 8499//4072 8492//4080 8493//4065
f 8502//4075 8505//4078 8490//4059
f 8502//4075 8490//4059 8484//4055
f 8506//4081 8496//4082 8497//4083
f 8483//4001 8507//4084 8498//4071
f 8497//4073 8506//4085 8483//4001
f 8503//4076 8500//4074 8504//4077
f 8501//3996 8500//4074 8508//4086
f 8505//4078 8502//4075 8509//4087
f 8505//4078 8509//4087 8500//4074
f 8508//4086 8500//4074 8498//4071
f 8508//4086 8498//4071 8507//4084
f 8504//4077 8500//4074 8496//4088
f 8496//4088 8500//4074 8507//4084
f 8508//4086 8507//4084 8509//4087
f 8507//4084 8500//4074 8502//4075
f 8507//4084 8502//4075 8499//4072
f 8499//4072 8500//4074 8509//4087
f 8499//4072 8509//4087 8507//4084
f 8496//4088 8499//4072 8502//4075
f 8496//4088 8502//4075 8504//4077
f 8500//4074 8499//4072 8498//4071
f 8479//4051 8510//4089 8511//4090
f 8479//4051 8511//4090 8512//4091
f 8483//4001 8513//4092 8514//4093
f 8510//4089 8483//4001 8511//4090
f 8486//4057 8485//4056 8436//3987
f 8486//4057 8436//3987 8515//4094
f 8516//4095 8486//4057 8515//4094
f 8516//4095 8515//4094 8517//4096
f 8485//4056 8518//4097 8436//3987
f 8462//4029 8519//4098 8520//4099
f 8519//4098 8521//4100 8520//4099
f 8491//4060 8462//4029 8517//4096
f 8485//4056 8516//4095 8517//4096
f 8485//4056 8517//4096 8518//4097
f 8513//4092 8510//4046 8511//4036
f 8513//4092 8511//4036 8514//4093
f 8521//4100 8491//4060 8517//4096
f 8521//4100 8517//4096 8520//4099
f 8478//4050 8510//4089 8479//4051
f 8510//4089 8478//4050 8483//4001
f 8462//4029 8489//4063 8519//4098
f 8485//4056 8491//4060 8521//4100
f 8485//4056 8521//4100 8516//4095
f 8489//4063 8487//4058 8516//4095
f 8489//4063 8516//4095 8521//4100
f 8491//4060 8485//4056 8487//4058
f 8491//4060 8487//4058 8489//4063
f 8486//4057 8483//4001 8482//4054
f 8519//4098 8489//4063 8479//4101
f 8479//4101 8489//4063 8482//4054
f 8486//4057 8482//4054 8487//4058
f 8482//4054 8489//4063 8521//4100
f 8482//4054 8521//4100 8513//4092
f 8513//4092 8516//4095 8487//4058
f 8513//4092 8487//4058 8482//4054
f 8479//4101 8513//4092 8521//4100
f 8479//4101 8521//4100 8519//4098
f 8486//4057 8516//4095 8513//4092
f 8486//4057 8513//4092 8483//4001
f 8512//4091 8522//4102 8468//4037
f 8512//4091 8468//4037 8452//4019
f 8523//4103 8524//4104 8469//4038
f 8483//4001 8523//4103 8469//4038
f 8522//4102 8483//4001 8468//4037
f 8520//4099 8436//3987 8439//3990
f 8520//4099 8439//3990 8466//4033
f 8462//4029 8512//4105 8438//3989
f 8512//4105 8525//4106 8438//3989
f 8525//4106 8462//4029 8466//4033
f 8518//4097 8520//4099 8466//4033
f 8518//4097 8466//4033 8436//3987
f 8524//4104 8522//4107 8468//4036
f 8524//4104 8468//4036 8469//4038
f 8525//4106 8466//4033 8438//3989
f 8511//4090 8522//4102 8512//4091
f 8483//4001 8514//4093 8523//4103
f 8522//4102 8511//4090 8483//4001
f 8462//4029 8520//4099 8512//4105
f 8436//3987 8520//4099 8515//4094
f 8525//4106 8517//4096 8462//4029
f 8518//4097 8525//4106 8520//4099
f 8518//4097 8517//4096 8525//4106
f 8515//4094 8520//4099 8523//4103
f 8515//4094 8523//4103 8514//4093
f 8512//4105 8520//4099 8514//4093
f 8515//4094 8514//4093 8517//4096
f 8514//4093 8520//4099 8525//4106
f 8514//4093 8525//4106 8524//4104
f 8524//4104 8520//4099 8517//4096
f 8524//4104 8517//4096 8514//4093
f 8512//4105 8524//4104 8525//4106
f 8520//4099 8524//4104 8523//4103
f 8526//4108 8496//4082 8506//4081
f 8526//4108 8506//4081 7717//4109
f 7738//4110 8527//4111 8507//4084
f 7719//3047 7738//4110 8507//4084
f 7719//3047 8507//4084 8483//4001
f 7717//3040 7719//3047 8483//4001
f 7717//3040 8483//4001 8506//4085
f 8528//4112 8501//3996 8508//4086
f 8528//4112 8508//4086 8509//4087
f 8501//3996 8529//4113 8502//4075
f 8503//4076 8530//4114 8500//4074
f 8530//4114 8531//4115 8500//4074
f 8529//4113 8528//4112 8509//4087
f 8529//4113 8509//4087 8502//4075
f 8527//4111 7717//4109 8506//4116
f 8527//4111 8506//4116 8507//4084
f 8531//4115 8503//4076 8505//4078
f 8531//4115 8505//4078 8500//4074
f 7714//3037 7717//3040 8526//4117
f 7718//3086 7719//3042 7738//4118
f 7718//3086 7738//4118 7739//3085
f 8503//4076 8532//4119 8530//4114
f 8501//4120 8440//4121 8528//4122
f 8529//4113 8503//4076 8531//4115
f 8529//4113 8531//4115 8528//4112
f 8532//4119 8442//3994 8528//4112
f 8532//4119 8528//4112 8531//4115
f 8529//4113 8501//3996 8442//3994
f 8529//4113 8442//3994 8532//4119
f 8440//4121 7739//4123 7738//4124
f 8440//4121 7738//4124 8528//4122
f 8530//4114 8532//4119 7714//3037
f 8530//4114 7714//3037 8526//4117
f 8440//4121 8442//4125 7714//4126
f 8440//4121 7714//4126 7739//4123
f 7714//3037 8532//4119 8531//4115
f 7714//3037 8531//4115 8527//4127
f 8527//4127 8528//4112 8442//3994
f 8527//4127 8442//3994 7714//3037
f 8526//4117 8527//4127 8531//4115
f 8526//4117 8531//4115 8530//4114
f 8528//4122 7738//4124 8527//4128
f 8533//4129 8534//4130 8532//4119
f 8533//4129 8532//4119 8503//4076
f 8535//4131 8533//4129 8503//4076
f 8535//4131 8503//4076 8529//4113
f 8534//4130 8535//4131 8529//4113
f 8534//4130 8529//4113 8532//4119
f 8536//4132 8537//4133 8538//4134
f 8441//4135 8537//4133 8536//4132
f 8536//4132 8538//4134 8441//4135
f 8539//4136 8540//4137 8541//4138
f 8539//4136 8541//4138 8542//4139
f 8543//4140 8541//4138 8540//4137
f 8543//4140 8540//4137 8544//4141
f 8544//4141 8539//4136 8542//4139
f 8544//4141 8542//4139 8543//4140
f 8545//4142 8546//4143 8547//4144
f 8548//4145 8549//4146 8550//4147
f 8547//4144 8546//4143 8551//4148
f 8551//4148 8545//4142 8547//4144
f 8552//4149 8549//4146 8548//4145
f 8548//4145 8550//4147 8552//4149
f 8556//4150 8557//4151 8558//4152
f 8559//4153 8560//4154 8561//4155
f 8558//4152 8557//4151 8562//4156
f 8562//4156 8556//4150 8558//4152
f 8563//4157 8560//4154 8559//4153
f 8559//4153 8561//4155 8563//4157
f 8567//4158 8568//4159 8569//4160
f 8570//4161 8571//4162 8572//4163
f 8569//4160 8568//4159 8573//4164
f 8573//4164 8567//4158 8569//4160
f 8574//4165 8571//4162 8570//4161
f 8570//4161 8572//4163 8574//4165
f 8578//4166 8579//4167 8580//4168
f 8581//4169 8582//4170 8583//4171
f 8580//4168 8579//4167 8584//4172
f 8584//4172 8578//4166 8580//4168
f 8585//4173 8581//4169 8583//4171
f 8581//4169 8585//4173 8582//4170
f 8589//4174 8590//4175 8591//4176
f 8592//4177 8593//4178 8594//4179
f 8455//4180 8447//4181 8591//4182
f 8447//4181 8455//4180 8590//4175
f 8447//4181 8590//4175 8589//4174
f 8459//4183 8593//4178 8592//4177
f 8592//4177 8594//4179 8459//4183
f 8598//4184 8599//4185 8600//4186
f 8601//4187 8602//4170 8603//4188
f 8600//4186 8599//4185 8604//4189
f 8604//4189 8598//4184 8600//4186
f 8605//4173 8601//4187 8603//4188
f 8601//4187 8605//4173 8602//4170
f 8609//4190 8610//4191 8611//4192
f 8612//4193 8613//4194 8614//4195
f 8479//4196 8610//4197 8462//4198
f 8462//4198 8609//4190 8611//4192
f 8462//4198 8611//4192 8479//4196
f 8486//4199 8613//4194 8612//4193
f 8612//4193 8614//4195 8486//4199
f 7709//4200 7708//4201 8618//2
f 7708//4201 7707//4202 8618//2
f 7707//4202 7710//4203 8618//2
f 8618//2 7710//4203 7709//4200
f 7709//4204 8619//2 7708//4205
f 8619//2 7707//4206 7708//4205
f 7707//4206 8619//2 7710//4207
f 8619//2 7709//4204 7710//4207
f 8680//4208 8685//4208 8684//4208
f 8684//4208 8680//4208 8685//4208
l 4 5
l 880 881
l 882 883
l 1023 1024
l 1023 1025
l 1029 1030
l 1031 1032
l 1031 1033
l 1037 1038
l 1037 1039
l 1040 1041
l 1040 1042
l 1043 1044
l 1045 1046
l 1045 1047
l 1048 1049
l 1048 1050
l 1051 1052
l 1051 1053
l 1054 1055
l 1056 1057
l 1058 1059
l 1060 1061
l 1065 1066
l 1065 1067
l 1068 1069
l 1068 1070
l 1137 1138
l 1146 1147
l 1151 1152
l 1154 1155
l 1165 1166
l 1172 1173
l 1191 1192
l 1249 1248
l 1251 1250
l 1253 1252
l 1255 1254
l 1271 1272
l 1273 1274
l 1275 1276
l 1154 1156
l 1157 1159
l 1175 1174
l 1183 1181
l 1186 1184
l 1189 1187
l 1195 1193
l 1457 1456
l 1460 1459
l 1469 1468
l 1478 1477
l 1487 1486
l 1490 1489
l 1504 1503
l 1516 1515
l 1531 1530
l 1581 1582
l 1878 1879
l 1889 1891
l 1893 1894
l 1905 1906
l 2085 2084
l 2090 2091
l 2096 2097
l 2100 2099
l 2103 2102
l 2247 2248
l 2270 2271
l 2313 2314
l 2313 2315
l 2322 2323
l 2325 2326
l 2325 2327
l 2328 2330
l 2331 2332
l 2334 2335
l 2334 2336
l 2337 2338
l 2340 2341
l 2343 2344
l 2346 2347
l 2349 2350
l 2352 2353
l 2352 2354
l 2355 2356
l 2358 2359
l 2358 2360
l 2361 2362
l 2364 2365
l 2364 2366
l 2367 2368
l 2370 2371
l 2373 2374
l 2373 2375
l 2376 2377
l 2376 2378
l 2379 2380
l 2379 2381
l 2382 2383
l 2382 2384
l 2385 2386
l 2385 2387
l 2388 2389
l 2388 2390
l 2391 2392
l 2394 2395
l 2397 2398
l 2400 2401
l 2403 2404
l 2440 2441
l 2444 2443
l 2453 2452
l 2456 2455
l 2465 2464
l 2527 2526
l 2553 2554
l 2561 2562
l 2566 2567
l 2564 2565
l 2569 2571
l 2581 2583
l 2584 2586
l 2587 2589
l 2591 2592
l 2593 2595
l 2599 2601
l 2627 2628
l 2629 2631
l 2632 2634
l 2641 2643
l 2913 2915
l 2947 2948
l 2997 2998
l 2999 3001
l 3060 3061
l 3075 3076
l 3090 3091
l 3093 3094
l 3096 3097
l 3108 3109
l 3111 3112
l 3120 3121
l 3166 3165
l 3169 3168
l 3172 3171
l 3229 3228
l 3239 3240
l 3266 3267
l 3292 3294
l 3302 3303
l 3317 3318
l 3321 3320
l 3324 3323
l 3327 3325
l 3341 3342
l 3351 3350
l 3353 3354
l 3391 3392
l 3391 3393
l 3394 3395
l 3394 3396
l 3397 3398
l 3397 3399
l 3400 3401
l 3400 3402
l 3403 3404
l 3403 3405
l 3406 3407
l 3406 3408
l 3409 3410
l 3409 3411
l 3412 3413
l 3412 3414
l 3415 3416
l 3415 3417
l 3418 3419
l 3418 3420
l 3421 3422
l 3421 3423
l 3424 3425
l 3424 3426
l 3427 3428
l 3427 3429
l 3440 3441
l 3440 3442
l 3463 3464
l 3463 3465
l 3466 3467
l 3466 3468
l 3474 3475
l 3474 3476
l 3477 3478
l 3480 3481
l 3480 3482
l 3492 3493
l 3788 3789
l 3799 3801
l 3803 3804
l 3815 3816
l 3982 3983
l 3995 3994
l 4000 4001
l 4006 4007
l 4010 4009
l 4013 4012
l 4157 4158
l 4180 4181
l 4223 4224
l 4232 4233
l 4232 4234
l 4235 4236
l 4235 4237
l 4238 4240
l 4241 4242
l 4244 4245
l 4244 4246
l 4247 4248
l 4250 4251
l 4253 4254
l 4256 4257
l 4259 4260
l 4259 4261
l 4262 4263
l 4262 4264
l 4265 4266
l 4268 4269
l 4268 4270
l 4271 4272
l 4274 4275
l 4274 4276
l 4277 4278
l 4277 4279
l 4280 4281
l 4283 4284
l 4283 4285
l 4286 4287
l 4286 4288
l 4289 4290
l 4289 4291
l 4292 4293
l 4292 4294
l 4295 4296
l 4295 4297
l 4298 4299
l 4298 4300
l 4301 4302
l 4304 4305
l 4307 4308
l 4310 4311
l 4313 4314
l 4350 4351
l 4354 4353
l 4357 4356
l 4360 4359
l 4363 4362
l 4366 4365
l 4375 4374
l 4462 4464
l 4477 4478
l 4475 4476
l 4480 4482
l 4492 4494
l 4495 4497
l 4498 4500
l 4502 4503
l 4504 4506
l 4510 4512
l 4538 4539
l 4540 4542
l 4552 4554
l 4824 4826
l 4858 4859
l 4908 4909
l 4910 4912
l 4971 4972
l 4986 4987
l 5001 5002
l 5004 5005
l 5007 5008
l 5019 5020
l 5031 5032
l 5077 5076
l 5092 5091
l 5100 5101
l 5140 5139
l 5150 5151
l 5154 5153
l 5203 5205
l 5213 5214
l 5228 5229
l 5232 5231
l 5235 5234
l 5238 5236
l 5252 5253
l 5262 5261
l 5264 5265
l 5268 5267
l 5302 5303
l 5302 5304
l 5305 5306
l 5305 5307
l 5308 5309
l 5308 5310
l 5311 5312
l 5311 5313
l 5314 5315
l 5314 5316
l 5317 5318
l 5317 5319
l 5320 5321
l 5320 5322
l 5323 5324
l 5323 5325
l 5326 5327
l 5326 5328
l 5329 5330
l 5329 5331
l 5332 5333
l 5332 5334
l 5335 5336
l 5335 5337
l 5338 5339
l 5338 5340
l 5351 5352
l 5351 5353
l 5374 5375
l 5374 5376
l 5377 5378
l 5377 5379
l 5385 5386
l 5385 5387
l 5388 5389
l 5391 5392
l 5391 5393
l 5403 5404
l 5700 5701
l 5711 5713
l 5715 5716
l 5727 5728
l 5735 5737
l 5742 5743
l 5894 5895
l 5906 5907
l 5912 5913
l 5918 5919
l 5922 5921
l 5924 5925
l 6069 6070
l 6092 6093
l 6135 6136
l 6135 6137
l 6144 6145
l 6147 6148
l 6147 6149
l 6150 6152
l 6153 6154
l 6153 6155
l 6156 6157
l 6156 6158
l 6159 6160
l 6162 6163
l 6165 6166
l 6168 6169
l 6171 6172
l 6174 6175
l 6174 6176
l 6177 6178
l 6180 6181
l 6180 6182
l 6183 6184
l 6186 6187
l 6186 6188
l 6189 6190
l 6189 6191
l 6192 6193
l 6195 6196
l 6195 6197
l 6198 6199
l 6198 6200
l 6201 6202
l 6201 6203
l 6204 6205
l 6204 6206
l 6207 6208
l 6207 6209
l 6210 6211
l 6210 6212
l 6213 6214
l 6216 6217
l 6219 6220
l 6222 6223
l 6222 6224
l 6225 6226
l 6262 6263
l 6272 6271
l 6278 6277
l 6374 6376
l 6389 6390
l 6387 6388
l 6392 6394
l 6404 6406
l 6407 6409
l 6411 6412
l 6414 6415
l 6416 6418
l 6422 6424
l 6450 6451
l 6455 6457
l 6464 6466
l 6737 6738
l 6770 6771
l 6820 6821
l 6822 6824
l 6883 6884
l 6898 6899
l 6916 6917
l 6919 6920
l 6943 6944
l 6992 6991
l 6995 6994
l 7001 7000
l 7004 7003
l 7007 7006
l 7012 7013
l 7052 7051
l 7062 7063
l 7100 7102
l 7115 7117
l 7118 7120
l 7125 7126
l 7128 7129
l 7140 7141
l 7144 7143
l 7147 7146
l 7150 7148
l 7164 7165
l 7171 7170
l 7174 7173
l 7176 7177
l 7180 7179
l 7214 7215
l 7214 7216
l 7217 7218
l 7217 7219
l 7220 7221
l 7220 7222
l 7223 7224
l 7223 7225
l 7226 7227
l 7226 7228
l 7229 7230
l 7229 7231
l 7232 7233
l 7232 7234
l 7235 7236
l 7235 7237
l 7238 7239
l 7238 7240
l 7241 7242
l 7241 7243
l 7244 7245
l 7244 7246
l 7247 7248
l 7247 7249
l 7250 7251
l 7250 7252
l 7263 7264
l 7263 7265
l 7286 7287
l 7286 7288
l 7289 7290
l 7289 7291
l 7297 7298
l 7297 7299
l 7300 7301
l 7303 7304
l 7303 7305
l 7357 7360
l 7358 7361
l 7429 7430
l 7437 7438
l 7445 7446
l 7453 7454
l 7461 7462
l 7469 7470
l 7477 7478
l 7485 7486
l 7493 7494
l 7501 7502
l 7662 7663
l 7649 7668
l 7742 7743
l 7751 7752
l 7755 7756
l 8163 8164
l 8163 8165
l 8174 8175
l 8174 8176
l 8402 8403
l 8615 8616
l 8615 8617
l 413 446
l 415 447
l 1038 1039
l 1041 1042
l 4 1168
l 1183 1182
l 1186 1185
l 1189 1188
l 1195 1194
l 1596 1597
l 1596 1598
l 1605 1606
l 1605 1607
l 1608 1609
l 1608 1610
l 1611 1613
l 1614 1615
l 1614 1616
l 1617 1618
l 1617 1619
l 1620 1621
l 1623 1624
l 1623 1625
l 1626 1627
l 1629 1630
l 1632 1633
l 1635 1636
l 1635 1637
l 1638 1639
l 1641 1642
l 1641 1643
l 1644 1645
l 1647 1648
l 1647 1649
l 1650 1651
l 1653 1654
l 1656 1657
l 1656 1658
l 1659 1660
l 1659 1661
l 1662 1663
l 1662 1664
l 1665 1666
l 1665 1667
l 1668 1669
l 1668 1670
l 1671 1672
l 1671 1673
l 1674 1675
l 1677 1678
l 1680 1681
l 1683 1684
l 1686 1687
l 1723 1724
l 1727 1726
l 1730 1729
l 1736 1735
l 1739 1738
l 1742 1741
l 1835 1837
l 1850 1851
l 1848 1849
l 1853 1855
l 1865 1867
l 1868 1870
l 1871 1873
l 1875 1876
l 1877 1879
l 1883 1885
l 1911 1912
l 1913 1915
l 1916 1918
l 1923 1924
l 1925 1927
l 2198 2199
l 2231 2232
l 2281 2282
l 2283 2285
l 2332 2333
l 2344 2345
l 2359 2360
l 2377 2378
l 2380 2381
l 2392 2393
l 2395 2396
l 2400 2402
l 2404 2405
l 2447 2446
l 2450 2449
l 2459 2458
l 2462 2461
l 2468 2467
l 2473 2474
l 2513 2512
l 2523 2524
l 2560 2562
l 2575 2577
l 2585 2586
l 2600 2601
l 2604 2603
l 2607 2606
l 2610 2608
l 2624 2625
l 2636 2637
l 2640 2639
l 2674 2675
l 2674 2676
l 2677 2678
l 2677 2679
l 2680 2681
l 2680 2682
l 2683 2684
l 2683 2685
l 2686 2687
l 2686 2688
l 2689 2690
l 2689 2691
l 2692 2693
l 2692 2694
l 2695 2696
l 2695 2697
l 2698 2699
l 2698 2700
l 2701 2702
l 2701 2703
l 2704 2705
l 2704 2706
l 2707 2708
l 2707 2709
l 2710 2711
l 2710 2712
l 2723 2724
l 2723 2725
l 2746 2747
l 2746 2748
l 2749 2750
l 2749 2751
l 2757 2758
l 2757 2759
l 2760 2761
l 2763 2764
l 2763 2765
l 2775 2776
l 3072 3073
l 3083 3085
l 3087 3088
l 3099 3100
l 3114 3115
l 3278 3279
l 3284 3285
l 3290 3291
l 3294 3293
l 3297 3296
l 3441 3442
l 3464 3465
l 3507 3508
l 3515 3516
l 3518 3519
l 3518 3520
l 3521 3523
l 3524 3525
l 3524 3526
l 3527 3528
l 3527 3529
l 3530 3531
l 3533 3534
l 3536 3537
l 3539 3540
l 3542 3543
l 3542 3544
l 3545 3546
l 3545 3547
l 3548 3549
l 3551 3552
l 3551 3553
l 3554 3555
l 3557 3558
l 3557 3559
l 3560 3561
l 3563 3564
l 3566 3567
l 3566 3568
l 3569 3570
l 3569 3571
l 3572 3573
l 3572 3574
l 3575 3576
l 3575 3577
l 3578 3579
l 3578 3580
l 3581 3582
l 3581 3583
l 3584 3585
l 3587 3588
l 3587 3589
l 3590 3591
l 3593 3594
l 3593 3595
l 3596 3597
l 3633 3634
l 3640 3639
l 3643 3642
l 3646 3645
l 3649 3648
l 3652 3651
l 3655 3654
l 3720 3719
l 3746 3747
l 3760 3761
l 3758 3759
l 3764 3765
l 3775 3777
l 3778 3780
l 3782 3783
l 3785 3786
l 3787 3789
l 3793 3795
l 3821 3822
l 3823 3825
l 3826 3828
l 3835 3837
l 4108 4109
l 4141 4142
l 4191 4192
l 4193 4195
l 4224 4225
l 4254 4255
l 4269 4270
l 4284 4285
l 4287 4288
l 4290 4291
l 4302 4303
l 4305 4306
l 4314 4315
l 4369 4368
l 4372 4371
l 4378 4377
l 4383 4384
l 4423 4422
l 4433 4434
l 4437 4436
l 4471 4473
l 4481 4482
l 4486 4488
l 4489 4491
l 4496 4497
l 4511 4512
l 4515 4514
l 4518 4517
l 4521 4519
l 4535 4536
l 4545 4544
l 4547 4548
l 4551 4550
l 4585 4586
l 4585 4587
l 4588 4589
l 4588 4590
l 4591 4592
l 4591 4593
l 4594 4595
l 4594 4596
l 4597 4598
l 4597 4599
l 4600 4601
l 4600 4602
l 4603 4604
l 4603 4605
l 4606 4607
l 4606 4608
l 4609 4610
l 4609 4611
l 4612 4613
l 4612 4614
l 4615 4616
l 4615 4617
l 4618 4619
l 4618 4620
l 4621 4622
l 4621 4623
l 4634 4635
l 4634 4636
l 4657 4658
l 4657 4659
l 4660 4661
l 4660 4662
l 4668 4669
l 4668 4670
l 4671 4672
l 4674 4675
l 4674 4676
l 4686 4687
l 4983 4984
l 4994 4996
l 4998 4999
l 5010 5011
l 5025 5026
l 5177 5178
l 5190 5189
l 5195 5196
l 5201 5202
l 5205 5204
l 5207 5208
l 5339 5340
l 5352 5353
l 5375 5376
l 5418 5419
l 5427 5428
l 5430 5431
l 5430 5432
l 5433 5435
l 5436 5437
l 5436 5438
l 5439 5440
l 5439 5441
l 5442 5443
l 5445 5446
l 5448 5449
l 5451 5452
l 5454 5455
l 5454 5456
l 5457 5458
l 5457 5459
l 5460 5461
l 5463 5464
l 5463 5465
l 5466 5467
l 5469 5470
l 5469 5471
l 5472 5473
l 5472 5474
l 5475 5476
l 5478 5479
l 5478 5480
l 5481 5482
l 5481 5483
l 5484 5485
l 5484 5486
l 5487 5488
l 5487 5489
l 5490 5491
l 5490 5492
l 5493 5494
l 5493 5495
l 5496 5497
l 5496 5498
l 5499 5500
l 5502 5503
l 5505 5506
l 5508 5509
l 5545 5546
l 5549 5548
l 5552 5551
l 5564 5563
l 5567 5566
l 5573 5572
l 5632 5631
l 5658 5659
l 5672 5673
l 5670 5671
l 5676 5677
l 5687 5689
l 5690 5692
l 5694 5695
l 5697 5698
l 5699 5701
l 5705 5707
l 5733 5734
l 5745 5746
l 5747 5749
l 6020 6021
l 6053 6054
l 6103 6104
l 6105 6107
l 6166 6167
l 6172 6173
l 6181 6182
l 6196 6197
l 6199 6200
l 6202 6203
l 6214 6215
l 6217 6218
l 6226 6227
l 6266 6265
l 6269 6268
l 6275 6274
l 6281 6280
l 6284 6283
l 6287 6286
l 6290 6289
l 6295 6296
l 6335 6334
l 6345 6346
l 6349 6348
l 6372 6373
l 6398 6400
l 6401 6403
l 6408 6409
l 6423 6424
l 6427 6426
l 6430 6429
l 6433 6431
l 6447 6448
l 6454 6453
l 6460 6458
l 6463 6462
l 6497 6498
l 6497 6499
l 6500 6501
l 6500 6502
l 6503 6504
l 6503 6505
l 6506 6507
l 6506 6508
l 6509 6510
l 6509 6511
l 6512 6513
l 6512 6514
l 6515 6516
l 6515 6517
l 6518 6519
l 6518 6520
l 6521 6522
l 6521 6523
l 6524 6525
l 6524 6526
l 6527 6528
l 6527 6529
l 6530 6531
l 6530 6532
l 6533 6534
l 6533 6535
l 6546 6547
l 6546 6548
l 6569 6570
l 6569 6571
l 6572 6573
l 6572 6574
l 6580 6581
l 6580 6582
l 6583 6584
l 6586 6587
l 6586 6588
l 6598 6599
l 6880 6881
l 6895 6896
l 6906 6908
l 6910 6911
l 6922 6923
l 7089 7090
l 7102 7101
l 7107 7108
l 7113 7114
l 7117 7116
l 7251 7252
l 7264 7265
l 7287 7288
l 7366 7367
l 7374 7375
l 7382 7383
l 7390 7391
l 7398 7399
l 7406 7407
l 7414 7415
l 7423 7424
l 7511 7512
l 7519 7520
l 7527 7528
l 7535 7536
l 7543 7544
l 7551 7552
l 7559 7560
l 7567 7568
l 7575 7576
l 7583 7584
l 7591 7592
l 7599 7600
l 7607 7608
l 7615 7616
l 7623 7624
l 7631 7632
l 7639 7640
l 7647 7648
l 7907 7908
l 7907 7909
l 7918 7919
l 7918 7920
l 7929 7930
l 7929 7931
l 7940 7941
l 7940 7942
l 7950 7951
l 7961 7962
l 8164 8165
l 8175 8176
l 8381 8382
l 8381 8383
l 8392 8393
l 8392 8394
l 33 34
l 33 35
l 36 37
l 36 38
l 39 40
l 39 41
l 42 43
l 42 44
l 45 46
l 45 47
l 48 49
l 48 50
l 51 52
l 51 53
l 54 55
l 54 56
l 57 58
l 57 59
l 60 61
l 60 62
l 63 64
l 63 65
l 66 67
l 66 68
l 69 70
l 69 71
l 72 73
l 72 74
l 75 76
l 75 77
l 84 85
l 84 86
l 87 88
l 87 89
l 90 91
l 90 92
l 93 94
l 93 95
l 96 97
l 96 98
l 99 100
l 99 101
l 102 103
l 102 104
l 105 106
l 105 107
l 108 109
l 108 110
l 111 112
l 111 113
l 114 115
l 114 116
l 117 118
l 117 119
l 120 121
l 120 122
l 123 124
l 123 125
l 132 133
l 132 134
l 135 136
l 135 137
l 138 139
l 138 140
l 141 142
l 141 143
l 144 145
l 144 146
l 147 148
l 147 149
l 150 151
l 150 152
l 159 160
l 159 161
l 162 163
l 162 164
l 165 166
l 165 167
l 168 169
l 168 170
l 171 172
l 171 173
l 174 175
l 174 176
l 177 178
l 177 179
l 180 181
l 180 182
l 183 184
l 183 185
l 186 187
l 186 188
l 189 190
l 189 191
l 192 193
l 192 194
l 195 196
l 195 197
l 198 199
l 198 200
l 201 202
l 201 203
l 204 205
l 204 206
l 213 214
l 213 215
l 216 217
l 216 218
l 219 220
l 219 221
l 222 223
l 222 224
l 225 226
l 225 227
l 228 229
l 228 230
l 231 232
l 231 233
l 234 235
l 234 236
l 237 238
l 237 239
l 240 241
l 240 242
l 243 244
l 243 245
l 246 247
l 246 248
l 249 250
l 249 251
l 252 253
l 252 254
l 255 256
l 255 257
l 264 265
l 264 266
l 267 268
l 267 269
l 276 277
l 278 279
l 292 293
l 294 295
l 296 297
l 298 299
l 300 301
l 302 303
l 307 308
l 309 310
l 323 324
l 325 326
l 327 328
l 329 330
l 331 332
l 333 334
l 335 336
l 338 339
l 338 340
l 363 364
l 363 365
l 366 367
l 375 376
l 375 377
l 378 379
l 378 380
l 393 394
l 393 395
l 396 397
l 399 400
l 399 401
l 402 403
l 402 404
l 408 409
l 410 411
l 422 423
l 424 425
l 432 433
l 434 435
l 436 437
l 438 439
l 440 441
l 442 443
l 414 445
l 355 449
l 452 453
l 454 455
l 456 457
l 458 459
l 460 461
l 462 463
l 464 465
l 464 466
l 467 468
l 467 469
l 470 471
l 472 473
l 472 474
l 475 476
l 477 478
l 479 480
l 482 483
l 484 485
l 487 488
l 487 489
l 490 491
l 490 492
l 493 494
l 496 497
l 496 498
l 499 500
l 499 501
l 502 503
l 502 504
l 505 506
l 505 507
l 508 509
l 511 512
l 511 513
l 514 515
l 514 516
l 517 518
l 520 521
l 520 522
l 523 524
l 523 525
l 526 527
l 526 528
l 529 530
l 529 531
l 532 533
l 532 534
l 535 536
l 538 539
l 541 542
l 541 543
l 544 545
l 544 546
l 547 548
l 547 549
l 550 551
l 550 552
l 553 554
l 553 555
l 556 557
l 556 558
l 559 560
l 559 561
l 562 563
l 562 564
l 565 566
l 565 567
l 568 569
l 568 570
l 571 572
l 571 573
l 574 575
l 574 576
l 577 578
l 580 581
l 580 582
l 583 584
l 583 585
l 586 587
l 586 588
l 589 590
l 589 591
l 592 593
l 592 594
l 595 596
l 598 599
l 598 600
l 601 602
l 601 603
l 604 605
l 604 606
l 607 608
l 607 609
l 610 611
l 610 612
l 613 614
l 613 615
l 616 617
l 616 618
l 619 620
l 619 621
l 622 623
l 622 624
l 625 626
l 625 627
l 628 629
l 628 630
l 631 632
l 631 633
l 634 635
l 637 638
l 637 639
l 640 641
l 640 642
l 643 644
l 646 647
l 646 648
l 649 650
l 649 651
l 652 653
l 652 654
l 655 656
l 655 657
l 658 659
l 658 660
l 661 662
l 661 663
l 664 665
l 664 666
l 667 668
l 667 669
l 670 671
l 670 672
l 673 674
l 673 675
l 676 677
l 679 680
l 679 681
l 682 683
l 682 684
l 685 686
l 685 687
l 688 689
l 688 690
l 691 692
l 691 693
l 694 695
l 694 696
l 697 698
l 700 701
l 703 704
l 706 707
l 706 708
l 709 710
l 709 711
l 712 713
l 715 716
l 715 717
l 718 719
l 718 720
l 721 722
l 721 723
l 724 725
l 724 726
l 727 728
l 727 729
l 730 731
l 730 732
l 733 734
l 733 735
l 736 737
l 736 738
l 739 740
l 739 741
l 742 743
l 742 744
l 745 746
l 748 749
l 748 750
l 751 752
l 751 753
l 754 755
l 754 756
l 757 758
l 757 759
l 760 761
l 763 764
l 766 767
l 766 768
l 769 770
l 772 773
l 772 774
l 775 776
l 775 777
l 778 779
l 778 780
l 781 782
l 781 783
l 784 785
l 787 788
l 787 789
l 790 791
l 790 792
l 793 794
l 793 795
l 796 797
l 796 798
l 799 800
l 799 801
l 802 803
l 802 804
l 805 806
l 805 807
l 808 809
l 808 810
l 811 812
l 811 813
l 814 815
l 814 816
l 817 818
l 817 819
l 820 821
l 820 822
l 823 824
l 826 827
l 826 828
l 829 830
l 832 833
l 832 834
l 835 836
l 835 837
l 838 839
l 838 840
l 841 842
l 844 845
l 844 846
l 847 848
l 847 849
l 850 851
l 850 852
l 892 893
l 1024 1025
l 1032 1033
l 1046 1047
l 1049 1050
l 1052 1053
l 1066 1067
l 1069 1070
l 1157 1158
l 1280 1281
l 1287 1288
l 1285 1286
l 1299 1300
l 1303 1304
l 1307 1308
l 1311 1312
l 1318 1319
l 1318 1320
l 1361 1362
l 1280 1541
l 1627 1628
l 1633 1634
l 1642 1643
l 1657 1658
l 1660 1661
l 1663 1664
l 1675 1676
l 1678 1679
l 1683 1685
l 1687 1688
l 1733 1732
l 1745 1744
l 1748 1747
l 1751 1750
l 1796 1795
l 1806 1807
l 1810 1809
l 1833 1834
l 1859 1861
l 1869 1870
l 1884 1885
l 1888 1887
l 1891 1890
l 1894 1892
l 1908 1909
l 1920 1921
l 1958 1959
l 1958 1960
l 1961 1962
l 1961 1963
l 1964 1965
l 1964 1966
l 1967 1968
l 1967 1969
l 1970 1971
l 1970 1972
l 1973 1974
l 1973 1975
l 1976 1977
l 1976 1978
l 1979 1980
l 1979 1981
l 1982 1983
l 1982 1984
l 1985 1986
l 1985 1987
l 1988 1989
l 1988 1990
l 1991 1992
l 1991 1993
l 1994 1995
l 1994 1996
l 2007 2008
l 2007 2009
l 2030 2031
l 2030 2032
l 2033 2034
l 2033 2035
l 2041 2042
l 2041 2043
l 2044 2045
l 2047 2048
l 2047 2049
l 2059 2060
l 2323 2324
l 2341 2342
l 2356 2357
l 2367 2369
l 2371 2372
l 2383 2384
l 2398 2399
l 2550 2551
l 2567 2568
l 2573 2574
l 2577 2576
l 2579 2580
l 2612 2613
l 2711 2712
l 2724 2725
l 2747 2748
l 2790 2791
l 2799 2800
l 2799 2801
l 2802 2803
l 2802 2804
l 2805 2807
l 2808 2809
l 2811 2812
l 2811 2813
l 2814 2815
l 2817 2818
l 2820 2821
l 2823 2824
l 2826 2827
l 2829 2830
l 2829 2831
l 2832 2833
l 2835 2836
l 2835 2837
l 2838 2839
l 2841 2842
l 2841 2843
l 2844 2845
l 2847 2848
l 2850 2851
l 2850 2852
l 2853 2854
l 2853 2855
l 2856 2857
l 2856 2858
l 2859 2860
l 2859 2861
l 2862 2863
l 2862 2864
l 2865 2866
l 2865 2867
l 2868 2869
l 2871 2872
l 2874 2875
l 2877 2878
l 2880 2881
l 2917 2918
l 2924 2923
l 2930 2929
l 2933 2932
l 2945 2944
l 3004 3003
l 3030 3031
l 3044 3045
l 3042 3043
l 3048 3049
l 3059 3061
l 3062 3064
l 3066 3067
l 3069 3070
l 3071 3073
l 3077 3079
l 3105 3106
l 3107 3109
l 3110 3112
l 3119 3121
l 3392 3393
l 3425 3426
l 3475 3476
l 3477 3479
l 3537 3538
l 3552 3553
l 3570 3571
l 3573 3574
l 3585 3586
l 3597 3598
l 3637 3636
l 3658 3657
l 3661 3660
l 3666 3667
l 3706 3705
l 3716 3717
l 3769 3771
l 3779 3780
l 3794 3795
l 3798 3797
l 3801 3800
l 3804 3802
l 3818 3819
l 3830 3831
l 3834 3833
l 3868 3869
l 3868 3870
l 3871 3872
l 3871 3873
l 3874 3875
l 3874 3876
l 3877 3878
l 3877 3879
l 3880 3881
l 3880 3882
l 3883 3884
l 3883 3885
l 3886 3887
l 3886 3888
l 3889 3890
l 3889 3891
l 3892 3893
l 3892 3894
l 3895 3896
l 3895 3897
l 3898 3899
l 3898 3900
l 3901 3902
l 3901 3903
l 3904 3905
l 3904 3906
l 3917 3918
l 3917 3919
l 3940 3941
l 3940 3942
l 3943 3944
l 3943 3945
l 3951 3952
l 3951 3953
l 3954 3955
l 3957 3958
l 3957 3959
l 3969 3970
l 4266 4267
l 4278 4279
l 4281 4282
l 4293 4294
l 4308 4309
l 4310 4312
l 4460 4461
l 4478 4479
l 4484 4485
l 4488 4487
l 4635 4636
l 4658 4659
l 4701 4702
l 4710 4711
l 4710 4712
l 4713 4714
l 4713 4715
l 4716 4718
l 4719 4720
l 4722 4723
l 4722 4724
l 4725 4726
l 4728 4729
l 4731 4732
l 4734 4735
l 4737 4738
l 4740 4741
l 4740 4742
l 4743 4744
l 4746 4747
l 4746 4748
l 4749 4750
l 4752 4753
l 4752 4754
l 4755 4756
l 4755 4757
l 4758 4759
l 4761 4762
l 4761 4763
l 4764 4765
l 4764 4766
l 4767 4768
l 4767 4769
l 4770 4771
l 4770 4772
l 4773 4774
l 4773 4775
l 4776 4777
l 4776 4778
l 4779 4780
l 4782 4783
l 4785 4786
l 4788 4789
l 4791 4792
l 4828 4829
l 4832 4831
l 4835 4834
l 4841 4840
l 4844 4843
l 4847 4846
l 4941 4942
l 4955 4956
l 4953 4954
l 4958 4960
l 4970 4972
l 4973 4975
l 4976 4978
l 4980 4981
l 4982 4984
l 4988 4990
l 5016 5017
l 5018 5020
l 5030 5032
l 5303 5304
l 5336 5337
l 5386 5387
l 5388 5390
l 5419 5420
l 5449 5450
l 5464 5465
l 5479 5480
l 5482 5483
l 5485 5486
l 5500 5501
l 5509 5510
l 5555 5554
l 5558 5557
l 5561 5560
l 5570 5569
l 5618 5617
l 5628 5629
l 5681 5683
l 5691 5692
l 5706 5707
l 5710 5709
l 5713 5712
l 5716 5714
l 5730 5731
l 5740 5739
l 5743 5741
l 5780 5781
l 5780 5782
l 5783 5784
l 5783 5785
l 5786 5787
l 5786 5788
l 5789 5790
l 5789 5791
l 5792 5793
l 5792 5794
l 5795 5796
l 5795 5797
l 5798 5799
l 5798 5800
l 5801 5802
l 5801 5803
l 5804 5805
l 5804 5806
l 5807 5808
l 5807 5809
l 5810 5811
l 5810 5812
l 5813 5814
l 5813 5815
l 5816 5817
l 5816 5818
l 5829 5830
l 5829 5831
l 5852 5853
l 5852 5854
l 5855 5856
l 5855 5857
l 5863 5864
l 5863 5865
l 5866 5867
l 5869 5870
l 5869 5871
l 5881 5882
l 6178 6179
l 6190 6191
l 6193 6194
l 6205 6206
l 6220 6221
l 6384 6385
l 6390 6391
l 6396 6397
l 6400 6399
l 6547 6548
l 6570 6571
l 6613 6614
l 6622 6623
l 6625 6626
l 6625 6627
l 6628 6630
l 6631 6632
l 6634 6635
l 6634 6636
l 6637 6638
l 6640 6641
l 6643 6644
l 6646 6647
l 6649 6650
l 6652 6653
l 6652 6654
l 6655 6656
l 6658 6659
l 6658 6660
l 6661 6662
l 6664 6665
l 6664 6666
l 6667 6668
l 6670 6671
l 6673 6674
l 6673 6675
l 6676 6677
l 6676 6678
l 6679 6680
l 6679 6681
l 6682 6683
l 6682 6684
l 6685 6686
l 6685 6687
l 6688 6689
l 6688 6690
l 6691 6692
l 6694 6695
l 6697 6698
l 6697 6699
l 6700 6701
l 6700 6702
l 6703 6704
l 6740 6741
l 6744 6743
l 6747 6746
l 6750 6749
l 6753 6752
l 6759 6758
l 6853 6854
l 6862 6863
l 6867 6868
l 6865 6866
l 6871 6872
l 6882 6884
l 6885 6887
l 6889 6890
l 6892 6893
l 6894 6896
l 6900 6902
l 6928 6929
l 6942 6944
l 7215 7216
l 7248 7249
l 7298 7299
l 7300 7302
l 7356 7357
l 7431 7432
l 7439 7440
l 7447 7448
l 7455 7456
l 7463 7464
l 7471 7472
l 7479 7480
l 7487 7488
l 7495 7496
l 7503 7504
l 7650 7651
l 7656 7657
l 7701 7702
l 7757 7758
l 7908 7909
l 7930 7931
l 8121 8122
l 8132 8133
l 8132 8134
l 8143 8144
l 8143 8145
l 8154 8155
l 8154 8156
l 8382 8383
l 8393 8394
l 8595 8596
l 8595 8597
l 8606 8607
l 8606 8608
l 8616 8617
l 8620 8622
l 8623 8625
l 8626 8627
l 8629 8631
l 8632 8634
l 8635 8637
l 8638 8639
l 8638 8640
l 8641 8642
l 8644 8645
l 8647 8648
l 8650 8651
l 8650 8652
l 8653 8654
l 8656 8658
l 8659 8661
l 8662 8663
l 8665 8667
l 8668 8670
l 8671 8673
l 8674 8676
l 8677 8678
l 8677 8679
l 1296 1295
l 1379 1378
l 1639 1640
l 1648 1649
l 1650 1652
l 1654 1655
l 1666 1667
l 1681 1682
l 1846 1845
l 1851 1852
l 1857 1858
l 1861 1860
l 1863 1864
l 1896 1897
l 2008 2009
l 2031 2032
l 2074 2075
l 2083 2084
l 2083 2085
l 2086 2087
l 2086 2088
l 2089 2091
l 2092 2093
l 2092 2094
l 2095 2096
l 2095 2097
l 2098 2099
l 2101 2102
l 2101 2103
l 2104 2105
l 2107 2108
l 2110 2111
l 2113 2114
l 2113 2115
l 2116 2117
l 2119 2120
l 2119 2121
l 2122 2123
l 2125 2126
l 2125 2127
l 2128 2129
l 2131 2132
l 2134 2135
l 2134 2136
l 2137 2138
l 2137 2139
l 2140 2141
l 2140 2142
l 2143 2144
l 2143 2145
l 2146 2147
l 2146 2148
l 2149 2150
l 2149 2151
l 2152 2153
l 2152 2154
l 2155 2156
l 2158 2159
l 2158 2160
l 2161 2162
l 2164 2165
l 2201 2202
l 2205 2204
l 2208 2207
l 2211 2210
l 2214 2213
l 2217 2216
l 2223 2222
l 2288 2287
l 2314 2315
l 2328 2329
l 2326 2327
l 2331 2333
l 2343 2345
l 2346 2348
l 2349 2351
l 2353 2354
l 2355 2357
l 2361 2363
l 2389 2390
l 2391 2393
l 2394 2396
l 2401 2402
l 2403 2405
l 2675 2676
l 2708 2709
l 2758 2759
l 2760 2762
l 2821 2822
l 2836 2837
l 2854 2855
l 2857 2858
l 2869 2870
l 2872 2873
l 2881 2882
l 2921 2920
l 2927 2926
l 2936 2935
l 2939 2938
l 2942 2941
l 2990 2989
l 3000 3001
l 3053 3055
l 3063 3064
l 3078 3079
l 3082 3081
l 3085 3084
l 3088 3086
l 3102 3103
l 3115 3113
l 3118 3117
l 3152 3153
l 3155 3156
l 3155 3157
l 3158 3159
l 3158 3160
l 3161 3162
l 3161 3163
l 3164 3165
l 3164 3166
l 3167 3168
l 3167 3169
l 3170 3171
l 3170 3172
l 3173 3174
l 3173 3175
l 3176 3177
l 3176 3178
l 3179 3180
l 3179 3181
l 3182 3183
l 3182 3184
l 3185 3186
l 3185 3187
l 3188 3189
l 3188 3190
l 3201 3202
l 3201 3203
l 3224 3225
l 3224 3226
l 3227 3228
l 3227 3229
l 3235 3236
l 3235 3237
l 3238 3239
l 3241 3242
l 3241 3243
l 3253 3254
l 3549 3550
l 3560 3562
l 3564 3565
l 3576 3577
l 3591 3592
l 3743 3744
l 3756 3755
l 3761 3762
l 3767 3768
l 3771 3770
l 3774 3773
l 3918 3919
l 3941 3942
l 3984 3985
l 3993 3994
l 3993 3995
l 3996 3997
l 3996 3998
l 3999 4001
l 4002 4003
l 4002 4004
l 4005 4006
l 4005 4007
l 4008 4009
l 4011 4012
l 4011 4013
l 4014 4015
l 4017 4018
l 4020 4021
l 4020 4022
l 4023 4024
l 4023 4025
l 4026 4027
l 4029 4030
l 4029 4031
l 4032 4033
l 4035 4036
l 4035 4037
l 4038 4039
l 4041 4042
l 4044 4045
l 4044 4046
l 4047 4048
l 4047 4049
l 4050 4051
l 4050 4052
l 4053 4054
l 4053 4055
l 4056 4057
l 4056 4058
l 4059 4060
l 4059 4061
l 4062 4063
l 4065 4066
l 4068 4069
l 4071 4072
l 4071 4073
l 4074 4075
l 4111 4112
l 4115 4114
l 4118 4117
l 4121 4120
l 4124 4123
l 4127 4126
l 4130 4129
l 4133 4132
l 4136 4135
l 4198 4197
l 4223 4225
l 4238 4239
l 4236 4237
l 4241 4243
l 4253 4255
l 4256 4258
l 4260 4261
l 4263 4264
l 4265 4267
l 4271 4273
l 4299 4300
l 4301 4303
l 4304 4306
l 4311 4312
l 4313 4315
l 4586 4587
l 4619 4620
l 4669 4670
l 4671 4673
l 4702 4703
l 4720 4721
l 4732 4733
l 4738 4739
l 4747 4748
l 4762 4763
l 4765 4766
l 4768 4769
l 4780 4781
l 4783 4784
l 4788 4790
l 4792 4793
l 4838 4837
l 4850 4849
l 4853 4852
l 4856 4855
l 4861 4862
l 4901 4900
l 4911 4912
l 4915 4914
l 4938 4939
l 4959 4960
l 4964 4966
l 4967 4969
l 4974 4975
l 4977 4978
l 4989 4990
l 4993 4992
l 4996 4995
l 4999 4997
l 5013 5014
l 5023 5022
l 5026 5024
l 5029 5028
l 5063 5064
l 5063 5065
l 5066 5067
l 5066 5068
l 5069 5070
l 5069 5071
l 5072 5073
l 5072 5074
l 5075 5076
l 5075 5077
l 5078 5079
l 5078 5080
l 5081 5082
l 5081 5083
l 5084 5085
l 5084 5086
l 5087 5088
l 5087 5089
l 5090 5091
l 5090 5092
l 5093 5094
l 5093 5095
l 5096 5097
l 5096 5098
l 5099 5100
l 5099 5101
l 5112 5113
l 5112 5114
l 5135 5136
l 5135 5137
l 5138 5139
l 5138 5140
l 5146 5147
l 5146 5148
l 5149 5150
l 5152 5153
l 5152 5154
l 5164 5165
l 5461 5462
l 5473 5474
l 5476 5477
l 5488 5489
l 5503 5504
l 5505 5507
l 5655 5656
l 5668 5667
l 5673 5674
l 5679 5680
l 5683 5682
l 5686 5685
l 5830 5831
l 5853 5854
l 5896 5897
l 5905 5906
l 5905 5907
l 5908 5909
l 5908 5910
l 5911 5913
l 5914 5915
l 5917 5918
l 5917 5919
l 5920 5921
l 5923 5924
l 5923 5925
l 5926 5927
l 5929 5930
l 5932 5933
l 5935 5936
l 5935 5937
l 5938 5939
l 5941 5942
l 5941 5943
l 5944 5945
l 5947 5948
l 5947 5949
l 5950 5951
l 5950 5952
l 5953 5954
l 5956 5957
l 5956 5958
l 5959 5960
l 5959 5961
l 5962 5963
l 5962 5964
l 5965 5966
l 5965 5967
l 5968 5969
l 5968 5970
l 5971 5972
l 5971 5973
l 5974 5975
l 5977 5978
l 5980 5981
l 5983 5984
l 5986 5987
l 6023 6024
l 6030 6029
l 6039 6038
l 6042 6041
l 6045 6044
l 6048 6047
l 6110 6109
l 6136 6137
l 6145 6146
l 6150 6151
l 6148 6149
l 6154 6155
l 6165 6167
l 6168 6170
l 6171 6173
l 6175 6176
l 6177 6179
l 6183 6185
l 6211 6212
l 6213 6215
l 6216 6218
l 6225 6227
l 6498 6499
l 6531 6532
l 6581 6582
l 6583 6585
l 6644 6645
l 6650 6651
l 6659 6660
l 6677 6678
l 6680 6681
l 6692 6693
l 6695 6696
l 6704 6705
l 6756 6755
l 6762 6761
l 6765 6764
l 6768 6767
l 6813 6812
l 6823 6824
l 6827 6826
l 6850 6851
l 6861 6863
l 6876 6878
l 6879 6881
l 6886 6887
l 6901 6902
l 6905 6904
l 6908 6907
l 6911 6909
l 6925 6926
l 6932 6931
l 6935 6934
l 6937 6938
l 6941 6940
l 6975 6976
l 6978 6979
l 6978 6980
l 6981 6982
l 6981 6983
l 6984 6985
l 6984 6986
l 6987 6988
l 6987 6989
l 6990 6991
l 6990 6992
l 6993 6994
l 6993 6995
l 6996 6997
l 6996 6998
l 6999 7000
l 6999 7001
l 7002 7003
l 7002 7004
l 7005 7006
l 7005 7007
l 7008 7009
l 7008 7010
l 7011 7012
l 7011 7013
l 7024 7025
l 7024 7026
l 7047 7048
l 7047 7049
l 7050 7051
l 7050 7052
l 7058 7059
l 7058 7060
l 7061 7062
l 7064 7065
l 7064 7066
l 7076 7077
l 7368 7369
l 7376 7377
l 7384 7385
l 7392 7393
l 7400 7401
l 7408 7409
l 7416 7417
l 7505 7506
l 7513 7514
l 7521 7522
l 7529 7530
l 7537 7538
l 7545 7546
l 7553 7554
l 7561 7562
l 7569 7570
l 7577 7578
l 7585 7586
l 7593 7594
l 7601 7602
l 7609 7610
l 7617 7618
l 7625 7626
l 7633 7634
l 7641 7642
l 7649 7650
l 7919 7920
l 7941 7942
l 7972 7973
l 8121 8123
l 8133 8134
l 8155 8156
l 8339 8340
l 8339 8341
l 8350 8351
l 8350 8352
l 8361 8362
l 8361 8363
l 8372 8373
l 8372 8374
l 8620 8621
l 8623 8624
l 8627 8628
l 8629 8630
l 8642 8643
l 8654 8655
l 8656 8657
l 8659 8660
l 8663 8664
l 8665 8666
l 8681 8682
l 8687 8686
l 412 444
l 353 448
l 485 486
l 518 519
l 644 645
l 704 705
l 761 762
l 1158 1159
l 1164 1163
l 1169 1170
l 1181 1182
l 1184 1185
l 1187 1188
l 1193 1194
l 1199 1200
l 1201 1202
l 1215 1216
l 1217 1218
l 1219 1220
l 1221 1222
l 1223 1224
l 1246 1247
l 1139 1138
l 1148 1147
l 1153 1152
l 1156 1155
l 1167 1165
l 1171 1173
l 1190 1191
l 1298 1297
l 1426 1427
l 1443 1444
l 1443 1445
l 1446 1447
l 1446 1448
l 1449 1450
l 1449 1451
l 1452 1453
l 1452 1454
l 1455 1456
l 1458 1459
l 1461 1462
l 1461 1463
l 1464 1465
l 1464 1466
l 1467 1468
l 1470 1471
l 1470 1472
l 1473 1474
l 1473 1475
l 1476 1477
l 1479 1480
l 1479 1481
l 1482 1483
l 1482 1484
l 1485 1486
l 1488 1489
l 1496 1497
l 1496 1498
l 1499 1500
l 1499 1501
l 1502 1503
l 1505 1506
l 1505 1507
l 1508 1509
l 1508 1510
l 1511 1512
l 1511 1513
l 1514 1515
l 1517 1518
l 1520 1521
l 1523 1524
l 1526 1527
l 1529 1530
l 1532 1533
l 1535 1536
l 1538 1539
l 1597 1598
l 1611 1612
l 1609 1610
l 1615 1616
l 1626 1628
l 1629 1631
l 1632 1634
l 1636 1637
l 1638 1640
l 1644 1646
l 1672 1673
l 1674 1676
l 1677 1679
l 1684 1685
l 1686 1688
l 1959 1960
l 1992 1993
l 2042 2043
l 2044 2046
l 2105 2106
l 2120 2121
l 2135 2136
l 2138 2139
l 2141 2142
l 2156 2157
l 2165 2166
l 2220 2219
l 2226 2225
l 2229 2228
l 2234 2235
l 2274 2273
l 2284 2285
l 2322 2324
l 2337 2339
l 2340 2342
l 2347 2348
l 2350 2351
l 2362 2363
l 2366 2365
l 2369 2368
l 2372 2370
l 2386 2387
l 2399 2397
l 2436 2437
l 2439 2440
l 2439 2441
l 2442 2443
l 2442 2444
l 2445 2446
l 2445 2447
l 2448 2449
l 2448 2450
l 2451 2452
l 2451 2453
l 2454 2455
l 2454 2456
l 2457 2458
l 2457 2459
l 2460 2461
l 2460 2462
l 2463 2464
l 2463 2465
l 2466 2467
l 2466 2468
l 2469 2470
l 2469 2471
l 2472 2473
l 2472 2474
l 2485 2486
l 2485 2487
l 2508 2509
l 2508 2510
l 2511 2512
l 2511 2513
l 2519 2520
l 2519 2521
l 2522 2523
l 2525 2526
l 2525 2527
l 2537 2538
l 2818 2819
l 2833 2834
l 2842 2843
l 2844 2846
l 2848 2849
l 2860 2861
l 2875 2876
l 2877 2879
l 3027 3028
l 3040 3039
l 3045 3046
l 3051 3052
l 3055 3054
l 3057 3058
l 3153 3154
l 3189 3190
l 3202 3203
l 3225 3226
l 3268 3269
l 3268 3270
l 3277 3278
l 3277 3279
l 3280 3281
l 3280 3282
l 3283 3285
l 3286 3287
l 3286 3288
l 3289 3290
l 3289 3291
l 3292 3293
l 3295 3296
l 3295 3297
l 3298 3299
l 3301 3302
l 3304 3305
l 3304 3306
l 3307 3308
l 3307 3309
l 3310 3311
l 3313 3314
l 3313 3315
l 3316 3317
l 3319 3320
l 3319 3321
l 3322 3323
l 3325 3326
l 3328 3329
l 3328 3330
l 3331 3332
l 3331 3333
l 3334 3335
l 3334 3336
l 3337 3338
l 3337 3339
l 3340 3341
l 3340 3342
l 3343 3344
l 3343 3345
l 3346 3347
l 3349 3350
l 3349 3351
l 3352 3353
l 3352 3354
l 3355 3356
l 3358 3359
l 3395 3396
l 3399 3398
l 3408 3407
l 3414 3413
l 3417 3416
l 3420 3419
l 3423 3422
l 3482 3481
l 3507 3509
l 3516 3517
l 3521 3522
l 3519 3520
l 3525 3526
l 3534 3535
l 3536 3538
l 3539 3541
l 3543 3544
l 3546 3547
l 3548 3550
l 3554 3556
l 3582 3583
l 3584 3586
l 3596 3598
l 3869 3870
l 3902 3903
l 3952 3953
l 3954 3956
l 3985 3986
l 4015 4016
l 4030 4031
l 4045 4046
l 4048 4049
l 4051 4052
l 4063 4064
l 4066 4067
l 4075 4076
l 4139 4138
l 4144 4145
l 4184 4183
l 4194 4195
l 4221 4222
l 4242 4243
l 4247 4249
l 4250 4252
l 4257 4258
l 4272 4273
l 4276 4275
l 4282 4280
l 4296 4297
l 4309 4307
l 4346 4347
l 4346 4348
l 4349 4350
l 4349 4351
l 4352 4353
l 4352 4354
l 4355 4356
l 4355 4357
l 4358 4359
l 4358 4360
l 4361 4362
l 4361 4363
l 4364 4365
l 4364 4366
l 4367 4368
l 4367 4369
l 4370 4371
l 4370 4372
l 4373 4374
l 4373 4375
l 4376 4377
l 4376 4378
l 4379 4380
l 4379 4381
l 4382 4383
l 4382 4384
l 4395 4396
l 4395 4397
l 4418 4419
l 4418 4420
l 4421 4422
l 4421 4423
l 4429 4430
l 4429 4431
l 4432 4433
l 4435 4436
l 4435 4437
l 4447 4448
l 4729 4730
l 4744 4745
l 4756 4757
l 4759 4760
l 4771 4772
l 4786 4787
l 4951 4950
l 4956 4957
l 4962 4963
l 4966 4965
l 4969 4968
l 5113 5114
l 5136 5137
l 5179 5180
l 5179 5181
l 5188 5189
l 5188 5190
l 5191 5192
l 5191 5193
l 5194 5196
l 5197 5198
l 5197 5199
l 5200 5201
l 5200 5202
l 5203 5204
l 5206 5207
l 5206 5208
l 5209 5210
l 5212 5213
l 5215 5216
l 5215 5217
l 5218 5219
l 5218 5220
l 5221 5222
l 5224 5225
l 5224 5226
l 5227 5228
l 5230 5231
l 5230 5232
l 5233 5234
l 5236 5237
l 5239 5240
l 5239 5241
l 5242 5243
l 5242 5244
l 5245 5246
l 5245 5247
l 5248 5249
l 5248 5250
l 5251 5252
l 5251 5253
l 5254 5255
l 5254 5256
l 5257 5258
l 5260 5261
l 5260 5262
l 5263 5264
l 5263 5265
l 5266 5267
l 5266 5268
l 5269 5270
l 5306 5307
l 5313 5312
l 5316 5315
l 5322 5321
l 5325 5324
l 5328 5327
l 5331 5330
l 5334 5333
l 5393 5392
l 5418 5420
l 5428 5429
l 5433 5434
l 5431 5432
l 5437 5438
l 5446 5447
l 5448 5450
l 5451 5453
l 5455 5456
l 5458 5459
l 5460 5462
l 5466 5468
l 5494 5495
l 5499 5501
l 5506 5507
l 5508 5510
l 5781 5782
l 5814 5815
l 5864 5865
l 5866 5868
l 5915 5916
l 5927 5928
l 5933 5934
l 5942 5943
l 5957 5958
l 5960 5961
l 5963 5964
l 5975 5976
l 5978 5979
l 5987 5988
l 6027 6026
l 6033 6032
l 6036 6035
l 6051 6050
l 6056 6057
l 6096 6095
l 6106 6107
l 6144 6146
l 6159 6161
l 6162 6164
l 6169 6170
l 6184 6185
l 6188 6187
l 6194 6192
l 6208 6209
l 6221 6219
l 6224 6223
l 6258 6259
l 6258 6260
l 6261 6262
l 6261 6263
l 6264 6265
l 6264 6266
l 6267 6268
l 6267 6269
l 6270 6271
l 6270 6272
l 6273 6274
l 6273 6275
l 6276 6277
l 6276 6278
l 6279 6280
l 6279 6281
l 6282 6283
l 6282 6284
l 6285 6286
l 6285 6287
l 6288 6289
l 6288 6290
l 6291 6292
l 6291 6293
l 6294 6295
l 6294 6296
l 6307 6308
l 6307 6309
l 6330 6331
l 6330 6332
l 6333 6334
l 6333 6335
l 6341 6342
l 6341 6343
l 6344 6345
l 6347 6348
l 6347 6349
l 6359 6360
l 6656 6657
l 6667 6669
l 6671 6672
l 6683 6684
l 6868 6869
l 6874 6875
l 6878 6877
l 6913 6914
l 6976 6977
l 7025 7026
l 7048 7049
l 7091 7092
l 7091 7093
l 7100 7101
l 7103 7104
l 7103 7105
l 7106 7108
l 7109 7110
l 7109 7111
l 7112 7113
l 7112 7114
l 7115 7116
l 7118 7119
l 7121 7122
l 7124 7125
l 7127 7128
l 7130 7131
l 7130 7132
l 7133 7134
l 7136 7137
l 7136 7138
l 7139 7140
l 7142 7143
l 7142 7144
l 7145 7146
l 7148 7149
l 7151 7152
l 7151 7153
l 7154 7155
l 7154 7156
l 7157 7158
l 7157 7159
l 7160 7161
l 7160 7162
l 7163 7164
l 7163 7165
l 7166 7167
l 7166 7168
l 7169 7170
l 7169 7171
l 7172 7173
l 7172 7174
l 7175 7176
l 7175 7177
l 7178 7179
l 7178 7180
l 7181 7182
l 7218 7219
l 7237 7236
l 7240 7239
l 7246 7245
l 7305 7304
l 7360 7356
l 7362 7363
l 7423 7422
l 7425 7426
l 7433 7434
l 7441 7442
l 7449 7450
l 7457 7458
l 7465 7466
l 7473 7474
l 7481 7482
l 7489 7490
l 7497 7498
l 7654 7655
l 7655 7656
l 7659 7660
l 7660 7661
l 7661 7662
l 7665 7666
l 7667 7668
l 7744 7745
l 7746 7747
l 7746 7748
l 7749 7750
l 7753 7754
l 8122 8123
l 8144 8145
l 8189 8190
l 8351 8352
l 8373 8374
l 8553 8554
l 8553 8555
l 8564 8565
l 8564 8566
l 8575 8576
l 8575 8577
l 8586 8587
l 8586 8588
l 8596 8597
l 8607 8608
l 8645 8646
l 8648 8649
l 8681 8683
l 336 337
l 367 368
l 578 579
l 596 597
l 677 678
l 764 765
l 785 786
l 830 831
l 842 843
l 5 1168
l 1139 1137
l 1148 1146
l 1153 1151
l 1167 1166
l 1518 1519
l 1521 1522
l 1524 1525
l 1527 1528
l 1532 1534
l 1536 1537
l 1538 1540
l 1594 1595
l 1620 1622
l 1630 1631
l 1645 1646
l 1652 1651
l 1655 1653
l 1669 1670
l 1682 1680
l 1719 1720
l 1719 1721
l 1722 1723
l 1722 1724
l 1725 1726
l 1725 1727
l 1728 1729
l 1728 1730
l 1731 1732
l 1731 1733
l 1734 1735
l 1734 1736
l 1737 1738
l 1737 1739
l 1740 1741
l 1740 1742
l 1743 1744
l 1743 1745
l 1746 1747
l 1746 1748
l 1749 1750
l 1749 1751
l 1752 1753
l 1752 1754
l 1755 1756
l 1755 1757
l 1768 1769
l 1768 1770
l 1791 1792
l 1791 1793
l 1794 1795
l 1794 1796
l 1802 1803
l 1802 1804
l 1805 1806
l 1808 1809
l 1808 1810
l 1820 1821
l 2117 2118
l 2128 2130
l 2132 2133
l 2144 2145
l 2161 2163
l 2311 2312
l 2329 2330
l 2335 2336
l 2339 2338
l 2374 2375
l 2437 2438
l 2486 2487
l 2509 2510
l 2552 2553
l 2552 2554
l 2560 2561
l 2563 2564
l 2563 2565
l 2566 2568
l 2569 2570
l 2572 2573
l 2572 2574
l 2575 2576
l 2578 2579
l 2578 2580
l 2581 2582
l 2584 2585
l 2587 2588
l 2590 2591
l 2590 2592
l 2593 2594
l 2596 2597
l 2596 2598
l 2599 2600
l 2602 2603
l 2602 2604
l 2605 2606
l 2608 2609
l 2611 2612
l 2611 2613
l 2614 2615
l 2614 2616
l 2617 2618
l 2617 2619
l 2620 2621
l 2620 2622
l 2623 2624
l 2623 2625
l 2626 2627
l 2626 2628
l 2629 2630
l 2632 2633
l 2635 2636
l 2635 2637
l 2638 2639
l 2638 2640
l 2641 2642
l 2678 2679
l 2691 2690
l 2697 2696
l 2790 2792
l 2805 2806
l 2803 2804
l 2808 2810
l 2820 2822
l 2823 2825
l 2826 2828
l 2830 2831
l 2832 2834
l 2838 2840
l 2866 2867
l 2868 2870
l 2871 2873
l 2878 2879
l 2880 2882
l 3152 3154
l 3186 3187
l 3236 3237
l 3238 3240
l 3299 3300
l 3314 3315
l 3329 3330
l 3332 3333
l 3335 3336
l 3347 3348
l 3355 3357
l 3359 3360
l 3402 3401
l 3405 3404
l 3411 3410
l 3428 3429
l 3468 3467
l 3478 3479
l 3508 3509
l 3515 3517
l 3530 3532
l 3533 3535
l 3540 3541
l 3555 3556
l 3559 3558
l 3562 3561
l 3565 3563
l 3579 3580
l 3589 3588
l 3592 3590
l 3595 3594
l 3629 3630
l 3629 3631
l 3632 3633
l 3632 3634
l 3635 3636
l 3635 3637
l 3638 3639
l 3638 3640
l 3641 3642
l 3641 3643
l 3644 3645
l 3644 3646
l 3647 3648
l 3647 3649
l 3650 3651
l 3650 3652
l 3653 3654
l 3653 3655
l 3656 3657
l 3656 3658
l 3659 3660
l 3659 3661
l 3662 3663
l 3662 3664
l 3665 3666
l 3665 3667
l 3678 3679
l 3678 3680
l 3701 3702
l 3701 3703
l 3704 3705
l 3704 3706
l 3712 3713
l 3712 3714
l 3715 3716
l 3718 3719
l 3718 3720
l 3730 3731
l 4027 4028
l 4038 4040
l 4042 4043
l 4054 4055
l 4069 4070
l 4233 4234
l 4239 4240
l 4245 4246
l 4249 4248
l 4252 4251
l 4396 4397
l 4419 4420
l 4462 4463
l 4471 4472
l 4474 4475
l 4474 4476
l 4477 4479
l 4480 4481
l 4483 4484
l 4483 4485
l 4486 4487
l 4489 4490
l 4492 4493
l 4495 4496
l 4498 4499
l 4501 4502
l 4501 4503
l 4504 4505
l 4507 4508
l 4507 4509
l 4510 4511
l 4513 4514
l 4513 4515
l 4516 4517
l 4519 4520
l 4522 4523
l 4522 4524
l 4525 4526
l 4525 4527
l 4528 4529
l 4528 4530
l 4531 4532
l 4531 4533
l 4534 4535
l 4534 4536
l 4537 4538
l 4537 4539
l 4540 4541
l 4543 4544
l 4543 4545
l 4546 4547
l 4546 4548
l 4549 4550
l 4549 4551
l 4552 4553
l 4589 4590
l 4593 4592
l 4608 4607
l 4701 4703
l 4716 4717
l 4714 4715
l 4719 4721
l 4731 4733
l 4734 4736
l 4737 4739
l 4741 4742
l 4743 4745
l 4749 4751
l 4777 4778
l 4779 4781
l 4782 4784
l 4789 4790
l 4791 4793
l 5064 5065
l 5097 5098
l 5147 5148
l 5149 5151
l 5210 5211
l 5225 5226
l 5240 5241
l 5243 5244
l 5246 5247
l 5258 5259
l 5270 5271
l 5310 5309
l 5319 5318
l 5379 5378
l 5389 5390
l 5416 5417
l 5427 5429
l 5442 5444
l 5445 5447
l 5452 5453
l 5467 5468
l 5471 5470
l 5477 5475
l 5491 5492
l 5498 5497
l 5504 5502
l 5541 5542
l 5544 5545
l 5544 5546
l 5547 5548
l 5547 5549
l 5550 5551
l 5550 5552
l 5553 5554
l 5553 5555
l 5556 5557
l 5556 5558
l 5559 5560
l 5559 5561
l 5562 5563
l 5562 5564
l 5565 5566
l 5565 5567
l 5568 5569
l 5568 5570
l 5571 5572
l 5571 5573
l 5574 5575
l 5574 5576
l 5577 5578
l 5577 5579
l 5590 5591
l 5590 5592
l 5613 5614
l 5613 5615
l 5616 5617
l 5616 5618
l 5624 5625
l 5624 5626
l 5627 5628
l 5630 5631
l 5630 5632
l 5642 5643
l 5939 5940
l 5951 5952
l 5954 5955
l 5966 5967
l 5981 5982
l 5983 5985
l 6133 6134
l 6151 6152
l 6157 6158
l 6161 6160
l 6164 6163
l 6308 6309
l 6331 6332
l 6374 6375
l 6383 6384
l 6383 6385
l 6386 6387
l 6386 6388
l 6389 6391
l 6392 6393
l 6395 6396
l 6395 6397
l 6398 6399
l 6401 6402
l 6404 6405
l 6407 6408
l 6410 6411
l 6410 6412
l 6413 6414
l 6413 6415
l 6416 6417
l 6419 6420
l 6419 6421
l 6422 6423
l 6425 6426
l 6425 6427
l 6428 6429
l 6431 6432
l 6434 6435
l 6434 6436
l 6437 6438
l 6437 6439
l 6440 6441
l 6440 6442
l 6443 6444
l 6443 6445
l 6446 6447
l 6446 6448
l 6449 6450
l 6449 6451
l 6452 6453
l 6452 6454
l 6455 6456
l 6458 6459
l 6461 6462
l 6461 6463
l 6464 6465
l 6501 6502
l 6505 6504
l 6511 6510
l 6517 6516
l 6523 6522
l 6588 6587
l 6613 6615
l 6628 6629
l 6626 6627
l 6631 6633
l 6643 6645
l 6646 6648
l 6649 6651
l 6653 6654
l 6655 6657
l 6661 6663
l 6689 6690
l 6691 6693
l 6694 6696
l 6703 6705
l 6975 6977
l 7009 7010
l 7059 7060
l 7061 7063
l 7122 7123
l 7137 7138
l 7152 7153
l 7155 7156
l 7158 7159
l 7182 7183
l 7222 7221
l 7225 7224
l 7228 7227
l 7231 7230
l 7234 7233
l 7243 7242
l 7291 7290
l 7301 7302
l 7370 7371
l 7378 7379
l 7386 7387
l 7394 7395
l 7402 7403
l 7410 7411
l 7418 7419
l 7507 7508
l 7515 7516
l 7523 7524
l 7531 7532
l 7539 7540
l 7547 7548
l 7555 7556
l 7563 7564
l 7571 7572
l 7579 7580
l 7587 7588
l 7595 7596
l 7603 7604
l 7611 7612
l 7619 7620
l 7627 7628
l 7635 7636
l 7643 7644
l 7969 7970
l 7969 7971
l 8340 8341
l 8362 8363
l 8404 8405
l 8554 8555
l 8576 8577
l 8626 8628
l 8632 8633
l 8635 8636
l 8639 8640
l 8641 8643
l 8662 8664
l 8668 8669
l 8671 8672
l 8674 8675
l 8678 8679
l 35 34
l 41 40
l 44 43
l 50 49
l 56 55
l 59 58
l 62 61
l 65 64
l 68 67
l 77 76
l 98 97
l 110 109
l 113 112
l 116 115
l 119 118
l 125 124
l 134 133
l 140 139
l 143 142
l 152 151
l 161 160
l 164 163
l 167 166
l 176 175
l 179 178
l 182 181
l 188 187
l 191 190
l 200 199
l 206 205
l 218 217
l 221 220
l 227 226
l 230 229
l 236 235
l 245 244
l 335 337
l 366 368
l 396 398
l 479 481
l 484 486
l 493 495
l 508 510
l 517 519
l 535 537
l 538 540
l 577 579
l 595 597
l 634 636
l 643 645
l 676 678
l 697 699
l 700 702
l 703 705
l 712 714
l 745 747
l 760 762
l 763 765
l 769 771
l 784 786
l 823 825
l 829 831
l 841 843
l 862 863
l 864 865
l 909 910
l 911 912
l 932 933
l 934 935
l 1176 1177
l 1282 1283
l 1282 1284
l 1284 1283
l 1301 1302
l 1305 1306
l 1309 1310
l 1313 1314
l 1328 1327
l 1342 1341
l 1447 1448
l 1450 1451
l 1453 1454
l 1455 1457
l 1458 1460
l 1462 1463
l 1465 1466
l 1467 1469
l 1471 1472
l 1474 1475
l 1476 1478
l 1480 1481
l 1483 1484
l 1485 1487
l 1488 1490
l 1497 1498
l 1500 1501
l 1502 1504
l 1506 1507
l 1509 1510
l 1512 1513
l 1514 1516
l 1523 1525
l 1529 1531
l 1533 1534
l 1539 1540
l 1607 1606
l 1612 1613
l 1618 1619
l 1622 1621
l 1625 1624
l 1756 1757
l 1769 1770
l 1792 1793
l 1835 1836
l 1844 1845
l 1844 1846
l 1847 1848
l 1847 1849
l 1850 1852
l 1853 1854
l 1856 1857
l 1856 1858
l 1859 1860
l 1862 1863
l 1862 1864
l 1865 1866
l 1868 1869
l 1871 1872
l 1874 1875
l 1874 1876
l 1877 1878
l 1880 1881
l 1880 1882
l 1883 1884
l 1886 1887
l 1886 1888
l 1889 1890
l 1892 1893
l 1895 1896
l 1895 1897
l 1898 1899
l 1898 1900
l 1901 1902
l 1901 1903
l 1904 1905
l 1904 1906
l 1907 1908
l 1907 1909
l 1910 1911
l 1910 1912
l 1913 1914
l 1916 1917
l 1919 1920
l 1919 1921
l 1922 1923
l 1925 1926
l 1962 1963
l 1966 1965
l 1981 1980
l 1987 1986
l 1990 1989
l 2049 2048
l 2074 2076
l 2089 2090
l 2087 2088
l 2093 2094
l 2104 2106
l 2107 2109
l 2110 2112
l 2114 2115
l 2116 2118
l 2122 2124
l 2150 2151
l 2155 2157
l 2162 2163
l 2164 2166
l 2436 2438
l 2470 2471
l 2520 2521
l 2522 2524
l 2570 2571
l 2582 2583
l 2588 2589
l 2597 2598
l 2615 2616
l 2618 2619
l 2630 2631
l 2633 2634
l 2642 2643
l 2682 2681
l 2685 2684
l 2688 2687
l 2694 2693
l 2700 2699
l 2703 2702
l 2706 2705
l 2751 2750
l 2761 2762
l 2765 2764
l 2788 2789
l 2791 2792
l 2809 2810
l 2814 2816
l 2817 2819
l 2824 2825
l 2827 2828
l 2839 2840
l 2846 2845
l 2849 2847
l 2863 2864
l 2876 2874
l 2913 2914
l 2916 2917
l 2916 2918
l 2919 2920
l 2919 2921
l 2922 2923
l 2922 2924
l 2925 2926
l 2925 2927
l 2928 2929
l 2928 2930
l 2931 2932
l 2931 2933
l 2934 2935
l 2934 2936
l 2937 2938
l 2937 2939
l 2940 2941
l 2940 2942
l 2943 2944
l 2943 2945
l 2946 2947
l 2946 2948
l 2949 2950
l 2949 2951
l 2962 2963
l 2962 2964
l 2985 2986
l 2985 2987
l 2988 2989
l 2988 2990
l 2996 2997
l 2996 2998
l 2999 3000
l 3002 3003
l 3002 3004
l 3014 3015
l 3311 3312
l 3322 3324
l 3326 3327
l 3338 3339
l 3505 3506
l 3522 3523
l 3528 3529
l 3532 3531
l 3567 3568
l 3679 3680
l 3702 3703
l 3745 3746
l 3745 3747
l 3754 3755
l 3754 3756
l 3757 3758
l 3757 3759
l 3760 3762
l 3763 3764
l 3763 3765
l 3766 3767
l 3766 3768
l 3769 3770
l 3772 3773
l 3772 3774
l 3775 3776
l 3778 3779
l 3781 3782
l 3781 3783
l 3784 3785
l 3784 3786
l 3787 3788
l 3790 3791
l 3790 3792
l 3793 3794
l 3796 3797
l 3796 3798
l 3799 3800
l 3802 3803
l 3805 3806
l 3805 3807
l 3808 3809
l 3808 3810
l 3811 3812
l 3811 3813
l 3814 3815
l 3814 3816
l 3817 3818
l 3817 3819
l 3820 3821
l 3820 3822
l 3823 3824
l 3826 3827
l 3829 3830
l 3829 3831
l 3832 3833
l 3832 3834
l 3835 3836
l 3872 3873
l 3882 3881
l 3894 3893
l 3900 3899
l 3984 3986
l 3999 4000
l 3997 3998
l 4003 4004
l 4014 4016
l 4017 4019
l 4021 4022
l 4024 4025
l 4026 4028
l 4032 4034
l 4060 4061
l 4062 4064
l 4065 4067
l 4074 4076
l 4347 4348
l 4380 4381
l 4430 4431
l 4432 4434
l 4463 4464
l 4493 4494
l 4499 4500
l 4508 4509
l 4523 4524
l 4526 4527
l 4529 4530
l 4541 4542
l 4553 4554
l 4596 4595
l 4599 4598
l 4602 4601
l 4605 4604
l 4611 4610
l 4614 4613
l 4617 4616
l 4622 4623
l 4662 4661
l 4672 4673
l 4676 4675
l 4725 4727
l 4728 4730
l 4735 4736
l 4750 4751
l 4754 4753
l 4760 4758
l 4774 4775
l 4787 4785
l 4824 4825
l 4827 4828
l 4827 4829
l 4830 4831
l 4830 4832
l 4833 4834
l 4833 4835
l 4836 4837
l 4836 4838
l 4839 4840
l 4839 4841
l 4842 4843
l 4842 4844
l 4845 4846
l 4845 4847
l 4848 4849
l 4848 4850
l 4851 4852
l 4851 4853
l 4854 4855
l 4854 4856
l 4857 4858
l 4857 4859
l 4860 4861
l 4860 4862
l 4873 4874
l 4873 4875
l 4896 4897
l 4896 4898
l 4899 4900
l 4899 4901
l 4907 4908
l 4907 4909
l 4910 4911
l 4913 4914
l 4913 4915
l 4925 4926
l 5222 5223
l 5233 5235
l 5237 5238
l 5249 5250
l 5434 5435
l 5440 5441
l 5444 5443
l 5542 5543
l 5578 5579
l 5591 5592
l 5614 5615
l 5657 5658
l 5657 5659
l 5666 5667
l 5666 5668
l 5669 5670
l 5669 5671
l 5672 5674
l 5675 5676
l 5675 5677
l 5678 5679
l 5678 5680
l 5681 5682
l 5684 5685
l 5684 5686
l 5687 5688
l 5690 5691
l 5693 5694
l 5693 5695
l 5696 5697
l 5696 5698
l 5699 5700
l 5702 5703
l 5702 5704
l 5705 5706
l 5708 5709
l 5708 5710
l 5711 5712
l 5714 5715
l 5717 5718
l 5717 5719
l 5720 5721
l 5720 5722
l 5723 5724
l 5723 5725
l 5726 5727
l 5726 5728
l 5729 5730
l 5729 5731
l 5732 5733
l 5732 5734
l 5735 5736
l 5738 5739
l 5738 5740
l 5741 5742
l 5744 5745
l 5747 5748
l 5784 5785
l 5788 5787
l 5794 5793
l 5806 5805
l 5809 5808
l 5896 5898
l 5911 5912
l 5909 5910
l 5914 5916
l 5926 5928
l 5929 5931
l 5932 5934
l 5936 5937
l 5938 5940
l 5944 5946
l 5972 5973
l 5974 5976
l 5977 5979
l 5984 5985
l 5986 5988
l 6259 6260
l 6292 6293
l 6342 6343
l 6344 6346
l 6375 6376
l 6393 6394
l 6405 6406
l 6420 6421
l 6435 6436
l 6438 6439
l 6441 6442
l 6456 6457
l 6465 6466
l 6508 6507
l 6514 6513
l 6520 6519
l 6526 6525
l 6529 6528
l 6534 6535
l 6574 6573
l 6584 6585
l 6611 6612
l 6614 6615
l 6622 6624
l 6632 6633
l 6637 6639
l 6640 6642
l 6647 6648
l 6662 6663
l 6666 6665
l 6669 6668
l 6672 6670
l 6686 6687
l 6698 6699
l 6702 6701
l 6736 6737
l 6736 6738
l 6739 6740
l 6739 6741
l 6742 6743
l 6742 6744
l 6745 6746
l 6745 6747
l 6748 6749
l 6748 6750
l 6751 6752
l 6751 6753
l 6754 6755
l 6754 6756
l 6757 6758
l 6757 6759
l 6760 6761
l 6760 6762
l 6763 6764
l 6763 6765
l 6766 6767
l 6766 6768
l 6769 6770
l 6769 6771
l 6772 6773
l 6772 6774
l 6785 6786
l 6785 6787
l 6808 6809
l 6808 6810
l 6811 6812
l 6811 6813
l 6819 6820
l 6819 6821
l 6822 6823
l 6825 6826
l 6825 6827
l 6837 6838
l 7134 7135
l 7145 7147
l 7149 7150
l 7161 7162
l 7427 7428
l 7435 7436
l 7443 7444
l 7451 7452
l 7459 7460
l 7467 7468
l 7475 7476
l 7483 7484
l 7491 7492
l 7499 7500
l 7651 7652
l 7652 7653
l 7653 7654
l 7657 7658
l 7658 7659
l 7666 7667
l 7703 7705
l 8183 8184
l 8183 8185
l 8565 8566
l 8587 8588
l 8621 8622
l 8624 8625
l 8630 8631
l 8633 8634
l 8636 8637
l 8651 8652
l 8655 8653
l 8657 8658
l 8660 8661
l 8666 8667
l 8669 8670
l 8672 8673
l 8675 8676
l 38 37
l 47 46
l 53 52
l 71 70
l 74 73
l 86 85
l 89 88
l 92 91
l 95 94
l 101 100
l 104 103
l 107 106
l 122 121
l 137 136
l 146 145
l 149 148
l 170 169
l 173 172
l 185 184
l 194 193
l 197 196
l 203 202
l 215 214
l 224 223
l 233 232
l 239 238
l 242 241
l 248 247
l 251 250
l 254 253
l 257 256
l 266 265
l 269 268
l 339 340
l 364 365
l 376 377
l 379 380
l 394 395
l 398 397
l 401 400
l 403 404
l 354 450
l 356 451
l 465 466
l 469 468
l 473 474
l 481 480
l 489 488
l 492 491
l 495 494
l 498 497
l 500 501
l 504 503
l 507 506
l 510 509
l 513 512
l 515 516
l 522 521
l 525 524
l 528 527
l 531 530
l 534 533
l 537 536
l 540 539
l 543 542
l 545 546
l 549 548
l 551 552
l 555 554
l 558 557
l 561 560
l 563 564
l 566 567
l 570 569
l 572 573
l 576 575
l 581 582
l 585 584
l 588 587
l 591 590
l 593 594
l 600 599
l 603 602
l 606 605
l 608 609
l 612 611
l 615 614
l 617 618
l 620 621
l 623 624
l 627 626
l 629 630
l 633 632
l 636 635
l 638 639
l 642 641
l 648 647
l 651 650
l 654 653
l 657 656
l 660 659
l 662 663
l 665 666
l 668 669
l 672 671
l 675 674
l 681 680
l 683 684
l 686 687
l 690 689
l 693 692
l 696 695
l 699 698
l 702 701
l 707 708
l 711 710
l 714 713
l 717 716
l 720 719
l 722 723
l 726 725
l 729 728
l 731 732
l 734 735
l 738 737
l 741 740
l 743 744
l 747 746
l 749 750
l 752 753
l 755 756
l 758 759
l 767 768
l 771 770
l 774 773
l 777 776
l 779 780
l 782 783
l 789 788
l 792 791
l 795 794
l 798 797
l 801 800
l 804 803
l 807 806
l 810 809
l 813 812
l 816 815
l 819 818
l 822 821
l 825 824
l 827 828
l 834 833
l 837 836
l 840 839
l 845 846
l 848 849
l 852 851
l 1150 1149
l 1171 1172
l 1190 1192
l 1320 1319
l 1363 1364
l 1377 1378
l 1377 1379
l 1302 1425
l 1444 1445
l 1517 1519
l 1520 1522
l 1526 1528
l 1535 1537
l 1281 1541
l 1720 1721
l 1753 1754
l 1803 1804
l 1805 1807
l 1836 1837
l 1854 1855
l 1866 1867
l 1872 1873
l 1881 1882
l 1899 1900
l 1902 1903
l 1914 1915
l 1917 1918
l 1922 1924
l 1926 1927
l 1969 1968
l 1972 1971
l 1975 1974
l 1978 1977
l 1984 1983
l 1995 1996
l 2035 2034
l 2045 2046
l 2072 2073
l 2075 2076
l 2098 2100
l 2108 2109
l 2111 2112
l 2123 2124
l 2127 2126
l 2130 2129
l 2133 2131
l 2147 2148
l 2154 2153
l 2159 2160
l 2197 2198
l 2197 2199
l 2200 2201
l 2200 2202
l 2203 2204
l 2203 2205
l 2206 2207
l 2206 2208
l 2209 2210
l 2209 2211
l 2212 2213
l 2212 2214
l 2215 2216
l 2215 2217
l 2218 2219
l 2218 2220
l 2221 2222
l 2221 2223
l 2224 2225
l 2224 2226
l 2227 2228
l 2227 2229
l 2230 2231
l 2230 2232
l 2233 2234
l 2233 2235
l 2246 2247
l 2246 2248
l 2269 2270
l 2269 2271
l 2272 2273
l 2272 2274
l 2280 2281
l 2280 2282
l 2283 2284
l 2286 2287
l 2286 2288
l 2298 2299
l 2594 2595
l 2605 2607
l 2609 2610
l 2621 2622
l 2800 2801
l 2806 2807
l 2812 2813
l 2816 2815
l 2851 2852
l 2914 2915
l 2950 2951
l 2963 2964
l 2986 2987
l 3029 3030
l 3029 3031
l 3038 3039
l 3038 3040
l 3041 3042
l 3041 3043
l 3044 3046
l 3047 3048
l 3047 3049
l 3050 3051
l 3050 3052
l 3053 3054
l 3056 3057
l 3056 3058
l 3059 3060
l 3062 3063
l 3065 3066
l 3065 3067
l 3068 3069
l 3068 3070
l 3071 3072
l 3074 3075
l 3074 3076
l 3077 3078
l 3080 3081
l 3080 3082
l 3083 3084
l 3086 3087
l 3089 3090
l 3089 3091
l 3092 3093
l 3092 3094
l 3095 3096
l 3095 3097
l 3098 3099
l 3098 3100
l 3101 3102
l 3101 3103
l 3104 3105
l 3104 3106
l 3107 3108
l 3110 3111
l 3113 3114
l 3116 3117
l 3116 3118
l 3119 3120
l 3156 3157
l 3160 3159
l 3163 3162
l 3175 3174
l 3178 3177
l 3181 3180
l 3184 3183
l 3243 3242
l 3269 3270
l 3283 3284
l 3281 3282
l 3287 3288
l 3298 3300
l 3301 3303
l 3305 3306
l 3308 3309
l 3310 3312
l 3316 3318
l 3344 3345
l 3346 3348
l 3356 3357
l 3358 3360
l 3630 3631
l 3663 3664
l 3713 3714
l 3715 3717
l 3776 3777
l 3791 3792
l 3806 3807
l 3809 3810
l 3812 3813
l 3824 3825
l 3827 3828
l 3836 3837
l 3876 3875
l 3879 3878
l 3885 3884
l 3888 3887
l 3891 3890
l 3897 3896
l 3905 3906
l 3945 3944
l 3955 3956
l 3959 3958
l 4008 4010
l 4018 4019
l 4033 4034
l 4037 4036
l 4040 4039
l 4043 4041
l 4057 4058
l 4070 4068
l 4073 4072
l 4107 4108
l 4107 4109
l 4110 4111
l 4110 4112
l 4113 4114
l 4113 4115
l 4116 4117
l 4116 4118
l 4119 4120
l 4119 4121
l 4122 4123
l 4122 4124
l 4125 4126
l 4125 4127
l 4128 4129
l 4128 4130
l 4131 4132
l 4131 4133
l 4134 4135
l 4134 4136
l 4137 4138
l 4137 4139
l 4140 4141
l 4140 4142
l 4143 4144
l 4143 4145
l 4156 4157
l 4156 4158
l 4179 4180
l 4179 4181
l 4182 4183
l 4182 4184
l 4190 4191
l 4190 4192
l 4193 4194
l 4196 4197
l 4196 4198
l 4208 4209
l 4472 4473
l 4490 4491
l 4505 4506
l 4516 4518
l 4520 4521
l 4532 4533
l 4699 4700
l 4711 4712
l 4717 4718
l 4723 4724
l 4727 4726
l 4825 4826
l 4874 4875
l 4897 4898
l 4940 4941
l 4940 4942
l 4949 4950
l 4949 4951
l 4952 4953
l 4952 4954
l 4955 4957
l 4958 4959
l 4961 4962
l 4961 4963
l 4964 4965
l 4967 4968
l 4970 4971
l 4973 4974
l 4976 4977
l 4979 4980
l 4979 4981
l 4982 4983
l 4985 4986
l 4985 4987
l 4988 4989
l 4991 4992
l 4991 4993
l 4994 4995
l 4997 4998
l 5000 5001
l 5000 5002
l 5003 5004
l 5003 5005
l 5006 5007
l 5006 5008
l 5009 5010
l 5009 5011
l 5012 5013
l 5012 5014
l 5015 5016
l 5015 5017
l 5018 5019
l 5021 5022
l 5021 5023
l 5024 5025
l 5027 5028
l 5027 5029
l 5030 5031
l 5067 5068
l 5071 5070
l 5074 5073
l 5080 5079
l 5083 5082
l 5086 5085
l 5089 5088
l 5095 5094
l 5180 5181
l 5194 5195
l 5192 5193
l 5198 5199
l 5209 5211
l 5212 5214
l 5216 5217
l 5219 5220
l 5221 5223
l 5227 5229
l 5255 5256
l 5257 5259
l 5269 5271
l 5541 5543
l 5575 5576
l 5625 5626
l 5627 5629
l 5688 5689
l 5703 5704
l 5718 5719
l 5721 5722
l 5724 5725
l 5736 5737
l 5744 5746
l 5748 5749
l 5791 5790
l 5797 5796
l 5800 5799
l 5803 5802
l 5812 5811
l 5817 5818
l 5857 5856
l 5867 5868
l 5871 5870
l 5897 5898
l 5920 5922
l 5930 5931
l 5945 5946
l 5949 5948
l 5955 5953
l 5969 5970
l 5982 5980
l 6019 6020
l 6019 6021
l 6022 6023
l 6022 6024
l 6025 6026
l 6025 6027
l 6028 6029
l 6028 6030
l 6031 6032
l 6031 6033
l 6034 6035
l 6034 6036
l 6037 6038
l 6037 6039
l 6040 6041
l 6040 6042
l 6043 6044
l 6043 6045
l 6046 6047
l 6046 6048
l 6049 6050
l 6049 6051
l 6052 6053
l 6052 6054
l 6055 6056
l 6055 6057
l 6068 6069
l 6068 6070
l 6091 6092
l 6091 6093
l 6094 6095
l 6094 6096
l 6102 6103
l 6102 6104
l 6105 6106
l 6108 6109
l 6108 6110
l 6120 6121
l 6402 6403
l 6417 6418
l 6428 6430
l 6432 6433
l 6444 6445
l 6459 6460
l 6624 6623
l 6629 6630
l 6635 6636
l 6639 6638
l 6642 6641
l 6674 6675
l 6773 6774
l 6786 6787
l 6809 6810
l 6852 6853
l 6852 6854
l 6861 6862
l 6864 6865
l 6864 6866
l 6867 6869
l 6870 6871
l 6870 6872
l 6873 6874
l 6873 6875
l 6876 6877
l 6879 6880
l 6882 6883
l 6885 6886
l 6888 6889
l 6888 6890
l 6891 6892
l 6891 6893
l 6894 6895
l 6897 6898
l 6897 6899
l 6900 6901
l 6903 6904
l 6903 6905
l 6906 6907
l 6909 6910
l 6912 6913
l 6912 6914
l 6915 6916
l 6915 6917
l 6918 6919
l 6918 6920
l 6921 6922
l 6921 6923
l 6924 6925
l 6924 6926
l 6927 6928
l 6927 6929
l 6930 6931
l 6930 6932
l 6933 6934
l 6933 6935
l 6936 6937
l 6936 6938
l 6939 6940
l 6939 6941
l 6942 6943
l 6979 6980
l 6983 6982
l 6986 6985
l 6989 6988
l 6998 6997
l 7066 7065
l 7092 7093
l 7106 7107
l 7104 7105
l 7110 7111
l 7119 7120
l 7121 7123
l 7124 7126
l 7127 7129
l 7131 7132
l 7133 7135
l 7139 7141
l 7167 7168
l 7181 7183
l 7364 7365
l 7372 7373
l 7380 7381
l 7388 7389
l 7396 7397
l 7404 7405
l 7412 7413
l 7420 7421
l 7509 7510
l 7517 7518
l 7525 7526
l 7533 7534
l 7541 7542
l 7549 7550
l 7557 7558
l 7565 7566
l 7573 7574
l 7581 7582
l 7589 7590
l 7597 7598
l 7605 7606
l 7613 7614
l 7621 7622
l 7629 7630
l 7637 7638
l 7645 7646
l 7747 7748
l 7949 7950
l 7949 7951
l 7960 7961
l 7960 7962
l 7970 7971
l 8184 8185
l 8401 8402
l 8401 8403
l 8646 8644
l 8649 8647
l 8683 8682
